run,algo,step,bin,checkpoint_global_step,critic_checksum,first_layer_sum,n_surv,n_fail,Q_surv,Q_fail,Delta,span,Delta_hat,d_surv,d_fail,d_ratio
aw-cql-seed2,cql,1000,0,1000,d59e0349c7d58e72,-7.240501404,237311,68413,30.0751,18.8739,11.2012,66.5166,0.1684,1.0745,1.3702,1.2752
aw-cql-seed2,cql,1000,2,1000,d59e0349c7d58e72,-7.240501404,168808,33814,25.0438,16.9201,8.1237,66.5166,0.12213,1.1172,1.2367,1.1069
aw-cql-seed2,cql,1000,4,1000,d59e0349c7d58e72,-7.240501404,35214,133999,-14.4874,5.2892,-19.7766,66.5166,-0.29732,1.193,1.205,1.0101
aw-cql-seed2,cql,1000,5,1000,d59e0349c7d58e72,-7.240501404,40938,30344,-5.2862,-0.0204,-5.2657,66.5166,-0.07916,1.3211,1.4284,1.0812
aw-cql-seed2,cql,1000,6,1000,d59e0349c7d58e72,-7.240501404,51996,11915,3.2358,-1.1641,4.3999,66.5166,0.06615,1.3099,1.4678,1.1205
aw-cql-seed2,cql,1000,7,1000,d59e0349c7d58e72,-7.240501404,64933,19513,0.7362,0.1273,0.6089,66.5166,0.00915,1.2522,1.3525,1.0801
aw-cql-seed2,cql,1000,11,1000,d59e0349c7d58e72,-7.240501404,76763,39227,7.1192,4.4211,2.6981,66.5166,0.04056,1.2635,1.3257,1.0492
aw-cql-seed2,cql,1000,12,1000,d59e0349c7d58e72,-7.240501404,33583,82841,-2.2437,6.1141,-8.3578,66.5166,-0.12565,1.2263,1.2629,1.0298
aw-cql-seed2,cql,1000,13,1000,d59e0349c7d58e72,-7.240501404,29838,52509,-23.0125,-1.1321,-21.8805,66.5166,-0.32895,1.2733,1.3362,1.0494
aw-cql-seed2,cql,1000,14,1000,d59e0349c7d58e72,-7.240501404,36307,14110,-17.3131,-9.0984,-8.2148,66.5166,-0.1235,1.3657,1.5646,1.1457
aw-cql-seed2,cql,2000,0,2000,83bfd9f0cc049205,-22.728504181,237311,68413,50.6874,23.8937,26.7936,60.9361,0.4397,0.9542,1.3358,1.4
aw-cql-seed2,cql,2000,2,2000,83bfd9f0cc049205,-22.728504181,168808,33814,40.7712,20.1648,20.6064,60.9361,0.33816,1.0305,1.1982,1.1627
aw-cql-seed2,cql,2000,4,2000,83bfd9f0cc049205,-22.728504181,35214,133999,35.9222,11.7614,24.1608,60.9361,0.39649,1.1319,1.2347,1.0908
aw-cql-seed2,cql,2000,5,2000,83bfd9f0cc049205,-22.728504181,40938,30344,29.3575,4.9406,24.4169,60.9361,0.4007,1.1873,1.3855,1.1669
aw-cql-seed2,cql,2000,6,2000,83bfd9f0cc049205,-22.728504181,51996,11915,23.4448,10.8682,12.5766,60.9361,0.20639,1.1901,1.4485,1.2171
aw-cql-seed2,cql,2000,7,2000,83bfd9f0cc049205,-22.728504181,64933,19513,24.1882,14.511,9.6772,60.9361,0.15881,1.1787,1.369,1.1614
aw-cql-seed2,cql,2000,11,2000,83bfd9f0cc049205,-22.728504181,76763,39227,28.1112,16.49,11.6212,60.9361,0.19071,1.2063,1.3217,1.0956
aw-cql-seed2,cql,2000,12,2000,83bfd9f0cc049205,-22.728504181,33583,82841,30.5091,17.5288,12.9804,60.9361,0.21302,1.1762,1.2685,1.0785
aw-cql-seed2,cql,2000,13,2000,83bfd9f0cc049205,-22.728504181,29838,52509,33.7172,6.5529,27.1643,60.9361,0.44578,1.183,1.295,1.0946
aw-cql-seed2,cql,2000,14,2000,83bfd9f0cc049205,-22.728504181,36307,14110,30.8034,4.5226,26.2808,60.9361,0.43128,1.2386,1.4919,1.2045
aw-cql-seed2,cql,3000,0,3000,7d96cd9d586a1e72,-57.000350952,237311,68413,56.4657,22.88,33.5858,68.9049,0.48742,0.9135,1.3558,1.4841
aw-cql-seed2,cql,3000,2,3000,7d96cd9d586a1e72,-57.000350952,168808,33814,46.6609,18.495,28.1659,68.9049,0.40876,0.9714,1.1674,1.2018
aw-cql-seed2,cql,3000,4,3000,7d96cd9d586a1e72,-57.000350952,35214,133999,46.9763,13.2485,33.7279,68.9049,0.48948,1.0498,1.1745,1.1188
aw-cql-seed2,cql,3000,5,3000,7d96cd9d586a1e72,-57.000350952,40938,30344,46.9776,6.9401,40.0375,68.9049,0.58105,1.1294,1.3511,1.1962
aw-cql-seed2,cql,3000,6,3000,7d96cd9d586a1e72,-57.000350952,51996,11915,45.662,17.9819,27.6801,68.9049,0.40171,1.1238,1.4177,1.2615
aw-cql-seed2,cql,3000,7,3000,7d96cd9d586a1e72,-57.000350952,64933,19513,41.1109,21.2577,19.8532,68.9049,0.28812,1.0895,1.3398,1.2297
aw-cql-seed2,cql,3000,11,3000,7d96cd9d586a1e72,-57.000350952,76763,39227,36.1711,17.1569,19.0141,68.9049,0.27595,1.1339,1.2787,1.1277
aw-cql-seed2,cql,3000,12,3000,7d96cd9d586a1e72,-57.000350952,33583,82841,39.2382,18.2841,20.9541,68.9049,0.3041,1.1044,1.2357,1.1189
aw-cql-seed2,cql,3000,13,3000,7d96cd9d586a1e72,-57.000350952,29838,52509,46.2502,8.6173,37.6329,68.9049,0.54616,1.094,1.2534,1.1457
aw-cql-seed2,cql,3000,14,3000,7d96cd9d586a1e72,-57.000350952,36307,14110,45.6103,8.3634,37.247,68.9049,0.54056,1.1488,1.4816,1.2897
aw-cql-seed2,cql,4000,0,4000,cc338b31dbab06b2,-83.415771484,237311,68413,60.9731,22.2618,38.7113,76.4402,0.50643,0.8938,1.3457,1.5056
aw-cql-seed2,cql,4000,2,4000,cc338b31dbab06b2,-83.415771484,168808,33814,46.8198,14.2848,32.535,76.4402,0.42563,0.9478,1.1641,1.2282
aw-cql-seed2,cql,4000,4,4000,cc338b31dbab06b2,-83.415771484,35214,133999,44.7741,8.0624,36.7117,76.4402,0.48027,0.9722,1.0805,1.1113
aw-cql-seed2,cql,4000,5,4000,cc338b31dbab06b2,-83.415771484,40938,30344,43.111,3.038,40.073,76.4402,0.52424,1.0497,1.2504,1.1912
aw-cql-seed2,cql,4000,6,4000,cc338b31dbab06b2,-83.415771484,51996,11915,36.6967,7.635,29.0617,76.4402,0.38019,1.0422,1.3343,1.2803
aw-cql-seed2,cql,4000,7,4000,cc338b31dbab06b2,-83.415771484,64933,19513,34.4564,14.6937,19.7627,76.4402,0.25854,1.009,1.2589,1.2477
aw-cql-seed2,cql,4000,11,4000,cc338b31dbab06b2,-83.415771484,76763,39227,30.9147,10.7552,20.1594,76.4402,0.26373,1.0551,1.1888,1.1268
aw-cql-seed2,cql,4000,12,4000,cc338b31dbab06b2,-83.415771484,33583,82841,35.7823,14.1284,21.6539,76.4402,0.28328,1.0205,1.1382,1.1153
aw-cql-seed2,cql,4000,13,4000,cc338b31dbab06b2,-83.415771484,29838,52509,42.8965,4.6411,38.2554,76.4402,0.50046,1.018,1.1743,1.1535
aw-cql-seed2,cql,4000,14,4000,cc338b31dbab06b2,-83.415771484,36307,14110,41.8846,5.3719,36.5128,76.4402,0.47766,1.0658,1.3821,1.2967
aw-cql-seed2,cql,5000,0,5000,4ecac4c3df0dcb9a,-116.391326904,237311,68413,67.5577,25.1349,42.4228,92.1064,0.46058,0.8766,1.3615,1.5531
aw-cql-seed2,cql,5000,2,5000,4ecac4c3df0dcb9a,-116.391326904,168808,33814,49.9522,15.725,34.2272,92.1064,0.3716,0.9246,1.157,1.2514
aw-cql-seed2,cql,5000,4,5000,4ecac4c3df0dcb9a,-116.391326904,35214,133999,48.8179,9.5943,39.2236,92.1064,0.42585,0.9876,1.0801,1.0936
aw-cql-seed2,cql,5000,5,5000,4ecac4c3df0dcb9a,-116.391326904,40938,30344,44.9318,3.0208,41.9109,92.1064,0.45503,1.0649,1.2469,1.1709
aw-cql-seed2,cql,5000,6,5000,4ecac4c3df0dcb9a,-116.391326904,51996,11915,37.2033,8.7816,28.4217,92.1064,0.30857,1.0564,1.3439,1.2722
aw-cql-seed2,cql,5000,7,5000,4ecac4c3df0dcb9a,-116.391326904,64933,19513,35.1286,14.1706,20.958,92.1064,0.22754,0.9939,1.2387,1.2463
aw-cql-seed2,cql,5000,11,5000,4ecac4c3df0dcb9a,-116.391326904,76763,39227,34.7095,12.6149,22.0946,92.1064,0.23988,1.0327,1.1691,1.1321
aw-cql-seed2,cql,5000,12,5000,4ecac4c3df0dcb9a,-116.391326904,33583,82841,40.1452,16.9759,23.1692,92.1064,0.25155,1.0115,1.1101,1.0975
aw-cql-seed2,cql,5000,13,5000,4ecac4c3df0dcb9a,-116.391326904,29838,52509,47.0888,5.8731,41.2156,92.1064,0.44748,1.0245,1.1659,1.1381
aw-cql-seed2,cql,5000,14,5000,4ecac4c3df0dcb9a,-116.391326904,36307,14110,46.9462,7.973,38.9731,92.1064,0.42313,1.0807,1.4024,1.2977
aw-cql-seed2,cql,6000,0,6000,a667b380414e722c,-132.629150391,237311,68413,74.9762,30.5526,44.4236,96.6035,0.45985,0.8647,1.3677,1.5817
aw-cql-seed2,cql,6000,2,6000,a667b380414e722c,-132.629150391,168808,33814,54.5695,18.2128,36.3567,96.6035,0.37635,0.9191,1.1572,1.259
aw-cql-seed2,cql,6000,4,6000,a667b380414e722c,-132.629150391,35214,133999,47.9239,9.1997,38.7242,96.6035,0.40086,0.9531,1.057,1.1091
aw-cql-seed2,cql,6000,5,6000,a667b380414e722c,-132.629150391,40938,30344,45.7847,3.1919,42.5928,96.6035,0.4409,1.0177,1.2189,1.1977
aw-cql-seed2,cql,6000,6,6000,a667b380414e722c,-132.629150391,51996,11915,40.5009,10.642,29.8589,96.6035,0.30909,1.0148,1.3146,1.2954
aw-cql-seed2,cql,6000,7,6000,a667b380414e722c,-132.629150391,64933,19513,37.8785,15.946,21.9325,96.6035,0.22704,0.9645,1.2182,1.263
aw-cql-seed2,cql,6000,11,6000,a667b380414e722c,-132.629150391,76763,39227,35.82,12.834,22.986,96.6035,0.23794,0.9992,1.1364,1.1374
aw-cql-seed2,cql,6000,12,6000,a667b380414e722c,-132.629150391,33583,82841,39.3242,15.4333,23.8908,96.6035,0.24731,0.9851,1.0921,1.1086
aw-cql-seed2,cql,6000,13,6000,a667b380414e722c,-132.629150391,29838,52509,46.1553,5.3398,40.8155,96.6035,0.42251,0.9821,1.1273,1.1478
aw-cql-seed2,cql,6000,14,6000,a667b380414e722c,-132.629150391,36307,14110,46.9267,7.6941,39.2326,96.6035,0.40612,1.0393,1.3798,1.3276
aw-cql-seed2,cql,7000,0,7000,57f95d2845836fb0,-154.981124878,237311,68413,78.1737,31.8159,46.3578,102.9143,0.45045,0.8665,1.3768,1.589
aw-cql-seed2,cql,7000,2,7000,57f95d2845836fb0,-154.981124878,168808,33814,53.2611,18.1185,35.1426,102.9143,0.34147,0.9144,1.1572,1.2656
aw-cql-seed2,cql,7000,4,7000,57f95d2845836fb0,-154.981124878,35214,133999,48.2428,8.0545,40.1883,102.9143,0.3905,0.9269,1.0353,1.117
aw-cql-seed2,cql,7000,5,7000,57f95d2845836fb0,-154.981124878,40938,30344,46.7028,2.649,44.0538,102.9143,0.42806,0.9899,1.2055,1.2179
aw-cql-seed2,cql,7000,6,7000,57f95d2845836fb0,-154.981124878,51996,11915,41.6287,11.1267,30.502,102.9143,0.29638,0.9919,1.271,1.2814
aw-cql-seed2,cql,7000,7,7000,57f95d2845836fb0,-154.981124878,64933,19513,39.2133,17.2403,21.973,102.9143,0.21351,0.957,1.2285,1.2837
aw-cql-seed2,cql,7000,11,7000,57f95d2845836fb0,-154.981124878,76763,39227,36.4575,12.6697,23.7878,102.9143,0.23114,1.0013,1.144,1.1424
aw-cql-seed2,cql,7000,12,7000,57f95d2845836fb0,-154.981124878,33583,82841,39.9002,15.5447,24.3556,102.9143,0.23666,0.9768,1.0868,1.1126
aw-cql-seed2,cql,7000,13,7000,57f95d2845836fb0,-154.981124878,29838,52509,47.2315,5.5782,41.6532,102.9143,0.40474,0.9609,1.118,1.1635
aw-cql-seed2,cql,7000,14,7000,57f95d2845836fb0,-154.981124878,36307,14110,47.9442,7.8386,40.1057,102.9143,0.3897,1.0132,1.3329,1.3155
aw-cql-seed2,cql,8000,0,8000,b03ff94b84099e57,-169.343551636,237311,68413,79.4562,34.0146,45.4415,103.8616,0.43752,0.8614,1.3845,1.6073
aw-cql-seed2,cql,8000,2,8000,b03ff94b84099e57,-169.343551636,168808,33814,53.4761,18.9351,34.5409,103.8616,0.33257,0.9151,1.1593,1.2669
aw-cql-seed2,cql,8000,4,8000,b03ff94b84099e57,-169.343551636,35214,133999,45.6518,6.763,38.8888,103.8616,0.37443,0.9247,1.0385,1.1231
aw-cql-seed2,cql,8000,5,8000,b03ff94b84099e57,-169.343551636,40938,30344,43.9051,2.37,41.5351,103.8616,0.39991,0.9754,1.1949,1.225
aw-cql-seed2,cql,8000,6,8000,b03ff94b84099e57,-169.343551636,51996,11915,42.081,11.3931,30.6879,103.8616,0.29547,0.9795,1.2697,1.2962
aw-cql-seed2,cql,8000,7,8000,b03ff94b84099e57,-169.343551636,64933,19513,41.5786,19.2271,22.3514,103.8616,0.2152,0.9427,1.2093,1.2828
aw-cql-seed2,cql,8000,11,8000,b03ff94b84099e57,-169.343551636,76763,39227,37.6945,13.908,23.7865,103.8616,0.22902,0.9938,1.1369,1.1439
aw-cql-seed2,cql,8000,12,8000,b03ff94b84099e57,-169.343551636,33583,82841,38.87,14.6012,24.2688,103.8616,0.23366,0.9689,1.0776,1.1122
aw-cql-seed2,cql,8000,13,8000,b03ff94b84099e57,-169.343551636,29838,52509,44.4934,4.8738,39.6195,103.8616,0.38146,0.9556,1.1188,1.1707
aw-cql-seed2,cql,8000,14,8000,b03ff94b84099e57,-169.343551636,36307,14110,46.2634,7.0912,39.1721,103.8616,0.37716,1.0076,1.3427,1.3326
aw-cql-seed2,cql,9000,0,9000,9fabc19b68f499a3,-181.364181519,237311,68413,81.1049,34.3343,46.7706,106.2717,0.4401,0.8613,1.3764,1.5982
aw-cql-seed2,cql,9000,2,9000,9fabc19b68f499a3,-181.364181519,168808,33814,54.0274,19.3944,34.633,106.2717,0.32589,0.9122,1.1591,1.2706
aw-cql-seed2,cql,9000,4,9000,9fabc19b68f499a3,-181.364181519,35214,133999,47.1473,8.1196,39.0277,106.2717,0.36724,0.9143,1.0272,1.1234
aw-cql-seed2,cql,9000,5,9000,9fabc19b68f499a3,-181.364181519,40938,30344,46.5957,2.6379,43.9578,106.2717,0.41364,0.969,1.1863,1.2242
aw-cql-seed2,cql,9000,6,9000,9fabc19b68f499a3,-181.364181519,51996,11915,42.5044,11.0654,31.4391,106.2717,0.29584,0.9799,1.2767,1.3028
aw-cql-seed2,cql,9000,7,9000,9fabc19b68f499a3,-181.364181519,64933,19513,40.4923,17.616,22.8764,106.2717,0.21526,0.943,1.2114,1.2846
aw-cql-seed2,cql,9000,11,9000,9fabc19b68f499a3,-181.364181519,76763,39227,37.4824,14.2397,23.2427,106.2717,0.21871,0.9854,1.1237,1.1403
aw-cql-seed2,cql,9000,12,9000,9fabc19b68f499a3,-181.364181519,33583,82841,38.9653,15.0704,23.895,106.2717,0.22485,0.9669,1.0747,1.1115
aw-cql-seed2,cql,9000,13,9000,9fabc19b68f499a3,-181.364181519,29838,52509,46.7004,5.3314,41.369,106.2717,0.38928,0.9447,1.1106,1.1756
aw-cql-seed2,cql,9000,14,9000,9fabc19b68f499a3,-181.364181519,36307,14110,47.8432,8.2808,39.5623,106.2717,0.37228,0.9948,1.3402,1.3472
aw-cql-seed2,cql,10000,0,10000,d6aa1f56241dac94,-188.524368286,237311,68413,78.0145,32.3536,45.6609,104.0988,0.43863,0.8635,1.392,1.6119
aw-cql-seed2,cql,10000,2,10000,d6aa1f56241dac94,-188.524368286,168808,33814,52.8266,18.3266,34.5,104.0988,0.33142,0.9099,1.161,1.2759
aw-cql-seed2,cql,10000,4,10000,d6aa1f56241dac94,-188.524368286,35214,133999,46.4012,8.055,38.3462,104.0988,0.36836,0.9106,1.0266,1.1274
aw-cql-seed2,cql,10000,5,10000,d6aa1f56241dac94,-188.524368286,40938,30344,46.2783,3.4328,42.8455,104.0988,0.41158,0.9674,1.1782,1.2179
aw-cql-seed2,cql,10000,6,10000,d6aa1f56241dac94,-188.524368286,51996,11915,42.5981,11.504,31.0941,104.0988,0.2987,0.9852,1.2841,1.3034
aw-cql-seed2,cql,10000,7,10000,d6aa1f56241dac94,-188.524368286,64933,19513,40.8734,17.8327,23.0407,104.0988,0.22133,0.9441,1.2061,1.2775
aw-cql-seed2,cql,10000,11,10000,d6aa1f56241dac94,-188.524368286,76763,39227,36.7692,13.1297,23.6395,104.0988,0.22709,0.9893,1.1261,1.1383
aw-cql-seed2,cql,10000,12,10000,d6aa1f56241dac94,-188.524368286,33583,82841,38.9014,15.3344,23.567,104.0988,0.22639,0.9668,1.0729,1.1098
aw-cql-seed2,cql,10000,13,10000,d6aa1f56241dac94,-188.524368286,29838,52509,44.4474,5.6538,38.7935,104.0988,0.37266,0.9442,1.102,1.1671
aw-cql-seed2,cql,10000,14,10000,d6aa1f56241dac94,-188.524368286,36307,14110,47.5607,8.6304,38.9302,104.0988,0.37397,0.9926,1.3149,1.3247
aw-cql-seed2,cql,11000,0,11000,f8f56d184ca3ba45,-191.608825684,237311,68413,77.6741,32.6415,45.0326,103.9601,0.43317,0.8612,1.3956,1.6206
aw-cql-seed2,cql,11000,2,11000,f8f56d184ca3ba45,-191.608825684,168808,33814,51.5862,19.0647,32.5215,103.9601,0.31283,0.9064,1.1602,1.28
aw-cql-seed2,cql,11000,4,11000,f8f56d184ca3ba45,-191.608825684,35214,133999,43.9764,7.165,36.8114,103.9601,0.35409,0.9176,1.027,1.1193
aw-cql-seed2,cql,11000,5,11000,f8f56d184ca3ba45,-191.608825684,40938,30344,46.2275,3.5857,42.6418,103.9601,0.41017,0.9677,1.1808,1.2203
aw-cql-seed2,cql,11000,6,11000,f8f56d184ca3ba45,-191.608825684,51996,11915,42.3403,10.6734,31.667,103.9601,0.30461,0.9681,1.2579,1.2993
aw-cql-seed2,cql,11000,7,11000,f8f56d184ca3ba45,-191.608825684,64933,19513,41.5337,18.5261,23.0076,103.9601,0.22131,0.9459,1.2237,1.2936
aw-cql-seed2,cql,11000,11,11000,f8f56d184ca3ba45,-191.608825684,76763,39227,35.5169,12.8271,22.6897,103.9601,0.21825,0.9937,1.127,1.1341
aw-cql-seed2,cql,11000,12,11000,f8f56d184ca3ba45,-191.608825684,33583,82841,36.4394,13.7327,22.7067,103.9601,0.21842,0.9677,1.0802,1.1162
aw-cql-seed2,cql,11000,13,11000,f8f56d184ca3ba45,-191.608825684,29838,52509,43.9315,5.6106,38.3209,103.9601,0.36861,0.9509,1.1082,1.1655
aw-cql-seed2,cql,11000,14,11000,f8f56d184ca3ba45,-191.608825684,36307,14110,48.7915,8.4607,40.3308,103.9601,0.38794,0.9926,1.3193,1.3292
aw-cql-seed2,cql,12000,0,12000,83e957198439e66e,-197.704528809,237311,68413,76.725,33.3748,43.3501,101.1831,0.42843,0.858,1.3971,1.6283
aw-cql-seed2,cql,12000,2,12000,83e957198439e66e,-197.704528809,168808,33814,51.172,18.8497,32.3223,101.1831,0.31944,0.9064,1.1596,1.2794
aw-cql-seed2,cql,12000,4,12000,83e957198439e66e,-197.704528809,35214,133999,43.1697,6.6972,36.4725,101.1831,0.36046,0.9028,1.0168,1.1262
aw-cql-seed2,cql,12000,5,12000,83e957198439e66e,-197.704528809,40938,30344,42.7162,1.854,40.8622,101.1831,0.40384,0.9572,1.1675,1.2196
aw-cql-seed2,cql,12000,6,12000,83e957198439e66e,-197.704528809,51996,11915,40.6247,9.8716,30.7531,101.1831,0.30393,0.9654,1.2518,1.2966
aw-cql-seed2,cql,12000,7,12000,83e957198439e66e,-197.704528809,64933,19513,39.9639,17.736,22.2279,101.1831,0.21968,0.9337,1.2135,1.2997
aw-cql-seed2,cql,12000,11,12000,83e957198439e66e,-197.704528809,76763,39227,34.1277,12.2361,21.8916,101.1831,0.21636,0.9831,1.1248,1.1441
aw-cql-seed2,cql,12000,12,12000,83e957198439e66e,-197.704528809,33583,82841,35.6277,13.7939,21.8338,101.1831,0.21578,0.9567,1.0686,1.117
aw-cql-seed2,cql,12000,13,12000,83e957198439e66e,-197.704528809,29838,52509,41.6254,4.5259,37.0994,101.1831,0.36666,0.9315,1.0927,1.173
aw-cql-seed2,cql,12000,14,12000,83e957198439e66e,-197.704528809,36307,14110,46.1741,7.631,38.5431,101.1831,0.38092,0.9821,1.2951,1.3187
aw-cql-seed2,cql,13000,0,13000,fc46f22157dd5739,-198.699249268,237311,68413,76.5749,33.1264,43.4485,103.0787,0.42151,0.8552,1.3857,1.6203
aw-cql-seed2,cql,13000,2,13000,fc46f22157dd5739,-198.699249268,168808,33814,49.6638,18.0279,31.6359,103.0787,0.30691,0.8997,1.1405,1.2677
aw-cql-seed2,cql,13000,4,13000,fc46f22157dd5739,-198.699249268,35214,133999,42.7029,6.9162,35.7867,103.0787,0.34718,0.9047,1.0185,1.1258
aw-cql-seed2,cql,13000,5,13000,fc46f22157dd5739,-198.699249268,40938,30344,41.9968,1.4612,40.5356,103.0787,0.39325,0.9587,1.1673,1.2176
aw-cql-seed2,cql,13000,6,13000,fc46f22157dd5739,-198.699249268,51996,11915,41.1929,9.4296,31.7633,103.0787,0.30815,0.9703,1.2642,1.3029
aw-cql-seed2,cql,13000,7,13000,fc46f22157dd5739,-198.699249268,64933,19513,38.3891,16.387,22.0021,103.0787,0.21345,0.9288,1.2027,1.2948
aw-cql-seed2,cql,13000,11,13000,fc46f22157dd5739,-198.699249268,76763,39227,33.9729,11.2939,22.679,103.0787,0.22002,0.9763,1.1179,1.1451
aw-cql-seed2,cql,13000,12,13000,fc46f22157dd5739,-198.699249268,33583,82841,36.0093,13.0362,22.9731,103.0787,0.22287,0.9581,1.0661,1.1127
aw-cql-seed2,cql,13000,13,13000,fc46f22157dd5739,-198.699249268,29838,52509,41.0341,4.3685,36.6656,103.0787,0.35571,0.9285,1.0906,1.1746
aw-cql-seed2,cql,13000,14,13000,fc46f22157dd5739,-198.699249268,36307,14110,45.8925,5.4267,40.4658,103.0787,0.39257,0.9806,1.3051,1.331
aw-cql-seed2,cql,14000,0,14000,60a1a02a714ebd2c,-206.69770813,237311,68413,75.4023,31.539,43.8633,101.0266,0.43418,0.8563,1.391,1.6244
aw-cql-seed2,cql,14000,2,14000,60a1a02a714ebd2c,-206.69770813,168808,33814,49.4162,17.2085,32.2077,101.0266,0.3188,0.9057,1.1517,1.2717
aw-cql-seed2,cql,14000,4,14000,60a1a02a714ebd2c,-206.69770813,35214,133999,42.9334,7.2682,35.6652,101.0266,0.35303,0.9096,1.0198,1.1211
aw-cql-seed2,cql,14000,5,14000,60a1a02a714ebd2c,-206.69770813,40938,30344,42.3894,2.024,40.3654,101.0266,0.39955,0.9594,1.1629,1.2121
aw-cql-seed2,cql,14000,6,14000,60a1a02a714ebd2c,-206.69770813,51996,11915,40.2724,8.3229,31.9495,101.0266,0.31625,0.9638,1.2393,1.2859
aw-cql-seed2,cql,14000,7,14000,60a1a02a714ebd2c,-206.69770813,64933,19513,38.5915,16.8572,21.7344,101.0266,0.21513,0.9264,1.1986,1.2938
aw-cql-seed2,cql,14000,11,14000,60a1a02a714ebd2c,-206.69770813,76763,39227,31.4359,10.4521,20.9838,101.0266,0.20771,0.9771,1.1205,1.1467
aw-cql-seed2,cql,14000,12,14000,60a1a02a714ebd2c,-206.69770813,33583,82841,35.104,12.536,22.568,101.0266,0.22339,0.9596,1.067,1.1119
aw-cql-seed2,cql,14000,13,14000,60a1a02a714ebd2c,-206.69770813,29838,52509,40.7168,4.3437,36.3731,101.0266,0.36004,0.9394,1.0938,1.1643
aw-cql-seed2,cql,14000,14,14000,60a1a02a714ebd2c,-206.69770813,36307,14110,45.4688,5.7226,39.7461,101.0266,0.39342,0.9803,1.2836,1.3094
aw-cql-seed2,cql,15000,0,15000,4b1b7ae886cd4ba7,-208.272506714,237311,68413,74.6632,31.7183,42.9449,98.1462,0.43756,0.8534,1.3934,1.6328
aw-cql-seed2,cql,15000,2,15000,4b1b7ae886cd4ba7,-208.272506714,168808,33814,48.3372,17.6566,30.6806,98.1462,0.3126,0.9027,1.1492,1.273
aw-cql-seed2,cql,15000,4,15000,4b1b7ae886cd4ba7,-208.272506714,35214,133999,39.8951,7.0166,32.8785,98.1462,0.335,0.9046,1.0161,1.1232
aw-cql-seed2,cql,15000,5,15000,4b1b7ae886cd4ba7,-208.272506714,40938,30344,40.9759,2.1152,38.8607,98.1462,0.39595,0.9546,1.1531,1.208
aw-cql-seed2,cql,15000,6,15000,4b1b7ae886cd4ba7,-208.272506714,51996,11915,41.6002,10.8532,30.747,98.1462,0.31328,0.9602,1.2447,1.2963
aw-cql-seed2,cql,15000,7,15000,4b1b7ae886cd4ba7,-208.272506714,64933,19513,38.8812,17.3895,21.4917,98.1462,0.21898,0.9257,1.1926,1.2883
aw-cql-seed2,cql,15000,11,15000,4b1b7ae886cd4ba7,-208.272506714,76763,39227,32.8009,10.9677,21.8331,98.1462,0.22246,0.9747,1.1097,1.1385
aw-cql-seed2,cql,15000,12,15000,4b1b7ae886cd4ba7,-208.272506714,33583,82841,34.6782,13.3032,21.375,98.1462,0.21779,0.9583,1.0656,1.112
aw-cql-seed2,cql,15000,13,15000,4b1b7ae886cd4ba7,-208.272506714,29838,52509,41.7183,5.152,36.5663,98.1462,0.37257,0.9298,1.0864,1.1684
aw-cql-seed2,cql,15000,14,15000,4b1b7ae886cd4ba7,-208.272506714,36307,14110,46.003,6.3958,39.6072,98.1462,0.40355,0.9762,1.2815,1.3128
aw-cql-seed2,cql,16000,0,16000,8629f98c34ddb898,-213.301101685,237311,68413,73.7222,29.8246,43.8977,99.6382,0.44057,0.8528,1.3855,1.6247
aw-cql-seed2,cql,16000,2,16000,8629f98c34ddb898,-213.301101685,168808,33814,48.5895,16.3173,32.2723,99.6382,0.32389,0.9051,1.1402,1.2598
aw-cql-seed2,cql,16000,4,16000,8629f98c34ddb898,-213.301101685,35214,133999,41.8955,6.5343,35.3612,99.6382,0.3549,0.9068,1.0115,1.1154
aw-cql-seed2,cql,16000,5,16000,8629f98c34ddb898,-213.301101685,40938,30344,42.9377,2.1314,40.8063,99.6382,0.40954,0.954,1.1586,1.2145
aw-cql-seed2,cql,16000,6,16000,8629f98c34ddb898,-213.301101685,51996,11915,39.8352,8.4537,31.3815,99.6382,0.31495,0.9656,1.2538,1.2984
aw-cql-seed2,cql,16000,7,16000,8629f98c34ddb898,-213.301101685,64933,19513,37.1792,16.3682,20.811,99.6382,0.20887,0.9272,1.1966,1.2906
aw-cql-seed2,cql,16000,11,16000,8629f98c34ddb898,-213.301101685,76763,39227,32.101,10.1184,21.9826,99.6382,0.22062,0.9792,1.1183,1.142
aw-cql-seed2,cql,16000,12,16000,8629f98c34ddb898,-213.301101685,33583,82841,36.1191,13.6198,22.4993,99.6382,0.22581,0.9599,1.0699,1.1146
aw-cql-seed2,cql,16000,13,16000,8629f98c34ddb898,-213.301101685,29838,52509,42.4705,5.1173,37.3532,99.6382,0.37489,0.9258,1.0854,1.1723
aw-cql-seed2,cql,16000,14,16000,8629f98c34ddb898,-213.301101685,36307,14110,47.5584,7.1368,40.4215,99.6382,0.40568,0.9736,1.2926,1.3277
aw-cql-seed2,cql,17000,0,17000,6dbeda1dc3d9b159,-222.205123901,237311,68413,73.3162,30.0831,43.2331,97.8436,0.44186,0.8535,1.3844,1.622
aw-cql-seed2,cql,17000,2,17000,6dbeda1dc3d9b159,-222.205123901,168808,33814,47.5488,16.5062,31.0425,97.8436,0.31727,0.904,1.1401,1.2612
aw-cql-seed2,cql,17000,4,17000,6dbeda1dc3d9b159,-222.205123901,35214,133999,39.2795,6.297,32.9825,97.8436,0.33709,0.9004,1.0164,1.1288
aw-cql-seed2,cql,17000,5,17000,6dbeda1dc3d9b159,-222.205123901,40938,30344,41.6648,2.1499,39.5149,97.8436,0.40386,0.9521,1.17,1.2289
aw-cql-seed2,cql,17000,6,17000,6dbeda1dc3d9b159,-222.205123901,51996,11915,39.3104,9.3272,29.9831,97.8436,0.30644,0.9609,1.2493,1.3002
aw-cql-seed2,cql,17000,7,17000,6dbeda1dc3d9b159,-222.205123901,64933,19513,36.4114,15.7752,20.6362,97.8436,0.21091,0.9261,1.2037,1.2998
aw-cql-seed2,cql,17000,11,17000,6dbeda1dc3d9b159,-222.205123901,76763,39227,31.3368,9.9446,21.3922,97.8436,0.21864,0.9759,1.1124,1.1399
aw-cql-seed2,cql,17000,12,17000,6dbeda1dc3d9b159,-222.205123901,33583,82841,33.0896,12.4011,20.6885,97.8436,0.21144,0.9558,1.0668,1.1162
aw-cql-seed2,cql,17000,13,17000,6dbeda1dc3d9b159,-222.205123901,29838,52509,39.8816,4.7771,35.1045,97.8436,0.35878,0.9213,1.0941,1.1875
aw-cql-seed2,cql,17000,14,17000,6dbeda1dc3d9b159,-222.205123901,36307,14110,47.2124,6.9366,40.2758,97.8436,0.41163,0.9721,1.3063,1.3437
aw-cql-seed2,cql,18000,0,18000,083e3bab58e5186f,-221.352615356,237311,68413,73.4474,30.6704,42.777,99.1207,0.43156,0.8522,1.3953,1.6373
aw-cql-seed2,cql,18000,2,18000,083e3bab58e5186f,-221.352615356,168808,33814,46.328,16.1809,30.1471,99.1207,0.30415,0.8986,1.1326,1.2603
aw-cql-seed2,cql,18000,4,18000,083e3bab58e5186f,-221.352615356,35214,133999,39.6899,6.2476,33.4423,99.1207,0.33739,0.9003,1.0121,1.1241
aw-cql-seed2,cql,18000,5,18000,083e3bab58e5186f,-221.352615356,40938,30344,40.5556,1.785,38.7706,99.1207,0.39115,0.9495,1.1528,1.2141
aw-cql-seed2,cql,18000,6,18000,083e3bab58e5186f,-221.352615356,51996,11915,40.6154,10.273,30.3424,99.1207,0.30612,0.9586,1.2476,1.3016
aw-cql-seed2,cql,18000,7,18000,083e3bab58e5186f,-221.352615356,64933,19513,36.4343,15.4643,20.9701,99.1207,0.21156,0.9204,1.1896,1.2925
aw-cql-seed2,cql,18000,11,18000,083e3bab58e5186f,-221.352615356,76763,39227,29.9921,9.5368,20.4553,99.1207,0.20637,0.9683,1.0994,1.1355
aw-cql-seed2,cql,18000,12,18000,083e3bab58e5186f,-221.352615356,33583,82841,32.8289,11.7094,21.1196,99.1207,0.21307,0.9484,1.0538,1.1112
aw-cql-seed2,cql,18000,13,18000,083e3bab58e5186f,-221.352615356,29838,52509,41.1343,5.044,36.0903,99.1207,0.3641,0.9199,1.0843,1.1788
aw-cql-seed2,cql,18000,14,18000,083e3bab58e5186f,-221.352615356,36307,14110,46.1104,7.2891,38.8213,99.1207,0.39166,0.9735,1.2975,1.3328
aw-cql-seed2,cql,19000,0,19000,721eae7957b4f146,-224.052062988,237311,68413,73.1599,29.308,43.8519,97.3994,0.45023,0.8542,1.3896,1.6268
aw-cql-seed2,cql,19000,2,19000,721eae7957b4f146,-224.052062988,168808,33814,47.6153,16.6196,30.9956,97.3994,0.31823,0.9082,1.1503,1.2666
aw-cql-seed2,cql,19000,4,19000,721eae7957b4f146,-224.052062988,35214,133999,37.595,5.4872,32.1078,97.3994,0.32965,0.903,1.0125,1.1213
aw-cql-seed2,cql,19000,5,19000,721eae7957b4f146,-224.052062988,40938,30344,39.515,1.8625,37.6525,97.3994,0.38658,0.9572,1.1609,1.2129
aw-cql-seed2,cql,19000,6,19000,721eae7957b4f146,-224.052062988,51996,11915,40.4355,9.5435,30.892,97.3994,0.31717,0.974,1.2706,1.3046
aw-cql-seed2,cql,19000,7,19000,721eae7957b4f146,-224.052062988,64933,19513,35.5455,13.3478,22.1977,97.3994,0.2279,0.9228,1.188,1.2874
aw-cql-seed2,cql,19000,11,19000,721eae7957b4f146,-224.052062988,76763,39227,29.49,9.0597,20.4303,97.3994,0.20976,0.9719,1.1055,1.1375
aw-cql-seed2,cql,19000,12,19000,721eae7957b4f146,-224.052062988,33583,82841,29.4557,10.422,19.0337,97.3994,0.19542,0.95,1.0539,1.1094
aw-cql-seed2,cql,19000,13,19000,721eae7957b4f146,-224.052062988,29838,52509,36.4032,4.4178,31.9854,97.3994,0.32839,0.9248,1.091,1.1797
aw-cql-seed2,cql,19000,14,19000,721eae7957b4f146,-224.052062988,36307,14110,43.8336,6.2814,37.5522,97.3994,0.38555,0.9788,1.3043,1.3325
aw-cql-seed2,cql,20000,0,20000,666c3fc81a5d57be,-223.123962402,237311,68413,71.2981,28.2972,43.0009,95.0307,0.45249,0.8503,1.3747,1.6167
aw-cql-seed2,cql,20000,2,20000,666c3fc81a5d57be,-223.123962402,168808,33814,45.9796,14.9065,31.0731,95.0307,0.32698,0.9005,1.1319,1.2569
aw-cql-seed2,cql,20000,4,20000,666c3fc81a5d57be,-223.123962402,35214,133999,40.2341,6.5808,33.6533,95.0307,0.35413,0.9063,1.0142,1.1189
aw-cql-seed2,cql,20000,5,20000,666c3fc81a5d57be,-223.123962402,40938,30344,42.6363,2.5035,40.1328,95.0307,0.42231,0.9442,1.143,1.2106
aw-cql-seed2,cql,20000,6,20000,666c3fc81a5d57be,-223.123962402,51996,11915,39.0165,9.0692,29.9473,95.0307,0.31513,0.9577,1.2463,1.3013
aw-cql-seed2,cql,20000,7,20000,666c3fc81a5d57be,-223.123962402,64933,19513,36.7818,13.727,23.0548,95.0307,0.2426,0.9301,1.1904,1.2799
aw-cql-seed2,cql,20000,11,20000,666c3fc81a5d57be,-223.123962402,76763,39227,28.2847,8.5466,19.7382,95.0307,0.2077,0.9778,1.1046,1.1296
aw-cql-seed2,cql,20000,12,20000,666c3fc81a5d57be,-223.123962402,33583,82841,30.8583,11.1703,19.688,95.0307,0.20718,0.9572,1.0605,1.1079
aw-cql-seed2,cql,20000,13,20000,666c3fc81a5d57be,-223.123962402,29838,52509,41.0624,5.1997,35.8627,95.0307,0.37738,0.9248,1.0808,1.1688
aw-cql-seed2,cql,20000,14,20000,666c3fc81a5d57be,-223.123962402,36307,14110,47.1424,7.315,39.8274,95.0307,0.4191,0.9703,1.28,1.3192
aw-cql-seed2,cql,21000,0,21000,52a99accd30dc20b,-224.811553955,237311,68413,71.6707,29.1872,42.4835,95.5071,0.44482,0.8528,1.3804,1.6187
aw-cql-seed2,cql,21000,2,21000,52a99accd30dc20b,-224.811553955,168808,33814,46.0896,14.9465,31.1431,95.5071,0.32608,0.9009,1.1312,1.2557
aw-cql-seed2,cql,21000,4,21000,52a99accd30dc20b,-224.811553955,35214,133999,36.7948,4.9746,31.8202,95.5071,0.33317,0.8936,1.0028,1.1222
aw-cql-seed2,cql,21000,5,21000,52a99accd30dc20b,-224.811553955,40938,30344,38.9587,0.9393,38.0193,95.5071,0.39808,0.9392,1.1405,1.2144
aw-cql-seed2,cql,21000,6,21000,52a99accd30dc20b,-224.811553955,51996,11915,37.6584,6.0619,31.5965,95.5071,0.33083,0.9539,1.2405,1.3004
aw-cql-seed2,cql,21000,7,21000,52a99accd30dc20b,-224.811553955,64933,19513,35.6994,13.6397,22.0597,95.5071,0.23097,0.9174,1.1826,1.2891
aw-cql-seed2,cql,21000,11,21000,52a99accd30dc20b,-224.811553955,76763,39227,28.272,8.3081,19.9639,95.5071,0.20903,0.966,1.0979,1.1365
aw-cql-seed2,cql,21000,12,21000,52a99accd30dc20b,-224.811553955,33583,82841,29.2059,9.9196,19.2863,95.5071,0.20194,0.9482,1.0516,1.1091
aw-cql-seed2,cql,21000,13,21000,52a99accd30dc20b,-224.811553955,29838,52509,37.7487,3.7292,34.0196,95.5071,0.3562,0.9158,1.0768,1.1758
aw-cql-seed2,cql,21000,14,21000,52a99accd30dc20b,-224.811553955,36307,14110,45.347,5.263,40.084,95.5071,0.4197,0.9641,1.2744,1.3218
aw-cql-seed2,cql,22000,0,22000,d166905c411ca57e,-228.885650635,237311,68413,70.4332,26.8388,43.5944,95.4963,0.4565,0.852,1.3761,1.6153
aw-cql-seed2,cql,22000,2,22000,d166905c411ca57e,-228.885650635,168808,33814,45.3728,14.5494,30.8234,95.4963,0.32277,0.905,1.1337,1.2527
aw-cql-seed2,cql,22000,4,22000,d166905c411ca57e,-228.885650635,35214,133999,35.038,4.9807,30.0573,95.4963,0.31475,0.8965,1.0029,1.1187
aw-cql-seed2,cql,22000,5,22000,d166905c411ca57e,-228.885650635,40938,30344,35.5349,0.3401,35.1949,95.4963,0.36855,0.9446,1.1373,1.204
aw-cql-seed2,cql,22000,6,22000,d166905c411ca57e,-228.885650635,51996,11915,37.6488,7.2001,30.4487,95.4963,0.31885,0.9597,1.2452,1.2975
aw-cql-seed2,cql,22000,7,22000,d166905c411ca57e,-228.885650635,64933,19513,34.863,13.6354,21.2276,95.4963,0.22229,0.9235,1.1872,1.2856
aw-cql-seed2,cql,22000,11,22000,d166905c411ca57e,-228.885650635,76763,39227,27.6642,7.9855,19.6786,95.4963,0.20607,0.9741,1.1024,1.1317
aw-cql-seed2,cql,22000,12,22000,d166905c411ca57e,-228.885650635,33583,82841,29.8315,9.744,20.0875,95.4963,0.21035,0.9518,1.0547,1.108
aw-cql-seed2,cql,22000,13,22000,d166905c411ca57e,-228.885650635,29838,52509,35.9346,3.799,32.1356,95.4963,0.33651,0.9199,1.0751,1.1687
aw-cql-seed2,cql,22000,14,22000,d166905c411ca57e,-228.885650635,36307,14110,44.4531,5.3663,39.0868,95.4963,0.4093,0.9711,1.2746,1.3125
aw-cql-seed2,cql,23000,0,23000,ea6e36f1b76e895f,-235.349563599,237311,68413,69.2103,27.4119,41.7984,91.7654,0.45549,0.8508,1.377,1.6184
aw-cql-seed2,cql,23000,2,23000,ea6e36f1b76e895f,-235.349563599,168808,33814,43.608,13.7358,29.8721,91.7654,0.32553,0.9011,1.133,1.2573
aw-cql-seed2,cql,23000,4,23000,ea6e36f1b76e895f,-235.349563599,35214,133999,34.2294,5.2134,29.016,91.7654,0.3162,0.8906,1.0042,1.1276
aw-cql-seed2,cql,23000,5,23000,ea6e36f1b76e895f,-235.349563599,40938,30344,36.1148,1.0363,35.0786,91.7654,0.38226,0.9348,1.1361,1.2153
aw-cql-seed2,cql,23000,6,23000,ea6e36f1b76e895f,-235.349563599,51996,11915,35.9254,6.6658,29.2597,91.7654,0.31885,0.9562,1.2327,1.2891
aw-cql-seed2,cql,23000,7,23000,ea6e36f1b76e895f,-235.349563599,64933,19513,34.4602,13.5162,20.944,91.7654,0.22823,0.9205,1.1808,1.2827
aw-cql-seed2,cql,23000,11,23000,ea6e36f1b76e895f,-235.349563599,76763,39227,26.818,7.4566,19.3614,91.7654,0.21099,0.9702,1.1023,1.1362
aw-cql-seed2,cql,23000,12,23000,ea6e36f1b76e895f,-235.349563599,33583,82841,28.0746,9.7408,18.3338,91.7654,0.19979,0.9452,1.0486,1.1094
aw-cql-seed2,cql,23000,13,23000,ea6e36f1b76e895f,-235.349563599,29838,52509,35.7117,3.5882,32.1236,91.7654,0.35006,0.9094,1.0721,1.1789
aw-cql-seed2,cql,23000,14,23000,ea6e36f1b76e895f,-235.349563599,36307,14110,43.7593,4.9415,38.8178,91.7654,0.42301,0.9588,1.271,1.3256
aw-cql-seed2,cql,24000,0,24000,619b160c6caf5b9b,-234.538955688,237311,68413,70.348,28.2007,42.1473,94.2146,0.44735,0.8505,1.3689,1.6095
aw-cql-seed2,cql,24000,2,24000,619b160c6caf5b9b,-234.538955688,168808,33814,44.1558,14.1858,29.97,94.2146,0.3181,0.9066,1.1306,1.2472
aw-cql-seed2,cql,24000,4,24000,619b160c6caf5b9b,-234.538955688,35214,133999,35.6306,5.0733,30.5573,94.2146,0.32434,0.8919,1.0046,1.1263
aw-cql-seed2,cql,24000,5,24000,619b160c6caf5b9b,-234.538955688,40938,30344,39.2296,1.6773,37.5522,94.2146,0.39858,0.9384,1.1416,1.2165
aw-cql-seed2,cql,24000,6,24000,619b160c6caf5b9b,-234.538955688,51996,11915,38.6518,8.8712,29.7807,94.2146,0.31609,0.9585,1.2516,1.3058
aw-cql-seed2,cql,24000,7,24000,619b160c6caf5b9b,-234.538955688,64933,19513,33.9104,13.8393,20.0711,94.2146,0.21304,0.9259,1.1842,1.2789
aw-cql-seed2,cql,24000,11,24000,619b160c6caf5b9b,-234.538955688,76763,39227,26.4885,7.7486,18.74,94.2146,0.19891,0.9727,1.1044,1.1355
aw-cql-seed2,cql,24000,12,24000,619b160c6caf5b9b,-234.538955688,33583,82841,29.5415,10.3229,19.2187,94.2146,0.20399,0.9486,1.0529,1.11
aw-cql-seed2,cql,24000,13,24000,619b160c6caf5b9b,-234.538955688,29838,52509,36.4246,3.9468,32.4778,94.2146,0.34472,0.9118,1.075,1.179
aw-cql-seed2,cql,24000,14,24000,619b160c6caf5b9b,-234.538955688,36307,14110,44.6415,5.8677,38.7738,94.2146,0.41155,0.9627,1.2838,1.3336
aw-cql-seed2,cql,25000,0,25000,996be687fcdfc186,-232.718963623,237311,68413,68.6957,26.3886,42.3071,92.7948,0.45592,0.8523,1.3764,1.6149
aw-cql-seed2,cql,25000,2,25000,996be687fcdfc186,-232.718963623,168808,33814,43.0969,13.5711,29.5258,92.7948,0.31818,0.9016,1.1255,1.2483
aw-cql-seed2,cql,25000,4,25000,996be687fcdfc186,-232.718963623,35214,133999,33.3737,4.815,28.5587,92.7948,0.30776,0.8855,0.9995,1.1287
aw-cql-seed2,cql,25000,5,25000,996be687fcdfc186,-232.718963623,40938,30344,34.1184,0.4102,33.7082,92.7948,0.36326,0.9356,1.1356,1.2137
aw-cql-seed2,cql,25000,6,25000,996be687fcdfc186,-232.718963623,51996,11915,35.3087,5.4883,29.8204,92.7948,0.32136,0.9543,1.2405,1.2999
aw-cql-seed2,cql,25000,7,25000,996be687fcdfc186,-232.718963623,64933,19513,34.3787,13.3857,20.9929,92.7948,0.22623,0.9228,1.1728,1.2709
aw-cql-seed2,cql,25000,11,25000,996be687fcdfc186,-232.718963623,76763,39227,26.9793,7.5819,19.3974,92.7948,0.20904,0.9713,1.1022,1.1347
aw-cql-seed2,cql,25000,12,25000,996be687fcdfc186,-232.718963623,33583,82841,27.9512,9.0657,18.8856,92.7948,0.20352,0.9444,1.0481,1.1098
aw-cql-seed2,cql,25000,13,25000,996be687fcdfc186,-232.718963623,29838,52509,33.5699,3.1823,30.3876,92.7948,0.32747,0.9057,1.0703,1.1817
aw-cql-seed2,cql,25000,14,25000,996be687fcdfc186,-232.718963623,36307,14110,42.4577,3.6912,38.7666,92.7948,0.41777,0.9587,1.2771,1.332
aw-cql-seed2,cql,26000,0,26000,a7a452c4064f06cc,-237.154388428,237311,68413,68.8002,25.7492,43.051,94.0061,0.45796,0.8511,1.3705,1.6102
aw-cql-seed2,cql,26000,2,26000,a7a452c4064f06cc,-237.154388428,168808,33814,44.5648,14.2391,30.3257,94.0061,0.32259,0.9006,1.1241,1.2482
aw-cql-seed2,cql,26000,4,26000,a7a452c4064f06cc,-237.154388428,35214,133999,33.978,4.6525,29.3255,94.0061,0.31195,0.8953,1.0051,1.1227
aw-cql-seed2,cql,26000,5,26000,a7a452c4064f06cc,-237.154388428,40938,30344,36.2333,1.0191,35.2142,94.0061,0.3746,0.9392,1.1397,1.2135
aw-cql-seed2,cql,26000,6,26000,a7a452c4064f06cc,-237.154388428,51996,11915,37.0938,7.1741,29.9196,94.0061,0.31827,0.9578,1.2507,1.3059
aw-cql-seed2,cql,26000,7,26000,a7a452c4064f06cc,-237.154388428,64933,19513,34.3912,13.7586,20.6325,94.0061,0.21948,0.9159,1.1788,1.287
aw-cql-seed2,cql,26000,11,26000,a7a452c4064f06cc,-237.154388428,76763,39227,26.9938,7.6981,19.2957,94.0061,0.20526,0.9644,1.0938,1.1342
aw-cql-seed2,cql,26000,12,26000,a7a452c4064f06cc,-237.154388428,33583,82841,27.7832,8.4376,19.3456,94.0061,0.20579,0.9456,1.0496,1.11
aw-cql-seed2,cql,26000,13,26000,a7a452c4064f06cc,-237.154388428,29838,52509,34.5742,3.6551,30.9191,94.0061,0.32891,0.912,1.0734,1.177
aw-cql-seed2,cql,26000,14,26000,a7a452c4064f06cc,-237.154388428,36307,14110,42.7456,4.8174,37.9282,94.0061,0.40347,0.9686,1.2932,1.3351
aw-cql-seed2,cql,27000,0,27000,594267041ef34c06,-243.351013184,237311,68413,69.0924,25.8214,43.2711,93.7136,0.46174,0.8497,1.3622,1.603
aw-cql-seed2,cql,27000,2,27000,594267041ef34c06,-243.351013184,168808,33814,42.0931,12.061,30.0321,93.7136,0.32047,0.9021,1.1269,1.2492
aw-cql-seed2,cql,27000,4,27000,594267041ef34c06,-243.351013184,35214,133999,34.2785,5.087,29.1915,93.7136,0.3115,0.8932,1.0033,1.1232
aw-cql-seed2,cql,27000,5,27000,594267041ef34c06,-243.351013184,40938,30344,36.7617,1.2617,35.5,93.7136,0.37881,0.9349,1.1339,1.2128
aw-cql-seed2,cql,27000,6,27000,594267041ef34c06,-243.351013184,51996,11915,36.5411,8.5004,28.0406,93.7136,0.29922,0.9515,1.2323,1.2951
aw-cql-seed2,cql,27000,7,27000,594267041ef34c06,-243.351013184,64933,19513,34.2786,13.6057,20.6729,93.7136,0.2206,0.9159,1.1764,1.2844
aw-cql-seed2,cql,27000,11,27000,594267041ef34c06,-243.351013184,76763,39227,25.4943,7.0282,18.4661,93.7136,0.19705,0.9687,1.098,1.1335
aw-cql-seed2,cql,27000,12,27000,594267041ef34c06,-243.351013184,33583,82841,25.9433,8.5218,17.4216,93.7136,0.1859,0.9485,1.0485,1.1055
aw-cql-seed2,cql,27000,13,27000,594267041ef34c06,-243.351013184,29838,52509,34.3135,3.7183,30.5953,93.7136,0.32648,0.9139,1.0699,1.1707
aw-cql-seed2,cql,27000,14,27000,594267041ef34c06,-243.351013184,36307,14110,42.4599,4.7603,37.6996,93.7136,0.40229,0.959,1.2653,1.3194
aw-cql-seed2,cql,28000,0,28000,3e8b001ddfc1fe3c,-248.985656738,237311,68413,67.8274,26.9543,40.8731,91.9037,0.44474,0.8515,1.365,1.603
aw-cql-seed2,cql,28000,2,28000,3e8b001ddfc1fe3c,-248.985656738,168808,33814,41.6172,11.9122,29.705,91.9037,0.32322,0.9006,1.1209,1.2446
aw-cql-seed2,cql,28000,4,28000,3e8b001ddfc1fe3c,-248.985656738,35214,133999,33.3609,4.7851,28.5757,91.9037,0.31093,0.9006,1.0085,1.1198
aw-cql-seed2,cql,28000,5,28000,3e8b001ddfc1fe3c,-248.985656738,40938,30344,34.5598,0.5993,33.9605,91.9037,0.36952,0.9401,1.141,1.2137
aw-cql-seed2,cql,28000,6,28000,3e8b001ddfc1fe3c,-248.985656738,51996,11915,34.9909,5.454,29.537,91.9037,0.32139,0.9544,1.247,1.3066
aw-cql-seed2,cql,28000,7,28000,3e8b001ddfc1fe3c,-248.985656738,64933,19513,31.9621,11.652,20.3101,91.9037,0.22099,0.9157,1.1776,1.286
aw-cql-seed2,cql,28000,11,28000,3e8b001ddfc1fe3c,-248.985656738,76763,39227,24.797,6.2159,18.5812,91.9037,0.20218,0.964,1.0911,1.1318
aw-cql-seed2,cql,28000,12,28000,3e8b001ddfc1fe3c,-248.985656738,33583,82841,27.6831,8.9546,18.7285,91.9037,0.20378,0.9475,1.0522,1.1105
aw-cql-seed2,cql,28000,13,28000,3e8b001ddfc1fe3c,-248.985656738,29838,52509,34.1198,3.4522,30.6676,91.9037,0.33369,0.9179,1.0779,1.1742
aw-cql-seed2,cql,28000,14,28000,3e8b001ddfc1fe3c,-248.985656738,36307,14110,41.6678,4.4414,37.2264,91.9037,0.40506,0.9634,1.2794,1.328
aw-cql-seed2,cql,29000,0,29000,b131a9fc715d0ab5,-259.243835449,237311,68413,67.3445,25.6721,41.6724,91.0917,0.45748,0.8529,1.3643,1.5996
aw-cql-seed2,cql,29000,2,29000,b131a9fc715d0ab5,-259.243835449,168808,33814,41.8752,11.9336,29.9416,91.0917,0.3287,0.9077,1.1287,1.2435
aw-cql-seed2,cql,29000,4,29000,b131a9fc715d0ab5,-259.243835449,35214,133999,31.6491,4.3299,27.3192,91.0917,0.29991,0.8887,0.9989,1.124
aw-cql-seed2,cql,29000,5,29000,b131a9fc715d0ab5,-259.243835449,40938,30344,35.2821,0.774,34.508,91.0917,0.37883,0.9333,1.1311,1.212
aw-cql-seed2,cql,29000,6,29000,b131a9fc715d0ab5,-259.243835449,51996,11915,35.4289,6.0197,29.4092,91.0917,0.32285,0.9484,1.2219,1.2883
aw-cql-seed2,cql,29000,7,29000,b131a9fc715d0ab5,-259.243835449,64933,19513,33.3022,12.3364,20.9659,91.0917,0.23016,0.92,1.181,1.2838
aw-cql-seed2,cql,29000,11,29000,b131a9fc715d0ab5,-259.243835449,76763,39227,24.8893,6.694,18.1953,91.0917,0.19975,0.973,1.095,1.1254
aw-cql-seed2,cql,29000,12,29000,b131a9fc715d0ab5,-259.243835449,33583,82841,24.7541,7.4792,17.2749,91.0917,0.18964,0.9474,1.0484,1.1067
aw-cql-seed2,cql,29000,13,29000,b131a9fc715d0ab5,-259.243835449,29838,52509,32.6557,3.0912,29.5646,91.0917,0.32456,0.9095,1.0671,1.1733
aw-cql-seed2,cql,29000,14,29000,b131a9fc715d0ab5,-259.243835449,36307,14110,40.8866,4.2332,36.6534,91.0917,0.40238,0.9546,1.2621,1.3222
aw-cql-seed2,cql,30000,0,30000,b4b229586ed13e0d,-267.051513672,237311,68413,69.0841,25.0187,44.0654,94.7049,0.46529,0.8495,1.3558,1.596
aw-cql-seed2,cql,30000,2,30000,b4b229586ed13e0d,-267.051513672,168808,33814,41.4522,11.9032,29.5491,94.7049,0.31201,0.9002,1.1239,1.2486
aw-cql-seed2,cql,30000,4,30000,b4b229586ed13e0d,-267.051513672,35214,133999,31.2958,4.123,27.1728,94.7049,0.28692,0.8885,0.9992,1.1246
aw-cql-seed2,cql,30000,5,30000,b4b229586ed13e0d,-267.051513672,40938,30344,34.4921,0.3687,34.1234,94.7049,0.36031,0.934,1.1294,1.2092
aw-cql-seed2,cql,30000,6,30000,b4b229586ed13e0d,-267.051513672,51996,11915,34.2049,5.2541,28.9508,94.7049,0.30569,0.9468,1.2199,1.2885
aw-cql-seed2,cql,30000,7,30000,b4b229586ed13e0d,-267.051513672,64933,19513,32.4134,12.1539,20.2595,94.7049,0.21392,0.9125,1.1691,1.2813
aw-cql-seed2,cql,30000,11,30000,b4b229586ed13e0d,-267.051513672,76763,39227,23.3237,5.8035,17.5202,94.7049,0.185,0.9641,1.0892,1.1298
aw-cql-seed2,cql,30000,12,30000,b4b229586ed13e0d,-267.051513672,33583,82841,25.1794,8.143,17.0364,94.7049,0.17989,0.9425,1.0421,1.1058
aw-cql-seed2,cql,30000,13,30000,b4b229586ed13e0d,-267.051513672,29838,52509,33.0524,3.2385,29.8139,94.7049,0.31481,0.9053,1.0669,1.1786
aw-cql-seed2,cql,30000,14,30000,b4b229586ed13e0d,-267.051513672,36307,14110,41.8752,3.4589,38.4163,94.7049,0.40564,0.953,1.2609,1.3232
aw-cql-seed2,cql,31000,0,31000,3e1fd4af363c2b13,-267.966796875,237311,68413,67.145,25.8725,41.2725,91.5868,0.45064,0.8513,1.371,1.6106
aw-cql-seed2,cql,31000,2,31000,3e1fd4af363c2b13,-267.966796875,168808,33814,40.3873,11.6948,28.6925,91.5868,0.31328,0.8993,1.1216,1.2471
aw-cql-seed2,cql,31000,4,31000,3e1fd4af363c2b13,-267.966796875,35214,133999,32.8703,4.0445,28.8258,91.5868,0.31474,0.8862,0.9981,1.1264
aw-cql-seed2,cql,31000,5,31000,3e1fd4af363c2b13,-267.966796875,40938,30344,34.5158,0.577,33.9388,91.5868,0.37056,0.9282,1.1355,1.2233
aw-cql-seed2,cql,31000,6,31000,3e1fd4af363c2b13,-267.966796875,51996,11915,33.6188,4.5897,29.0291,91.5868,0.31696,0.9507,1.2384,1.3027
aw-cql-seed2,cql,31000,7,31000,3e1fd4af363c2b13,-267.966796875,64933,19513,32.3524,11.8374,20.515,91.5868,0.22399,0.9169,1.1722,1.2784
aw-cql-seed2,cql,31000,11,31000,3e1fd4af363c2b13,-267.966796875,76763,39227,23.7647,5.6417,18.123,91.5868,0.19788,0.9656,1.0894,1.1282
aw-cql-seed2,cql,31000,12,31000,3e1fd4af363c2b13,-267.966796875,33583,82841,25.9126,8.0213,17.8914,91.5868,0.19535,0.9407,1.0407,1.1064
aw-cql-seed2,cql,31000,13,31000,3e1fd4af363c2b13,-267.966796875,29838,52509,34.5432,3.3706,31.1726,91.5868,0.34036,0.9035,1.0665,1.1804
aw-cql-seed2,cql,31000,14,31000,3e1fd4af363c2b13,-267.966796875,36307,14110,42.9846,4.0755,38.9091,91.5868,0.42483,0.9569,1.2879,1.3459
aw-cql-seed2,cql,32000,0,32000,7e1e8ba877c67c42,-271.76953125,237311,68413,68.333,24.7485,43.5845,93.351,0.46689,0.8503,1.3615,1.6013
aw-cql-seed2,cql,32000,2,32000,7e1e8ba877c67c42,-271.76953125,168808,33814,40.292,12.2117,28.0803,93.351,0.3008,0.8986,1.1156,1.2415
aw-cql-seed2,cql,32000,4,32000,7e1e8ba877c67c42,-271.76953125,35214,133999,29.5659,4.1154,25.4505,93.351,0.27263,0.8827,0.9959,1.1282
aw-cql-seed2,cql,32000,5,32000,7e1e8ba877c67c42,-271.76953125,40938,30344,32.2507,0.5276,31.7231,93.351,0.33983,0.9254,1.1217,1.2122
aw-cql-seed2,cql,32000,6,32000,7e1e8ba877c67c42,-271.76953125,51996,11915,33.8226,5.2179,28.6047,93.351,0.30642,0.9475,1.2178,1.2852
aw-cql-seed2,cql,32000,7,32000,7e1e8ba877c67c42,-271.76953125,64933,19513,31.7003,11.7178,19.9825,93.351,0.21406,0.9115,1.1619,1.2747
aw-cql-seed2,cql,32000,11,32000,7e1e8ba877c67c42,-271.76953125,76763,39227,23.3498,5.7439,17.6059,93.351,0.1886,0.9625,1.0871,1.1295
aw-cql-seed2,cql,32000,12,32000,7e1e8ba877c67c42,-271.76953125,33583,82841,24.3767,7.3723,17.0044,93.351,0.18216,0.9382,1.0385,1.1068
aw-cql-seed2,cql,32000,13,32000,7e1e8ba877c67c42,-271.76953125,29838,52509,31.8903,3.0613,28.8289,93.351,0.30882,0.8983,1.0616,1.1817
aw-cql-seed2,cql,32000,14,32000,7e1e8ba877c67c42,-271.76953125,36307,14110,39.8814,2.5761,37.3053,93.351,0.39962,0.9501,1.2536,1.3195
aw-cql-seed2,cql,33000,0,33000,48e489cc9d474292,-280.19934082,237311,68413,66.7688,24.0637,42.7051,91.6405,0.46601,0.8493,1.3491,1.5884
aw-cql-seed2,cql,33000,2,33000,48e489cc9d474292,-280.19934082,168808,33814,40.1835,11.5676,28.6159,91.6405,0.31226,0.8975,1.1133,1.2405
aw-cql-seed2,cql,33000,4,33000,48e489cc9d474292,-280.19934082,35214,133999,29.7474,3.7462,26.0012,91.6405,0.28373,0.8863,0.9945,1.122
aw-cql-seed2,cql,33000,5,33000,48e489cc9d474292,-280.19934082,40938,30344,33.3199,0.1103,33.2096,91.6405,0.36239,0.9342,1.1312,1.2109
aw-cql-seed2,cql,33000,6,33000,48e489cc9d474292,-280.19934082,51996,11915,34.403,6.1986,28.2044,91.6405,0.30777,0.9477,1.2316,1.2996
aw-cql-seed2,cql,33000,7,33000,48e489cc9d474292,-280.19934082,64933,19513,31.4168,11.6466,19.7703,91.6405,0.21574,0.9141,1.1682,1.278
aw-cql-seed2,cql,33000,11,33000,48e489cc9d474292,-280.19934082,76763,39227,22.1836,4.8793,17.3043,91.6405,0.18883,0.9625,1.0863,1.1286
aw-cql-seed2,cql,33000,12,33000,48e489cc9d474292,-280.19934082,33583,82841,23.1899,6.8225,16.3674,91.6405,0.1786,0.9378,1.0369,1.1057
aw-cql-seed2,cql,33000,13,33000,48e489cc9d474292,-280.19934082,29838,52509,32.4418,2.7207,29.721,91.6405,0.32432,0.9057,1.0644,1.1753
aw-cql-seed2,cql,33000,14,33000,48e489cc9d474292,-280.19934082,36307,14110,40.3581,3.0698,37.2883,91.6405,0.4069,0.9573,1.275,1.332
aw-cql-seed2,cql,34000,0,34000,c7367354c9ba4a1b,-285.075622559,237311,68413,65.7887,23.5388,42.25,89.8595,0.47018,0.8524,1.3458,1.5789
aw-cql-seed2,cql,34000,2,34000,c7367354c9ba4a1b,-285.075622559,168808,33814,39.0251,10.5548,28.4702,89.8595,0.31683,0.8989,1.1058,1.2302
aw-cql-seed2,cql,34000,4,34000,c7367354c9ba4a1b,-285.075622559,35214,133999,30.6496,3.6848,26.9648,89.8595,0.30008,0.8901,0.9998,1.1233
aw-cql-seed2,cql,34000,5,34000,c7367354c9ba4a1b,-285.075622559,40938,30344,33.6019,-0.1538,33.7557,89.8595,0.37565,0.9309,1.1368,1.2213
aw-cql-seed2,cql,34000,6,34000,c7367354c9ba4a1b,-285.075622559,51996,11915,33.7335,4.8324,28.9012,89.8595,0.32163,0.9511,1.2365,1.3001
aw-cql-seed2,cql,34000,7,34000,c7367354c9ba4a1b,-285.075622559,64933,19513,30.2272,10.4777,19.7494,89.8595,0.21978,0.9143,1.1701,1.2798
aw-cql-seed2,cql,34000,11,34000,c7367354c9ba4a1b,-285.075622559,76763,39227,21.7667,5.0729,16.6938,89.8595,0.18578,0.9648,1.0871,1.1268
aw-cql-seed2,cql,34000,12,34000,c7367354c9ba4a1b,-285.075622559,33583,82841,23.5015,6.8168,16.6846,89.8595,0.18567,0.9456,1.0446,1.1047
aw-cql-seed2,cql,34000,13,34000,c7367354c9ba4a1b,-285.075622559,29838,52509,30.7763,2.3348,28.4415,89.8595,0.31651,0.9031,1.0674,1.1819
aw-cql-seed2,cql,34000,14,34000,c7367354c9ba4a1b,-285.075622559,36307,14110,41.0064,3.1653,37.8411,89.8595,0.42111,0.9556,1.2816,1.3412
aw-cql-seed2,cql,35000,0,35000,8760b194f142a830,-293.360229492,237311,68413,66.4156,23.9947,42.4209,92.2463,0.45987,0.849,1.3456,1.585
aw-cql-seed2,cql,35000,2,35000,8760b194f142a830,-293.360229492,168808,33814,38.8815,10.1983,28.6832,92.2463,0.31094,0.901,1.1074,1.2291
aw-cql-seed2,cql,35000,4,35000,8760b194f142a830,-293.360229492,35214,133999,29.8927,3.9412,25.9515,92.2463,0.28133,0.8837,0.9936,1.1243
aw-cql-seed2,cql,35000,5,35000,8760b194f142a830,-293.360229492,40938,30344,34.1002,-0.2341,34.3343,92.2463,0.3722,0.9283,1.1269,1.2139
aw-cql-seed2,cql,35000,6,35000,8760b194f142a830,-293.360229492,51996,11915,34.7939,5.1104,29.6835,92.2463,0.32179,0.945,1.2186,1.2895
aw-cql-seed2,cql,35000,7,35000,8760b194f142a830,-293.360229492,64933,19513,32.5005,11.9097,20.5907,92.2463,0.22321,0.91,1.158,1.2726
aw-cql-seed2,cql,35000,11,35000,8760b194f142a830,-293.360229492,76763,39227,24.0496,5.7639,18.2857,92.2463,0.19823,0.9617,1.083,1.1262
aw-cql-seed2,cql,35000,12,35000,8760b194f142a830,-293.360229492,33583,82841,24.8586,7.5183,17.3403,92.2463,0.18798,0.938,1.0376,1.1061
aw-cql-seed2,cql,35000,13,35000,8760b194f142a830,-293.360229492,29838,52509,32.3219,2.3757,29.9462,92.2463,0.32463,0.9015,1.0634,1.1795
aw-cql-seed2,cql,35000,14,35000,8760b194f142a830,-293.360229492,36307,14110,40.7625,2.5933,38.1692,92.2463,0.41378,0.9509,1.2631,1.3283
aw-cql-seed2,cql,36000,0,36000,d62431f65afcf14d,-296.180755615,237311,68413,66.0469,23.7376,42.3092,91.5531,0.46213,0.8491,1.3514,1.5917
aw-cql-seed2,cql,36000,2,36000,d62431f65afcf14d,-296.180755615,168808,33814,39.3027,10.0278,29.2749,91.5531,0.31976,0.8969,1.1071,1.2344
aw-cql-seed2,cql,36000,4,36000,d62431f65afcf14d,-296.180755615,35214,133999,26.8702,3.2398,23.6304,91.5531,0.25811,0.8837,0.9925,1.1232
aw-cql-seed2,cql,36000,5,36000,d62431f65afcf14d,-296.180755615,40938,30344,30.572,-0.0428,30.6148,91.5531,0.33439,0.9286,1.1289,1.2157
aw-cql-seed2,cql,36000,6,36000,d62431f65afcf14d,-296.180755615,51996,11915,33.5983,4.4332,29.165,91.5531,0.31856,0.9457,1.2268,1.2972
aw-cql-seed2,cql,36000,7,36000,d62431f65afcf14d,-296.180755615,64933,19513,30.4345,10.2699,20.1645,91.5531,0.22025,0.9099,1.1611,1.2761
aw-cql-seed2,cql,36000,11,36000,d62431f65afcf14d,-296.180755615,76763,39227,22.331,4.9795,17.3515,91.5531,0.18952,0.9643,1.0816,1.1217
aw-cql-seed2,cql,36000,12,36000,d62431f65afcf14d,-296.180755615,33583,82841,21.2454,6.3794,14.866,91.5531,0.16238,0.9404,1.0368,1.1025
aw-cql-seed2,cql,36000,13,36000,d62431f65afcf14d,-296.180755615,29838,52509,28.1706,2.5635,25.607,91.5531,0.2797,0.9013,1.064,1.1806
aw-cql-seed2,cql,36000,14,36000,d62431f65afcf14d,-296.180755615,36307,14110,38.7564,2.6979,36.0585,91.5531,0.39385,0.9518,1.2697,1.334
aw-cql-seed2,cql,37000,0,37000,cfdd291396551129,-300.452209473,237311,68413,63.9373,21.6881,42.2492,89.2931,0.47315,0.85,1.3494,1.5874
aw-cql-seed2,cql,37000,2,37000,cfdd291396551129,-300.452209473,168808,33814,39.2846,10.8796,28.405,89.2931,0.31811,0.8978,1.1093,1.2355
aw-cql-seed2,cql,37000,4,37000,cfdd291396551129,-300.452209473,35214,133999,27.7012,3.5817,24.1195,89.2931,0.27012,0.8807,0.9919,1.1263
aw-cql-seed2,cql,37000,5,37000,cfdd291396551129,-300.452209473,40938,30344,31.7736,0.3418,31.4318,89.2931,0.35201,0.9248,1.1285,1.2202
aw-cql-seed2,cql,37000,6,37000,cfdd291396551129,-300.452209473,51996,11915,32.2758,3.7551,28.5207,89.2931,0.3194,0.9477,1.2289,1.2968
aw-cql-seed2,cql,37000,7,37000,cfdd291396551129,-300.452209473,64933,19513,30.3933,10.0825,20.3109,89.2931,0.22746,0.9116,1.1649,1.2779
aw-cql-seed2,cql,37000,11,37000,cfdd291396551129,-300.452209473,76763,39227,21.306,4.7219,16.5841,89.2931,0.18573,0.9601,1.0823,1.1273
aw-cql-seed2,cql,37000,12,37000,cfdd291396551129,-300.452209473,33583,82841,21.0959,5.9259,15.17,89.2931,0.16989,0.9398,1.0368,1.1032
aw-cql-seed2,cql,37000,13,37000,cfdd291396551129,-300.452209473,29838,52509,29.6462,2.6093,27.0368,89.2931,0.30279,0.8948,1.0607,1.1854
aw-cql-seed2,cql,37000,14,37000,cfdd291396551129,-300.452209473,36307,14110,40.6295,3.5715,37.058,89.2931,0.41502,0.9497,1.2681,1.3352
aw-cql-seed2,cql,38000,0,38000,5b5a929b261c257b,-311.796539307,237311,68413,65.0557,22.6424,42.4133,89.4774,0.47401,0.8479,1.3423,1.5832
aw-cql-seed2,cql,38000,2,38000,5b5a929b261c257b,-311.796539307,168808,33814,37.8101,9.7388,28.0713,89.4774,0.31372,0.8982,1.1084,1.234
aw-cql-seed2,cql,38000,4,38000,5b5a929b261c257b,-311.796539307,35214,133999,27.5138,3.9528,23.561,89.4774,0.26332,0.8822,0.9942,1.1269
aw-cql-seed2,cql,38000,5,38000,5b5a929b261c257b,-311.796539307,40938,30344,30.2285,-0.0082,30.2368,89.4774,0.33793,0.9267,1.1219,1.2106
aw-cql-seed2,cql,38000,6,38000,5b5a929b261c257b,-311.796539307,51996,11915,32.5975,4.3935,28.204,89.4774,0.31521,0.9479,1.2175,1.2845
aw-cql-seed2,cql,38000,7,38000,5b5a929b261c257b,-311.796539307,64933,19513,30.2972,10.0475,20.2498,89.4774,0.22631,0.909,1.1607,1.2769
aw-cql-seed2,cql,38000,11,38000,5b5a929b261c257b,-311.796539307,76763,39227,20.4936,4.591,15.9027,89.4774,0.17773,0.96,1.0804,1.1254
aw-cql-seed2,cql,38000,12,38000,5b5a929b261c257b,-311.796539307,33583,82841,22.4053,6.7571,15.6482,89.4774,0.17488,0.9392,1.0371,1.1043
aw-cql-seed2,cql,38000,13,38000,5b5a929b261c257b,-311.796539307,29838,52509,29.8869,2.9375,26.9494,89.4774,0.30119,0.8993,1.06,1.1786
aw-cql-seed2,cql,38000,14,38000,5b5a929b261c257b,-311.796539307,36307,14110,38.1905,2.5203,35.6702,89.4774,0.39865,0.9517,1.253,1.3167
aw-cql-seed2,cql,39000,0,39000,3188c570467feb1d,-312.75402832,237311,68413,65.4108,23.7293,41.6815,90.4467,0.46084,0.8501,1.3416,1.5781
aw-cql-seed2,cql,39000,2,39000,3188c570467feb1d,-312.75402832,168808,33814,37.692,9.9874,27.7046,90.4467,0.30631,0.8971,1.1002,1.2264
aw-cql-seed2,cql,39000,4,39000,3188c570467feb1d,-312.75402832,35214,133999,25.9894,3.1362,22.8532,90.4467,0.25267,0.8856,0.9965,1.1252
aw-cql-seed2,cql,39000,5,39000,3188c570467feb1d,-312.75402832,40938,30344,30.8865,-0.3318,31.2184,90.4467,0.34516,0.9383,1.139,1.2139
aw-cql-seed2,cql,39000,6,39000,3188c570467feb1d,-312.75402832,51996,11915,31.6631,3.576,28.0871,90.4467,0.31054,0.9532,1.2378,1.2985
aw-cql-seed2,cql,39000,7,39000,3188c570467feb1d,-312.75402832,64933,19513,29.5753,9.3486,20.2268,90.4467,0.22363,0.9144,1.1647,1.2737
aw-cql-seed2,cql,39000,11,39000,3188c570467feb1d,-312.75402832,76763,39227,21.3051,4.8603,16.4448,90.4467,0.18182,0.9639,1.0857,1.1263
aw-cql-seed2,cql,39000,12,39000,3188c570467feb1d,-312.75402832,33583,82841,21.8768,6.3375,15.5393,90.4467,0.17181,0.9404,1.0369,1.1027
aw-cql-seed2,cql,39000,13,39000,3188c570467feb1d,-312.75402832,29838,52509,29.601,2.6302,26.9708,90.4467,0.2982,0.9048,1.0696,1.1822
aw-cql-seed2,cql,39000,14,39000,3188c570467feb1d,-312.75402832,36307,14110,37.7658,2.2577,35.5081,90.4467,0.39259,0.9626,1.2787,1.3285
aw-cql-seed2,cql,40000,0,40000,f28ea2c31833f435,-315.211151123,237311,68413,64.8149,21.871,42.9439,89.6724,0.4789,0.8484,1.3384,1.5776
aw-cql-seed2,cql,40000,2,40000,f28ea2c31833f435,-315.211151123,168808,33814,37.599,9.8036,27.7954,89.6724,0.30997,0.895,1.1035,1.2329
aw-cql-seed2,cql,40000,4,40000,f28ea2c31833f435,-315.211151123,35214,133999,28.1255,3.5533,24.5722,89.6724,0.27402,0.8839,0.9939,1.1245
aw-cql-seed2,cql,40000,5,40000,f28ea2c31833f435,-315.211151123,40938,30344,32.3165,0.0756,32.2409,89.6724,0.35954,0.9249,1.1231,1.2143
aw-cql-seed2,cql,40000,6,40000,f28ea2c31833f435,-315.211151123,51996,11915,32.0034,4.3613,27.6421,89.6724,0.30826,0.9442,1.2184,1.2905
aw-cql-seed2,cql,40000,7,40000,f28ea2c31833f435,-315.211151123,64933,19513,29.3628,9.4921,19.8707,89.6724,0.22159,0.9103,1.1599,1.2742
aw-cql-seed2,cql,40000,11,40000,f28ea2c31833f435,-315.211151123,76763,39227,19.8748,4.1206,15.7542,89.6724,0.17569,0.962,1.0822,1.1249
aw-cql-seed2,cql,40000,12,40000,f28ea2c31833f435,-315.211151123,33583,82841,21.4035,6.1896,15.2139,89.6724,0.16966,0.9367,1.0315,1.1012
aw-cql-seed2,cql,40000,13,40000,f28ea2c31833f435,-315.211151123,29838,52509,30.311,2.4372,27.8737,89.6724,0.31084,0.8989,1.0597,1.1789
aw-cql-seed2,cql,40000,14,40000,f28ea2c31833f435,-315.211151123,36307,14110,39.3334,2.2505,37.0829,89.6724,0.41354,0.9458,1.257,1.3291
aw-cql-seed2,cql,41000,0,41000,84dedc6670c954d9,-324.555633545,237311,68413,64.4094,22.4785,41.9309,90.0581,0.4656,0.8475,1.3438,1.5856
aw-cql-seed2,cql,41000,2,41000,84dedc6670c954d9,-324.555633545,168808,33814,37.3758,8.7568,28.619,90.0581,0.31778,0.898,1.1015,1.2266
aw-cql-seed2,cql,41000,4,41000,84dedc6670c954d9,-324.555633545,35214,133999,25.6738,2.6781,22.9957,90.0581,0.25534,0.8819,0.9923,1.1252
aw-cql-seed2,cql,41000,5,41000,84dedc6670c954d9,-324.555633545,40938,30344,30.0404,-1.1208,31.1612,90.0581,0.34601,0.9282,1.1294,1.2167
aw-cql-seed2,cql,41000,6,41000,84dedc6670c954d9,-324.555633545,51996,11915,31.9528,3.4124,28.5404,90.0581,0.31691,0.9481,1.2268,1.2939
aw-cql-seed2,cql,41000,7,41000,84dedc6670c954d9,-324.555633545,64933,19513,28.0272,9.0802,18.947,90.0581,0.21039,0.9091,1.1561,1.2717
aw-cql-seed2,cql,41000,11,41000,84dedc6670c954d9,-324.555633545,76763,39227,19.9831,3.9446,16.0385,90.0581,0.17809,0.9587,1.0776,1.1241
aw-cql-seed2,cql,41000,12,41000,84dedc6670c954d9,-324.555633545,33583,82841,20.2559,5.4983,14.7576,90.0581,0.16387,0.9373,1.0328,1.102
aw-cql-seed2,cql,41000,13,41000,84dedc6670c954d9,-324.555633545,29838,52509,28.2843,1.6614,26.6229,90.0581,0.29562,0.8985,1.0623,1.1824
aw-cql-seed2,cql,41000,14,41000,84dedc6670c954d9,-324.555633545,36307,14110,37.5374,0.7354,36.802,90.0581,0.40865,0.952,1.2693,1.3334
aw-cql-seed2,cql,42000,0,42000,b3461128662c7f8c,-336.94619751,237311,68413,63.9554,22.0511,41.9042,89.3312,0.46909,0.8489,1.3434,1.5824
aw-cql-seed2,cql,42000,2,42000,b3461128662c7f8c,-336.94619751,168808,33814,36.8055,8.5077,28.2977,89.3312,0.31677,0.8965,1.1046,1.2321
aw-cql-seed2,cql,42000,4,42000,b3461128662c7f8c,-336.94619751,35214,133999,26.2504,2.958,23.2924,89.3312,0.26074,0.8845,0.9929,1.1226
aw-cql-seed2,cql,42000,5,42000,b3461128662c7f8c,-336.94619751,40938,30344,29.2151,-0.3969,29.612,89.3312,0.33149,0.9271,1.1299,1.2188
aw-cql-seed2,cql,42000,6,42000,b3461128662c7f8c,-336.94619751,51996,11915,30.8636,3.84,27.0236,89.3312,0.30251,0.9449,1.2176,1.2886
aw-cql-seed2,cql,42000,7,42000,b3461128662c7f8c,-336.94619751,64933,19513,27.5218,8.9113,18.6105,89.3312,0.20833,0.9089,1.1571,1.2731
aw-cql-seed2,cql,42000,11,42000,b3461128662c7f8c,-336.94619751,76763,39227,19.349,3.5061,15.8429,89.3312,0.17735,0.9586,1.0763,1.1228
aw-cql-seed2,cql,42000,12,42000,b3461128662c7f8c,-336.94619751,33583,82841,20.064,5.347,14.717,89.3312,0.16475,0.9362,1.0317,1.102
aw-cql-seed2,cql,42000,13,42000,b3461128662c7f8c,-336.94619751,29838,52509,28.8232,1.9858,26.8374,89.3312,0.30043,0.9024,1.0631,1.178
aw-cql-seed2,cql,42000,14,42000,b3461128662c7f8c,-336.94619751,36307,14110,37.0223,0.9196,36.1027,89.3312,0.40414,0.954,1.2657,1.3268
aw-cql-seed2,cql,43000,0,43000,c999857c94c7eb47,-342.512817383,237311,68413,64.8637,22.7247,42.1389,90.0068,0.46817,0.8484,1.3519,1.5935
aw-cql-seed2,cql,43000,2,43000,c999857c94c7eb47,-342.512817383,168808,33814,35.8215,8.0912,27.7303,90.0068,0.30809,0.8968,1.1007,1.2274
aw-cql-seed2,cql,43000,4,43000,c999857c94c7eb47,-342.512817383,35214,133999,25.2156,2.4892,22.7264,90.0068,0.2525,0.8802,0.995,1.1304
aw-cql-seed2,cql,43000,5,43000,c999857c94c7eb47,-342.512817383,40938,30344,29.0812,-1.0325,30.1137,90.0068,0.33457,0.9297,1.1358,1.2216
aw-cql-seed2,cql,43000,6,43000,c999857c94c7eb47,-342.512817383,51996,11915,30.7676,2.4758,28.2918,90.0068,0.31433,0.9511,1.2314,1.2948
aw-cql-seed2,cql,43000,7,43000,c999857c94c7eb47,-342.512817383,64933,19513,29.439,9.1812,20.2579,90.0068,0.22507,0.9127,1.1553,1.2658
aw-cql-seed2,cql,43000,11,43000,c999857c94c7eb47,-342.512817383,76763,39227,19.4294,3.7042,15.7253,90.0068,0.17471,0.9652,1.0832,1.1223
aw-cql-seed2,cql,43000,12,43000,c999857c94c7eb47,-342.512817383,33583,82841,21.5026,6.285,15.2176,90.0068,0.16907,0.9386,1.0355,1.1032
aw-cql-seed2,cql,43000,13,43000,c999857c94c7eb47,-342.512817383,29838,52509,28.3493,1.8374,26.5119,90.0068,0.29455,0.8968,1.0659,1.1885
aw-cql-seed2,cql,43000,14,43000,c999857c94c7eb47,-342.512817383,36307,14110,37.4357,1.8104,35.6253,90.0068,0.39581,0.9531,1.2796,1.3426
aw-cql-seed2,cql,44000,0,44000,44e9da8a9876fb1c,-350.278808594,237311,68413,63.6696,22.3334,41.3362,89.1394,0.46373,0.8502,1.3477,1.5852
aw-cql-seed2,cql,44000,2,44000,44e9da8a9876fb1c,-350.278808594,168808,33814,35.321,7.7947,27.5262,89.1394,0.3088,0.8937,1.0958,1.2262
aw-cql-seed2,cql,44000,4,44000,44e9da8a9876fb1c,-350.278808594,35214,133999,24.6146,2.8518,21.7628,89.1394,0.24414,0.8766,0.9892,1.1285
aw-cql-seed2,cql,44000,5,44000,44e9da8a9876fb1c,-350.278808594,40938,30344,29.7011,-0.8775,30.5786,89.1394,0.34304,0.9186,1.1185,1.2176
aw-cql-seed2,cql,44000,6,44000,44e9da8a9876fb1c,-350.278808594,51996,11915,31.711,3.5774,28.1335,89.1394,0.31561,0.9461,1.2169,1.2863
aw-cql-seed2,cql,44000,7,44000,44e9da8a9876fb1c,-350.278808594,64933,19513,27.9914,8.0657,19.9257,89.1394,0.22353,0.9107,1.161,1.2748
aw-cql-seed2,cql,44000,11,44000,44e9da8a9876fb1c,-350.278808594,76763,39227,19.8966,4.0596,15.8369,89.1394,0.17767,0.962,1.0806,1.1232
aw-cql-seed2,cql,44000,12,44000,44e9da8a9876fb1c,-350.278808594,33583,82841,20.1718,5.6451,14.5268,89.1394,0.16297,0.9369,1.0329,1.1025
aw-cql-seed2,cql,44000,13,44000,44e9da8a9876fb1c,-350.278808594,29838,52509,29.0519,2.1282,26.9236,89.1394,0.30204,0.8939,1.0578,1.1834
aw-cql-seed2,cql,44000,14,44000,44e9da8a9876fb1c,-350.278808594,36307,14110,38.7046,1.9566,36.748,89.1394,0.41225,0.9458,1.2553,1.3272
aw-cql-seed2,cql,45000,0,45000,d1cdf820cf72b7ff,-361.553588867,237311,68413,62.6673,20.5333,42.1341,87.6704,0.4806,0.8479,1.344,1.5852
aw-cql-seed2,cql,45000,2,45000,d1cdf820cf72b7ff,-361.553588867,168808,33814,35.9946,8.0518,27.9428,87.6704,0.31873,0.897,1.097,1.223
aw-cql-seed2,cql,45000,4,45000,d1cdf820cf72b7ff,-361.553588867,35214,133999,24.5031,2.474,22.0291,87.6704,0.25127,0.8744,0.9877,1.1296
aw-cql-seed2,cql,45000,5,45000,d1cdf820cf72b7ff,-361.553588867,40938,30344,27.9337,-1.1886,29.1223,87.6704,0.33218,0.9157,1.1173,1.2201
aw-cql-seed2,cql,45000,6,45000,d1cdf820cf72b7ff,-361.553588867,51996,11915,29.667,3.0415,26.6255,87.6704,0.3037,0.9413,1.216,1.2918
aw-cql-seed2,cql,45000,7,45000,d1cdf820cf72b7ff,-361.553588867,64933,19513,27.9825,8.6417,19.3407,87.6704,0.22061,0.9104,1.157,1.2709
aw-cql-seed2,cql,45000,11,45000,d1cdf820cf72b7ff,-361.553588867,76763,39227,19.682,3.7799,15.902,87.6704,0.18138,0.9622,1.0788,1.1212
aw-cql-seed2,cql,45000,12,45000,d1cdf820cf72b7ff,-361.553588867,33583,82841,20.0864,5.0486,15.0378,87.6704,0.17153,0.9375,1.0322,1.101
aw-cql-seed2,cql,45000,13,45000,d1cdf820cf72b7ff,-361.553588867,29838,52509,27.8852,1.8429,26.0423,87.6704,0.29705,0.8881,1.0539,1.1866
aw-cql-seed2,cql,45000,14,45000,d1cdf820cf72b7ff,-361.553588867,36307,14110,37.6121,0.9274,36.6846,87.6704,0.41844,0.9388,1.2499,1.3314
aw-cql-seed2,cql,46000,0,46000,a30ae4055ea0ed83,-367.586730957,237311,68413,62.2406,20.0994,42.1412,87.8534,0.47968,0.8495,1.3381,1.5751
aw-cql-seed2,cql,46000,2,46000,a30ae4055ea0ed83,-367.586730957,168808,33814,34.7977,7.8276,26.9701,87.8534,0.30699,0.8963,1.0954,1.2221
aw-cql-seed2,cql,46000,4,46000,a30ae4055ea0ed83,-367.586730957,35214,133999,24.2973,2.157,22.1403,87.8534,0.25201,0.881,0.9869,1.1202
aw-cql-seed2,cql,46000,5,46000,a30ae4055ea0ed83,-367.586730957,40938,30344,27.9328,-1.2485,29.1813,87.8534,0.33216,0.9233,1.1153,1.208
aw-cql-seed2,cql,46000,6,46000,a30ae4055ea0ed83,-367.586730957,51996,11915,29.6372,2.7834,26.8538,87.8534,0.30567,0.9426,1.2139,1.2878
aw-cql-seed2,cql,46000,7,46000,a30ae4055ea0ed83,-367.586730957,64933,19513,27.3328,8.2044,19.1284,87.8534,0.21773,0.9099,1.1561,1.2705
aw-cql-seed2,cql,46000,11,46000,a30ae4055ea0ed83,-367.586730957,76763,39227,18.6945,3.3171,15.3773,87.8534,0.17503,0.9645,1.0772,1.1168
aw-cql-seed2,cql,46000,12,46000,a30ae4055ea0ed83,-367.586730957,33583,82841,17.9371,4.5934,13.3437,87.8534,0.15189,0.9386,1.0318,1.0993
aw-cql-seed2,cql,46000,13,46000,a30ae4055ea0ed83,-367.586730957,29838,52509,26.7563,1.5329,25.2234,87.8534,0.28711,0.8978,1.0558,1.176
aw-cql-seed2,cql,46000,14,46000,a30ae4055ea0ed83,-367.586730957,36307,14110,39.1462,2.0936,37.0526,87.8534,0.42175,0.9476,1.2553,1.3247
aw-cql-seed2,cql,47000,0,47000,b37848b9f4731baa,-376.408935547,237311,68413,61.7839,19.5494,42.2345,87.1886,0.4844,0.8502,1.3376,1.5732
aw-cql-seed2,cql,47000,2,47000,b37848b9f4731baa,-376.408935547,168808,33814,34.9223,7.2403,27.6821,87.1886,0.3175,0.8995,1.0941,1.2163
aw-cql-seed2,cql,47000,4,47000,b37848b9f4731baa,-376.408935547,35214,133999,24.3969,2.4234,21.9734,87.1886,0.25202,0.8841,0.9915,1.1214
aw-cql-seed2,cql,47000,5,47000,b37848b9f4731baa,-376.408935547,40938,30344,27.5754,-1.2604,28.8358,87.1886,0.33073,0.9303,1.1226,1.2067
aw-cql-seed2,cql,47000,6,47000,b37848b9f4731baa,-376.408935547,51996,11915,30.423,2.5822,27.8407,87.1886,0.31932,0.9444,1.2142,1.2856
aw-cql-seed2,cql,47000,7,47000,b37848b9f4731baa,-376.408935547,64933,19513,27.4394,8.017,19.4225,87.1886,0.22276,0.908,1.1518,1.2686
aw-cql-seed2,cql,47000,11,47000,b37848b9f4731baa,-376.408935547,76763,39227,17.7969,2.4551,15.3418,87.1886,0.17596,0.9595,1.0743,1.1196
aw-cql-seed2,cql,47000,12,47000,b37848b9f4731baa,-376.408935547,33583,82841,18.9493,4.9105,14.0388,87.1886,0.16102,0.9414,1.0334,1.0978
aw-cql-seed2,cql,47000,13,47000,b37848b9f4731baa,-376.408935547,29838,52509,26.5197,1.5999,24.9198,87.1886,0.28582,0.9085,1.0618,1.1688
aw-cql-seed2,cql,47000,14,47000,b37848b9f4731baa,-376.408935547,36307,14110,36.7019,0.9495,35.7523,87.1886,0.41006,0.9553,1.2587,1.3176
aw-cql-seed2,cql,48000,0,48000,5cb3945ecb27c083,-380.849151611,237311,68413,62.1492,20.4699,41.6794,87.8546,0.47441,0.8519,1.3586,1.5947
aw-cql-seed2,cql,48000,2,48000,5cb3945ecb27c083,-380.849151611,168808,33814,34.4049,7.3478,27.0571,87.8546,0.30798,0.8979,1.0983,1.2232
aw-cql-seed2,cql,48000,4,48000,5cb3945ecb27c083,-380.849151611,35214,133999,23.0404,2.1034,20.937,87.8546,0.23831,0.8842,0.9909,1.1207
aw-cql-seed2,cql,48000,5,48000,5cb3945ecb27c083,-380.849151611,40938,30344,26.6033,-1.0385,27.6418,87.8546,0.31463,0.929,1.1287,1.215
aw-cql-seed2,cql,48000,6,48000,5cb3945ecb27c083,-380.849151611,51996,11915,29.9411,2.8861,27.0549,87.8546,0.30795,0.9444,1.216,1.2875
aw-cql-seed2,cql,48000,7,48000,5cb3945ecb27c083,-380.849151611,64933,19513,26.6889,7.5495,19.1394,87.8546,0.21785,0.9094,1.1551,1.2702
aw-cql-seed2,cql,48000,11,48000,5cb3945ecb27c083,-380.849151611,76763,39227,17.2704,2.58,14.6904,87.8546,0.16721,0.9593,1.0746,1.1201
aw-cql-seed2,cql,48000,12,48000,5cb3945ecb27c083,-380.849151611,33583,82841,18.3376,4.6196,13.718,87.8546,0.15614,0.9352,1.0286,1.0999
aw-cql-seed2,cql,48000,13,48000,5cb3945ecb27c083,-380.849151611,29838,52509,25.2163,1.3237,23.8927,87.8546,0.27196,0.9002,1.0603,1.1778
aw-cql-seed2,cql,48000,14,48000,5cb3945ecb27c083,-380.849151611,36307,14110,37.063,1.2128,35.8502,87.8546,0.40806,0.9493,1.2608,1.3281
aw-cql-seed2,cql,49000,0,49000,cba4079c811cf3a8,-385.139190674,237311,68413,61.595,19.4945,42.1005,87.2085,0.48276,0.8469,1.3337,1.5748
aw-cql-seed2,cql,49000,2,49000,cba4079c811cf3a8,-385.139190674,168808,33814,33.7303,7.0328,26.6975,87.2085,0.30613,0.8941,1.092,1.2213
aw-cql-seed2,cql,49000,4,49000,cba4079c811cf3a8,-385.139190674,35214,133999,23.0574,1.8298,21.2276,87.2085,0.24341,0.8794,0.9886,1.1242
aw-cql-seed2,cql,49000,5,49000,cba4079c811cf3a8,-385.139190674,40938,30344,27.7185,-1.3382,29.0567,87.2085,0.33319,0.927,1.1212,1.2095
aw-cql-seed2,cql,49000,6,49000,cba4079c811cf3a8,-385.139190674,51996,11915,28.3294,1.6345,26.6949,87.2085,0.3061,0.943,1.2126,1.2859
aw-cql-seed2,cql,49000,7,49000,cba4079c811cf3a8,-385.139190674,64933,19513,25.5012,6.7965,18.7047,87.2085,0.21448,0.9072,1.1444,1.2614
aw-cql-seed2,cql,49000,11,49000,cba4079c811cf3a8,-385.139190674,76763,39227,17.6493,2.7527,14.8966,87.2085,0.17082,0.9588,1.0769,1.1232
aw-cql-seed2,cql,49000,12,49000,cba4079c811cf3a8,-385.139190674,33583,82841,17.3536,4.2455,13.1082,87.2085,0.15031,0.9349,1.0287,1.1003
aw-cql-seed2,cql,49000,13,49000,cba4079c811cf3a8,-385.139190674,29838,52509,25.9547,1.3677,24.587,87.2085,0.28193,0.8999,1.0604,1.1784
aw-cql-seed2,cql,49000,14,49000,cba4079c811cf3a8,-385.139190674,36307,14110,36.8978,0.9256,35.9722,87.2085,0.41248,0.9504,1.2534,1.3189
aw-cql-seed2,cql,50000,0,50000,fb0de1901fe8f662,-395.065826416,237311,68413,62.3348,20.036,42.2987,87.5366,0.48321,0.8491,1.3439,1.5827
aw-cql-seed2,cql,50000,2,50000,fb0de1901fe8f662,-395.065826416,168808,33814,34.1684,7.1645,27.0039,87.5366,0.30849,0.8936,1.0949,1.2253
aw-cql-seed2,cql,50000,4,50000,fb0de1901fe8f662,-395.065826416,35214,133999,22.1188,2.5352,19.5836,87.5366,0.22372,0.876,0.9871,1.1269
aw-cql-seed2,cql,50000,5,50000,fb0de1901fe8f662,-395.065826416,40938,30344,26.9059,-0.5821,27.488,87.5366,0.31402,0.9184,1.1198,1.2193
aw-cql-seed2,cql,50000,6,50000,fb0de1901fe8f662,-395.065826416,51996,11915,28.3141,1.9006,26.4135,87.5366,0.30174,0.9415,1.2084,1.2835
aw-cql-seed2,cql,50000,7,50000,fb0de1901fe8f662,-395.065826416,64933,19513,26.8586,7.9482,18.9104,87.5366,0.21603,0.9082,1.1526,1.2691
aw-cql-seed2,cql,50000,11,50000,fb0de1901fe8f662,-395.065826416,76763,39227,16.7687,2.9712,13.7976,87.5366,0.15762,0.957,1.0715,1.1197
aw-cql-seed2,cql,50000,12,50000,fb0de1901fe8f662,-395.065826416,33583,82841,17.1697,4.5618,12.6079,87.5366,0.14403,0.9377,1.0286,1.097
aw-cql-seed2,cql,50000,13,50000,fb0de1901fe8f662,-395.065826416,29838,52509,24.8791,1.5849,23.2942,87.5366,0.26611,0.8904,1.0563,1.1863
aw-cql-seed2,cql,50000,14,50000,fb0de1901fe8f662,-395.065826416,36307,14110,35.1791,0.7973,34.3818,87.5366,0.39277,0.9404,1.2486,1.3277
aw-cql-seed2,cql,51000,0,51000,494cc94f1c14b8bc,-403.923126221,237311,68413,62.1968,19.5685,42.6282,87.7284,0.48591,0.848,1.3294,1.5677
aw-cql-seed2,cql,51000,2,51000,494cc94f1c14b8bc,-403.923126221,168808,33814,35.1914,7.2679,27.9235,87.7284,0.3183,0.8957,1.0911,1.2181
aw-cql-seed2,cql,51000,4,51000,494cc94f1c14b8bc,-403.923126221,35214,133999,21.2691,2.0934,19.1756,87.7284,0.21858,0.879,0.9857,1.1214
aw-cql-seed2,cql,51000,5,51000,494cc94f1c14b8bc,-403.923126221,40938,30344,26.6917,-1.1732,27.865,87.7284,0.31763,0.9243,1.1187,1.2103
aw-cql-seed2,cql,51000,6,51000,494cc94f1c14b8bc,-403.923126221,51996,11915,29.9226,2.2764,27.6462,87.7284,0.31513,0.9425,1.2154,1.2896
aw-cql-seed2,cql,51000,7,51000,494cc94f1c14b8bc,-403.923126221,64933,19513,26.2615,7.2331,19.0283,87.7284,0.2169,0.9099,1.1534,1.2676
aw-cql-seed2,cql,51000,11,51000,494cc94f1c14b8bc,-403.923126221,76763,39227,16.6335,2.6356,13.9979,87.7284,0.15956,0.9592,1.0709,1.1164
aw-cql-seed2,cql,51000,12,51000,494cc94f1c14b8bc,-403.923126221,33583,82841,16.5298,4.0472,12.4826,87.7284,0.14229,0.9387,1.029,1.0962
aw-cql-seed2,cql,51000,13,51000,494cc94f1c14b8bc,-403.923126221,29838,52509,24.5342,1.66,22.8742,87.7284,0.26074,0.8955,1.0563,1.1796
aw-cql-seed2,cql,51000,14,51000,494cc94f1c14b8bc,-403.923126221,36307,14110,35.2045,0.8946,34.31,87.7284,0.39109,0.9454,1.2519,1.3242
aw-cql-seed2,cql,52000,0,52000,98882589e2b19289,-417.102233887,237311,68413,61.6425,20.3595,41.283,87.4074,0.47231,0.8467,1.3419,1.585
aw-cql-seed2,cql,52000,2,52000,98882589e2b19289,-417.102233887,168808,33814,33.8731,6.3458,27.5273,87.4074,0.31493,0.8931,1.0927,1.2235
aw-cql-seed2,cql,52000,4,52000,98882589e2b19289,-417.102233887,35214,133999,22.2869,2.125,20.1618,87.4074,0.23067,0.8789,0.9869,1.1229
aw-cql-seed2,cql,52000,5,52000,98882589e2b19289,-417.102233887,40938,30344,26.0707,-1.3518,27.4224,87.4074,0.31373,0.9239,1.1251,1.2178
aw-cql-seed2,cql,52000,6,52000,98882589e2b19289,-417.102233887,51996,11915,27.859,2.1084,25.7506,87.4074,0.2946,0.9453,1.2228,1.2934
aw-cql-seed2,cql,52000,7,52000,98882589e2b19289,-417.102233887,64933,19513,25.6851,7.4832,18.2019,87.4074,0.20824,0.9073,1.1556,1.2737
aw-cql-seed2,cql,52000,11,52000,98882589e2b19289,-417.102233887,76763,39227,16.2047,2.0869,14.1178,87.4074,0.16152,0.9623,1.0741,1.1162
aw-cql-seed2,cql,52000,12,52000,98882589e2b19289,-417.102233887,33583,82841,16.35,3.5407,12.8093,87.4074,0.14655,0.9375,1.026,1.0944
aw-cql-seed2,cql,52000,13,52000,98882589e2b19289,-417.102233887,29838,52509,24.2298,0.8111,23.4187,87.4074,0.26793,0.8942,1.0564,1.1814
aw-cql-seed2,cql,52000,14,52000,98882589e2b19289,-417.102233887,36307,14110,36.015,1.0328,34.9821,87.4074,0.40022,0.9479,1.2613,1.3306
aw-cql-seed2,cql,53000,0,53000,93c11ec3c54cba3a,-424.766601562,237311,68413,61.3044,20.098,41.2064,86.3307,0.47731,0.8471,1.332,1.5725
aw-cql-seed2,cql,53000,2,53000,93c11ec3c54cba3a,-424.766601562,168808,33814,33.0132,6.1896,26.8236,86.3307,0.31071,0.8952,1.0912,1.2189
aw-cql-seed2,cql,53000,4,53000,93c11ec3c54cba3a,-424.766601562,35214,133999,20.9218,1.6689,19.2529,86.3307,0.22301,0.8813,0.9876,1.1206
aw-cql-seed2,cql,53000,5,53000,93c11ec3c54cba3a,-424.766601562,40938,30344,24.4023,-1.8588,26.2611,86.3307,0.30419,0.9208,1.1201,1.2164
aw-cql-seed2,cql,53000,6,53000,93c11ec3c54cba3a,-424.766601562,51996,11915,27.7703,1.3285,26.4418,86.3307,0.30629,0.9415,1.2069,1.2819
aw-cql-seed2,cql,53000,7,53000,93c11ec3c54cba3a,-424.766601562,64933,19513,24.7598,6.5644,18.1954,86.3307,0.21076,0.905,1.1442,1.2642
aw-cql-seed2,cql,53000,11,53000,93c11ec3c54cba3a,-424.766601562,76763,39227,16.4301,2.047,14.3832,86.3307,0.16661,0.9573,1.0685,1.1161
aw-cql-seed2,cql,53000,12,53000,93c11ec3c54cba3a,-424.766601562,33583,82841,16.0286,4.0085,12.0201,86.3307,0.13923,0.9345,1.0241,1.096
aw-cql-seed2,cql,53000,13,53000,93c11ec3c54cba3a,-424.766601562,29838,52509,24.2178,0.8603,23.3575,86.3307,0.27056,0.8925,1.0571,1.1844
aw-cql-seed2,cql,53000,14,53000,93c11ec3c54cba3a,-424.766601562,36307,14110,35.374,0.1922,35.1818,86.3307,0.40752,0.944,1.2549,1.3293
aw-cql-seed2,cql,54000,0,54000,9358cf523fc33358,-427.719207764,237311,68413,60.7361,19.0953,41.6408,86.0409,0.48397,0.8471,1.3371,1.5784
aw-cql-seed2,cql,54000,2,54000,9358cf523fc33358,-427.719207764,168808,33814,32.7221,6.0542,26.6678,86.0409,0.30994,0.8965,1.0915,1.2175
aw-cql-seed2,cql,54000,4,54000,9358cf523fc33358,-427.719207764,35214,133999,21.076,1.8948,19.1812,86.0409,0.22293,0.8777,0.9828,1.1197
aw-cql-seed2,cql,54000,5,54000,9358cf523fc33358,-427.719207764,40938,30344,25.4792,-1.2931,26.7723,86.0409,0.31116,0.915,1.1125,1.2159
aw-cql-seed2,cql,54000,6,54000,9358cf523fc33358,-427.719207764,51996,11915,27.1327,1.0343,26.0983,86.0409,0.30332,0.9404,1.2035,1.2798
aw-cql-seed2,cql,54000,7,54000,9358cf523fc33358,-427.719207764,64933,19513,24.5237,5.8365,18.6873,86.0409,0.21719,0.9075,1.1481,1.2651
aw-cql-seed2,cql,54000,11,54000,9358cf523fc33358,-427.719207764,76763,39227,17.3705,2.8084,14.5621,86.0409,0.16925,0.9551,1.0676,1.1178
aw-cql-seed2,cql,54000,12,54000,9358cf523fc33358,-427.719207764,33583,82841,16.2213,3.86,12.3613,86.0409,0.14367,0.9338,1.0236,1.0962
aw-cql-seed2,cql,54000,13,54000,9358cf523fc33358,-427.719207764,29838,52509,24.3489,1.2477,23.1012,86.0409,0.26849,0.8905,1.0521,1.1814
aw-cql-seed2,cql,54000,14,54000,9358cf523fc33358,-427.719207764,36307,14110,35.7342,0.5517,35.1825,86.0409,0.4089,0.939,1.24,1.3206
aw-cql-seed2,cql,55000,0,55000,91b4a37d5fd9d4f0,-438.258880615,237311,68413,60.3405,18.3368,42.0037,86.7485,0.4842,0.8462,1.3262,1.5671
aw-cql-seed2,cql,55000,2,55000,91b4a37d5fd9d4f0,-438.258880615,168808,33814,33.7311,6.2997,27.4315,86.7485,0.31622,0.8966,1.091,1.2169
aw-cql-seed2,cql,55000,4,55000,91b4a37d5fd9d4f0,-438.258880615,35214,133999,21.4929,2.0217,19.4713,86.7485,0.22446,0.8752,0.9864,1.1271
aw-cql-seed2,cql,55000,5,55000,91b4a37d5fd9d4f0,-438.258880615,40938,30344,26.2596,-1.1395,27.3991,86.7485,0.31584,0.9141,1.1173,1.2223
aw-cql-seed2,cql,55000,6,55000,91b4a37d5fd9d4f0,-438.258880615,51996,11915,28.2766,1.179,27.0976,86.7485,0.31237,0.9398,1.209,1.2865
aw-cql-seed2,cql,55000,7,55000,91b4a37d5fd9d4f0,-438.258880615,64933,19513,24.6983,6.0735,18.6248,86.7485,0.2147,0.9076,1.1451,1.2617
aw-cql-seed2,cql,55000,11,55000,91b4a37d5fd9d4f0,-438.258880615,76763,39227,15.9925,2.1358,13.8568,86.7485,0.15974,0.9582,1.068,1.1147
aw-cql-seed2,cql,55000,12,55000,91b4a37d5fd9d4f0,-438.258880615,33583,82841,15.881,3.814,12.067,86.7485,0.1391,0.9353,1.0259,1.0969
aw-cql-seed2,cql,55000,13,55000,91b4a37d5fd9d4f0,-438.258880615,29838,52509,24.1383,1.125,23.0133,86.7485,0.26529,0.8878,1.055,1.1883
aw-cql-seed2,cql,55000,14,55000,91b4a37d5fd9d4f0,-438.258880615,36307,14110,35.4089,0.1811,35.2277,86.7485,0.40609,0.9375,1.2444,1.3273
aw-cql-seed2,cql,56000,0,56000,5da598e88b5c92b8,-445.466888428,237311,68413,60.6887,19.0919,41.5968,86.492,0.48093,0.8456,1.3274,1.5698
aw-cql-seed2,cql,56000,2,56000,5da598e88b5c92b8,-445.466888428,168808,33814,32.1828,6.0618,26.1211,86.492,0.30201,0.8927,1.0827,1.2128
aw-cql-seed2,cql,56000,4,56000,5da598e88b5c92b8,-445.466888428,35214,133999,20.3005,1.6933,18.6072,86.492,0.21513,0.8844,0.9913,1.1209
aw-cql-seed2,cql,56000,5,56000,5da598e88b5c92b8,-445.466888428,40938,30344,25.9208,-1.4548,27.3756,86.492,0.31651,0.9262,1.1241,1.2136
aw-cql-seed2,cql,56000,6,56000,5da598e88b5c92b8,-445.466888428,51996,11915,26.9538,1.328,25.6258,86.492,0.29628,0.9431,1.2113,1.2844
aw-cql-seed2,cql,56000,7,56000,5da598e88b5c92b8,-445.466888428,64933,19513,24.9271,6.3855,18.5415,86.492,0.21437,0.9067,1.1478,1.266
aw-cql-seed2,cql,56000,11,56000,5da598e88b5c92b8,-445.466888428,76763,39227,17.3569,2.8345,14.5224,86.492,0.16791,0.9601,1.073,1.1177
aw-cql-seed2,cql,56000,12,56000,5da598e88b5c92b8,-445.466888428,33583,82841,15.1645,3.5524,11.6121,86.492,0.13426,0.9373,1.0292,1.098
aw-cql-seed2,cql,56000,13,56000,5da598e88b5c92b8,-445.466888428,29838,52509,23.9548,1.0967,22.8581,86.492,0.26428,0.901,1.0633,1.1801
aw-cql-seed2,cql,56000,14,56000,5da598e88b5c92b8,-445.466888428,36307,14110,35.1246,0.2326,34.892,86.492,0.40341,0.949,1.2544,1.3219
aw-cql-seed2,cql,57000,0,57000,fe4f6a79b5b59a28,-456.947021484,237311,68413,60.2839,19.4498,40.8341,85.5794,0.47715,0.846,1.3343,1.5773
aw-cql-seed2,cql,57000,2,57000,fe4f6a79b5b59a28,-456.947021484,168808,33814,32.4594,6.1695,26.2899,85.5794,0.3072,0.8938,1.0859,1.2149
aw-cql-seed2,cql,57000,4,57000,fe4f6a79b5b59a28,-456.947021484,35214,133999,19.3403,1.5006,17.8397,85.5794,0.20846,0.8748,0.9821,1.1226
aw-cql-seed2,cql,57000,5,57000,fe4f6a79b5b59a28,-456.947021484,40938,30344,24.5677,-1.8096,26.3773,85.5794,0.30822,0.9164,1.1137,1.2153
aw-cql-seed2,cql,57000,6,57000,fe4f6a79b5b59a28,-456.947021484,51996,11915,27.1854,1.2704,25.915,85.5794,0.30282,0.9381,1.2069,1.2864
aw-cql-seed2,cql,57000,7,57000,fe4f6a79b5b59a28,-456.947021484,64933,19513,23.7078,5.9073,17.8005,85.5794,0.208,0.9056,1.1471,1.2666
aw-cql-seed2,cql,57000,11,57000,fe4f6a79b5b59a28,-456.947021484,76763,39227,15.2412,1.5698,13.6714,85.5794,0.15975,0.9545,1.0692,1.1202
aw-cql-seed2,cql,57000,12,57000,fe4f6a79b5b59a28,-456.947021484,33583,82841,14.467,3.1709,11.2961,85.5794,0.132,0.934,1.0231,1.0954
aw-cql-seed2,cql,57000,13,57000,fe4f6a79b5b59a28,-456.947021484,29838,52509,22.578,0.8051,21.7729,85.5794,0.25442,0.8913,1.0534,1.1819
aw-cql-seed2,cql,57000,14,57000,fe4f6a79b5b59a28,-456.947021484,36307,14110,34.8557,0.2083,34.6473,85.5794,0.40486,0.9402,1.2412,1.3202
aw-cql-seed2,cql,58000,0,58000,d27475af13f18361,-461.829650879,237311,68413,60.3166,17.2825,43.0341,86.8068,0.49575,0.8466,1.3248,1.5649
aw-cql-seed2,cql,58000,2,58000,d27475af13f18361,-461.829650879,168808,33814,32.6977,5.941,26.7567,86.8068,0.30823,0.8961,1.0881,1.2143
aw-cql-seed2,cql,58000,4,58000,d27475af13f18361,-461.829650879,35214,133999,20.2291,1.7453,18.4837,86.8068,0.21293,0.8745,0.9826,1.1237
aw-cql-seed2,cql,58000,5,58000,d27475af13f18361,-461.829650879,40938,30344,24.5131,-1.733,26.2461,86.8068,0.30235,0.9177,1.122,1.2226
aw-cql-seed2,cql,58000,6,58000,d27475af13f18361,-461.829650879,51996,11915,26.7976,0.9304,25.8671,86.8068,0.29799,0.9419,1.2144,1.2893
aw-cql-seed2,cql,58000,7,58000,d27475af13f18361,-461.829650879,64933,19513,25.1246,6.3676,18.757,86.8068,0.21608,0.9077,1.1462,1.2628
aw-cql-seed2,cql,58000,11,58000,d27475af13f18361,-461.829650879,76763,39227,16.0262,2.3591,13.6672,86.8068,0.15744,0.9582,1.0697,1.1164
aw-cql-seed2,cql,58000,12,58000,d27475af13f18361,-461.829650879,33583,82841,15.4274,3.7953,11.6321,86.8068,0.134,0.9358,1.0252,1.0956
aw-cql-seed2,cql,58000,13,58000,d27475af13f18361,-461.829650879,29838,52509,23.284,0.6399,22.6442,86.8068,0.26086,0.8905,1.0561,1.1859
aw-cql-seed2,cql,58000,14,58000,d27475af13f18361,-461.829650879,36307,14110,35.1294,0.3994,34.73,86.8068,0.40008,0.9414,1.2559,1.3341
aw-cql-seed2,cql,59000,0,59000,7e3bc0f642c2c144,-471.346008301,237311,68413,59.1868,17.6136,41.5732,84.4557,0.49225,0.8449,1.3224,1.5652
aw-cql-seed2,cql,59000,2,59000,7e3bc0f642c2c144,-471.346008301,168808,33814,32.1157,6.3558,25.7599,84.4557,0.30501,0.895,1.0891,1.2169
aw-cql-seed2,cql,59000,4,59000,7e3bc0f642c2c144,-471.346008301,35214,133999,19.4971,1.6129,17.8842,84.4557,0.21176,0.8741,0.9804,1.1216
aw-cql-seed2,cql,59000,5,59000,7e3bc0f642c2c144,-471.346008301,40938,30344,24.1051,-1.261,25.3661,84.4557,0.30035,0.9143,1.1114,1.2156
aw-cql-seed2,cql,59000,6,59000,7e3bc0f642c2c144,-471.346008301,51996,11915,26.451,0.8337,25.6173,84.4557,0.30332,0.9389,1.2035,1.2818
aw-cql-seed2,cql,59000,7,59000,7e3bc0f642c2c144,-471.346008301,64933,19513,24.2669,6.5635,17.7034,84.4557,0.20962,0.9052,1.142,1.2615
aw-cql-seed2,cql,59000,11,59000,7e3bc0f642c2c144,-471.346008301,76763,39227,15.3621,1.6803,13.6818,84.4557,0.162,0.9576,1.0701,1.1175
aw-cql-seed2,cql,59000,12,59000,7e3bc0f642c2c144,-471.346008301,33583,82841,14.8612,3.531,11.3303,84.4557,0.13416,0.9361,1.0237,1.0935
aw-cql-seed2,cql,59000,13,59000,7e3bc0f642c2c144,-471.346008301,29838,52509,24.8952,1.4893,23.4059,84.4557,0.27714,0.8905,1.0518,1.1811
aw-cql-seed2,cql,59000,14,59000,7e3bc0f642c2c144,-471.346008301,36307,14110,35.6414,0.4771,35.1643,84.4557,0.41636,0.9395,1.2374,1.317
aw-cql-seed2,cql,60000,0,60000,502287aba485ed20,-480.026123047,237311,68413,59.2819,16.6652,42.6166,85.507,0.4984,0.8469,1.3262,1.566
aw-cql-seed2,cql,60000,2,60000,502287aba485ed20,-480.026123047,168808,33814,31.0716,5.096,25.9756,85.507,0.30378,0.8945,1.0835,1.2113
aw-cql-seed2,cql,60000,4,60000,502287aba485ed20,-480.026123047,35214,133999,19.7313,1.838,17.8933,85.507,0.20926,0.8745,0.9841,1.1253
aw-cql-seed2,cql,60000,5,60000,502287aba485ed20,-480.026123047,40938,30344,24.2245,-1.237,25.4614,85.507,0.29777,0.9165,1.1185,1.2204
aw-cql-seed2,cql,60000,6,60000,502287aba485ed20,-480.026123047,51996,11915,25.7376,0.7125,25.0251,85.507,0.29267,0.9434,1.2166,1.2895
aw-cql-seed2,cql,60000,7,60000,502287aba485ed20,-480.026123047,64933,19513,24.5729,6.0841,18.4888,85.507,0.21622,0.9064,1.1465,1.2649
aw-cql-seed2,cql,60000,11,60000,502287aba485ed20,-480.026123047,76763,39227,15.2489,2.0423,13.2067,85.507,0.15445,0.9553,1.0657,1.1156
aw-cql-seed2,cql,60000,12,60000,502287aba485ed20,-480.026123047,33583,82841,14.9731,3.7713,11.2018,85.507,0.131,0.9346,1.0236,1.0952
aw-cql-seed2,cql,60000,13,60000,502287aba485ed20,-480.026123047,29838,52509,23.9739,1.4231,22.5508,85.507,0.26373,0.8894,1.0549,1.1861
aw-cql-seed2,cql,60000,14,60000,502287aba485ed20,-480.026123047,36307,14110,35.2292,0.4105,34.8187,85.507,0.4072,0.9396,1.2513,1.3317
aw-cql-seed2,cql,61000,0,61000,0d538b92ac19920f,-495.122436523,237311,68413,59.0929,17.0541,42.0389,84.5862,0.49699,0.8452,1.3192,1.5609
aw-cql-seed2,cql,61000,2,61000,0d538b92ac19920f,-495.122436523,168808,33814,31.1764,5.3793,25.7971,84.5862,0.30498,0.8969,1.0851,1.2099
aw-cql-seed2,cql,61000,4,61000,0d538b92ac19920f,-495.122436523,35214,133999,18.1216,1.273,16.8486,84.5862,0.19919,0.8752,0.9808,1.1206
aw-cql-seed2,cql,61000,5,61000,0d538b92ac19920f,-495.122436523,40938,30344,22.6554,-1.8195,24.4749,84.5862,0.28935,0.9139,1.1144,1.2193
aw-cql-seed2,cql,61000,6,61000,0d538b92ac19920f,-495.122436523,51996,11915,27.6134,1.4395,26.1739,84.5862,0.30943,0.9391,1.2074,1.2857
aw-cql-seed2,cql,61000,7,61000,0d538b92ac19920f,-495.122436523,64933,19513,24.387,6.3854,18.0016,84.5862,0.21282,0.9064,1.1455,1.2637
aw-cql-seed2,cql,61000,11,61000,0d538b92ac19920f,-495.122436523,76763,39227,14.4594,1.2301,13.2293,84.5862,0.1564,0.956,1.068,1.1172
aw-cql-seed2,cql,61000,12,61000,0d538b92ac19920f,-495.122436523,33583,82841,14.6581,3.2352,11.4229,84.5862,0.13504,0.9344,1.0228,1.0946
aw-cql-seed2,cql,61000,13,61000,0d538b92ac19920f,-495.122436523,29838,52509,22.0836,0.72,21.3636,84.5862,0.25257,0.888,1.0514,1.1841
aw-cql-seed2,cql,61000,14,61000,0d538b92ac19920f,-495.122436523,36307,14110,33.5964,-0.5808,34.1771,84.5862,0.40405,0.9397,1.2514,1.3317
aw-cql-seed2,cql,62000,0,62000,b4df3c7be57b6c7c,-506.365447998,237311,68413,58.1484,16.8352,41.3132,83.66,0.49382,0.8475,1.3375,1.5782
aw-cql-seed2,cql,62000,2,62000,b4df3c7be57b6c7c,-506.365447998,168808,33814,30.8544,5.5261,25.3284,83.66,0.30275,0.8929,1.0853,1.2155
aw-cql-seed2,cql,62000,4,62000,b4df3c7be57b6c7c,-506.365447998,35214,133999,19.1717,1.638,17.5337,83.66,0.20958,0.8766,0.9825,1.1208
aw-cql-seed2,cql,62000,5,62000,b4df3c7be57b6c7c,-506.365447998,40938,30344,23.0603,-1.6891,24.7494,83.66,0.29583,0.9171,1.1131,1.2137
aw-cql-seed2,cql,62000,6,62000,b4df3c7be57b6c7c,-506.365447998,51996,11915,25.3013,0.9674,24.334,83.66,0.29087,0.9386,1.2025,1.2812
aw-cql-seed2,cql,62000,7,62000,b4df3c7be57b6c7c,-506.365447998,64933,19513,23.0166,5.5725,17.4441,83.66,0.20851,0.9063,1.1373,1.2549
aw-cql-seed2,cql,62000,11,62000,b4df3c7be57b6c7c,-506.365447998,76763,39227,14.35,1.5596,12.7905,83.66,0.15289,0.9584,1.0687,1.115
aw-cql-seed2,cql,62000,12,62000,b4df3c7be57b6c7c,-506.365447998,33583,82841,12.9906,2.6919,10.2987,83.66,0.1231,0.9353,1.0221,1.0927
aw-cql-seed2,cql,62000,13,62000,b4df3c7be57b6c7c,-506.365447998,29838,52509,22.4073,0.7868,21.6205,83.66,0.25843,0.892,1.0534,1.1809
aw-cql-seed2,cql,62000,14,62000,b4df3c7be57b6c7c,-506.365447998,36307,14110,34.2097,0.0772,34.1324,83.66,0.40799,0.9418,1.2456,1.3226
aw-cql-seed2,cql,63000,0,63000,5593f37dd7de3695,-518.128723145,237311,68413,58.4332,17.4171,41.0161,83.8342,0.48925,0.8437,1.3274,1.5732
aw-cql-seed2,cql,63000,2,63000,5593f37dd7de3695,-518.128723145,168808,33814,31.1384,4.8298,26.3086,83.8342,0.31382,0.8936,1.0805,1.2092
aw-cql-seed2,cql,63000,4,63000,5593f37dd7de3695,-518.128723145,35214,133999,18.2228,1.3032,16.9196,83.8342,0.20182,0.8775,0.9813,1.1183
aw-cql-seed2,cql,63000,5,63000,5593f37dd7de3695,-518.128723145,40938,30344,23.5083,-1.6198,25.1281,83.8342,0.29974,0.9151,1.1115,1.2146
aw-cql-seed2,cql,63000,6,63000,5593f37dd7de3695,-518.128723145,51996,11915,26.8173,1.2694,25.5479,83.8342,0.30474,0.9365,1.2026,1.2842
aw-cql-seed2,cql,63000,7,63000,5593f37dd7de3695,-518.128723145,64933,19513,23.8183,5.1706,18.6477,83.8342,0.22244,0.903,1.1384,1.2607
aw-cql-seed2,cql,63000,11,63000,5593f37dd7de3695,-518.128723145,76763,39227,14.3482,1.4509,12.8973,83.8342,0.15384,0.9574,1.0651,1.1125
aw-cql-seed2,cql,63000,12,63000,5593f37dd7de3695,-518.128723145,33583,82841,13.2921,3.209,10.0831,83.8342,0.12027,0.935,1.0219,1.0929
aw-cql-seed2,cql,63000,13,63000,5593f37dd7de3695,-518.128723145,29838,52509,22.4915,0.8914,21.6001,83.8342,0.25765,0.8902,1.0513,1.1809
aw-cql-seed2,cql,63000,14,63000,5593f37dd7de3695,-518.128723145,36307,14110,34.535,-0.211,34.746,83.8342,0.41446,0.9362,1.2407,1.3252
aw-cql-seed2,cql,64000,0,64000,1e9b13caee73b9c4,-530.029296875,237311,68413,59.412,17.9463,41.4657,85.0301,0.48766,0.8451,1.3237,1.5663
aw-cql-seed2,cql,64000,2,64000,1e9b13caee73b9c4,-530.029296875,168808,33814,31.0804,5.7132,25.3672,85.0301,0.29833,0.8937,1.0837,1.2125
aw-cql-seed2,cql,64000,4,64000,1e9b13caee73b9c4,-530.029296875,35214,133999,18.1884,1.4533,16.7351,85.0301,0.19681,0.8766,0.9802,1.1182
aw-cql-seed2,cql,64000,5,64000,1e9b13caee73b9c4,-530.029296875,40938,30344,22.9916,-2.0592,25.0509,85.0301,0.29461,0.9184,1.118,1.2173
aw-cql-seed2,cql,64000,6,64000,1e9b13caee73b9c4,-530.029296875,51996,11915,27.0331,1.3762,25.6569,85.0301,0.30174,0.9407,1.2077,1.2838
aw-cql-seed2,cql,64000,7,64000,1e9b13caee73b9c4,-530.029296875,64933,19513,23.4008,5.5965,17.8043,85.0301,0.20939,0.9078,1.1415,1.2575
aw-cql-seed2,cql,64000,11,64000,1e9b13caee73b9c4,-530.029296875,76763,39227,13.7982,1.3106,12.4877,85.0301,0.14686,0.9572,1.067,1.1147
aw-cql-seed2,cql,64000,12,64000,1e9b13caee73b9c4,-530.029296875,33583,82841,13.6389,3.0758,10.563,85.0301,0.12423,0.934,1.0216,1.0938
aw-cql-seed2,cql,64000,13,64000,1e9b13caee73b9c4,-530.029296875,29838,52509,21.8642,0.3251,21.5391,85.0301,0.25331,0.8925,1.0534,1.1803
aw-cql-seed2,cql,64000,14,64000,1e9b13caee73b9c4,-530.029296875,36307,14110,34.0096,-0.2637,34.2733,85.0301,0.40307,0.9426,1.2516,1.3278
aw-cql-seed2,cql,65000,0,65000,2cc8c2f067538012,-536.067138672,237311,68413,59.3121,18.0528,41.2593,85.2794,0.48381,0.8452,1.3317,1.5756
aw-cql-seed2,cql,65000,2,65000,2cc8c2f067538012,-536.067138672,168808,33814,30.5704,5.3058,25.2646,85.2794,0.29626,0.8939,1.0827,1.2112
aw-cql-seed2,cql,65000,4,65000,2cc8c2f067538012,-536.067138672,35214,133999,18.4822,1.6823,16.7999,85.2794,0.197,0.8726,0.9802,1.1233
aw-cql-seed2,cql,65000,5,65000,2cc8c2f067538012,-536.067138672,40938,30344,22.2264,-2.1245,24.3509,85.2794,0.28554,0.9133,1.1145,1.2203
aw-cql-seed2,cql,65000,6,65000,2cc8c2f067538012,-536.067138672,51996,11915,25.6124,0.2169,25.3955,85.2794,0.29779,0.9383,1.2034,1.2825
aw-cql-seed2,cql,65000,7,65000,2cc8c2f067538012,-536.067138672,64933,19513,22.9425,5.4539,17.4886,85.2794,0.20507,0.9068,1.1381,1.2551
aw-cql-seed2,cql,65000,11,65000,2cc8c2f067538012,-536.067138672,76763,39227,13.2459,1.0718,12.1741,85.2794,0.14276,0.9552,1.0649,1.1149
aw-cql-seed2,cql,65000,12,65000,2cc8c2f067538012,-536.067138672,33583,82841,14.2357,3.3913,10.8445,85.2794,0.12716,0.9319,1.018,1.0924
aw-cql-seed2,cql,65000,13,65000,2cc8c2f067538012,-536.067138672,29838,52509,22.441,0.8341,21.6069,85.2794,0.25337,0.8871,1.0504,1.1841
aw-cql-seed2,cql,65000,14,65000,2cc8c2f067538012,-536.067138672,36307,14110,33.7339,-0.7053,34.4392,85.2794,0.40384,0.936,1.2441,1.3292
aw-cql-seed2,cql,66000,0,66000,31991f85f72acb45,-550.41418457,237311,68413,57.7324,17.1971,40.5353,83.2396,0.48697,0.8463,1.329,1.5703
aw-cql-seed2,cql,66000,2,66000,31991f85f72acb45,-550.41418457,168808,33814,31.2758,5.4046,25.8712,83.2396,0.3108,0.8945,1.0804,1.2079
aw-cql-seed2,cql,66000,4,66000,31991f85f72acb45,-550.41418457,35214,133999,16.3835,0.8534,15.5302,83.2396,0.18657,0.8716,0.9785,1.1227
aw-cql-seed2,cql,66000,5,66000,31991f85f72acb45,-550.41418457,40938,30344,21.8664,-1.8972,23.7636,83.2396,0.28548,0.9111,1.1159,1.2248
aw-cql-seed2,cql,66000,6,66000,31991f85f72acb45,-550.41418457,51996,11915,25.5325,0.2999,25.2326,83.2396,0.30313,0.941,1.2137,1.2897
aw-cql-seed2,cql,66000,7,66000,31991f85f72acb45,-550.41418457,64933,19513,22.632,5.0617,17.5704,83.2396,0.21108,0.9086,1.1428,1.2578
aw-cql-seed2,cql,66000,11,66000,31991f85f72acb45,-550.41418457,76763,39227,14.0726,1.6177,12.455,83.2396,0.14963,0.9565,1.0662,1.1146
aw-cql-seed2,cql,66000,12,66000,31991f85f72acb45,-550.41418457,33583,82841,13.1893,2.8228,10.3665,83.2396,0.12454,0.9357,1.0225,1.0927
aw-cql-seed2,cql,66000,13,66000,31991f85f72acb45,-550.41418457,29838,52509,20.3428,0.4685,19.8743,83.2396,0.23876,0.8849,1.0505,1.1872
aw-cql-seed2,cql,66000,14,66000,31991f85f72acb45,-550.41418457,36307,14110,33.7421,-0.9797,34.7219,83.2396,0.41713,0.9358,1.2479,1.3335
aw-cql-seed2,cql,67000,0,67000,2f12bcc8a48163de,-557.144042969,237311,68413,57.9492,16.6507,41.2985,83.4178,0.49508,0.8451,1.322,1.5644
aw-cql-seed2,cql,67000,2,67000,2f12bcc8a48163de,-557.144042969,168808,33814,30.6837,4.9631,25.7206,83.4178,0.30833,0.8928,1.0796,1.2093
aw-cql-seed2,cql,67000,4,67000,2f12bcc8a48163de,-557.144042969,35214,133999,16.1238,1.484,14.6398,83.4178,0.1755,0.8735,0.9802,1.1221
aw-cql-seed2,cql,67000,5,67000,2f12bcc8a48163de,-557.144042969,40938,30344,21.5685,-1.8692,23.4377,83.4178,0.28097,0.912,1.1116,1.2188
aw-cql-seed2,cql,67000,6,67000,2f12bcc8a48163de,-557.144042969,51996,11915,25.9753,0.006,25.9693,83.4178,0.31132,0.9371,1.2015,1.2821
aw-cql-seed2,cql,67000,7,67000,2f12bcc8a48163de,-557.144042969,64933,19513,22.6574,4.8315,17.8258,83.4178,0.21369,0.9043,1.1367,1.257
aw-cql-seed2,cql,67000,11,67000,2f12bcc8a48163de,-557.144042969,76763,39227,13.4135,1.0676,12.346,83.4178,0.148,0.9556,1.0639,1.1133
aw-cql-seed2,cql,67000,12,67000,2f12bcc8a48163de,-557.144042969,33583,82841,12.541,2.624,9.917,83.4178,0.11888,0.934,1.0213,1.0935
aw-cql-seed2,cql,67000,13,67000,2f12bcc8a48163de,-557.144042969,29838,52509,21.2726,0.5535,20.7191,83.4178,0.24838,0.8861,1.0501,1.1851
aw-cql-seed2,cql,67000,14,67000,2f12bcc8a48163de,-557.144042969,36307,14110,33.8396,-0.3208,34.1605,83.4178,0.40951,0.9367,1.2385,1.3222
aw-cql-seed2,cql,68000,0,68000,389b1174a2dec93e,-572.601196289,237311,68413,56.9716,15.8699,41.1018,83.3851,0.49291,0.8456,1.3302,1.573
aw-cql-seed2,cql,68000,2,68000,389b1174a2dec93e,-572.601196289,168808,33814,30.1254,4.802,25.3234,83.3851,0.30369,0.8932,1.0811,1.2104
aw-cql-seed2,cql,68000,4,68000,389b1174a2dec93e,-572.601196289,35214,133999,16.5834,1.1744,15.409,83.3851,0.18479,0.878,0.9821,1.1185
aw-cql-seed2,cql,68000,5,68000,389b1174a2dec93e,-572.601196289,40938,30344,21.7454,-1.8844,23.6298,83.3851,0.28338,0.9157,1.1143,1.2169
aw-cql-seed2,cql,68000,6,68000,389b1174a2dec93e,-572.601196289,51996,11915,25.2661,-0.1096,25.3757,83.3851,0.30432,0.9361,1.2023,1.2843
aw-cql-seed2,cql,68000,7,68000,389b1174a2dec93e,-572.601196289,64933,19513,22.9909,4.9182,18.0727,83.3851,0.21674,0.9034,1.1378,1.2594
aw-cql-seed2,cql,68000,11,68000,389b1174a2dec93e,-572.601196289,76763,39227,14.1139,1.1798,12.9341,83.3851,0.15511,0.954,1.0627,1.114
aw-cql-seed2,cql,68000,12,68000,389b1174a2dec93e,-572.601196289,33583,82841,13.6636,3.0562,10.6073,83.3851,0.12721,0.9361,1.0214,1.0911
aw-cql-seed2,cql,68000,13,68000,389b1174a2dec93e,-572.601196289,29838,52509,20.308,0.3133,19.9947,83.3851,0.23979,0.8937,1.0531,1.1783
aw-cql-seed2,cql,68000,14,68000,389b1174a2dec93e,-572.601196289,36307,14110,32.5725,-0.971,33.5435,83.3851,0.40227,0.9387,1.2409,1.322
aw-cql-seed2,cql,69000,0,69000,e3e38fbc22d862b6,-585.440429688,237311,68413,56.8774,15.8126,41.0648,83.0203,0.49464,0.8437,1.324,1.5692
aw-cql-seed2,cql,69000,2,69000,e3e38fbc22d862b6,-585.440429688,168808,33814,30.8658,4.7677,26.0981,83.0203,0.31436,0.8937,1.0837,1.2125
aw-cql-seed2,cql,69000,4,69000,e3e38fbc22d862b6,-585.440429688,35214,133999,17.048,1.2781,15.7699,83.0203,0.18995,0.8769,0.9807,1.1184
aw-cql-seed2,cql,69000,5,69000,e3e38fbc22d862b6,-585.440429688,40938,30344,22.386,-1.8598,24.2459,83.0203,0.29205,0.9141,1.1134,1.218
aw-cql-seed2,cql,69000,6,69000,e3e38fbc22d862b6,-585.440429688,51996,11915,24.3919,-0.2345,24.6265,83.0203,0.29663,0.9371,1.2019,1.2826
aw-cql-seed2,cql,69000,7,69000,e3e38fbc22d862b6,-585.440429688,64933,19513,22.7164,4.845,17.8713,83.0203,0.21526,0.9051,1.142,1.2618
aw-cql-seed2,cql,69000,11,69000,e3e38fbc22d862b6,-585.440429688,76763,39227,12.5207,0.6388,11.8819,83.0203,0.14312,0.9522,1.0613,1.1146
aw-cql-seed2,cql,69000,12,69000,e3e38fbc22d862b6,-585.440429688,33583,82841,12.457,2.8061,9.6509,83.0203,0.11625,0.9323,1.0184,1.0924
aw-cql-seed2,cql,69000,13,69000,e3e38fbc22d862b6,-585.440429688,29838,52509,21.5543,0.7239,20.8304,83.0203,0.25091,0.8876,1.0513,1.1844
aw-cql-seed2,cql,69000,14,69000,e3e38fbc22d862b6,-585.440429688,36307,14110,33.4482,-0.5808,34.029,83.0203,0.40989,0.937,1.2427,1.3262
aw-cql-seed2,cql,70000,0,70000,4130c66bdb497c94,-593.803710938,237311,68413,57.6767,17.2532,40.4236,81.961,0.4932,0.8447,1.3212,1.564
aw-cql-seed2,cql,70000,2,70000,4130c66bdb497c94,-593.803710938,168808,33814,30.209,5.0961,25.1129,81.961,0.3064,0.8926,1.0792,1.209
aw-cql-seed2,cql,70000,4,70000,4130c66bdb497c94,-593.803710938,35214,133999,16.1547,1.0045,15.1502,81.961,0.18485,0.8741,0.9786,1.1196
aw-cql-seed2,cql,70000,5,70000,4130c66bdb497c94,-593.803710938,40938,30344,21.4687,-2.0849,23.5536,81.961,0.28738,0.9116,1.1118,1.2196
aw-cql-seed2,cql,70000,6,70000,4130c66bdb497c94,-593.803710938,51996,11915,24.9776,-0.6929,25.6704,81.961,0.3132,0.9379,1.2036,1.2833
aw-cql-seed2,cql,70000,7,70000,4130c66bdb497c94,-593.803710938,64933,19513,22.3607,4.7972,17.5634,81.961,0.21429,0.9041,1.14,1.261
aw-cql-seed2,cql,70000,11,70000,4130c66bdb497c94,-593.803710938,76763,39227,12.7402,0.9608,11.7794,81.961,0.14372,0.9565,1.0636,1.112
aw-cql-seed2,cql,70000,12,70000,4130c66bdb497c94,-593.803710938,33583,82841,11.5317,2.3815,9.1502,81.961,0.11164,0.9335,1.0185,1.091
aw-cql-seed2,cql,70000,13,70000,4130c66bdb497c94,-593.803710938,29838,52509,20.478,0.5703,19.9077,81.961,0.24289,0.8878,1.0504,1.1831
aw-cql-seed2,cql,70000,14,70000,4130c66bdb497c94,-593.803710938,36307,14110,32.188,-0.5792,32.7672,81.961,0.39979,0.9354,1.2442,1.3302
aw-cql-seed2,cql,71000,0,71000,11c32bc5610584f7,-602.626037598,237311,68413,57.6784,15.9058,41.7726,83.4814,0.50038,0.846,1.3338,1.5765
aw-cql-seed2,cql,71000,2,71000,11c32bc5610584f7,-602.626037598,168808,33814,29.7223,4.3297,25.3927,83.4814,0.30417,0.8923,1.0778,1.2079
aw-cql-seed2,cql,71000,4,71000,11c32bc5610584f7,-602.626037598,35214,133999,16.8779,1.2405,15.6374,83.4814,0.18732,0.8733,0.9781,1.12
aw-cql-seed2,cql,71000,5,71000,11c32bc5610584f7,-602.626037598,40938,30344,21.5595,-2.4197,23.9792,83.4814,0.28724,0.9138,1.1127,1.2177
aw-cql-seed2,cql,71000,6,71000,11c32bc5610584f7,-602.626037598,51996,11915,24.7576,-0.1334,24.891,83.4814,0.29816,0.9393,1.205,1.2829
aw-cql-seed2,cql,71000,7,71000,11c32bc5610584f7,-602.626037598,64933,19513,22.6244,5.3244,17.3001,83.4814,0.20723,0.9053,1.1343,1.253
aw-cql-seed2,cql,71000,11,71000,11c32bc5610584f7,-602.626037598,76763,39227,14.5865,1.5504,13.0361,83.4814,0.15616,0.9556,1.0631,1.1125
aw-cql-seed2,cql,71000,12,71000,11c32bc5610584f7,-602.626037598,33583,82841,13.1297,2.9675,10.1622,83.4814,0.12173,0.9337,1.0186,1.0908
aw-cql-seed2,cql,71000,13,71000,11c32bc5610584f7,-602.626037598,29838,52509,22.0422,0.8633,21.1788,83.4814,0.2537,0.8844,1.0504,1.1877
aw-cql-seed2,cql,71000,14,71000,11c32bc5610584f7,-602.626037598,36307,14110,34.4772,0.0929,34.3843,83.4814,0.41188,0.9364,1.2524,1.3374
aw-cql-seed2,cql,72000,0,72000,70e73777440737d1,-619.02355957,237311,68413,56.4999,15.8752,40.6247,81.9592,0.49567,0.8443,1.3284,1.5734
aw-cql-seed2,cql,72000,2,72000,70e73777440737d1,-619.02355957,168808,33814,30.1534,4.8635,25.2899,81.9592,0.30857,0.8911,1.0787,1.2106
aw-cql-seed2,cql,72000,4,72000,70e73777440737d1,-619.02355957,35214,133999,15.2985,0.707,14.5915,81.9592,0.17803,0.8795,0.9811,1.1155
aw-cql-seed2,cql,72000,5,72000,70e73777440737d1,-619.02355957,40938,30344,21.2354,-2.3702,23.6056,81.9592,0.28802,0.9181,1.115,1.2144
aw-cql-seed2,cql,72000,6,72000,70e73777440737d1,-619.02355957,51996,11915,24.6247,-0.0116,24.6363,81.9592,0.30059,0.9409,1.2118,1.288
aw-cql-seed2,cql,72000,7,72000,70e73777440737d1,-619.02355957,64933,19513,21.1737,3.8296,17.3441,81.9592,0.21162,0.9026,1.1373,1.26
aw-cql-seed2,cql,72000,11,72000,70e73777440737d1,-619.02355957,76763,39227,12.8795,1.2519,11.6276,81.9592,0.14187,0.9538,1.0607,1.1121
aw-cql-seed2,cql,72000,12,72000,70e73777440737d1,-619.02355957,33583,82841,11.2001,2.4855,8.7146,81.9592,0.10633,0.9333,1.0185,1.0913
aw-cql-seed2,cql,72000,13,72000,70e73777440737d1,-619.02355957,29838,52509,19.9412,0.2751,19.6661,81.9592,0.23995,0.8901,1.0526,1.1826
aw-cql-seed2,cql,72000,14,72000,70e73777440737d1,-619.02355957,36307,14110,32.8289,-0.4114,33.2403,81.9592,0.40557,0.941,1.2491,1.3274
aw-cql-seed2,cql,73000,0,73000,c78ecf63828b5295,-627.769348145,237311,68413,57.6284,16.126,41.5024,83.0836,0.49953,0.8442,1.3181,1.5615
aw-cql-seed2,cql,73000,2,73000,c78ecf63828b5295,-627.769348145,168808,33814,29.8581,4.8052,25.0529,83.0836,0.30154,0.8934,1.073,1.201
aw-cql-seed2,cql,73000,4,73000,c78ecf63828b5295,-627.769348145,35214,133999,15.9045,0.9849,14.9196,83.0836,0.17957,0.8773,0.9787,1.1155
aw-cql-seed2,cql,73000,5,73000,c78ecf63828b5295,-627.769348145,40938,30344,20.8985,-2.1434,23.0419,83.0836,0.27733,0.9145,1.109,1.2126
aw-cql-seed2,cql,73000,6,73000,c78ecf63828b5295,-627.769348145,51996,11915,23.7624,-0.9057,24.668,83.0836,0.29691,0.937,1.1953,1.2757
aw-cql-seed2,cql,73000,7,73000,c78ecf63828b5295,-627.769348145,64933,19513,21.8087,4.4886,17.3201,83.0836,0.20847,0.9039,1.1327,1.253
aw-cql-seed2,cql,73000,11,73000,c78ecf63828b5295,-627.769348145,76763,39227,13.8034,1.2608,12.5426,83.0836,0.15096,0.955,1.061,1.111
aw-cql-seed2,cql,73000,12,73000,c78ecf63828b5295,-627.769348145,33583,82841,12.8773,2.9164,9.9609,83.0836,0.11989,0.9346,1.02,1.0913
aw-cql-seed2,cql,73000,13,73000,c78ecf63828b5295,-627.769348145,29838,52509,20.2209,0.2258,19.9951,83.0836,0.24066,0.8863,1.0493,1.1838
aw-cql-seed2,cql,73000,14,73000,c78ecf63828b5295,-627.769348145,36307,14110,31.9668,-0.9916,32.9584,83.0836,0.39669,0.9344,1.2368,1.3237
aw-cql-seed2,cql,74000,0,74000,336c00d7fb8a1827,-646.611572266,237311,68413,57.2696,17.0175,40.2521,82.6168,0.48721,0.8448,1.3269,1.5707
aw-cql-seed2,cql,74000,2,74000,336c00d7fb8a1827,-646.611572266,168808,33814,28.7517,4.024,24.7278,82.6168,0.29931,0.8913,1.0743,1.2054
aw-cql-seed2,cql,74000,4,74000,336c00d7fb8a1827,-646.611572266,35214,133999,16.4574,1.249,15.2084,82.6168,0.18408,0.8823,0.9795,1.1101
aw-cql-seed2,cql,74000,5,74000,336c00d7fb8a1827,-646.611572266,40938,30344,21.2572,-1.9173,23.1745,82.6168,0.28051,0.9237,1.1097,1.2014
aw-cql-seed2,cql,74000,6,74000,336c00d7fb8a1827,-646.611572266,51996,11915,22.5358,-1.217,23.7528,82.6168,0.28751,0.9354,1.1886,1.2707
aw-cql-seed2,cql,74000,7,74000,336c00d7fb8a1827,-646.611572266,64933,19513,20.2073,3.3801,16.8271,82.6168,0.20368,0.901,1.1295,1.2536
aw-cql-seed2,cql,74000,11,74000,336c00d7fb8a1827,-646.611572266,76763,39227,13.2354,1.0578,12.1777,82.6168,0.1474,0.9539,1.0615,1.1128
aw-cql-seed2,cql,74000,12,74000,336c00d7fb8a1827,-646.611572266,33583,82841,12.44,2.8046,9.6354,82.6168,0.11663,0.9331,1.0171,1.09
aw-cql-seed2,cql,74000,13,74000,336c00d7fb8a1827,-646.611572266,29838,52509,20.5665,0.6386,19.9279,82.6168,0.24121,0.8965,1.05,1.1713
aw-cql-seed2,cql,74000,14,74000,336c00d7fb8a1827,-646.611572266,36307,14110,33.4362,-0.6709,34.1071,82.6168,0.41283,0.9422,1.2402,1.3163
aw-cql-seed2,cql,75000,0,75000,be39acd99dfc17ed,-653.802612305,237311,68413,57.1369,15.9728,41.1641,83.8062,0.49118,0.8444,1.3246,1.5687
aw-cql-seed2,cql,75000,2,75000,be39acd99dfc17ed,-653.802612305,168808,33814,29.5611,4.2477,25.3133,83.8062,0.30205,0.8921,1.0759,1.2061
aw-cql-seed2,cql,75000,4,75000,be39acd99dfc17ed,-653.802612305,35214,133999,16.241,1.3059,14.9351,83.8062,0.17821,0.8808,0.9781,1.1105
aw-cql-seed2,cql,75000,5,75000,be39acd99dfc17ed,-653.802612305,40938,30344,20.7908,-2.1089,22.8997,83.8062,0.27325,0.9179,1.1109,1.2102
aw-cql-seed2,cql,75000,6,75000,be39acd99dfc17ed,-653.802612305,51996,11915,23.7374,-0.381,24.1183,83.8062,0.28779,0.9392,1.2083,1.2865
aw-cql-seed2,cql,75000,7,75000,be39acd99dfc17ed,-653.802612305,64933,19513,20.754,3.671,17.083,83.8062,0.20384,0.9044,1.138,1.2583
aw-cql-seed2,cql,75000,11,75000,be39acd99dfc17ed,-653.802612305,76763,39227,12.4414,0.8239,11.6175,83.8062,0.13862,0.9554,1.0612,1.1108
aw-cql-seed2,cql,75000,12,75000,be39acd99dfc17ed,-653.802612305,33583,82841,11.7906,2.5606,9.2301,83.8062,0.11014,0.9339,1.0187,1.0908
aw-cql-seed2,cql,75000,13,75000,be39acd99dfc17ed,-653.802612305,29838,52509,20.1216,0.106,20.0157,83.8062,0.23883,0.8916,1.0493,1.1769
aw-cql-seed2,cql,75000,14,75000,be39acd99dfc17ed,-653.802612305,36307,14110,32.4824,-1.0041,33.4865,83.8062,0.39957,0.9431,1.2505,1.326
aw-cql-seed2,cql,76000,0,76000,7e52c9f783b6b5d0,-666.237365723,237311,68413,57.2884,16.4857,40.8028,82.6327,0.49378,0.8438,1.322,1.5668
aw-cql-seed2,cql,76000,2,76000,7e52c9f783b6b5d0,-666.237365723,168808,33814,29.4327,4.2757,25.157,82.6327,0.30444,0.8903,1.0716,1.2037
aw-cql-seed2,cql,76000,4,76000,7e52c9f783b6b5d0,-666.237365723,35214,133999,14.5253,0.341,14.1844,82.6327,0.17166,0.8775,0.9773,1.1138
aw-cql-seed2,cql,76000,5,76000,7e52c9f783b6b5d0,-666.237365723,40938,30344,19.7535,-2.8101,22.5636,82.6327,0.27306,0.9143,1.1081,1.2119
aw-cql-seed2,cql,76000,6,76000,7e52c9f783b6b5d0,-666.237365723,51996,11915,23.6122,-0.6693,24.2815,82.6327,0.29385,0.9372,1.2053,1.286
aw-cql-seed2,cql,76000,7,76000,7e52c9f783b6b5d0,-666.237365723,64933,19513,20.9231,3.5504,17.3727,82.6327,0.21024,0.9014,1.1298,1.2534
aw-cql-seed2,cql,76000,11,76000,7e52c9f783b6b5d0,-666.237365723,76763,39227,12.5363,0.7185,11.8178,82.6327,0.14302,0.9536,1.06,1.1116
aw-cql-seed2,cql,76000,12,76000,7e52c9f783b6b5d0,-666.237365723,33583,82841,11.6303,2.1221,9.5082,82.6327,0.11507,0.9328,1.0167,1.09
aw-cql-seed2,cql,76000,13,76000,7e52c9f783b6b5d0,-666.237365723,29838,52509,19.6914,-0.0707,19.7622,82.6327,0.23916,0.8869,1.0476,1.1812
aw-cql-seed2,cql,76000,14,76000,7e52c9f783b6b5d0,-666.237365723,36307,14110,32.6701,-1.5771,34.2472,82.6327,0.41445,0.9386,1.2499,1.3317
aw-cql-seed2,cql,77000,0,77000,d9e630711ae88431,-679.63470459,237311,68413,56.0198,14.6494,41.3704,81.3164,0.50876,0.8452,1.3243,1.567
aw-cql-seed2,cql,77000,2,77000,d9e630711ae88431,-679.63470459,168808,33814,28.9905,3.7941,25.1964,81.3164,0.30986,0.8906,1.074,1.2059
aw-cql-seed2,cql,77000,4,77000,d9e630711ae88431,-679.63470459,35214,133999,15.6407,1.009,14.6317,81.3164,0.17994,0.8756,0.9775,1.1164
aw-cql-seed2,cql,77000,5,77000,d9e630711ae88431,-679.63470459,40938,30344,20.1581,-2.208,22.366,81.3164,0.27505,0.9136,1.1142,1.2196
aw-cql-seed2,cql,77000,6,77000,d9e630711ae88431,-679.63470459,51996,11915,23.9122,-0.8049,24.7171,81.3164,0.30396,0.9361,1.1982,1.2799
aw-cql-seed2,cql,77000,7,77000,d9e630711ae88431,-679.63470459,64933,19513,20.9509,3.4765,17.4744,81.3164,0.21489,0.9035,1.1351,1.2564
aw-cql-seed2,cql,77000,11,77000,d9e630711ae88431,-679.63470459,76763,39227,13.3486,1.2004,12.1481,81.3164,0.14939,0.9541,1.0605,1.1116
aw-cql-seed2,cql,77000,12,77000,d9e630711ae88431,-679.63470459,33583,82841,12.5354,2.854,9.6814,81.3164,0.11906,0.9324,1.0161,1.0899
aw-cql-seed2,cql,77000,13,77000,d9e630711ae88431,-679.63470459,29838,52509,19.7635,0.4516,19.312,81.3164,0.23749,0.8862,1.0501,1.1848
aw-cql-seed2,cql,77000,14,77000,d9e630711ae88431,-679.63470459,36307,14110,32.3065,-1.0848,33.3914,81.3164,0.41064,0.936,1.2513,1.3368
aw-cql-seed2,cql,78000,0,78000,24eaed3103f389f6,-688.35546875,237311,68413,57.3444,15.2523,42.0921,83.0809,0.50664,0.8432,1.3136,1.5579
aw-cql-seed2,cql,78000,2,78000,24eaed3103f389f6,-688.35546875,168808,33814,29.2339,4.0955,25.1385,83.0809,0.30258,0.8912,1.0756,1.2069
aw-cql-seed2,cql,78000,4,78000,24eaed3103f389f6,-688.35546875,35214,133999,14.6598,0.8444,13.8154,83.0809,0.16629,0.8766,0.9756,1.113
aw-cql-seed2,cql,78000,5,78000,24eaed3103f389f6,-688.35546875,40938,30344,19.327,-2.4239,21.751,83.0809,0.2618,0.9138,1.1045,1.2087
aw-cql-seed2,cql,78000,6,78000,24eaed3103f389f6,-688.35546875,51996,11915,22.3251,-1.3017,23.6269,83.0809,0.28438,0.936,1.1933,1.2749
aw-cql-seed2,cql,78000,7,78000,24eaed3103f389f6,-688.35546875,64933,19513,20.0357,2.938,17.0976,83.0809,0.2058,0.9014,1.1282,1.2516
aw-cql-seed2,cql,78000,11,78000,24eaed3103f389f6,-688.35546875,76763,39227,12.3348,0.6469,11.6879,83.0809,0.14068,0.9536,1.0604,1.112
aw-cql-seed2,cql,78000,12,78000,24eaed3103f389f6,-688.35546875,33583,82841,11.0024,2.2541,8.7483,83.0809,0.1053,0.933,1.0159,1.0888
aw-cql-seed2,cql,78000,13,78000,24eaed3103f389f6,-688.35546875,29838,52509,18.7237,-0.0237,18.7474,83.0809,0.22565,0.8862,1.0472,1.1816
aw-cql-seed2,cql,78000,14,78000,24eaed3103f389f6,-688.35546875,36307,14110,32.2112,-1.569,33.7801,83.0809,0.40659,0.9364,1.2347,1.3187
aw-cql-seed2,cql,79000,0,79000,db3592542186ad69,-706.699707031,237311,68413,55.9056,14.1396,41.766,82.5326,0.50606,0.8433,1.3134,1.5574
aw-cql-seed2,cql,79000,2,79000,db3592542186ad69,-706.699707031,168808,33814,28.6514,4.2109,24.4405,82.5326,0.29613,0.8923,1.0748,1.2045
aw-cql-seed2,cql,79000,4,79000,db3592542186ad69,-706.699707031,35214,133999,14.0778,0.7989,13.2789,82.5326,0.16089,0.8758,0.9783,1.1169
aw-cql-seed2,cql,79000,5,79000,db3592542186ad69,-706.699707031,40938,30344,19.2698,-2.7163,21.9862,82.5326,0.26639,0.9133,1.1049,1.2098
aw-cql-seed2,cql,79000,6,79000,db3592542186ad69,-706.699707031,51996,11915,22.5038,-1.0989,23.6027,82.5326,0.28598,0.9358,1.195,1.277
aw-cql-seed2,cql,79000,7,79000,db3592542186ad69,-706.699707031,64933,19513,20.4801,3.8286,16.6515,82.5326,0.20176,0.9006,1.1275,1.252
aw-cql-seed2,cql,79000,11,79000,db3592542186ad69,-706.699707031,76763,39227,12.4938,0.8741,11.6197,82.5326,0.14079,0.9515,1.0578,1.1116
aw-cql-seed2,cql,79000,12,79000,db3592542186ad69,-706.699707031,33583,82841,11.5701,2.2588,9.3114,82.5326,0.11282,0.9338,1.0174,1.0896
aw-cql-seed2,cql,79000,13,79000,db3592542186ad69,-706.699707031,29838,52509,19.8378,-0.0765,19.9143,82.5326,0.24129,0.8855,1.05,1.1858
aw-cql-seed2,cql,79000,14,79000,db3592542186ad69,-706.699707031,36307,14110,32.7946,-1.0825,33.8771,82.5326,0.41047,0.9341,1.2442,1.332
aw-cql-seed2,cql,80000,0,80000,ec5bbb4e9ffd180e,-714.930541992,237311,68413,55.4156,14.4911,40.9244,80.711,0.50705,0.8435,1.3184,1.5631
aw-cql-seed2,cql,80000,2,80000,ec5bbb4e9ffd180e,-714.930541992,168808,33814,28.8021,4.2275,24.5746,80.711,0.30448,0.892,1.0739,1.204
aw-cql-seed2,cql,80000,4,80000,ec5bbb4e9ffd180e,-714.930541992,35214,133999,13.8986,0.5967,13.3019,80.711,0.16481,0.8726,0.9759,1.1184
aw-cql-seed2,cql,80000,5,80000,ec5bbb4e9ffd180e,-714.930541992,40938,30344,19.76,-2.4793,22.2393,80.711,0.27554,0.9106,1.1069,1.2156
aw-cql-seed2,cql,80000,6,80000,ec5bbb4e9ffd180e,-714.930541992,51996,11915,23.2147,-0.2839,23.4985,80.711,0.29114,0.9343,1.1944,1.2783
aw-cql-seed2,cql,80000,7,80000,ec5bbb4e9ffd180e,-714.930541992,64933,19513,20.4612,3.5412,16.92,80.711,0.20964,0.9017,1.1324,1.2558
aw-cql-seed2,cql,80000,11,80000,ec5bbb4e9ffd180e,-714.930541992,76763,39227,12.1968,0.7165,11.4803,80.711,0.14224,0.9523,1.0601,1.1133
aw-cql-seed2,cql,80000,12,80000,ec5bbb4e9ffd180e,-714.930541992,33583,82841,10.6412,2.1443,8.497,80.711,0.10528,0.9328,1.0171,1.0904
aw-cql-seed2,cql,80000,13,80000,ec5bbb4e9ffd180e,-714.930541992,29838,52509,17.8424,-0.3494,18.1918,80.711,0.22539,0.8842,1.0493,1.1867
aw-cql-seed2,cql,80000,14,80000,ec5bbb4e9ffd180e,-714.930541992,36307,14110,31.3236,-1.5306,32.8542,80.711,0.40706,0.9334,1.2404,1.3289
aw-cql-seed2,cql,81000,0,81000,c672276f4b7efa27,-729.209716797,237311,68413,55.8024,14.461,41.3414,81.974,0.50432,0.8446,1.3238,1.5674
aw-cql-seed2,cql,81000,2,81000,c672276f4b7efa27,-729.209716797,168808,33814,27.9013,3.9234,23.9779,81.974,0.29251,0.8925,1.0745,1.2039
aw-cql-seed2,cql,81000,4,81000,c672276f4b7efa27,-729.209716797,35214,133999,13.7612,0.8147,12.9465,81.974,0.15793,0.876,0.9761,1.1143
aw-cql-seed2,cql,81000,5,81000,c672276f4b7efa27,-729.209716797,40938,30344,18.6649,-2.3236,20.9885,81.974,0.25604,0.9123,1.1074,1.2139
aw-cql-seed2,cql,81000,6,81000,c672276f4b7efa27,-729.209716797,51996,11915,20.7629,-1.6247,22.3876,81.974,0.27311,0.9357,1.2006,1.2831
aw-cql-seed2,cql,81000,7,81000,c672276f4b7efa27,-729.209716797,64933,19513,19.3191,2.4987,16.8204,81.974,0.20519,0.9017,1.1281,1.2512
aw-cql-seed2,cql,81000,11,81000,c672276f4b7efa27,-729.209716797,76763,39227,10.5163,-0.0067,10.523,81.974,0.12837,0.9521,1.0591,1.1124
aw-cql-seed2,cql,81000,12,81000,c672276f4b7efa27,-729.209716797,33583,82841,9.4398,1.6045,7.8353,81.974,0.09558,0.9337,1.016,1.0881
aw-cql-seed2,cql,81000,13,81000,c672276f4b7efa27,-729.209716797,29838,52509,17.1225,-0.0088,17.1313,81.974,0.20898,0.8885,1.0493,1.1809
aw-cql-seed2,cql,81000,14,81000,c672276f4b7efa27,-729.209716797,36307,14110,30.0808,-1.9213,32.0021,81.974,0.39039,0.9354,1.2431,1.329
aw-cql-seed2,cql,82000,0,82000,ed9a1a822dd027b3,-745.949768066,237311,68413,55.8981,14.1951,41.703,82.9221,0.50292,0.8449,1.3133,1.5544
aw-cql-seed2,cql,82000,2,82000,ed9a1a822dd027b3,-745.949768066,168808,33814,28.9754,3.7458,25.2296,82.9221,0.30426,0.8921,1.073,1.2027
aw-cql-seed2,cql,82000,4,82000,ed9a1a822dd027b3,-745.949768066,35214,133999,14.3802,0.6442,13.736,82.9221,0.16565,0.8789,0.978,1.1128
aw-cql-seed2,cql,82000,5,82000,ed9a1a822dd027b3,-745.949768066,40938,30344,19.2577,-2.8132,22.0709,82.9221,0.26616,0.9136,1.107,1.2117
aw-cql-seed2,cql,82000,6,82000,ed9a1a822dd027b3,-745.949768066,51996,11915,22.2039,-0.9777,23.1815,82.9221,0.27956,0.9348,1.1993,1.2829
aw-cql-seed2,cql,82000,7,82000,ed9a1a822dd027b3,-745.949768066,64933,19513,19.5441,2.8171,16.727,82.9221,0.20172,0.9012,1.1279,1.2515
aw-cql-seed2,cql,82000,11,82000,ed9a1a822dd027b3,-745.949768066,76763,39227,13.0145,1.0436,11.9708,82.9221,0.14436,0.9538,1.0588,1.1101
aw-cql-seed2,cql,82000,12,82000,ed9a1a822dd027b3,-745.949768066,33583,82841,10.8888,2.338,8.5508,82.9221,0.10312,0.9321,1.0153,1.0892
aw-cql-seed2,cql,82000,13,82000,ed9a1a822dd027b3,-745.949768066,29838,52509,17.6872,-0.3556,18.0428,82.9221,0.21759,0.8864,1.048,1.1823
aw-cql-seed2,cql,82000,14,82000,ed9a1a822dd027b3,-745.949768066,36307,14110,30.5399,-1.6488,32.1888,82.9221,0.38818,0.9356,1.2416,1.3271
aw-cql-seed2,cql,83000,0,83000,0cab918434ede103,-762.039001465,237311,68413,55.3899,13.8655,41.5245,81.1668,0.51159,0.843,1.321,1.5669
aw-cql-seed2,cql,83000,2,83000,0cab918434ede103,-762.039001465,168808,33814,29.1123,4.3524,24.7599,81.1668,0.30505,0.8907,1.0724,1.2039
aw-cql-seed2,cql,83000,4,83000,0cab918434ede103,-762.039001465,35214,133999,13.4241,0.847,12.5771,81.1668,0.15495,0.875,0.9766,1.1161
aw-cql-seed2,cql,83000,5,83000,0cab918434ede103,-762.039001465,40938,30344,18.7503,-2.2849,21.0352,81.1668,0.25916,0.9125,1.1045,1.2104
aw-cql-seed2,cql,83000,6,83000,0cab918434ede103,-762.039001465,51996,11915,22.8626,-0.1255,22.9881,81.1668,0.28322,0.9357,1.1983,1.2806
aw-cql-seed2,cql,83000,7,83000,0cab918434ede103,-762.039001465,64933,19513,20.1185,3.2429,16.8756,81.1668,0.20791,0.902,1.1294,1.2521
aw-cql-seed2,cql,83000,11,83000,0cab918434ede103,-762.039001465,76763,39227,12.0579,0.8537,11.2041,81.1668,0.13804,0.9541,1.0612,1.1122
aw-cql-seed2,cql,83000,12,83000,0cab918434ede103,-762.039001465,33583,82841,10.0401,2.1502,7.8899,81.1668,0.09721,0.9329,1.0163,1.0894
aw-cql-seed2,cql,83000,13,83000,0cab918434ede103,-762.039001465,29838,52509,17.8056,0.4089,17.3967,81.1668,0.21433,0.8853,1.0471,1.1828
aw-cql-seed2,cql,83000,14,83000,0cab918434ede103,-762.039001465,36307,14110,30.8075,-1.2918,32.0993,81.1668,0.39547,0.9359,1.2399,1.3248
aw-cql-seed2,cql,84000,0,84000,29784d2f729f3b50,-774.050537109,237311,68413,55.4968,12.9937,42.5031,81.9674,0.51854,0.8435,1.3217,1.5669
aw-cql-seed2,cql,84000,2,84000,29784d2f729f3b50,-774.050537109,168808,33814,28.9329,3.9733,24.9597,81.9674,0.30451,0.8907,1.0735,1.2052
aw-cql-seed2,cql,84000,4,84000,29784d2f729f3b50,-774.050537109,35214,133999,14.0803,0.7102,13.3701,81.9674,0.16311,0.8773,0.9767,1.1133
aw-cql-seed2,cql,84000,5,84000,29784d2f729f3b50,-774.050537109,40938,30344,19.136,-2.4356,21.5716,81.9674,0.26317,0.9134,1.106,1.2109
aw-cql-seed2,cql,84000,6,84000,29784d2f729f3b50,-774.050537109,51996,11915,22.5278,-1.1452,23.673,81.9674,0.28881,0.9349,1.1935,1.2766
aw-cql-seed2,cql,84000,7,84000,29784d2f729f3b50,-774.050537109,64933,19513,20.043,3.3808,16.6622,81.9674,0.20328,0.9002,1.1331,1.2586
aw-cql-seed2,cql,84000,11,84000,29784d2f729f3b50,-774.050537109,76763,39227,12.0173,0.5655,11.4518,81.9674,0.13971,0.9516,1.0581,1.1119
aw-cql-seed2,cql,84000,12,84000,29784d2f729f3b50,-774.050537109,33583,82841,10.217,1.7292,8.4877,81.9674,0.10355,0.9323,1.0151,1.0887
aw-cql-seed2,cql,84000,13,84000,29784d2f729f3b50,-774.050537109,29838,52509,18.5532,0.189,18.3642,81.9674,0.22404,0.8866,1.0487,1.1828
aw-cql-seed2,cql,84000,14,84000,29784d2f729f3b50,-774.050537109,36307,14110,30.2381,-1.5229,31.761,81.9674,0.38748,0.9328,1.2385,1.3277
aw-cql-seed2,cql,85000,0,85000,bc82c927a694485d,-791.323059082,237311,68413,54.408,13.2181,41.1899,80.4044,0.51228,0.8425,1.3147,1.5605
aw-cql-seed2,cql,85000,2,85000,bc82c927a694485d,-791.323059082,168808,33814,27.6121,3.2336,24.3785,80.4044,0.3032,0.8896,1.0697,1.2024
aw-cql-seed2,cql,85000,4,85000,bc82c927a694485d,-791.323059082,35214,133999,13.0969,0.4253,12.6716,80.4044,0.1576,0.8764,0.975,1.1125
aw-cql-seed2,cql,85000,5,85000,bc82c927a694485d,-791.323059082,40938,30344,18.1364,-2.5094,20.6458,80.4044,0.25677,0.9138,1.1068,1.2112
aw-cql-seed2,cql,85000,6,85000,bc82c927a694485d,-791.323059082,51996,11915,21.7505,-1.4556,23.2061,80.4044,0.28862,0.9356,1.2015,1.2842
aw-cql-seed2,cql,85000,7,85000,bc82c927a694485d,-791.323059082,64933,19513,20.6765,3.2841,17.3924,80.4044,0.21631,0.9034,1.1288,1.2496
aw-cql-seed2,cql,85000,11,85000,bc82c927a694485d,-791.323059082,76763,39227,11.2537,0.4386,10.8151,80.4044,0.13451,0.9539,1.0582,1.1093
aw-cql-seed2,cql,85000,12,85000,bc82c927a694485d,-791.323059082,33583,82841,9.9069,2.1561,7.7508,80.4044,0.0964,0.9347,1.0167,1.0877
aw-cql-seed2,cql,85000,13,85000,bc82c927a694485d,-791.323059082,29838,52509,17.8118,-0.2314,18.0432,80.4044,0.22441,0.8875,1.0483,1.1812
aw-cql-seed2,cql,85000,14,85000,bc82c927a694485d,-791.323059082,36307,14110,29.7791,-1.979,31.7581,80.4044,0.39498,0.9361,1.2455,1.3306
aw-cql-seed2,cql,86000,0,86000,7e031a6721b4fb34,-805.981689453,237311,68413,55.9007,14.7155,41.1853,82.2081,0.50099,0.8455,1.3233,1.565
aw-cql-seed2,cql,86000,2,86000,7e031a6721b4fb34,-805.981689453,168808,33814,28.8858,3.8703,25.0155,82.2081,0.30429,0.8913,1.0721,1.2029
aw-cql-seed2,cql,86000,4,86000,7e031a6721b4fb34,-805.981689453,35214,133999,12.8278,0.5207,12.3071,82.2081,0.14971,0.879,0.9769,1.1114
aw-cql-seed2,cql,86000,5,86000,7e031a6721b4fb34,-805.981689453,40938,30344,18.0162,-2.6269,20.6431,82.2081,0.25111,0.9152,1.1043,1.2067
aw-cql-seed2,cql,86000,6,86000,7e031a6721b4fb34,-805.981689453,51996,11915,21.0276,-2.3422,23.3698,82.2081,0.28428,0.9345,1.1932,1.2769
aw-cql-seed2,cql,86000,7,86000,7e031a6721b4fb34,-805.981689453,64933,19513,19.4734,2.1821,17.2913,82.2081,0.21034,0.9004,1.1261,1.2507
aw-cql-seed2,cql,86000,11,86000,7e031a6721b4fb34,-805.981689453,76763,39227,10.9817,0.0178,10.9639,82.2081,0.13337,0.9517,1.0545,1.108
aw-cql-seed2,cql,86000,12,86000,7e031a6721b4fb34,-805.981689453,33583,82841,9.5846,1.8231,7.7616,82.2081,0.09441,0.9338,1.0147,1.0867
aw-cql-seed2,cql,86000,13,86000,7e031a6721b4fb34,-805.981689453,29838,52509,17.6664,0.1642,17.5022,82.2081,0.2129,0.89,1.0488,1.1785
aw-cql-seed2,cql,86000,14,86000,7e031a6721b4fb34,-805.981689453,36307,14110,31.6491,-1.2938,32.9429,82.2081,0.40073,0.9348,1.2387,1.3251
aw-cql-seed2,cql,87000,0,87000,37f8ff215615bbc3,-822.095214844,237311,68413,55.9604,14.7152,41.2451,81.9784,0.50312,0.8446,1.3212,1.5643
aw-cql-seed2,cql,87000,2,87000,37f8ff215615bbc3,-822.095214844,168808,33814,27.5934,3.8247,23.7687,81.9784,0.28994,0.8912,1.069,1.1995
aw-cql-seed2,cql,87000,4,87000,37f8ff215615bbc3,-822.095214844,35214,133999,12.998,0.9124,12.0857,81.9784,0.14743,0.8778,0.9759,1.1118
aw-cql-seed2,cql,87000,5,87000,37f8ff215615bbc3,-822.095214844,40938,30344,18.7547,-2.3308,21.0855,81.9784,0.25721,0.9159,1.1028,1.2041
aw-cql-seed2,cql,87000,6,87000,37f8ff215615bbc3,-822.095214844,51996,11915,22.4164,-1.0522,23.4685,81.9784,0.28628,0.9362,1.1974,1.279
aw-cql-seed2,cql,87000,7,87000,37f8ff215615bbc3,-822.095214844,64933,19513,19.6894,2.9781,16.7114,81.9784,0.20385,0.9021,1.1265,1.2487
aw-cql-seed2,cql,87000,11,87000,37f8ff215615bbc3,-822.095214844,76763,39227,11.9698,0.6222,11.3476,81.9784,0.13842,0.9514,1.0566,1.1106
aw-cql-seed2,cql,87000,12,87000,37f8ff215615bbc3,-822.095214844,33583,82841,10.0292,2.1709,7.8584,81.9784,0.09586,0.9327,1.0147,1.0879
aw-cql-seed2,cql,87000,13,87000,37f8ff215615bbc3,-822.095214844,29838,52509,17.3414,0.1383,17.2031,81.9784,0.20985,0.8873,1.0479,1.181
aw-cql-seed2,cql,87000,14,87000,37f8ff215615bbc3,-822.095214844,36307,14110,31.1114,-1.0351,32.1466,81.9784,0.39214,0.9336,1.2361,1.3239
aw-cql-seed2,cql,88000,0,88000,7a4c1e239b212289,-831.060974121,237311,68413,54.9939,14.6438,40.3501,81.1785,0.49705,0.8438,1.32,1.5643
aw-cql-seed2,cql,88000,2,88000,7a4c1e239b212289,-831.060974121,168808,33814,27.4237,3.2523,24.1714,81.1785,0.29776,0.8908,1.0716,1.203
aw-cql-seed2,cql,88000,4,88000,7a4c1e239b212289,-831.060974121,35214,133999,12.0165,0.7335,11.283,81.1785,0.13899,0.8788,0.9755,1.1101
aw-cql-seed2,cql,88000,5,88000,7a4c1e239b212289,-831.060974121,40938,30344,17.5999,-2.1301,19.73,81.1785,0.24304,0.9154,1.0985,1.2001
aw-cql-seed2,cql,88000,6,88000,7a4c1e239b212289,-831.060974121,51996,11915,21.8632,-1.2742,23.1374,81.1785,0.28502,0.9342,1.193,1.277
aw-cql-seed2,cql,88000,7,88000,7a4c1e239b212289,-831.060974121,64933,19513,18.8648,2.005,16.8598,81.1785,0.20769,0.9033,1.1265,1.2471
aw-cql-seed2,cql,88000,11,88000,7a4c1e239b212289,-831.060974121,76763,39227,10.8331,-0.0301,10.8632,81.1785,0.13382,0.9528,1.0564,1.1087
aw-cql-seed2,cql,88000,12,88000,7a4c1e239b212289,-831.060974121,33583,82841,9.2322,1.9139,7.3183,81.1785,0.09015,0.9338,1.0136,1.0855
aw-cql-seed2,cql,88000,13,88000,7a4c1e239b212289,-831.060974121,29838,52509,17.5771,0.244,17.3331,81.1785,0.21352,0.8932,1.0472,1.1725
aw-cql-seed2,cql,88000,14,88000,7a4c1e239b212289,-831.060974121,36307,14110,29.8426,-1.6678,31.5103,81.1785,0.38816,0.9366,1.2323,1.3156
aw-cql-seed2,cql,89000,0,89000,e663c7515b76e7e1,-845.85369873,237311,68413,54.1413,13.5945,40.5469,80.3519,0.50462,0.843,1.3113,1.5556
aw-cql-seed2,cql,89000,2,89000,e663c7515b76e7e1,-845.85369873,168808,33814,27.498,3.1051,24.393,80.3519,0.30358,0.8913,1.0705,1.2012
aw-cql-seed2,cql,89000,4,89000,e663c7515b76e7e1,-845.85369873,35214,133999,12.9833,-0.0378,13.021,80.3519,0.16205,0.8769,0.9754,1.1124
aw-cql-seed2,cql,89000,5,89000,e663c7515b76e7e1,-845.85369873,40938,30344,17.2333,-3.2164,20.4497,80.3519,0.2545,0.9119,1.0991,1.2053
aw-cql-seed2,cql,89000,6,89000,e663c7515b76e7e1,-845.85369873,51996,11915,21.6297,-1.8736,23.5033,80.3519,0.2925,0.9344,1.193,1.2768
aw-cql-seed2,cql,89000,7,89000,e663c7515b76e7e1,-845.85369873,64933,19513,18.9577,2.2469,16.7108,80.3519,0.20797,0.9036,1.126,1.2462
aw-cql-seed2,cql,89000,11,89000,e663c7515b76e7e1,-845.85369873,76763,39227,11.4109,0.2855,11.1254,80.3519,0.13846,0.9531,1.0577,1.1098
aw-cql-seed2,cql,89000,12,89000,e663c7515b76e7e1,-845.85369873,33583,82841,9.2906,1.575,7.7156,80.3519,0.09602,0.9338,1.0158,1.0878
aw-cql-seed2,cql,89000,13,89000,e663c7515b76e7e1,-845.85369873,29838,52509,17.0191,-0.6074,17.6265,80.3519,0.21937,0.8858,1.0457,1.1806
aw-cql-seed2,cql,89000,14,89000,e663c7515b76e7e1,-845.85369873,36307,14110,29.1338,-2.2444,31.3782,80.3519,0.39051,0.9315,1.2325,1.3231
aw-cql-seed2,cql,90000,0,90000,4feafa5a6b45147f,-857.041259766,237311,68413,54.8783,13.4915,41.3868,81.7592,0.5062,0.8433,1.3175,1.5623
aw-cql-seed2,cql,90000,2,90000,4feafa5a6b45147f,-857.041259766,168808,33814,27.1735,3.2607,23.9127,81.7592,0.29248,0.8911,1.0706,1.2014
aw-cql-seed2,cql,90000,4,90000,4feafa5a6b45147f,-857.041259766,35214,133999,12.6262,0.7226,11.9036,81.7592,0.14559,0.8759,0.974,1.1119
aw-cql-seed2,cql,90000,5,90000,4feafa5a6b45147f,-857.041259766,40938,30344,18.3135,-2.554,20.8675,81.7592,0.25523,0.9112,1.102,1.2094
aw-cql-seed2,cql,90000,6,90000,4feafa5a6b45147f,-857.041259766,51996,11915,21.6696,-0.9381,22.6077,81.7592,0.27652,0.934,1.1956,1.2801
aw-cql-seed2,cql,90000,7,90000,4feafa5a6b45147f,-857.041259766,64933,19513,18.611,2.7293,15.8818,81.7592,0.19425,0.9008,1.1279,1.2522
aw-cql-seed2,cql,90000,11,90000,4feafa5a6b45147f,-857.041259766,76763,39227,10.7699,0.3133,10.4567,81.7592,0.1279,0.9513,1.0552,1.1093
aw-cql-seed2,cql,90000,12,90000,4feafa5a6b45147f,-857.041259766,33583,82841,9.158,1.9356,7.2225,81.7592,0.08834,0.9321,1.0141,1.088
aw-cql-seed2,cql,90000,13,90000,4feafa5a6b45147f,-857.041259766,29838,52509,17.6181,-0.0674,17.6854,81.7592,0.21631,0.8858,1.0474,1.1824
aw-cql-seed2,cql,90000,14,90000,4feafa5a6b45147f,-857.041259766,36307,14110,31.4582,-0.7871,32.2453,81.7592,0.39439,0.9324,1.2349,1.3244
aw-cql-seed2,cql,91000,0,91000,e1ceb5d71eded732,-872.897766113,237311,68413,54.8846,13.3471,41.5375,80.521,0.51586,0.8438,1.3115,1.5542
aw-cql-seed2,cql,91000,2,91000,e1ceb5d71eded732,-872.897766113,168808,33814,27.9552,3.613,24.3422,80.521,0.30231,0.8911,1.069,1.1995
aw-cql-seed2,cql,91000,4,91000,e1ceb5d71eded732,-872.897766113,35214,133999,12.9816,0.8449,12.1367,80.521,0.15073,0.8797,0.9775,1.1112
aw-cql-seed2,cql,91000,5,91000,e1ceb5d71eded732,-872.897766113,40938,30344,18.1976,-2.3448,20.5424,80.521,0.25512,0.9157,1.103,1.2046
aw-cql-seed2,cql,91000,6,91000,e1ceb5d71eded732,-872.897766113,51996,11915,20.8805,-1.9604,22.8408,80.521,0.28366,0.9369,1.1954,1.2759
aw-cql-seed2,cql,91000,7,91000,e1ceb5d71eded732,-872.897766113,64933,19513,18.8521,2.3359,16.5162,80.521,0.20512,0.9025,1.1278,1.2497
aw-cql-seed2,cql,91000,11,91000,e1ceb5d71eded732,-872.897766113,76763,39227,10.396,0.0108,10.3851,80.521,0.12897,0.9524,1.0567,1.1095
aw-cql-seed2,cql,91000,12,91000,e1ceb5d71eded732,-872.897766113,33583,82841,9.105,1.4917,7.6134,80.521,0.09455,0.9336,1.0155,1.0877
aw-cql-seed2,cql,91000,13,91000,e1ceb5d71eded732,-872.897766113,29838,52509,17.0489,-0.1642,17.2132,80.521,0.21377,0.8873,1.049,1.1822
aw-cql-seed2,cql,91000,14,91000,e1ceb5d71eded732,-872.897766113,36307,14110,29.1027,-1.7286,30.8313,80.521,0.3829,0.9361,1.2357,1.3201
aw-cql-seed2,cql,92000,0,92000,c453609fac8d377b,-883.344604492,237311,68413,54.2398,12.9957,41.2441,80.9279,0.50964,0.8439,1.3184,1.5623
aw-cql-seed2,cql,92000,2,92000,c453609fac8d377b,-883.344604492,168808,33814,27.8504,3.3668,24.4837,80.9279,0.30254,0.8906,1.0697,1.2011
aw-cql-seed2,cql,92000,4,92000,c453609fac8d377b,-883.344604492,35214,133999,10.8491,0.315,10.5341,80.9279,0.13017,0.877,0.9744,1.1111
aw-cql-seed2,cql,92000,5,92000,c453609fac8d377b,-883.344604492,40938,30344,16.9303,-2.8969,19.8272,80.9279,0.245,0.9138,1.1003,1.204
aw-cql-seed2,cql,92000,6,92000,c453609fac8d377b,-883.344604492,51996,11915,21.0967,-1.691,22.7877,80.9279,0.28158,0.9338,1.1927,1.2773
aw-cql-seed2,cql,92000,7,92000,c453609fac8d377b,-883.344604492,64933,19513,18.3622,1.8721,16.49,80.9279,0.20376,0.9002,1.123,1.2475
aw-cql-seed2,cql,92000,11,92000,c453609fac8d377b,-883.344604492,76763,39227,11.8197,0.1874,11.6322,80.9279,0.14374,0.9513,1.0539,1.1079
aw-cql-seed2,cql,92000,12,92000,c453609fac8d377b,-883.344604492,33583,82841,8.6297,1.5378,7.0918,80.9279,0.08763,0.9319,1.0128,1.0868
aw-cql-seed2,cql,92000,13,92000,c453609fac8d377b,-883.344604492,29838,52509,16.1015,-0.5058,16.6072,80.9279,0.20521,0.8888,1.0463,1.1773
aw-cql-seed2,cql,92000,14,92000,c453609fac8d377b,-883.344604492,36307,14110,30.5842,-1.6141,32.1983,80.9279,0.39786,0.933,1.2334,1.3221
aw-cql-seed2,cql,93000,0,93000,997d9c9dc86877bd,-900.326904297,237311,68413,54.5273,13.6184,40.9089,81.7799,0.50023,0.843,1.3152,1.5601
aw-cql-seed2,cql,93000,2,93000,997d9c9dc86877bd,-900.326904297,168808,33814,26.2635,2.5311,23.7323,81.7799,0.2902,0.8914,1.0708,1.2012
aw-cql-seed2,cql,93000,4,93000,997d9c9dc86877bd,-900.326904297,35214,133999,10.8793,-0.0289,10.9082,81.7799,0.13339,0.8727,0.9726,1.1145
aw-cql-seed2,cql,93000,5,93000,997d9c9dc86877bd,-900.326904297,40938,30344,17.618,-3.1014,20.7194,81.7799,0.25336,0.9103,1.0983,1.2065
aw-cql-seed2,cql,93000,6,93000,997d9c9dc86877bd,-900.326904297,51996,11915,20.6313,-1.4872,22.1185,81.7799,0.27046,0.9334,1.1951,1.2805
aw-cql-seed2,cql,93000,7,93000,997d9c9dc86877bd,-900.326904297,64933,19513,17.8598,2.1296,15.7302,81.7799,0.19235,0.8997,1.1231,1.2483
aw-cql-seed2,cql,93000,11,93000,997d9c9dc86877bd,-900.326904297,76763,39227,11.2112,0.1885,11.0227,81.7799,0.13478,0.9514,1.0542,1.1081
aw-cql-seed2,cql,93000,12,93000,997d9c9dc86877bd,-900.326904297,33583,82841,9.2577,1.7102,7.5475,81.7799,0.09229,0.9321,1.0135,1.0874
aw-cql-seed2,cql,93000,13,93000,997d9c9dc86877bd,-900.326904297,29838,52509,17.3065,-0.5367,17.8432,81.7799,0.21819,0.8833,1.0445,1.1825
aw-cql-seed2,cql,93000,14,93000,997d9c9dc86877bd,-900.326904297,36307,14110,30.9216,-1.6776,32.5991,81.7799,0.39862,0.931,1.2377,1.3295
aw-cql-seed2,cql,94000,0,94000,8bf302ed9ef382d8,-911.599243164,237311,68413,53.8242,12.4394,41.3848,80.7533,0.51248,0.8428,1.3113,1.5558
aw-cql-seed2,cql,94000,2,94000,8bf302ed9ef382d8,-911.599243164,168808,33814,27.108,2.9959,24.1121,80.7533,0.29859,0.8897,1.0654,1.1976
aw-cql-seed2,cql,94000,4,94000,8bf302ed9ef382d8,-911.599243164,35214,133999,11.6938,0.009,11.6848,80.7533,0.1447,0.8785,0.9755,1.1105
aw-cql-seed2,cql,94000,5,94000,8bf302ed9ef382d8,-911.599243164,40938,30344,17.2318,-3.1232,20.355,80.7533,0.25206,0.9227,1.1011,1.1934
aw-cql-seed2,cql,94000,6,94000,8bf302ed9ef382d8,-911.599243164,51996,11915,20.5291,-1.9721,22.5012,80.7533,0.27864,0.9366,1.1944,1.2753
aw-cql-seed2,cql,94000,7,94000,8bf302ed9ef382d8,-911.599243164,64933,19513,18.2263,1.925,16.3013,80.7533,0.20187,0.9002,1.1227,1.2472
aw-cql-seed2,cql,94000,11,94000,8bf302ed9ef382d8,-911.599243164,76763,39227,9.9501,-0.1994,10.1494,80.7533,0.12568,0.952,1.0556,1.1088
aw-cql-seed2,cql,94000,12,94000,8bf302ed9ef382d8,-911.599243164,33583,82841,8.5415,1.2886,7.2529,80.7533,0.08982,0.932,1.0133,1.0872
aw-cql-seed2,cql,94000,13,94000,8bf302ed9ef382d8,-911.599243164,29838,52509,16.3266,-0.641,16.9676,80.7533,0.21012,0.8906,1.0474,1.1761
aw-cql-seed2,cql,94000,14,94000,8bf302ed9ef382d8,-911.599243164,36307,14110,29.8346,-1.8312,31.6658,80.7533,0.39213,0.9385,1.2394,1.3205
aw-cql-seed2,cql,95000,0,95000,b09601651354384f,-930.656921387,237311,68413,53.5244,12.9412,40.5833,79.3387,0.51152,0.8449,1.323,1.5658
aw-cql-seed2,cql,95000,2,95000,b09601651354384f,-930.656921387,168808,33814,26.388,2.6556,23.7324,79.3387,0.29913,0.8902,1.068,1.1997
aw-cql-seed2,cql,95000,4,95000,b09601651354384f,-930.656921387,35214,133999,12.2953,0.3736,11.9217,79.3387,0.15026,0.8753,0.9726,1.1111
aw-cql-seed2,cql,95000,5,95000,b09601651354384f,-930.656921387,40938,30344,17.1837,-2.9667,20.1505,79.3387,0.25398,0.9143,1.0959,1.1986
aw-cql-seed2,cql,95000,6,95000,b09601651354384f,-930.656921387,51996,11915,21.7353,-0.6068,22.3421,79.3387,0.2816,0.9323,1.189,1.2752
aw-cql-seed2,cql,95000,7,95000,b09601651354384f,-930.656921387,64933,19513,18.1913,2.4182,15.7731,79.3387,0.19881,0.9013,1.1284,1.252
aw-cql-seed2,cql,95000,11,95000,b09601651354384f,-930.656921387,76763,39227,11.0256,0.0542,10.9714,79.3387,0.13829,0.9541,1.0577,1.1086
aw-cql-seed2,cql,95000,12,95000,b09601651354384f,-930.656921387,33583,82841,8.3489,1.4686,6.8803,79.3387,0.08672,0.9319,1.013,1.087
aw-cql-seed2,cql,95000,13,95000,b09601651354384f,-930.656921387,29838,52509,14.8875,-1.0044,15.8919,79.3387,0.2003,0.887,1.045,1.1781
aw-cql-seed2,cql,95000,14,95000,b09601651354384f,-930.656921387,36307,14110,29.4701,-2.1168,31.5869,79.3387,0.39813,0.9334,1.2325,1.3205
aw-cql-seed2,cql,96000,0,96000,6dded14b1df33daf,-949.166137695,237311,68413,53.9419,13.4827,40.4592,80.1835,0.50458,0.8429,1.3178,1.5633
aw-cql-seed2,cql,96000,2,96000,6dded14b1df33daf,-949.166137695,168808,33814,26.1737,2.6287,23.545,80.1835,0.29364,0.8907,1.0684,1.1995
aw-cql-seed2,cql,96000,4,96000,6dded14b1df33daf,-949.166137695,35214,133999,11.2256,0.4163,10.8093,80.1835,0.13481,0.879,0.9738,1.1078
aw-cql-seed2,cql,96000,5,96000,6dded14b1df33daf,-949.166137695,40938,30344,17.0108,-2.5986,19.6094,80.1835,0.24456,0.9148,1.0947,1.1966
aw-cql-seed2,cql,96000,6,96000,6dded14b1df33daf,-949.166137695,51996,11915,20.1856,-2.3303,22.5159,80.1835,0.2808,0.9323,1.1831,1.269
aw-cql-seed2,cql,96000,7,96000,6dded14b1df33daf,-949.166137695,64933,19513,17.2548,1.1113,16.1435,80.1835,0.20133,0.9009,1.1204,1.2437
aw-cql-seed2,cql,96000,11,96000,6dded14b1df33daf,-949.166137695,76763,39227,10.08,-0.3309,10.4109,80.1835,0.12984,0.9522,1.0543,1.1072
aw-cql-seed2,cql,96000,12,96000,6dded14b1df33daf,-949.166137695,33583,82841,8.0207,1.2129,6.8078,80.1835,0.0849,0.9326,1.0122,1.0853
aw-cql-seed2,cql,96000,13,96000,6dded14b1df33daf,-949.166137695,29838,52509,16.8015,-0.1982,16.9997,80.1835,0.21201,0.8859,1.0436,1.178
aw-cql-seed2,cql,96000,14,96000,6dded14b1df33daf,-949.166137695,36307,14110,29.1679,-2.0296,31.1975,80.1835,0.38908,0.9311,1.2243,1.3149
aw-cql-seed2,cql,97000,0,97000,3e51b7a18df2c5eb,-957.857543945,237311,68413,53.4092,13.51,39.8992,79.5442,0.5016,0.8421,1.3122,1.5583
aw-cql-seed2,cql,97000,2,97000,3e51b7a18df2c5eb,-957.857543945,168808,33814,27.009,3.4341,23.575,79.5442,0.29638,0.8888,1.0629,1.1958
aw-cql-seed2,cql,97000,4,97000,3e51b7a18df2c5eb,-957.857543945,35214,133999,10.6592,-0.0811,10.7402,79.5442,0.13502,0.8762,0.9727,1.1102
aw-cql-seed2,cql,97000,5,97000,3e51b7a18df2c5eb,-957.857543945,40938,30344,16.1591,-2.8142,18.9733,79.5442,0.23852,0.9112,1.0942,1.2008
aw-cql-seed2,cql,97000,6,97000,3e51b7a18df2c5eb,-957.857543945,51996,11915,20.8461,-1.7824,22.6285,79.5442,0.28448,0.9316,1.1845,1.2714
aw-cql-seed2,cql,97000,7,97000,3e51b7a18df2c5eb,-957.857543945,64933,19513,18.6727,2.0687,16.604,79.5442,0.20874,0.9015,1.1246,1.2474
aw-cql-seed2,cql,97000,11,97000,3e51b7a18df2c5eb,-957.857543945,76763,39227,10.721,0.2912,10.4299,79.5442,0.13112,0.9507,1.0547,1.1093
aw-cql-seed2,cql,97000,12,97000,3e51b7a18df2c5eb,-957.857543945,33583,82841,8.1674,1.4008,6.7666,79.5442,0.08507,0.9329,1.0133,1.0861
aw-cql-seed2,cql,97000,13,97000,3e51b7a18df2c5eb,-957.857543945,29838,52509,14.6521,-0.667,15.3191,79.5442,0.19259,0.8861,1.0439,1.1781
aw-cql-seed2,cql,97000,14,97000,3e51b7a18df2c5eb,-957.857543945,36307,14110,27.521,-2.6573,30.1782,79.5442,0.37939,0.9295,1.2308,1.3242
aw-cql-seed2,cql,98000,0,98000,bf61da2e813abe72,-970.904907227,237311,68413,54.0634,12.7071,41.3563,80.3558,0.51466,0.8422,1.3159,1.5625
aw-cql-seed2,cql,98000,2,98000,bf61da2e813abe72,-970.904907227,168808,33814,26.8952,2.5608,24.3345,80.3558,0.30283,0.8909,1.0668,1.1974
aw-cql-seed2,cql,98000,4,98000,bf61da2e813abe72,-970.904907227,35214,133999,10.4921,0.3483,10.1438,80.3558,0.12624,0.8763,0.9729,1.1102
aw-cql-seed2,cql,98000,5,98000,bf61da2e813abe72,-970.904907227,40938,30344,16.9086,-2.3971,19.3057,80.3558,0.24025,0.9108,1.0975,1.205
aw-cql-seed2,cql,98000,6,98000,bf61da2e813abe72,-970.904907227,51996,11915,21.4652,-1.9334,23.3986,80.3558,0.29119,0.9328,1.1889,1.2746
aw-cql-seed2,cql,98000,7,98000,bf61da2e813abe72,-970.904907227,64933,19513,18.9985,1.812,17.1865,80.3558,0.21388,0.9007,1.122,1.2457
aw-cql-seed2,cql,98000,11,98000,bf61da2e813abe72,-970.904907227,76763,39227,10.8272,0.0816,10.7456,80.3558,0.13373,0.9526,1.0537,1.1061
aw-cql-seed2,cql,98000,12,98000,bf61da2e813abe72,-970.904907227,33583,82841,8.6011,1.711,6.8901,80.3558,0.08575,0.9315,1.0115,1.0859
aw-cql-seed2,cql,98000,13,98000,bf61da2e813abe72,-970.904907227,29838,52509,16.6108,0.0321,16.5787,80.3558,0.20632,0.8857,1.045,1.1799
aw-cql-seed2,cql,98000,14,98000,bf61da2e813abe72,-970.904907227,36307,14110,30.4593,-1.1594,31.6187,80.3558,0.39348,0.9335,1.2273,1.3147
aw-cql-seed2,cql,99000,0,99000,90726ace2c033555,-984.59375,237311,68413,53.2092,12.6361,40.5731,79.4849,0.51045,0.8436,1.3145,1.5583
aw-cql-seed2,cql,99000,2,99000,90726ace2c033555,-984.59375,168808,33814,26.2701,3.2668,23.0033,79.4849,0.28941,0.8901,1.0666,1.1982
aw-cql-seed2,cql,99000,4,99000,90726ace2c033555,-984.59375,35214,133999,11.2987,0.035,11.2637,79.4849,0.14171,0.8764,0.9739,1.1113
aw-cql-seed2,cql,99000,5,99000,90726ace2c033555,-984.59375,40938,30344,17.0397,-2.957,19.9967,79.4849,0.25158,0.9136,1.0999,1.2039
aw-cql-seed2,cql,99000,6,99000,90726ace2c033555,-984.59375,51996,11915,20.948,-1.8272,22.7752,79.4849,0.28653,0.9344,1.1989,1.2831
aw-cql-seed2,cql,99000,7,99000,90726ace2c033555,-984.59375,64933,19513,17.2782,1.3858,15.8923,79.4849,0.19994,0.9003,1.1254,1.25
aw-cql-seed2,cql,99000,11,99000,90726ace2c033555,-984.59375,76763,39227,10.6772,0.0445,10.6328,79.4849,0.13377,0.9502,1.053,1.1081
aw-cql-seed2,cql,99000,12,99000,90726ace2c033555,-984.59375,33583,82841,8.2233,1.4455,6.7777,79.4849,0.08527,0.9326,1.0131,1.0863
aw-cql-seed2,cql,99000,13,99000,90726ace2c033555,-984.59375,29838,52509,16.0284,-0.5173,16.5457,79.4849,0.20816,0.8848,1.0455,1.1816
aw-cql-seed2,cql,99000,14,99000,90726ace2c033555,-984.59375,36307,14110,28.9296,-1.8676,30.7971,79.4849,0.38746,0.9311,1.2405,1.3323
aw-cql-seed2,cql,100000,0,100000,b2bfbd100f41e45d,-999.749633789,237311,68413,53.541,11.2916,42.2493,80.5082,0.52478,0.842,1.3126,1.559
aw-cql-seed2,cql,100000,2,100000,b2bfbd100f41e45d,-999.749633789,168808,33814,26.6661,2.5948,24.0713,80.5082,0.29899,0.8915,1.0711,1.2013
aw-cql-seed2,cql,100000,4,100000,b2bfbd100f41e45d,-999.749633789,35214,133999,10.3606,0.5163,9.8443,80.5082,0.12228,0.8762,0.9725,1.1099
aw-cql-seed2,cql,100000,5,100000,b2bfbd100f41e45d,-999.749633789,40938,30344,16.2219,-2.4613,18.6832,80.5082,0.23207,0.9127,1.0905,1.1949
aw-cql-seed2,cql,100000,6,100000,b2bfbd100f41e45d,-999.749633789,51996,11915,19.7359,-1.9542,21.69,80.5082,0.26941,0.9332,1.1847,1.2696
aw-cql-seed2,cql,100000,7,100000,b2bfbd100f41e45d,-999.749633789,64933,19513,17.631,1.3988,16.2322,80.5082,0.20162,0.8995,1.1228,1.2482
aw-cql-seed2,cql,100000,11,100000,b2bfbd100f41e45d,-999.749633789,76763,39227,9.6295,-0.4669,10.0964,80.5082,0.12541,0.951,1.0537,1.108
aw-cql-seed2,cql,100000,12,100000,b2bfbd100f41e45d,-999.749633789,33583,82841,8.199,1.3362,6.8627,80.5082,0.08524,0.9326,1.0127,1.0859
aw-cql-seed2,cql,100000,13,100000,b2bfbd100f41e45d,-999.749633789,29838,52509,15.1583,-0.2374,15.3956,80.5082,0.19123,0.8861,1.0431,1.1772
aw-cql-seed2,cql,100000,14,100000,b2bfbd100f41e45d,-999.749633789,36307,14110,28.7571,-1.4288,30.1858,80.5082,0.37494,0.9319,1.2241,1.3136
aw-cql-seed2,cql,101000,0,101000,1cda8cc3e6702e4e,-1015.011047363,237311,68413,53.2483,12.6034,40.6449,79.6806,0.5101,0.8419,1.3169,1.5642
aw-cql-seed2,cql,101000,2,101000,1cda8cc3e6702e4e,-1015.011047363,168808,33814,26.9437,3.2836,23.6601,79.6806,0.29694,0.8888,1.0643,1.1975
aw-cql-seed2,cql,101000,4,101000,1cda8cc3e6702e4e,-1015.011047363,35214,133999,9.9102,0.1674,9.7428,79.6806,0.12227,0.8763,0.9715,1.1086
aw-cql-seed2,cql,101000,5,101000,1cda8cc3e6702e4e,-1015.011047363,40938,30344,15.527,-2.79,18.317,79.6806,0.22988,0.9153,1.0938,1.195
aw-cql-seed2,cql,101000,6,101000,1cda8cc3e6702e4e,-1015.011047363,51996,11915,19.9475,-2.5795,22.527,79.6806,0.28272,0.9348,1.1919,1.2751
aw-cql-seed2,cql,101000,7,101000,1cda8cc3e6702e4e,-1015.011047363,64933,19513,16.7806,0.958,15.8226,79.6806,0.19858,0.9005,1.1219,1.2459
aw-cql-seed2,cql,101000,11,101000,1cda8cc3e6702e4e,-1015.011047363,76763,39227,9.1717,-0.6305,9.8022,79.6806,0.12302,0.9515,1.0545,1.1082
aw-cql-seed2,cql,101000,12,101000,1cda8cc3e6702e4e,-1015.011047363,33583,82841,7.3795,1.0988,6.2807,79.6806,0.07882,0.9326,1.012,1.0851
aw-cql-seed2,cql,101000,13,101000,1cda8cc3e6702e4e,-1015.011047363,29838,52509,14.9803,-0.2926,15.2729,79.6806,0.19168,0.887,1.0439,1.1769
aw-cql-seed2,cql,101000,14,101000,1cda8cc3e6702e4e,-1015.011047363,36307,14110,28.7073,-2.0629,30.7702,79.6806,0.38617,0.9356,1.2368,1.3218
aw-cql-seed2,cql,102000,0,102000,74c69b043330ebcb,-1027.300048828,237311,68413,52.8899,11.6011,41.2887,80.0384,0.51586,0.8423,1.3074,1.5522
aw-cql-seed2,cql,102000,2,102000,74c69b043330ebcb,-1027.300048828,168808,33814,25.982,2.2616,23.7204,80.0384,0.29636,0.89,1.0645,1.1961
aw-cql-seed2,cql,102000,4,102000,74c69b043330ebcb,-1027.300048828,35214,133999,10.3626,0.0556,10.307,80.0384,0.12878,0.8751,0.9725,1.1113
aw-cql-seed2,cql,102000,5,102000,74c69b043330ebcb,-1027.300048828,40938,30344,15.8357,-2.9185,18.7542,80.0384,0.23431,0.9124,1.0981,1.2035
aw-cql-seed2,cql,102000,6,102000,74c69b043330ebcb,-1027.300048828,51996,11915,19.1973,-2.5559,21.7532,80.0384,0.27179,0.9346,1.1952,1.2788
aw-cql-seed2,cql,102000,7,102000,74c69b043330ebcb,-1027.300048828,64933,19513,17.5226,1.4551,16.0675,80.0384,0.20075,0.9005,1.1184,1.2421
aw-cql-seed2,cql,102000,11,102000,74c69b043330ebcb,-1027.300048828,76763,39227,9.8973,-0.1348,10.0321,80.0384,0.12534,0.9508,1.0525,1.107
aw-cql-seed2,cql,102000,12,102000,74c69b043330ebcb,-1027.300048828,33583,82841,7.2606,1.3087,5.9518,80.0384,0.07436,0.9319,1.0113,1.0852
aw-cql-seed2,cql,102000,13,102000,74c69b043330ebcb,-1027.300048828,29838,52509,14.7237,-0.6053,15.3289,80.0384,0.19152,0.8827,1.045,1.1838
aw-cql-seed2,cql,102000,14,102000,74c69b043330ebcb,-1027.300048828,36307,14110,28.2416,-2.1067,30.3484,80.0384,0.37917,0.9322,1.2395,1.3296
aw-cql-seed2,cql,103000,0,103000,ae3411ef458b9762,-1042.148681641,237311,68413,53.3892,11.2529,42.1362,80.6272,0.52261,0.8424,1.3092,1.5542
aw-cql-seed2,cql,103000,2,103000,ae3411ef458b9762,-1042.148681641,168808,33814,27.0665,2.9639,24.1026,80.6272,0.29894,0.8912,1.0662,1.1964
aw-cql-seed2,cql,103000,4,103000,ae3411ef458b9762,-1042.148681641,35214,133999,10.4876,0.0528,10.4348,80.6272,0.12942,0.8747,0.971,1.1101
aw-cql-seed2,cql,103000,5,103000,ae3411ef458b9762,-1042.148681641,40938,30344,15.1636,-3.4702,18.6338,80.6272,0.23111,0.9126,1.0974,1.2025
aw-cql-seed2,cql,103000,6,103000,ae3411ef458b9762,-1042.148681641,51996,11915,20.2073,-2.0706,22.2779,80.6272,0.27631,0.9362,1.2002,1.282
aw-cql-seed2,cql,103000,7,103000,ae3411ef458b9762,-1042.148681641,64933,19513,16.872,1.4972,15.3748,80.6272,0.19069,0.9009,1.1196,1.2428
aw-cql-seed2,cql,103000,11,103000,ae3411ef458b9762,-1042.148681641,76763,39227,9.5949,-0.5733,10.1683,80.6272,0.12611,0.9516,1.0539,1.1075
aw-cql-seed2,cql,103000,12,103000,ae3411ef458b9762,-1042.148681641,33583,82841,7.4719,1.1502,6.3217,80.6272,0.07841,0.9326,1.012,1.0852
aw-cql-seed2,cql,103000,13,103000,ae3411ef458b9762,-1042.148681641,29838,52509,14.7188,-0.6468,15.3657,80.6272,0.19058,0.8826,1.0439,1.1828
aw-cql-seed2,cql,103000,14,103000,ae3411ef458b9762,-1042.148681641,36307,14110,28.2152,-1.9052,30.1204,80.6272,0.37358,0.931,1.2369,1.3286
aw-cql-seed2,cql,104000,0,104000,15bd3332bccaba90,-1060.393798828,237311,68413,53.5672,12.6636,40.9036,80.1815,0.51014,0.844,1.3124,1.555
aw-cql-seed2,cql,104000,2,104000,15bd3332bccaba90,-1060.393798828,168808,33814,25.3699,2.1945,23.1754,80.1815,0.28904,0.8916,1.0656,1.195
aw-cql-seed2,cql,104000,4,104000,15bd3332bccaba90,-1060.393798828,35214,133999,9.6243,0.0092,9.6151,80.1815,0.11992,0.8751,0.9708,1.1093
aw-cql-seed2,cql,104000,5,104000,15bd3332bccaba90,-1060.393798828,40938,30344,15.1727,-3.1037,18.2765,80.1815,0.22794,0.9153,1.0927,1.1939
aw-cql-seed2,cql,104000,6,104000,15bd3332bccaba90,-1060.393798828,51996,11915,20.7803,-2.0405,22.8207,80.1815,0.28461,0.9323,1.1844,1.2705
aw-cql-seed2,cql,104000,7,104000,15bd3332bccaba90,-1060.393798828,64933,19513,17.3976,1.6096,15.788,80.1815,0.1969,0.9002,1.1206,1.2449
aw-cql-seed2,cql,104000,11,104000,15bd3332bccaba90,-1060.393798828,76763,39227,10.02,-0.1868,10.2068,80.1815,0.1273,0.9496,1.0522,1.108
aw-cql-seed2,cql,104000,12,104000,15bd3332bccaba90,-1060.393798828,33583,82841,8.0558,1.4079,6.6479,80.1815,0.08291,0.9324,1.0119,1.0853
aw-cql-seed2,cql,104000,13,104000,15bd3332bccaba90,-1060.393798828,29838,52509,14.2873,-0.4559,14.7432,80.1815,0.18387,0.8873,1.0431,1.1756
aw-cql-seed2,cql,104000,14,104000,15bd3332bccaba90,-1060.393798828,36307,14110,28.152,-2.1318,30.2838,80.1815,0.37769,0.9328,1.2296,1.3182
aw-cql-seed2,cql,105000,0,105000,d8bf536d3d766b8d,-1069.893554688,237311,68413,53.0734,11.8175,41.2559,79.9135,0.51626,0.8413,1.3114,1.5587
aw-cql-seed2,cql,105000,2,105000,d8bf536d3d766b8d,-1069.893554688,168808,33814,27.0688,3.0338,24.035,79.9135,0.30076,0.8884,1.0635,1.1971
aw-cql-seed2,cql,105000,4,105000,d8bf536d3d766b8d,-1069.893554688,35214,133999,9.89,0.1897,9.7003,79.9135,0.12138,0.8778,0.9729,1.1083
aw-cql-seed2,cql,105000,5,105000,d8bf536d3d766b8d,-1069.893554688,40938,30344,14.9269,-2.6241,17.551,79.9135,0.21963,0.9182,1.0995,1.1975
aw-cql-seed2,cql,105000,6,105000,d8bf536d3d766b8d,-1069.893554688,51996,11915,19.883,-1.9796,21.8626,79.9135,0.27358,0.9328,1.1904,1.2762
aw-cql-seed2,cql,105000,7,105000,d8bf536d3d766b8d,-1069.893554688,64933,19513,17.4603,1.7388,15.7215,79.9135,0.19673,0.8992,1.1211,1.2468
aw-cql-seed2,cql,105000,11,105000,d8bf536d3d766b8d,-1069.893554688,76763,39227,9.4649,-0.5428,10.0077,79.9135,0.12523,0.9509,1.0524,1.1068
aw-cql-seed2,cql,105000,12,105000,d8bf536d3d766b8d,-1069.893554688,33583,82841,8.1109,1.3636,6.7473,79.9135,0.08443,0.9336,1.0139,1.0861
aw-cql-seed2,cql,105000,13,105000,d8bf536d3d766b8d,-1069.893554688,29838,52509,15.6786,-0.2444,15.923,79.9135,0.19925,0.8898,1.0481,1.1779
aw-cql-seed2,cql,105000,14,105000,d8bf536d3d766b8d,-1069.893554688,36307,14110,28.4135,-1.917,30.3305,79.9135,0.37954,0.9323,1.2312,1.3205
aw-cql-seed2,cql,106000,0,106000,ebc606f6de5601cb,-1084.037597656,237311,68413,52.6837,11.3603,41.3234,79.2866,0.52119,0.8434,1.3106,1.554
aw-cql-seed2,cql,106000,2,106000,ebc606f6de5601cb,-1084.037597656,168808,33814,26.3275,2.8204,23.5071,79.2866,0.29648,0.8892,1.0613,1.1936
aw-cql-seed2,cql,106000,4,106000,ebc606f6de5601cb,-1084.037597656,35214,133999,10.0338,0.3863,9.6475,79.2866,0.12168,0.8786,0.9727,1.1071
aw-cql-seed2,cql,106000,5,106000,ebc606f6de5601cb,-1084.037597656,40938,30344,16.572,-2.8392,19.4112,79.2866,0.24482,0.9167,1.0927,1.1919
aw-cql-seed2,cql,106000,6,106000,ebc606f6de5601cb,-1084.037597656,51996,11915,20.5246,-1.8577,22.3823,79.2866,0.2823,0.933,1.1876,1.273
aw-cql-seed2,cql,106000,7,106000,ebc606f6de5601cb,-1084.037597656,64933,19513,16.6323,0.8159,15.8165,79.2866,0.19949,0.9,1.1179,1.2422
aw-cql-seed2,cql,106000,11,106000,ebc606f6de5601cb,-1084.037597656,76763,39227,9.8094,-0.3436,10.1529,79.2866,0.12805,0.95,1.0506,1.106
aw-cql-seed2,cql,106000,12,106000,ebc606f6de5601cb,-1084.037597656,33583,82841,7.6672,1.5352,6.132,79.2866,0.07734,0.9319,1.0108,1.0847
aw-cql-seed2,cql,106000,13,106000,ebc606f6de5601cb,-1084.037597656,29838,52509,14.8936,-0.4073,15.3009,79.2866,0.19298,0.8897,1.0436,1.173
aw-cql-seed2,cql,106000,14,106000,ebc606f6de5601cb,-1084.037597656,36307,14110,27.1637,-2.311,29.4746,79.2866,0.37175,0.9342,1.2335,1.3204
aw-cql-seed2,cql,107000,0,107000,c40080c493db0f02,-1098.589355469,237311,68413,52.429,11.9285,40.5006,79.2391,0.51112,0.8427,1.3141,1.5594
aw-cql-seed2,cql,107000,2,107000,c40080c493db0f02,-1098.589355469,168808,33814,26.3762,2.8003,23.5758,79.2391,0.29753,0.8921,1.0683,1.1975
aw-cql-seed2,cql,107000,4,107000,c40080c493db0f02,-1098.589355469,35214,133999,9.5195,0.0193,9.5002,79.2391,0.11989,0.8788,0.9728,1.1069
aw-cql-seed2,cql,107000,5,107000,c40080c493db0f02,-1098.589355469,40938,30344,14.9177,-3.2274,18.1451,79.2391,0.22899,0.9188,1.0972,1.1942
aw-cql-seed2,cql,107000,6,107000,c40080c493db0f02,-1098.589355469,51996,11915,19.5924,-2.5756,22.168,79.2391,0.27976,0.9333,1.1921,1.2774
aw-cql-seed2,cql,107000,7,107000,c40080c493db0f02,-1098.589355469,64933,19513,16.955,0.9177,16.0373,79.2391,0.20239,0.8999,1.1207,1.2453
aw-cql-seed2,cql,107000,11,107000,c40080c493db0f02,-1098.589355469,76763,39227,9.7022,-0.4423,10.1445,79.2391,0.12802,0.95,1.0504,1.1056
aw-cql-seed2,cql,107000,12,107000,c40080c493db0f02,-1098.589355469,33583,82841,7.2561,1.0323,6.2238,79.2391,0.07855,0.933,1.0114,1.084
aw-cql-seed2,cql,107000,13,107000,c40080c493db0f02,-1098.589355469,29838,52509,14.5121,-0.6759,15.188,79.2391,0.19167,0.8932,1.0465,1.1717
aw-cql-seed2,cql,107000,14,107000,c40080c493db0f02,-1098.589355469,36307,14110,27.7262,-2.5316,30.2578,79.2391,0.38185,0.9369,1.237,1.3204
aw-cql-seed2,cql,108000,0,108000,0a577da580980132,-1109.284667969,237311,68413,53.0966,12.5054,40.5912,79.0264,0.51364,0.8422,1.3161,1.5628
aw-cql-seed2,cql,108000,2,108000,0a577da580980132,-1109.284667969,168808,33814,26.6518,3.1378,23.514,79.0264,0.29755,0.8886,1.0628,1.1961
aw-cql-seed2,cql,108000,4,108000,0a577da580980132,-1109.284667969,35214,133999,9.1794,0.1023,9.0771,79.0264,0.11486,0.8768,0.9717,1.1082
aw-cql-seed2,cql,108000,5,108000,0a577da580980132,-1109.284667969,40938,30344,14.9523,-2.9272,17.8795,79.0264,0.22625,0.9142,1.0926,1.1952
aw-cql-seed2,cql,108000,6,108000,0a577da580980132,-1109.284667969,51996,11915,19.7103,-2.8519,22.5621,79.0264,0.2855,0.933,1.1862,1.2714
aw-cql-seed2,cql,108000,7,108000,0a577da580980132,-1109.284667969,64933,19513,17.3605,1.3219,16.0386,79.0264,0.20295,0.8985,1.1178,1.2441
aw-cql-seed2,cql,108000,11,108000,0a577da580980132,-1109.284667969,76763,39227,10.5596,0.1234,10.4362,79.0264,0.13206,0.95,1.0516,1.1069
aw-cql-seed2,cql,108000,12,108000,0a577da580980132,-1109.284667969,33583,82841,7.7732,1.5137,6.2595,79.0264,0.07921,0.9321,1.0105,1.084
aw-cql-seed2,cql,108000,13,108000,0a577da580980132,-1109.284667969,29838,52509,13.6063,-0.6732,14.2795,79.0264,0.18069,0.8889,1.0435,1.1739
aw-cql-seed2,cql,108000,14,108000,0a577da580980132,-1109.284667969,36307,14110,27.9846,-2.5309,30.5155,79.0264,0.38614,0.9326,1.2285,1.3173
aw-cql-seed2,cql,109000,0,109000,1a85fbd152f93dba,-1125.59362793,237311,68413,52.4032,11.2269,41.1763,79.6583,0.51691,0.8424,1.3069,1.5513
aw-cql-seed2,cql,109000,2,109000,1a85fbd152f93dba,-1125.59362793,168808,33814,26.1007,2.608,23.4928,79.6583,0.29492,0.889,1.0649,1.1978
aw-cql-seed2,cql,109000,4,109000,1a85fbd152f93dba,-1125.59362793,35214,133999,9.1862,0.3309,8.8554,79.6583,0.11117,0.8741,0.971,1.1109
aw-cql-seed2,cql,109000,5,109000,1a85fbd152f93dba,-1125.59362793,40938,30344,13.9438,-2.9749,16.9187,79.6583,0.21239,0.9128,1.0914,1.1956
aw-cql-seed2,cql,109000,6,109000,1a85fbd152f93dba,-1125.59362793,51996,11915,19.4592,-2.3868,21.846,79.6583,0.27425,0.9319,1.1836,1.2701
aw-cql-seed2,cql,109000,7,109000,1a85fbd152f93dba,-1125.59362793,64933,19513,16.5522,0.5296,16.0226,79.6583,0.20114,0.8993,1.1165,1.2416
aw-cql-seed2,cql,109000,11,109000,1a85fbd152f93dba,-1125.59362793,76763,39227,9.3168,-0.704,10.0208,79.6583,0.1258,0.9512,1.0518,1.1058
aw-cql-seed2,cql,109000,12,109000,1a85fbd152f93dba,-1125.59362793,33583,82841,6.8188,1.2594,5.5595,79.6583,0.06979,0.9334,1.0107,1.0829
aw-cql-seed2,cql,109000,13,109000,1a85fbd152f93dba,-1125.59362793,29838,52509,14.6587,-0.3478,15.0065,79.6583,0.18839,0.8861,1.0429,1.1769
aw-cql-seed2,cql,109000,14,109000,1a85fbd152f93dba,-1125.59362793,36307,14110,27.2528,-2.1901,29.4429,79.6583,0.36961,0.9318,1.2303,1.3204
aw-cql-seed2,cql,110000,0,110000,a9fc3c93851bef6b,-1140.568603516,237311,68413,52.0232,11.0468,40.9763,79.4866,0.51551,0.843,1.3078,1.5514
aw-cql-seed2,cql,110000,2,110000,a9fc3c93851bef6b,-1140.568603516,168808,33814,25.2371,2.0409,23.1962,79.4866,0.29183,0.8889,1.0606,1.1932
aw-cql-seed2,cql,110000,4,110000,a9fc3c93851bef6b,-1140.568603516,35214,133999,8.0337,0.0431,7.9906,79.4866,0.10053,0.8777,0.9715,1.1069
aw-cql-seed2,cql,110000,5,110000,a9fc3c93851bef6b,-1140.568603516,40938,30344,14.0311,-3.1055,17.1366,79.4866,0.21559,0.917,1.0951,1.1942
aw-cql-seed2,cql,110000,6,110000,a9fc3c93851bef6b,-1140.568603516,51996,11915,19.0232,-2.5311,21.5542,79.4866,0.27117,0.9339,1.1895,1.2737
aw-cql-seed2,cql,110000,7,110000,a9fc3c93851bef6b,-1140.568603516,64933,19513,17.3732,1.2826,16.0906,79.4866,0.20243,0.9005,1.1187,1.2423
aw-cql-seed2,cql,110000,11,110000,a9fc3c93851bef6b,-1140.568603516,76763,39227,9.5027,-0.4784,9.9811,79.4866,0.12557,0.9504,1.0496,1.1044
aw-cql-seed2,cql,110000,12,110000,a9fc3c93851bef6b,-1140.568603516,33583,82841,6.9074,1.1578,5.7495,79.4866,0.07233,0.9323,1.0101,1.0835
aw-cql-seed2,cql,110000,13,110000,a9fc3c93851bef6b,-1140.568603516,29838,52509,13.4907,-0.732,14.2227,79.4866,0.17893,0.8915,1.044,1.1711
aw-cql-seed2,cql,110000,14,110000,a9fc3c93851bef6b,-1140.568603516,36307,14110,25.46,-2.958,28.4179,79.4866,0.35752,0.9346,1.2323,1.3186
aw-cql-seed2,cql,111000,0,111000,c81c44d22a21edb2,-1155.653442383,237311,68413,51.4677,10.4767,40.991,78.4585,0.52245,0.8452,1.3162,1.5571
aw-cql-seed2,cql,111000,2,111000,c81c44d22a21edb2,-1155.653442383,168808,33814,25.3425,1.8958,23.4467,78.4585,0.29884,0.8885,1.0611,1.1943
aw-cql-seed2,cql,111000,4,111000,c81c44d22a21edb2,-1155.653442383,35214,133999,9.1347,0.3125,8.8222,78.4585,0.11244,0.877,0.9718,1.108
aw-cql-seed2,cql,111000,5,111000,c81c44d22a21edb2,-1155.653442383,40938,30344,14.6026,-2.7765,17.3791,78.4585,0.22151,0.916,1.0927,1.193
aw-cql-seed2,cql,111000,6,111000,c81c44d22a21edb2,-1155.653442383,51996,11915,18.9095,-2.6828,21.5923,78.4585,0.27521,0.9329,1.1881,1.2735
aw-cql-seed2,cql,111000,7,111000,c81c44d22a21edb2,-1155.653442383,64933,19513,15.537,0.0283,15.5087,78.4585,0.19767,0.8992,1.1155,1.2406
aw-cql-seed2,cql,111000,11,111000,c81c44d22a21edb2,-1155.653442383,76763,39227,9.6435,-0.6508,10.2942,78.4585,0.13121,0.9508,1.0526,1.107
aw-cql-seed2,cql,111000,12,111000,c81c44d22a21edb2,-1155.653442383,33583,82841,7.2404,1.139,6.1013,78.4585,0.07776,0.932,1.011,1.0849
aw-cql-seed2,cql,111000,13,111000,c81c44d22a21edb2,-1155.653442383,29838,52509,14.356,-0.6213,14.9773,78.4585,0.19089,0.8893,1.0446,1.1746
aw-cql-seed2,cql,111000,14,111000,c81c44d22a21edb2,-1155.653442383,36307,14110,27.3189,-2.2047,29.5237,78.4585,0.3763,0.9344,1.2291,1.3154
aw-cql-seed2,cql,112000,0,112000,ff047c0f8800f447,-1172.80456543,237311,68413,52.1509,12.1389,40.012,79.0465,0.50618,0.8422,1.3094,1.5547
aw-cql-seed2,cql,112000,2,112000,ff047c0f8800f447,-1172.80456543,168808,33814,25.7291,2.532,23.1972,79.0465,0.29346,0.8882,1.058,1.1912
aw-cql-seed2,cql,112000,4,112000,ff047c0f8800f447,-1172.80456543,35214,133999,10.0129,0.0697,9.9432,79.0465,0.12579,0.8746,0.9707,1.1098
aw-cql-seed2,cql,112000,5,112000,ff047c0f8800f447,-1172.80456543,40938,30344,14.3869,-3.382,17.7689,79.0465,0.22479,0.9112,1.0917,1.198
aw-cql-seed2,cql,112000,6,112000,ff047c0f8800f447,-1172.80456543,51996,11915,18.2694,-2.5242,20.7936,79.0465,0.26306,0.9328,1.19,1.2758
aw-cql-seed2,cql,112000,7,112000,ff047c0f8800f447,-1172.80456543,64933,19513,16.1237,0.5955,15.5282,79.0465,0.19644,0.9011,1.1183,1.241
aw-cql-seed2,cql,112000,11,112000,ff047c0f8800f447,-1172.80456543,76763,39227,9.4635,-0.7392,10.2027,79.0465,0.12907,0.9496,1.0497,1.1055
aw-cql-seed2,cql,112000,12,112000,ff047c0f8800f447,-1172.80456543,33583,82841,6.6948,0.9848,5.7101,79.0465,0.07224,0.9318,1.0106,1.0845
aw-cql-seed2,cql,112000,13,112000,ff047c0f8800f447,-1172.80456543,29838,52509,12.6255,-1.2393,13.8648,79.0465,0.1754,0.884,1.0417,1.1784
aw-cql-seed2,cql,112000,14,112000,ff047c0f8800f447,-1172.80456543,36307,14110,26.7444,-2.6791,29.4234,79.0465,0.37223,0.93,1.2329,1.3257
aw-cql-seed2,cql,113000,0,113000,1ed07a0a3b54b600,-1192.53503418,237311,68413,52.3917,10.9113,41.4804,80.2978,0.51658,0.842,1.3093,1.5549
aw-cql-seed2,cql,113000,2,113000,1ed07a0a3b54b600,-1192.53503418,168808,33814,25.6098,1.8521,23.7576,80.2978,0.29587,0.8888,1.0612,1.194
aw-cql-seed2,cql,113000,4,113000,1ed07a0a3b54b600,-1192.53503418,35214,133999,8.1921,-0.2717,8.4638,80.2978,0.10541,0.875,0.9693,1.1077
aw-cql-seed2,cql,113000,5,113000,1ed07a0a3b54b600,-1192.53503418,40938,30344,13.0556,-3.6722,16.7278,80.2978,0.20832,0.9159,1.0905,1.1907
aw-cql-seed2,cql,113000,6,113000,1ed07a0a3b54b600,-1192.53503418,51996,11915,18.7504,-2.9752,21.7256,80.2978,0.27056,0.9311,1.1848,1.2724
aw-cql-seed2,cql,113000,7,113000,1ed07a0a3b54b600,-1192.53503418,64933,19513,15.5141,-0.0908,15.6049,80.2978,0.19434,0.8989,1.1142,1.2395
aw-cql-seed2,cql,113000,11,113000,1ed07a0a3b54b600,-1192.53503418,76763,39227,8.9392,-0.6726,9.6118,80.2978,0.1197,0.9489,1.0492,1.1056
aw-cql-seed2,cql,113000,12,113000,1ed07a0a3b54b600,-1192.53503418,33583,82841,6.547,0.7985,5.7485,80.2978,0.07159,0.9317,1.0093,1.0833
aw-cql-seed2,cql,113000,13,113000,1ed07a0a3b54b600,-1192.53503418,29838,52509,13.8172,-1.1023,14.9194,80.2978,0.1858,0.8857,1.0416,1.176
aw-cql-seed2,cql,113000,14,113000,1ed07a0a3b54b600,-1192.53503418,36307,14110,27.1095,-2.5255,29.635,80.2978,0.36906,0.9286,1.2234,1.3174
aw-cql-seed2,cql,114000,0,114000,833a36d938f5db8b,-1205.37890625,237311,68413,52.1282,11.2376,40.8905,79.2112,0.51622,0.8417,1.3083,1.5544
aw-cql-seed2,cql,114000,2,114000,833a36d938f5db8b,-1205.37890625,168808,33814,25.6602,2.1636,23.4966,79.2112,0.29663,0.8886,1.0625,1.1957
aw-cql-seed2,cql,114000,4,114000,833a36d938f5db8b,-1205.37890625,35214,133999,8.7032,-0.2747,8.9779,79.2112,0.11334,0.8743,0.9697,1.1091
aw-cql-seed2,cql,114000,5,114000,833a36d938f5db8b,-1205.37890625,40938,30344,14.5517,-3.2363,17.7879,79.2112,0.22456,0.9121,1.0889,1.1938
aw-cql-seed2,cql,114000,6,114000,833a36d938f5db8b,-1205.37890625,51996,11915,19.5382,-2.6281,22.1663,79.2112,0.27984,0.9305,1.1846,1.2731
aw-cql-seed2,cql,114000,7,114000,833a36d938f5db8b,-1205.37890625,64933,19513,16.8305,0.8791,15.9515,79.2112,0.20138,0.8982,1.114,1.2403
aw-cql-seed2,cql,114000,11,114000,833a36d938f5db8b,-1205.37890625,76763,39227,9.0788,-0.5905,9.6693,79.2112,0.12207,0.9489,1.0508,1.1074
aw-cql-seed2,cql,114000,12,114000,833a36d938f5db8b,-1205.37890625,33583,82841,5.7503,0.7075,5.0427,79.2112,0.06366,0.9317,1.0095,1.0835
aw-cql-seed2,cql,114000,13,114000,833a36d938f5db8b,-1205.37890625,29838,52509,12.3996,-0.7945,13.194,79.2112,0.16657,0.8857,1.0409,1.1752
aw-cql-seed2,cql,114000,14,114000,833a36d938f5db8b,-1205.37890625,36307,14110,25.8852,-2.5576,28.4428,79.2112,0.35908,0.9275,1.2243,1.3201
aw-cql-seed2,cql,115000,0,115000,de418e58f18db756,-1224.05078125,237311,68413,51.6615,10.2744,41.3872,79.4959,0.52062,0.8424,1.3085,1.5533
aw-cql-seed2,cql,115000,2,115000,de418e58f18db756,-1224.05078125,168808,33814,25.1079,1.7539,23.3541,79.4959,0.29378,0.8875,1.0604,1.1948
aw-cql-seed2,cql,115000,4,115000,de418e58f18db756,-1224.05078125,35214,133999,8.427,-0.2423,8.6693,79.4959,0.10905,0.8762,0.9703,1.1074
aw-cql-seed2,cql,115000,5,115000,de418e58f18db756,-1224.05078125,40938,30344,14.5888,-3.2948,17.8836,79.4959,0.22496,0.9132,1.0903,1.1939
aw-cql-seed2,cql,115000,6,115000,de418e58f18db756,-1224.05078125,51996,11915,17.8968,-3.3314,21.2281,79.4959,0.26703,0.9319,1.1852,1.2719
aw-cql-seed2,cql,115000,7,115000,de418e58f18db756,-1224.05078125,64933,19513,16.3705,0.7651,15.6054,79.4959,0.1963,0.8973,1.1163,1.2441
aw-cql-seed2,cql,115000,11,115000,de418e58f18db756,-1224.05078125,76763,39227,9.6694,-0.4142,10.0836,79.4959,0.12684,0.9487,1.0499,1.1067
aw-cql-seed2,cql,115000,12,115000,de418e58f18db756,-1224.05078125,33583,82841,6.4475,0.8819,5.5656,79.4959,0.07001,0.9328,1.0104,1.0832
aw-cql-seed2,cql,115000,13,115000,de418e58f18db756,-1224.05078125,29838,52509,13.3189,-1.1922,14.5111,79.4959,0.18254,0.8863,1.0426,1.1763
aw-cql-seed2,cql,115000,14,115000,de418e58f18db756,-1224.05078125,36307,14110,26.4705,-2.7575,29.228,79.4959,0.36767,0.9306,1.23,1.3217
aw-cql-seed2,cql,116000,0,116000,7625e9b1e0be779e,-1235.588012695,237311,68413,52.008,10.2191,41.789,79.5625,0.52523,0.8417,1.3026,1.5476
aw-cql-seed2,cql,116000,2,116000,7625e9b1e0be779e,-1235.588012695,168808,33814,25.1453,2.1247,23.0206,79.5625,0.28934,0.8885,1.0619,1.1951
aw-cql-seed2,cql,116000,4,116000,7625e9b1e0be779e,-1235.588012695,35214,133999,7.683,-0.3536,8.0367,79.5625,0.10101,0.8752,0.9698,1.1082
aw-cql-seed2,cql,116000,5,116000,7625e9b1e0be779e,-1235.588012695,40938,30344,13.4351,-3.2859,16.721,79.5625,0.21016,0.9145,1.0929,1.195
aw-cql-seed2,cql,116000,6,116000,7625e9b1e0be779e,-1235.588012695,51996,11915,17.9207,-3.161,21.0816,79.5625,0.26497,0.9328,1.1928,1.2787
aw-cql-seed2,cql,116000,7,116000,7625e9b1e0be779e,-1235.588012695,64933,19513,16.0271,0.185,15.8421,79.5625,0.19911,0.899,1.1156,1.2409
aw-cql-seed2,cql,116000,11,116000,7625e9b1e0be779e,-1235.588012695,76763,39227,9.3429,-0.5782,9.9211,79.5625,0.1247,0.9512,1.0533,1.1074
aw-cql-seed2,cql,116000,12,116000,7625e9b1e0be779e,-1235.588012695,33583,82841,6.1125,0.6148,5.4978,79.5625,0.0691,0.9322,1.0109,1.0844
aw-cql-seed2,cql,116000,13,116000,7625e9b1e0be779e,-1235.588012695,29838,52509,12.6545,-1.1843,13.8388,79.5625,0.17394,0.8849,1.0416,1.1771
aw-cql-seed2,cql,116000,14,116000,7625e9b1e0be779e,-1235.588012695,36307,14110,26.441,-2.8134,29.2544,79.5625,0.36769,0.931,1.2344,1.3259
aw-cql-seed2,cql,117000,0,117000,139fa968904a0e48,-1251.236816406,237311,68413,51.4846,9.9742,41.5103,79.8257,0.52001,0.8447,1.3167,1.5588
aw-cql-seed2,cql,117000,2,117000,139fa968904a0e48,-1251.236816406,168808,33814,25.313,1.9236,23.3893,79.8257,0.29301,0.8888,1.0616,1.1944
aw-cql-seed2,cql,117000,4,117000,139fa968904a0e48,-1251.236816406,35214,133999,8.0671,-0.0074,8.0746,79.8257,0.10115,0.8744,0.9689,1.1081
aw-cql-seed2,cql,117000,5,117000,139fa968904a0e48,-1251.236816406,40938,30344,14.0255,-3.3926,17.4181,79.8257,0.2182,0.9171,1.0894,1.1879
aw-cql-seed2,cql,117000,6,117000,139fa968904a0e48,-1251.236816406,51996,11915,18.8378,-3.2374,22.0752,79.8257,0.27654,0.9322,1.1877,1.2741
aw-cql-seed2,cql,117000,7,117000,139fa968904a0e48,-1251.236816406,64933,19513,15.8809,0.5075,15.3734,79.8257,0.19259,0.9001,1.1188,1.2429
aw-cql-seed2,cql,117000,11,117000,139fa968904a0e48,-1251.236816406,76763,39227,9.2547,-0.5941,9.8488,79.8257,0.12338,0.9493,1.0503,1.1064
aw-cql-seed2,cql,117000,12,117000,139fa968904a0e48,-1251.236816406,33583,82841,5.5041,0.7463,4.7578,79.8257,0.0596,0.9305,1.0086,1.0839
aw-cql-seed2,cql,117000,13,117000,139fa968904a0e48,-1251.236816406,29838,52509,11.6113,-1.1236,12.7349,79.8257,0.15953,0.8861,1.041,1.1748
aw-cql-seed2,cql,117000,14,117000,139fa968904a0e48,-1251.236816406,36307,14110,25.729,-2.9842,28.7133,79.8257,0.3597,0.9299,1.228,1.3205
aw-cql-seed2,cql,118000,0,118000,19566da55a7802c0,-1272.584350586,237311,68413,51.7568,11.2384,40.5184,78.5924,0.51555,0.8432,1.3097,1.5532
aw-cql-seed2,cql,118000,2,118000,19566da55a7802c0,-1272.584350586,168808,33814,25.3653,2.2718,23.0935,78.5924,0.29384,0.8878,1.0597,1.1936
aw-cql-seed2,cql,118000,4,118000,19566da55a7802c0,-1272.584350586,35214,133999,7.8889,0.0579,7.8309,78.5924,0.09964,0.8771,0.9702,1.1061
aw-cql-seed2,cql,118000,5,118000,19566da55a7802c0,-1272.584350586,40938,30344,13.9347,-3.1441,17.0788,78.5924,0.21731,0.9157,1.0923,1.1928
aw-cql-seed2,cql,118000,6,118000,19566da55a7802c0,-1272.584350586,51996,11915,18.0899,-3.0477,21.1377,78.5924,0.26895,0.9313,1.1882,1.2758
aw-cql-seed2,cql,118000,7,118000,19566da55a7802c0,-1272.584350586,64933,19513,14.9636,0.2959,14.6678,78.5924,0.18663,0.8982,1.1152,1.2416
aw-cql-seed2,cql,118000,11,118000,19566da55a7802c0,-1272.584350586,76763,39227,8.8992,-0.6565,9.5557,78.5924,0.12159,0.9494,1.0498,1.1058
aw-cql-seed2,cql,118000,12,118000,19566da55a7802c0,-1272.584350586,33583,82841,5.4031,0.8796,4.5235,78.5924,0.05756,0.9314,1.0092,1.0836
aw-cql-seed2,cql,118000,13,118000,19566da55a7802c0,-1272.584350586,29838,52509,11.4423,-0.9687,12.411,78.5924,0.15792,0.8882,1.0442,1.1756
aw-cql-seed2,cql,118000,14,118000,19566da55a7802c0,-1272.584350586,36307,14110,25.8869,-2.809,28.6959,78.5924,0.36512,0.9314,1.2321,1.3228
aw-cql-seed2,cql,119000,0,119000,952b23119636794d,-1288.234008789,237311,68413,51.2506,9.2207,42.0299,80.4241,0.5226,0.842,1.3036,1.5482
aw-cql-seed2,cql,119000,2,119000,952b23119636794d,-1288.234008789,168808,33814,24.8594,1.8273,23.0321,80.4241,0.28638,0.8898,1.0623,1.1939
aw-cql-seed2,cql,119000,4,119000,952b23119636794d,-1288.234008789,35214,133999,7.6014,-0.3408,7.9422,80.4241,0.09875,0.877,0.9705,1.1067
aw-cql-seed2,cql,119000,5,119000,952b23119636794d,-1288.234008789,40938,30344,11.6057,-4.1527,15.7584,80.4241,0.19594,0.915,1.0908,1.1922
aw-cql-seed2,cql,119000,6,119000,952b23119636794d,-1288.234008789,51996,11915,17.8013,-3.8659,21.6672,80.4241,0.26941,0.9325,1.1933,1.2797
aw-cql-seed2,cql,119000,7,119000,952b23119636794d,-1288.234008789,64933,19513,14.5651,-0.8918,15.4569,80.4241,0.19219,0.9002,1.1143,1.2379
aw-cql-seed2,cql,119000,11,119000,952b23119636794d,-1288.234008789,76763,39227,8.8174,-1.0796,9.897,80.4241,0.12306,0.9512,1.0507,1.1046
aw-cql-seed2,cql,119000,12,119000,952b23119636794d,-1288.234008789,33583,82841,5.4826,0.271,5.2116,80.4241,0.0648,0.9333,1.0098,1.082
aw-cql-seed2,cql,119000,13,119000,952b23119636794d,-1288.234008789,29838,52509,11.1994,-1.4807,12.6801,80.4241,0.15767,0.8865,1.0421,1.1756
aw-cql-seed2,cql,119000,14,119000,952b23119636794d,-1288.234008789,36307,14110,25.6582,-3.2752,28.9334,80.4241,0.35976,0.9293,1.2311,1.3246
aw-cql-seed2,cql,120000,0,120000,62aaa07699a44749,-1298.516357422,237311,68413,51.169,9.8468,41.3222,78.8965,0.52375,0.8444,1.3093,1.5506
aw-cql-seed2,cql,120000,2,120000,62aaa07699a44749,-1298.516357422,168808,33814,25.3247,2.1462,23.1786,78.8965,0.29378,0.8885,1.061,1.1942
aw-cql-seed2,cql,120000,4,120000,62aaa07699a44749,-1298.516357422,35214,133999,6.7787,-0.3308,7.1094,78.8965,0.09011,0.8773,0.9696,1.1053
aw-cql-seed2,cql,120000,5,120000,62aaa07699a44749,-1298.516357422,40938,30344,12.0433,-3.423,15.4662,78.8965,0.19603,0.9135,1.0869,1.1898
aw-cql-seed2,cql,120000,6,120000,62aaa07699a44749,-1298.516357422,51996,11915,18.0004,-3.0515,21.0519,78.8965,0.26683,0.9319,1.1798,1.2661
aw-cql-seed2,cql,120000,7,120000,62aaa07699a44749,-1298.516357422,64933,19513,15.2735,0.1802,15.0933,78.8965,0.19131,0.8993,1.1157,1.2406
aw-cql-seed2,cql,120000,11,120000,62aaa07699a44749,-1298.516357422,76763,39227,8.7338,-0.8773,9.6111,78.8965,0.12182,0.9502,1.0521,1.1072
aw-cql-seed2,cql,120000,12,120000,62aaa07699a44749,-1298.516357422,33583,82841,7.3463,1.2981,6.0482,78.8965,0.07666,0.9341,1.0118,1.0832
aw-cql-seed2,cql,120000,13,120000,62aaa07699a44749,-1298.516357422,29838,52509,11.7648,-0.7952,12.5601,78.8965,0.1592,0.8878,1.0409,1.1724
aw-cql-seed2,cql,120000,14,120000,62aaa07699a44749,-1298.516357422,36307,14110,25.3982,-2.6388,28.037,78.8965,0.35536,0.9262,1.2148,1.3115
aw-cql-seed2,cql,121000,0,121000,81ed195343c5860d,-1311.000610352,237311,68413,51.622,9.8305,41.7915,79.8533,0.52335,0.8413,1.3088,1.5556
aw-cql-seed2,cql,121000,2,121000,81ed195343c5860d,-1311.000610352,168808,33814,25.054,2.1182,22.9358,79.8533,0.28722,0.8878,1.062,1.1962
aw-cql-seed2,cql,121000,4,121000,81ed195343c5860d,-1311.000610352,35214,133999,6.975,-0.7025,7.6774,79.8533,0.09614,0.8772,0.9698,1.1056
aw-cql-seed2,cql,121000,5,121000,81ed195343c5860d,-1311.000610352,40938,30344,12.4784,-3.5488,16.0272,79.8533,0.20071,0.9142,1.0876,1.1897
aw-cql-seed2,cql,121000,6,121000,81ed195343c5860d,-1311.000610352,51996,11915,17.2074,-3.3134,20.5208,79.8533,0.25698,0.9316,1.1899,1.2773
aw-cql-seed2,cql,121000,7,121000,81ed195343c5860d,-1311.000610352,64933,19513,15.5143,0.0267,15.4875,79.8533,0.19395,0.8993,1.1142,1.2389
aw-cql-seed2,cql,121000,11,121000,81ed195343c5860d,-1311.000610352,76763,39227,8.9707,-0.6996,9.6703,79.8533,0.1211,0.9487,1.0496,1.1064
aw-cql-seed2,cql,121000,12,121000,81ed195343c5860d,-1311.000610352,33583,82841,5.5357,0.6559,4.8798,79.8533,0.06111,0.9315,1.0107,1.0849
aw-cql-seed2,cql,121000,13,121000,81ed195343c5860d,-1311.000610352,29838,52509,10.902,-1.3733,12.2753,79.8533,0.15372,0.8873,1.0423,1.1747
aw-cql-seed2,cql,121000,14,121000,81ed195343c5860d,-1311.000610352,36307,14110,25.8539,-3.0574,28.9113,79.8533,0.36206,0.9304,1.2292,1.3212
aw-cql-seed2,cql,122000,0,122000,dd47469c136376ad,-1327.520751953,237311,68413,50.9108,9.8898,41.0209,78.4068,0.52318,0.8424,1.3092,1.5542
aw-cql-seed2,cql,122000,2,122000,dd47469c136376ad,-1327.520751953,168808,33814,24.9097,1.8604,23.0493,78.4068,0.29397,0.8886,1.058,1.1907
aw-cql-seed2,cql,122000,4,122000,dd47469c136376ad,-1327.520751953,35214,133999,7.1519,-0.1779,7.3299,78.4068,0.09349,0.8749,0.9684,1.1069
aw-cql-seed2,cql,122000,5,122000,dd47469c136376ad,-1327.520751953,40938,30344,13.0709,-2.9902,16.0611,78.4068,0.20484,0.9135,1.0855,1.1883
aw-cql-seed2,cql,122000,6,122000,dd47469c136376ad,-1327.520751953,51996,11915,17.626,-3.4343,21.0603,78.4068,0.2686,0.9331,1.1827,1.2675
aw-cql-seed2,cql,122000,7,122000,dd47469c136376ad,-1327.520751953,64933,19513,15.4566,0.1595,15.2971,78.4068,0.1951,0.8993,1.1157,1.2407
aw-cql-seed2,cql,122000,11,122000,dd47469c136376ad,-1327.520751953,76763,39227,8.8315,-0.3246,9.1561,78.4068,0.11678,0.9495,1.0503,1.1062
aw-cql-seed2,cql,122000,12,122000,dd47469c136376ad,-1327.520751953,33583,82841,4.8584,0.7616,4.0968,78.4068,0.05225,0.9317,1.0089,1.0828
aw-cql-seed2,cql,122000,13,122000,dd47469c136376ad,-1327.520751953,29838,52509,12.4948,-0.658,13.1528,78.4068,0.16775,0.8906,1.0418,1.1698
aw-cql-seed2,cql,122000,14,122000,dd47469c136376ad,-1327.520751953,36307,14110,26.4403,-2.5057,28.946,78.4068,0.36918,0.9358,1.2277,1.312
aw-cql-seed2,cql,123000,0,123000,f5190a2027196503,-1341.920166016,237311,68413,51.5558,10.6086,40.9472,78.7445,0.52,0.8399,1.3054,1.5541
aw-cql-seed2,cql,123000,2,123000,f5190a2027196503,-1341.920166016,168808,33814,25.0453,2.1433,22.9019,78.7445,0.29084,0.8877,1.0595,1.1935
aw-cql-seed2,cql,123000,4,123000,f5190a2027196503,-1341.920166016,35214,133999,7.2537,0.04,7.2137,78.7445,0.09161,0.8738,0.9672,1.1068
aw-cql-seed2,cql,123000,5,123000,f5190a2027196503,-1341.920166016,40938,30344,13.0405,-3.0835,16.124,78.7445,0.20476,0.9116,1.0885,1.194
aw-cql-seed2,cql,123000,6,123000,f5190a2027196503,-1341.920166016,51996,11915,17.9076,-3.3609,21.2686,78.7445,0.2701,0.9316,1.1885,1.2757
aw-cql-seed2,cql,123000,7,123000,f5190a2027196503,-1341.920166016,64933,19513,14.9731,-0.0127,14.9858,78.7445,0.19031,0.8986,1.1143,1.24
aw-cql-seed2,cql,123000,11,123000,f5190a2027196503,-1341.920166016,76763,39227,7.7766,-1.1211,8.8977,78.7445,0.11299,0.9488,1.0479,1.1045
aw-cql-seed2,cql,123000,12,123000,f5190a2027196503,-1341.920166016,33583,82841,5.1554,0.7715,4.3838,78.7445,0.05567,0.9313,1.009,1.0835
aw-cql-seed2,cql,123000,13,123000,f5190a2027196503,-1341.920166016,29838,52509,12.4549,-0.7199,13.1748,78.7445,0.16731,0.8851,1.04,1.175
aw-cql-seed2,cql,123000,14,123000,f5190a2027196503,-1341.920166016,36307,14110,27.6634,-2.5951,30.2585,78.7445,0.38426,0.9294,1.2271,1.3202
aw-cql-seed2,cql,124000,0,124000,1553720b79885b27,-1354.935791016,237311,68413,51.279,10.1565,41.1225,78.3311,0.52498,0.8413,1.3064,1.5529
aw-cql-seed2,cql,124000,2,124000,1553720b79885b27,-1354.935791016,168808,33814,25.0862,2.014,23.0722,78.3311,0.29455,0.8872,1.0605,1.1953
aw-cql-seed2,cql,124000,4,124000,1553720b79885b27,-1354.935791016,35214,133999,6.7652,-0.1468,6.912,78.3311,0.08824,0.8763,0.9697,1.1065
aw-cql-seed2,cql,124000,5,124000,1553720b79885b27,-1354.935791016,40938,30344,12.8204,-3.0768,15.8971,78.3311,0.20295,0.9141,1.0889,1.1912
aw-cql-seed2,cql,124000,6,124000,1553720b79885b27,-1354.935791016,51996,11915,18.2719,-2.9002,21.1721,78.3311,0.27029,0.9321,1.1856,1.2719
aw-cql-seed2,cql,124000,7,124000,1553720b79885b27,-1354.935791016,64933,19513,14.9777,-0.3318,15.3095,78.3311,0.19545,0.8988,1.114,1.2395
aw-cql-seed2,cql,124000,11,124000,1553720b79885b27,-1354.935791016,76763,39227,7.7753,-1.2527,9.028,78.3311,0.11525,0.9482,1.0487,1.1059
aw-cql-seed2,cql,124000,12,124000,1553720b79885b27,-1354.935791016,33583,82841,5.1467,0.6291,4.5176,78.3311,0.05767,0.9318,1.0106,1.0845
aw-cql-seed2,cql,124000,13,124000,1553720b79885b27,-1354.935791016,29838,52509,11.1515,-0.719,11.8705,78.3311,0.15154,0.89,1.0435,1.1724
aw-cql-seed2,cql,124000,14,124000,1553720b79885b27,-1354.935791016,36307,14110,25.8007,-2.5777,28.3784,78.3311,0.36229,0.9327,1.2263,1.3149
aw-cql-seed2,cql,125000,0,125000,c34b6b0e3ea6c62c,-1371.418579102,237311,68413,50.8143,9.586,41.2283,78.6086,0.52448,0.8418,1.2986,1.5426
aw-cql-seed2,cql,125000,2,125000,c34b6b0e3ea6c62c,-1371.418579102,168808,33814,25.1158,2.1412,22.9746,78.6086,0.29227,0.8888,1.0614,1.1942
aw-cql-seed2,cql,125000,4,125000,c34b6b0e3ea6c62c,-1371.418579102,35214,133999,6.8368,-0.3444,7.1812,78.6086,0.09135,0.8762,0.9684,1.1051
aw-cql-seed2,cql,125000,5,125000,c34b6b0e3ea6c62c,-1371.418579102,40938,30344,12.1268,-3.6382,15.765,78.6086,0.20055,0.9138,1.0854,1.1878
aw-cql-seed2,cql,125000,6,125000,c34b6b0e3ea6c62c,-1371.418579102,51996,11915,17.6681,-3.7524,21.4205,78.6086,0.2725,0.9326,1.1837,1.2693
aw-cql-seed2,cql,125000,7,125000,c34b6b0e3ea6c62c,-1371.418579102,64933,19513,14.9141,-0.4275,15.3415,78.6086,0.19516,0.8995,1.1127,1.237
aw-cql-seed2,cql,125000,11,125000,c34b6b0e3ea6c62c,-1371.418579102,76763,39227,8.7949,-0.7908,9.5856,78.6086,0.12194,0.9485,1.0478,1.1047
aw-cql-seed2,cql,125000,12,125000,c34b6b0e3ea6c62c,-1371.418579102,33583,82841,5.1685,0.5166,4.6518,78.6086,0.05918,0.9322,1.0099,1.0834
aw-cql-seed2,cql,125000,13,125000,c34b6b0e3ea6c62c,-1371.418579102,29838,52509,11.852,-0.9664,12.8185,78.6086,0.16307,0.886,1.0412,1.1752
aw-cql-seed2,cql,125000,14,125000,c34b6b0e3ea6c62c,-1371.418579102,36307,14110,25.3956,-2.8761,28.2717,78.6086,0.35965,0.9309,1.2179,1.3083
aw-cql-seed2,cql,126000,0,126000,e63f2f55396df064,-1383.89440918,237311,68413,51.0389,9.3487,41.6901,79.3674,0.52528,0.8408,1.2986,1.5444
aw-cql-seed2,cql,126000,2,126000,e63f2f55396df064,-1383.89440918,168808,33814,24.9663,1.9491,23.0173,79.3674,0.29001,0.8884,1.0612,1.1946
aw-cql-seed2,cql,126000,4,126000,e63f2f55396df064,-1383.89440918,35214,133999,6.3288,-0.3532,6.682,79.3674,0.08419,0.8756,0.9673,1.1048
aw-cql-seed2,cql,126000,5,126000,e63f2f55396df064,-1383.89440918,40938,30344,13.1093,-3.6795,16.7888,79.3674,0.21153,0.9116,1.0824,1.1874
aw-cql-seed2,cql,126000,6,126000,e63f2f55396df064,-1383.89440918,51996,11915,16.7938,-3.792,20.5858,79.3674,0.25937,0.9311,1.1838,1.2714
aw-cql-seed2,cql,126000,7,126000,e63f2f55396df064,-1383.89440918,64933,19513,14.8676,-0.4208,15.2884,79.3674,0.19263,0.8986,1.1138,1.2394
aw-cql-seed2,cql,126000,11,126000,e63f2f55396df064,-1383.89440918,76763,39227,7.9853,-1.0738,9.0591,79.3674,0.11414,0.9488,1.0486,1.1052
aw-cql-seed2,cql,126000,12,126000,e63f2f55396df064,-1383.89440918,33583,82841,5.0588,0.3363,4.7225,79.3674,0.0595,0.9319,1.0078,1.0814
aw-cql-seed2,cql,126000,13,126000,e63f2f55396df064,-1383.89440918,29838,52509,12.2963,-1.2302,13.5265,79.3674,0.17043,0.8883,1.0379,1.1685
aw-cql-seed2,cql,126000,14,126000,e63f2f55396df064,-1383.89440918,36307,14110,26.4538,-2.9916,29.4454,79.3674,0.371,0.9305,1.2176,1.3085
aw-cql-seed2,cql,127000,0,127000,d2fe91ed03eb7c9e,-1405.802246094,237311,68413,50.884,9.0003,41.8837,79.1996,0.52884,0.8434,1.3119,1.5554
aw-cql-seed2,cql,127000,2,127000,d2fe91ed03eb7c9e,-1405.802246094,168808,33814,24.5007,1.93,22.5708,79.1996,0.28499,0.8877,1.0601,1.1941
aw-cql-seed2,cql,127000,4,127000,d2fe91ed03eb7c9e,-1405.802246094,35214,133999,6.123,-0.5104,6.6334,79.1996,0.08376,0.8771,0.9685,1.1042
aw-cql-seed2,cql,127000,5,127000,d2fe91ed03eb7c9e,-1405.802246094,40938,30344,12.3071,-3.2658,15.5729,79.1996,0.19663,0.9137,1.0867,1.1893
aw-cql-seed2,cql,127000,6,127000,d2fe91ed03eb7c9e,-1405.802246094,51996,11915,18.243,-3.6525,21.8955,79.1996,0.27646,0.9304,1.1832,1.2717
aw-cql-seed2,cql,127000,7,127000,d2fe91ed03eb7c9e,-1405.802246094,64933,19513,15.3479,-0.4738,15.8217,79.1996,0.19977,0.8988,1.1136,1.239
aw-cql-seed2,cql,127000,11,127000,d2fe91ed03eb7c9e,-1405.802246094,76763,39227,7.9061,-0.8489,8.755,79.1996,0.11054,0.9508,1.0483,1.1026
aw-cql-seed2,cql,127000,12,127000,d2fe91ed03eb7c9e,-1405.802246094,33583,82841,4.9967,1.0679,3.9287,79.1996,0.04961,0.9321,1.0089,1.0824
aw-cql-seed2,cql,127000,13,127000,d2fe91ed03eb7c9e,-1405.802246094,29838,52509,10.0632,-1.0374,11.1006,79.1996,0.14016,0.8884,1.0398,1.1704
aw-cql-seed2,cql,127000,14,127000,d2fe91ed03eb7c9e,-1405.802246094,36307,14110,24.5619,-3.0239,27.5858,79.1996,0.34831,0.9308,1.2241,1.3151
aw-cql-seed2,cql,128000,0,128000,f8a26f1425f3ddee,-1424.637695312,237311,68413,50.3864,8.4947,41.8917,78.7627,0.53187,0.8427,1.3056,1.5493
aw-cql-seed2,cql,128000,2,128000,f8a26f1425f3ddee,-1424.637695312,168808,33814,24.4328,1.6505,22.7823,78.7627,0.28925,0.8881,1.0587,1.192
aw-cql-seed2,cql,128000,4,128000,f8a26f1425f3ddee,-1424.637695312,35214,133999,6.7006,-0.3784,7.079,78.7627,0.08988,0.8745,0.968,1.107
aw-cql-seed2,cql,128000,5,128000,f8a26f1425f3ddee,-1424.637695312,40938,30344,12.1414,-3.3934,15.5347,78.7627,0.19723,0.9112,1.0831,1.1887
aw-cql-seed2,cql,128000,6,128000,f8a26f1425f3ddee,-1424.637695312,51996,11915,17.6564,-2.7977,20.4541,78.7627,0.25969,0.9306,1.1777,1.2655
aw-cql-seed2,cql,128000,7,128000,f8a26f1425f3ddee,-1424.637695312,64933,19513,14.7382,-0.0066,14.7448,78.7627,0.18721,0.8988,1.1131,1.2385
aw-cql-seed2,cql,128000,11,128000,f8a26f1425f3ddee,-1424.637695312,76763,39227,8.6805,-0.8248,9.5053,78.7627,0.12068,0.9485,1.0475,1.1044
aw-cql-seed2,cql,128000,12,128000,f8a26f1425f3ddee,-1424.637695312,33583,82841,4.4453,0.3443,4.101,78.7627,0.05207,0.9328,1.0091,1.0818
aw-cql-seed2,cql,128000,13,128000,f8a26f1425f3ddee,-1424.637695312,29838,52509,11.2124,-0.9946,12.207,78.7627,0.15498,0.8863,1.0395,1.1728
aw-cql-seed2,cql,128000,14,128000,f8a26f1425f3ddee,-1424.637695312,36307,14110,26.038,-2.6911,28.729,78.7627,0.36475,0.9274,1.2149,1.3101
aw-cql-seed2,cql,129000,0,129000,29ca00149a4840e2,-1437.220458984,237311,68413,50.5439,9.2644,41.2795,78.6904,0.52458,0.8418,1.3026,1.5474
aw-cql-seed2,cql,129000,2,129000,29ca00149a4840e2,-1437.220458984,168808,33814,24.8729,1.685,23.1879,78.6904,0.29467,0.888,1.0598,1.1935
aw-cql-seed2,cql,129000,4,129000,29ca00149a4840e2,-1437.220458984,35214,133999,7.0734,-0.5632,7.6367,78.6904,0.09705,0.8741,0.9678,1.1073
aw-cql-seed2,cql,129000,5,129000,29ca00149a4840e2,-1437.220458984,40938,30344,12.8493,-3.4192,16.2685,78.6904,0.20674,0.9138,1.0836,1.1858
aw-cql-seed2,cql,129000,6,129000,29ca00149a4840e2,-1437.220458984,51996,11915,18.0287,-2.6792,20.7079,78.6904,0.26316,0.9304,1.1781,1.2662
aw-cql-seed2,cql,129000,7,129000,29ca00149a4840e2,-1437.220458984,64933,19513,15.575,-0.0239,15.5988,78.6904,0.19823,0.8987,1.1134,1.2389
aw-cql-seed2,cql,129000,11,129000,29ca00149a4840e2,-1437.220458984,76763,39227,8.8208,-0.5462,9.3671,78.6904,0.11904,0.9493,1.0484,1.1044
aw-cql-seed2,cql,129000,12,129000,29ca00149a4840e2,-1437.220458984,33583,82841,4.9567,0.7332,4.2235,78.6904,0.05367,0.9319,1.0091,1.0829
aw-cql-seed2,cql,129000,13,129000,29ca00149a4840e2,-1437.220458984,29838,52509,12.1566,-1.2269,13.3836,78.6904,0.17008,0.8853,1.0393,1.1739
aw-cql-seed2,cql,129000,14,129000,29ca00149a4840e2,-1437.220458984,36307,14110,25.0628,-2.761,27.8238,78.6904,0.35359,0.9282,1.2223,1.3168
aw-cql-seed2,cql,130000,0,130000,797da6e95ddcff2c,-1449.853515625,237311,68413,50.7703,9.7699,41.0004,78.9209,0.51951,0.8402,1.3003,1.5476
aw-cql-seed2,cql,130000,2,130000,797da6e95ddcff2c,-1449.853515625,168808,33814,24.3917,1.5773,22.8144,78.9209,0.28908,0.8876,1.0582,1.1922
aw-cql-seed2,cql,130000,4,130000,797da6e95ddcff2c,-1449.853515625,35214,133999,6.0176,-0.7693,6.7869,78.9209,0.086,0.8731,0.9672,1.1079
aw-cql-seed2,cql,130000,5,130000,797da6e95ddcff2c,-1449.853515625,40938,30344,12.549,-3.7584,16.3075,78.9209,0.20663,0.9095,1.083,1.1908
aw-cql-seed2,cql,130000,6,130000,797da6e95ddcff2c,-1449.853515625,51996,11915,17.1336,-3.4333,20.5669,78.9209,0.2606,0.93,1.1785,1.2672
aw-cql-seed2,cql,130000,7,130000,797da6e95ddcff2c,-1449.853515625,64933,19513,15.1778,-0.3578,15.5356,78.9209,0.19685,0.8985,1.1146,1.2405
aw-cql-seed2,cql,130000,11,130000,797da6e95ddcff2c,-1449.853515625,76763,39227,7.7721,-1.193,8.9651,78.9209,0.1136,0.9488,1.0484,1.105
aw-cql-seed2,cql,130000,12,130000,797da6e95ddcff2c,-1449.853515625,33583,82841,4.2709,0.1089,4.1619,78.9209,0.05274,0.9304,1.0081,1.0835
aw-cql-seed2,cql,130000,13,130000,797da6e95ddcff2c,-1449.853515625,29838,52509,10.6663,-1.5621,12.2285,78.9209,0.15495,0.8842,1.0391,1.1752
aw-cql-seed2,cql,130000,14,130000,797da6e95ddcff2c,-1449.853515625,36307,14110,24.7182,-3.3626,28.0808,78.9209,0.35581,0.9282,1.2199,1.3142
aw-cql-seed2,cql,131000,0,131000,375d62915142b207,-1477.990600586,237311,68413,50.7589,9.8883,40.8706,78.3471,0.52166,0.8423,1.3124,1.5581
aw-cql-seed2,cql,131000,2,131000,375d62915142b207,-1477.990600586,168808,33814,24.1694,1.6766,22.4928,78.3471,0.28709,0.8903,1.0631,1.1941
aw-cql-seed2,cql,131000,4,131000,375d62915142b207,-1477.990600586,35214,133999,5.5611,-0.142,5.7032,78.3471,0.07279,0.875,0.9676,1.1057
aw-cql-seed2,cql,131000,5,131000,375d62915142b207,-1477.990600586,40938,30344,12.2634,-3.1858,15.4493,78.3471,0.19719,0.9099,1.083,1.1903
aw-cql-seed2,cql,131000,6,131000,375d62915142b207,-1477.990600586,51996,11915,16.7039,-3.7288,20.4328,78.3471,0.2608,0.9307,1.1812,1.2691
aw-cql-seed2,cql,131000,7,131000,375d62915142b207,-1477.990600586,64933,19513,14.7842,-0.8995,15.6838,78.3471,0.20018,0.8997,1.1128,1.2369
aw-cql-seed2,cql,131000,11,131000,375d62915142b207,-1477.990600586,76763,39227,7.4903,-1.2134,8.7037,78.3471,0.11109,0.9484,1.0465,1.1034
aw-cql-seed2,cql,131000,12,131000,375d62915142b207,-1477.990600586,33583,82841,4.3439,0.5398,3.804,78.3471,0.04855,0.9321,1.008,1.0815
aw-cql-seed2,cql,131000,13,131000,375d62915142b207,-1477.990600586,29838,52509,11.0747,-0.8901,11.9648,78.3471,0.15272,0.8845,1.0375,1.1729
aw-cql-seed2,cql,131000,14,131000,375d62915142b207,-1477.990600586,36307,14110,24.9649,-2.8164,27.7813,78.3471,0.35459,0.9264,1.2171,1.3137
aw-cql-seed2,cql,132000,0,132000,a5789eba04e0eb88,-1495.782470703,237311,68413,50.6264,8.5918,42.0345,79.47,0.52894,0.8427,1.3128,1.5578
aw-cql-seed2,cql,132000,2,132000,a5789eba04e0eb88,-1495.782470703,168808,33814,24.1876,1.0615,23.1261,79.47,0.291,0.8892,1.062,1.1943
aw-cql-seed2,cql,132000,4,132000,a5789eba04e0eb88,-1495.782470703,35214,133999,5.8544,-0.7527,6.6071,79.47,0.08314,0.8739,0.9674,1.107
aw-cql-seed2,cql,132000,5,132000,a5789eba04e0eb88,-1495.782470703,40938,30344,11.2361,-3.6052,14.8413,79.47,0.18675,0.911,1.083,1.1888
aw-cql-seed2,cql,132000,6,132000,a5789eba04e0eb88,-1495.782470703,51996,11915,17.4976,-3.4597,20.9573,79.47,0.26371,0.9304,1.1783,1.2665
aw-cql-seed2,cql,132000,7,132000,a5789eba04e0eb88,-1495.782470703,64933,19513,14.6641,-0.4234,15.0875,79.47,0.18985,0.8986,1.1107,1.2361
aw-cql-seed2,cql,132000,11,132000,a5789eba04e0eb88,-1495.782470703,76763,39227,7.7188,-1.3025,9.0213,79.47,0.11352,0.9494,1.0494,1.1054
aw-cql-seed2,cql,132000,12,132000,a5789eba04e0eb88,-1495.782470703,33583,82841,4.4128,0.3662,4.0466,79.47,0.05092,0.9306,1.0082,1.0834
aw-cql-seed2,cql,132000,13,132000,a5789eba04e0eb88,-1495.782470703,29838,52509,10.4273,-1.3274,11.7547,79.47,0.14791,0.8836,1.0396,1.1766
aw-cql-seed2,cql,132000,14,132000,a5789eba04e0eb88,-1495.782470703,36307,14110,24.3997,-3.0832,27.4828,79.47,0.34583,0.9283,1.2198,1.314
aw-cql-seed2,cql,133000,0,133000,7828fb68eaeeddb3,-1508.135864258,237311,68413,50.5715,9.2064,41.3651,78.1586,0.52925,0.8413,1.3044,1.5505
aw-cql-seed2,cql,133000,2,133000,7828fb68eaeeddb3,-1508.135864258,168808,33814,24.8095,1.761,23.0485,78.1586,0.29489,0.887,1.0571,1.1918
aw-cql-seed2,cql,133000,4,133000,7828fb68eaeeddb3,-1508.135864258,35214,133999,5.9047,-0.3615,6.2662,78.1586,0.08017,0.8757,0.969,1.1065
aw-cql-seed2,cql,133000,5,133000,7828fb68eaeeddb3,-1508.135864258,40938,30344,12.5212,-3.3719,15.8931,78.1586,0.20334,0.9141,1.0841,1.186
aw-cql-seed2,cql,133000,6,133000,7828fb68eaeeddb3,-1508.135864258,51996,11915,17.8497,-2.97,20.8197,78.1586,0.26638,0.9323,1.1804,1.2661
aw-cql-seed2,cql,133000,7,133000,7828fb68eaeeddb3,-1508.135864258,64933,19513,14.2916,-0.5305,14.8221,78.1586,0.18964,0.8991,1.1111,1.2358
aw-cql-seed2,cql,133000,11,133000,7828fb68eaeeddb3,-1508.135864258,76763,39227,8.026,-0.9272,8.9533,78.1586,0.11455,0.949,1.047,1.1033
aw-cql-seed2,cql,133000,12,133000,7828fb68eaeeddb3,-1508.135864258,33583,82841,4.5744,0.411,4.1634,78.1586,0.05327,0.9317,1.0091,1.083
aw-cql-seed2,cql,133000,13,133000,7828fb68eaeeddb3,-1508.135864258,29838,52509,9.9881,-1.3029,11.291,78.1586,0.14446,0.8865,1.0397,1.1728
aw-cql-seed2,cql,133000,14,133000,7828fb68eaeeddb3,-1508.135864258,36307,14110,24.9486,-3.0003,27.9489,78.1586,0.35759,0.9284,1.2164,1.3103
aw-cql-seed2,cql,134000,0,134000,b66490606bd86963,-1521.58581543,237311,68413,49.7457,8.3474,41.3983,77.4331,0.53463,0.8409,1.2995,1.5454
aw-cql-seed2,cql,134000,2,134000,b66490606bd86963,-1521.58581543,168808,33814,24.7505,2.2338,22.5167,77.4331,0.29079,0.8878,1.06,1.194
aw-cql-seed2,cql,134000,4,134000,b66490606bd86963,-1521.58581543,35214,133999,6.669,-0.2613,6.9304,77.4331,0.0895,0.8766,0.9684,1.1048
aw-cql-seed2,cql,134000,5,134000,b66490606bd86963,-1521.58581543,40938,30344,12.1808,-3.3208,15.5016,77.4331,0.20019,0.9137,1.0836,1.186
aw-cql-seed2,cql,134000,6,134000,b66490606bd86963,-1521.58581543,51996,11915,17.5725,-3.0198,20.5923,77.4331,0.26594,0.9325,1.1868,1.2727
aw-cql-seed2,cql,134000,7,134000,b66490606bd86963,-1521.58581543,64933,19513,14.1778,-0.4517,14.6295,77.4331,0.18893,0.8979,1.1106,1.2369
aw-cql-seed2,cql,134000,11,134000,b66490606bd86963,-1521.58581543,76763,39227,7.9171,-1.1681,9.0852,77.4331,0.11733,0.9496,1.0487,1.1044
aw-cql-seed2,cql,134000,12,134000,b66490606bd86963,-1521.58581543,33583,82841,4.1697,0.2033,3.9664,77.4331,0.05122,0.9324,1.0083,1.0814
aw-cql-seed2,cql,134000,13,134000,b66490606bd86963,-1521.58581543,29838,52509,11.107,-1.2623,12.3694,77.4331,0.15974,0.8881,1.0398,1.1709
aw-cql-seed2,cql,134000,14,134000,b66490606bd86963,-1521.58581543,36307,14110,24.9397,-3.1746,28.1142,77.4331,0.36308,0.9311,1.2233,1.3139
aw-cql-seed2,cql,135000,0,135000,221967f48f353cf0,-1537.046264648,237311,68413,49.7368,8.2957,41.4411,77.7623,0.53292,0.8412,1.3086,1.5556
aw-cql-seed2,cql,135000,2,135000,221967f48f353cf0,-1537.046264648,168808,33814,24.3501,1.3169,23.0332,77.7623,0.2962,0.889,1.0602,1.1927
aw-cql-seed2,cql,135000,4,135000,221967f48f353cf0,-1537.046264648,35214,133999,5.4929,-0.7859,6.2787,77.7623,0.08074,0.8734,0.9662,1.1062
aw-cql-seed2,cql,135000,5,135000,221967f48f353cf0,-1537.046264648,40938,30344,11.9084,-3.7883,15.6968,77.7623,0.20186,0.9109,1.0823,1.1881
aw-cql-seed2,cql,135000,6,135000,221967f48f353cf0,-1537.046264648,51996,11915,17.057,-3.5698,20.6268,77.7623,0.26525,0.9303,1.1794,1.2678
aw-cql-seed2,cql,135000,7,135000,221967f48f353cf0,-1537.046264648,64933,19513,14.0855,-0.5693,14.6548,77.7623,0.18846,0.8984,1.1104,1.236
aw-cql-seed2,cql,135000,11,135000,221967f48f353cf0,-1537.046264648,76763,39227,8.3427,-0.8735,9.2162,77.7623,0.11852,0.9488,1.0481,1.1046
aw-cql-seed2,cql,135000,12,135000,221967f48f353cf0,-1537.046264648,33583,82841,4.9861,0.3917,4.5944,77.7623,0.05908,0.9322,1.0089,1.0824
aw-cql-seed2,cql,135000,13,135000,221967f48f353cf0,-1537.046264648,29838,52509,10.429,-1.3169,11.746,77.7623,0.15105,0.8837,1.0386,1.1753
aw-cql-seed2,cql,135000,14,135000,221967f48f353cf0,-1537.046264648,36307,14110,24.7334,-3.1175,27.8509,77.7623,0.35815,0.9275,1.2207,1.3161
aw-cql-seed2,cql,136000,0,136000,c6a9383e07178822,-1556.916503906,237311,68413,49.5871,7.762,41.8252,78.0565,0.53583,0.841,1.3043,1.5509
aw-cql-seed2,cql,136000,2,136000,c6a9383e07178822,-1556.916503906,168808,33814,24.1924,1.5375,22.6549,78.0565,0.29024,0.8877,1.0603,1.1944
aw-cql-seed2,cql,136000,4,136000,c6a9383e07178822,-1556.916503906,35214,133999,5.5832,-0.8247,6.4079,78.0565,0.08209,0.8755,0.9669,1.1044
aw-cql-seed2,cql,136000,5,136000,c6a9383e07178822,-1556.916503906,40938,30344,11.6907,-4.1019,15.7926,78.0565,0.20232,0.9104,1.0807,1.187
aw-cql-seed2,cql,136000,6,136000,c6a9383e07178822,-1556.916503906,51996,11915,16.3237,-3.8415,20.1652,78.0565,0.25834,0.9327,1.1822,1.2675
aw-cql-seed2,cql,136000,7,136000,c6a9383e07178822,-1556.916503906,64933,19513,14.6007,-0.5239,15.1247,78.0565,0.19377,0.8997,1.1146,1.2389
aw-cql-seed2,cql,136000,11,136000,c6a9383e07178822,-1556.916503906,76763,39227,7.279,-1.6134,8.8923,78.0565,0.11392,0.9483,1.0472,1.1043
aw-cql-seed2,cql,136000,12,136000,c6a9383e07178822,-1556.916503906,33583,82841,3.4833,-0.3255,3.8088,78.0565,0.0488,0.9326,1.0088,1.0818
aw-cql-seed2,cql,136000,13,136000,c6a9383e07178822,-1556.916503906,29838,52509,9.6316,-2.0741,11.7057,78.0565,0.14996,0.8887,1.0394,1.1695
aw-cql-seed2,cql,136000,14,136000,c6a9383e07178822,-1556.916503906,36307,14110,22.8776,-3.3929,26.2705,78.0565,0.33656,0.9282,1.2174,1.3115
aw-cql-seed2,cql,137000,0,137000,1fb320660ff19c9d,-1569.977539062,237311,68413,50.7028,8.693,42.0098,78.6775,0.53395,0.8396,1.2939,1.5411
aw-cql-seed2,cql,137000,2,137000,1fb320660ff19c9d,-1569.977539062,168808,33814,24.5048,1.8325,22.6723,78.6775,0.28817,0.8875,1.0573,1.1913
aw-cql-seed2,cql,137000,4,137000,1fb320660ff19c9d,-1569.977539062,35214,133999,5.7496,-0.391,6.1406,78.6775,0.07805,0.8741,0.967,1.1063
aw-cql-seed2,cql,137000,5,137000,1fb320660ff19c9d,-1569.977539062,40938,30344,11.9768,-3.5423,15.5191,78.6775,0.19725,0.9103,1.0809,1.1874
aw-cql-seed2,cql,137000,6,137000,1fb320660ff19c9d,-1569.977539062,51996,11915,17.348,-3.4292,20.7772,78.6775,0.26408,0.9314,1.1804,1.2673
aw-cql-seed2,cql,137000,7,137000,1fb320660ff19c9d,-1569.977539062,64933,19513,14.357,-0.7368,15.0938,78.6775,0.19184,0.8984,1.11,1.2355
aw-cql-seed2,cql,137000,11,137000,1fb320660ff19c9d,-1569.977539062,76763,39227,8.0941,-1.0011,9.0952,78.6775,0.1156,0.9489,1.0472,1.1036
aw-cql-seed2,cql,137000,12,137000,1fb320660ff19c9d,-1569.977539062,33583,82841,5.0599,0.7141,4.3458,78.6775,0.05524,0.9317,1.0087,1.0826
aw-cql-seed2,cql,137000,13,137000,1fb320660ff19c9d,-1569.977539062,29838,52509,11.4389,-0.9553,12.3941,78.6775,0.15753,0.8846,1.0366,1.1718
aw-cql-seed2,cql,137000,14,137000,1fb320660ff19c9d,-1569.977539062,36307,14110,24.5085,-2.8095,27.3179,78.6775,0.34721,0.9265,1.2151,1.3115
aw-cql-seed2,cql,138000,0,138000,61077aad6c3d4e30,-1586.970336914,237311,68413,49.2162,7.7779,41.4383,77.6397,0.53372,0.8413,1.3109,1.5583
aw-cql-seed2,cql,138000,2,138000,61077aad6c3d4e30,-1586.970336914,168808,33814,23.6117,1.0598,22.5519,77.6397,0.29047,0.887,1.0586,1.1935
aw-cql-seed2,cql,138000,4,138000,61077aad6c3d4e30,-1586.970336914,35214,133999,5.585,-0.1233,5.7083,77.6397,0.07352,0.8765,0.9673,1.1036
aw-cql-seed2,cql,138000,5,138000,61077aad6c3d4e30,-1586.970336914,40938,30344,11.9756,-3.2602,15.2358,77.6397,0.19624,0.9134,1.0828,1.1855
aw-cql-seed2,cql,138000,6,138000,61077aad6c3d4e30,-1586.970336914,51996,11915,17.239,-3.3717,20.6108,77.6397,0.26547,0.9313,1.1812,1.2683
aw-cql-seed2,cql,138000,7,138000,61077aad6c3d4e30,-1586.970336914,64933,19513,13.0329,-0.9163,13.9492,77.6397,0.17967,0.8981,1.1085,1.2343
aw-cql-seed2,cql,138000,11,138000,61077aad6c3d4e30,-1586.970336914,76763,39227,6.9868,-1.3865,8.3733,77.6397,0.10785,0.9486,1.0469,1.1036
aw-cql-seed2,cql,138000,12,138000,61077aad6c3d4e30,-1586.970336914,33583,82841,3.5152,0.2762,3.2389,77.6397,0.04172,0.9319,1.0079,1.0815
aw-cql-seed2,cql,138000,13,138000,61077aad6c3d4e30,-1586.970336914,29838,52509,9.8685,-1.2605,11.129,77.6397,0.14334,0.8884,1.0383,1.1688
aw-cql-seed2,cql,138000,14,138000,61077aad6c3d4e30,-1586.970336914,36307,14110,23.7786,-3.5234,27.302,77.6397,0.35165,0.9305,1.2173,1.3083
aw-cql-seed2,cql,139000,0,139000,610a65e9c5ca579c,-1602.016113281,237311,68413,50.2489,8.5044,41.7445,78.4315,0.53224,0.8427,1.3057,1.5495
aw-cql-seed2,cql,139000,2,139000,610a65e9c5ca579c,-1602.016113281,168808,33814,24.4354,1.8323,22.6031,78.4315,0.28819,0.8875,1.0578,1.1919
aw-cql-seed2,cql,139000,4,139000,610a65e9c5ca579c,-1602.016113281,35214,133999,4.7943,-0.6864,5.4807,78.4315,0.06988,0.8723,0.9666,1.1081
aw-cql-seed2,cql,139000,5,139000,610a65e9c5ca579c,-1602.016113281,40938,30344,10.3613,-3.9796,14.3409,78.4315,0.18285,0.9118,1.0818,1.1864
aw-cql-seed2,cql,139000,6,139000,610a65e9c5ca579c,-1602.016113281,51996,11915,16.2011,-3.9737,20.1748,78.4315,0.25723,0.9309,1.1768,1.2642
aw-cql-seed2,cql,139000,7,139000,610a65e9c5ca579c,-1602.016113281,64933,19513,14.1502,-0.7643,14.9145,78.4315,0.19016,0.9008,1.1112,1.2335
aw-cql-seed2,cql,139000,11,139000,610a65e9c5ca579c,-1602.016113281,76763,39227,7.8016,-1.2421,9.0437,78.4315,0.11531,0.9494,1.0483,1.1042
aw-cql-seed2,cql,139000,12,139000,610a65e9c5ca579c,-1602.016113281,33583,82841,3.852,0.211,3.6409,78.4315,0.04642,0.9314,1.0075,1.0818
aw-cql-seed2,cql,139000,13,139000,610a65e9c5ca579c,-1602.016113281,29838,52509,9.1589,-1.5399,10.6988,78.4315,0.13641,0.8852,1.0374,1.1718
aw-cql-seed2,cql,139000,14,139000,610a65e9c5ca579c,-1602.016113281,36307,14110,23.2989,-3.4182,26.7171,78.4315,0.34064,0.9294,1.2179,1.3104
aw-cql-seed2,cql,140000,0,140000,b593c112ec503f3d,-1622.086914062,237311,68413,49.932,8.0225,41.9095,78.5525,0.53352,0.8408,1.2998,1.5459
aw-cql-seed2,cql,140000,2,140000,b593c112ec503f3d,-1622.086914062,168808,33814,24.5169,1.1253,23.3917,78.5525,0.29778,0.889,1.0585,1.1906
aw-cql-seed2,cql,140000,4,140000,b593c112ec503f3d,-1622.086914062,35214,133999,4.7247,-0.7571,5.4818,78.5525,0.06979,0.8731,0.9681,1.1087
aw-cql-seed2,cql,140000,5,140000,b593c112ec503f3d,-1622.086914062,40938,30344,10.7414,-3.6489,14.3903,78.5525,0.18319,0.9094,1.083,1.1908
aw-cql-seed2,cql,140000,6,140000,b593c112ec503f3d,-1622.086914062,51996,11915,16.1326,-4.0363,20.1689,78.5525,0.25676,0.9305,1.1814,1.2696
aw-cql-seed2,cql,140000,7,140000,b593c112ec503f3d,-1622.086914062,64933,19513,12.8416,-1.524,14.3656,78.5525,0.18288,0.8984,1.1096,1.2351
aw-cql-seed2,cql,140000,11,140000,b593c112ec503f3d,-1622.086914062,76763,39227,7.1646,-1.54,8.7046,78.5525,0.11081,0.9488,1.0483,1.1048
aw-cql-seed2,cql,140000,12,140000,b593c112ec503f3d,-1622.086914062,33583,82841,3.3859,-0.2689,3.6548,78.5525,0.04653,0.9319,1.0084,1.0821
aw-cql-seed2,cql,140000,13,140000,b593c112ec503f3d,-1622.086914062,29838,52509,10.0247,-1.4258,11.4505,78.5525,0.14577,0.8843,1.0384,1.1743
aw-cql-seed2,cql,140000,14,140000,b593c112ec503f3d,-1622.086914062,36307,14110,24.8202,-2.8123,27.6326,78.5525,0.35177,0.928,1.2179,1.3124
aw-cql-seed2,cql,141000,0,141000,953a8f2df7d98c98,-1633.61730957,237311,68413,48.9046,7.2373,41.6673,77.6783,0.53641,0.8416,1.2986,1.5431
aw-cql-seed2,cql,141000,2,141000,953a8f2df7d98c98,-1633.61730957,168808,33814,24.5136,1.4977,23.0159,77.6783,0.2963,0.8894,1.0606,1.1925
aw-cql-seed2,cql,141000,4,141000,953a8f2df7d98c98,-1633.61730957,35214,133999,5.6982,-0.5124,6.2106,77.6783,0.07995,0.8742,0.9681,1.1075
aw-cql-seed2,cql,141000,5,141000,953a8f2df7d98c98,-1633.61730957,40938,30344,11.1724,-3.3073,14.4797,77.6783,0.18641,0.9101,1.0835,1.1906
aw-cql-seed2,cql,141000,6,141000,953a8f2df7d98c98,-1633.61730957,51996,11915,16.5605,-4.0613,20.6218,77.6783,0.26548,0.9305,1.1844,1.2729
aw-cql-seed2,cql,141000,7,141000,953a8f2df7d98c98,-1633.61730957,64933,19513,13.2057,-1.302,14.5077,77.6783,0.18677,0.899,1.1115,1.2363
aw-cql-seed2,cql,141000,11,141000,953a8f2df7d98c98,-1633.61730957,76763,39227,8.0883,-1.2387,9.327,77.6783,0.12007,0.947,1.0467,1.1052
aw-cql-seed2,cql,141000,12,141000,953a8f2df7d98c98,-1633.61730957,33583,82841,3.468,-0.205,3.673,77.6783,0.04729,0.9306,1.0075,1.0827
aw-cql-seed2,cql,141000,13,141000,953a8f2df7d98c98,-1633.61730957,29838,52509,9.8943,-1.3873,11.2816,77.6783,0.14523,0.883,1.0373,1.1748
aw-cql-seed2,cql,141000,14,141000,953a8f2df7d98c98,-1633.61730957,36307,14110,24.509,-2.8356,27.3446,77.6783,0.35202,0.924,1.2153,1.3153
aw-cql-seed2,cql,142000,0,142000,9fcc63ccf3a21fbe,-1646.474853516,237311,68413,49.1365,7.474,41.6625,77.9554,0.53444,0.8426,1.3048,1.5485
aw-cql-seed2,cql,142000,2,142000,9fcc63ccf3a21fbe,-1646.474853516,168808,33814,23.9173,1.4601,22.4572,77.9554,0.28808,0.8878,1.0572,1.1909
aw-cql-seed2,cql,142000,4,142000,9fcc63ccf3a21fbe,-1646.474853516,35214,133999,4.3862,-0.9077,5.2939,77.9554,0.06791,0.874,0.9659,1.1051
aw-cql-seed2,cql,142000,5,142000,9fcc63ccf3a21fbe,-1646.474853516,40938,30344,11.4341,-3.6578,15.0918,77.9554,0.1936,0.9103,1.0794,1.1858
aw-cql-seed2,cql,142000,6,142000,9fcc63ccf3a21fbe,-1646.474853516,51996,11915,16.7067,-4.4929,21.1996,77.9554,0.27195,0.93,1.1723,1.2605
aw-cql-seed2,cql,142000,7,142000,9fcc63ccf3a21fbe,-1646.474853516,64933,19513,13.5625,-1.2059,14.7685,77.9554,0.18945,0.898,1.1084,1.2343
aw-cql-seed2,cql,142000,11,142000,9fcc63ccf3a21fbe,-1646.474853516,76763,39227,7.3939,-1.5591,8.953,77.9554,0.11485,0.9484,1.047,1.1041
aw-cql-seed2,cql,142000,12,142000,9fcc63ccf3a21fbe,-1646.474853516,33583,82841,3.2637,-0.2935,3.5572,77.9554,0.04563,0.9308,1.0073,1.0822
aw-cql-seed2,cql,142000,13,142000,9fcc63ccf3a21fbe,-1646.474853516,29838,52509,8.9389,-1.8563,10.7952,77.9554,0.13848,0.8847,1.0356,1.1706
aw-cql-seed2,cql,142000,14,142000,9fcc63ccf3a21fbe,-1646.474853516,36307,14110,22.6435,-3.6171,26.2606,77.9554,0.33687,0.9243,1.202,1.3004
aw-cql-seed2,cql,143000,0,143000,7ae20a259fcd40ef,-1659.325927734,237311,68413,49.8963,8.2065,41.6898,78.7464,0.52942,0.841,1.3053,1.552
aw-cql-seed2,cql,143000,2,143000,7ae20a259fcd40ef,-1659.325927734,168808,33814,24.2096,1.3365,22.8731,78.7464,0.29047,0.8876,1.0586,1.1926
aw-cql-seed2,cql,143000,4,143000,7ae20a259fcd40ef,-1659.325927734,35214,133999,5.5641,-0.6855,6.2496,78.7464,0.07936,0.8719,0.9666,1.1086
aw-cql-seed2,cql,143000,5,143000,7ae20a259fcd40ef,-1659.325927734,40938,30344,11.1206,-3.9387,15.0593,78.7464,0.19124,0.9085,1.0807,1.1896
aw-cql-seed2,cql,143000,6,143000,7ae20a259fcd40ef,-1659.325927734,51996,11915,16.0641,-4.4886,20.5527,78.7464,0.261,0.9288,1.1706,1.2603
aw-cql-seed2,cql,143000,7,143000,7ae20a259fcd40ef,-1659.325927734,64933,19513,13.81,-0.8374,14.6474,78.7464,0.18601,0.8986,1.1067,1.2316
aw-cql-seed2,cql,143000,11,143000,7ae20a259fcd40ef,-1659.325927734,76763,39227,7.0249,-1.3644,8.3892,78.7464,0.10653,0.9487,1.0466,1.1032
aw-cql-seed2,cql,143000,12,143000,7ae20a259fcd40ef,-1659.325927734,33583,82841,3.0099,-0.1675,3.1774,78.7464,0.04035,0.9314,1.0074,1.0817
aw-cql-seed2,cql,143000,13,143000,7ae20a259fcd40ef,-1659.325927734,29838,52509,9.6788,-1.3697,11.0485,78.7464,0.1403,0.8847,1.0377,1.173
aw-cql-seed2,cql,143000,14,143000,7ae20a259fcd40ef,-1659.325927734,36307,14110,24.1121,-2.968,27.0801,78.7464,0.34389,0.9249,1.2111,1.3095
aw-cql-seed2,cql,144000,0,144000,859088d1bda2a587,-1677.982666016,237311,68413,48.9112,7.687,41.2242,77.6593,0.53083,0.8408,1.3016,1.5481
aw-cql-seed2,cql,144000,2,144000,859088d1bda2a587,-1677.982666016,168808,33814,23.6721,1.291,22.3812,77.6593,0.2882,0.8869,1.0572,1.192
aw-cql-seed2,cql,144000,4,144000,859088d1bda2a587,-1677.982666016,35214,133999,3.9523,-0.5657,4.518,77.6593,0.05818,0.8759,0.9678,1.105
aw-cql-seed2,cql,144000,5,144000,859088d1bda2a587,-1677.982666016,40938,30344,10.9356,-3.6376,14.5732,77.6593,0.18766,0.9148,1.0831,1.184
aw-cql-seed2,cql,144000,6,144000,859088d1bda2a587,-1677.982666016,51996,11915,16.1472,-4.1087,20.2558,77.6593,0.26083,0.9323,1.1873,1.2735
aw-cql-seed2,cql,144000,7,144000,859088d1bda2a587,-1677.982666016,64933,19513,13.0944,-1.244,14.3384,77.6593,0.18463,0.8988,1.1089,1.2337
aw-cql-seed2,cql,144000,11,144000,859088d1bda2a587,-1677.982666016,76763,39227,7.3508,-1.5576,8.9083,77.6593,0.11471,0.9482,1.047,1.1042
aw-cql-seed2,cql,144000,12,144000,859088d1bda2a587,-1677.982666016,33583,82841,3.3007,-0.0801,3.3808,77.6593,0.04353,0.9311,1.0079,1.0825
aw-cql-seed2,cql,144000,13,144000,859088d1bda2a587,-1677.982666016,29838,52509,9.2908,-1.4974,10.7881,77.6593,0.13892,0.8889,1.0387,1.1686
aw-cql-seed2,cql,144000,14,144000,859088d1bda2a587,-1677.982666016,36307,14110,24.6893,-2.8706,27.5599,77.6593,0.35488,0.9311,1.2227,1.3132
aw-cql-seed2,cql,145000,0,145000,9c0b4c89749c709c,-1691.142333984,237311,68413,49.7858,8.1859,41.5999,77.9427,0.53372,0.8415,1.3016,1.5467
aw-cql-seed2,cql,145000,2,145000,9c0b4c89749c709c,-1691.142333984,168808,33814,23.3077,0.9472,22.3605,77.9427,0.28688,0.8866,1.0542,1.1889
aw-cql-seed2,cql,145000,4,145000,9c0b4c89749c709c,-1691.142333984,35214,133999,5.0271,-0.5574,5.5845,77.9427,0.07165,0.8734,0.9662,1.1062
aw-cql-seed2,cql,145000,5,145000,9c0b4c89749c709c,-1691.142333984,40938,30344,9.7281,-4.0374,13.7656,77.9427,0.17661,0.9094,1.0801,1.1878
aw-cql-seed2,cql,145000,6,145000,9c0b4c89749c709c,-1691.142333984,51996,11915,16.0613,-4.0882,20.1494,77.9427,0.25852,0.929,1.1724,1.262
aw-cql-seed2,cql,145000,7,145000,9c0b4c89749c709c,-1691.142333984,64933,19513,13.0827,-1.0072,14.09,77.9427,0.18077,0.8985,1.108,1.2332
aw-cql-seed2,cql,145000,11,145000,9c0b4c89749c709c,-1691.142333984,76763,39227,7.132,-1.5769,8.7089,77.9427,0.11173,0.9486,1.047,1.1037
aw-cql-seed2,cql,145000,12,145000,9c0b4c89749c709c,-1691.142333984,33583,82841,3.6864,0.2718,3.4145,77.9427,0.04381,0.9311,1.0075,1.082
aw-cql-seed2,cql,145000,13,145000,9c0b4c89749c709c,-1691.142333984,29838,52509,8.3413,-1.7001,10.0414,77.9427,0.12883,0.8832,1.0364,1.1735
aw-cql-seed2,cql,145000,14,145000,9c0b4c89749c709c,-1691.142333984,36307,14110,22.3412,-3.702,26.0431,77.9427,0.33413,0.926,1.2139,1.3109
aw-cql-seed2,cql,146000,0,146000,37e2c63f61d63e46,-1706.089111328,237311,68413,48.7872,6.8891,41.8981,77.5765,0.54009,0.8418,1.3086,1.5545
aw-cql-seed2,cql,146000,2,146000,37e2c63f61d63e46,-1706.089111328,168808,33814,24.0461,1.3601,22.6859,77.5765,0.29243,0.888,1.0591,1.1927
aw-cql-seed2,cql,146000,4,146000,37e2c63f61d63e46,-1706.089111328,35214,133999,4.7764,-0.5343,5.3107,77.5765,0.06846,0.8726,0.9666,1.1077
aw-cql-seed2,cql,146000,5,146000,37e2c63f61d63e46,-1706.089111328,40938,30344,11.2207,-3.6731,14.8938,77.5765,0.19199,0.9098,1.0807,1.1878
aw-cql-seed2,cql,146000,6,146000,37e2c63f61d63e46,-1706.089111328,51996,11915,16.9168,-3.5994,20.5162,77.5765,0.26446,0.9312,1.18,1.2673
aw-cql-seed2,cql,146000,7,146000,37e2c63f61d63e46,-1706.089111328,64933,19513,13.5245,-1.0726,14.5971,77.5765,0.18816,0.8983,1.1091,1.2347
aw-cql-seed2,cql,146000,11,146000,37e2c63f61d63e46,-1706.089111328,76763,39227,7.4361,-1.339,8.7751,77.5765,0.11312,0.9491,1.0475,1.1037
aw-cql-seed2,cql,146000,12,146000,37e2c63f61d63e46,-1706.089111328,33583,82841,3.6096,0.4931,3.1165,77.5765,0.04017,0.9323,1.0079,1.0811
aw-cql-seed2,cql,146000,13,146000,37e2c63f61d63e46,-1706.089111328,29838,52509,9.7639,-1.1295,10.8933,77.5765,0.14042,0.8839,1.0366,1.1727
aw-cql-seed2,cql,146000,14,146000,37e2c63f61d63e46,-1706.089111328,36307,14110,23.3307,-3.321,26.6517,77.5765,0.34355,0.925,1.2131,1.3114
aw-cql-seed2,cql,147000,0,147000,e774b4d126b1e7c4,-1723.044921875,237311,68413,48.8408,8.464,40.3768,77.3084,0.52228,0.8401,1.3022,1.55
aw-cql-seed2,cql,147000,2,147000,e774b4d126b1e7c4,-1723.044921875,168808,33814,24.2234,1.1244,23.0989,77.3084,0.29879,0.8877,1.0563,1.1899
aw-cql-seed2,cql,147000,4,147000,e774b4d126b1e7c4,-1723.044921875,35214,133999,3.5324,-1.1453,4.6778,77.3084,0.06051,0.8753,0.9661,1.1037
aw-cql-seed2,cql,147000,5,147000,e774b4d126b1e7c4,-1723.044921875,40938,30344,10.3092,-3.66,13.9692,77.3084,0.18069,0.9103,1.0808,1.1873
aw-cql-seed2,cql,147000,6,147000,e774b4d126b1e7c4,-1723.044921875,51996,11915,16.4826,-3.7421,20.2247,77.3084,0.26161,0.9302,1.1756,1.2638
aw-cql-seed2,cql,147000,7,147000,e774b4d126b1e7c4,-1723.044921875,64933,19513,13.5479,-0.9483,14.4961,77.3084,0.18751,0.8989,1.1094,1.2341
aw-cql-seed2,cql,147000,11,147000,e774b4d126b1e7c4,-1723.044921875,76763,39227,6.5559,-1.5084,8.0642,77.3084,0.10431,0.9481,1.0452,1.1024
aw-cql-seed2,cql,147000,12,147000,e774b4d126b1e7c4,-1723.044921875,33583,82841,2.9565,-0.3841,3.3406,77.3084,0.04321,0.9319,1.0068,1.0804
aw-cql-seed2,cql,147000,13,147000,e774b4d126b1e7c4,-1723.044921875,29838,52509,9.1393,-1.6333,10.7727,77.3084,0.13935,0.8852,1.0361,1.1705
aw-cql-seed2,cql,147000,14,147000,e774b4d126b1e7c4,-1723.044921875,36307,14110,23.2374,-3.3101,26.5475,77.3084,0.3434,0.9247,1.2116,1.3104
aw-cql-seed2,cql,148000,0,148000,d26915a0200e2be8,-1740.322509766,237311,68413,49.3977,8.6328,40.7649,77.4693,0.52621,0.8413,1.3145,1.5625
aw-cql-seed2,cql,148000,2,148000,d26915a0200e2be8,-1740.322509766,168808,33814,23.6938,1.1126,22.5812,77.4693,0.29149,0.8891,1.0609,1.1932
aw-cql-seed2,cql,148000,4,148000,d26915a0200e2be8,-1740.322509766,35214,133999,4.1697,-0.7883,4.958,77.4693,0.064,0.8732,0.9672,1.1076
aw-cql-seed2,cql,148000,5,148000,d26915a0200e2be8,-1740.322509766,40938,30344,10.2386,-3.8059,14.0445,77.4693,0.18129,0.912,1.0843,1.1889
aw-cql-seed2,cql,148000,6,148000,d26915a0200e2be8,-1740.322509766,51996,11915,16.7285,-4.0308,20.7593,77.4693,0.26797,0.9291,1.1844,1.2748
aw-cql-seed2,cql,148000,7,148000,d26915a0200e2be8,-1740.322509766,64933,19513,13.1251,-1.0926,14.2177,77.4693,0.18353,0.8969,1.1079,1.2353
aw-cql-seed2,cql,148000,11,148000,d26915a0200e2be8,-1740.322509766,76763,39227,7.0195,-1.4603,8.4798,77.4693,0.10946,0.9479,1.0456,1.1031
aw-cql-seed2,cql,148000,12,148000,d26915a0200e2be8,-1740.322509766,33583,82841,3.0567,-0.1064,3.1631,77.4693,0.04083,0.9325,1.0074,1.0803
aw-cql-seed2,cql,148000,13,148000,d26915a0200e2be8,-1740.322509766,29838,52509,7.9928,-1.5756,9.5684,77.4693,0.12351,0.8865,1.0379,1.1708
aw-cql-seed2,cql,148000,14,148000,d26915a0200e2be8,-1740.322509766,36307,14110,22.3203,-3.51,25.8304,77.4693,0.33343,0.9247,1.2189,1.3183
aw-cql-seed2,cql,149000,0,149000,6dd95fa62c811cde,-1753.801513672,237311,68413,48.7833,7.5675,41.2158,77.7567,0.53006,0.8418,1.3065,1.552
aw-cql-seed2,cql,149000,2,149000,6dd95fa62c811cde,-1753.801513672,168808,33814,23.6374,0.9322,22.7052,77.7567,0.292,0.8882,1.0594,1.1928
aw-cql-seed2,cql,149000,4,149000,6dd95fa62c811cde,-1753.801513672,35214,133999,3.5421,-0.8655,4.4076,77.7567,0.05668,0.8768,0.9662,1.1019
aw-cql-seed2,cql,149000,5,149000,6dd95fa62c811cde,-1753.801513672,40938,30344,10.8407,-3.6652,14.5059,77.7567,0.18655,0.9157,1.0821,1.1818
aw-cql-seed2,cql,149000,6,149000,6dd95fa62c811cde,-1753.801513672,51996,11915,15.462,-3.6098,19.0718,77.7567,0.24528,0.9292,1.1745,1.264
aw-cql-seed2,cql,149000,7,149000,6dd95fa62c811cde,-1753.801513672,64933,19513,13.4137,-1.2601,14.6738,77.7567,0.18871,0.8987,1.1068,1.2315
aw-cql-seed2,cql,149000,11,149000,6dd95fa62c811cde,-1753.801513672,76763,39227,7.0338,-1.4877,8.5215,77.7567,0.10959,0.9479,1.0453,1.1027
aw-cql-seed2,cql,149000,12,149000,6dd95fa62c811cde,-1753.801513672,33583,82841,2.4439,-0.3611,2.805,77.7567,0.03607,0.9311,1.0064,1.0809
aw-cql-seed2,cql,149000,13,149000,6dd95fa62c811cde,-1753.801513672,29838,52509,8.4492,-1.8124,10.2616,77.7567,0.13197,0.8891,1.0373,1.1666
aw-cql-seed2,cql,149000,14,149000,6dd95fa62c811cde,-1753.801513672,36307,14110,23.8776,-3.3376,27.2152,77.7567,0.35,0.929,1.2148,1.3076
aw-cql-seed2,cql,150000,0,150000,c387a0114aafea39,-1772.218139648,237311,68413,48.9736,6.5993,42.3743,78.2565,0.54148,0.8404,1.2976,1.5441
aw-cql-seed2,cql,150000,2,150000,c387a0114aafea39,-1772.218139648,168808,33814,23.3747,0.385,22.9897,78.2565,0.29377,0.8886,1.0553,1.1875
aw-cql-seed2,cql,150000,4,150000,c387a0114aafea39,-1772.218139648,35214,133999,4.2391,-0.6103,4.8494,78.2565,0.06197,0.8732,0.9663,1.1065
aw-cql-seed2,cql,150000,5,150000,c387a0114aafea39,-1772.218139648,40938,30344,10.5386,-3.4645,14.0031,78.2565,0.17894,0.9122,1.0797,1.1836
aw-cql-seed2,cql,150000,6,150000,c387a0114aafea39,-1772.218139648,51996,11915,15.8611,-3.9372,19.7982,78.2565,0.25299,0.9315,1.1779,1.2646
aw-cql-seed2,cql,150000,7,150000,c387a0114aafea39,-1772.218139648,64933,19513,13.1935,-1.2833,14.4768,78.2565,0.18499,0.8995,1.1081,1.2319
aw-cql-seed2,cql,150000,11,150000,c387a0114aafea39,-1772.218139648,76763,39227,6.9159,-1.6461,8.5621,78.2565,0.10941,0.9479,1.0451,1.1025
aw-cql-seed2,cql,150000,12,150000,c387a0114aafea39,-1772.218139648,33583,82841,3.5099,0.0435,3.4664,78.2565,0.0443,0.9318,1.0076,1.0814
aw-cql-seed2,cql,150000,13,150000,c387a0114aafea39,-1772.218139648,29838,52509,8.9324,-1.504,10.4364,78.2565,0.13336,0.8876,1.0365,1.1678
aw-cql-seed2,cql,150000,14,150000,c387a0114aafea39,-1772.218139648,36307,14110,23.1837,-3.8776,27.0613,78.2565,0.3458,0.9271,1.212,1.3073
aw-cql-seed2,cql,151000,0,151000,9b35df737bc36fab,-1783.852661133,237311,68413,49.0163,7.9179,41.0983,78.2266,0.52538,0.8408,1.3054,1.5526
aw-cql-seed2,cql,151000,2,151000,9b35df737bc36fab,-1783.852661133,168808,33814,23.5704,0.9827,22.5877,78.2266,0.28875,0.8875,1.0594,1.1937
aw-cql-seed2,cql,151000,4,151000,9b35df737bc36fab,-1783.852661133,35214,133999,4.2171,-0.6283,4.8453,78.2266,0.06194,0.873,0.9657,1.1062
aw-cql-seed2,cql,151000,5,151000,9b35df737bc36fab,-1783.852661133,40938,30344,8.8689,-4.0665,12.9354,78.2266,0.16536,0.9118,1.0808,1.1853
aw-cql-seed2,cql,151000,6,151000,9b35df737bc36fab,-1783.852661133,51996,11915,15.107,-3.9843,19.0913,78.2266,0.24405,0.9297,1.1749,1.2637
aw-cql-seed2,cql,151000,7,151000,9b35df737bc36fab,-1783.852661133,64933,19513,12.5584,-1.5902,14.1485,78.2266,0.18087,0.8998,1.1088,1.2323
aw-cql-seed2,cql,151000,11,151000,9b35df737bc36fab,-1783.852661133,76763,39227,7.1102,-1.4826,8.5928,78.2266,0.10984,0.9474,1.0449,1.1029
aw-cql-seed2,cql,151000,12,151000,9b35df737bc36fab,-1783.852661133,33583,82841,2.9354,-0.0066,2.942,78.2266,0.03761,0.9313,1.0075,1.0818
aw-cql-seed2,cql,151000,13,151000,9b35df737bc36fab,-1783.852661133,29838,52509,7.9444,-1.9085,9.8529,78.2266,0.12595,0.8853,1.0364,1.1706
aw-cql-seed2,cql,151000,14,151000,9b35df737bc36fab,-1783.852661133,36307,14110,21.9442,-4.2123,26.1565,78.2266,0.33437,0.9268,1.2099,1.3055
aw-cql-seed2,cql,152000,0,152000,0b62465195d1cb2e,-1802.594238281,237311,68413,48.7445,6.7541,41.9904,78.0035,0.53831,0.8427,1.3099,1.5544
aw-cql-seed2,cql,152000,2,152000,0b62465195d1cb2e,-1802.594238281,168808,33814,23.0064,0.7787,22.2277,78.0035,0.28496,0.8875,1.0558,1.1896
aw-cql-seed2,cql,152000,4,152000,0b62465195d1cb2e,-1802.594238281,35214,133999,3.2303,-0.9933,4.2236,78.0035,0.05415,0.8757,0.9667,1.1039
aw-cql-seed2,cql,152000,5,152000,0b62465195d1cb2e,-1802.594238281,40938,30344,9.6112,-4.3628,13.974,78.0035,0.17915,0.9106,1.0813,1.1874
aw-cql-seed2,cql,152000,6,152000,0b62465195d1cb2e,-1802.594238281,51996,11915,15.7459,-4.3531,20.099,78.0035,0.25767,0.931,1.1837,1.2714
aw-cql-seed2,cql,152000,7,152000,0b62465195d1cb2e,-1802.594238281,64933,19513,12.8774,-1.2651,14.1425,78.0035,0.18131,0.8979,1.1099,1.2361
aw-cql-seed2,cql,152000,11,152000,0b62465195d1cb2e,-1802.594238281,76763,39227,7.0242,-1.5159,8.5401,78.0035,0.10948,0.9482,1.0455,1.1026
aw-cql-seed2,cql,152000,12,152000,0b62465195d1cb2e,-1802.594238281,33583,82841,2.8583,-0.1063,2.9646,78.0035,0.03801,0.9317,1.0069,1.0807
aw-cql-seed2,cql,152000,13,152000,0b62465195d1cb2e,-1802.594238281,29838,52509,8.3355,-1.8603,10.1958,78.0035,0.13071,0.8847,1.0361,1.1712
aw-cql-seed2,cql,152000,14,152000,0b62465195d1cb2e,-1802.594238281,36307,14110,22.1208,-4.041,26.1617,78.0035,0.33539,0.9275,1.2215,1.317
aw-cql-seed2,cql,153000,0,153000,26a58ddd3e478daa,-1818.320068359,237311,68413,48.955,6.7682,42.1868,78.0243,0.54069,0.8417,1.3067,1.5525
aw-cql-seed2,cql,153000,2,153000,26a58ddd3e478daa,-1818.320068359,168808,33814,22.9535,0.4996,22.4539,78.0243,0.28778,0.8872,1.0577,1.1922
aw-cql-seed2,cql,153000,4,153000,26a58ddd3e478daa,-1818.320068359,35214,133999,3.8465,-0.6502,4.4966,78.0243,0.05763,0.8748,0.9656,1.1038
aw-cql-seed2,cql,153000,5,153000,26a58ddd3e478daa,-1818.320068359,40938,30344,10.1236,-3.6859,13.8095,78.0243,0.17699,0.9096,1.0808,1.1882
aw-cql-seed2,cql,153000,6,153000,26a58ddd3e478daa,-1818.320068359,51996,11915,15.2379,-4.2384,19.4763,78.0243,0.24962,0.9305,1.1768,1.2646
aw-cql-seed2,cql,153000,7,153000,26a58ddd3e478daa,-1818.320068359,64933,19513,12.8984,-1.5769,14.4753,78.0243,0.18552,0.8996,1.1076,1.2311
aw-cql-seed2,cql,153000,11,153000,26a58ddd3e478daa,-1818.320068359,76763,39227,6.5064,-1.9407,8.4471,78.0243,0.10826,0.948,1.0463,1.1037
aw-cql-seed2,cql,153000,12,153000,26a58ddd3e478daa,-1818.320068359,33583,82841,2.0805,-0.4954,2.5759,78.0243,0.03301,0.9324,1.0068,1.0797
aw-cql-seed2,cql,153000,13,153000,26a58ddd3e478daa,-1818.320068359,29838,52509,8.4127,-1.776,10.1887,78.0243,0.13058,0.8867,1.0368,1.1693
aw-cql-seed2,cql,153000,14,153000,26a58ddd3e478daa,-1818.320068359,36307,14110,23.4894,-3.6665,27.156,78.0243,0.34804,0.9265,1.2127,1.309
aw-cql-seed2,cql,154000,0,154000,07633d4757f23b6f,-1836.610961914,237311,68413,47.7656,6.4385,41.3271,77.4713,0.53345,0.8397,1.29,1.5361
aw-cql-seed2,cql,154000,2,154000,07633d4757f23b6f,-1836.610961914,168808,33814,22.9663,0.6038,22.3625,77.4713,0.28866,0.886,1.0544,1.19
aw-cql-seed2,cql,154000,4,154000,07633d4757f23b6f,-1836.610961914,35214,133999,2.8998,-1.1699,4.0696,77.4713,0.05253,0.8756,0.9664,1.1036
aw-cql-seed2,cql,154000,5,154000,07633d4757f23b6f,-1836.610961914,40938,30344,8.2478,-4.1969,12.4448,77.4713,0.16064,0.9104,1.0798,1.186
aw-cql-seed2,cql,154000,6,154000,07633d4757f23b6f,-1836.610961914,51996,11915,15.1797,-5.0128,20.1925,77.4713,0.26064,0.93,1.1789,1.2675
aw-cql-seed2,cql,154000,7,154000,07633d4757f23b6f,-1836.610961914,64933,19513,12.7688,-1.8058,14.5746,77.4713,0.18813,0.8989,1.1069,1.2314
aw-cql-seed2,cql,154000,11,154000,07633d4757f23b6f,-1836.610961914,76763,39227,6.0594,-1.9033,7.9627,77.4713,0.10278,0.9476,1.0457,1.1035
aw-cql-seed2,cql,154000,12,154000,07633d4757f23b6f,-1836.610961914,33583,82841,1.7607,-0.7279,2.4885,77.4713,0.03212,0.9326,1.0075,1.0803
aw-cql-seed2,cql,154000,13,154000,07633d4757f23b6f,-1836.610961914,29838,52509,7.8012,-2.0199,9.8211,77.4713,0.12677,0.8867,1.0363,1.1688
aw-cql-seed2,cql,154000,14,154000,07633d4757f23b6f,-1836.610961914,36307,14110,22.6053,-4.0372,26.6425,77.4713,0.3439,0.9282,1.2141,1.3081
aw-cql-seed2,cql,155000,0,155000,9642047049c7655b,-1850.254516602,237311,68413,47.8999,6.2153,41.6846,76.9903,0.54143,0.8424,1.3013,1.5447
aw-cql-seed2,cql,155000,2,155000,9642047049c7655b,-1850.254516602,168808,33814,23.594,1.1786,22.4153,76.9903,0.29114,0.8868,1.0559,1.1907
aw-cql-seed2,cql,155000,4,155000,9642047049c7655b,-1850.254516602,35214,133999,4.324,-0.5327,4.8567,76.9903,0.06308,0.8754,0.9665,1.1041
aw-cql-seed2,cql,155000,5,155000,9642047049c7655b,-1850.254516602,40938,30344,9.5788,-3.8134,13.3922,76.9903,0.17395,0.9118,1.0797,1.1841
aw-cql-seed2,cql,155000,6,155000,9642047049c7655b,-1850.254516602,51996,11915,16.0554,-4.2943,20.3497,76.9903,0.26431,0.9301,1.1783,1.2669
aw-cql-seed2,cql,155000,7,155000,9642047049c7655b,-1850.254516602,64933,19513,13.6559,-1.182,14.8379,76.9903,0.19272,0.8976,1.108,1.2344
aw-cql-seed2,cql,155000,11,155000,9642047049c7655b,-1850.254516602,76763,39227,6.6371,-1.6394,8.2765,76.9903,0.1075,0.9473,1.0453,1.1034
aw-cql-seed2,cql,155000,12,155000,9642047049c7655b,-1850.254516602,33583,82841,3.009,-0.2083,3.2173,76.9903,0.04179,0.9319,1.007,1.0806
aw-cql-seed2,cql,155000,13,155000,9642047049c7655b,-1850.254516602,29838,52509,8.2648,-1.6019,9.8667,76.9903,0.12815,0.8896,1.0373,1.166
aw-cql-seed2,cql,155000,14,155000,9642047049c7655b,-1850.254516602,36307,14110,22.1588,-3.9336,26.0924,76.9903,0.3389,0.9269,1.2087,1.304
aw-cql-seed2,cql,156000,0,156000,082030762b39a023,-1869.883178711,237311,68413,47.8145,6.4174,41.3972,76.987,0.53772,0.8408,1.2968,1.5424
aw-cql-seed2,cql,156000,2,156000,082030762b39a023,-1869.883178711,168808,33814,23.3446,1.1746,22.17,76.987,0.28797,0.886,1.0539,1.1895
aw-cql-seed2,cql,156000,4,156000,082030762b39a023,-1869.883178711,35214,133999,3.3283,-1.3529,4.6812,76.987,0.06081,0.876,0.9658,1.1025
aw-cql-seed2,cql,156000,5,156000,082030762b39a023,-1869.883178711,40938,30344,8.459,-4.5384,12.9974,76.987,0.16883,0.9107,1.0785,1.1843
aw-cql-seed2,cql,156000,6,156000,082030762b39a023,-1869.883178711,51996,11915,15.3957,-4.6967,20.0924,76.987,0.26098,0.9289,1.1743,1.2642
aw-cql-seed2,cql,156000,7,156000,082030762b39a023,-1869.883178711,64933,19513,12.4819,-1.5407,14.0226,76.987,0.18214,0.8982,1.1082,1.2337
aw-cql-seed2,cql,156000,11,156000,082030762b39a023,-1869.883178711,76763,39227,6.4808,-1.8211,8.3019,76.987,0.10783,0.9478,1.0456,1.1031
aw-cql-seed2,cql,156000,12,156000,082030762b39a023,-1869.883178711,33583,82841,2.2985,-0.8916,3.1901,76.987,0.04144,0.9312,1.0067,1.081
aw-cql-seed2,cql,156000,13,156000,082030762b39a023,-1869.883178711,29838,52509,7.7397,-2.4626,10.2023,76.987,0.13252,0.8877,1.0354,1.1663
aw-cql-seed2,cql,156000,14,156000,082030762b39a023,-1869.883178711,36307,14110,22.0518,-3.9911,26.0429,76.987,0.33828,0.9265,1.2108,1.3068
aw-cql-seed2,cql,157000,0,157000,87d50e43e1107322,-1886.900146484,237311,68413,47.3865,5.2605,42.126,77.1234,0.54622,0.8413,1.3029,1.5487
aw-cql-seed2,cql,157000,2,157000,87d50e43e1107322,-1886.900146484,168808,33814,23.3472,0.6161,22.7311,77.1234,0.29474,0.8879,1.0567,1.19
aw-cql-seed2,cql,157000,4,157000,87d50e43e1107322,-1886.900146484,35214,133999,2.6314,-1.0332,3.6646,77.1234,0.04752,0.8777,0.9653,1.0998
aw-cql-seed2,cql,157000,5,157000,87d50e43e1107322,-1886.900146484,40938,30344,7.7639,-4.2921,12.056,77.1234,0.15632,0.9138,1.0796,1.1814
aw-cql-seed2,cql,157000,6,157000,87d50e43e1107322,-1886.900146484,51996,11915,15.3253,-4.4907,19.816,77.1234,0.25694,0.9293,1.1849,1.275
aw-cql-seed2,cql,157000,7,157000,87d50e43e1107322,-1886.900146484,64933,19513,12.3388,-1.8585,14.1973,77.1234,0.18409,0.898,1.106,1.2316
aw-cql-seed2,cql,157000,11,157000,87d50e43e1107322,-1886.900146484,76763,39227,6.9397,-1.6065,8.5462,77.1234,0.11081,0.9474,1.0454,1.1034
aw-cql-seed2,cql,157000,12,157000,87d50e43e1107322,-1886.900146484,33583,82841,2.6195,-0.4216,3.0412,77.1234,0.03943,0.9323,1.0067,1.0798
aw-cql-seed2,cql,157000,13,157000,87d50e43e1107322,-1886.900146484,29838,52509,8.2174,-2.1052,10.3227,77.1234,0.13385,0.8887,1.0358,1.1654
aw-cql-seed2,cql,157000,14,157000,87d50e43e1107322,-1886.900146484,36307,14110,22.09,-3.8596,25.9496,77.1234,0.33647,0.9285,1.2161,1.3097
aw-cql-seed2,cql,158000,0,158000,c5555f28f27973d0,-1907.090087891,237311,68413,48.7304,7.02,41.7104,78.1919,0.53344,0.841,1.3004,1.5462
aw-cql-seed2,cql,158000,2,158000,c5555f28f27973d0,-1907.090087891,168808,33814,23.5006,0.9166,22.5841,78.1919,0.28883,0.8877,1.0563,1.19
aw-cql-seed2,cql,158000,4,158000,c5555f28f27973d0,-1907.090087891,35214,133999,2.4935,-1.0931,3.5867,78.1919,0.04587,0.8746,0.9661,1.1046
aw-cql-seed2,cql,158000,5,158000,c5555f28f27973d0,-1907.090087891,40938,30344,8.4397,-4.1339,12.5736,78.1919,0.1608,0.9115,1.0788,1.1836
aw-cql-seed2,cql,158000,6,158000,c5555f28f27973d0,-1907.090087891,51996,11915,15.5801,-4.2409,19.821,78.1919,0.25349,0.9293,1.1721,1.2613
aw-cql-seed2,cql,158000,7,158000,c5555f28f27973d0,-1907.090087891,64933,19513,12.6717,-1.2753,13.947,78.1919,0.17837,0.8975,1.1039,1.23
aw-cql-seed2,cql,158000,11,158000,c5555f28f27973d0,-1907.090087891,76763,39227,7.0262,-1.5115,8.5377,78.1919,0.10919,0.9467,1.0437,1.1025
aw-cql-seed2,cql,158000,12,158000,c5555f28f27973d0,-1907.090087891,33583,82841,2.6006,-0.295,2.8956,78.1919,0.03703,0.9315,1.0065,1.0805
aw-cql-seed2,cql,158000,13,158000,c5555f28f27973d0,-1907.090087891,29838,52509,7.8101,-1.6452,9.4553,78.1919,0.12092,0.8867,1.0361,1.1685
aw-cql-seed2,cql,158000,14,158000,c5555f28f27973d0,-1907.090087891,36307,14110,22.2928,-3.4759,25.7687,78.1919,0.32956,0.9259,1.208,1.3047
aw-cql-seed2,cql,159000,0,159000,8492ed8fc319f7d0,-1925.418457031,237311,68413,48.6102,7.4621,41.148,77.679,0.52972,0.8403,1.2972,1.5436
aw-cql-seed2,cql,159000,2,159000,8492ed8fc319f7d0,-1925.418457031,168808,33814,23.2914,1.1091,22.1823,77.679,0.28556,0.8876,1.0558,1.1895
aw-cql-seed2,cql,159000,4,159000,8492ed8fc319f7d0,-1925.418457031,35214,133999,3.5893,-0.9128,4.5021,77.679,0.05796,0.8748,0.9655,1.1037
aw-cql-seed2,cql,159000,5,159000,8492ed8fc319f7d0,-1925.418457031,40938,30344,9.1821,-4.4825,13.6646,77.679,0.17591,0.9126,1.0795,1.1829
aw-cql-seed2,cql,159000,6,159000,8492ed8fc319f7d0,-1925.418457031,51996,11915,15.7955,-4.971,20.7665,77.679,0.26734,0.9298,1.1766,1.2655
aw-cql-seed2,cql,159000,7,159000,8492ed8fc319f7d0,-1925.418457031,64933,19513,12.3989,-1.9879,14.3868,77.679,0.18521,0.8978,1.1035,1.2291
aw-cql-seed2,cql,159000,11,159000,8492ed8fc319f7d0,-1925.418457031,76763,39227,6.3462,-1.7888,8.135,77.679,0.10473,0.947,1.0434,1.1017
aw-cql-seed2,cql,159000,12,159000,8492ed8fc319f7d0,-1925.418457031,33583,82841,2.2974,-0.1822,2.4795,77.679,0.03192,0.932,1.0064,1.0798
aw-cql-seed2,cql,159000,13,159000,8492ed8fc319f7d0,-1925.418457031,29838,52509,7.3092,-1.9765,9.2857,77.679,0.11954,0.8852,1.0355,1.1698
aw-cql-seed2,cql,159000,14,159000,8492ed8fc319f7d0,-1925.418457031,36307,14110,21.7507,-3.7565,25.5072,77.679,0.32837,0.925,1.2079,1.3058
aw-cql-seed2,cql,160000,0,160000,62a1f4208d13a2a4,-1940.383056641,237311,68413,48.2611,7.1401,41.121,77.6088,0.52985,0.8406,1.2986,1.5448
aw-cql-seed2,cql,160000,2,160000,62a1f4208d13a2a4,-1940.383056641,168808,33814,23.038,0.7212,22.3168,77.6088,0.28755,0.8859,1.0547,1.1905
aw-cql-seed2,cql,160000,4,160000,62a1f4208d13a2a4,-1940.383056641,35214,133999,3.2836,-0.8744,4.1579,77.6088,0.05358,0.8748,0.9653,1.1035
aw-cql-seed2,cql,160000,5,160000,62a1f4208d13a2a4,-1940.383056641,40938,30344,8.5355,-4.3312,12.8667,77.6088,0.16579,0.9106,1.0772,1.183
aw-cql-seed2,cql,160000,6,160000,62a1f4208d13a2a4,-1940.383056641,51996,11915,15.6137,-4.4733,20.087,77.6088,0.25882,0.9299,1.166,1.2539
aw-cql-seed2,cql,160000,7,160000,62a1f4208d13a2a4,-1940.383056641,64933,19513,13.045,-1.2212,14.2662,77.6088,0.18382,0.8984,1.105,1.23
aw-cql-seed2,cql,160000,11,160000,62a1f4208d13a2a4,-1940.383056641,76763,39227,7.2771,-1.2558,8.5329,77.6088,0.10995,0.9477,1.0448,1.1024
aw-cql-seed2,cql,160000,12,160000,62a1f4208d13a2a4,-1940.383056641,33583,82841,3.1794,0.0604,3.119,77.6088,0.04019,0.9315,1.0071,1.0811
aw-cql-seed2,cql,160000,13,160000,62a1f4208d13a2a4,-1940.383056641,29838,52509,7.7098,-1.97,9.6798,77.6088,0.12473,0.8863,1.0341,1.1668
aw-cql-seed2,cql,160000,14,160000,62a1f4208d13a2a4,-1940.383056641,36307,14110,22.1459,-3.895,26.0409,77.6088,0.33554,0.9275,1.2059,1.3001
aw-cql-seed2,cql,161000,0,161000,8fe920358564f983,-1957.470214844,237311,68413,47.6064,7.1614,40.445,76.6394,0.52773,0.8412,1.3024,1.5483
aw-cql-seed2,cql,161000,2,161000,8fe920358564f983,-1957.470214844,168808,33814,21.9965,0.1124,21.8841,76.6394,0.28555,0.8873,1.056,1.1901
aw-cql-seed2,cql,161000,4,161000,8fe920358564f983,-1957.470214844,35214,133999,2.5715,-0.9218,3.4933,76.6394,0.04558,0.8731,0.9654,1.1057
aw-cql-seed2,cql,161000,5,161000,8fe920358564f983,-1957.470214844,40938,30344,8.4276,-3.8601,12.2877,76.6394,0.16033,0.9095,1.0803,1.1878
aw-cql-seed2,cql,161000,6,161000,8fe920358564f983,-1957.470214844,51996,11915,14.5387,-4.7563,19.295,76.6394,0.25176,0.9287,1.1758,1.2661
aw-cql-seed2,cql,161000,7,161000,8fe920358564f983,-1957.470214844,64933,19513,12.5937,-1.653,14.2468,76.6394,0.18589,0.8983,1.1074,1.2327
aw-cql-seed2,cql,161000,11,161000,8fe920358564f983,-1957.470214844,76763,39227,6.4328,-1.7258,8.1586,76.6394,0.10645,0.9491,1.0466,1.1027
aw-cql-seed2,cql,161000,12,161000,8fe920358564f983,-1957.470214844,33583,82841,2.4965,-0.0593,2.5558,76.6394,0.03335,0.9316,1.0064,1.0803
aw-cql-seed2,cql,161000,13,161000,8fe920358564f983,-1957.470214844,29838,52509,7.3979,-1.6184,9.0163,76.6394,0.11765,0.8845,1.0357,1.1709
aw-cql-seed2,cql,161000,14,161000,8fe920358564f983,-1957.470214844,36307,14110,22.1183,-3.7803,25.8986,76.6394,0.33793,0.9247,1.2148,1.3137
aw-cql-seed2,cql,162000,0,162000,09782c6934e4fd4f,-1975.719116211,237311,68413,48.2971,6.1811,42.116,78.7916,0.53452,0.8419,1.3093,1.5552
aw-cql-seed2,cql,162000,2,162000,09782c6934e4fd4f,-1975.719116211,168808,33814,22.6193,0.3446,22.2747,78.7916,0.2827,0.8871,1.0537,1.1878
aw-cql-seed2,cql,162000,4,162000,09782c6934e4fd4f,-1975.719116211,35214,133999,3.3588,-0.528,3.8869,78.7916,0.04933,0.8734,0.9656,1.1056
aw-cql-seed2,cql,162000,5,162000,09782c6934e4fd4f,-1975.719116211,40938,30344,8.2169,-4.0581,12.275,78.7916,0.15579,0.9103,1.0799,1.1862
aw-cql-seed2,cql,162000,6,162000,09782c6934e4fd4f,-1975.719116211,51996,11915,14.4502,-4.941,19.3912,78.7916,0.24611,0.9291,1.1752,1.265
aw-cql-seed2,cql,162000,7,162000,09782c6934e4fd4f,-1975.719116211,64933,19513,11.9711,-2.0296,14.0007,78.7916,0.17769,0.8967,1.103,1.23
aw-cql-seed2,cql,162000,11,162000,09782c6934e4fd4f,-1975.719116211,76763,39227,6.0936,-1.963,8.0566,78.7916,0.10225,0.9478,1.0443,1.1017
aw-cql-seed2,cql,162000,12,162000,09782c6934e4fd4f,-1975.719116211,33583,82841,2.2863,-0.2582,2.5445,78.7916,0.03229,0.9313,1.0056,1.0798
aw-cql-seed2,cql,162000,13,162000,09782c6934e4fd4f,-1975.719116211,29838,52509,7.0587,-1.7306,8.7893,78.7916,0.11155,0.885,1.036,1.1706
aw-cql-seed2,cql,162000,14,162000,09782c6934e4fd4f,-1975.719116211,36307,14110,21.9927,-3.859,25.8517,78.7916,0.3281,0.9244,1.2103,1.3092
aw-cql-seed2,cql,163000,0,163000,35230b634bb5dca1,-1989.920898438,237311,68413,46.8305,5.7859,41.0445,76.3186,0.53781,0.8397,1.3074,1.5569
aw-cql-seed2,cql,163000,2,163000,35230b634bb5dca1,-1989.920898438,168808,33814,22.0969,0.5566,21.5403,76.3186,0.28224,0.8863,1.0561,1.1916
aw-cql-seed2,cql,163000,4,163000,35230b634bb5dca1,-1989.920898438,35214,133999,3.9049,-0.6862,4.5911,76.3186,0.06016,0.8741,0.9659,1.105
aw-cql-seed2,cql,163000,5,163000,35230b634bb5dca1,-1989.920898438,40938,30344,9.246,-4.1159,13.3619,76.3186,0.17508,0.9122,1.078,1.1817
aw-cql-seed2,cql,163000,6,163000,35230b634bb5dca1,-1989.920898438,51996,11915,14.9797,-4.6857,19.6654,76.3186,0.25768,0.9313,1.1762,1.263
aw-cql-seed2,cql,163000,7,163000,35230b634bb5dca1,-1989.920898438,64933,19513,12.8137,-1.366,14.1798,76.3186,0.1858,0.8997,1.1083,1.2318
aw-cql-seed2,cql,163000,11,163000,35230b634bb5dca1,-1989.920898438,76763,39227,6.4983,-1.6701,8.1684,76.3186,0.10703,0.9477,1.0448,1.1025
aw-cql-seed2,cql,163000,12,163000,35230b634bb5dca1,-1989.920898438,33583,82841,2.7503,0.0715,2.6787,76.3186,0.0351,0.9323,1.0074,1.0805
aw-cql-seed2,cql,163000,13,163000,35230b634bb5dca1,-1989.920898438,29838,52509,8.263,-1.6576,9.9206,76.3186,0.12999,0.8876,1.0362,1.1673
aw-cql-seed2,cql,163000,14,163000,35230b634bb5dca1,-1989.920898438,36307,14110,22.5461,-3.55,26.0961,76.3186,0.34194,0.9289,1.2161,1.3093
aw-cql-seed2,cql,164000,0,164000,a521fdea1a479bf3,-2006.934326172,237311,68413,47.8359,6.4777,41.3582,77.3837,0.53446,0.8401,1.3039,1.5521
aw-cql-seed2,cql,164000,2,164000,a521fdea1a479bf3,-2006.934326172,168808,33814,22.4944,0.4038,22.0906,77.3837,0.28547,0.8875,1.0583,1.1924
aw-cql-seed2,cql,164000,4,164000,a521fdea1a479bf3,-2006.934326172,35214,133999,3.0612,-0.7953,3.8565,77.3837,0.04984,0.875,0.9658,1.1037
aw-cql-seed2,cql,164000,5,164000,a521fdea1a479bf3,-2006.934326172,40938,30344,7.66,-4.3034,11.9633,77.3837,0.1546,0.9109,1.0804,1.1861
aw-cql-seed2,cql,164000,6,164000,a521fdea1a479bf3,-2006.934326172,51996,11915,14.1827,-5.2883,19.471,77.3837,0.25162,0.9292,1.1732,1.2626
aw-cql-seed2,cql,164000,7,164000,a521fdea1a479bf3,-2006.934326172,64933,19513,12.6683,-1.9202,14.5885,77.3837,0.18852,0.898,1.1052,1.2307
aw-cql-seed2,cql,164000,11,164000,a521fdea1a479bf3,-2006.934326172,76763,39227,6.2006,-2.1703,8.3709,77.3837,0.10817,0.9484,1.0461,1.103
aw-cql-seed2,cql,164000,12,164000,a521fdea1a479bf3,-2006.934326172,33583,82841,2.5198,-0.4997,3.0195,77.3837,0.03902,0.9327,1.0072,1.0799
aw-cql-seed2,cql,164000,13,164000,a521fdea1a479bf3,-2006.934326172,29838,52509,7.6557,-1.8865,9.5422,77.3837,0.12331,0.8879,1.036,1.1667
aw-cql-seed2,cql,164000,14,164000,a521fdea1a479bf3,-2006.934326172,36307,14110,21.8984,-3.8954,25.7938,77.3837,0.33332,0.9273,1.2119,1.3069
aw-cql-seed2,cql,165000,0,165000,4ab754aabd71709e,-2027.015136719,237311,68413,47.418,6.8237,40.5943,76.6102,0.52988,0.8415,1.3039,1.5494
aw-cql-seed2,cql,165000,2,165000,4ab754aabd71709e,-2027.015136719,168808,33814,23.2622,1.0785,22.1837,76.6102,0.28957,0.8871,1.0593,1.1942
aw-cql-seed2,cql,165000,4,165000,4ab754aabd71709e,-2027.015136719,35214,133999,2.3334,-0.9705,3.304,76.6102,0.04313,0.8776,0.9657,1.1005
aw-cql-seed2,cql,165000,5,165000,4ab754aabd71709e,-2027.015136719,40938,30344,7.8153,-4.1103,11.9255,76.6102,0.15566,0.9166,1.0806,1.1788
aw-cql-seed2,cql,165000,6,165000,4ab754aabd71709e,-2027.015136719,51996,11915,14.5649,-5.2919,19.8567,76.6102,0.25919,0.9303,1.1749,1.2629
aw-cql-seed2,cql,165000,7,165000,4ab754aabd71709e,-2027.015136719,64933,19513,11.8341,-2.0153,13.8495,76.6102,0.18078,0.8978,1.1042,1.23
aw-cql-seed2,cql,165000,11,165000,4ab754aabd71709e,-2027.015136719,76763,39227,6.4547,-1.6225,8.0772,76.6102,0.10543,0.9475,1.0442,1.1021
aw-cql-seed2,cql,165000,12,165000,4ab754aabd71709e,-2027.015136719,33583,82841,1.8411,-0.4072,2.2483,76.6102,0.02935,0.9316,1.0061,1.08
aw-cql-seed2,cql,165000,13,165000,4ab754aabd71709e,-2027.015136719,29838,52509,6.6102,-1.7538,8.364,76.6102,0.10918,0.8915,1.0364,1.1625
aw-cql-seed2,cql,165000,14,165000,4ab754aabd71709e,-2027.015136719,36307,14110,20.392,-4.2062,24.5982,76.6102,0.32108,0.9295,1.2085,1.3002
aw-cql-seed2,cql,166000,0,166000,016612fd30074885,-2038.737548828,237311,68413,47.8068,7.0904,40.7164,76.7476,0.53052,0.8399,1.2995,1.5472
aw-cql-seed2,cql,166000,2,166000,016612fd30074885,-2038.737548828,168808,33814,22.6158,0.7534,21.8623,76.7476,0.28486,0.887,1.0577,1.1925
aw-cql-seed2,cql,166000,4,166000,016612fd30074885,-2038.737548828,35214,133999,3.638,-0.4184,4.0565,76.7476,0.05285,0.8722,0.9654,1.1068
aw-cql-seed2,cql,166000,5,166000,016612fd30074885,-2038.737548828,40938,30344,9.0079,-3.6615,12.6694,76.7476,0.16508,0.9076,1.0768,1.1865
aw-cql-seed2,cql,166000,6,166000,016612fd30074885,-2038.737548828,51996,11915,14.6849,-4.9283,19.6132,76.7476,0.25555,0.9286,1.1701,1.2601
aw-cql-seed2,cql,166000,7,166000,016612fd30074885,-2038.737548828,64933,19513,11.5446,-2.1808,13.7254,76.7476,0.17884,0.898,1.1036,1.229
aw-cql-seed2,cql,166000,11,166000,016612fd30074885,-2038.737548828,76763,39227,6.4926,-1.5297,8.0223,76.7476,0.10453,0.9479,1.0439,1.1013
aw-cql-seed2,cql,166000,12,166000,016612fd30074885,-2038.737548828,33583,82841,1.2615,-0.6486,1.91,76.7476,0.02489,0.9325,1.0063,1.0791
aw-cql-seed2,cql,166000,13,166000,016612fd30074885,-2038.737548828,29838,52509,6.6576,-1.6357,8.2932,76.7476,0.10806,0.8843,1.0351,1.1706
aw-cql-seed2,cql,166000,14,166000,016612fd30074885,-2038.737548828,36307,14110,20.9467,-3.8999,24.8466,76.7476,0.32374,0.9247,1.2083,1.3067
aw-cql-seed2,cql,167000,0,167000,5b3d18ed1cf21e9f,-2049.610839844,237311,68413,46.7991,4.7771,42.022,77.517,0.5421,0.8405,1.2946,1.5402
aw-cql-seed2,cql,167000,2,167000,5b3d18ed1cf21e9f,-2049.610839844,168808,33814,23.1097,0.8307,22.279,77.517,0.28741,0.886,1.0537,1.1892
aw-cql-seed2,cql,167000,4,167000,5b3d18ed1cf21e9f,-2049.610839844,35214,133999,2.6056,-0.9226,3.5282,77.517,0.04552,0.8738,0.9649,1.1042
aw-cql-seed2,cql,167000,5,167000,5b3d18ed1cf21e9f,-2049.610839844,40938,30344,8.4199,-4.2055,12.6254,77.517,0.16287,0.9109,1.0788,1.1843
aw-cql-seed2,cql,167000,6,167000,5b3d18ed1cf21e9f,-2049.610839844,51996,11915,14.6595,-4.9249,19.5844,77.517,0.25265,0.9292,1.1764,1.266
aw-cql-seed2,cql,167000,7,167000,5b3d18ed1cf21e9f,-2049.610839844,64933,19513,12.4906,-1.8157,14.3063,77.517,0.18456,0.8977,1.105,1.231
aw-cql-seed2,cql,167000,11,167000,5b3d18ed1cf21e9f,-2049.610839844,76763,39227,6.2362,-1.8291,8.0653,77.517,0.10405,0.9481,1.0446,1.1018
aw-cql-seed2,cql,167000,12,167000,5b3d18ed1cf21e9f,-2049.610839844,33583,82841,1.9206,-0.3932,2.3138,77.517,0.02985,0.9313,1.0059,1.08
aw-cql-seed2,cql,167000,13,167000,5b3d18ed1cf21e9f,-2049.610839844,29838,52509,7.3481,-1.8417,9.1898,77.517,0.11855,0.8854,1.0349,1.1689
aw-cql-seed2,cql,167000,14,167000,5b3d18ed1cf21e9f,-2049.610839844,36307,14110,21.5496,-4.1627,25.7123,77.517,0.3317,0.924,1.2128,1.3125
aw-cql-seed2,cql,168000,0,168000,06bc6030a04bae02,-2071.120117188,237311,68413,47.6378,5.9889,41.6488,76.8098,0.54223,0.8395,1.2961,1.5438
aw-cql-seed2,cql,168000,2,168000,06bc6030a04bae02,-2071.120117188,168808,33814,22.4023,0.4532,21.9491,76.8098,0.28576,0.8876,1.0574,1.1913
aw-cql-seed2,cql,168000,4,168000,06bc6030a04bae02,-2071.120117188,35214,133999,2.2569,-0.9676,3.2245,76.8098,0.04198,0.8733,0.9659,1.106
aw-cql-seed2,cql,168000,5,168000,06bc6030a04bae02,-2071.120117188,40938,30344,8.7512,-3.7433,12.4945,76.8098,0.16267,0.9081,1.0765,1.1855
aw-cql-seed2,cql,168000,6,168000,06bc6030a04bae02,-2071.120117188,51996,11915,15.3197,-4.3501,19.6698,76.8098,0.25608,0.9301,1.1758,1.2642
aw-cql-seed2,cql,168000,7,168000,06bc6030a04bae02,-2071.120117188,64933,19513,11.9213,-1.4736,13.3948,76.8098,0.17439,0.8972,1.106,1.2327
aw-cql-seed2,cql,168000,11,168000,06bc6030a04bae02,-2071.120117188,76763,39227,6.5175,-1.396,7.9134,76.8098,0.10303,0.949,1.047,1.1032
aw-cql-seed2,cql,168000,12,168000,06bc6030a04bae02,-2071.120117188,33583,82841,2.1189,0.0158,2.1032,76.8098,0.02738,0.9317,1.0062,1.08
aw-cql-seed2,cql,168000,13,168000,06bc6030a04bae02,-2071.120117188,29838,52509,6.5377,-1.6888,8.2265,76.8098,0.1071,0.8841,1.034,1.1696
aw-cql-seed2,cql,168000,14,168000,06bc6030a04bae02,-2071.120117188,36307,14110,22.6106,-3.7468,26.3574,76.8098,0.34315,0.9242,1.21,1.3092
aw-cql-seed2,cql,169000,0,169000,aa2cf5715226358a,-2086.664794922,237311,68413,46.9464,4.9121,42.0343,77.1119,0.54511,0.8403,1.2948,1.5408
aw-cql-seed2,cql,169000,2,169000,aa2cf5715226358a,-2086.664794922,168808,33814,21.9448,0.4567,21.4881,77.1119,0.27866,0.8858,1.0564,1.1926
aw-cql-seed2,cql,169000,4,169000,aa2cf5715226358a,-2086.664794922,35214,133999,1.9438,-0.6784,2.6222,77.1119,0.03401,0.8751,0.9656,1.1033
aw-cql-seed2,cql,169000,5,169000,aa2cf5715226358a,-2086.664794922,40938,30344,8.1028,-3.7425,11.8453,77.1119,0.15361,0.9126,1.0801,1.1835
aw-cql-seed2,cql,169000,6,169000,aa2cf5715226358a,-2086.664794922,51996,11915,13.7487,-5.0984,18.8471,77.1119,0.24441,0.9311,1.1742,1.2611
aw-cql-seed2,cql,169000,7,169000,aa2cf5715226358a,-2086.664794922,64933,19513,12.0144,-1.9363,13.9507,77.1119,0.18092,0.8972,1.1056,1.2323
aw-cql-seed2,cql,169000,11,169000,aa2cf5715226358a,-2086.664794922,76763,39227,6.1275,-1.8185,7.946,77.1119,0.10304,0.9478,1.0451,1.1026
aw-cql-seed2,cql,169000,12,169000,aa2cf5715226358a,-2086.664794922,33583,82841,1.4546,-0.3495,1.8042,77.1119,0.0234,0.9317,1.0061,1.0798
aw-cql-seed2,cql,169000,13,169000,aa2cf5715226358a,-2086.664794922,29838,52509,6.7612,-1.6609,8.4221,77.1119,0.10922,0.8874,1.0355,1.1668
aw-cql-seed2,cql,169000,14,169000,aa2cf5715226358a,-2086.664794922,36307,14110,21.9395,-3.6456,25.5851,77.1119,0.33179,0.9264,1.2066,1.3025
aw-cql-seed2,cql,170000,0,170000,120143cc0848e2e2,-2107.187988281,237311,68413,47.1567,5.7286,41.4281,77.1647,0.53688,0.8414,1.2933,1.5371
aw-cql-seed2,cql,170000,2,170000,120143cc0848e2e2,-2107.187988281,168808,33814,22.642,0.6473,21.9947,77.1647,0.28504,0.8866,1.056,1.1911
aw-cql-seed2,cql,170000,4,170000,120143cc0848e2e2,-2107.187988281,35214,133999,1.6299,-1.044,2.6739,77.1647,0.03465,0.8736,0.9654,1.1052
aw-cql-seed2,cql,170000,5,170000,120143cc0848e2e2,-2107.187988281,40938,30344,7.9499,-3.8344,11.7843,77.1647,0.15272,0.9102,1.0815,1.1882
aw-cql-seed2,cql,170000,6,170000,120143cc0848e2e2,-2107.187988281,51996,11915,14.2333,-4.7607,18.994,77.1647,0.24615,0.9292,1.1726,1.2619
aw-cql-seed2,cql,170000,7,170000,120143cc0848e2e2,-2107.187988281,64933,19513,11.9421,-2.0386,13.9807,77.1647,0.18118,0.8979,1.1052,1.2308
aw-cql-seed2,cql,170000,11,170000,120143cc0848e2e2,-2107.187988281,76763,39227,6.1079,-1.8026,7.9106,77.1647,0.10252,0.9484,1.0458,1.1026
aw-cql-seed2,cql,170000,12,170000,120143cc0848e2e2,-2107.187988281,33583,82841,1.0084,-0.6383,1.6466,77.1647,0.02134,0.9324,1.0065,1.0794
aw-cql-seed2,cql,170000,13,170000,120143cc0848e2e2,-2107.187988281,29838,52509,6.5118,-1.8735,8.3853,77.1647,0.10867,0.8845,1.0356,1.1707
aw-cql-seed2,cql,170000,14,170000,120143cc0848e2e2,-2107.187988281,36307,14110,21.6091,-3.6781,25.2872,77.1647,0.3277,0.9233,1.2107,1.3113
aw-cql-seed2,cql,171000,0,171000,93afccb515c1edf5,-2124.286621094,237311,68413,46.6206,5.1196,41.501,76.6926,0.54113,0.8413,1.2971,1.5419
aw-cql-seed2,cql,171000,2,171000,93afccb515c1edf5,-2124.286621094,168808,33814,22.8534,0.6392,22.2142,76.6926,0.28965,0.887,1.0531,1.1873
aw-cql-seed2,cql,171000,4,171000,93afccb515c1edf5,-2124.286621094,35214,133999,2.257,-0.8268,3.0838,76.6926,0.04021,0.8749,0.9655,1.1035
aw-cql-seed2,cql,171000,5,171000,93afccb515c1edf5,-2124.286621094,40938,30344,7.5867,-3.9834,11.5701,76.6926,0.15086,0.9121,1.077,1.1809
aw-cql-seed2,cql,171000,6,171000,93afccb515c1edf5,-2124.286621094,51996,11915,13.8702,-4.9754,18.8457,76.6926,0.24573,0.9298,1.1634,1.2513
aw-cql-seed2,cql,171000,7,171000,93afccb515c1edf5,-2124.286621094,64933,19513,11.1243,-2.7042,13.8285,76.6926,0.18031,0.8973,1.1015,1.2276
aw-cql-seed2,cql,171000,11,171000,93afccb515c1edf5,-2124.286621094,76763,39227,6.1543,-1.8477,8.0021,76.6926,0.10434,0.9478,1.0448,1.1024
aw-cql-seed2,cql,171000,12,171000,93afccb515c1edf5,-2124.286621094,33583,82841,1.6081,-0.2425,1.8506,76.6926,0.02413,0.9325,1.0064,1.0792
aw-cql-seed2,cql,171000,13,171000,93afccb515c1edf5,-2124.286621094,29838,52509,6.3212,-1.6584,7.9795,76.6926,0.10405,0.8868,1.0346,1.1666
aw-cql-seed2,cql,171000,14,171000,93afccb515c1edf5,-2124.286621094,36307,14110,20.9133,-4.0195,24.9328,76.6926,0.3251,0.9268,1.205,1.3002
aw-cql-seed2,cql,172000,0,172000,864aef491a11a198,-2138.709472656,237311,68413,46.9039,5.5614,41.3425,76.4919,0.54048,0.8423,1.3104,1.5557
aw-cql-seed2,cql,172000,2,172000,864aef491a11a198,-2138.709472656,168808,33814,22.3542,-0.0889,22.4431,76.4919,0.29341,0.8866,1.0559,1.1909
aw-cql-seed2,cql,172000,4,172000,864aef491a11a198,-2138.709472656,35214,133999,2.08,-1.0227,3.1026,76.4919,0.04056,0.8733,0.9648,1.1048
aw-cql-seed2,cql,172000,5,172000,864aef491a11a198,-2138.709472656,40938,30344,8.3732,-4.3437,12.7169,76.4919,0.16625,0.9107,1.0779,1.1837
aw-cql-seed2,cql,172000,6,172000,864aef491a11a198,-2138.709472656,51996,11915,14.5949,-4.9537,19.5486,76.4919,0.25556,0.9325,1.1743,1.2593
aw-cql-seed2,cql,172000,7,172000,864aef491a11a198,-2138.709472656,64933,19513,12.1574,-1.8629,14.0203,76.4919,0.18329,0.8994,1.1079,1.2317
aw-cql-seed2,cql,172000,11,172000,864aef491a11a198,-2138.709472656,76763,39227,6.4589,-1.661,8.1199,76.4919,0.10615,0.9465,1.0449,1.1039
aw-cql-seed2,cql,172000,12,172000,864aef491a11a198,-2138.709472656,33583,82841,1.5217,-0.4298,1.9515,76.4919,0.02551,0.9321,1.0062,1.0794
aw-cql-seed2,cql,172000,13,172000,864aef491a11a198,-2138.709472656,29838,52509,7.5255,-1.7003,9.2258,76.4919,0.12061,0.8843,1.0346,1.17
aw-cql-seed2,cql,172000,14,172000,864aef491a11a198,-2138.709472656,36307,14110,22.101,-3.6827,25.7837,76.4919,0.33708,0.9267,1.2158,1.312
aw-cql-seed2,cql,173000,0,173000,20de3a9e18adca13,-2154.217529297,237311,68413,46.3456,5.8455,40.5001,76.687,0.52812,0.8399,1.3003,1.5482
aw-cql-seed2,cql,173000,2,173000,20de3a9e18adca13,-2154.217529297,168808,33814,21.6131,0.0999,21.5132,76.687,0.28053,0.8855,1.0541,1.1904
aw-cql-seed2,cql,173000,4,173000,20de3a9e18adca13,-2154.217529297,35214,133999,2.0366,-0.8288,2.8654,76.687,0.03736,0.8729,0.9649,1.1055
aw-cql-seed2,cql,173000,5,173000,20de3a9e18adca13,-2154.217529297,40938,30344,7.0192,-4.6067,11.6259,76.687,0.1516,0.9101,1.0779,1.1843
aw-cql-seed2,cql,173000,6,173000,20de3a9e18adca13,-2154.217529297,51996,11915,14.1753,-4.9589,19.1342,76.687,0.24951,0.9292,1.1729,1.2623
aw-cql-seed2,cql,173000,7,173000,20de3a9e18adca13,-2154.217529297,64933,19513,11.5347,-1.7031,13.2378,76.687,0.17262,0.897,1.1023,1.2289
aw-cql-seed2,cql,173000,11,173000,20de3a9e18adca13,-2154.217529297,76763,39227,6.1057,-1.7592,7.865,76.687,0.10256,0.9466,1.0447,1.1036
aw-cql-seed2,cql,173000,12,173000,20de3a9e18adca13,-2154.217529297,33583,82841,1.5839,-0.4659,2.0498,76.687,0.02673,0.9315,1.0062,1.0802
aw-cql-seed2,cql,173000,13,173000,20de3a9e18adca13,-2154.217529297,29838,52509,6.4426,-1.9074,8.35,76.687,0.10888,0.8833,1.0349,1.1717
aw-cql-seed2,cql,173000,14,173000,20de3a9e18adca13,-2154.217529297,36307,14110,21.5642,-4.2816,25.8458,76.687,0.33703,0.9238,1.2152,1.3154
aw-cql-seed2,cql,174000,0,174000,97b41b7ffbf3b01f,-2176.606689453,237311,68413,46.4971,5.0577,41.4394,76.5176,0.54157,0.8404,1.3008,1.5479
aw-cql-seed2,cql,174000,2,174000,97b41b7ffbf3b01f,-2176.606689453,168808,33814,22.2548,0.1301,22.1247,76.5176,0.28915,0.8875,1.0572,1.1913
aw-cql-seed2,cql,174000,4,174000,97b41b7ffbf3b01f,-2176.606689453,35214,133999,2.2635,-1.221,3.4844,76.5176,0.04554,0.8736,0.9647,1.1043
aw-cql-seed2,cql,174000,5,174000,97b41b7ffbf3b01f,-2176.606689453,40938,30344,8.2339,-4.0359,12.2698,76.5176,0.16035,0.9101,1.0793,1.1859
aw-cql-seed2,cql,174000,6,174000,97b41b7ffbf3b01f,-2176.606689453,51996,11915,14.8767,-4.5755,19.4521,76.5176,0.25422,0.9292,1.1697,1.2589
aw-cql-seed2,cql,174000,7,174000,97b41b7ffbf3b01f,-2176.606689453,64933,19513,11.8543,-2.0061,13.8604,76.5176,0.18114,0.8983,1.1062,1.2314
aw-cql-seed2,cql,174000,11,174000,97b41b7ffbf3b01f,-2176.606689453,76763,39227,5.5642,-2.1232,7.6873,76.5176,0.10046,0.9484,1.0455,1.1024
aw-cql-seed2,cql,174000,12,174000,97b41b7ffbf3b01f,-2176.606689453,33583,82841,1.182,-0.8099,1.9919,76.5176,0.02603,0.934,1.0073,1.0784
aw-cql-seed2,cql,174000,13,174000,97b41b7ffbf3b01f,-2176.606689453,29838,52509,6.5614,-1.8908,8.4522,76.5176,0.11046,0.887,1.0352,1.1671
aw-cql-seed2,cql,174000,14,174000,97b41b7ffbf3b01f,-2176.606689453,36307,14110,21.0005,-3.6578,24.6583,76.5176,0.32226,0.9251,1.2068,1.3045
aw-cql-seed2,cql,175000,0,175000,0a1ab847b6ff7163,-2196.834960938,237311,68413,46.8221,5.2902,41.532,77.4384,0.53632,0.8404,1.2987,1.5453
aw-cql-seed2,cql,175000,2,175000,0a1ab847b6ff7163,-2196.834960938,168808,33814,22.2841,0.3485,21.9357,77.4384,0.28327,0.8868,1.0552,1.1899
aw-cql-seed2,cql,175000,4,175000,0a1ab847b6ff7163,-2196.834960938,35214,133999,1.2523,-1.1112,2.3635,77.4384,0.03052,0.8732,0.9649,1.105
aw-cql-seed2,cql,175000,5,175000,0a1ab847b6ff7163,-2196.834960938,40938,30344,7.1384,-4.2971,11.4355,77.4384,0.14767,0.911,1.0772,1.1825
aw-cql-seed2,cql,175000,6,175000,0a1ab847b6ff7163,-2196.834960938,51996,11915,14.3664,-4.7876,19.1541,77.4384,0.24735,0.93,1.1709,1.259
aw-cql-seed2,cql,175000,7,175000,0a1ab847b6ff7163,-2196.834960938,64933,19513,11.4371,-2.26,13.697,77.4384,0.17688,0.8985,1.1036,1.2283
aw-cql-seed2,cql,175000,11,175000,0a1ab847b6ff7163,-2196.834960938,76763,39227,5.6144,-1.9943,7.6086,77.4384,0.09825,0.9475,1.0441,1.102
aw-cql-seed2,cql,175000,12,175000,0a1ab847b6ff7163,-2196.834960938,33583,82841,1.5693,-0.3982,1.9675,77.4384,0.02541,0.9323,1.0061,1.0792
aw-cql-seed2,cql,175000,13,175000,0a1ab847b6ff7163,-2196.834960938,29838,52509,6.5262,-1.8395,8.3657,77.4384,0.10803,0.8848,1.0345,1.1692
aw-cql-seed2,cql,175000,14,175000,0a1ab847b6ff7163,-2196.834960938,36307,14110,21.0916,-3.8009,24.8925,77.4384,0.32145,0.9242,1.208,1.3071
aw-cql-seed2,cql,176000,0,176000,3ed1d3d909f851cd,-2215.996337891,237311,68413,46.9452,4.6466,42.2986,77.4545,0.54611,0.8416,1.3008,1.5456
aw-cql-seed2,cql,176000,2,176000,3ed1d3d909f851cd,-2215.996337891,168808,33814,23.1698,0.498,22.6718,77.4545,0.29271,0.8863,1.0543,1.1895
aw-cql-seed2,cql,176000,4,176000,3ed1d3d909f851cd,-2215.996337891,35214,133999,2.406,-0.5476,2.9536,77.4545,0.03813,0.8747,0.9659,1.1042
aw-cql-seed2,cql,176000,5,176000,3ed1d3d909f851cd,-2215.996337891,40938,30344,7.3535,-3.7606,11.114,77.4545,0.14349,0.9139,1.08,1.1818
aw-cql-seed2,cql,176000,6,176000,3ed1d3d909f851cd,-2215.996337891,51996,11915,14.6401,-4.4731,19.1132,77.4545,0.24677,0.9298,1.1663,1.2543
aw-cql-seed2,cql,176000,7,176000,3ed1d3d909f851cd,-2215.996337891,64933,19513,12.5476,-1.7999,14.3476,77.4545,0.18524,0.8975,1.1026,1.2285
aw-cql-seed2,cql,176000,11,176000,3ed1d3d909f851cd,-2215.996337891,76763,39227,6.4029,-1.6945,8.0974,77.4545,0.10454,0.9474,1.0441,1.102
aw-cql-seed2,cql,176000,12,176000,3ed1d3d909f851cd,-2215.996337891,33583,82841,2.0561,-0.2151,2.2712,77.4545,0.02932,0.9325,1.0061,1.079
aw-cql-seed2,cql,176000,13,176000,3ed1d3d909f851cd,-2215.996337891,29838,52509,6.1484,-1.63,7.7784,77.4545,0.10043,0.8887,1.036,1.1658
aw-cql-seed2,cql,176000,14,176000,3ed1d3d909f851cd,-2215.996337891,36307,14110,20.509,-3.8616,24.3706,77.4545,0.31464,0.9276,1.2103,1.3048
aw-cql-seed2,cql,177000,0,177000,68a871f96f73ac7e,-2231.555908203,237311,68413,47.1114,4.9006,42.2108,77.2989,0.54607,0.8412,1.3026,1.5484
aw-cql-seed2,cql,177000,2,177000,68a871f96f73ac7e,-2231.555908203,168808,33814,22.3478,0.1867,22.1611,77.2989,0.28669,0.8864,1.0532,1.1882
aw-cql-seed2,cql,177000,4,177000,68a871f96f73ac7e,-2231.555908203,35214,133999,1.0309,-1.6792,2.7102,77.2989,0.03506,0.8714,0.9635,1.1057
aw-cql-seed2,cql,177000,5,177000,68a871f96f73ac7e,-2231.555908203,40938,30344,7.2742,-4.5209,11.7951,77.2989,0.15259,0.9085,1.0757,1.184
aw-cql-seed2,cql,177000,6,177000,68a871f96f73ac7e,-2231.555908203,51996,11915,13.7294,-5.2261,18.9555,77.2989,0.24522,0.9297,1.1691,1.2574
aw-cql-seed2,cql,177000,7,177000,68a871f96f73ac7e,-2231.555908203,64933,19513,11.4244,-2.1488,13.5732,77.2989,0.17559,0.8988,1.1025,1.2266
aw-cql-seed2,cql,177000,11,177000,68a871f96f73ac7e,-2231.555908203,76763,39227,6.4457,-1.6968,8.1425,77.2989,0.10534,0.9473,1.0449,1.1031
aw-cql-seed2,cql,177000,12,177000,68a871f96f73ac7e,-2231.555908203,33583,82841,1.5019,-0.634,2.136,77.2989,0.02763,0.9313,1.0059,1.08
aw-cql-seed2,cql,177000,13,177000,68a871f96f73ac7e,-2231.555908203,29838,52509,6.9564,-1.9238,8.8801,77.2989,0.11488,0.8823,1.0337,1.1716
aw-cql-seed2,cql,177000,14,177000,68a871f96f73ac7e,-2231.555908203,36307,14110,20.9626,-3.5997,24.5623,77.2989,0.31776,0.9223,1.2087,1.3106
aw-cql-seed2,cql,178000,0,178000,23faf3bd0ca60575,-2248.066650391,237311,68413,46.8455,5.4257,41.4198,76.8183,0.53919,0.8408,1.3042,1.5511
aw-cql-seed2,cql,178000,2,178000,23faf3bd0ca60575,-2248.066650391,168808,33814,22.7062,0.823,21.8832,76.8183,0.28487,0.886,1.0528,1.1882
aw-cql-seed2,cql,178000,4,178000,23faf3bd0ca60575,-2248.066650391,35214,133999,1.4109,-0.7902,2.2011,76.8183,0.02865,0.8743,0.9647,1.1034
aw-cql-seed2,cql,178000,5,178000,23faf3bd0ca60575,-2248.066650391,40938,30344,6.4527,-4.0645,10.5172,76.8183,0.13691,0.9137,1.0781,1.18
aw-cql-seed2,cql,178000,6,178000,23faf3bd0ca60575,-2248.066650391,51996,11915,13.7807,-5.1591,18.9397,76.8183,0.24655,0.9297,1.1716,1.2602
aw-cql-seed2,cql,178000,7,178000,23faf3bd0ca60575,-2248.066650391,64933,19513,11.6034,-1.9497,13.5531,76.8183,0.17643,0.8973,1.1032,1.2295
aw-cql-seed2,cql,178000,11,178000,23faf3bd0ca60575,-2248.066650391,76763,39227,5.9357,-1.8113,7.747,76.8183,0.10085,0.9469,1.0438,1.1023
aw-cql-seed2,cql,178000,12,178000,23faf3bd0ca60575,-2248.066650391,33583,82841,0.8555,-0.6041,1.4595,76.8183,0.019,0.9323,1.0056,1.0786
aw-cql-seed2,cql,178000,13,178000,23faf3bd0ca60575,-2248.066650391,29838,52509,5.9562,-1.7495,7.7057,76.8183,0.10031,0.8879,1.0355,1.1662
aw-cql-seed2,cql,178000,14,178000,23faf3bd0ca60575,-2248.066650391,36307,14110,20.4489,-4.1039,24.5528,76.8183,0.31962,0.9265,1.2099,1.3058
aw-cql-seed2,cql,179000,0,179000,bda9e64df518e54c,-2260.946533203,237311,68413,46.5531,4.8957,41.6574,77.197,0.53963,0.841,1.3037,1.5501
aw-cql-seed2,cql,179000,2,179000,bda9e64df518e54c,-2260.946533203,168808,33814,22.3601,0.3513,22.0087,77.197,0.2851,0.8874,1.0545,1.1883
aw-cql-seed2,cql,179000,4,179000,bda9e64df518e54c,-2260.946533203,35214,133999,1.238,-1.1194,2.3574,77.197,0.03054,0.874,0.965,1.1041
aw-cql-seed2,cql,179000,5,179000,bda9e64df518e54c,-2260.946533203,40938,30344,7.148,-4.1196,11.2676,77.197,0.14596,0.9106,1.0757,1.1813
aw-cql-seed2,cql,179000,6,179000,bda9e64df518e54c,-2260.946533203,51996,11915,13.4385,-5.0653,18.5039,77.197,0.2397,0.929,1.1691,1.2584
aw-cql-seed2,cql,179000,7,179000,bda9e64df518e54c,-2260.946533203,64933,19513,11.2246,-2.8419,14.0665,77.197,0.18222,0.8981,1.103,1.2281
aw-cql-seed2,cql,179000,11,179000,bda9e64df518e54c,-2260.946533203,76763,39227,5.4558,-1.8865,7.3423,77.197,0.09511,0.9481,1.0428,1.0999
aw-cql-seed2,cql,179000,12,179000,bda9e64df518e54c,-2260.946533203,33583,82841,0.4979,-0.7844,1.2823,77.197,0.01661,0.9331,1.0061,1.0782
aw-cql-seed2,cql,179000,13,179000,bda9e64df518e54c,-2260.946533203,29838,52509,6.3911,-1.793,8.1841,77.197,0.10602,0.8866,1.0334,1.1656
aw-cql-seed2,cql,179000,14,179000,bda9e64df518e54c,-2260.946533203,36307,14110,21.6392,-3.8387,25.4779,77.197,0.33004,0.9244,1.2065,1.3052
aw-cql-seed2,cql,180000,0,180000,62b70a340cfb80e6,-2272.053710938,237311,68413,46.5636,4.4819,42.0817,77.294,0.54444,0.8409,1.3027,1.5491
aw-cql-seed2,cql,180000,2,180000,62b70a340cfb80e6,-2272.053710938,168808,33814,22.2325,-0.2144,22.447,77.294,0.29041,0.8879,1.0568,1.1902
aw-cql-seed2,cql,180000,4,180000,62b70a340cfb80e6,-2272.053710938,35214,133999,0.8648,-1.0269,1.8918,77.294,0.02447,0.8734,0.9634,1.1031
aw-cql-seed2,cql,180000,5,180000,62b70a340cfb80e6,-2272.053710938,40938,30344,7.1094,-3.9397,11.0491,77.294,0.14295,0.9097,1.0757,1.1824
aw-cql-seed2,cql,180000,6,180000,62b70a340cfb80e6,-2272.053710938,51996,11915,13.9023,-5.2511,19.1535,77.294,0.2478,0.9295,1.1722,1.2611
aw-cql-seed2,cql,180000,7,180000,62b70a340cfb80e6,-2272.053710938,64933,19513,10.845,-2.4107,13.2557,77.294,0.1715,0.8968,1.1027,1.2296
aw-cql-seed2,cql,180000,11,180000,62b70a340cfb80e6,-2272.053710938,76763,39227,5.6604,-2.0102,7.6705,77.294,0.09924,0.9479,1.0434,1.1008
aw-cql-seed2,cql,180000,12,180000,62b70a340cfb80e6,-2272.053710938,33583,82841,0.9317,-0.716,1.6477,77.294,0.02132,0.9323,1.0061,1.0791
aw-cql-seed2,cql,180000,13,180000,62b70a340cfb80e6,-2272.053710938,29838,52509,5.9173,-1.7496,7.6669,77.294,0.09919,0.8842,1.0325,1.1677
aw-cql-seed2,cql,180000,14,180000,62b70a340cfb80e6,-2272.053710938,36307,14110,20.3977,-4.1964,24.5941,77.294,0.31819,0.924,1.203,1.3019
aw-cql-seed2,cql,181000,0,181000,d79469e7046df984,-2290.169433594,237311,68413,46.9971,4.9132,42.0838,77.5711,0.54252,0.8412,1.3032,1.5493
aw-cql-seed2,cql,181000,2,181000,d79469e7046df984,-2290.169433594,168808,33814,21.9134,0.1443,21.7691,77.5711,0.28063,0.8865,1.0535,1.1884
aw-cql-seed2,cql,181000,4,181000,d79469e7046df984,-2290.169433594,35214,133999,1.1235,-1.0986,2.2221,77.5711,0.02865,0.8741,0.9635,1.1022
aw-cql-seed2,cql,181000,5,181000,d79469e7046df984,-2290.169433594,40938,30344,7.5947,-4.1243,11.719,77.5711,0.15107,0.9103,1.0773,1.1834
aw-cql-seed2,cql,181000,6,181000,d79469e7046df984,-2290.169433594,51996,11915,13.4377,-5.2164,18.6542,77.5711,0.24048,0.9295,1.1731,1.2621
aw-cql-seed2,cql,181000,7,181000,d79469e7046df984,-2290.169433594,64933,19513,11.1319,-2.0812,13.2131,77.5711,0.17034,0.8979,1.1031,1.2286
aw-cql-seed2,cql,181000,11,181000,d79469e7046df984,-2290.169433594,76763,39227,5.449,-1.9571,7.4061,77.5711,0.09548,0.9482,1.0446,1.1017
aw-cql-seed2,cql,181000,12,181000,d79469e7046df984,-2290.169433594,33583,82841,0.4825,-0.7468,1.2293,77.5711,0.01585,0.9336,1.0064,1.0781
aw-cql-seed2,cql,181000,13,181000,d79469e7046df984,-2290.169433594,29838,52509,6.3159,-1.7572,8.0731,77.5711,0.10407,0.8855,1.0327,1.1662
aw-cql-seed2,cql,181000,14,181000,d79469e7046df984,-2290.169433594,36307,14110,21.7962,-4.073,25.8691,77.5711,0.33349,0.9246,1.2076,1.3061
aw-cql-seed2,cql,182000,0,182000,702a46ecdea2d07b,-2305.506591797,237311,68413,46.5296,4.9527,41.5769,76.1492,0.54599,0.8422,1.3082,1.5534
aw-cql-seed2,cql,182000,2,182000,702a46ecdea2d07b,-2305.506591797,168808,33814,22.0092,0.1013,21.9079,76.1492,0.2877,0.8872,1.055,1.1891
aw-cql-seed2,cql,182000,4,182000,702a46ecdea2d07b,-2305.506591797,35214,133999,1.0729,-1.0546,2.1275,76.1492,0.02794,0.8745,0.9646,1.103
aw-cql-seed2,cql,182000,5,182000,702a46ecdea2d07b,-2305.506591797,40938,30344,7.6437,-3.9449,11.5886,76.1492,0.15218,0.9118,1.0782,1.1825
aw-cql-seed2,cql,182000,6,182000,702a46ecdea2d07b,-2305.506591797,51996,11915,13.6175,-4.7625,18.38,76.1492,0.24137,0.9288,1.1725,1.2623
aw-cql-seed2,cql,182000,7,182000,702a46ecdea2d07b,-2305.506591797,64933,19513,11.2015,-2.0033,13.2048,76.1492,0.17341,0.8966,1.1035,1.2307
aw-cql-seed2,cql,182000,11,182000,702a46ecdea2d07b,-2305.506591797,76763,39227,5.6657,-1.8664,7.532,76.1492,0.09891,0.9471,1.0443,1.1026
aw-cql-seed2,cql,182000,12,182000,702a46ecdea2d07b,-2305.506591797,33583,82841,1.2921,-0.5662,1.8583,76.1492,0.0244,0.931,1.0056,1.0801
aw-cql-seed2,cql,182000,13,182000,702a46ecdea2d07b,-2305.506591797,29838,52509,6.4751,-1.7074,8.1825,76.1492,0.10745,0.8854,1.0332,1.167
aw-cql-seed2,cql,182000,14,182000,702a46ecdea2d07b,-2305.506591797,36307,14110,20.8135,-3.5074,24.3209,76.1492,0.31939,0.9284,1.2122,1.3057
aw-cql-seed2,cql,183000,0,183000,3a18238eadfd4326,-2324.061279297,237311,68413,46.5088,4.4961,42.0127,77.0699,0.54512,0.8414,1.3037,1.5495
aw-cql-seed2,cql,183000,2,183000,3a18238eadfd4326,-2324.061279297,168808,33814,22.2328,0.3626,21.8702,77.0699,0.28377,0.8865,1.0567,1.192
aw-cql-seed2,cql,183000,4,183000,3a18238eadfd4326,-2324.061279297,35214,133999,0.3069,-1.1282,1.4351,77.0699,0.01862,0.8748,0.9646,1.1027
aw-cql-seed2,cql,183000,5,183000,3a18238eadfd4326,-2324.061279297,40938,30344,6.3846,-4.5655,10.9501,77.0699,0.14208,0.9107,1.078,1.1837
aw-cql-seed2,cql,183000,6,183000,3a18238eadfd4326,-2324.061279297,51996,11915,14.1377,-5.0885,19.2262,77.0699,0.24946,0.9299,1.17,1.2582
aw-cql-seed2,cql,183000,7,183000,3a18238eadfd4326,-2324.061279297,64933,19513,11.9698,-1.7388,13.7086,77.0699,0.17787,0.8985,1.1061,1.2311
aw-cql-seed2,cql,183000,11,183000,3a18238eadfd4326,-2324.061279297,76763,39227,5.4197,-2.1938,7.6134,77.0699,0.09879,0.9471,1.0438,1.1021
aw-cql-seed2,cql,183000,12,183000,3a18238eadfd4326,-2324.061279297,33583,82841,0.6712,-0.8787,1.5499,77.0699,0.02011,0.9334,1.0059,1.0776
aw-cql-seed2,cql,183000,13,183000,3a18238eadfd4326,-2324.061279297,29838,52509,5.6061,-2.1208,7.7269,77.0699,0.10026,0.8867,1.0347,1.167
aw-cql-seed2,cql,183000,14,183000,3a18238eadfd4326,-2324.061279297,36307,14110,20.8468,-4.2901,25.137,77.0699,0.32616,0.9249,1.2052,1.3032
aw-cql-seed2,cql,184000,0,184000,481a5699dd4ce6db,-2345.161132812,237311,68413,46.6129,4.6037,42.0092,77.2119,0.54408,0.8414,1.2957,1.54
aw-cql-seed2,cql,184000,2,184000,481a5699dd4ce6db,-2345.161132812,168808,33814,22.3744,0.1483,22.2262,77.2119,0.28786,0.8878,1.0529,1.186
aw-cql-seed2,cql,184000,4,184000,481a5699dd4ce6db,-2345.161132812,35214,133999,0.9432,-0.9401,1.8833,77.2119,0.02439,0.873,0.964,1.1043
aw-cql-seed2,cql,184000,5,184000,481a5699dd4ce6db,-2345.161132812,40938,30344,7.5592,-4.1881,11.7474,77.2119,0.15214,0.9088,1.0779,1.1861
aw-cql-seed2,cql,184000,6,184000,481a5699dd4ce6db,-2345.161132812,51996,11915,13.8023,-5.4087,19.2109,77.2119,0.24881,0.9294,1.1756,1.2649
aw-cql-seed2,cql,184000,7,184000,481a5699dd4ce6db,-2345.161132812,64933,19513,10.3598,-2.9157,13.2755,77.2119,0.17194,0.8989,1.1046,1.2288
aw-cql-seed2,cql,184000,11,184000,481a5699dd4ce6db,-2345.161132812,76763,39227,5.0109,-2.5993,7.6102,77.2119,0.09856,0.9476,1.0442,1.1019
aw-cql-seed2,cql,184000,12,184000,481a5699dd4ce6db,-2345.161132812,33583,82841,0.7856,-0.9405,1.7262,77.2119,0.02236,0.9329,1.006,1.0784
aw-cql-seed2,cql,184000,13,184000,481a5699dd4ce6db,-2345.161132812,29838,52509,5.4263,-2.0664,7.4927,77.2119,0.09704,0.8849,1.0337,1.1682
aw-cql-seed2,cql,184000,14,184000,481a5699dd4ce6db,-2345.161132812,36307,14110,21.1878,-3.8876,25.0753,77.2119,0.32476,0.9242,1.2114,1.3108
aw-cql-seed2,cql,185000,0,185000,b77b0c333f8da4b1,-2356.430419922,237311,68413,45.6228,4.5878,41.035,76.4485,0.53677,0.8398,1.2957,1.5429
aw-cql-seed2,cql,185000,2,185000,b77b0c333f8da4b1,-2356.430419922,168808,33814,22.0261,0.2161,21.81,76.4485,0.28529,0.8876,1.056,1.1898
aw-cql-seed2,cql,185000,4,185000,b77b0c333f8da4b1,-2356.430419922,35214,133999,-0.0003,-1.4838,1.4835,76.4485,0.01941,0.8759,0.9653,1.1021
aw-cql-seed2,cql,185000,5,185000,b77b0c333f8da4b1,-2356.430419922,40938,30344,6.2445,-4.36,10.6045,76.4485,0.13871,0.9149,1.0788,1.1792
aw-cql-seed2,cql,185000,6,185000,b77b0c333f8da4b1,-2356.430419922,51996,11915,12.8767,-5.4807,18.3575,76.4485,0.24013,0.9305,1.1696,1.257
aw-cql-seed2,cql,185000,7,185000,b77b0c333f8da4b1,-2356.430419922,64933,19513,11.1503,-2.543,13.6933,76.4485,0.17912,0.8971,1.1009,1.2272
aw-cql-seed2,cql,185000,11,185000,b77b0c333f8da4b1,-2356.430419922,76763,39227,5.1958,-2.2623,7.4581,76.4485,0.09756,0.9478,1.0433,1.1008
aw-cql-seed2,cql,185000,12,185000,b77b0c333f8da4b1,-2356.430419922,33583,82841,1.1317,-0.9405,2.0722,76.4485,0.02711,0.9319,1.0056,1.0791
aw-cql-seed2,cql,185000,13,185000,b77b0c333f8da4b1,-2356.430419922,29838,52509,5.223,-2.3967,7.6197,76.4485,0.09967,0.8894,1.0339,1.1625
aw-cql-seed2,cql,185000,14,185000,b77b0c333f8da4b1,-2356.430419922,36307,14110,20.3121,-4.3498,24.6619,76.4485,0.3226,0.9293,1.2079,1.2998
aw-cql-seed2,cql,186000,0,186000,f59efb66a0684cf5,-2374.172607422,237311,68413,46.0894,4.7733,41.3161,76.0508,0.54327,0.8401,1.2991,1.5464
aw-cql-seed2,cql,186000,2,186000,f59efb66a0684cf5,-2374.172607422,168808,33814,22.2248,0.277,21.9478,76.0508,0.28859,0.887,1.0544,1.1887
aw-cql-seed2,cql,186000,4,186000,f59efb66a0684cf5,-2374.172607422,35214,133999,1.3928,-0.9581,2.3509,76.0508,0.03091,0.8733,0.9652,1.1052
aw-cql-seed2,cql,186000,5,186000,f59efb66a0684cf5,-2374.172607422,40938,30344,7.3976,-3.6987,11.0963,76.0508,0.14591,0.9106,1.0771,1.1828
aw-cql-seed2,cql,186000,6,186000,f59efb66a0684cf5,-2374.172607422,51996,11915,14.4019,-4.6968,19.0987,76.0508,0.25113,0.9299,1.1691,1.2572
aw-cql-seed2,cql,186000,7,186000,f59efb66a0684cf5,-2374.172607422,64933,19513,11.6373,-1.936,13.5734,76.0508,0.17848,0.8967,1.099,1.2256
aw-cql-seed2,cql,186000,11,186000,f59efb66a0684cf5,-2374.172607422,76763,39227,5.7835,-1.9749,7.7583,76.0508,0.10202,0.9472,1.0423,1.1004
aw-cql-seed2,cql,186000,12,186000,f59efb66a0684cf5,-2374.172607422,33583,82841,0.8083,-0.4883,1.2966,76.0508,0.01705,0.9328,1.0059,1.0784
aw-cql-seed2,cql,186000,13,186000,f59efb66a0684cf5,-2374.172607422,29838,52509,4.7315,-1.853,6.5845,76.0508,0.08658,0.8851,1.0343,1.1686
aw-cql-seed2,cql,186000,14,186000,f59efb66a0684cf5,-2374.172607422,36307,14110,20.1033,-4.0995,24.2028,76.0508,0.31824,0.9252,1.2052,1.3027
aw-cql-seed2,cql,187000,0,187000,cd9935a15bbcb3d1,-2385.829345703,237311,68413,45.3366,3.204,42.1326,76.5804,0.55017,0.841,1.2994,1.5452
aw-cql-seed2,cql,187000,2,187000,cd9935a15bbcb3d1,-2385.829345703,168808,33814,22.005,0.1796,21.8254,76.5804,0.285,0.8863,1.0546,1.1899
aw-cql-seed2,cql,187000,4,187000,cd9935a15bbcb3d1,-2385.829345703,35214,133999,-0.528,-1.4039,0.876,76.5804,0.01144,0.8743,0.964,1.1026
aw-cql-seed2,cql,187000,5,187000,cd9935a15bbcb3d1,-2385.829345703,40938,30344,5.5761,-4.5503,10.1264,76.5804,0.13223,0.9087,1.0763,1.1844
aw-cql-seed2,cql,187000,6,187000,cd9935a15bbcb3d1,-2385.829345703,51996,11915,12.7424,-5.3621,18.1045,76.5804,0.23641,0.9276,1.1638,1.2547
aw-cql-seed2,cql,187000,7,187000,cd9935a15bbcb3d1,-2385.829345703,64933,19513,10.3098,-2.6263,12.9361,76.5804,0.16892,0.8972,1.1022,1.2285
aw-cql-seed2,cql,187000,11,187000,cd9935a15bbcb3d1,-2385.829345703,76763,39227,4.9713,-2.4575,7.4288,76.5804,0.09701,0.9475,1.0435,1.1013
aw-cql-seed2,cql,187000,12,187000,cd9935a15bbcb3d1,-2385.829345703,33583,82841,-0.0059,-1.3285,1.3227,76.5804,0.01727,0.932,1.0052,1.0786
aw-cql-seed2,cql,187000,13,187000,cd9935a15bbcb3d1,-2385.829345703,29838,52509,5.0953,-2.4333,7.5287,76.5804,0.09831,0.8846,1.0334,1.1682
aw-cql-seed2,cql,187000,14,187000,cd9935a15bbcb3d1,-2385.829345703,36307,14110,20.1669,-4.4389,24.6058,76.5804,0.32131,0.9233,1.2037,1.3036
aw-cql-seed2,cql,188000,0,188000,e517440e224c0a28,-2402.132080078,237311,68413,46.2094,4.4887,41.7206,76.679,0.5441,0.8403,1.3013,1.5486
aw-cql-seed2,cql,188000,2,188000,e517440e224c0a28,-2402.132080078,168808,33814,22.356,0.2309,22.125,76.679,0.28854,0.8873,1.0548,1.1887
aw-cql-seed2,cql,188000,4,188000,e517440e224c0a28,-2402.132080078,35214,133999,1.1098,-1.4138,2.5236,76.679,0.03291,0.8753,0.9638,1.1012
aw-cql-seed2,cql,188000,5,188000,e517440e224c0a28,-2402.132080078,40938,30344,6.8752,-4.4826,11.3579,76.679,0.14812,0.9104,1.0756,1.1814
aw-cql-seed2,cql,188000,6,188000,e517440e224c0a28,-2402.132080078,51996,11915,13.595,-4.8896,18.4846,76.679,0.24106,0.9297,1.1694,1.2578
aw-cql-seed2,cql,188000,7,188000,e517440e224c0a28,-2402.132080078,64933,19513,10.265,-3.0482,13.3133,76.679,0.17362,0.8973,1.1029,1.2291
aw-cql-seed2,cql,188000,11,188000,e517440e224c0a28,-2402.132080078,76763,39227,5.5158,-2.2659,7.7817,76.679,0.10148,0.9482,1.0443,1.1013
aw-cql-seed2,cql,188000,12,188000,e517440e224c0a28,-2402.132080078,33583,82841,1.3401,-0.7086,2.0487,76.679,0.02672,0.9329,1.0055,1.0778
aw-cql-seed2,cql,188000,13,188000,e517440e224c0a28,-2402.132080078,29838,52509,6.293,-2.0806,8.3736,76.679,0.1092,0.8864,1.0332,1.1656
aw-cql-seed2,cql,188000,14,188000,e517440e224c0a28,-2402.132080078,36307,14110,20.9886,-3.747,24.7356,76.679,0.32259,0.9263,1.2089,1.3052
aw-cql-seed2,cql,189000,0,189000,9b01a9d9a2bf10f2,-2416.666259766,237311,68413,45.9148,3.4629,42.4519,76.7907,0.55283,0.841,1.2999,1.5458
aw-cql-seed2,cql,189000,2,189000,9b01a9d9a2bf10f2,-2416.666259766,168808,33814,21.8983,0.1259,21.7724,76.7907,0.28353,0.8868,1.0545,1.189
aw-cql-seed2,cql,189000,4,189000,9b01a9d9a2bf10f2,-2416.666259766,35214,133999,-0.1375,-1.3719,1.2344,76.7907,0.01607,0.8754,0.9643,1.1016
aw-cql-seed2,cql,189000,5,189000,9b01a9d9a2bf10f2,-2416.666259766,40938,30344,6.4683,-4.2779,10.7462,76.7907,0.13994,0.9153,1.0795,1.1793
aw-cql-seed2,cql,189000,6,189000,9b01a9d9a2bf10f2,-2416.666259766,51996,11915,13.1052,-5.8649,18.9701,76.7907,0.24704,0.9302,1.1701,1.2578
aw-cql-seed2,cql,189000,7,189000,9b01a9d9a2bf10f2,-2416.666259766,64933,19513,10.6415,-3.1287,13.7702,76.7907,0.17932,0.897,1.1007,1.227
aw-cql-seed2,cql,189000,11,189000,9b01a9d9a2bf10f2,-2416.666259766,76763,39227,5.7065,-2.0354,7.742,76.7907,0.10082,0.9474,1.0426,1.1005
aw-cql-seed2,cql,189000,12,189000,9b01a9d9a2bf10f2,-2416.666259766,33583,82841,1.0704,-0.495,1.5655,76.7907,0.02039,0.9331,1.0051,1.0772
aw-cql-seed2,cql,189000,13,189000,9b01a9d9a2bf10f2,-2416.666259766,29838,52509,6.144,-1.9262,8.0703,76.7907,0.10509,0.8886,1.0346,1.1642
aw-cql-seed2,cql,189000,14,189000,9b01a9d9a2bf10f2,-2416.666259766,36307,14110,20.5218,-4.4115,24.9333,76.7907,0.32469,0.9271,1.2064,1.3013
aw-cql-seed2,cql,190000,0,190000,ce24cc996e829720,-2431.940917969,237311,68413,46.6778,5.5108,41.167,77.5525,0.53083,0.8401,1.2986,1.5457
aw-cql-seed2,cql,190000,2,190000,ce24cc996e829720,-2431.940917969,168808,33814,21.2526,-0.2134,21.466,77.5525,0.27679,0.8865,1.0539,1.1888
aw-cql-seed2,cql,190000,4,190000,ce24cc996e829720,-2431.940917969,35214,133999,0.6691,-1.3526,2.0217,77.5525,0.02607,0.8751,0.9648,1.1025
aw-cql-seed2,cql,190000,5,190000,ce24cc996e829720,-2431.940917969,40938,30344,7.1757,-4.144,11.3197,77.5525,0.14596,0.9137,1.0802,1.1823
aw-cql-seed2,cql,190000,6,190000,ce24cc996e829720,-2431.940917969,51996,11915,13.347,-5.1169,18.4639,77.5525,0.23808,0.9294,1.1676,1.2562
aw-cql-seed2,cql,190000,7,190000,ce24cc996e829720,-2431.940917969,64933,19513,10.7041,-2.2828,12.987,77.5525,0.16746,0.8979,1.1027,1.2281
aw-cql-seed2,cql,190000,11,190000,ce24cc996e829720,-2431.940917969,76763,39227,5.0903,-2.422,7.5123,77.5525,0.09687,0.948,1.0438,1.1011
aw-cql-seed2,cql,190000,12,190000,ce24cc996e829720,-2431.940917969,33583,82841,-0.0568,-1.1106,1.0538,77.5525,0.01359,0.9333,1.0057,1.0776
aw-cql-seed2,cql,190000,13,190000,ce24cc996e829720,-2431.940917969,29838,52509,5.1011,-2.3321,7.4332,77.5525,0.09585,0.8885,1.0351,1.165
aw-cql-seed2,cql,190000,14,190000,ce24cc996e829720,-2431.940917969,36307,14110,20.6247,-4.3528,24.9775,77.5525,0.32207,0.9264,1.2078,1.3038
aw-cql-seed2,cql,191000,0,191000,3acca94702d4999e,-2451.868652344,237311,68413,45.351,3.4872,41.8638,76.8506,0.54474,0.8405,1.2942,1.5398
aw-cql-seed2,cql,191000,2,191000,3acca94702d4999e,-2451.868652344,168808,33814,22.1024,0.0445,22.0579,76.8506,0.28702,0.8868,1.0533,1.1877
aw-cql-seed2,cql,191000,4,191000,3acca94702d4999e,-2451.868652344,35214,133999,0.6136,-1.3584,1.972,76.8506,0.02566,0.8769,0.9659,1.1015
aw-cql-seed2,cql,191000,5,191000,3acca94702d4999e,-2451.868652344,40938,30344,5.9235,-4.584,10.5075,76.8506,0.13673,0.9141,1.0805,1.1821
aw-cql-seed2,cql,191000,6,191000,3acca94702d4999e,-2451.868652344,51996,11915,12.4654,-6.0373,18.5027,76.8506,0.24076,0.9308,1.171,1.2581
aw-cql-seed2,cql,191000,7,191000,3acca94702d4999e,-2451.868652344,64933,19513,9.6004,-3.3233,12.9237,76.8506,0.16817,0.8973,1.0999,1.2259
aw-cql-seed2,cql,191000,11,191000,3acca94702d4999e,-2451.868652344,76763,39227,5.0672,-2.4592,7.5264,76.8506,0.09794,0.9482,1.044,1.1011
aw-cql-seed2,cql,191000,12,191000,3acca94702d4999e,-2451.868652344,33583,82841,0.2133,-1.0878,1.3011,76.8506,0.01693,0.9319,1.0053,1.0787
aw-cql-seed2,cql,191000,13,191000,3acca94702d4999e,-2451.868652344,29838,52509,6.1446,-1.9999,8.1444,76.8506,0.10598,0.8881,1.036,1.1665
aw-cql-seed2,cql,191000,14,191000,3acca94702d4999e,-2451.868652344,36307,14110,20.4144,-4.1542,24.5685,76.8506,0.31969,0.9263,1.2085,1.3047
aw-cql-seed2,cql,192000,0,192000,7c5789c649f7ebe0,-2469.265136719,237311,68413,45.2432,3.8914,41.3517,76.7303,0.53892,0.8402,1.2944,1.5407
aw-cql-seed2,cql,192000,2,192000,7c5789c649f7ebe0,-2469.265136719,168808,33814,21.3279,-0.3647,21.6925,76.7303,0.28271,0.8859,1.0533,1.1889
aw-cql-seed2,cql,192000,4,192000,7c5789c649f7ebe0,-2469.265136719,35214,133999,1.0132,-1.2638,2.2769,76.7303,0.02967,0.8734,0.9633,1.103
aw-cql-seed2,cql,192000,5,192000,7c5789c649f7ebe0,-2469.265136719,40938,30344,6.4033,-4.6272,11.0306,76.7303,0.14376,0.9093,1.0756,1.1829
aw-cql-seed2,cql,192000,6,192000,7c5789c649f7ebe0,-2469.265136719,51996,11915,13.3987,-5.3895,18.7881,76.7303,0.24486,0.9299,1.1643,1.252
aw-cql-seed2,cql,192000,7,192000,7c5789c649f7ebe0,-2469.265136719,64933,19513,11.1012,-2.4452,13.5465,76.7303,0.17655,0.8976,1.1006,1.2262
aw-cql-seed2,cql,192000,11,192000,7c5789c649f7ebe0,-2469.265136719,76763,39227,5.2198,-2.4868,7.7067,76.7303,0.10044,0.9488,1.0452,1.1016
aw-cql-seed2,cql,192000,12,192000,7c5789c649f7ebe0,-2469.265136719,33583,82841,0.2477,-1.0628,1.3105,76.7303,0.01708,0.9328,1.0056,1.078
aw-cql-seed2,cql,192000,13,192000,7c5789c649f7ebe0,-2469.265136719,29838,52509,4.9219,-2.544,7.4658,76.7303,0.0973,0.8846,1.0325,1.1672
aw-cql-seed2,cql,192000,14,192000,7c5789c649f7ebe0,-2469.265136719,36307,14110,19.8776,-4.2256,24.1032,76.7303,0.31413,0.9245,1.2031,1.3013
aw-cql-seed2,cql,193000,0,193000,00b7eaf75c3f715a,-2483.750732422,237311,68413,46.0598,3.9451,42.1147,77.0614,0.54651,0.8406,1.2991,1.5455
aw-cql-seed2,cql,193000,2,193000,00b7eaf75c3f715a,-2483.750732422,168808,33814,22.3999,0.4344,21.9655,77.0614,0.28504,0.8865,1.055,1.1901
aw-cql-seed2,cql,193000,4,193000,00b7eaf75c3f715a,-2483.750732422,35214,133999,0.0507,-1.4896,1.5403,77.0614,0.01999,0.8738,0.9636,1.1027
aw-cql-seed2,cql,193000,5,193000,00b7eaf75c3f715a,-2483.750732422,40938,30344,5.8626,-4.3053,10.1679,77.0614,0.13195,0.9102,1.0776,1.184
aw-cql-seed2,cql,193000,6,193000,00b7eaf75c3f715a,-2483.750732422,51996,11915,12.478,-5.6397,18.1177,77.0614,0.23511,0.9292,1.1697,1.2588
aw-cql-seed2,cql,193000,7,193000,00b7eaf75c3f715a,-2483.750732422,64933,19513,9.8198,-3.1008,12.9206,77.0614,0.16767,0.8977,1.102,1.2275
aw-cql-seed2,cql,193000,11,193000,00b7eaf75c3f715a,-2483.750732422,76763,39227,4.9023,-2.3684,7.2707,77.0614,0.09435,0.9468,1.044,1.1027
aw-cql-seed2,cql,193000,12,193000,00b7eaf75c3f715a,-2483.750732422,33583,82841,0.2951,-1.3185,1.6136,77.0614,0.02094,0.9322,1.0052,1.0783
aw-cql-seed2,cql,193000,13,193000,00b7eaf75c3f715a,-2483.750732422,29838,52509,5.1307,-2.375,7.5057,77.0614,0.0974,0.8862,1.033,1.1657
aw-cql-seed2,cql,193000,14,193000,00b7eaf75c3f715a,-2483.750732422,36307,14110,18.6225,-4.7846,23.4071,77.0614,0.30375,0.9233,1.2051,1.3052
aw-cql-seed2,cql,194000,0,194000,d77b75c254f8708d,-2495.665039062,237311,68413,45.1801,2.8489,42.3312,76.7233,0.55174,0.8417,1.3003,1.5448
aw-cql-seed2,cql,194000,2,194000,d77b75c254f8708d,-2495.665039062,168808,33814,21.7778,-0.1534,21.9312,76.7233,0.28585,0.888,1.0535,1.1865
aw-cql-seed2,cql,194000,4,194000,d77b75c254f8708d,-2495.665039062,35214,133999,-0.757,-1.692,0.935,76.7233,0.01219,0.8736,0.9632,1.1025
aw-cql-seed2,cql,194000,5,194000,d77b75c254f8708d,-2495.665039062,40938,30344,5.4391,-4.6174,10.0564,76.7233,0.13107,0.9103,1.0736,1.1794
aw-cql-seed2,cql,194000,6,194000,d77b75c254f8708d,-2495.665039062,51996,11915,12.4281,-5.9132,18.3413,76.7233,0.23906,0.9291,1.1626,1.2513
aw-cql-seed2,cql,194000,7,194000,d77b75c254f8708d,-2495.665039062,64933,19513,9.7666,-3.1712,12.9378,76.7233,0.16863,0.8977,1.1004,1.2258
aw-cql-seed2,cql,194000,11,194000,d77b75c254f8708d,-2495.665039062,76763,39227,5.1848,-2.345,7.5299,76.7233,0.09814,0.9473,1.042,1.0999
aw-cql-seed2,cql,194000,12,194000,d77b75c254f8708d,-2495.665039062,33583,82841,0.4492,-1.0316,1.4808,76.7233,0.0193,0.9319,1.0053,1.0788
aw-cql-seed2,cql,194000,13,194000,d77b75c254f8708d,-2495.665039062,29838,52509,3.6261,-2.5276,6.1536,76.7233,0.08021,0.8878,1.0318,1.1622
aw-cql-seed2,cql,194000,14,194000,d77b75c254f8708d,-2495.665039062,36307,14110,19.0119,-4.8343,23.8463,76.7233,0.31081,0.9222,1.1936,1.2943
aw-cql-seed2,cql,195000,0,195000,7714cad08d8e7198,-2514.220458984,237311,68413,45.9071,3.7536,42.1535,76.3017,0.55246,0.8391,1.2852,1.5317
aw-cql-seed2,cql,195000,2,195000,7714cad08d8e7198,-2514.220458984,168808,33814,22.5061,0.4975,22.0085,76.3017,0.28844,0.8864,1.0514,1.1862
aw-cql-seed2,cql,195000,4,195000,7714cad08d8e7198,-2514.220458984,35214,133999,0.9914,-1.5038,2.4952,76.3017,0.0327,0.8739,0.9638,1.1029
aw-cql-seed2,cql,195000,5,195000,7714cad08d8e7198,-2514.220458984,40938,30344,6.2474,-4.2397,10.487,76.3017,0.13744,0.9094,1.0771,1.1844
aw-cql-seed2,cql,195000,6,195000,7714cad08d8e7198,-2514.220458984,51996,11915,13.3336,-5.8442,19.1778,76.3017,0.25134,0.9283,1.1657,1.2558
aw-cql-seed2,cql,195000,7,195000,7714cad08d8e7198,-2514.220458984,64933,19513,10.5056,-3.1873,13.6928,76.3017,0.17946,0.8974,1.1006,1.2264
aw-cql-seed2,cql,195000,11,195000,7714cad08d8e7198,-2514.220458984,76763,39227,4.834,-2.3327,7.1667,76.3017,0.09393,0.9469,1.0424,1.1009
aw-cql-seed2,cql,195000,12,195000,7714cad08d8e7198,-2514.220458984,33583,82841,-0.4217,-1.3429,0.9212,76.3017,0.01207,0.9322,1.0047,1.0777
aw-cql-seed2,cql,195000,13,195000,7714cad08d8e7198,-2514.220458984,29838,52509,5.6636,-2.2679,7.9315,76.3017,0.10395,0.8849,1.0332,1.1675
aw-cql-seed2,cql,195000,14,195000,7714cad08d8e7198,-2514.220458984,36307,14110,20.773,-4.5419,25.3148,76.3017,0.33177,0.9235,1.2057,1.3056
aw-cql-seed2,cql,196000,0,196000,ef9e9abe23c330b2,-2529.215332031,237311,68413,45.8112,4.1528,41.6584,76.7968,0.54245,0.8403,1.2909,1.5361
aw-cql-seed2,cql,196000,2,196000,ef9e9abe23c330b2,-2529.215332031,168808,33814,22.2898,0.0033,22.2865,76.7968,0.2902,0.8872,1.0528,1.1866
aw-cql-seed2,cql,196000,4,196000,ef9e9abe23c330b2,-2529.215332031,35214,133999,-0.603,-1.6159,1.0129,76.7968,0.01319,0.8741,0.9637,1.1025
aw-cql-seed2,cql,196000,5,196000,ef9e9abe23c330b2,-2529.215332031,40938,30344,5.3748,-4.7688,10.1435,76.7968,0.13208,0.9076,1.0757,1.1853
aw-cql-seed2,cql,196000,6,196000,ef9e9abe23c330b2,-2529.215332031,51996,11915,12.1998,-5.6919,17.8917,76.7968,0.23297,0.927,1.1625,1.254
aw-cql-seed2,cql,196000,7,196000,ef9e9abe23c330b2,-2529.215332031,64933,19513,9.9744,-3.0809,13.0553,76.7968,0.17,0.8974,1.0989,1.2245
aw-cql-seed2,cql,196000,11,196000,ef9e9abe23c330b2,-2529.215332031,76763,39227,5.5476,-2.1014,7.6489,76.7968,0.0996,0.9481,1.0436,1.1008
aw-cql-seed2,cql,196000,12,196000,ef9e9abe23c330b2,-2529.215332031,33583,82841,-0.0835,-1.2172,1.1337,76.7968,0.01476,0.9322,1.0049,1.0781
aw-cql-seed2,cql,196000,13,196000,ef9e9abe23c330b2,-2529.215332031,29838,52509,4.6631,-2.3578,7.021,76.7968,0.09142,0.8833,1.0322,1.1685
aw-cql-seed2,cql,196000,14,196000,ef9e9abe23c330b2,-2529.215332031,36307,14110,20.0605,-4.0129,24.0734,76.7968,0.31347,0.9217,1.2073,1.3099
aw-cql-seed2,cql,197000,0,197000,37c7707fee37f0ec,-2544.736816406,237311,68413,45.2737,3.854,41.4197,76.005,0.54496,0.8396,1.2876,1.5336
aw-cql-seed2,cql,197000,2,197000,37c7707fee37f0ec,-2544.736816406,168808,33814,21.4303,0.0717,21.3586,76.005,0.28102,0.8855,1.0513,1.1873
aw-cql-seed2,cql,197000,4,197000,37c7707fee37f0ec,-2544.736816406,35214,133999,0.2062,-1.556,1.7622,76.005,0.02319,0.8759,0.9649,1.1016
aw-cql-seed2,cql,197000,5,197000,37c7707fee37f0ec,-2544.736816406,40938,30344,5.6722,-4.438,10.1102,76.005,0.13302,0.911,1.0773,1.1825
aw-cql-seed2,cql,197000,6,197000,37c7707fee37f0ec,-2544.736816406,51996,11915,12.9343,-5.616,18.5503,76.005,0.24407,0.9288,1.1665,1.2559
aw-cql-seed2,cql,197000,7,197000,37c7707fee37f0ec,-2544.736816406,64933,19513,9.4142,-2.9988,12.413,76.005,0.16332,0.8964,1.0973,1.2241
aw-cql-seed2,cql,197000,11,197000,37c7707fee37f0ec,-2544.736816406,76763,39227,5.0747,-2.318,7.3926,76.005,0.09727,0.9472,1.0426,1.1007
aw-cql-seed2,cql,197000,12,197000,37c7707fee37f0ec,-2544.736816406,33583,82841,-0.3718,-1.398,1.0262,76.005,0.0135,0.9332,1.0052,1.0771
aw-cql-seed2,cql,197000,13,197000,37c7707fee37f0ec,-2544.736816406,29838,52509,4.6475,-2.3283,6.9758,76.005,0.09178,0.8873,1.0348,1.1661
aw-cql-seed2,cql,197000,14,197000,37c7707fee37f0ec,-2544.736816406,36307,14110,19.8144,-3.8901,23.7046,76.005,0.31188,0.9242,1.211,1.3104
aw-cql-seed2,cql,198000,0,198000,6918eb18deb1c730,-2560.561523438,237311,68413,46.4969,4.2699,42.227,77.5249,0.54469,0.8403,1.2964,1.5427
aw-cql-seed2,cql,198000,2,198000,6918eb18deb1c730,-2560.561523438,168808,33814,22.5885,0.4377,22.1508,77.5249,0.28573,0.8857,1.0539,1.1899
aw-cql-seed2,cql,198000,4,198000,6918eb18deb1c730,-2560.561523438,35214,133999,0.1998,-1.2771,1.4768,77.5249,0.01905,0.8762,0.9646,1.1009
aw-cql-seed2,cql,198000,5,198000,6918eb18deb1c730,-2560.561523438,40938,30344,6.1618,-4.3551,10.5169,77.5249,0.13566,0.9169,1.0782,1.1759
aw-cql-seed2,cql,198000,6,198000,6918eb18deb1c730,-2560.561523438,51996,11915,11.8318,-5.9364,17.7682,77.5249,0.22919,0.9298,1.1642,1.2521
aw-cql-seed2,cql,198000,7,198000,6918eb18deb1c730,-2560.561523438,64933,19513,9.8885,-2.959,12.8476,77.5249,0.16572,0.897,1.0992,1.2255
aw-cql-seed2,cql,198000,11,198000,6918eb18deb1c730,-2560.561523438,76763,39227,4.9487,-2.5867,7.5354,77.5249,0.0972,0.9473,1.0446,1.1028
aw-cql-seed2,cql,198000,12,198000,6918eb18deb1c730,-2560.561523438,33583,82841,-0.3621,-1.366,1.0039,77.5249,0.01295,0.9334,1.0059,1.0777
aw-cql-seed2,cql,198000,13,198000,6918eb18deb1c730,-2560.561523438,29838,52509,4.7461,-2.3303,7.0764,77.5249,0.09128,0.8901,1.0343,1.1621
aw-cql-seed2,cql,198000,14,198000,6918eb18deb1c730,-2560.561523438,36307,14110,19.1322,-4.8356,23.9678,77.5249,0.30916,0.9281,1.2001,1.2932
aw-cql-seed2,cql,199000,0,199000,a39d7b6f0d15156d,-2577.093994141,237311,68413,45.238,3.0038,42.2341,77.1655,0.54732,0.8412,1.3012,1.5468
aw-cql-seed2,cql,199000,2,199000,a39d7b6f0d15156d,-2577.093994141,168808,33814,21.7613,-0.04,21.8013,77.1655,0.28253,0.8866,1.0578,1.1931
aw-cql-seed2,cql,199000,4,199000,a39d7b6f0d15156d,-2577.093994141,35214,133999,0.4384,-1.4534,1.8918,77.1655,0.02452,0.8736,0.9649,1.1045
aw-cql-seed2,cql,199000,5,199000,a39d7b6f0d15156d,-2577.093994141,40938,30344,4.9541,-4.7145,9.6686,77.1655,0.1253,0.9128,1.0789,1.182
aw-cql-seed2,cql,199000,6,199000,a39d7b6f0d15156d,-2577.093994141,51996,11915,12.6554,-6.0871,18.7424,77.1655,0.24289,0.9294,1.1693,1.2581
aw-cql-seed2,cql,199000,7,199000,a39d7b6f0d15156d,-2577.093994141,64933,19513,9.6848,-3.5322,13.217,77.1655,0.17128,0.8965,1.0991,1.226
aw-cql-seed2,cql,199000,11,199000,a39d7b6f0d15156d,-2577.093994141,76763,39227,5.1298,-2.4242,7.554,77.1655,0.09789,0.9471,1.0437,1.1019
aw-cql-seed2,cql,199000,12,199000,a39d7b6f0d15156d,-2577.093994141,33583,82841,0.3008,-0.9723,1.273,77.1655,0.0165,0.9323,1.0057,1.0788
aw-cql-seed2,cql,199000,13,199000,a39d7b6f0d15156d,-2577.093994141,29838,52509,4.142,-2.4699,6.6119,77.1655,0.08568,0.8871,1.035,1.1667
aw-cql-seed2,cql,199000,14,199000,a39d7b6f0d15156d,-2577.093994141,36307,14110,18.727,-4.8373,23.5643,77.1655,0.30537,0.9257,1.2105,1.3077
aw-cql-seed2,cql,200000,0,200000,99ff57807676f6ca,-2596.907714844,237311,68413,45.3331,3.1594,42.1736,76.769,0.54936,0.8408,1.2956,1.541
aw-cql-seed2,cql,200000,2,200000,99ff57807676f6ca,-2596.907714844,168808,33814,21.1471,-0.3854,21.5325,76.769,0.28048,0.8863,1.0548,1.19
aw-cql-seed2,cql,200000,4,200000,99ff57807676f6ca,-2596.907714844,35214,133999,-0.2255,-1.6354,1.4099,76.769,0.01837,0.8726,0.9641,1.1048
aw-cql-seed2,cql,200000,5,200000,99ff57807676f6ca,-2596.907714844,40938,30344,5.243,-4.8865,10.1295,76.769,0.13195,0.9121,1.0789,1.1828
aw-cql-seed2,cql,200000,6,200000,99ff57807676f6ca,-2596.907714844,51996,11915,13.2536,-6.0566,19.3102,76.769,0.25154,0.9317,1.1685,1.2542
aw-cql-seed2,cql,200000,7,200000,99ff57807676f6ca,-2596.907714844,64933,19513,10.3388,-3.4789,13.8176,76.769,0.17999,0.8987,1.1004,1.2245
aw-cql-seed2,cql,200000,11,200000,99ff57807676f6ca,-2596.907714844,76763,39227,5.5942,-2.1062,7.7004,76.769,0.10031,0.947,1.0415,1.0998
aw-cql-seed2,cql,200000,12,200000,99ff57807676f6ca,-2596.907714844,33583,82841,0.2157,-1.1385,1.3542,76.769,0.01764,0.9312,1.0045,1.0787
aw-cql-seed2,cql,200000,13,200000,99ff57807676f6ca,-2596.907714844,29838,52509,4.4991,-2.3745,6.8736,76.769,0.08954,0.8864,1.0341,1.1667
aw-cql-seed2,cql,200000,14,200000,99ff57807676f6ca,-2596.907714844,36307,14110,19.1733,-4.7329,23.9062,76.769,0.3114,0.9261,1.2091,1.3055
aw-cql-seed2,cql,201000,0,201000,816fc80ac32e52fa,-2608.908203125,237311,68413,45.2638,3.9382,41.3256,76.4088,0.54085,0.8411,1.2951,1.5399
aw-cql-seed2,cql,201000,2,201000,816fc80ac32e52fa,-2608.908203125,168808,33814,21.6861,-0.1169,21.803,76.4088,0.28535,0.8868,1.0549,1.1895
aw-cql-seed2,cql,201000,4,201000,816fc80ac32e52fa,-2608.908203125,35214,133999,-0.6952,-1.3936,0.6984,76.4088,0.00914,0.8759,0.9645,1.1012
aw-cql-seed2,cql,201000,5,201000,816fc80ac32e52fa,-2608.908203125,40938,30344,5.0035,-4.8116,9.8151,76.4088,0.12846,0.9151,1.0775,1.1774
aw-cql-seed2,cql,201000,6,201000,816fc80ac32e52fa,-2608.908203125,51996,11915,13.047,-5.5808,18.6278,76.4088,0.24379,0.9305,1.1681,1.2553
aw-cql-seed2,cql,201000,7,201000,816fc80ac32e52fa,-2608.908203125,64933,19513,10.613,-2.4312,13.0442,76.4088,0.17072,0.8969,1.1002,1.2267
aw-cql-seed2,cql,201000,11,201000,816fc80ac32e52fa,-2608.908203125,76763,39227,4.4713,-2.4685,6.9398,76.4088,0.09082,0.9472,1.0423,1.1004
aw-cql-seed2,cql,201000,12,201000,816fc80ac32e52fa,-2608.908203125,33583,82841,-0.365,-1.1624,0.7974,76.4088,0.01044,0.9337,1.0055,1.0769
aw-cql-seed2,cql,201000,13,201000,816fc80ac32e52fa,-2608.908203125,29838,52509,4.0961,-2.5519,6.648,76.4088,0.08701,0.8908,1.0342,1.161
aw-cql-seed2,cql,201000,14,201000,816fc80ac32e52fa,-2608.908203125,36307,14110,19.944,-4.3923,24.3363,76.4088,0.3185,0.9279,1.2077,1.3015
aw-cql-seed2,cql,202000,0,202000,b445fc90a90f6bf0,-2626.365478516,237311,68413,45.2826,3.5009,41.7817,76.1995,0.54832,0.8404,1.2958,1.5419
aw-cql-seed2,cql,202000,2,202000,b445fc90a90f6bf0,-2626.365478516,168808,33814,22.0234,0.1051,21.9184,76.1995,0.28764,0.8861,1.0538,1.1893
aw-cql-seed2,cql,202000,4,202000,b445fc90a90f6bf0,-2626.365478516,35214,133999,0.2068,-1.1264,1.3332,76.1995,0.0175,0.872,0.963,1.1044
aw-cql-seed2,cql,202000,5,202000,b445fc90a90f6bf0,-2626.365478516,40938,30344,5.5072,-4.3645,9.8717,76.1995,0.12955,0.9095,1.076,1.183
aw-cql-seed2,cql,202000,6,202000,b445fc90a90f6bf0,-2626.365478516,51996,11915,12.1759,-6.0628,18.2386,76.1995,0.23935,0.9285,1.1612,1.2506
aw-cql-seed2,cql,202000,7,202000,b445fc90a90f6bf0,-2626.365478516,64933,19513,9.6535,-3.2748,12.9283,76.1995,0.16966,0.8971,1.0986,1.2245
aw-cql-seed2,cql,202000,11,202000,b445fc90a90f6bf0,-2626.365478516,76763,39227,4.4461,-2.573,7.0191,76.1995,0.09211,0.9476,1.0428,1.1005
aw-cql-seed2,cql,202000,12,202000,b445fc90a90f6bf0,-2626.365478516,33583,82841,0.0934,-1.1025,1.1959,76.1995,0.01569,0.9323,1.0052,1.0782
aw-cql-seed2,cql,202000,13,202000,b445fc90a90f6bf0,-2626.365478516,29838,52509,5.2267,-2.0574,7.2841,76.1995,0.09559,0.8857,1.033,1.1663
aw-cql-seed2,cql,202000,14,202000,b445fc90a90f6bf0,-2626.365478516,36307,14110,19.973,-4.3713,24.3443,76.1995,0.31948,0.9246,1.2029,1.301
aw-cql-seed2,cql,203000,0,203000,835152b1bc1091fd,-2635.865478516,237311,68413,45.2123,2.8275,42.3848,77.8036,0.54477,0.8419,1.2991,1.543
aw-cql-seed2,cql,203000,2,203000,835152b1bc1091fd,-2635.865478516,168808,33814,21.4176,-0.191,21.6086,77.8036,0.27773,0.8867,1.0522,1.1866
aw-cql-seed2,cql,203000,4,203000,835152b1bc1091fd,-2635.865478516,35214,133999,-0.2695,-1.3136,1.044,77.8036,0.01342,0.8755,0.9643,1.1015
aw-cql-seed2,cql,203000,5,203000,835152b1bc1091fd,-2635.865478516,40938,30344,5.3435,-4.4341,9.7777,77.8036,0.12567,0.9108,1.0755,1.1808
aw-cql-seed2,cql,203000,6,203000,835152b1bc1091fd,-2635.865478516,51996,11915,12.7802,-5.9678,18.748,77.8036,0.24097,0.9301,1.1624,1.2497
aw-cql-seed2,cql,203000,7,203000,835152b1bc1091fd,-2635.865478516,64933,19513,10.0712,-3.0497,13.1209,77.8036,0.16864,0.8975,1.0982,1.2236
aw-cql-seed2,cql,203000,11,203000,835152b1bc1091fd,-2635.865478516,76763,39227,4.5913,-2.632,7.2232,77.8036,0.09284,0.9473,1.0431,1.1011
aw-cql-seed2,cql,203000,12,203000,835152b1bc1091fd,-2635.865478516,33583,82841,-0.1414,-1.0936,0.9522,77.8036,0.01224,0.9345,1.0067,1.0773
aw-cql-seed2,cql,203000,13,203000,835152b1bc1091fd,-2635.865478516,29838,52509,3.9798,-2.3758,6.3556,77.8036,0.08169,0.8884,1.0344,1.1643
aw-cql-seed2,cql,203000,14,203000,835152b1bc1091fd,-2635.865478516,36307,14110,19.2696,-4.5789,23.8485,77.8036,0.30652,0.9264,1.2037,1.2992
aw-cql-seed2,cql,204000,0,204000,146159c7b5b2550e,-2651.795166016,237311,68413,44.9107,2.4838,42.4269,76.9451,0.55139,0.8416,1.3004,1.5451
aw-cql-seed2,cql,204000,2,204000,146159c7b5b2550e,-2651.795166016,168808,33814,21.2531,-0.1263,21.3794,76.9451,0.27785,0.8862,1.0517,1.1867
aw-cql-seed2,cql,204000,4,204000,146159c7b5b2550e,-2651.795166016,35214,133999,-0.4824,-1.4647,0.9823,76.9451,0.01277,0.8748,0.9651,1.1032
aw-cql-seed2,cql,204000,5,204000,146159c7b5b2550e,-2651.795166016,40938,30344,5.3693,-4.6671,10.0364,76.9451,0.13044,0.9113,1.0791,1.1841
aw-cql-seed2,cql,204000,6,204000,146159c7b5b2550e,-2651.795166016,51996,11915,12.8615,-5.8746,18.7361,76.9451,0.2435,0.9295,1.1662,1.2547
aw-cql-seed2,cql,204000,7,204000,146159c7b5b2550e,-2651.795166016,64933,19513,9.9035,-3.5516,13.4551,76.9451,0.17487,0.898,1.1001,1.2252
aw-cql-seed2,cql,204000,11,204000,146159c7b5b2550e,-2651.795166016,76763,39227,4.6652,-2.5217,7.187,76.9451,0.0934,0.9467,1.0436,1.1023
aw-cql-seed2,cql,204000,12,204000,146159c7b5b2550e,-2651.795166016,33583,82841,-1.0017,-1.6147,0.613,76.9451,0.00797,0.9344,1.0063,1.0769
aw-cql-seed2,cql,204000,13,204000,146159c7b5b2550e,-2651.795166016,29838,52509,4.9967,-2.2867,7.2834,76.9451,0.09466,0.8884,1.0336,1.1633
aw-cql-seed2,cql,204000,14,204000,146159c7b5b2550e,-2651.795166016,36307,14110,18.9411,-4.6865,23.6275,76.9451,0.30707,0.9251,1.1975,1.2945
aw-cql-seed2,cql,205000,0,205000,b37c199040bc0895,-2666.966064453,237311,68413,45.4636,4.3167,41.1469,76.1137,0.5406,0.8398,1.2944,1.5414
aw-cql-seed2,cql,205000,2,205000,b37c199040bc0895,-2666.966064453,168808,33814,21.3593,0.1339,21.2254,76.1137,0.27886,0.8865,1.0534,1.1882
aw-cql-seed2,cql,205000,4,205000,b37c199040bc0895,-2666.966064453,35214,133999,-0.3044,-0.9471,0.6426,76.1137,0.00844,0.8763,0.9644,1.1005
aw-cql-seed2,cql,205000,5,205000,b37c199040bc0895,-2666.966064453,40938,30344,6.158,-4.3326,10.4906,76.1137,0.13783,0.9128,1.0775,1.1805
aw-cql-seed2,cql,205000,6,205000,b37c199040bc0895,-2666.966064453,51996,11915,13.1157,-5.5068,18.6225,76.1137,0.24467,0.928,1.1614,1.2515
aw-cql-seed2,cql,205000,7,205000,b37c199040bc0895,-2666.966064453,64933,19513,10.7685,-2.3799,13.1484,76.1137,0.17275,0.8975,1.1009,1.2266
aw-cql-seed2,cql,205000,11,205000,b37c199040bc0895,-2666.966064453,76763,39227,4.8501,-2.188,7.0381,76.1137,0.09247,0.9466,1.0422,1.101
aw-cql-seed2,cql,205000,12,205000,b37c199040bc0895,-2666.966064453,33583,82841,-0.5485,-0.9858,0.4373,76.1137,0.00575,0.9335,1.0054,1.0769
aw-cql-seed2,cql,205000,13,205000,b37c199040bc0895,-2666.966064453,29838,52509,4.3508,-2.09,6.4408,76.1137,0.08462,0.8904,1.0331,1.1602
aw-cql-seed2,cql,205000,14,205000,b37c199040bc0895,-2666.966064453,36307,14110,19.7359,-4.3052,24.041,76.1137,0.31586,0.9243,1.198,1.2961
aw-cql-seed2,cql,206000,0,206000,bebe6f845674cf35,-2689.98046875,237311,68413,44.7164,3.0149,41.7015,76.9523,0.54191,0.8404,1.2997,1.5465
aw-cql-seed2,cql,206000,2,206000,bebe6f845674cf35,-2689.98046875,168808,33814,21.0417,-0.2681,21.3098,76.9523,0.27692,0.8862,1.0524,1.1876
aw-cql-seed2,cql,206000,4,206000,bebe6f845674cf35,-2689.98046875,35214,133999,-0.9686,-1.1437,0.1751,76.9523,0.00228,0.8741,0.9632,1.1019
aw-cql-seed2,cql,206000,5,206000,bebe6f845674cf35,-2689.98046875,40938,30344,4.6004,-4.4169,9.0172,76.9523,0.11718,0.9104,1.076,1.1819
aw-cql-seed2,cql,206000,6,206000,bebe6f845674cf35,-2689.98046875,51996,11915,12.2924,-5.4899,17.7823,76.9523,0.23108,0.9289,1.1633,1.2523
aw-cql-seed2,cql,206000,7,206000,bebe6f845674cf35,-2689.98046875,64933,19513,9.6763,-2.8704,12.5467,76.9523,0.16305,0.8983,1.1024,1.2272
aw-cql-seed2,cql,206000,11,206000,bebe6f845674cf35,-2689.98046875,76763,39227,4.5514,-2.563,7.1144,76.9523,0.09245,0.9465,1.0425,1.1014
aw-cql-seed2,cql,206000,12,206000,bebe6f845674cf35,-2689.98046875,33583,82841,-1.1133,-1.3316,0.2183,76.9523,0.00284,0.9334,1.0052,1.0769
aw-cql-seed2,cql,206000,13,206000,bebe6f845674cf35,-2689.98046875,29838,52509,3.5753,-2.091,5.6663,76.9523,0.07363,0.8856,1.0322,1.1656
aw-cql-seed2,cql,206000,14,206000,bebe6f845674cf35,-2689.98046875,36307,14110,19.0806,-4.5845,23.6651,76.9523,0.30753,0.9234,1.2022,1.302
aw-cql-seed2,cql,207000,0,207000,0b4f5c09f55edf0b,-2706.660400391,237311,68413,44.8745,2.8644,42.01,76.7581,0.5473,0.8417,1.3006,1.5453
aw-cql-seed2,cql,207000,2,207000,0b4f5c09f55edf0b,-2706.660400391,168808,33814,20.8816,-0.3497,21.2313,76.7581,0.2766,0.8865,1.0538,1.1888
aw-cql-seed2,cql,207000,4,207000,0b4f5c09f55edf0b,-2706.660400391,35214,133999,-0.4519,-1.1142,0.6623,76.7581,0.00863,0.874,0.9642,1.1032
aw-cql-seed2,cql,207000,5,207000,0b4f5c09f55edf0b,-2706.660400391,40938,30344,5.3426,-4.1131,9.4557,76.7581,0.12319,0.9118,1.0787,1.1831
aw-cql-seed2,cql,207000,6,207000,0b4f5c09f55edf0b,-2706.660400391,51996,11915,12.8663,-5.1605,18.0269,76.7581,0.23485,0.9316,1.1675,1.2532
aw-cql-seed2,cql,207000,7,207000,0b4f5c09f55edf0b,-2706.660400391,64933,19513,10.1333,-2.977,13.1104,76.7581,0.1708,0.8975,1.1015,1.2273
aw-cql-seed2,cql,207000,11,207000,0b4f5c09f55edf0b,-2706.660400391,76763,39227,4.2616,-2.5722,6.8338,76.7581,0.08903,0.9465,1.0419,1.1008
aw-cql-seed2,cql,207000,12,207000,0b4f5c09f55edf0b,-2706.660400391,33583,82841,-0.1799,-0.9925,0.8126,76.7581,0.01059,0.9327,1.0046,1.0771
aw-cql-seed2,cql,207000,13,207000,0b4f5c09f55edf0b,-2706.660400391,29838,52509,4.6831,-1.9371,6.6202,76.7581,0.08625,0.8872,1.0343,1.1658
aw-cql-seed2,cql,207000,14,207000,0b4f5c09f55edf0b,-2706.660400391,36307,14110,19.7697,-3.8774,23.6471,76.7581,0.30807,0.9265,1.2046,1.3001
aw-cql-seed2,cql,208000,0,208000,7846b1b01f7c676d,-2724.353515625,237311,68413,44.6552,3.031,41.6241,76.5718,0.5436,0.8412,1.2991,1.5444
aw-cql-seed2,cql,208000,2,208000,7846b1b01f7c676d,-2724.353515625,168808,33814,21.6557,0.1993,21.4564,76.5718,0.28021,0.8865,1.055,1.1901
aw-cql-seed2,cql,208000,4,208000,7846b1b01f7c676d,-2724.353515625,35214,133999,-0.1086,-0.7537,0.645,76.5718,0.00842,0.8752,0.9643,1.1018
aw-cql-seed2,cql,208000,5,208000,7846b1b01f7c676d,-2724.353515625,40938,30344,5.917,-4.0385,9.9555,76.5718,0.13001,0.911,1.0782,1.1836
aw-cql-seed2,cql,208000,6,208000,7846b1b01f7c676d,-2724.353515625,51996,11915,12.7078,-5.5659,18.2737,76.5718,0.23865,0.9297,1.1629,1.2508
aw-cql-seed2,cql,208000,7,208000,7846b1b01f7c676d,-2724.353515625,64933,19513,9.9787,-2.9922,12.9709,76.5718,0.1694,0.8968,1.0996,1.2262
aw-cql-seed2,cql,208000,11,208000,7846b1b01f7c676d,-2724.353515625,76763,39227,4.8126,-2.2291,7.0417,76.5718,0.09196,0.9467,1.0414,1.1001
aw-cql-seed2,cql,208000,12,208000,7846b1b01f7c676d,-2724.353515625,33583,82841,-0.23,-0.8469,0.6169,76.5718,0.00806,0.9332,1.0056,1.0776
aw-cql-seed2,cql,208000,13,208000,7846b1b01f7c676d,-2724.353515625,29838,52509,5.0148,-1.6223,6.6371,76.5718,0.08668,0.8893,1.0343,1.1631
aw-cql-seed2,cql,208000,14,208000,7846b1b01f7c676d,-2724.353515625,36307,14110,19.6218,-4.0575,23.6793,76.5718,0.30924,0.927,1.2042,1.299
aw-cql-seed2,cql,209000,0,209000,6e5c11347c2f27af,-2742.596191406,237311,68413,44.4885,2.6565,41.832,76.0201,0.55028,0.8401,1.2895,1.535
aw-cql-seed2,cql,209000,2,209000,6e5c11347c2f27af,-2742.596191406,168808,33814,21.0705,-0.5589,21.6294,76.0201,0.28452,0.8863,1.052,1.187
aw-cql-seed2,cql,209000,4,209000,6e5c11347c2f27af,-2742.596191406,35214,133999,-0.2773,-1.5159,1.2386,76.0201,0.01629,0.8756,0.9648,1.1018
aw-cql-seed2,cql,209000,5,209000,6e5c11347c2f27af,-2742.596191406,40938,30344,5.6623,-4.5272,10.1895,76.0201,0.13404,0.9092,1.078,1.1856
aw-cql-seed2,cql,209000,6,209000,6e5c11347c2f27af,-2742.596191406,51996,11915,12.3743,-6.0703,18.4446,76.0201,0.24263,0.9271,1.159,1.2501
aw-cql-seed2,cql,209000,7,209000,6e5c11347c2f27af,-2742.596191406,64933,19513,9.8269,-3.4036,13.2305,76.0201,0.17404,0.8973,1.0995,1.2254
aw-cql-seed2,cql,209000,11,209000,6e5c11347c2f27af,-2742.596191406,76763,39227,4.7175,-2.4868,7.2043,76.0201,0.09477,0.9467,1.0423,1.101
aw-cql-seed2,cql,209000,12,209000,6e5c11347c2f27af,-2742.596191406,33583,82841,0.1432,-1.1651,1.3083,76.0201,0.01721,0.9334,1.0051,1.0769
aw-cql-seed2,cql,209000,13,209000,6e5c11347c2f27af,-2742.596191406,29838,52509,5.2852,-2.2494,7.5346,76.0201,0.09911,0.8858,1.0338,1.1671
aw-cql-seed2,cql,209000,14,209000,6e5c11347c2f27af,-2742.596191406,36307,14110,19.2536,-4.7232,23.9768,76.0201,0.3154,0.9226,1.2031,1.304
aw-cql-seed2,cql,210000,0,210000,0ce12ae7c24a080b,-2757.656494141,237311,68413,44.1218,2.693,41.4287,75.3019,0.55017,0.8397,1.292,1.5386
aw-cql-seed2,cql,210000,2,210000,0ce12ae7c24a080b,-2757.656494141,168808,33814,21.6275,-0.3566,21.984,75.3019,0.29195,0.8869,1.0553,1.1899
aw-cql-seed2,cql,210000,4,210000,0ce12ae7c24a080b,-2757.656494141,35214,133999,-0.3682,-1.3202,0.9521,75.3019,0.01264,0.8742,0.9628,1.1013
aw-cql-seed2,cql,210000,5,210000,0ce12ae7c24a080b,-2757.656494141,40938,30344,5.6009,-4.2666,9.8675,75.3019,0.13104,0.9078,1.0768,1.1862
aw-cql-seed2,cql,210000,6,210000,0ce12ae7c24a080b,-2757.656494141,51996,11915,12.5243,-5.6515,18.1758,75.3019,0.24137,0.9277,1.1656,1.2565
aw-cql-seed2,cql,210000,7,210000,0ce12ae7c24a080b,-2757.656494141,64933,19513,9.2195,-3.4921,12.7116,75.3019,0.16881,0.8979,1.0992,1.2241
aw-cql-seed2,cql,210000,11,210000,0ce12ae7c24a080b,-2757.656494141,76763,39227,4.0339,-2.745,6.7789,75.3019,0.09002,0.947,1.0427,1.101
aw-cql-seed2,cql,210000,12,210000,0ce12ae7c24a080b,-2757.656494141,33583,82841,-0.2567,-1.1339,0.8772,75.3019,0.01165,0.9326,1.0049,1.0775
aw-cql-seed2,cql,210000,13,210000,0ce12ae7c24a080b,-2757.656494141,29838,52509,4.9053,-2.0647,6.97,75.3019,0.09256,0.8836,1.0324,1.1683
aw-cql-seed2,cql,210000,14,210000,0ce12ae7c24a080b,-2757.656494141,36307,14110,19.723,-4.4445,24.1675,75.3019,0.32094,0.9218,1.2067,1.3091
aw-cql-seed2,cql,211000,0,211000,0f9673d4cc5bb28e,-2779.171386719,237311,68413,44.5443,3.0906,41.4537,76.7213,0.54032,0.8405,1.2937,1.5393
aw-cql-seed2,cql,211000,2,211000,0f9673d4cc5bb28e,-2779.171386719,168808,33814,21.3424,-0.4253,21.7677,76.7213,0.28372,0.8866,1.0536,1.1884
aw-cql-seed2,cql,211000,4,211000,0f9673d4cc5bb28e,-2779.171386719,35214,133999,-0.9683,-1.6165,0.6482,76.7213,0.00845,0.8744,0.9631,1.1015
aw-cql-seed2,cql,211000,5,211000,0f9673d4cc5bb28e,-2779.171386719,40938,30344,4.6739,-4.7451,9.4191,76.7213,0.12277,0.9124,1.0766,1.1799
aw-cql-seed2,cql,211000,6,211000,0f9673d4cc5bb28e,-2779.171386719,51996,11915,11.8938,-6.2767,18.1704,76.7213,0.23684,0.9276,1.162,1.2528
aw-cql-seed2,cql,211000,7,211000,0f9673d4cc5bb28e,-2779.171386719,64933,19513,9.5833,-3.4688,13.0522,76.7213,0.17012,0.8957,1.097,1.2247
aw-cql-seed2,cql,211000,11,211000,0f9673d4cc5bb28e,-2779.171386719,76763,39227,4.959,-2.3709,7.3299,76.7213,0.09554,0.9464,1.0432,1.1023
aw-cql-seed2,cql,211000,12,211000,0f9673d4cc5bb28e,-2779.171386719,33583,82841,-0.9611,-1.4619,0.5007,76.7213,0.00653,0.9328,1.0055,1.0779
aw-cql-seed2,cql,211000,13,211000,0f9673d4cc5bb28e,-2779.171386719,29838,52509,3.5707,-2.5799,6.1507,76.7213,0.08017,0.8865,1.0327,1.1649
aw-cql-seed2,cql,211000,14,211000,0f9673d4cc5bb28e,-2779.171386719,36307,14110,18.5234,-4.8471,23.3705,76.7213,0.30462,0.9233,1.2041,1.304
aw-cql-seed2,cql,212000,0,212000,9932b10dec8de686,-2794.383056641,237311,68413,44.4625,3.0382,41.4243,75.7544,0.54682,0.84,1.2894,1.535
aw-cql-seed2,cql,212000,2,212000,9932b10dec8de686,-2794.383056641,168808,33814,21.3428,-0.3739,21.7168,75.7544,0.28667,0.8857,1.0511,1.1867
aw-cql-seed2,cql,212000,4,212000,9932b10dec8de686,-2794.383056641,35214,133999,-0.7773,-1.2387,0.4613,75.7544,0.00609,0.8758,0.9639,1.1005
aw-cql-seed2,cql,212000,5,212000,9932b10dec8de686,-2794.383056641,40938,30344,4.3027,-4.8354,9.1381,75.7544,0.12063,0.9118,1.0797,1.1841
aw-cql-seed2,cql,212000,6,212000,9932b10dec8de686,-2794.383056641,51996,11915,11.9775,-5.8915,17.869,75.7544,0.23588,0.9291,1.1643,1.2531
aw-cql-seed2,cql,212000,7,212000,9932b10dec8de686,-2794.383056641,64933,19513,9.6356,-3.2881,12.9237,75.7544,0.1706,0.8977,1.0993,1.2246
aw-cql-seed2,cql,212000,11,212000,9932b10dec8de686,-2794.383056641,76763,39227,5.1675,-2.2613,7.4287,75.7544,0.09806,0.9468,1.0429,1.1015
aw-cql-seed2,cql,212000,12,212000,9932b10dec8de686,-2794.383056641,33583,82841,-0.0393,-1.2353,1.196,75.7544,0.01579,0.9323,1.0048,1.0778
aw-cql-seed2,cql,212000,13,212000,9932b10dec8de686,-2794.383056641,29838,52509,3.8811,-2.2118,6.0929,75.7544,0.08043,0.8878,1.034,1.1647
aw-cql-seed2,cql,212000,14,212000,9932b10dec8de686,-2794.383056641,36307,14110,18.4928,-4.5715,23.0642,75.7544,0.30446,0.9255,1.2066,1.3038
aw-cql-seed2,cql,213000,0,213000,6ad241b04b0030f3,-2806.730224609,237311,68413,44.4937,2.4084,42.0853,77.1996,0.54515,0.8422,1.301,1.5448
aw-cql-seed2,cql,213000,2,213000,6ad241b04b0030f3,-2806.730224609,168808,33814,21.7115,-0.2815,21.993,77.1996,0.28488,0.8857,1.0533,1.1892
aw-cql-seed2,cql,213000,4,213000,6ad241b04b0030f3,-2806.730224609,35214,133999,-0.7666,-1.7515,0.9848,77.1996,0.01276,0.8751,0.9629,1.1003
aw-cql-seed2,cql,213000,5,213000,6ad241b04b0030f3,-2806.730224609,40938,30344,5.1066,-4.954,10.0606,77.1996,0.13032,0.9133,1.0754,1.1775
aw-cql-seed2,cql,213000,6,213000,6ad241b04b0030f3,-2806.730224609,51996,11915,12.8478,-6.1635,19.0113,77.1996,0.24626,0.9302,1.1603,1.2474
aw-cql-seed2,cql,213000,7,213000,6ad241b04b0030f3,-2806.730224609,64933,19513,9.8208,-3.2225,13.0433,77.1996,0.16896,0.8982,1.1,1.2246
aw-cql-seed2,cql,213000,11,213000,6ad241b04b0030f3,-2806.730224609,76763,39227,4.7063,-2.4956,7.2018,77.1996,0.09329,0.9473,1.0427,1.1006
aw-cql-seed2,cql,213000,12,213000,6ad241b04b0030f3,-2806.730224609,33583,82841,-0.4551,-1.2983,0.8431,77.1996,0.01092,0.9336,1.0051,1.0766
aw-cql-seed2,cql,213000,13,213000,6ad241b04b0030f3,-2806.730224609,29838,52509,3.5624,-2.572,6.1344,77.1996,0.07946,0.8898,1.0317,1.1596
aw-cql-seed2,cql,213000,14,213000,6ad241b04b0030f3,-2806.730224609,36307,14110,18.969,-5.0248,23.9938,77.1996,0.3108,0.9262,1.1944,1.2896
aw-cql-seed2,cql,214000,0,214000,2c27ee9eee7daec6,-2827.218505859,237311,68413,44.5886,2.469,42.1196,76.6461,0.54953,0.8408,1.2934,1.5382
aw-cql-seed2,cql,214000,2,214000,2c27ee9eee7daec6,-2827.218505859,168808,33814,21.277,-0.3617,21.6388,76.6461,0.28232,0.8869,1.0528,1.187
aw-cql-seed2,cql,214000,4,214000,2c27ee9eee7daec6,-2827.218505859,35214,133999,-0.4019,-1.5631,1.1612,76.6461,0.01515,0.8742,0.9638,1.1025
aw-cql-seed2,cql,214000,5,214000,2c27ee9eee7daec6,-2827.218505859,40938,30344,5.7571,-4.5542,10.3114,76.6461,0.13453,0.9102,1.0758,1.1819
aw-cql-seed2,cql,214000,6,214000,2c27ee9eee7daec6,-2827.218505859,51996,11915,12.408,-5.5501,17.9581,76.6461,0.2343,0.9296,1.1599,1.2477
aw-cql-seed2,cql,214000,7,214000,2c27ee9eee7daec6,-2827.218505859,64933,19513,9.3241,-3.127,12.4511,76.6461,0.16245,0.8975,1.0993,1.2249
aw-cql-seed2,cql,214000,11,214000,2c27ee9eee7daec6,-2827.218505859,76763,39227,4.1349,-2.5319,6.6667,76.6461,0.08698,0.9476,1.0432,1.1008
aw-cql-seed2,cql,214000,12,214000,2c27ee9eee7daec6,-2827.218505859,33583,82841,-0.4625,-1.3481,0.8856,76.6461,0.01155,0.933,1.005,1.0772
aw-cql-seed2,cql,214000,13,214000,2c27ee9eee7daec6,-2827.218505859,29838,52509,5.4374,-2.326,7.7634,76.6461,0.10129,0.8886,1.033,1.1624
aw-cql-seed2,cql,214000,14,214000,2c27ee9eee7daec6,-2827.218505859,36307,14110,20.8619,-3.9909,24.8528,76.6461,0.32425,0.9251,1.1982,1.2952
aw-cql-seed2,cql,215000,0,215000,a2cc0c44fe4923fa,-2843.650146484,237311,68413,44.1765,2.5473,41.6292,76.4221,0.54473,0.8409,1.2987,1.5444
aw-cql-seed2,cql,215000,2,215000,a2cc0c44fe4923fa,-2843.650146484,168808,33814,21.2064,-0.0785,21.2849,76.4221,0.27852,0.8859,1.0524,1.188
aw-cql-seed2,cql,215000,4,215000,a2cc0c44fe4923fa,-2843.650146484,35214,133999,-1.0434,-1.5745,0.5312,76.4221,0.00695,0.8732,0.9634,1.1032
aw-cql-seed2,cql,215000,5,215000,a2cc0c44fe4923fa,-2843.650146484,40938,30344,5.5558,-4.572,10.1278,76.4221,0.13252,0.909,1.0742,1.1818
aw-cql-seed2,cql,215000,6,215000,a2cc0c44fe4923fa,-2843.650146484,51996,11915,13.4783,-5.7692,19.2475,76.4221,0.25186,0.9287,1.1615,1.2506
aw-cql-seed2,cql,215000,7,215000,a2cc0c44fe4923fa,-2843.650146484,64933,19513,9.6869,-3.4056,13.0925,76.4221,0.17132,0.8977,1.1002,1.2255
aw-cql-seed2,cql,215000,11,215000,a2cc0c44fe4923fa,-2843.650146484,76763,39227,4.3657,-2.7814,7.147,76.4221,0.09352,0.9472,1.0427,1.1008
aw-cql-seed2,cql,215000,12,215000,a2cc0c44fe4923fa,-2843.650146484,33583,82841,-1.2351,-1.4513,0.2163,76.4221,0.00283,0.9336,1.0053,1.0768
aw-cql-seed2,cql,215000,13,215000,a2cc0c44fe4923fa,-2843.650146484,29838,52509,3.5705,-2.3642,5.9347,76.4221,0.07766,0.8855,1.0318,1.1653
aw-cql-seed2,cql,215000,14,215000,a2cc0c44fe4923fa,-2843.650146484,36307,14110,19.0122,-4.6903,23.7024,76.4221,0.31015,0.9243,1.2005,1.2989
aw-cql-seed2,cql,216000,0,216000,fe53d9757de126cc,-2859.955566406,237311,68413,45.091,3.3018,41.7893,76.3917,0.54704,0.8399,1.2937,1.5402
aw-cql-seed2,cql,216000,2,216000,fe53d9757de126cc,-2859.955566406,168808,33814,21.2083,-0.4243,21.6326,76.3917,0.28318,0.8855,1.0503,1.1861
aw-cql-seed2,cql,216000,4,216000,fe53d9757de126cc,-2859.955566406,35214,133999,-0.8203,-1.6522,0.8319,76.3917,0.01089,0.8742,0.9631,1.1016
aw-cql-seed2,cql,216000,5,216000,fe53d9757de126cc,-2859.955566406,40938,30344,5.7392,-4.5933,10.3324,76.3917,0.13526,0.9096,1.0757,1.1826
aw-cql-seed2,cql,216000,6,216000,fe53d9757de126cc,-2859.955566406,51996,11915,11.4926,-5.7589,17.2515,76.3917,0.22583,0.9293,1.1668,1.2556
aw-cql-seed2,cql,216000,7,216000,fe53d9757de126cc,-2859.955566406,64933,19513,9.5626,-3.2536,12.8161,76.3917,0.16777,0.8982,1.1003,1.2249
aw-cql-seed2,cql,216000,11,216000,fe53d9757de126cc,-2859.955566406,76763,39227,4.6393,-2.6795,7.3189,76.3917,0.09581,0.9476,1.042,1.0996
aw-cql-seed2,cql,216000,12,216000,fe53d9757de126cc,-2859.955566406,33583,82841,-0.8504,-1.4639,0.6136,76.3917,0.00803,0.9339,1.0052,1.0763
aw-cql-seed2,cql,216000,13,216000,fe53d9757de126cc,-2859.955566406,29838,52509,4.5034,-2.5661,7.0695,76.3917,0.09254,0.8877,1.032,1.1625
aw-cql-seed2,cql,216000,14,216000,fe53d9757de126cc,-2859.955566406,36307,14110,19.7918,-4.2629,24.0547,76.3917,0.31489,0.9247,1.2039,1.3019
aw-cql-seed2,cql,217000,0,217000,59dc0cc780daa4ef,-2878.699951172,237311,68413,44.6152,2.6131,42.0021,77.2067,0.54402,0.8408,1.3005,1.5468
aw-cql-seed2,cql,217000,2,217000,59dc0cc780daa4ef,-2878.699951172,168808,33814,20.9776,-0.0808,21.0584,77.2067,0.27275,0.8864,1.0554,1.1907
aw-cql-seed2,cql,217000,4,217000,59dc0cc780daa4ef,-2878.699951172,35214,133999,-1.3786,-1.4059,0.0272,77.2067,0.00035,0.8766,0.9635,1.0992
aw-cql-seed2,cql,217000,5,217000,59dc0cc780daa4ef,-2878.699951172,40938,30344,4.0307,-4.8193,8.85,77.2067,0.11463,0.9126,1.0772,1.1804
aw-cql-seed2,cql,217000,6,217000,59dc0cc780daa4ef,-2878.699951172,51996,11915,11.8166,-6.1511,17.9677,77.2067,0.23272,0.93,1.1629,1.2504
aw-cql-seed2,cql,217000,7,217000,59dc0cc780daa4ef,-2878.699951172,64933,19513,8.7223,-3.4988,12.2211,77.2067,0.15829,0.8969,1.0998,1.2262
aw-cql-seed2,cql,217000,11,217000,59dc0cc780daa4ef,-2878.699951172,76763,39227,4.2081,-2.574,6.782,77.2067,0.08784,0.9467,1.0428,1.1014
aw-cql-seed2,cql,217000,12,217000,59dc0cc780daa4ef,-2878.699951172,33583,82841,-0.6575,-1.3975,0.74,77.2067,0.00959,0.9335,1.0051,1.0767
aw-cql-seed2,cql,217000,13,217000,59dc0cc780daa4ef,-2878.699951172,29838,52509,4.0917,-2.4166,6.5083,77.2067,0.0843,0.8881,1.0321,1.1622
aw-cql-seed2,cql,217000,14,217000,59dc0cc780daa4ef,-2878.699951172,36307,14110,18.7865,-4.5257,23.3121,77.2067,0.30194,0.9238,1.1985,1.2974
aw-cql-seed2,cql,218000,0,218000,04f1b797078b66cb,-2895.466308594,237311,68413,44.1251,2.6343,41.4909,76.0516,0.54556,0.8413,1.2968,1.5413
aw-cql-seed2,cql,218000,2,218000,04f1b797078b66cb,-2895.466308594,168808,33814,21.2844,-0.2852,21.5696,76.0516,0.28362,0.8872,1.0535,1.1874
aw-cql-seed2,cql,218000,4,218000,04f1b797078b66cb,-2895.466308594,35214,133999,-1.4523,-1.5823,0.13,76.0516,0.00171,0.8735,0.9623,1.1017
aw-cql-seed2,cql,218000,5,218000,04f1b797078b66cb,-2895.466308594,40938,30344,4.9255,-4.3976,9.3231,76.0516,0.12259,0.9112,1.0736,1.1782
aw-cql-seed2,cql,218000,6,218000,04f1b797078b66cb,-2895.466308594,51996,11915,11.8357,-5.9763,17.812,76.0516,0.23421,0.9297,1.1617,1.2495
aw-cql-seed2,cql,218000,7,218000,04f1b797078b66cb,-2895.466308594,64933,19513,9.3143,-3.3077,12.622,76.0516,0.16597,0.8981,1.0987,1.2234
aw-cql-seed2,cql,218000,11,218000,04f1b797078b66cb,-2895.466308594,76763,39227,4.1126,-2.6464,6.759,76.0516,0.08887,0.9474,1.0415,1.0993
aw-cql-seed2,cql,218000,12,218000,04f1b797078b66cb,-2895.466308594,33583,82841,-0.8628,-1.6117,0.749,76.0516,0.00985,0.9325,1.0045,1.0772
aw-cql-seed2,cql,218000,13,218000,04f1b797078b66cb,-2895.466308594,29838,52509,3.6207,-2.5247,6.1454,76.0516,0.08081,0.8857,1.0309,1.164
aw-cql-seed2,cql,218000,14,218000,04f1b797078b66cb,-2895.466308594,36307,14110,18.8797,-4.7651,23.6448,76.0516,0.3109,0.9221,1.1956,1.2966
aw-cql-seed2,cql,219000,0,219000,f1d0327621440cde,-2915.358642578,237311,68413,44.5079,2.9719,41.536,75.8777,0.54741,0.8405,1.2943,1.5398
aw-cql-seed2,cql,219000,2,219000,f1d0327621440cde,-2915.358642578,168808,33814,21.5768,0.2391,21.3377,75.8777,0.28121,0.8853,1.0512,1.1874
aw-cql-seed2,cql,219000,4,219000,f1d0327621440cde,-2915.358642578,35214,133999,-0.5334,-1.2385,0.7052,75.8777,0.00929,0.8758,0.963,1.0995
aw-cql-seed2,cql,219000,5,219000,f1d0327621440cde,-2915.358642578,40938,30344,4.242,-4.3817,8.6236,75.8777,0.11365,0.9132,1.0767,1.1789
aw-cql-seed2,cql,219000,6,219000,f1d0327621440cde,-2915.358642578,51996,11915,10.8758,-6.2003,17.0761,75.8777,0.22505,0.9298,1.1621,1.2498
aw-cql-seed2,cql,219000,7,219000,f1d0327621440cde,-2915.358642578,64933,19513,9.3427,-3.3314,12.6741,75.8777,0.16703,0.8979,1.1001,1.2253
aw-cql-seed2,cql,219000,11,219000,f1d0327621440cde,-2915.358642578,76763,39227,5.0733,-2.1208,7.1941,75.8777,0.09481,0.9473,1.0448,1.1029
aw-cql-seed2,cql,219000,12,219000,f1d0327621440cde,-2915.358642578,33583,82841,0.0008,-1.049,1.0499,75.8777,0.01384,0.9332,1.0055,1.0775
aw-cql-seed2,cql,219000,13,219000,f1d0327621440cde,-2915.358642578,29838,52509,4.1513,-2.2563,6.4076,75.8777,0.08445,0.8888,1.0323,1.1614
aw-cql-seed2,cql,219000,14,219000,f1d0327621440cde,-2915.358642578,36307,14110,18.6526,-4.4229,23.0755,75.8777,0.30411,0.9242,1.198,1.2963
aw-cql-seed2,cql,220000,0,220000,abb2a8477243545e,-2933.735107422,237311,68413,44.5331,2.3154,42.2177,77.3798,0.54559,0.8407,1.2893,1.5336
aw-cql-seed2,cql,220000,2,220000,abb2a8477243545e,-2933.735107422,168808,33814,21.1187,-0.7505,21.8693,77.3798,0.28262,0.8867,1.0507,1.185
aw-cql-seed2,cql,220000,4,220000,abb2a8477243545e,-2933.735107422,35214,133999,-1.6379,-1.7854,0.1475,77.3798,0.00191,0.8729,0.9626,1.1027
aw-cql-seed2,cql,220000,5,220000,abb2a8477243545e,-2933.735107422,40938,30344,3.8605,-4.8754,8.7358,77.3798,0.1129,0.9091,1.0741,1.1815
aw-cql-seed2,cql,220000,6,220000,abb2a8477243545e,-2933.735107422,51996,11915,11.1919,-6.7355,17.9273,77.3798,0.23168,0.929,1.158,1.2465
aw-cql-seed2,cql,220000,7,220000,abb2a8477243545e,-2933.735107422,64933,19513,9.0592,-3.4309,12.4901,77.3798,0.16141,0.8967,1.0983,1.2248
aw-cql-seed2,cql,220000,11,220000,abb2a8477243545e,-2933.735107422,76763,39227,4.5787,-2.5933,7.1719,77.3798,0.09268,0.9472,1.0427,1.1008
aw-cql-seed2,cql,220000,12,220000,abb2a8477243545e,-2933.735107422,33583,82841,-0.3924,-1.2371,0.8446,77.3798,0.01092,0.9321,1.0039,1.077
aw-cql-seed2,cql,220000,13,220000,abb2a8477243545e,-2933.735107422,29838,52509,3.4884,-2.4532,5.9416,77.3798,0.07679,0.8887,1.0305,1.1596
aw-cql-seed2,cql,220000,14,220000,abb2a8477243545e,-2933.735107422,36307,14110,17.4736,-5.1606,22.6343,77.3798,0.29251,0.9257,1.1949,1.2908
aw-cql-seed2,cql,221000,0,221000,e8f1a8811f609ddc,-2946.466308594,237311,68413,44.3784,2.7059,41.6725,76.471,0.54494,0.8398,1.2933,1.5401
aw-cql-seed2,cql,221000,2,221000,e8f1a8811f609ddc,-2946.466308594,168808,33814,21.0877,-0.4241,21.5117,76.471,0.28131,0.8853,1.0522,1.1885
aw-cql-seed2,cql,221000,4,221000,e8f1a8811f609ddc,-2946.466308594,35214,133999,-1.1934,-1.4666,0.2731,76.471,0.00357,0.8738,0.9628,1.1018
aw-cql-seed2,cql,221000,5,221000,e8f1a8811f609ddc,-2946.466308594,40938,30344,4.804,-4.9889,9.7929,76.471,0.12806,0.9092,1.074,1.1813
aw-cql-seed2,cql,221000,6,221000,e8f1a8811f609ddc,-2946.466308594,51996,11915,11.3887,-6.5703,17.959,76.471,0.23485,0.9281,1.156,1.2455
aw-cql-seed2,cql,221000,7,221000,e8f1a8811f609ddc,-2946.466308594,64933,19513,9.0076,-3.437,12.4446,76.471,0.16274,0.8985,1.1017,1.2262
aw-cql-seed2,cql,221000,11,221000,e8f1a8811f609ddc,-2946.466308594,76763,39227,4.5654,-2.5467,7.1121,76.471,0.093,0.9464,1.0437,1.1028
aw-cql-seed2,cql,221000,12,221000,e8f1a8811f609ddc,-2946.466308594,33583,82841,-0.7874,-1.3289,0.5415,76.471,0.00708,0.9323,1.0048,1.0778
aw-cql-seed2,cql,221000,13,221000,e8f1a8811f609ddc,-2946.466308594,29838,52509,4.4909,-2.1982,6.6891,76.471,0.08747,0.8847,1.0318,1.1662
aw-cql-seed2,cql,221000,14,221000,e8f1a8811f609ddc,-2946.466308594,36307,14110,19.3983,-4.4326,23.8309,76.471,0.31163,0.9222,1.1971,1.2981
aw-cql-seed2,cql,222000,0,222000,ee15650f5971873d,-2965.480957031,237311,68413,44.4351,1.9279,42.5072,76.3164,0.55699,0.8401,1.2936,1.5397
aw-cql-seed2,cql,222000,2,222000,ee15650f5971873d,-2965.480957031,168808,33814,21.0388,-0.0675,21.1063,76.3164,0.27656,0.8858,1.0525,1.1883
aw-cql-seed2,cql,222000,4,222000,ee15650f5971873d,-2965.480957031,35214,133999,-1.3525,-1.3832,0.0307,76.3164,0.0004,0.8742,0.9636,1.1022
aw-cql-seed2,cql,222000,5,222000,ee15650f5971873d,-2965.480957031,40938,30344,5.233,-4.2637,9.4967,76.3164,0.12444,0.9117,1.0753,1.1794
aw-cql-seed2,cql,222000,6,222000,ee15650f5971873d,-2965.480957031,51996,11915,12.193,-5.6944,17.8874,76.3164,0.23438,0.9282,1.1532,1.2424
aw-cql-seed2,cql,222000,7,222000,ee15650f5971873d,-2965.480957031,64933,19513,8.7318,-3.4515,12.1833,76.3164,0.15964,0.897,1.0986,1.2248
aw-cql-seed2,cql,222000,11,222000,ee15650f5971873d,-2965.480957031,76763,39227,4.6026,-2.5639,7.1665,76.3164,0.0939,0.9474,1.0426,1.1005
aw-cql-seed2,cql,222000,12,222000,ee15650f5971873d,-2965.480957031,33583,82841,-0.8893,-1.3083,0.419,76.3164,0.00549,0.9323,1.0044,1.0774
aw-cql-seed2,cql,222000,13,222000,ee15650f5971873d,-2965.480957031,29838,52509,3.6907,-2.1177,5.8084,76.3164,0.07611,0.8877,1.0324,1.1631
aw-cql-seed2,cql,222000,14,222000,ee15650f5971873d,-2965.480957031,36307,14110,19.1465,-4.5214,23.668,76.3164,0.31013,0.9263,1.1958,1.2909
aw-cql-seed2,cql,223000,0,223000,46d8c924fb196b74,-2977.042724609,237311,68413,43.9573,1.893,42.0643,76.2795,0.55145,0.8405,1.2952,1.541
aw-cql-seed2,cql,223000,2,223000,46d8c924fb196b74,-2977.042724609,168808,33814,20.8432,-0.4783,21.3215,76.2795,0.27952,0.8849,1.0506,1.1872
aw-cql-seed2,cql,223000,4,223000,46d8c924fb196b74,-2977.042724609,35214,133999,-1.6046,-1.5059,-0.0987,76.2795,-0.00129,0.8736,0.9626,1.1018
aw-cql-seed2,cql,223000,5,223000,46d8c924fb196b74,-2977.042724609,40938,30344,4.3719,-4.7167,9.0886,76.2795,0.11915,0.9087,1.0739,1.1818
aw-cql-seed2,cql,223000,6,223000,46d8c924fb196b74,-2977.042724609,51996,11915,11.2399,-6.1981,17.438,76.2795,0.22861,0.9296,1.1647,1.2529
aw-cql-seed2,cql,223000,7,223000,46d8c924fb196b74,-2977.042724609,64933,19513,9.6121,-3.3161,12.9282,76.2795,0.16949,0.8981,1.1006,1.2255
aw-cql-seed2,cql,223000,11,223000,46d8c924fb196b74,-2977.042724609,76763,39227,4.8005,-2.3244,7.1249,76.2795,0.09341,0.9471,1.0425,1.1007
aw-cql-seed2,cql,223000,12,223000,46d8c924fb196b74,-2977.042724609,33583,82841,-0.5322,-0.8158,0.2836,76.2795,0.00372,0.9341,1.0049,1.0757
aw-cql-seed2,cql,223000,13,223000,46d8c924fb196b74,-2977.042724609,29838,52509,4.012,-2.3559,6.3679,76.2795,0.08348,0.885,1.031,1.165
aw-cql-seed2,cql,223000,14,223000,46d8c924fb196b74,-2977.042724609,36307,14110,18.8571,-4.716,23.5731,76.2795,0.30904,0.923,1.2002,1.3003
aw-cql-seed2,cql,224000,0,224000,4fc40aad512dc255,-2995.531494141,237311,68413,43.9322,2.094,41.8382,76.5456,0.54658,0.8396,1.2895,1.5358
aw-cql-seed2,cql,224000,2,224000,4fc40aad512dc255,-2995.531494141,168808,33814,20.7222,-0.6403,21.3625,76.5456,0.27908,0.8864,1.0547,1.1898
aw-cql-seed2,cql,224000,4,224000,4fc40aad512dc255,-2995.531494141,35214,133999,-1.8648,-1.562,-0.3028,76.5456,-0.00396,0.8746,0.9625,1.1006
aw-cql-seed2,cql,224000,5,224000,4fc40aad512dc255,-2995.531494141,40938,30344,4.611,-4.7866,9.3976,76.5456,0.12277,0.9126,1.0765,1.1796
aw-cql-seed2,cql,224000,6,224000,4fc40aad512dc255,-2995.531494141,51996,11915,12.7614,-5.7987,18.5601,76.5456,0.24247,0.9292,1.1602,1.2486
aw-cql-seed2,cql,224000,7,224000,4fc40aad512dc255,-2995.531494141,64933,19513,9.2998,-3.528,12.8278,76.5456,0.16758,0.8973,1.1005,1.2264
aw-cql-seed2,cql,224000,11,224000,4fc40aad512dc255,-2995.531494141,76763,39227,4.3304,-2.677,7.0075,76.5456,0.09155,0.9467,1.0421,1.1008
aw-cql-seed2,cql,224000,12,224000,4fc40aad512dc255,-2995.531494141,33583,82841,-1.406,-1.5619,0.1559,76.5456,0.00204,0.9329,1.0049,1.0772
aw-cql-seed2,cql,224000,13,224000,4fc40aad512dc255,-2995.531494141,29838,52509,4.1986,-2.3255,6.5241,76.5456,0.08523,0.8869,1.032,1.1636
aw-cql-seed2,cql,224000,14,224000,4fc40aad512dc255,-2995.531494141,36307,14110,18.4657,-4.8785,23.3442,76.5456,0.30497,0.9247,1.2022,1.3002
aw-cql-seed2,cql,225000,0,225000,59e5a12d516d07e2,-3008.119384766,237311,68413,43.8626,2.0116,41.8509,76.4404,0.5475,0.8401,1.2928,1.539
aw-cql-seed2,cql,225000,2,225000,59e5a12d516d07e2,-3008.119384766,168808,33814,20.6641,-0.2709,20.935,76.4404,0.27387,0.8868,1.0535,1.188
aw-cql-seed2,cql,225000,4,225000,59e5a12d516d07e2,-3008.119384766,35214,133999,-1.3501,-1.6417,0.2916,76.4404,0.00382,0.8759,0.9632,1.0997
aw-cql-seed2,cql,225000,5,225000,59e5a12d516d07e2,-3008.119384766,40938,30344,4.7206,-4.6417,9.3623,76.4404,0.12248,0.9135,1.0765,1.1784
aw-cql-seed2,cql,225000,6,225000,59e5a12d516d07e2,-3008.119384766,51996,11915,11.2493,-6.223,17.4723,76.4404,0.22857,0.93,1.1631,1.2507
aw-cql-seed2,cql,225000,7,225000,59e5a12d516d07e2,-3008.119384766,64933,19513,8.9254,-3.6121,12.5375,76.4404,0.16402,0.8981,1.1005,1.2255
aw-cql-seed2,cql,225000,11,225000,59e5a12d516d07e2,-3008.119384766,76763,39227,3.8672,-2.8592,6.7264,76.4404,0.088,0.9481,1.0437,1.1008
aw-cql-seed2,cql,225000,12,225000,59e5a12d516d07e2,-3008.119384766,33583,82841,-1.22,-1.599,0.379,76.4404,0.00496,0.9332,1.0055,1.0774
aw-cql-seed2,cql,225000,13,225000,59e5a12d516d07e2,-3008.119384766,29838,52509,4.2586,-2.5504,6.809,76.4404,0.08908,0.8881,1.0325,1.1625
aw-cql-seed2,cql,225000,14,225000,59e5a12d516d07e2,-3008.119384766,36307,14110,18.6079,-4.5979,23.2058,76.4404,0.30358,0.9253,1.2057,1.3029
aw-cql-seed2,cql,226000,0,226000,21991d536173693b,-3026.678466797,237311,68413,43.8176,2.1916,41.6261,76.017,0.54759,0.8406,1.2935,1.5389
aw-cql-seed2,cql,226000,2,226000,21991d536173693b,-3026.678466797,168808,33814,21.0754,-0.4233,21.4987,76.017,0.28281,0.8859,1.0518,1.1873
aw-cql-seed2,cql,226000,4,226000,21991d536173693b,-3026.678466797,35214,133999,-0.9593,-1.5245,0.5652,76.017,0.00744,0.8758,0.9629,1.0995
aw-cql-seed2,cql,226000,5,226000,21991d536173693b,-3026.678466797,40938,30344,3.5451,-5.0695,8.6147,76.017,0.11333,0.9156,1.0779,1.1773
aw-cql-seed2,cql,226000,6,226000,21991d536173693b,-3026.678466797,51996,11915,10.6436,-6.5013,17.1449,76.017,0.22554,0.9292,1.1617,1.2502
aw-cql-seed2,cql,226000,7,226000,21991d536173693b,-3026.678466797,64933,19513,8.3618,-3.8418,12.2036,76.017,0.16054,0.8978,1.0979,1.223
aw-cql-seed2,cql,226000,11,226000,21991d536173693b,-3026.678466797,76763,39227,4.2236,-2.642,6.8656,76.017,0.09032,0.9458,1.0412,1.1008
aw-cql-seed2,cql,226000,12,226000,21991d536173693b,-3026.678466797,33583,82841,-0.8046,-1.1862,0.3815,76.017,0.00502,0.9321,1.0044,1.0776
aw-cql-seed2,cql,226000,13,226000,21991d536173693b,-3026.678466797,29838,52509,3.4862,-2.4413,5.9275,76.017,0.07798,0.89,1.0322,1.1598
aw-cql-seed2,cql,226000,14,226000,21991d536173693b,-3026.678466797,36307,14110,18.5023,-4.8317,23.3341,76.017,0.30696,0.9259,1.1996,1.2957
aw-cql-seed2,cql,227000,0,227000,4db94bfa15b2dd9b,-3044.604736328,237311,68413,43.513,1.3898,42.1232,76.4726,0.55083,0.8421,1.2978,1.5412
aw-cql-seed2,cql,227000,2,227000,4db94bfa15b2dd9b,-3044.604736328,168808,33814,20.7156,-0.6667,21.3823,76.4726,0.27961,0.8865,1.0536,1.1886
aw-cql-seed2,cql,227000,4,227000,4db94bfa15b2dd9b,-3044.604736328,35214,133999,-2.3096,-1.586,-0.7235,76.4726,-0.00946,0.8743,0.9625,1.1009
aw-cql-seed2,cql,227000,5,227000,4db94bfa15b2dd9b,-3044.604736328,40938,30344,3.3208,-4.7621,8.0829,76.4726,0.1057,0.9123,1.0787,1.1824
aw-cql-seed2,cql,227000,6,227000,4db94bfa15b2dd9b,-3044.604736328,51996,11915,11.4689,-6.253,17.7219,76.4726,0.23174,0.9282,1.1624,1.2523
aw-cql-seed2,cql,227000,7,227000,4db94bfa15b2dd9b,-3044.604736328,64933,19513,8.3624,-3.8278,12.1902,76.4726,0.15941,0.8974,1.099,1.2246
aw-cql-seed2,cql,227000,11,227000,4db94bfa15b2dd9b,-3044.604736328,76763,39227,4.4227,-2.7901,7.2128,76.4726,0.09432,0.9472,1.0434,1.1016
aw-cql-seed2,cql,227000,12,227000,4db94bfa15b2dd9b,-3044.604736328,33583,82841,-1.2991,-1.8189,0.5198,76.4726,0.0068,0.9321,1.0045,1.0777
aw-cql-seed2,cql,227000,13,227000,4db94bfa15b2dd9b,-3044.604736328,29838,52509,3.5545,-2.3733,5.9279,76.4726,0.07752,0.8871,1.0324,1.1638
aw-cql-seed2,cql,227000,14,227000,4db94bfa15b2dd9b,-3044.604736328,36307,14110,18.6699,-4.4973,23.1672,76.4726,0.30295,0.9269,1.2112,1.3067
aw-cql-seed2,cql,228000,0,228000,02015480ee0e88cc,-3063.465087891,237311,68413,43.2369,1.6274,41.6095,76.2513,0.54569,0.8396,1.288,1.534
aw-cql-seed2,cql,228000,2,228000,02015480ee0e88cc,-3063.465087891,168808,33814,19.8983,-0.8845,20.7828,76.2513,0.27256,0.8853,1.0509,1.1871
aw-cql-seed2,cql,228000,4,228000,02015480ee0e88cc,-3063.465087891,35214,133999,-1.7566,-1.5856,-0.171,76.2513,-0.00224,0.8744,0.9624,1.1006
aw-cql-seed2,cql,228000,5,228000,02015480ee0e88cc,-3063.465087891,40938,30344,4.5569,-4.7266,9.2835,76.2513,0.12175,0.9098,1.0727,1.179
aw-cql-seed2,cql,228000,6,228000,02015480ee0e88cc,-3063.465087891,51996,11915,11.1366,-6.0766,17.2132,76.2513,0.22574,0.928,1.1549,1.2445
aw-cql-seed2,cql,228000,7,228000,02015480ee0e88cc,-3063.465087891,64933,19513,8.9973,-3.3986,12.3958,76.2513,0.16257,0.897,1.0971,1.2232
aw-cql-seed2,cql,228000,11,228000,02015480ee0e88cc,-3063.465087891,76763,39227,4.2996,-2.6663,6.9659,76.2513,0.09135,0.9472,1.0428,1.1009
aw-cql-seed2,cql,228000,12,228000,02015480ee0e88cc,-3063.465087891,33583,82841,-1.4136,-1.6915,0.2779,76.2513,0.00364,0.9332,1.0053,1.0772
aw-cql-seed2,cql,228000,13,228000,02015480ee0e88cc,-3063.465087891,29838,52509,2.3256,-2.7374,5.0629,76.2513,0.0664,0.8883,1.0317,1.1615
aw-cql-seed2,cql,228000,14,228000,02015480ee0e88cc,-3063.465087891,36307,14110,17.6596,-4.5205,22.1801,76.2513,0.29088,0.9246,1.1964,1.294
aw-cql-seed2,cql,229000,0,229000,e5631e068986d5da,-3081.396728516,237311,68413,44.0155,2.0061,42.0094,76.2811,0.55072,0.8409,1.2998,1.5458
aw-cql-seed2,cql,229000,2,229000,e5631e068986d5da,-3081.396728516,168808,33814,21.5175,-0.2766,21.7941,76.2811,0.28571,0.8863,1.0541,1.1894
aw-cql-seed2,cql,229000,4,229000,e5631e068986d5da,-3081.396728516,35214,133999,-0.7371,-1.53,0.7929,76.2811,0.0104,0.8726,0.9622,1.1026
aw-cql-seed2,cql,229000,5,229000,e5631e068986d5da,-3081.396728516,40938,30344,4.405,-4.6986,9.1036,76.2811,0.11934,0.9101,1.075,1.1812
aw-cql-seed2,cql,229000,6,229000,e5631e068986d5da,-3081.396728516,51996,11915,11.6405,-6.1779,17.8185,76.2811,0.23359,0.9276,1.16,1.2506
aw-cql-seed2,cql,229000,7,229000,e5631e068986d5da,-3081.396728516,64933,19513,9.0915,-3.3735,12.465,76.2811,0.16341,0.8968,1.0972,1.2235
aw-cql-seed2,cql,229000,11,229000,e5631e068986d5da,-3081.396728516,76763,39227,4.3925,-2.4556,6.8481,76.2811,0.08977,0.9467,1.0416,1.1002
aw-cql-seed2,cql,229000,12,229000,e5631e068986d5da,-3081.396728516,33583,82841,-0.9416,-1.3403,0.3987,76.2811,0.00523,0.933,1.0045,1.0766
aw-cql-seed2,cql,229000,13,229000,e5631e068986d5da,-3081.396728516,29838,52509,4.5512,-2.4137,6.9648,76.2811,0.0913,0.8853,1.0311,1.1647
aw-cql-seed2,cql,229000,14,229000,e5631e068986d5da,-3081.396728516,36307,14110,18.7854,-4.6253,23.4107,76.2811,0.3069,0.9224,1.2032,1.3044
aw-cql-seed2,cql,230000,0,230000,212a5172d39572ab,-3098.006347656,237311,68413,43.4617,1.6016,41.86,76.4401,0.54762,0.841,1.2986,1.544
aw-cql-seed2,cql,230000,2,230000,212a5172d39572ab,-3098.006347656,168808,33814,20.6973,-0.665,21.3622,76.4401,0.27946,0.8859,1.0546,1.1905
aw-cql-seed2,cql,230000,4,230000,212a5172d39572ab,-3098.006347656,35214,133999,-1.5769,-1.5484,-0.0285,76.4401,-0.00037,0.8728,0.9618,1.102
aw-cql-seed2,cql,230000,5,230000,212a5172d39572ab,-3098.006347656,40938,30344,3.9199,-4.95,8.8698,76.4401,0.11604,0.9113,1.0731,1.1775
aw-cql-seed2,cql,230000,6,230000,212a5172d39572ab,-3098.006347656,51996,11915,11.1579,-6.453,17.6108,76.4401,0.23039,0.9297,1.1616,1.2495
aw-cql-seed2,cql,230000,7,230000,212a5172d39572ab,-3098.006347656,64933,19513,9.5791,-3.1353,12.7144,76.4401,0.16633,0.8985,1.0992,1.2233
aw-cql-seed2,cql,230000,11,230000,212a5172d39572ab,-3098.006347656,76763,39227,4.286,-2.7421,7.0281,76.4401,0.09194,0.9471,1.0421,1.1003
aw-cql-seed2,cql,230000,12,230000,212a5172d39572ab,-3098.006347656,33583,82841,-0.9001,-1.3962,0.4961,76.4401,0.00649,0.934,1.0049,1.0759
aw-cql-seed2,cql,230000,13,230000,212a5172d39572ab,-3098.006347656,29838,52509,3.3646,-2.4907,5.8553,76.4401,0.0766,0.8878,1.0307,1.161
aw-cql-seed2,cql,230000,14,230000,212a5172d39572ab,-3098.006347656,36307,14110,17.852,-4.8394,22.6914,76.4401,0.29685,0.9243,1.1946,1.2925
aw-cql-seed2,cql,231000,0,231000,1c71c6655c1d9ee5,-3108.558349609,237311,68413,44.0947,1.617,42.4778,76.7765,0.55327,0.8424,1.3065,1.5509
aw-cql-seed2,cql,231000,2,231000,1c71c6655c1d9ee5,-3108.558349609,168808,33814,20.5868,-0.451,21.0378,76.7765,0.27401,0.8859,1.0538,1.1896
aw-cql-seed2,cql,231000,4,231000,1c71c6655c1d9ee5,-3108.558349609,35214,133999,-1.9944,-1.9668,-0.0276,76.7765,-0.00036,0.8724,0.9622,1.1029
aw-cql-seed2,cql,231000,5,231000,1c71c6655c1d9ee5,-3108.558349609,40938,30344,4.1396,-5.0787,9.2183,76.7765,0.12007,0.9104,1.0729,1.1785
aw-cql-seed2,cql,231000,6,231000,1c71c6655c1d9ee5,-3108.558349609,51996,11915,11.7745,-6.3379,18.1124,76.7765,0.23591,0.9283,1.162,1.2517
aw-cql-seed2,cql,231000,7,231000,1c71c6655c1d9ee5,-3108.558349609,64933,19513,9.3946,-3.4351,12.8297,76.7765,0.16711,0.8966,1.1001,1.227
aw-cql-seed2,cql,231000,11,231000,1c71c6655c1d9ee5,-3108.558349609,76763,39227,3.5929,-2.9843,6.5772,76.7765,0.08567,0.9464,1.042,1.101
aw-cql-seed2,cql,231000,12,231000,1c71c6655c1d9ee5,-3108.558349609,33583,82841,-1.5418,-1.8991,0.3574,76.7765,0.00465,0.9323,1.0045,1.0774
aw-cql-seed2,cql,231000,13,231000,1c71c6655c1d9ee5,-3108.558349609,29838,52509,3.7445,-2.6707,6.4152,76.7765,0.08356,0.8868,1.0306,1.1622
aw-cql-seed2,cql,231000,14,231000,1c71c6655c1d9ee5,-3108.558349609,36307,14110,18.3227,-4.8185,23.1412,76.7765,0.30141,0.9239,1.1944,1.2928
aw-cql-seed2,cql,232000,0,232000,70cc0df81257157e,-3129.374023438,237311,68413,43.0989,1.3044,41.7946,76.5964,0.54565,0.8395,1.2903,1.5369
aw-cql-seed2,cql,232000,2,232000,70cc0df81257157e,-3129.374023438,168808,33814,20.2535,-0.9288,21.1823,76.5964,0.27654,0.8864,1.0531,1.1881
aw-cql-seed2,cql,232000,4,232000,70cc0df81257157e,-3129.374023438,35214,133999,-2.038,-2.3564,0.3184,76.5964,0.00416,0.8733,0.9627,1.1024
aw-cql-seed2,cql,232000,5,232000,70cc0df81257157e,-3129.374023438,40938,30344,3.9262,-5.4449,9.3712,76.5964,0.12235,0.9108,1.0757,1.181
aw-cql-seed2,cql,232000,6,232000,70cc0df81257157e,-3129.374023438,51996,11915,11.4741,-6.7725,18.2466,76.5964,0.23822,0.9288,1.1607,1.2496
aw-cql-seed2,cql,232000,7,232000,70cc0df81257157e,-3129.374023438,64933,19513,9.0587,-3.4327,12.4915,76.5964,0.16308,0.8974,1.0974,1.2229
aw-cql-seed2,cql,232000,11,232000,70cc0df81257157e,-3129.374023438,76763,39227,4.2383,-2.5738,6.812,76.5964,0.08893,0.9463,1.0423,1.1015
aw-cql-seed2,cql,232000,12,232000,70cc0df81257157e,-3129.374023438,33583,82841,-1.6546,-1.8489,0.1943,76.5964,0.00254,0.9319,1.0042,1.0775
aw-cql-seed2,cql,232000,13,232000,70cc0df81257157e,-3129.374023438,29838,52509,3.4386,-2.7972,6.2359,76.5964,0.08141,0.8851,1.0306,1.1643
aw-cql-seed2,cql,232000,14,232000,70cc0df81257157e,-3129.374023438,36307,14110,18.7978,-4.9193,23.7172,76.5964,0.30964,0.924,1.2062,1.3054
aw-cql-seed2,cql,233000,0,233000,d085b17764d1d8f8,-3136.254638672,237311,68413,43.622,1.2237,42.3983,76.7184,0.55265,0.8411,1.2976,1.5427
aw-cql-seed2,cql,233000,2,233000,d085b17764d1d8f8,-3136.254638672,168808,33814,20.2506,-0.5995,20.8501,76.7184,0.27177,0.8857,1.0524,1.1882
aw-cql-seed2,cql,233000,4,233000,d085b17764d1d8f8,-3136.254638672,35214,133999,-2.3845,-1.5431,-0.8414,76.7184,-0.01097,0.8735,0.9633,1.1028
aw-cql-seed2,cql,233000,5,233000,d085b17764d1d8f8,-3136.254638672,40938,30344,3.2521,-4.8511,8.1033,76.7184,0.10562,0.9094,1.0746,1.1816
aw-cql-seed2,cql,233000,6,233000,d085b17764d1d8f8,-3136.254638672,51996,11915,11.5141,-6.1926,17.7068,76.7184,0.2308,0.9288,1.1603,1.2492
aw-cql-seed2,cql,233000,7,233000,d085b17764d1d8f8,-3136.254638672,64933,19513,8.4934,-3.8238,12.3172,76.7184,0.16055,0.897,1.0998,1.2261
aw-cql-seed2,cql,233000,11,233000,d085b17764d1d8f8,-3136.254638672,76763,39227,3.9424,-2.771,6.7135,76.7184,0.08751,0.949,1.0432,1.0993
aw-cql-seed2,cql,233000,12,233000,d085b17764d1d8f8,-3136.254638672,33583,82841,-1.7006,-1.5574,-0.1432,76.7184,-0.00187,0.9351,1.0052,1.075
aw-cql-seed2,cql,233000,13,233000,d085b17764d1d8f8,-3136.254638672,29838,52509,2.1585,-2.6405,4.7991,76.7184,0.06255,0.8864,1.0317,1.1639
aw-cql-seed2,cql,233000,14,233000,d085b17764d1d8f8,-3136.254638672,36307,14110,17.5093,-4.9201,22.4294,76.7184,0.29236,0.924,1.2022,1.301
aw-cql-seed2,cql,234000,0,234000,6549e10a3fa39850,-3149.807128906,237311,68413,42.7056,1.2216,41.4841,75.4481,0.54984,0.8397,1.2897,1.536
aw-cql-seed2,cql,234000,2,234000,6549e10a3fa39850,-3149.807128906,168808,33814,20.5481,-0.5635,21.1117,75.4481,0.27982,0.8858,1.0523,1.188
aw-cql-seed2,cql,234000,4,234000,6549e10a3fa39850,-3149.807128906,35214,133999,-2.0952,-1.7156,-0.3797,75.4481,-0.00503,0.8746,0.9627,1.1007
aw-cql-seed2,cql,234000,5,234000,6549e10a3fa39850,-3149.807128906,40938,30344,3.8605,-4.6795,8.54,75.4481,0.11319,0.9108,1.0761,1.1814
aw-cql-seed2,cql,234000,6,234000,6549e10a3fa39850,-3149.807128906,51996,11915,11.3733,-6.0754,17.4487,75.4481,0.23127,0.9307,1.1638,1.2505
aw-cql-seed2,cql,234000,7,234000,6549e10a3fa39850,-3149.807128906,64933,19513,8.8898,-3.971,12.8608,75.4481,0.17046,0.8988,1.1017,1.2258
aw-cql-seed2,cql,234000,11,234000,6549e10a3fa39850,-3149.807128906,76763,39227,3.1573,-3.2334,6.3906,75.4481,0.0847,0.9481,1.0436,1.1007
aw-cql-seed2,cql,234000,12,234000,6549e10a3fa39850,-3149.807128906,33583,82841,-1.5844,-1.7031,0.1187,75.4481,0.00157,0.9339,1.0051,1.0762
aw-cql-seed2,cql,234000,13,234000,6549e10a3fa39850,-3149.807128906,29838,52509,3.1158,-2.6208,5.7366,75.4481,0.07603,0.8874,1.032,1.1629
aw-cql-seed2,cql,234000,14,234000,6549e10a3fa39850,-3149.807128906,36307,14110,18.3875,-5.0806,23.4682,75.4481,0.31105,0.9242,1.2067,1.3056
aw-cql-seed2,cql,235000,0,235000,6d1361539c6d52ae,-3165.577148438,237311,68413,43.358,1.709,41.649,76.9695,0.54111,0.8402,1.2931,1.5391
aw-cql-seed2,cql,235000,2,235000,6d1361539c6d52ae,-3165.577148438,168808,33814,20.4043,-0.5475,20.9518,76.9695,0.27221,0.8858,1.0537,1.1895
aw-cql-seed2,cql,235000,4,235000,6d1361539c6d52ae,-3165.577148438,35214,133999,-1.4948,-1.5646,0.0698,76.9695,0.00091,0.8741,0.9626,1.1012
aw-cql-seed2,cql,235000,5,235000,6d1361539c6d52ae,-3165.577148438,40938,30344,4.4801,-4.8853,9.3654,76.9695,0.12168,0.9107,1.0742,1.1795
aw-cql-seed2,cql,235000,6,235000,6d1361539c6d52ae,-3165.577148438,51996,11915,12.2181,-5.73,17.9481,76.9695,0.23318,0.9288,1.1546,1.2431
aw-cql-seed2,cql,235000,7,235000,6d1361539c6d52ae,-3165.577148438,64933,19513,8.5748,-4.1363,12.7112,76.9695,0.16515,0.8975,1.0986,1.2241
aw-cql-seed2,cql,235000,11,235000,6d1361539c6d52ae,-3165.577148438,76763,39227,4.3103,-2.6568,6.9671,76.9695,0.09052,0.9471,1.0423,1.1006
aw-cql-seed2,cql,235000,12,235000,6d1361539c6d52ae,-3165.577148438,33583,82841,-1.1311,-1.4287,0.2976,76.9695,0.00387,0.9325,1.0042,1.0768
aw-cql-seed2,cql,235000,13,235000,6d1361539c6d52ae,-3165.577148438,29838,52509,3.1868,-2.6176,5.8044,76.9695,0.07541,0.8876,1.0309,1.1615
aw-cql-seed2,cql,235000,14,235000,6d1361539c6d52ae,-3165.577148438,36307,14110,18.4267,-4.5705,22.9971,76.9695,0.29878,0.9244,1.1911,1.2885
aw-cql-seed2,cql,236000,0,236000,6659ad354d631c87,-3176.329345703,237311,68413,42.6008,0.5029,42.0978,76.2034,0.55244,0.8415,1.293,1.5365
aw-cql-seed2,cql,236000,2,236000,6659ad354d631c87,-3176.329345703,168808,33814,19.9431,-1.0024,20.9455,76.2034,0.27486,0.8861,1.0518,1.1869
aw-cql-seed2,cql,236000,4,236000,6659ad354d631c87,-3176.329345703,35214,133999,-1.8561,-1.6401,-0.216,76.2034,-0.00283,0.8751,0.9633,1.1009
aw-cql-seed2,cql,236000,5,236000,6659ad354d631c87,-3176.329345703,40938,30344,4.223,-4.7897,9.0128,76.2034,0.11827,0.9111,1.0747,1.1796
aw-cql-seed2,cql,236000,6,236000,6659ad354d631c87,-3176.329345703,51996,11915,11.1804,-5.9797,17.1601,76.2034,0.22519,0.929,1.1595,1.2481
aw-cql-seed2,cql,236000,7,236000,6659ad354d631c87,-3176.329345703,64933,19513,6.6446,-4.697,11.3416,76.2034,0.14883,0.8971,1.0961,1.2219
aw-cql-seed2,cql,236000,11,236000,6659ad354d631c87,-3176.329345703,76763,39227,3.8456,-2.9802,6.8257,76.2034,0.08957,0.9468,1.0417,1.1003
aw-cql-seed2,cql,236000,12,236000,6659ad354d631c87,-3176.329345703,33583,82841,-1.8657,-1.8332,-0.0325,76.2034,-0.00043,0.9334,1.0052,1.0768
aw-cql-seed2,cql,236000,13,236000,6659ad354d631c87,-3176.329345703,29838,52509,2.8557,-2.658,5.5137,76.2034,0.07236,0.888,1.0324,1.1627
aw-cql-seed2,cql,236000,14,236000,6659ad354d631c87,-3176.329345703,36307,14110,17.8951,-5.0407,22.9358,76.2034,0.30098,0.9238,1.1969,1.2956
aw-cql-seed2,cql,237000,0,237000,224a787c80b9ceb5,-3193.721191406,237311,68413,42.5089,0.4034,42.1055,76.5724,0.54988,0.8416,1.2986,1.543
aw-cql-seed2,cql,237000,2,237000,224a787c80b9ceb5,-3193.721191406,168808,33814,20.0762,-0.8996,20.9758,76.5724,0.27393,0.8862,1.0528,1.188
aw-cql-seed2,cql,237000,4,237000,224a787c80b9ceb5,-3193.721191406,35214,133999,-1.8682,-1.5046,-0.3636,76.5724,-0.00475,0.875,0.962,1.0995
aw-cql-seed2,cql,237000,5,237000,224a787c80b9ceb5,-3193.721191406,40938,30344,3.1043,-4.7662,7.8706,76.5724,0.10279,0.9123,1.0738,1.177
aw-cql-seed2,cql,237000,6,237000,224a787c80b9ceb5,-3193.721191406,51996,11915,10.7581,-6.2899,17.048,76.5724,0.22264,0.9285,1.1615,1.2509
aw-cql-seed2,cql,237000,7,237000,224a787c80b9ceb5,-3193.721191406,64933,19513,8.6252,-3.7095,12.3347,76.5724,0.16109,0.8984,1.1001,1.2245
aw-cql-seed2,cql,237000,11,237000,224a787c80b9ceb5,-3193.721191406,76763,39227,3.5458,-2.9843,6.5301,76.5724,0.08528,0.9469,1.0422,1.1006
aw-cql-seed2,cql,237000,12,237000,224a787c80b9ceb5,-3193.721191406,33583,82841,-1.6455,-1.5674,-0.0781,76.5724,-0.00102,0.933,1.0041,1.0762
aw-cql-seed2,cql,237000,13,237000,224a787c80b9ceb5,-3193.721191406,29838,52509,2.8716,-2.5373,5.4089,76.5724,0.07064,0.8895,1.0303,1.1583
aw-cql-seed2,cql,237000,14,237000,224a787c80b9ceb5,-3193.721191406,36307,14110,16.7845,-5.2895,22.0741,76.5724,0.28828,0.9256,1.1968,1.293
aw-cql-seed2,cql,238000,0,238000,b23e598c20c54241,-3208.704833984,237311,68413,43.1412,1.1992,41.942,76.7758,0.54629,0.8401,1.2949,1.5414
aw-cql-seed2,cql,238000,2,238000,b23e598c20c54241,-3208.704833984,168808,33814,20.5701,-0.71,21.2801,76.7758,0.27717,0.8859,1.0521,1.1876
aw-cql-seed2,cql,238000,4,238000,b23e598c20c54241,-3208.704833984,35214,133999,-3.1376,-2.2274,-0.9102,76.7758,-0.01186,0.874,0.9628,1.1015
aw-cql-seed2,cql,238000,5,238000,b23e598c20c54241,-3208.704833984,40938,30344,2.4677,-5.1354,7.6031,76.7758,0.09903,0.912,1.0735,1.1771
aw-cql-seed2,cql,238000,6,238000,b23e598c20c54241,-3208.704833984,51996,11915,11.0477,-6.7178,17.7656,76.7758,0.2314,0.9292,1.1581,1.2464
aw-cql-seed2,cql,238000,7,238000,b23e598c20c54241,-3208.704833984,64933,19513,7.7953,-4.3444,12.1397,76.7758,0.15812,0.8967,1.0998,1.2264
aw-cql-seed2,cql,238000,11,238000,b23e598c20c54241,-3208.704833984,76763,39227,3.3824,-3.1913,6.5737,76.7758,0.08562,0.948,1.0428,1.1
aw-cql-seed2,cql,238000,12,238000,b23e598c20c54241,-3208.704833984,33583,82841,-2.5335,-2.3473,-0.1862,76.7758,-0.00243,0.9333,1.0045,1.0763
aw-cql-seed2,cql,238000,13,238000,b23e598c20c54241,-3208.704833984,29838,52509,2.7364,-2.7174,5.4538,76.7758,0.07104,0.8885,1.0305,1.1597
aw-cql-seed2,cql,238000,14,238000,b23e598c20c54241,-3208.704833984,36307,14110,16.9876,-5.363,22.3506,76.7758,0.29112,0.9254,1.1993,1.296
aw-cql-seed2,cql,239000,0,239000,70b5ba2d9fa16d3c,-3218.865722656,237311,68413,43.3824,0.8291,42.5532,77.5487,0.54873,0.8404,1.2979,1.5444
aw-cql-seed2,cql,239000,2,239000,70b5ba2d9fa16d3c,-3218.865722656,168808,33814,20.0888,-0.7942,20.8829,77.5487,0.26929,0.8856,1.0523,1.1882
aw-cql-seed2,cql,239000,4,239000,70b5ba2d9fa16d3c,-3218.865722656,35214,133999,-2.8356,-1.8341,-1.0015,77.5487,-0.01291,0.8753,0.963,1.1002
aw-cql-seed2,cql,239000,5,239000,70b5ba2d9fa16d3c,-3218.865722656,40938,30344,2.8773,-4.6127,7.49,77.5487,0.09658,0.9123,1.0726,1.1757
aw-cql-seed2,cql,239000,6,239000,70b5ba2d9fa16d3c,-3218.865722656,51996,11915,10.9761,-6.1753,17.1514,77.5487,0.22117,0.9281,1.1553,1.2448
aw-cql-seed2,cql,239000,7,239000,70b5ba2d9fa16d3c,-3218.865722656,64933,19513,8.9881,-3.7312,12.7193,77.5487,0.16402,0.8967,1.1008,1.2276
aw-cql-seed2,cql,239000,11,239000,70b5ba2d9fa16d3c,-3218.865722656,76763,39227,3.6381,-3.1262,6.7643,77.5487,0.08723,0.9473,1.0421,1.1001
aw-cql-seed2,cql,239000,12,239000,70b5ba2d9fa16d3c,-3218.865722656,33583,82841,-2.2779,-1.9403,-0.3377,77.5487,-0.00435,0.9334,1.0042,1.0759
aw-cql-seed2,cql,239000,13,239000,70b5ba2d9fa16d3c,-3218.865722656,29838,52509,2.8921,-2.516,5.4081,77.5487,0.06974,0.8888,1.031,1.16
aw-cql-seed2,cql,239000,14,239000,70b5ba2d9fa16d3c,-3218.865722656,36307,14110,16.9556,-5.5197,22.4753,77.5487,0.28982,0.9262,1.1936,1.2887
aw-cql-seed2,cql,240000,0,240000,e981c1684bfd8250,-3233.935546875,237311,68413,43.2007,1.0178,42.1829,76.6392,0.55041,0.8406,1.2949,1.5404
aw-cql-seed2,cql,240000,2,240000,e981c1684bfd8250,-3233.935546875,168808,33814,20.3192,-0.6933,21.0125,76.6392,0.27417,0.886,1.0525,1.1879
aw-cql-seed2,cql,240000,4,240000,e981c1684bfd8250,-3233.935546875,35214,133999,-2.5693,-1.4908,-1.0785,76.6392,-0.01407,0.8738,0.9621,1.101
aw-cql-seed2,cql,240000,5,240000,e981c1684bfd8250,-3233.935546875,40938,30344,2.6645,-4.8638,7.5283,76.6392,0.09823,0.9097,1.0736,1.1801
aw-cql-seed2,cql,240000,6,240000,e981c1684bfd8250,-3233.935546875,51996,11915,10.7929,-6.2706,17.0635,76.6392,0.22265,0.9281,1.1577,1.2473
aw-cql-seed2,cql,240000,7,240000,e981c1684bfd8250,-3233.935546875,64933,19513,8.4789,-4.0089,12.4878,76.6392,0.16294,0.8978,1.0965,1.2214
aw-cql-seed2,cql,240000,11,240000,e981c1684bfd8250,-3233.935546875,76763,39227,3.7229,-2.8208,6.5438,76.6392,0.08538,0.9471,1.0417,1.0999
aw-cql-seed2,cql,240000,12,240000,e981c1684bfd8250,-3233.935546875,33583,82841,-1.6427,-1.5679,-0.0748,76.6392,-0.00098,0.9325,1.0039,1.0766
aw-cql-seed2,cql,240000,13,240000,e981c1684bfd8250,-3233.935546875,29838,52509,2.8617,-2.4969,5.3586,76.6392,0.06992,0.8865,1.0305,1.1624
aw-cql-seed2,cql,240000,14,240000,e981c1684bfd8250,-3233.935546875,36307,14110,16.5143,-4.9854,21.4997,76.6392,0.28053,0.9238,1.1948,1.2934
aw-cql-seed2,cql,241000,0,241000,9b8b2f3abe8241ce,-3252.581542969,237311,68413,42.1314,0.4683,41.6631,76.0091,0.54813,0.84,1.2868,1.5319
aw-cql-seed2,cql,241000,2,241000,9b8b2f3abe8241ce,-3252.581542969,168808,33814,20.3459,-0.9633,21.3092,76.0091,0.28035,0.8873,1.0528,1.1866
aw-cql-seed2,cql,241000,4,241000,9b8b2f3abe8241ce,-3252.581542969,35214,133999,-3.0763,-1.5205,-1.5559,76.0091,-0.02047,0.8752,0.9631,1.1004
aw-cql-seed2,cql,241000,5,241000,9b8b2f3abe8241ce,-3252.581542969,40938,30344,2.4621,-5.0243,7.4864,76.0091,0.09849,0.9121,1.0758,1.1794
aw-cql-seed2,cql,241000,6,241000,9b8b2f3abe8241ce,-3252.581542969,51996,11915,10.6,-6.656,17.256,76.0091,0.22703,0.9291,1.1608,1.2493
aw-cql-seed2,cql,241000,7,241000,9b8b2f3abe8241ce,-3252.581542969,64933,19513,7.5758,-4.1746,11.7504,76.0091,0.15459,0.8976,1.0987,1.224
aw-cql-seed2,cql,241000,11,241000,9b8b2f3abe8241ce,-3252.581542969,76763,39227,4.039,-2.7508,6.7898,76.0091,0.08933,0.9469,1.0421,1.1006
aw-cql-seed2,cql,241000,12,241000,9b8b2f3abe8241ce,-3252.581542969,33583,82841,-1.6331,-1.5277,-0.1055,76.0091,-0.00139,0.9335,1.0048,1.0763
aw-cql-seed2,cql,241000,13,241000,9b8b2f3abe8241ce,-3252.581542969,29838,52509,2.4118,-2.7178,5.1295,76.0091,0.06749,0.8875,1.0317,1.1624
aw-cql-seed2,cql,241000,14,241000,9b8b2f3abe8241ce,-3252.581542969,36307,14110,16.6884,-5.5411,22.2295,76.0091,0.29246,0.9239,1.1953,1.2938
aw-cql-seed2,cql,242000,0,242000,7d1579c4505bc7be,-3272.040039062,237311,68413,43.1205,1.312,41.8086,76.2583,0.54825,0.8408,1.2961,1.5415
aw-cql-seed2,cql,242000,2,242000,7d1579c4505bc7be,-3272.040039062,168808,33814,20.5703,-0.8572,21.4275,76.2583,0.28099,0.8862,1.0556,1.1912
aw-cql-seed2,cql,242000,4,242000,7d1579c4505bc7be,-3272.040039062,35214,133999,-2.4563,-1.6033,-0.853,76.2583,-0.01119,0.873,0.9625,1.1024
aw-cql-seed2,cql,242000,5,242000,7d1579c4505bc7be,-3272.040039062,40938,30344,2.677,-4.6613,7.3383,76.2583,0.09623,0.9108,1.0729,1.178
aw-cql-seed2,cql,242000,6,242000,7d1579c4505bc7be,-3272.040039062,51996,11915,10.8005,-6.5815,17.382,76.2583,0.22794,0.9292,1.1578,1.246
aw-cql-seed2,cql,242000,7,242000,7d1579c4505bc7be,-3272.040039062,64933,19513,8.8112,-3.7169,12.5281,76.2583,0.16429,0.8971,1.0986,1.2246
aw-cql-seed2,cql,242000,11,242000,7d1579c4505bc7be,-3272.040039062,76763,39227,4.2659,-2.7632,7.029,76.2583,0.09217,0.9468,1.0424,1.1009
aw-cql-seed2,cql,242000,12,242000,7d1579c4505bc7be,-3272.040039062,33583,82841,-0.8495,-1.1955,0.346,76.2583,0.00454,0.9326,1.0046,1.0771
aw-cql-seed2,cql,242000,13,242000,7d1579c4505bc7be,-3272.040039062,29838,52509,2.6451,-2.1871,4.8322,76.2583,0.06337,0.8857,1.0308,1.1638
aw-cql-seed2,cql,242000,14,242000,7d1579c4505bc7be,-3272.040039062,36307,14110,18.0812,-4.7779,22.8591,76.2583,0.29976,0.9245,1.2008,1.2989
aw-cql-seed2,cql,243000,0,243000,36cc267653e03266,-3284.178222656,237311,68413,42.4993,1.3575,41.1418,75.1877,0.54719,0.8399,1.2951,1.5419
aw-cql-seed2,cql,243000,2,243000,36cc267653e03266,-3284.178222656,168808,33814,20.493,-0.5658,21.0588,75.1877,0.28008,0.8861,1.0497,1.1846
aw-cql-seed2,cql,243000,4,243000,36cc267653e03266,-3284.178222656,35214,133999,-1.4991,-1.425,-0.0742,75.1877,-0.00099,0.8756,0.9626,1.0994
aw-cql-seed2,cql,243000,5,243000,36cc267653e03266,-3284.178222656,40938,30344,4.0958,-4.701,8.7968,75.1877,0.117,0.9132,1.0744,1.1766
aw-cql-seed2,cql,243000,6,243000,36cc267653e03266,-3284.178222656,51996,11915,11.4537,-6.241,17.6947,75.1877,0.23534,0.9304,1.1612,1.248
aw-cql-seed2,cql,243000,7,243000,36cc267653e03266,-3284.178222656,64933,19513,8.3872,-3.8319,12.2191,75.1877,0.16251,0.8979,1.0993,1.2244
aw-cql-seed2,cql,243000,11,243000,36cc267653e03266,-3284.178222656,76763,39227,3.79,-2.7329,6.5229,75.1877,0.08676,0.947,1.0415,1.0997
aw-cql-seed2,cql,243000,12,243000,36cc267653e03266,-3284.178222656,33583,82841,-1.3298,-1.1655,-0.1643,75.1877,-0.00219,0.9335,1.0038,1.0753
aw-cql-seed2,cql,243000,13,243000,36cc267653e03266,-3284.178222656,29838,52509,3.5919,-2.3347,5.9265,75.1877,0.07882,0.8897,1.0306,1.1584
aw-cql-seed2,cql,243000,14,243000,36cc267653e03266,-3284.178222656,36307,14110,17.7963,-4.7855,22.5819,75.1877,0.30034,0.9284,1.2042,1.2971
aw-cql-seed2,cql,244000,0,244000,da108cd77768e657,-3303.881835938,237311,68413,43.3739,1.3229,42.051,76.1551,0.55218,0.8406,1.2956,1.5413
aw-cql-seed2,cql,244000,2,244000,da108cd77768e657,-3303.881835938,168808,33814,20.215,-0.9176,21.1327,76.1551,0.27749,0.8859,1.0504,1.1857
aw-cql-seed2,cql,244000,4,244000,da108cd77768e657,-3303.881835938,35214,133999,-2.6663,-1.7372,-0.9291,76.1551,-0.0122,0.8789,0.9627,1.0954
aw-cql-seed2,cql,244000,5,244000,da108cd77768e657,-3303.881835938,40938,30344,3.1483,-4.6547,7.8031,76.1551,0.10246,0.9169,1.0769,1.1744
aw-cql-seed2,cql,244000,6,244000,da108cd77768e657,-3303.881835938,51996,11915,11.8104,-5.7653,17.5757,76.1551,0.23079,0.9299,1.1558,1.2429
aw-cql-seed2,cql,244000,7,244000,da108cd77768e657,-3303.881835938,64933,19513,8.5005,-3.9764,12.4768,76.1551,0.16383,0.8981,1.0986,1.2233
aw-cql-seed2,cql,244000,11,244000,da108cd77768e657,-3303.881835938,76763,39227,3.6764,-2.8741,6.5505,76.1551,0.08601,0.9467,1.0411,1.0997
aw-cql-seed2,cql,244000,12,244000,da108cd77768e657,-3303.881835938,33583,82841,-1.3022,-1.4384,0.1362,76.1551,0.00179,0.9339,1.0047,1.0758
aw-cql-seed2,cql,244000,13,244000,da108cd77768e657,-3303.881835938,29838,52509,3.5174,-2.4499,5.9673,76.1551,0.07836,0.8935,1.0313,1.1543
aw-cql-seed2,cql,244000,14,244000,da108cd77768e657,-3303.881835938,36307,14110,18.7204,-4.7258,23.4463,76.1551,0.30787,0.9287,1.1927,1.2843
aw-cql-seed2,cql,245000,0,245000,a37bbaa2e22e6065,-3315.714355469,237311,68413,42.6064,0.7885,41.8179,76.2606,0.54836,0.8408,1.2947,1.5399
aw-cql-seed2,cql,245000,2,245000,a37bbaa2e22e6065,-3315.714355469,168808,33814,20.3026,-0.5963,20.8989,76.2606,0.27405,0.886,1.0537,1.1893
aw-cql-seed2,cql,245000,4,245000,a37bbaa2e22e6065,-3315.714355469,35214,133999,-3.2026,-2.0403,-1.1624,76.2606,-0.01524,0.8741,0.9623,1.1008
aw-cql-seed2,cql,245000,5,245000,a37bbaa2e22e6065,-3315.714355469,40938,30344,2.9995,-5.0955,8.095,76.2606,0.10615,0.9098,1.0747,1.1813
aw-cql-seed2,cql,245000,6,245000,a37bbaa2e22e6065,-3315.714355469,51996,11915,10.9142,-6.3445,17.2587,76.2606,0.22631,0.9282,1.1578,1.2474
aw-cql-seed2,cql,245000,7,245000,a37bbaa2e22e6065,-3315.714355469,64933,19513,8.0917,-4.0529,12.1446,76.2606,0.15925,0.8973,1.0986,1.2244
aw-cql-seed2,cql,245000,11,245000,a37bbaa2e22e6065,-3315.714355469,76763,39227,3.8777,-2.8236,6.7012,76.2606,0.08787,0.9473,1.0414,1.0993
aw-cql-seed2,cql,245000,12,245000,a37bbaa2e22e6065,-3315.714355469,33583,82841,-1.9149,-1.7962,-0.1187,76.2606,-0.00156,0.9328,1.0043,1.0766
aw-cql-seed2,cql,245000,13,245000,a37bbaa2e22e6065,-3315.714355469,29838,52509,2.065,-3.0322,5.0972,76.2606,0.06684,0.8877,1.0316,1.1621
aw-cql-seed2,cql,245000,14,245000,a37bbaa2e22e6065,-3315.714355469,36307,14110,16.8859,-5.0343,21.9202,76.2606,0.28744,0.9257,1.1968,1.2929
aw-cql-seed2,cql,246000,0,246000,8a13c638b8e14467,-3331.701904297,237311,68413,43.1336,1.3166,41.817,76.3497,0.5477,0.8404,1.2899,1.5348
aw-cql-seed2,cql,246000,2,246000,8a13c638b8e14467,-3331.701904297,168808,33814,20.5572,-0.5961,21.1533,76.3497,0.27706,0.8857,1.0536,1.1896
aw-cql-seed2,cql,246000,4,246000,8a13c638b8e14467,-3331.701904297,35214,133999,-2.7798,-1.7083,-1.0716,76.3497,-0.01404,0.8737,0.9618,1.1008
aw-cql-seed2,cql,246000,5,246000,8a13c638b8e14467,-3331.701904297,40938,30344,3.2244,-4.9008,8.1251,76.3497,0.10642,0.9099,1.0733,1.1795
aw-cql-seed2,cql,246000,6,246000,8a13c638b8e14467,-3331.701904297,51996,11915,10.7599,-6.2231,16.983,76.3497,0.22244,0.9279,1.1564,1.2462
aw-cql-seed2,cql,246000,7,246000,8a13c638b8e14467,-3331.701904297,64933,19513,8.5484,-3.8546,12.403,76.3497,0.16245,0.8964,1.0963,1.223
aw-cql-seed2,cql,246000,11,246000,8a13c638b8e14467,-3331.701904297,76763,39227,3.3784,-3.2646,6.6429,76.3497,0.08701,0.9469,1.0409,1.0993
aw-cql-seed2,cql,246000,12,246000,8a13c638b8e14467,-3331.701904297,33583,82841,-1.962,-1.6312,-0.3308,76.3497,-0.00433,0.9333,1.0038,1.0756
aw-cql-seed2,cql,246000,13,246000,8a13c638b8e14467,-3331.701904297,29838,52509,2.6383,-2.5223,5.1606,76.3497,0.06759,0.8866,1.0301,1.1618
aw-cql-seed2,cql,246000,14,246000,8a13c638b8e14467,-3331.701904297,36307,14110,17.983,-4.7903,22.7733,76.3497,0.29828,0.923,1.1956,1.2953
aw-cql-seed2,cql,247000,0,247000,cffff8c2401fee52,-3350.044921875,237311,68413,42.5143,1.2984,41.2159,76.0689,0.54182,0.8403,1.291,1.5363
aw-cql-seed2,cql,247000,2,247000,cffff8c2401fee52,-3350.044921875,168808,33814,20.2386,-1.1317,21.3703,76.0689,0.28093,0.8867,1.0529,1.1874
aw-cql-seed2,cql,247000,4,247000,cffff8c2401fee52,-3350.044921875,35214,133999,-2.2821,-2.3964,0.1142,76.0689,0.0015,0.8757,0.9614,1.0978
aw-cql-seed2,cql,247000,5,247000,cffff8c2401fee52,-3350.044921875,40938,30344,3.4058,-5.4402,8.846,76.0689,0.11629,0.9121,1.073,1.1764
aw-cql-seed2,cql,247000,6,247000,cffff8c2401fee52,-3350.044921875,51996,11915,11.0973,-6.0913,17.1885,76.0689,0.22596,0.928,1.1551,1.2447
aw-cql-seed2,cql,247000,7,247000,cffff8c2401fee52,-3350.044921875,64933,19513,8.0412,-4.2022,12.2434,76.0689,0.16095,0.8975,1.0963,1.2215
aw-cql-seed2,cql,247000,11,247000,cffff8c2401fee52,-3350.044921875,76763,39227,3.2834,-3.1904,6.4738,76.0689,0.08511,0.9463,1.0389,1.0979
aw-cql-seed2,cql,247000,12,247000,cffff8c2401fee52,-3350.044921875,33583,82841,-1.9049,-2.2993,0.3944,76.0689,0.00518,0.9346,1.0043,1.0746
aw-cql-seed2,cql,247000,13,247000,cffff8c2401fee52,-3350.044921875,29838,52509,3.2845,-3.1424,6.4268,76.0689,0.08449,0.8893,1.03,1.1583
aw-cql-seed2,cql,247000,14,247000,cffff8c2401fee52,-3350.044921875,36307,14110,17.2464,-5.2371,22.4834,76.0689,0.29557,0.9243,1.1916,1.2892
aw-cql-seed2,cql,248000,0,248000,4daf880cab5fabb0,-3365.887207031,237311,68413,42.9841,1.2158,41.7682,76.7791,0.54401,0.8404,1.2958,1.5419
aw-cql-seed2,cql,248000,2,248000,4daf880cab5fabb0,-3365.887207031,168808,33814,20.1084,-0.8429,20.9513,76.7791,0.27288,0.8846,1.0512,1.1883
aw-cql-seed2,cql,248000,4,248000,4daf880cab5fabb0,-3365.887207031,35214,133999,-2.1278,-1.6726,-0.4551,76.7791,-0.00593,0.8764,0.9629,1.0987
aw-cql-seed2,cql,248000,5,248000,4daf880cab5fabb0,-3365.887207031,40938,30344,3.3019,-5.0034,8.3053,76.7791,0.10817,0.9118,1.0756,1.1796
aw-cql-seed2,cql,248000,6,248000,4daf880cab5fabb0,-3365.887207031,51996,11915,11.1341,-6.4973,17.6314,76.7791,0.22964,0.9309,1.165,1.2514
aw-cql-seed2,cql,248000,7,248000,4daf880cab5fabb0,-3365.887207031,64933,19513,7.5926,-4.1676,11.7602,76.7791,0.15317,0.8982,1.1006,1.2254
aw-cql-seed2,cql,248000,11,248000,4daf880cab5fabb0,-3365.887207031,76763,39227,3.3942,-3.0143,6.4085,76.7791,0.08347,0.9467,1.0418,1.1005
aw-cql-seed2,cql,248000,12,248000,4daf880cab5fabb0,-3365.887207031,33583,82841,-2.2249,-1.7872,-0.4377,76.7791,-0.0057,0.934,1.0047,1.0757
aw-cql-seed2,cql,248000,13,248000,4daf880cab5fabb0,-3365.887207031,29838,52509,1.7819,-2.6191,4.401,76.7791,0.05732,0.8881,1.0311,1.1611
aw-cql-seed2,cql,248000,14,248000,4daf880cab5fabb0,-3365.887207031,36307,14110,16.3825,-5.3796,21.7621,76.7791,0.28344,0.9246,1.1985,1.2963
aw-cql-seed2,cql,249000,0,249000,5b64cfa3a671025f,-3385.703613281,237311,68413,42.573,0.9991,41.5739,76.4493,0.54381,0.8396,1.2871,1.5329
aw-cql-seed2,cql,249000,2,249000,5b64cfa3a671025f,-3385.703613281,168808,33814,20.6547,-0.5795,21.2343,76.4493,0.27776,0.8849,1.0511,1.1878
aw-cql-seed2,cql,249000,4,249000,5b64cfa3a671025f,-3385.703613281,35214,133999,-3.8684,-1.9907,-1.8777,76.4493,-0.02456,0.8757,0.9621,1.0986
aw-cql-seed2,cql,249000,5,249000,5b64cfa3a671025f,-3385.703613281,40938,30344,1.7282,-5.4029,7.1311,76.4493,0.09328,0.9105,1.0726,1.1781
aw-cql-seed2,cql,249000,6,249000,5b64cfa3a671025f,-3385.703613281,51996,11915,10.4208,-6.6376,17.0584,76.4493,0.22313,0.9283,1.1558,1.2452
aw-cql-seed2,cql,249000,7,249000,5b64cfa3a671025f,-3385.703613281,64933,19513,7.178,-4.3131,11.4911,76.4493,0.15031,0.8965,1.0966,1.2232
aw-cql-seed2,cql,249000,11,249000,5b64cfa3a671025f,-3385.703613281,76763,39227,4.2249,-2.9555,7.1804,76.4493,0.09392,0.9479,1.0413,1.0986
aw-cql-seed2,cql,249000,12,249000,5b64cfa3a671025f,-3385.703613281,33583,82841,-1.9516,-1.6789,-0.2726,76.4493,-0.00357,0.9343,1.0044,1.075
aw-cql-seed2,cql,249000,13,249000,5b64cfa3a671025f,-3385.703613281,29838,52509,1.3369,-2.6475,3.9844,76.4493,0.05212,0.8873,1.0295,1.1603
aw-cql-seed2,cql,249000,14,249000,5b64cfa3a671025f,-3385.703613281,36307,14110,17.6576,-5.2464,22.904,76.4493,0.2996,0.9231,1.196,1.2957
aw-cql-seed2,cql,250000,0,250000,7f4546b6d1f5e0fa,-3394.932128906,237311,68413,42.9528,0.7601,42.1927,76.8297,0.54917,0.8396,1.2903,1.5368
aw-cql-seed2,cql,250000,2,250000,7f4546b6d1f5e0fa,-3394.932128906,168808,33814,20.0359,-1.1023,21.1382,76.8297,0.27513,0.8851,1.0498,1.1861
aw-cql-seed2,cql,250000,4,250000,7f4546b6d1f5e0fa,-3394.932128906,35214,133999,-2.3213,-1.7851,-0.5362,76.8297,-0.00698,0.8768,0.9624,1.0977
aw-cql-seed2,cql,250000,5,250000,7f4546b6d1f5e0fa,-3394.932128906,40938,30344,3.7852,-4.8196,8.6048,76.8297,0.112,0.9118,1.0736,1.1775
aw-cql-seed2,cql,250000,6,250000,7f4546b6d1f5e0fa,-3394.932128906,51996,11915,10.3691,-6.5618,16.931,76.8297,0.22037,0.9294,1.1598,1.2479
aw-cql-seed2,cql,250000,7,250000,7f4546b6d1f5e0fa,-3394.932128906,64933,19513,8.3714,-3.9177,12.2891,76.8297,0.15995,0.8963,1.0985,1.2257
aw-cql-seed2,cql,250000,11,250000,7f4546b6d1f5e0fa,-3394.932128906,76763,39227,2.5118,-3.4796,5.9914,76.8297,0.07798,0.9469,1.042,1.1004
aw-cql-seed2,cql,250000,12,250000,7f4546b6d1f5e0fa,-3394.932128906,33583,82841,-1.8016,-1.839,0.0374,76.8297,0.00049,0.9334,1.0047,1.0764
aw-cql-seed2,cql,250000,13,250000,7f4546b6d1f5e0fa,-3394.932128906,29838,52509,2.4822,-2.6381,5.1203,76.8297,0.06664,0.89,1.031,1.1584
aw-cql-seed2,cql,250000,14,250000,7f4546b6d1f5e0fa,-3394.932128906,36307,14110,17.0998,-5.1518,22.2516,76.8297,0.28962,0.926,1.2004,1.2963
aw-cql-seed2,cql,251000,0,251000,116ccc0e42d3e91a,-3405.657714844,237311,68413,42.2058,0.4925,41.7133,76.1286,0.54793,0.84,1.2926,1.5389
aw-cql-seed2,cql,251000,2,251000,116ccc0e42d3e91a,-3405.657714844,168808,33814,20.0238,-1.0535,21.0773,76.1286,0.27686,0.8859,1.0513,1.1867
aw-cql-seed2,cql,251000,4,251000,116ccc0e42d3e91a,-3405.657714844,35214,133999,-2.3099,-1.7907,-0.5191,76.1286,-0.00682,0.8741,0.9622,1.1007
aw-cql-seed2,cql,251000,5,251000,116ccc0e42d3e91a,-3405.657714844,40938,30344,2.8237,-4.922,7.7457,76.1286,0.10174,0.9091,1.0724,1.1796
aw-cql-seed2,cql,251000,6,251000,116ccc0e42d3e91a,-3405.657714844,51996,11915,10.765,-6.5315,17.2965,76.1286,0.2272,0.928,1.1573,1.247
aw-cql-seed2,cql,251000,7,251000,116ccc0e42d3e91a,-3405.657714844,64933,19513,8.2426,-4.2116,12.4543,76.1286,0.1636,0.8976,1.099,1.2243
aw-cql-seed2,cql,251000,11,251000,116ccc0e42d3e91a,-3405.657714844,76763,39227,3.6485,-3.1351,6.7835,76.1286,0.08911,0.9488,1.0429,1.0993
aw-cql-seed2,cql,251000,12,251000,116ccc0e42d3e91a,-3405.657714844,33583,82841,-1.686,-1.7938,0.1078,76.1286,0.00142,0.9337,1.0046,1.0759
aw-cql-seed2,cql,251000,13,251000,116ccc0e42d3e91a,-3405.657714844,29838,52509,2.6613,-2.6804,5.3417,76.1286,0.07017,0.8861,1.0295,1.1619
aw-cql-seed2,cql,251000,14,251000,116ccc0e42d3e91a,-3405.657714844,36307,14110,17.6965,-5.0425,22.739,76.1286,0.29869,0.9232,1.1965,1.296
aw-cql-seed2,cql,252000,0,252000,ab64e0b7958fb988,-3424.986816406,237311,68413,42.7386,0.3754,42.3632,77.1685,0.54897,0.8401,1.2894,1.5348
aw-cql-seed2,cql,252000,2,252000,ab64e0b7958fb988,-3424.986816406,168808,33814,20.2952,-1.0,21.2952,77.1685,0.27596,0.8856,1.0529,1.1889
aw-cql-seed2,cql,252000,4,252000,ab64e0b7958fb988,-3424.986816406,35214,133999,-2.7825,-1.9679,-0.8146,77.1685,-0.01056,0.8735,0.9612,1.1004
aw-cql-seed2,cql,252000,5,252000,ab64e0b7958fb988,-3424.986816406,40938,30344,2.5859,-4.9961,7.5821,77.1685,0.09825,0.9091,1.0726,1.1798
aw-cql-seed2,cql,252000,6,252000,ab64e0b7958fb988,-3424.986816406,51996,11915,10.9067,-6.7618,17.6685,77.1685,0.22896,0.9285,1.1594,1.2486
aw-cql-seed2,cql,252000,7,252000,ab64e0b7958fb988,-3424.986816406,64933,19513,8.12,-4.1416,12.2615,77.1685,0.15889,0.8977,1.0992,1.2245
aw-cql-seed2,cql,252000,11,252000,ab64e0b7958fb988,-3424.986816406,76763,39227,3.5708,-3.1779,6.7487,77.1685,0.08745,0.9471,1.0417,1.0999
aw-cql-seed2,cql,252000,12,252000,ab64e0b7958fb988,-3424.986816406,33583,82841,-1.9773,-1.9585,-0.0189,77.1685,-0.00024,0.9333,1.0045,1.0763
aw-cql-seed2,cql,252000,13,252000,ab64e0b7958fb988,-3424.986816406,29838,52509,2.6033,-2.455,5.0583,77.1685,0.06555,0.8861,1.0296,1.1619
aw-cql-seed2,cql,252000,14,252000,ab64e0b7958fb988,-3424.986816406,36307,14110,16.2162,-5.3765,21.5927,77.1685,0.27981,0.9226,1.193,1.2931
aw-cql-seed2,cql,253000,0,253000,ceb152e7737042bd,-3441.475585938,237311,68413,41.9153,0.2023,41.7131,76.4103,0.54591,0.8413,1.2957,1.5401
aw-cql-seed2,cql,253000,2,253000,ceb152e7737042bd,-3441.475585938,168808,33814,20.5445,-0.703,21.2475,76.4103,0.27807,0.8863,1.0537,1.1889
aw-cql-seed2,cql,253000,4,253000,ceb152e7737042bd,-3441.475585938,35214,133999,-2.9295,-2.588,-0.3416,76.4103,-0.00447,0.8764,0.9619,1.0976
aw-cql-seed2,cql,253000,5,253000,ceb152e7737042bd,-3441.475585938,40938,30344,2.5392,-5.6651,8.2043,76.4103,0.10737,0.9128,1.0734,1.1759
aw-cql-seed2,cql,253000,6,253000,ceb152e7737042bd,-3441.475585938,51996,11915,10.2905,-6.7572,17.0477,76.4103,0.22311,0.9302,1.1642,1.2516
aw-cql-seed2,cql,253000,7,253000,ceb152e7737042bd,-3441.475585938,64933,19513,8.3709,-4.193,12.5639,76.4103,0.16443,0.8971,1.1002,1.2265
aw-cql-seed2,cql,253000,11,253000,ceb152e7737042bd,-3441.475585938,76763,39227,3.4739,-3.3357,6.8096,76.4103,0.08912,0.9463,1.0423,1.1015
aw-cql-seed2,cql,253000,12,253000,ceb152e7737042bd,-3441.475585938,33583,82841,-1.8056,-1.9731,0.1675,76.4103,0.00219,0.9335,1.0048,1.0763
aw-cql-seed2,cql,253000,13,253000,ceb152e7737042bd,-3441.475585938,29838,52509,1.9718,-3.3105,5.2823,76.4103,0.06913,0.8897,1.0308,1.1587
aw-cql-seed2,cql,253000,14,253000,ceb152e7737042bd,-3441.475585938,36307,14110,16.276,-5.5498,21.8259,76.4103,0.28564,0.9263,1.1971,1.2923
aw-cql-seed2,cql,254000,0,254000,0502bc9660c7c8bd,-3453.213623047,237311,68413,42.7269,0.4289,42.298,76.4414,0.55334,0.8392,1.2868,1.5334
aw-cql-seed2,cql,254000,2,254000,0502bc9660c7c8bd,-3453.213623047,168808,33814,20.4391,-0.5674,21.0065,76.4414,0.27481,0.8853,1.0528,1.1892
aw-cql-seed2,cql,254000,4,254000,0502bc9660c7c8bd,-3453.213623047,35214,133999,-3.2585,-2.1752,-1.0833,76.4414,-0.01417,0.875,0.962,1.0994
aw-cql-seed2,cql,254000,5,254000,0502bc9660c7c8bd,-3453.213623047,40938,30344,2.7075,-5.3615,8.069,76.4414,0.10556,0.9108,1.0725,1.1775
aw-cql-seed2,cql,254000,6,254000,0502bc9660c7c8bd,-3453.213623047,51996,11915,11.3065,-6.0218,17.3283,76.4414,0.22669,0.9288,1.1564,1.2451
aw-cql-seed2,cql,254000,7,254000,0502bc9660c7c8bd,-3453.213623047,64933,19513,7.8323,-3.8827,11.7149,76.4414,0.15325,0.8975,1.0992,1.2247
aw-cql-seed2,cql,254000,11,254000,0502bc9660c7c8bd,-3453.213623047,76763,39227,3.9693,-2.7377,6.707,76.4414,0.08774,0.9462,1.0415,1.1007
aw-cql-seed2,cql,254000,12,254000,0502bc9660c7c8bd,-3453.213623047,33583,82841,-2.4263,-1.8521,-0.5742,76.4414,-0.00751,0.9331,1.0039,1.0759
aw-cql-seed2,cql,254000,13,254000,0502bc9660c7c8bd,-3453.213623047,29838,52509,1.5315,-3.0733,4.6048,76.4414,0.06024,0.8862,1.0294,1.1615
aw-cql-seed2,cql,254000,14,254000,0502bc9660c7c8bd,-3453.213623047,36307,14110,17.1961,-5.3382,22.5343,76.4414,0.29479,0.9229,1.1927,1.2923
aw-cql-seed2,cql,255000,0,255000,c91d8b8369fb5a49,-3472.532226562,237311,68413,41.6026,0.0955,41.5071,75.7623,0.54786,0.8394,1.2864,1.5324
aw-cql-seed2,cql,255000,2,255000,c91d8b8369fb5a49,-3472.532226562,168808,33814,20.4047,-0.9235,21.3283,75.7623,0.28152,0.8854,1.0531,1.1894
aw-cql-seed2,cql,255000,4,255000,c91d8b8369fb5a49,-3472.532226562,35214,133999,-2.4537,-1.2146,-1.239,75.7623,-0.01635,0.8741,0.9614,1.1
aw-cql-seed2,cql,255000,5,255000,c91d8b8369fb5a49,-3472.532226562,40938,30344,2.8306,-4.7364,7.567,75.7623,0.09988,0.9111,1.0736,1.1784
aw-cql-seed2,cql,255000,6,255000,c91d8b8369fb5a49,-3472.532226562,51996,11915,10.4923,-6.6245,17.1168,75.7623,0.22593,0.927,1.1555,1.2465
aw-cql-seed2,cql,255000,7,255000,c91d8b8369fb5a49,-3472.532226562,64933,19513,7.6425,-4.3319,11.9744,75.7623,0.15805,0.8973,1.0987,1.2245
aw-cql-seed2,cql,255000,11,255000,c91d8b8369fb5a49,-3472.532226562,76763,39227,4.0182,-2.8167,6.835,75.7623,0.09022,0.9468,1.0419,1.1004
aw-cql-seed2,cql,255000,12,255000,c91d8b8369fb5a49,-3472.532226562,33583,82841,-2.1965,-1.4333,-0.7632,75.7623,-0.01007,0.9336,1.0042,1.0757
aw-cql-seed2,cql,255000,13,255000,c91d8b8369fb5a49,-3472.532226562,29838,52509,2.5356,-2.1278,4.6634,75.7623,0.06155,0.8872,1.0301,1.161
aw-cql-seed2,cql,255000,14,255000,c91d8b8369fb5a49,-3472.532226562,36307,14110,17.6079,-5.0732,22.6811,75.7623,0.29937,0.9233,1.1965,1.296
aw-cql-seed2,cql,256000,0,256000,efcac597ad0c7170,-3488.687255859,237311,68413,41.9365,0.1197,41.8167,75.9622,0.55049,0.8394,1.2899,1.5368
aw-cql-seed2,cql,256000,2,256000,efcac597ad0c7170,-3488.687255859,168808,33814,20.2542,-1.0204,21.2746,75.9622,0.28007,0.8864,1.0548,1.19
aw-cql-seed2,cql,256000,4,256000,efcac597ad0c7170,-3488.687255859,35214,133999,-3.5595,-2.1099,-1.4496,75.9622,-0.01908,0.8738,0.9619,1.1009
aw-cql-seed2,cql,256000,5,256000,efcac597ad0c7170,-3488.687255859,40938,30344,2.075,-5.3591,7.4341,75.9622,0.09787,0.9095,1.0717,1.1783
aw-cql-seed2,cql,256000,6,256000,efcac597ad0c7170,-3488.687255859,51996,11915,10.211,-6.7743,16.9853,75.9622,0.2236,0.9284,1.1535,1.2425
aw-cql-seed2,cql,256000,7,256000,efcac597ad0c7170,-3488.687255859,64933,19513,7.6678,-4.3057,11.9735,75.9622,0.15762,0.8981,1.0992,1.2239
aw-cql-seed2,cql,256000,11,256000,efcac597ad0c7170,-3488.687255859,76763,39227,2.8636,-3.5474,6.411,75.9622,0.0844,0.9478,1.0423,1.0997
aw-cql-seed2,cql,256000,12,256000,efcac597ad0c7170,-3488.687255859,33583,82841,-2.4683,-1.9214,-0.5469,75.9622,-0.0072,0.934,1.0051,1.0761
aw-cql-seed2,cql,256000,13,256000,efcac597ad0c7170,-3488.687255859,29838,52509,1.4811,-3.0822,4.5633,75.9622,0.06007,0.8851,1.0287,1.1622
aw-cql-seed2,cql,256000,14,256000,efcac597ad0c7170,-3488.687255859,36307,14110,17.2236,-5.208,22.4317,75.9622,0.2953,0.9217,1.1864,1.2872
aw-cql-seed2,cql,257000,0,257000,a31370fb08ed88a4,-3504.995849609,237311,68413,42.6705,1.408,41.2626,76.4146,0.53998,0.8398,1.2921,1.5385
aw-cql-seed2,cql,257000,2,257000,a31370fb08ed88a4,-3504.995849609,168808,33814,19.9761,-0.6419,20.618,76.4146,0.26982,0.8858,1.0533,1.1892
aw-cql-seed2,cql,257000,4,257000,a31370fb08ed88a4,-3504.995849609,35214,133999,-3.3951,-1.8334,-1.5617,76.4146,-0.02044,0.8743,0.9615,1.0998
aw-cql-seed2,cql,257000,5,257000,a31370fb08ed88a4,-3504.995849609,40938,30344,2.8899,-4.9974,7.8872,76.4146,0.10322,0.9096,1.0728,1.1794
aw-cql-seed2,cql,257000,6,257000,a31370fb08ed88a4,-3504.995849609,51996,11915,10.6392,-6.7036,17.3428,76.4146,0.22696,0.9289,1.1562,1.2447
aw-cql-seed2,cql,257000,7,257000,a31370fb08ed88a4,-3504.995849609,64933,19513,7.3236,-4.3263,11.6499,76.4146,0.15246,0.8977,1.0991,1.2244
aw-cql-seed2,cql,257000,11,257000,a31370fb08ed88a4,-3504.995849609,76763,39227,3.7511,-2.989,6.7401,76.4146,0.0882,0.947,1.042,1.1004
aw-cql-seed2,cql,257000,12,257000,a31370fb08ed88a4,-3504.995849609,33583,82841,-2.6006,-1.9954,-0.6052,76.4146,-0.00792,0.935,1.0044,1.0743
aw-cql-seed2,cql,257000,13,257000,a31370fb08ed88a4,-3504.995849609,29838,52509,1.1834,-2.9282,4.1116,76.4146,0.05381,0.887,1.0296,1.1608
aw-cql-seed2,cql,257000,14,257000,a31370fb08ed88a4,-3504.995849609,36307,14110,16.6408,-5.4443,22.0851,76.4146,0.28902,0.9235,1.1892,1.2877
aw-cql-seed2,cql,258000,0,258000,702e879b4de99a9b,-3516.839111328,237311,68413,42.4894,0.1061,42.3833,76.1143,0.55684,0.8412,1.3017,1.5474
aw-cql-seed2,cql,258000,2,258000,702e879b4de99a9b,-3516.839111328,168808,33814,19.9809,-1.0108,20.9918,76.1143,0.27579,0.8867,1.0534,1.1879
aw-cql-seed2,cql,258000,4,258000,702e879b4de99a9b,-3516.839111328,35214,133999,-2.5374,-1.6355,-0.9019,76.1143,-0.01185,0.8775,0.9629,1.0973
aw-cql-seed2,cql,258000,5,258000,702e879b4de99a9b,-3516.839111328,40938,30344,3.0558,-4.84,7.8957,76.1143,0.10374,0.91,1.0749,1.1812
aw-cql-seed2,cql,258000,6,258000,702e879b4de99a9b,-3516.839111328,51996,11915,10.5487,-6.4719,17.0206,76.1143,0.22362,0.9284,1.1593,1.2488
aw-cql-seed2,cql,258000,7,258000,702e879b4de99a9b,-3516.839111328,64933,19513,7.7088,-4.571,12.2797,76.1143,0.16133,0.8975,1.0968,1.2221
aw-cql-seed2,cql,258000,11,258000,702e879b4de99a9b,-3516.839111328,76763,39227,3.6741,-2.9141,6.5883,76.1143,0.08656,0.9477,1.0423,1.0998
aw-cql-seed2,cql,258000,12,258000,702e879b4de99a9b,-3516.839111328,33583,82841,-1.867,-1.6447,-0.2223,76.1143,-0.00292,0.9343,1.0044,1.075
aw-cql-seed2,cql,258000,13,258000,702e879b4de99a9b,-3516.839111328,29838,52509,2.0643,-2.4984,4.5628,76.1143,0.05995,0.8865,1.0307,1.1627
aw-cql-seed2,cql,258000,14,258000,702e879b4de99a9b,-3516.839111328,36307,14110,16.6448,-5.0116,21.6565,76.1143,0.28453,0.9236,1.2023,1.3017
aw-cql-seed2,cql,259000,0,259000,767a260574cdfad8,-3535.508544922,237311,68413,41.9653,-0.4844,42.4497,76.4711,0.55511,0.8413,1.2895,1.5328
aw-cql-seed2,cql,259000,2,259000,767a260574cdfad8,-3535.508544922,168808,33814,20.0307,-0.8341,20.8648,76.4711,0.27285,0.8861,1.0517,1.1869
aw-cql-seed2,cql,259000,4,259000,767a260574cdfad8,-3535.508544922,35214,133999,-2.4169,-1.9554,-0.4615,76.4711,-0.00603,0.8757,0.9629,1.0995
aw-cql-seed2,cql,259000,5,259000,767a260574cdfad8,-3535.508544922,40938,30344,2.9712,-4.9877,7.9589,76.4711,0.10408,0.9109,1.0753,1.1804
aw-cql-seed2,cql,259000,6,259000,767a260574cdfad8,-3535.508544922,51996,11915,11.5002,-6.1156,17.6158,76.4711,0.23036,0.9304,1.1564,1.2429
aw-cql-seed2,cql,259000,7,259000,767a260574cdfad8,-3535.508544922,64933,19513,8.3587,-3.6225,11.9812,76.4711,0.15668,0.8977,1.0974,1.2224
aw-cql-seed2,cql,259000,11,259000,767a260574cdfad8,-3535.508544922,76763,39227,3.1382,-3.0361,6.1743,76.4711,0.08074,0.9482,1.0434,1.1004
aw-cql-seed2,cql,259000,12,259000,767a260574cdfad8,-3535.508544922,33583,82841,-2.1645,-1.8201,-0.3444,76.4711,-0.0045,0.934,1.0047,1.0756
aw-cql-seed2,cql,259000,13,259000,767a260574cdfad8,-3535.508544922,29838,52509,1.3438,-2.9126,4.2564,76.4711,0.05566,0.8874,1.031,1.1618
aw-cql-seed2,cql,259000,14,259000,767a260574cdfad8,-3535.508544922,36307,14110,16.4374,-5.6674,22.1049,76.4711,0.28906,0.9241,1.1976,1.296
aw-cql-seed2,cql,260000,0,260000,f7fb42ee576a883b,-3551.180664062,237311,68413,41.7099,0.0636,41.6463,75.9058,0.54866,0.8414,1.3024,1.5478
aw-cql-seed2,cql,260000,2,260000,f7fb42ee576a883b,-3551.180664062,168808,33814,19.327,-1.5618,20.8888,75.9058,0.27519,0.8879,1.0571,1.1906
aw-cql-seed2,cql,260000,4,260000,f7fb42ee576a883b,-3551.180664062,35214,133999,-2.9984,-2.1466,-0.8518,75.9058,-0.01122,0.8726,0.9622,1.1027
aw-cql-seed2,cql,260000,5,260000,f7fb42ee576a883b,-3551.180664062,40938,30344,2.9841,-5.0158,7.9999,75.9058,0.10539,0.9073,1.0725,1.182
aw-cql-seed2,cql,260000,6,260000,f7fb42ee576a883b,-3551.180664062,51996,11915,9.8435,-6.9081,16.7516,75.9058,0.22069,0.9289,1.1544,1.2427
aw-cql-seed2,cql,260000,7,260000,f7fb42ee576a883b,-3551.180664062,64933,19513,8.1626,-3.8255,11.9881,75.9058,0.15793,0.8979,1.0999,1.2249
aw-cql-seed2,cql,260000,11,260000,f7fb42ee576a883b,-3551.180664062,76763,39227,2.7302,-3.5219,6.2521,75.9058,0.08237,0.9476,1.042,1.0996
aw-cql-seed2,cql,260000,12,260000,f7fb42ee576a883b,-3551.180664062,33583,82841,-2.9325,-2.0811,-0.8514,75.9058,-0.01122,0.9335,1.0045,1.076
aw-cql-seed2,cql,260000,13,260000,f7fb42ee576a883b,-3551.180664062,29838,52509,0.8978,-3.0476,3.9454,75.9058,0.05198,0.8831,1.0295,1.1658
aw-cql-seed2,cql,260000,14,260000,f7fb42ee576a883b,-3551.180664062,36307,14110,16.9966,-5.276,22.2725,75.9058,0.29342,0.9228,1.2011,1.3016
aw-cql-seed2,cql,261000,0,261000,616dbdfb4f6ec37b,-3570.818847656,237311,68413,42.0025,0.4339,41.5686,76.3791,0.54424,0.8409,1.3019,1.5481
aw-cql-seed2,cql,261000,2,261000,616dbdfb4f6ec37b,-3570.818847656,168808,33814,20.4721,-0.8538,21.3259,76.3791,0.27921,0.8864,1.0554,1.1906
aw-cql-seed2,cql,261000,4,261000,616dbdfb4f6ec37b,-3570.818847656,35214,133999,-4.2503,-2.497,-1.7533,76.3791,-0.02296,0.8739,0.9619,1.1007
aw-cql-seed2,cql,261000,5,261000,616dbdfb4f6ec37b,-3570.818847656,40938,30344,1.2521,-5.73,6.9821,76.3791,0.09141,0.9096,1.0719,1.1784
aw-cql-seed2,cql,261000,6,261000,616dbdfb4f6ec37b,-3570.818847656,51996,11915,9.7004,-7.1184,16.8188,76.3791,0.2202,0.9288,1.1607,1.2496
aw-cql-seed2,cql,261000,7,261000,616dbdfb4f6ec37b,-3570.818847656,64933,19513,7.9339,-4.5397,12.4736,76.3791,0.16331,0.8978,1.1017,1.2271
aw-cql-seed2,cql,261000,11,261000,616dbdfb4f6ec37b,-3570.818847656,76763,39227,2.4453,-3.6866,6.132,76.3791,0.08028,0.9469,1.042,1.1004
aw-cql-seed2,cql,261000,12,261000,616dbdfb4f6ec37b,-3570.818847656,33583,82841,-2.7681,-2.1319,-0.6362,76.3791,-0.00833,0.9342,1.0051,1.0759
aw-cql-seed2,cql,261000,13,261000,616dbdfb4f6ec37b,-3570.818847656,29838,52509,1.3664,-3.2278,4.5942,76.3791,0.06015,0.8874,1.0292,1.1598
aw-cql-seed2,cql,261000,14,261000,616dbdfb4f6ec37b,-3570.818847656,36307,14110,16.3682,-5.5122,21.8805,76.3791,0.28647,0.9246,1.1946,1.292
aw-cql-seed2,cql,262000,0,262000,027c0719bc5280e5,-3583.646972656,237311,68413,42.1318,-0.6631,42.7949,77.2884,0.5537,0.8399,1.2878,1.5333
aw-cql-seed2,cql,262000,2,262000,027c0719bc5280e5,-3583.646972656,168808,33814,19.9703,-1.0006,20.9708,77.2884,0.27133,0.8871,1.0533,1.1873
aw-cql-seed2,cql,262000,4,262000,027c0719bc5280e5,-3583.646972656,35214,133999,-2.4687,-1.5637,-0.905,77.2884,-0.01171,0.8734,0.9612,1.1005
aw-cql-seed2,cql,262000,5,262000,027c0719bc5280e5,-3583.646972656,40938,30344,3.3887,-4.5747,7.9635,77.2884,0.10304,0.9094,1.0712,1.178
aw-cql-seed2,cql,262000,6,262000,027c0719bc5280e5,-3583.646972656,51996,11915,10.976,-6.4653,17.4413,77.2884,0.22567,0.928,1.1577,1.2476
aw-cql-seed2,cql,262000,7,262000,027c0719bc5280e5,-3583.646972656,64933,19513,8.0918,-3.7603,11.8522,77.2884,0.15335,0.8975,1.0994,1.2249
aw-cql-seed2,cql,262000,11,262000,027c0719bc5280e5,-3583.646972656,76763,39227,2.7636,-3.2931,6.0568,77.2884,0.07837,0.9477,1.0417,1.0991
aw-cql-seed2,cql,262000,12,262000,027c0719bc5280e5,-3583.646972656,33583,82841,-2.8945,-2.1925,-0.702,77.2884,-0.00908,0.933,1.004,1.0762
aw-cql-seed2,cql,262000,13,262000,027c0719bc5280e5,-3583.646972656,29838,52509,2.3015,-2.5136,4.8151,77.2884,0.0623,0.8856,1.0287,1.1616
aw-cql-seed2,cql,262000,14,262000,027c0719bc5280e5,-3583.646972656,36307,14110,17.5466,-4.8887,22.4353,77.2884,0.29028,0.9232,1.1914,1.2906
aw-cql-seed2,cql,263000,0,263000,bb0bb1ea75cea61f,-3596.314941406,237311,68413,42.049,0.4001,41.6489,76.366,0.54539,0.8405,1.2919,1.537
aw-cql-seed2,cql,263000,2,263000,bb0bb1ea75cea61f,-3596.314941406,168808,33814,20.753,-0.6557,21.4086,76.366,0.28034,0.8857,1.0513,1.187
aw-cql-seed2,cql,263000,4,263000,bb0bb1ea75cea61f,-3596.314941406,35214,133999,-4.664,-2.0626,-2.6014,76.366,-0.03407,0.8754,0.9617,1.0986
aw-cql-seed2,cql,263000,5,263000,bb0bb1ea75cea61f,-3596.314941406,40938,30344,1.5734,-5.3976,6.971,76.366,0.09128,0.91,1.0731,1.1792
aw-cql-seed2,cql,263000,6,263000,bb0bb1ea75cea61f,-3596.314941406,51996,11915,9.6968,-6.9257,16.6225,76.366,0.21767,0.9285,1.1527,1.2414
aw-cql-seed2,cql,263000,7,263000,bb0bb1ea75cea61f,-3596.314941406,64933,19513,7.2919,-4.67,11.962,76.366,0.15664,0.8978,1.0954,1.2201
aw-cql-seed2,cql,263000,11,263000,bb0bb1ea75cea61f,-3596.314941406,76763,39227,3.4558,-3.0508,6.5066,76.366,0.0852,0.9476,1.0408,1.0983
aw-cql-seed2,cql,263000,12,263000,bb0bb1ea75cea61f,-3596.314941406,33583,82841,-2.9696,-2.2966,-0.673,76.366,-0.00881,0.9344,1.0048,1.0754
aw-cql-seed2,cql,263000,13,263000,bb0bb1ea75cea61f,-3596.314941406,29838,52509,1.6483,-3.0436,4.692,76.366,0.06144,0.8867,1.0298,1.1614
aw-cql-seed2,cql,263000,14,263000,bb0bb1ea75cea61f,-3596.314941406,36307,14110,16.2906,-5.9028,22.1934,76.366,0.29062,0.9229,1.1892,1.2886
aw-cql-seed2,cql,264000,0,264000,1f89764276ca9bec,-3610.712646484,237311,68413,41.9237,0.055,41.8688,75.6304,0.5536,0.8428,1.3039,1.5471
aw-cql-seed2,cql,264000,2,264000,1f89764276ca9bec,-3610.712646484,168808,33814,20.6849,-0.6607,21.3456,75.6304,0.28224,0.8868,1.0549,1.1896
aw-cql-seed2,cql,264000,4,264000,1f89764276ca9bec,-3610.712646484,35214,133999,-3.2064,-1.8136,-1.3928,75.6304,-0.01842,0.8745,0.9617,1.0997
aw-cql-seed2,cql,264000,5,264000,1f89764276ca9bec,-3610.712646484,40938,30344,1.6659,-5.2532,6.9192,75.6304,0.09149,0.911,1.0731,1.1779
aw-cql-seed2,cql,264000,6,264000,1f89764276ca9bec,-3610.712646484,51996,11915,10.3471,-6.8605,17.2076,75.6304,0.22752,0.9307,1.161,1.2474
aw-cql-seed2,cql,264000,7,264000,1f89764276ca9bec,-3610.712646484,64933,19513,7.6541,-4.325,11.9791,75.6304,0.15839,0.8974,1.1014,1.2273
aw-cql-seed2,cql,264000,11,264000,1f89764276ca9bec,-3610.712646484,76763,39227,2.8622,-3.3914,6.2536,75.6304,0.08269,0.9459,1.04,1.0995
aw-cql-seed2,cql,264000,12,264000,1f89764276ca9bec,-3610.712646484,33583,82841,-2.6837,-2.3221,-0.3615,75.6304,-0.00478,0.9342,1.0045,1.0752
aw-cql-seed2,cql,264000,13,264000,1f89764276ca9bec,-3610.712646484,29838,52509,1.7675,-2.7118,4.4792,75.6304,0.05923,0.8855,1.029,1.1621
aw-cql-seed2,cql,264000,14,264000,1f89764276ca9bec,-3610.712646484,36307,14110,15.5545,-5.9098,21.4643,75.6304,0.28381,0.9228,1.1946,1.2945
aw-cql-seed2,cql,265000,0,265000,e1cbe65fe4018322,-3629.995605469,237311,68413,42.3112,-0.2964,42.6075,76.8874,0.55416,0.841,1.2984,1.5439
aw-cql-seed2,cql,265000,2,265000,e1cbe65fe4018322,-3629.995605469,168808,33814,19.8885,-0.8958,20.7843,76.8874,0.27032,0.8862,1.0536,1.1889
aw-cql-seed2,cql,265000,4,265000,e1cbe65fe4018322,-3629.995605469,35214,133999,-3.8035,-2.1246,-1.6789,76.8874,-0.02184,0.8758,0.9626,1.0991
aw-cql-seed2,cql,265000,5,265000,e1cbe65fe4018322,-3629.995605469,40938,30344,2.3128,-5.1681,7.481,76.8874,0.0973,0.9117,1.0748,1.179
aw-cql-seed2,cql,265000,6,265000,e1cbe65fe4018322,-3629.995605469,51996,11915,10.6037,-6.8907,17.4943,76.8874,0.22753,0.9297,1.1574,1.2449
aw-cql-seed2,cql,265000,7,265000,e1cbe65fe4018322,-3629.995605469,64933,19513,8.1962,-3.9537,12.1499,76.8874,0.15802,0.8973,1.1012,1.2273
aw-cql-seed2,cql,265000,11,265000,e1cbe65fe4018322,-3629.995605469,76763,39227,2.9578,-3.3469,6.3047,76.8874,0.082,0.9467,1.0417,1.1004
aw-cql-seed2,cql,265000,12,265000,e1cbe65fe4018322,-3629.995605469,33583,82841,-2.9193,-2.2322,-0.6871,76.8874,-0.00894,0.9326,1.0037,1.0762
aw-cql-seed2,cql,265000,13,265000,e1cbe65fe4018322,-3629.995605469,29838,52509,1.3388,-2.987,4.3259,76.8874,0.05626,0.8874,1.0307,1.1615
aw-cql-seed2,cql,265000,14,265000,e1cbe65fe4018322,-3629.995605469,36307,14110,16.46,-5.2814,21.7413,76.8874,0.28277,0.9247,1.2016,1.2994
aw-cql-seed2,cql,266000,0,266000,8d63675a30e80522,-3644.951660156,237311,68413,42.5552,0.8245,41.7306,76.7704,0.54358,0.8396,1.2882,1.5344
aw-cql-seed2,cql,266000,2,266000,8d63675a30e80522,-3644.951660156,168808,33814,20.22,-1.1252,21.3451,76.7704,0.27804,0.8861,1.0509,1.186
aw-cql-seed2,cql,266000,4,266000,8d63675a30e80522,-3644.951660156,35214,133999,-3.6164,-1.9869,-1.6295,76.7704,-0.02122,0.8765,0.9624,1.0981
aw-cql-seed2,cql,266000,5,266000,8d63675a30e80522,-3644.951660156,40938,30344,2.3334,-5.1478,7.4812,76.7704,0.09745,0.9122,1.0709,1.1739
aw-cql-seed2,cql,266000,6,266000,8d63675a30e80522,-3644.951660156,51996,11915,9.7567,-6.8478,16.6045,76.7704,0.21629,0.9317,1.1538,1.2384
aw-cql-seed2,cql,266000,7,266000,8d63675a30e80522,-3644.951660156,64933,19513,7.6824,-4.025,11.7075,76.7704,0.1525,0.8974,1.0951,1.2203
aw-cql-seed2,cql,266000,11,266000,8d63675a30e80522,-3644.951660156,76763,39227,2.6929,-3.5796,6.2725,76.7704,0.0817,0.9471,1.0411,1.0993
aw-cql-seed2,cql,266000,12,266000,8d63675a30e80522,-3644.951660156,33583,82841,-3.1268,-2.2039,-0.9229,76.7704,-0.01202,0.9343,1.0047,1.0753
aw-cql-seed2,cql,266000,13,266000,8d63675a30e80522,-3644.951660156,29838,52509,0.962,-3.0916,4.0536,76.7704,0.0528,0.8896,1.0303,1.1582
aw-cql-seed2,cql,266000,14,266000,8d63675a30e80522,-3644.951660156,36307,14110,17.0382,-5.2327,22.2709,76.7704,0.2901,0.9274,1.1936,1.287
aw-cql-seed2,cql,267000,0,267000,0715080d080128a8,-3657.668945312,237311,68413,41.7676,-0.0474,41.815,75.9979,0.55021,0.8414,1.3,1.5451
aw-cql-seed2,cql,267000,2,267000,0715080d080128a8,-3657.668945312,168808,33814,20.0847,-1.2206,21.3053,75.9979,0.28034,0.8866,1.0543,1.1892
aw-cql-seed2,cql,267000,4,267000,0715080d080128a8,-3657.668945312,35214,133999,-3.9379,-1.8561,-2.0818,75.9979,-0.02739,0.8737,0.9617,1.1007
aw-cql-seed2,cql,267000,5,267000,0715080d080128a8,-3657.668945312,40938,30344,2.1423,-4.7815,6.9239,75.9979,0.09111,0.9121,1.0712,1.1745
aw-cql-seed2,cql,267000,6,267000,0715080d080128a8,-3657.668945312,51996,11915,9.5736,-6.8569,16.4305,75.9979,0.2162,0.9309,1.1588,1.2448
aw-cql-seed2,cql,267000,7,267000,0715080d080128a8,-3657.668945312,64933,19513,7.5372,-4.5776,12.1148,75.9979,0.15941,0.8971,1.0971,1.223
aw-cql-seed2,cql,267000,11,267000,0715080d080128a8,-3657.668945312,76763,39227,2.8053,-3.4197,6.2249,75.9979,0.08191,0.9467,1.0411,1.0997
aw-cql-seed2,cql,267000,12,267000,0715080d080128a8,-3657.668945312,33583,82841,-3.5522,-2.3868,-1.1654,75.9979,-0.01533,0.9336,1.0044,1.0758
aw-cql-seed2,cql,267000,13,267000,0715080d080128a8,-3657.668945312,29838,52509,1.4192,-2.8602,4.2794,75.9979,0.05631,0.8877,1.0294,1.1596
aw-cql-seed2,cql,267000,14,267000,0715080d080128a8,-3657.668945312,36307,14110,16.62,-5.2265,21.8465,75.9979,0.28746,0.9252,1.19,1.2862
aw-cql-seed2,cql,268000,0,268000,4513686829fbe132,-3675.627929688,237311,68413,41.7439,0.3494,41.3944,75.9424,0.54508,0.8398,1.2939,1.5407
aw-cql-seed2,cql,268000,2,268000,4513686829fbe132,-3675.627929688,168808,33814,19.876,-1.2691,21.1451,75.9424,0.27844,0.8857,1.0533,1.1891
aw-cql-seed2,cql,268000,4,268000,4513686829fbe132,-3675.627929688,35214,133999,-4.2858,-2.3333,-1.9525,75.9424,-0.02571,0.876,0.9619,1.0981
aw-cql-seed2,cql,268000,5,268000,4513686829fbe132,-3675.627929688,40938,30344,1.5801,-5.4474,7.0275,75.9424,0.09254,0.9107,1.0722,1.1772
aw-cql-seed2,cql,268000,6,268000,4513686829fbe132,-3675.627929688,51996,11915,9.91,-7.1287,17.0387,75.9424,0.22436,0.9281,1.1562,1.2458
aw-cql-seed2,cql,268000,7,268000,4513686829fbe132,-3675.627929688,64933,19513,7.0619,-4.4022,11.4641,75.9424,0.15096,0.8967,1.0993,1.2259
aw-cql-seed2,cql,268000,11,268000,4513686829fbe132,-3675.627929688,76763,39227,3.1071,-3.3853,6.4925,75.9424,0.08549,0.9474,1.0426,1.1005
aw-cql-seed2,cql,268000,12,268000,4513686829fbe132,-3675.627929688,33583,82841,-2.6416,-2.4697,-0.1718,75.9424,-0.00226,0.9335,1.0041,1.0756
aw-cql-seed2,cql,268000,13,268000,4513686829fbe132,-3675.627929688,29838,52509,0.6328,-3.446,4.0787,75.9424,0.05371,0.8861,1.0293,1.1616
aw-cql-seed2,cql,268000,14,268000,4513686829fbe132,-3675.627929688,36307,14110,15.498,-5.5203,21.0183,75.9424,0.27677,0.9219,1.1944,1.2957
aw-cql-seed2,cql,269000,0,269000,ce504e7f874c76f3,-3693.295898438,237311,68413,41.7164,-0.7997,42.5161,77.4228,0.54914,0.84,1.2907,1.5364
aw-cql-seed2,cql,269000,2,269000,ce504e7f874c76f3,-3693.295898438,168808,33814,20.0306,-1.1014,21.132,77.4228,0.27294,0.8858,1.0501,1.1855
aw-cql-seed2,cql,269000,4,269000,ce504e7f874c76f3,-3693.295898438,35214,133999,-5.0036,-1.8921,-3.1115,77.4228,-0.04019,0.876,0.9621,1.0982
aw-cql-seed2,cql,269000,5,269000,ce504e7f874c76f3,-3693.295898438,40938,30344,0.1248,-5.1145,5.2393,77.4228,0.06767,0.9096,1.0722,1.1788
aw-cql-seed2,cql,269000,6,269000,ce504e7f874c76f3,-3693.295898438,51996,11915,9.7727,-6.8881,16.6608,77.4228,0.21519,0.9289,1.1579,1.2465
aw-cql-seed2,cql,269000,7,269000,ce504e7f874c76f3,-3693.295898438,64933,19513,7.6679,-4.3973,12.0652,77.4228,0.15584,0.898,1.0987,1.2235
aw-cql-seed2,cql,269000,11,269000,ce504e7f874c76f3,-3693.295898438,76763,39227,3.544,-2.9491,6.4931,77.4228,0.08387,0.9472,1.0424,1.1005
aw-cql-seed2,cql,269000,12,269000,ce504e7f874c76f3,-3693.295898438,33583,82841,-3.0405,-2.2568,-0.7836,77.4228,-0.01012,0.9337,1.0041,1.0754
aw-cql-seed2,cql,269000,13,269000,ce504e7f874c76f3,-3693.295898438,29838,52509,0.6198,-2.8262,3.446,77.4228,0.04451,0.8872,1.029,1.1599
aw-cql-seed2,cql,269000,14,269000,ce504e7f874c76f3,-3693.295898438,36307,14110,16.9882,-4.9691,21.9573,77.4228,0.2836,0.922,1.1906,1.2913
aw-cql-seed2,cql,270000,0,270000,0f4fdcd333743e3d,-3705.206542969,237311,68413,41.8787,-0.4572,42.3358,75.6376,0.55972,0.8405,1.294,1.5394
aw-cql-seed2,cql,270000,2,270000,0f4fdcd333743e3d,-3705.206542969,168808,33814,19.9325,-1.0705,21.003,75.6376,0.27768,0.8853,1.0513,1.1875
aw-cql-seed2,cql,270000,4,270000,0f4fdcd333743e3d,-3705.206542969,35214,133999,-3.2869,-1.6458,-1.6411,75.6376,-0.0217,0.874,0.9619,1.1005
aw-cql-seed2,cql,270000,5,270000,0f4fdcd333743e3d,-3705.206542969,40938,30344,1.8734,-4.8711,6.7445,75.6376,0.08917,0.9104,1.0723,1.1778
aw-cql-seed2,cql,270000,6,270000,0f4fdcd333743e3d,-3705.206542969,51996,11915,9.679,-6.4503,16.1292,75.6376,0.21324,0.9298,1.1544,1.2416
aw-cql-seed2,cql,270000,7,270000,0f4fdcd333743e3d,-3705.206542969,64933,19513,7.8788,-3.7085,11.5873,75.6376,0.15319,0.8975,1.0981,1.2235
aw-cql-seed2,cql,270000,11,270000,0f4fdcd333743e3d,-3705.206542969,76763,39227,3.1254,-3.2084,6.3338,75.6376,0.08374,0.9482,1.0413,1.0983
aw-cql-seed2,cql,270000,12,270000,0f4fdcd333743e3d,-3705.206542969,33583,82841,-2.109,-1.6677,-0.4413,75.6376,-0.00583,0.9344,1.0047,1.0752
aw-cql-seed2,cql,270000,13,270000,0f4fdcd333743e3d,-3705.206542969,29838,52509,2.6148,-2.3602,4.9749,75.6376,0.06577,0.8881,1.0306,1.1605
aw-cql-seed2,cql,270000,14,270000,0f4fdcd333743e3d,-3705.206542969,36307,14110,17.3555,-5.2177,22.5732,75.6376,0.29844,0.9252,1.1951,1.2917
aw-cql-seed2,cql,271000,0,271000,37d0b73bc60e12a9,-3722.300537109,237311,68413,41.4926,-0.2577,41.7503,75.5671,0.55249,0.8416,1.3022,1.5474
aw-cql-seed2,cql,271000,2,271000,37d0b73bc60e12a9,-3722.300537109,168808,33814,20.0037,-1.1085,21.1122,75.5671,0.27938,0.8858,1.0517,1.1873
aw-cql-seed2,cql,271000,4,271000,37d0b73bc60e12a9,-3722.300537109,35214,133999,-2.4008,-1.3525,-1.0483,75.5671,-0.01387,0.8763,0.9624,1.0982
aw-cql-seed2,cql,271000,5,271000,37d0b73bc60e12a9,-3722.300537109,40938,30344,2.749,-5.1124,7.8614,75.5671,0.10403,0.9104,1.0738,1.1795
aw-cql-seed2,cql,271000,6,271000,37d0b73bc60e12a9,-3722.300537109,51996,11915,9.9685,-6.5809,16.5495,75.5671,0.219,0.9285,1.1585,1.2477
aw-cql-seed2,cql,271000,7,271000,37d0b73bc60e12a9,-3722.300537109,64933,19513,7.6952,-4.3711,12.0664,75.5671,0.15968,0.8976,1.098,1.2233
aw-cql-seed2,cql,271000,11,271000,37d0b73bc60e12a9,-3722.300537109,76763,39227,3.2579,-3.1309,6.3888,75.5671,0.08455,0.9474,1.0416,1.0995
aw-cql-seed2,cql,271000,12,271000,37d0b73bc60e12a9,-3722.300537109,33583,82841,-2.0614,-1.7238,-0.3376,75.5671,-0.00447,0.9334,1.0039,1.0755
aw-cql-seed2,cql,271000,13,271000,37d0b73bc60e12a9,-3722.300537109,29838,52509,1.8753,-2.5444,4.4197,75.5671,0.05849,0.8879,1.0303,1.1604
aw-cql-seed2,cql,271000,14,271000,37d0b73bc60e12a9,-3722.300537109,36307,14110,16.9417,-5.2748,22.2166,75.5671,0.294,0.9243,1.1963,1.2943
aw-cql-seed2,cql,272000,0,272000,e7f3a49ca8fcfc4b,-3738.431152344,237311,68413,41.4182,-0.2365,41.6547,75.3364,0.55292,0.8398,1.2908,1.537
aw-cql-seed2,cql,272000,2,272000,e7f3a49ca8fcfc4b,-3738.431152344,168808,33814,19.4546,-0.9421,20.3966,75.3364,0.27074,0.8862,1.052,1.1871
aw-cql-seed2,cql,272000,4,272000,e7f3a49ca8fcfc4b,-3738.431152344,35214,133999,-3.8024,-1.9762,-1.8262,75.3364,-0.02424,0.8746,0.9616,1.0995
aw-cql-seed2,cql,272000,5,272000,e7f3a49ca8fcfc4b,-3738.431152344,40938,30344,2.013,-5.0112,7.0241,75.3364,0.09324,0.9111,1.0727,1.1773
aw-cql-seed2,cql,272000,6,272000,e7f3a49ca8fcfc4b,-3738.431152344,51996,11915,9.2827,-6.6761,15.9589,75.3364,0.21183,0.9285,1.1579,1.2471
aw-cql-seed2,cql,272000,7,272000,e7f3a49ca8fcfc4b,-3738.431152344,64933,19513,7.4031,-3.999,11.4021,75.3364,0.15135,0.8975,1.0965,1.2217
aw-cql-seed2,cql,272000,11,272000,e7f3a49ca8fcfc4b,-3738.431152344,76763,39227,2.9505,-3.3153,6.2659,75.3364,0.08317,0.9479,1.0407,1.0978
aw-cql-seed2,cql,272000,12,272000,e7f3a49ca8fcfc4b,-3738.431152344,33583,82841,-2.7925,-1.9215,-0.8711,75.3364,-0.01156,0.9335,1.0038,1.0753
aw-cql-seed2,cql,272000,13,272000,e7f3a49ca8fcfc4b,-3738.431152344,29838,52509,0.6123,-2.9503,3.5626,75.3364,0.04729,0.8869,1.0297,1.161
aw-cql-seed2,cql,272000,14,272000,e7f3a49ca8fcfc4b,-3738.431152344,36307,14110,15.9692,-5.4942,21.4634,75.3364,0.2849,0.9234,1.1955,1.2947
aw-cql-seed2,cql,273000,0,273000,dec5128c599d2c4c,-3754.812744141,237311,68413,41.0337,-0.9367,41.9703,75.6883,0.55452,0.8405,1.2953,1.5411
aw-cql-seed2,cql,273000,2,273000,dec5128c599d2c4c,-3754.812744141,168808,33814,20.2181,-1.1857,21.4039,75.6883,0.28279,0.8859,1.0507,1.1861
aw-cql-seed2,cql,273000,4,273000,dec5128c599d2c4c,-3754.812744141,35214,133999,-4.1237,-1.7125,-2.4111,75.6883,-0.03186,0.8743,0.9609,1.0991
aw-cql-seed2,cql,273000,5,273000,dec5128c599d2c4c,-3754.812744141,40938,30344,1.1142,-5.0734,6.1876,75.6883,0.08175,0.9117,1.0707,1.1744
aw-cql-seed2,cql,273000,6,273000,dec5128c599d2c4c,-3754.812744141,51996,11915,9.9019,-6.9538,16.8557,75.6883,0.2227,0.9281,1.1487,1.2377
aw-cql-seed2,cql,273000,7,273000,dec5128c599d2c4c,-3754.812744141,64933,19513,7.6897,-4.8839,12.5736,75.6883,0.16612,0.8971,1.0958,1.2215
aw-cql-seed2,cql,273000,11,273000,dec5128c599d2c4c,-3754.812744141,76763,39227,3.3207,-3.3159,6.6366,75.6883,0.08768,0.9476,1.0408,1.0984
aw-cql-seed2,cql,273000,12,273000,dec5128c599d2c4c,-3754.812744141,33583,82841,-2.8428,-2.0767,-0.7661,75.6883,-0.01012,0.9328,1.0032,1.0755
aw-cql-seed2,cql,273000,13,273000,dec5128c599d2c4c,-3754.812744141,29838,52509,1.5347,-2.7788,4.3135,75.6883,0.05699,0.8874,1.0283,1.1588
aw-cql-seed2,cql,273000,14,273000,dec5128c599d2c4c,-3754.812744141,36307,14110,15.9351,-5.4114,21.3465,75.6883,0.28203,0.9265,1.1903,1.2847
aw-cql-seed2,cql,274000,0,274000,6b33cbca691ed91d,-3766.629638672,237311,68413,42.3459,0.1457,42.2002,76.6148,0.55081,0.8413,1.3003,1.5456
aw-cql-seed2,cql,274000,2,274000,6b33cbca691ed91d,-3766.629638672,168808,33814,20.2029,-1.1546,21.3575,76.6148,0.27876,0.8862,1.0534,1.1886
aw-cql-seed2,cql,274000,4,274000,6b33cbca691ed91d,-3766.629638672,35214,133999,-3.6346,-1.6366,-1.998,76.6148,-0.02608,0.8737,0.9613,1.1003
aw-cql-seed2,cql,274000,5,274000,6b33cbca691ed91d,-3766.629638672,40938,30344,1.8985,-5.0032,6.9018,76.6148,0.09008,0.9094,1.0698,1.1764
aw-cql-seed2,cql,274000,6,274000,6b33cbca691ed91d,-3766.629638672,51996,11915,9.8827,-7.0334,16.9161,76.6148,0.22079,0.9278,1.159,1.2493
aw-cql-seed2,cql,274000,7,274000,6b33cbca691ed91d,-3766.629638672,64933,19513,7.151,-4.4091,11.5602,76.6148,0.15089,0.8969,1.0997,1.2262
aw-cql-seed2,cql,274000,11,274000,6b33cbca691ed91d,-3766.629638672,76763,39227,3.1053,-3.0608,6.166,76.6148,0.08048,0.9477,1.042,1.0994
aw-cql-seed2,cql,274000,12,274000,6b33cbca691ed91d,-3766.629638672,33583,82841,-2.5837,-1.876,-0.7077,76.6148,-0.00924,0.9335,1.0046,1.0762
aw-cql-seed2,cql,274000,13,274000,6b33cbca691ed91d,-3766.629638672,29838,52509,1.5802,-2.804,4.3841,76.6148,0.05722,0.886,1.0291,1.1615
aw-cql-seed2,cql,274000,14,274000,6b33cbca691ed91d,-3766.629638672,36307,14110,16.6565,-5.7348,22.3913,76.6148,0.29226,0.9239,1.1956,1.2941
aw-cql-seed2,cql,275000,0,275000,0c246e632aa03e45,-3781.668945312,237311,68413,40.9115,-2.1043,43.0158,76.2904,0.56384,0.8416,1.3011,1.5459
aw-cql-seed2,cql,275000,2,275000,0c246e632aa03e45,-3781.668945312,168808,33814,20.0333,-1.1724,21.2056,76.2904,0.27796,0.886,1.0515,1.1867
aw-cql-seed2,cql,275000,4,275000,0c246e632aa03e45,-3781.668945312,35214,133999,-3.1844,-1.9421,-1.2423,76.2904,-0.01628,0.8747,0.9626,1.1006
aw-cql-seed2,cql,275000,5,275000,0c246e632aa03e45,-3781.668945312,40938,30344,2.8822,-5.0561,7.9382,76.2904,0.10405,0.9138,1.0758,1.1773
aw-cql-seed2,cql,275000,6,275000,0c246e632aa03e45,-3781.668945312,51996,11915,10.8629,-7.1675,18.0304,76.2904,0.23634,0.9288,1.1576,1.2463
aw-cql-seed2,cql,275000,7,275000,0c246e632aa03e45,-3781.668945312,64933,19513,7.2122,-4.462,11.6742,76.2904,0.15302,0.8973,1.0991,1.2249
aw-cql-seed2,cql,275000,11,275000,0c246e632aa03e45,-3781.668945312,76763,39227,2.5296,-3.6713,6.2009,76.2904,0.08128,0.9468,1.0395,1.098
aw-cql-seed2,cql,275000,12,275000,0c246e632aa03e45,-3781.668945312,33583,82841,-3.037,-2.2505,-0.7865,76.2904,-0.01031,0.9338,1.0038,1.0749
aw-cql-seed2,cql,275000,13,275000,0c246e632aa03e45,-3781.668945312,29838,52509,2.6716,-2.6326,5.3042,76.2904,0.06953,0.8891,1.0304,1.159
aw-cql-seed2,cql,275000,14,275000,0c246e632aa03e45,-3781.668945312,36307,14110,17.4686,-5.4706,22.9392,76.2904,0.30068,0.9273,1.2012,1.2953
aw-cql-seed2,cql,276000,0,276000,e0390bd54ed00ebc,-3796.494384766,237311,68413,41.4346,-1.7851,43.2197,77.4712,0.55788,0.8406,1.2996,1.5461
aw-cql-seed2,cql,276000,2,276000,e0390bd54ed00ebc,-3796.494384766,168808,33814,20.1338,-1.2344,21.3682,77.4712,0.27582,0.8858,1.0533,1.1891
aw-cql-seed2,cql,276000,4,276000,e0390bd54ed00ebc,-3796.494384766,35214,133999,-4.5146,-2.1803,-2.3343,77.4712,-0.03013,0.8766,0.9618,1.0972
aw-cql-seed2,cql,276000,5,276000,e0390bd54ed00ebc,-3796.494384766,40938,30344,1.6008,-5.3837,6.9845,77.4712,0.09016,0.9119,1.0719,1.1755
aw-cql-seed2,cql,276000,6,276000,e0390bd54ed00ebc,-3796.494384766,51996,11915,9.5798,-7.2209,16.8006,77.4712,0.21686,0.928,1.1534,1.2429
aw-cql-seed2,cql,276000,7,276000,e0390bd54ed00ebc,-3796.494384766,64933,19513,7.2699,-4.6609,11.9308,77.4712,0.154,0.8971,1.0955,1.2211
aw-cql-seed2,cql,276000,11,276000,e0390bd54ed00ebc,-3796.494384766,76763,39227,3.1051,-3.4042,6.5092,77.4712,0.08402,0.9472,1.0417,1.0998
aw-cql-seed2,cql,276000,12,276000,e0390bd54ed00ebc,-3796.494384766,33583,82841,-2.3951,-2.1116,-0.2836,77.4712,-0.00366,0.9341,1.0042,1.0751
aw-cql-seed2,cql,276000,13,276000,e0390bd54ed00ebc,-3796.494384766,29838,52509,1.3715,-2.9831,4.3546,77.4712,0.05621,0.8888,1.0289,1.1577
aw-cql-seed2,cql,276000,14,276000,e0390bd54ed00ebc,-3796.494384766,36307,14110,15.3284,-5.7923,21.1206,77.4712,0.27263,0.9245,1.1914,1.2887
aw-cql-seed2,cql,277000,0,277000,900f64594bf2063b,-3807.423095703,237311,68413,41.3255,-0.9948,42.3203,76.4719,0.55341,0.84,1.2933,1.5396
aw-cql-seed2,cql,277000,2,277000,900f64594bf2063b,-3807.423095703,168808,33814,19.6887,-1.3689,21.0576,76.4719,0.27536,0.8864,1.0534,1.1884
aw-cql-seed2,cql,277000,4,277000,900f64594bf2063b,-3807.423095703,35214,133999,-3.8426,-1.9332,-1.9094,76.4719,-0.02497,0.8741,0.962,1.1006
aw-cql-seed2,cql,277000,5,277000,900f64594bf2063b,-3807.423095703,40938,30344,1.1914,-5.3997,6.5911,76.4719,0.08619,0.9126,1.0754,1.1784
aw-cql-seed2,cql,277000,6,277000,900f64594bf2063b,-3807.423095703,51996,11915,9.9051,-7.0827,16.9877,76.4719,0.22214,0.9282,1.1517,1.2408
aw-cql-seed2,cql,277000,7,277000,900f64594bf2063b,-3807.423095703,64933,19513,7.4343,-4.5654,11.9997,76.4719,0.15692,0.8969,1.0958,1.2217
aw-cql-seed2,cql,277000,11,277000,900f64594bf2063b,-3807.423095703,76763,39227,2.4297,-3.5164,5.9461,76.4719,0.07776,0.9469,1.0405,1.0988
aw-cql-seed2,cql,277000,12,277000,900f64594bf2063b,-3807.423095703,33583,82841,-2.3119,-1.9882,-0.3238,76.4719,-0.00423,0.9331,1.0042,1.0762
aw-cql-seed2,cql,277000,13,277000,900f64594bf2063b,-3807.423095703,29838,52509,1.1671,-3.0671,4.2342,76.4719,0.05537,0.8867,1.0296,1.1611
aw-cql-seed2,cql,277000,14,277000,900f64594bf2063b,-3807.423095703,36307,14110,16.0981,-5.522,21.62,76.4719,0.28272,0.9235,1.1883,1.2867
aw-cql-seed2,cql,278000,0,278000,baad69f4c952c2ac,-3822.185546875,237311,68413,40.5839,-1.3624,41.9463,75.2031,0.55777,0.8408,1.2939,1.5389
aw-cql-seed2,cql,278000,2,278000,baad69f4c952c2ac,-3822.185546875,168808,33814,19.724,-1.1655,20.8895,75.2031,0.27777,0.8858,1.0521,1.1876
aw-cql-seed2,cql,278000,4,278000,baad69f4c952c2ac,-3822.185546875,35214,133999,-3.4565,-2.0026,-1.4539,75.2031,-0.01933,0.8731,0.9613,1.1011
aw-cql-seed2,cql,278000,5,278000,baad69f4c952c2ac,-3822.185546875,40938,30344,2.627,-4.9428,7.5698,75.2031,0.10066,0.9086,1.0709,1.1786
aw-cql-seed2,cql,278000,6,278000,baad69f4c952c2ac,-3822.185546875,51996,11915,10.8321,-6.1054,16.9375,75.2031,0.22522,0.9273,1.1538,1.2442
aw-cql-seed2,cql,278000,7,278000,baad69f4c952c2ac,-3822.185546875,64933,19513,8.0813,-4.0843,12.1657,75.2031,0.16177,0.8971,1.0978,1.2237
aw-cql-seed2,cql,278000,11,278000,baad69f4c952c2ac,-3822.185546875,76763,39227,3.1679,-3.2332,6.401,75.2031,0.08512,0.948,1.043,1.1002
aw-cql-seed2,cql,278000,12,278000,baad69f4c952c2ac,-3822.185546875,33583,82841,-3.0789,-2.468,-0.6109,75.2031,-0.00812,0.9337,1.004,1.0753
aw-cql-seed2,cql,278000,13,278000,baad69f4c952c2ac,-3822.185546875,29838,52509,1.1875,-3.1388,4.3263,75.2031,0.05753,0.8858,1.0282,1.1608
aw-cql-seed2,cql,278000,14,278000,baad69f4c952c2ac,-3822.185546875,36307,14110,16.1692,-5.4832,21.6524,75.2031,0.28792,0.9231,1.1848,1.2836
aw-cql-seed2,cql,279000,0,279000,7bb254e225db4bbf,-3836.520507812,237311,68413,41.0693,-1.0443,42.1136,75.7755,0.55577,0.8423,1.2995,1.5428
aw-cql-seed2,cql,279000,2,279000,7bb254e225db4bbf,-3836.520507812,168808,33814,19.4475,-0.9601,20.4077,75.7755,0.26932,0.8867,1.0527,1.1872
aw-cql-seed2,cql,279000,4,279000,7bb254e225db4bbf,-3836.520507812,35214,133999,-4.5556,-1.8588,-2.6968,75.7755,-0.03559,0.8756,0.9614,1.098
aw-cql-seed2,cql,279000,5,279000,7bb254e225db4bbf,-3836.520507812,40938,30344,1.5383,-5.3662,6.9045,75.7755,0.09112,0.9119,1.0735,1.1772
aw-cql-seed2,cql,279000,6,279000,7bb254e225db4bbf,-3836.520507812,51996,11915,10.2514,-6.485,16.7364,75.7755,0.22087,0.9288,1.1573,1.2461
aw-cql-seed2,cql,279000,7,279000,7bb254e225db4bbf,-3836.520507812,64933,19513,7.5221,-4.3957,11.9178,75.7755,0.15728,0.897,1.0967,1.2226
aw-cql-seed2,cql,279000,11,279000,7bb254e225db4bbf,-3836.520507812,76763,39227,3.1409,-3.3171,6.458,75.7755,0.08523,0.9468,1.0421,1.1006
aw-cql-seed2,cql,279000,12,279000,7bb254e225db4bbf,-3836.520507812,33583,82841,-2.162,-1.8542,-0.3078,75.7755,-0.00406,0.9328,1.0036,1.0759
aw-cql-seed2,cql,279000,13,279000,7bb254e225db4bbf,-3836.520507812,29838,52509,1.685,-2.6904,4.3754,75.7755,0.05774,0.8887,1.0297,1.1587
aw-cql-seed2,cql,279000,14,279000,7bb254e225db4bbf,-3836.520507812,36307,14110,16.2079,-5.5732,21.7811,75.7755,0.28744,0.9272,1.1875,1.2807
aw-cql-seed2,cql,280000,0,280000,4e5064856a154847,-3850.173095703,237311,68413,40.8048,-0.6802,41.485,75.7036,0.54799,0.8403,1.2952,1.5415
aw-cql-seed2,cql,280000,2,280000,4e5064856a154847,-3850.173095703,168808,33814,19.5484,-1.6919,21.2403,75.7036,0.28057,0.8854,1.0492,1.1851
aw-cql-seed2,cql,280000,4,280000,4e5064856a154847,-3850.173095703,35214,133999,-4.1416,-2.0285,-2.1131,75.7036,-0.02791,0.8741,0.9618,1.1003
aw-cql-seed2,cql,280000,5,280000,4e5064856a154847,-3850.173095703,40938,30344,2.0312,-4.9333,6.9645,75.7036,0.092,0.9085,1.0707,1.1785
aw-cql-seed2,cql,280000,6,280000,4e5064856a154847,-3850.173095703,51996,11915,9.2501,-6.9445,16.1946,75.7036,0.21392,0.9293,1.1556,1.2435
aw-cql-seed2,cql,280000,7,280000,4e5064856a154847,-3850.173095703,64933,19513,6.411,-4.8457,11.2568,75.7036,0.1487,0.899,1.097,1.2203
aw-cql-seed2,cql,280000,11,280000,4e5064856a154847,-3850.173095703,76763,39227,1.6649,-3.9447,5.6096,75.7036,0.0741,0.9478,1.0399,1.0972
aw-cql-seed2,cql,280000,12,280000,4e5064856a154847,-3850.173095703,33583,82841,-3.1326,-2.3468,-0.7858,75.7036,-0.01038,0.935,1.0045,1.0743
aw-cql-seed2,cql,280000,13,280000,4e5064856a154847,-3850.173095703,29838,52509,1.3903,-2.7781,4.1684,75.7036,0.05506,0.8836,1.0289,1.1645
aw-cql-seed2,cql,280000,14,280000,4e5064856a154847,-3850.173095703,36307,14110,16.4236,-5.3559,21.7795,75.7036,0.28769,0.9225,1.1967,1.2972
aw-cql-seed2,cql,281000,0,281000,b054a5888177e534,-3868.498046875,237311,68413,40.5546,-1.0535,41.6081,75.3315,0.55233,0.8395,1.2948,1.5424
aw-cql-seed2,cql,281000,2,281000,b054a5888177e534,-3868.498046875,168808,33814,19.3813,-1.4567,20.838,75.3315,0.27662,0.8855,1.0508,1.1866
aw-cql-seed2,cql,281000,4,281000,b054a5888177e534,-3868.498046875,35214,133999,-4.4853,-2.1295,-2.3558,75.3315,-0.03127,0.8749,0.9625,1.1001
aw-cql-seed2,cql,281000,5,281000,b054a5888177e534,-3868.498046875,40938,30344,2.0125,-5.2297,7.2422,75.3315,0.09614,0.9107,1.073,1.1782
aw-cql-seed2,cql,281000,6,281000,b054a5888177e534,-3868.498046875,51996,11915,10.106,-6.2861,16.3921,75.3315,0.2176,0.9293,1.155,1.2428
aw-cql-seed2,cql,281000,7,281000,b054a5888177e534,-3868.498046875,64933,19513,6.9074,-4.6077,11.5151,75.3315,0.15286,0.8974,1.0977,1.2233
aw-cql-seed2,cql,281000,11,281000,b054a5888177e534,-3868.498046875,76763,39227,1.9875,-3.9024,5.8899,75.3315,0.07819,0.9468,1.041,1.0995
aw-cql-seed2,cql,281000,12,281000,b054a5888177e534,-3868.498046875,33583,82841,-2.9719,-2.1817,-0.7902,75.3315,-0.01049,0.934,1.0039,1.0749
aw-cql-seed2,cql,281000,13,281000,b054a5888177e534,-3868.498046875,29838,52509,1.2639,-2.8361,4.1,75.3315,0.05443,0.8861,1.0297,1.1621
aw-cql-seed2,cql,281000,14,281000,b054a5888177e534,-3868.498046875,36307,14110,15.9229,-5.1625,21.0854,75.3315,0.2799,0.9245,1.1947,1.2922
aw-cql-seed2,cql,282000,0,282000,cea36e124ce1c7c4,-3875.146484375,237311,68413,40.7175,-0.6676,41.3851,75.5159,0.54803,0.8417,1.3014,1.546
aw-cql-seed2,cql,282000,2,282000,cea36e124ce1c7c4,-3875.146484375,168808,33814,19.8416,-0.9432,20.7848,75.5159,0.27524,0.8857,1.0533,1.1892
aw-cql-seed2,cql,282000,4,282000,cea36e124ce1c7c4,-3875.146484375,35214,133999,-3.8911,-2.0741,-1.817,75.5159,-0.02406,0.8741,0.9616,1.1
aw-cql-seed2,cql,282000,5,282000,cea36e124ce1c7c4,-3875.146484375,40938,30344,1.3897,-5.4876,6.8773,75.5159,0.09107,0.9112,1.0728,1.1774
aw-cql-seed2,cql,282000,6,282000,cea36e124ce1c7c4,-3875.146484375,51996,11915,9.5812,-7.5122,17.0934,75.5159,0.22636,0.9285,1.1593,1.2485
aw-cql-seed2,cql,282000,7,282000,cea36e124ce1c7c4,-3875.146484375,64933,19513,7.3447,-4.065,11.4098,75.5159,0.15109,0.8964,1.0989,1.226
aw-cql-seed2,cql,282000,11,282000,cea36e124ce1c7c4,-3875.146484375,76763,39227,3.457,-3.1021,6.5591,75.5159,0.08686,0.9466,1.0415,1.1002
aw-cql-seed2,cql,282000,12,282000,cea36e124ce1c7c4,-3875.146484375,33583,82841,-2.2614,-1.8895,-0.3718,75.5159,-0.00492,0.9338,1.0044,1.0756
aw-cql-seed2,cql,282000,13,282000,cea36e124ce1c7c4,-3875.146484375,29838,52509,1.3024,-2.9325,4.2349,75.5159,0.05608,0.8855,1.0281,1.161
aw-cql-seed2,cql,282000,14,282000,cea36e124ce1c7c4,-3875.146484375,36307,14110,16.4564,-5.6959,22.1523,75.5159,0.29335,0.9232,1.19,1.289
aw-cql-seed2,cql,283000,0,283000,8555ffc928c6d223,-3897.139892578,237311,68413,40.3031,-1.5326,41.8357,75.1449,0.55673,0.8413,1.2923,1.536
aw-cql-seed2,cql,283000,2,283000,8555ffc928c6d223,-3897.139892578,168808,33814,20.2999,-0.8909,21.1908,75.1449,0.282,0.887,1.0534,1.1876
aw-cql-seed2,cql,283000,4,283000,8555ffc928c6d223,-3897.139892578,35214,133999,-4.4408,-1.8995,-2.5413,75.1449,-0.03382,0.8739,0.9621,1.101
aw-cql-seed2,cql,283000,5,283000,8555ffc928c6d223,-3897.139892578,40938,30344,1.3792,-5.061,6.4402,75.1449,0.0857,0.9083,1.0712,1.1794
aw-cql-seed2,cql,283000,6,283000,8555ffc928c6d223,-3897.139892578,51996,11915,9.2166,-7.3737,16.5903,75.1449,0.22078,0.9275,1.1547,1.245
aw-cql-seed2,cql,283000,7,283000,8555ffc928c6d223,-3897.139892578,64933,19513,6.8447,-5.0747,11.9194,75.1449,0.15862,0.8976,1.0997,1.2251
aw-cql-seed2,cql,283000,11,283000,8555ffc928c6d223,-3897.139892578,76763,39227,2.4953,-3.7361,6.2314,75.1449,0.08293,0.9472,1.0416,1.0996
aw-cql-seed2,cql,283000,12,283000,8555ffc928c6d223,-3897.139892578,33583,82841,-3.8761,-2.6753,-1.2008,75.1449,-0.01598,0.9333,1.0041,1.0758
aw-cql-seed2,cql,283000,13,283000,8555ffc928c6d223,-3897.139892578,29838,52509,1.1177,-2.8734,3.9911,75.1449,0.05311,0.885,1.0299,1.1637
aw-cql-seed2,cql,283000,14,283000,8555ffc928c6d223,-3897.139892578,36307,14110,15.7805,-5.3488,21.1293,75.1449,0.28118,0.9234,1.1951,1.2943
aw-cql-seed2,cql,284000,0,284000,20285fd876b46b13,-3917.991699219,237311,68413,41.2672,-0.1917,41.4589,76.4486,0.54231,0.8415,1.3006,1.5456
aw-cql-seed2,cql,284000,2,284000,20285fd876b46b13,-3917.991699219,168808,33814,19.3596,-1.5011,20.8608,76.4486,0.27287,0.8863,1.0541,1.1893
aw-cql-seed2,cql,284000,4,284000,20285fd876b46b13,-3917.991699219,35214,133999,-4.3287,-1.7784,-2.5503,76.4486,-0.03336,0.8753,0.9614,1.0983
aw-cql-seed2,cql,284000,5,284000,20285fd876b46b13,-3917.991699219,40938,30344,1.1298,-5.7232,6.853,76.4486,0.08964,0.9133,1.0728,1.1747
aw-cql-seed2,cql,284000,6,284000,20285fd876b46b13,-3917.991699219,51996,11915,9.8116,-7.4801,17.2918,76.4486,0.22619,0.9274,1.1561,1.2466
aw-cql-seed2,cql,284000,7,284000,20285fd876b46b13,-3917.991699219,64933,19513,7.241,-5.0233,12.2642,76.4486,0.16042,0.8968,1.1004,1.2271
aw-cql-seed2,cql,284000,11,284000,20285fd876b46b13,-3917.991699219,76763,39227,2.7056,-3.3901,6.0958,76.4486,0.07974,0.9467,1.0411,1.0997
aw-cql-seed2,cql,284000,12,284000,20285fd876b46b13,-3917.991699219,33583,82841,-3.518,-2.0079,-1.5102,76.4486,-0.01975,0.9338,1.0039,1.075
aw-cql-seed2,cql,284000,13,284000,20285fd876b46b13,-3917.991699219,29838,52509,0.7554,-2.8477,3.6031,76.4486,0.04713,0.8899,1.03,1.1575
aw-cql-seed2,cql,284000,14,284000,20285fd876b46b13,-3917.991699219,36307,14110,16.8103,-5.2683,22.0787,76.4486,0.2888,0.9248,1.1965,1.2938
aw-cql-seed2,cql,285000,0,285000,c640408805a4bd8d,-3931.474853516,237311,68413,40.8655,-0.838,41.7035,76.4683,0.54537,0.8399,1.2905,1.5365
aw-cql-seed2,cql,285000,2,285000,c640408805a4bd8d,-3931.474853516,168808,33814,20.0432,-1.0785,21.1217,76.4683,0.27622,0.8864,1.053,1.1881
aw-cql-seed2,cql,285000,4,285000,c640408805a4bd8d,-3931.474853516,35214,133999,-5.5022,-2.2266,-3.2756,76.4683,-0.04284,0.8758,0.9624,1.0988
aw-cql-seed2,cql,285000,5,285000,c640408805a4bd8d,-3931.474853516,40938,30344,1.223,-5.6881,6.9111,76.4683,0.09038,0.9113,1.0744,1.1791
aw-cql-seed2,cql,285000,6,285000,c640408805a4bd8d,-3931.474853516,51996,11915,9.6553,-7.3407,16.996,76.4683,0.22226,0.9297,1.1575,1.245
aw-cql-seed2,cql,285000,7,285000,c640408805a4bd8d,-3931.474853516,64933,19513,6.7142,-4.8894,11.6036,76.4683,0.15174,0.8962,1.0993,1.2266
aw-cql-seed2,cql,285000,11,285000,c640408805a4bd8d,-3931.474853516,76763,39227,2.0412,-3.7457,5.787,76.4683,0.07568,0.947,1.0423,1.1006
aw-cql-seed2,cql,285000,12,285000,c640408805a4bd8d,-3931.474853516,33583,82841,-3.6015,-2.1947,-1.4068,76.4683,-0.0184,0.9354,1.0048,1.0742
aw-cql-seed2,cql,285000,13,285000,c640408805a4bd8d,-3931.474853516,29838,52509,0.1065,-3.2518,3.3583,76.4683,0.04392,0.889,1.0314,1.1602
aw-cql-seed2,cql,285000,14,285000,c640408805a4bd8d,-3931.474853516,36307,14110,15.826,-5.7447,21.5707,76.4683,0.28209,0.9251,1.2,1.2972
aw-cql-seed2,cql,286000,0,286000,77813d8bd651b9be,-3946.323242188,237311,68413,41.4282,-0.738,42.1662,76.4707,0.5514,0.84,1.2887,1.5341
aw-cql-seed2,cql,286000,2,286000,77813d8bd651b9be,-3946.323242188,168808,33814,19.6085,-1.196,20.8045,76.4707,0.27206,0.8869,1.0522,1.1864
aw-cql-seed2,cql,286000,4,286000,77813d8bd651b9be,-3946.323242188,35214,133999,-4.2335,-2.0136,-2.2199,76.4707,-0.02903,0.8755,0.962,1.0988
aw-cql-seed2,cql,286000,5,286000,77813d8bd651b9be,-3946.323242188,40938,30344,1.6343,-5.1079,6.7423,76.4707,0.08817,0.9096,1.0734,1.1801
aw-cql-seed2,cql,286000,6,286000,77813d8bd651b9be,-3946.323242188,51996,11915,9.4893,-7.3247,16.8141,76.4707,0.21988,0.93,1.1596,1.2469
aw-cql-seed2,cql,286000,7,286000,77813d8bd651b9be,-3946.323242188,64933,19513,7.2418,-4.6527,11.8945,76.4707,0.15554,0.8967,1.0973,1.2237
aw-cql-seed2,cql,286000,11,286000,77813d8bd651b9be,-3946.323242188,76763,39227,3.1361,-3.1155,6.2516,76.4707,0.08175,0.947,1.0404,1.0987
aw-cql-seed2,cql,286000,12,286000,77813d8bd651b9be,-3946.323242188,33583,82841,-2.818,-1.9586,-0.8594,76.4707,-0.01124,0.9341,1.0043,1.0751
aw-cql-seed2,cql,286000,13,286000,77813d8bd651b9be,-3946.323242188,29838,52509,1.0604,-2.8032,3.8636,76.4707,0.05052,0.8875,1.03,1.1606
aw-cql-seed2,cql,286000,14,286000,77813d8bd651b9be,-3946.323242188,36307,14110,16.4492,-5.4944,21.9436,76.4707,0.28695,0.9253,1.1977,1.2945
aw-cql-seed2,cql,287000,0,287000,c39fb857c0dcdad9,-3959.048828125,237311,68413,41.135,-1.2703,42.4052,76.667,0.55311,0.8413,1.2964,1.541
aw-cql-seed2,cql,287000,2,287000,c39fb857c0dcdad9,-3959.048828125,168808,33814,19.8314,-1.4243,21.2557,76.667,0.27725,0.886,1.0523,1.1877
aw-cql-seed2,cql,287000,4,287000,c39fb857c0dcdad9,-3959.048828125,35214,133999,-4.1652,-2.2342,-1.931,76.667,-0.02519,0.8758,0.9611,1.0974
aw-cql-seed2,cql,287000,5,287000,c39fb857c0dcdad9,-3959.048828125,40938,30344,1.1849,-5.2616,6.4466,76.667,0.08409,0.9107,1.0711,1.1762
aw-cql-seed2,cql,287000,6,287000,c39fb857c0dcdad9,-3959.048828125,51996,11915,10.0961,-6.7669,16.863,76.667,0.21995,0.9284,1.1537,1.2427
aw-cql-seed2,cql,287000,7,287000,c39fb857c0dcdad9,-3959.048828125,64933,19513,8.0016,-4.0029,12.0045,76.667,0.15658,0.8967,1.0969,1.2233
aw-cql-seed2,cql,287000,11,287000,c39fb857c0dcdad9,-3959.048828125,76763,39227,3.3125,-3.1765,6.489,76.667,0.08464,0.9466,1.0406,1.0993
aw-cql-seed2,cql,287000,12,287000,c39fb857c0dcdad9,-3959.048828125,33583,82841,-2.9215,-2.1342,-0.7874,76.667,-0.01027,0.9328,1.0034,1.0757
aw-cql-seed2,cql,287000,13,287000,c39fb857c0dcdad9,-3959.048828125,29838,52509,0.7737,-2.9584,3.7321,76.667,0.04868,0.8881,1.0284,1.158
aw-cql-seed2,cql,287000,14,287000,c39fb857c0dcdad9,-3959.048828125,36307,14110,15.6976,-5.8176,21.5152,76.667,0.28063,0.9269,1.1894,1.2832
aw-cql-seed2,cql,288000,0,288000,605821fe103470b1,-3972.487548828,237311,68413,40.9118,-1.4417,42.3534,76.9,0.55076,0.8405,1.2898,1.5346
aw-cql-seed2,cql,288000,2,288000,605821fe103470b1,-3972.487548828,168808,33814,19.8489,-1.3291,21.178,76.9,0.2754,0.886,1.0508,1.186
aw-cql-seed2,cql,288000,4,288000,605821fe103470b1,-3972.487548828,35214,133999,-4.6113,-2.1579,-2.4534,76.9,-0.0319,0.8751,0.9622,1.0996
aw-cql-seed2,cql,288000,5,288000,605821fe103470b1,-3972.487548828,40938,30344,1.7035,-5.3184,7.0219,76.9,0.09131,0.9087,1.0726,1.1803
aw-cql-seed2,cql,288000,6,288000,605821fe103470b1,-3972.487548828,51996,11915,9.7543,-6.7265,16.4808,76.9,0.21431,0.9276,1.1546,1.2447
aw-cql-seed2,cql,288000,7,288000,605821fe103470b1,-3972.487548828,64933,19513,7.4272,-4.7746,12.2018,76.9,0.15867,0.8966,1.0973,1.2239
aw-cql-seed2,cql,288000,11,288000,605821fe103470b1,-3972.487548828,76763,39227,2.4814,-3.669,6.1504,76.9,0.07998,0.9462,1.0398,1.099
aw-cql-seed2,cql,288000,12,288000,605821fe103470b1,-3972.487548828,33583,82841,-3.1846,-2.1406,-1.044,76.9,-0.01358,0.9333,1.0034,1.0752
aw-cql-seed2,cql,288000,13,288000,605821fe103470b1,-3972.487548828,29838,52509,-0.2483,-3.2885,3.0402,76.9,0.03953,0.887,1.0297,1.1609
aw-cql-seed2,cql,288000,14,288000,605821fe103470b1,-3972.487548828,36307,14110,16.6562,-5.3476,22.0038,76.9,0.28613,0.9256,1.1912,1.2869
aw-cql-seed2,cql,289000,0,289000,d7d0edbcd483b51d,-3988.521728516,237311,68413,40.2488,-1.5243,41.7731,76.2841,0.5476,0.8409,1.2979,1.5434
aw-cql-seed2,cql,289000,2,289000,d7d0edbcd483b51d,-3988.521728516,168808,33814,19.2671,-1.7499,21.017,76.2841,0.27551,0.8868,1.0545,1.189
aw-cql-seed2,cql,289000,4,289000,d7d0edbcd483b51d,-3988.521728516,35214,133999,-4.8888,-2.2026,-2.6861,76.2841,-0.03521,0.875,0.9615,1.0988
aw-cql-seed2,cql,289000,5,289000,d7d0edbcd483b51d,-3988.521728516,40938,30344,0.4612,-5.8222,6.2834,76.2841,0.08237,0.9106,1.0709,1.176
aw-cql-seed2,cql,289000,6,289000,d7d0edbcd483b51d,-3988.521728516,51996,11915,9.4974,-7.4283,16.9257,76.2841,0.22188,0.928,1.1574,1.2471
aw-cql-seed2,cql,289000,7,289000,d7d0edbcd483b51d,-3988.521728516,64933,19513,6.9134,-4.9142,11.8276,76.2841,0.15505,0.8968,1.099,1.2254
aw-cql-seed2,cql,289000,11,289000,d7d0edbcd483b51d,-3988.521728516,76763,39227,2.1855,-3.7618,5.9472,76.2841,0.07796,0.9473,1.0413,1.0993
aw-cql-seed2,cql,289000,12,289000,d7d0edbcd483b51d,-3988.521728516,33583,82841,-3.7099,-2.6219,-1.0879,76.2841,-0.01426,0.9332,1.0036,1.0755
aw-cql-seed2,cql,289000,13,289000,d7d0edbcd483b51d,-3988.521728516,29838,52509,0.2418,-3.534,3.7757,76.2841,0.0495,0.8866,1.029,1.1607
aw-cql-seed2,cql,289000,14,289000,d7d0edbcd483b51d,-3988.521728516,36307,14110,15.1356,-5.9412,21.0769,76.2841,0.27629,0.9245,1.1907,1.288
aw-cql-seed2,cql,290000,0,290000,03b36e835643ed9c,-4004.124023438,237311,68413,40.9276,-0.693,41.6206,75.5677,0.55077,0.8401,1.293,1.5391
aw-cql-seed2,cql,290000,2,290000,03b36e835643ed9c,-4004.124023438,168808,33814,20.1356,-1.0254,21.161,75.5677,0.28003,0.886,1.0529,1.1884
aw-cql-seed2,cql,290000,4,290000,03b36e835643ed9c,-4004.124023438,35214,133999,-4.1549,-2.0166,-2.1383,75.5677,-0.0283,0.8747,0.9619,1.0997
aw-cql-seed2,cql,290000,5,290000,03b36e835643ed9c,-4004.124023438,40938,30344,1.4835,-5.4747,6.9581,75.5677,0.09208,0.9123,1.073,1.1761
aw-cql-seed2,cql,290000,6,290000,03b36e835643ed9c,-4004.124023438,51996,11915,10.3058,-6.6903,16.9961,75.5677,0.22491,0.9291,1.155,1.2432
aw-cql-seed2,cql,290000,7,290000,03b36e835643ed9c,-4004.124023438,64933,19513,7.2634,-4.4625,11.7259,75.5677,0.15517,0.897,1.0971,1.223
aw-cql-seed2,cql,290000,11,290000,03b36e835643ed9c,-4004.124023438,76763,39227,2.65,-3.5136,6.1636,75.5677,0.08156,0.9467,1.0396,1.0981
aw-cql-seed2,cql,290000,12,290000,03b36e835643ed9c,-4004.124023438,33583,82841,-3.2126,-2.2487,-0.9639,75.5677,-0.01276,0.9339,1.0038,1.0749
aw-cql-seed2,cql,290000,13,290000,03b36e835643ed9c,-4004.124023438,29838,52509,1.7602,-3.0447,4.8049,75.5677,0.06358,0.8879,1.0297,1.1597
aw-cql-seed2,cql,290000,14,290000,03b36e835643ed9c,-4004.124023438,36307,14110,17.2477,-5.1371,22.3848,75.5677,0.29622,0.9258,1.1932,1.2888
aw-cql-seed2,cql,291000,0,291000,92a794090b9e3dfc,-4025.02734375,237311,68413,41.7049,-0.5916,42.2965,76.9928,0.54936,0.8406,1.2908,1.5355
aw-cql-seed2,cql,291000,2,291000,92a794090b9e3dfc,-4025.02734375,168808,33814,19.4532,-1.3288,20.782,76.9928,0.26992,0.885,1.0484,1.1847
aw-cql-seed2,cql,291000,4,291000,92a794090b9e3dfc,-4025.02734375,35214,133999,-4.4217,-2.0668,-2.3549,76.9928,-0.03059,0.8715,0.9607,1.1023
aw-cql-seed2,cql,291000,5,291000,92a794090b9e3dfc,-4025.02734375,40938,30344,0.7405,-5.6479,6.3885,76.9928,0.08298,0.9088,1.0713,1.1787
aw-cql-seed2,cql,291000,6,291000,92a794090b9e3dfc,-4025.02734375,51996,11915,8.7564,-7.1473,15.9037,76.9928,0.20656,0.9287,1.1527,1.2412
aw-cql-seed2,cql,291000,7,291000,92a794090b9e3dfc,-4025.02734375,64933,19513,6.9026,-4.8141,11.7167,76.9928,0.15218,0.8981,1.0972,1.2217
aw-cql-seed2,cql,291000,11,291000,92a794090b9e3dfc,-4025.02734375,76763,39227,2.4696,-3.7286,6.1982,76.9928,0.0805,0.9467,1.0406,1.0991
aw-cql-seed2,cql,291000,12,291000,92a794090b9e3dfc,-4025.02734375,33583,82841,-3.5994,-2.3419,-1.2574,76.9928,-0.01633,0.9323,1.0029,1.0758
aw-cql-seed2,cql,291000,13,291000,92a794090b9e3dfc,-4025.02734375,29838,52509,0.6483,-2.8889,3.5372,76.9928,0.04594,0.8855,1.0282,1.1611
aw-cql-seed2,cql,291000,14,291000,92a794090b9e3dfc,-4025.02734375,36307,14110,15.7258,-5.4168,21.1427,76.9928,0.27461,0.9227,1.1914,1.2913
aw-cql-seed2,cql,292000,0,292000,7cb91d5f6fa027fa,-4037.529296875,237311,68413,40.5228,-1.4662,41.989,76.1048,0.55173,0.8419,1.2976,1.5414
aw-cql-seed2,cql,292000,2,292000,7cb91d5f6fa027fa,-4037.529296875,168808,33814,19.1594,-1.2813,20.4407,76.1048,0.26859,0.886,1.0525,1.1878
aw-cql-seed2,cql,292000,4,292000,7cb91d5f6fa027fa,-4037.529296875,35214,133999,-4.8823,-2.4537,-2.4286,76.1048,-0.03191,0.8759,0.9617,1.0979
aw-cql-seed2,cql,292000,5,292000,7cb91d5f6fa027fa,-4037.529296875,40938,30344,0.0834,-5.7745,5.8579,76.1048,0.07697,0.9129,1.0765,1.1792
aw-cql-seed2,cql,292000,6,292000,7cb91d5f6fa027fa,-4037.529296875,51996,11915,9.8577,-6.8534,16.7111,76.1048,0.21958,0.9284,1.157,1.2463
aw-cql-seed2,cql,292000,7,292000,7cb91d5f6fa027fa,-4037.529296875,64933,19513,7.213,-4.5242,11.7371,76.1048,0.15422,0.897,1.0958,1.2216
aw-cql-seed2,cql,292000,11,292000,7cb91d5f6fa027fa,-4037.529296875,76763,39227,1.7068,-4.0543,5.7611,76.1048,0.0757,0.9469,1.0398,1.0981
aw-cql-seed2,cql,292000,12,292000,7cb91d5f6fa027fa,-4037.529296875,33583,82841,-3.7078,-2.6544,-1.0534,76.1048,-0.01384,0.9338,1.0034,1.0746
aw-cql-seed2,cql,292000,13,292000,7cb91d5f6fa027fa,-4037.529296875,29838,52509,0.5376,-3.3603,3.8979,76.1048,0.05122,0.8882,1.0292,1.1587
aw-cql-seed2,cql,292000,14,292000,7cb91d5f6fa027fa,-4037.529296875,36307,14110,16.3819,-5.4129,21.7947,76.1048,0.28638,0.926,1.1938,1.2893
aw-cql-seed2,cql,293000,0,293000,ea50c291442e65f6,-4052.598388672,237311,68413,41.0863,-0.9686,42.0549,75.9746,0.55354,0.8409,1.2919,1.5364
aw-cql-seed2,cql,293000,2,293000,ea50c291442e65f6,-4052.598388672,168808,33814,19.6049,-1.1364,20.7413,75.9746,0.273,0.8859,1.0532,1.1888
aw-cql-seed2,cql,293000,4,293000,ea50c291442e65f6,-4052.598388672,35214,133999,-5.1627,-2.3017,-2.861,75.9746,-0.03766,0.8769,0.9626,1.0978
aw-cql-seed2,cql,293000,5,293000,ea50c291442e65f6,-4052.598388672,40938,30344,1.3229,-5.1163,6.4393,75.9746,0.08476,0.912,1.0751,1.1789
aw-cql-seed2,cql,293000,6,293000,ea50c291442e65f6,-4052.598388672,51996,11915,9.0311,-6.9786,16.0097,75.9746,0.21072,0.9284,1.1594,1.2488
aw-cql-seed2,cql,293000,7,293000,ea50c291442e65f6,-4052.598388672,64933,19513,6.3868,-4.9351,11.3219,75.9746,0.14902,0.8972,1.0979,1.2236
aw-cql-seed2,cql,293000,11,293000,ea50c291442e65f6,-4052.598388672,76763,39227,2.6415,-3.5025,6.144,75.9746,0.08087,0.9472,1.0408,1.0989
aw-cql-seed2,cql,293000,12,293000,ea50c291442e65f6,-4052.598388672,33583,82841,-3.4266,-2.378,-1.0486,75.9746,-0.0138,0.9347,1.0047,1.0749
aw-cql-seed2,cql,293000,13,293000,ea50c291442e65f6,-4052.598388672,29838,52509,1.2198,-2.908,4.1278,75.9746,0.05433,0.8877,1.0301,1.1604
aw-cql-seed2,cql,293000,14,293000,ea50c291442e65f6,-4052.598388672,36307,14110,15.5311,-5.2662,20.7973,75.9746,0.27374,0.9255,1.1882,1.2838
aw-cql-seed2,cql,294000,0,294000,707355f07be41d0e,-4070.86328125,237311,68413,40.7577,-1.5141,42.2718,76.5516,0.5522,0.8425,1.2994,1.5423
aw-cql-seed2,cql,294000,2,294000,707355f07be41d0e,-4070.86328125,168808,33814,19.961,-1.1784,21.1395,76.5516,0.27615,0.8855,1.0507,1.1866
aw-cql-seed2,cql,294000,4,294000,707355f07be41d0e,-4070.86328125,35214,133999,-5.0037,-2.2522,-2.7515,76.5516,-0.03594,0.8751,0.9613,1.0985
aw-cql-seed2,cql,294000,5,294000,707355f07be41d0e,-4070.86328125,40938,30344,0.6816,-5.5641,6.2457,76.5516,0.08159,0.9118,1.076,1.1801
aw-cql-seed2,cql,294000,6,294000,707355f07be41d0e,-4070.86328125,51996,11915,8.2632,-6.9708,15.234,76.5516,0.199,0.9294,1.1573,1.2452
aw-cql-seed2,cql,294000,7,294000,707355f07be41d0e,-4070.86328125,64933,19513,6.0139,-5.0147,11.0286,76.5516,0.14407,0.897,1.0957,1.2215
aw-cql-seed2,cql,294000,11,294000,707355f07be41d0e,-4070.86328125,76763,39227,2.5775,-3.4428,6.0203,76.5516,0.07864,0.9466,1.0408,1.0996
aw-cql-seed2,cql,294000,12,294000,707355f07be41d0e,-4070.86328125,33583,82841,-3.5369,-2.1987,-1.3382,76.5516,-0.01748,0.9331,1.0037,1.0757
aw-cql-seed2,cql,294000,13,294000,707355f07be41d0e,-4070.86328125,29838,52509,0.9864,-2.9331,3.9195,76.5516,0.0512,0.8863,1.0292,1.1612
aw-cql-seed2,cql,294000,14,294000,707355f07be41d0e,-4070.86328125,36307,14110,16.0266,-5.6331,21.6597,76.5516,0.28294,0.9253,1.1985,1.2953
aw-cql-seed2,cql,295000,0,295000,35eb301b9db92b00,-4083.026367188,237311,68413,40.4455,-1.0271,41.4726,75.4219,0.54988,0.84,1.2921,1.5381
aw-cql-seed2,cql,295000,2,295000,35eb301b9db92b00,-4083.026367188,168808,33814,19.3658,-1.3548,20.7206,75.4219,0.27473,0.8857,1.051,1.1866
aw-cql-seed2,cql,295000,4,295000,35eb301b9db92b00,-4083.026367188,35214,133999,-5.3917,-1.8445,-3.5472,75.4219,-0.04703,0.8741,0.9609,1.0994
aw-cql-seed2,cql,295000,5,295000,35eb301b9db92b00,-4083.026367188,40938,30344,0.6674,-5.3859,6.0533,75.4219,0.08026,0.9095,1.0703,1.1768
aw-cql-seed2,cql,295000,6,295000,35eb301b9db92b00,-4083.026367188,51996,11915,9.0643,-7.1559,16.2202,75.4219,0.21506,0.9287,1.155,1.2437
aw-cql-seed2,cql,295000,7,295000,35eb301b9db92b00,-4083.026367188,64933,19513,6.5794,-4.8796,11.4589,75.4219,0.15193,0.8968,1.0986,1.2251
aw-cql-seed2,cql,295000,11,295000,35eb301b9db92b00,-4083.026367188,76763,39227,2.3027,-3.6965,5.9992,75.4219,0.07954,0.9474,1.0407,1.0985
aw-cql-seed2,cql,295000,12,295000,35eb301b9db92b00,-4083.026367188,33583,82841,-2.6015,-1.7014,-0.9002,75.4219,-0.01194,0.9336,1.004,1.0754
aw-cql-seed2,cql,295000,13,295000,35eb301b9db92b00,-4083.026367188,29838,52509,1.0712,-2.6971,3.7683,75.4219,0.04996,0.8862,1.028,1.1601
aw-cql-seed2,cql,295000,14,295000,35eb301b9db92b00,-4083.026367188,36307,14110,15.5213,-5.738,21.2594,75.4219,0.28187,0.9257,1.1815,1.2764
aw-cql-seed2,cql,296000,0,296000,451d843d5d4f46bb,-4101.419921875,237311,68413,40.0828,-1.4327,41.5155,75.829,0.54749,0.8417,1.2977,1.5417
aw-cql-seed2,cql,296000,2,296000,451d843d5d4f46bb,-4101.419921875,168808,33814,18.9954,-1.6832,20.6786,75.829,0.2727,0.8864,1.055,1.1902
aw-cql-seed2,cql,296000,4,296000,451d843d5d4f46bb,-4101.419921875,35214,133999,-5.0597,-2.2604,-2.7993,75.829,-0.03692,0.8753,0.9614,1.0983
aw-cql-seed2,cql,296000,5,296000,451d843d5d4f46bb,-4101.419921875,40938,30344,0.1493,-5.5198,5.6691,75.829,0.07476,0.9121,1.0736,1.1771
aw-cql-seed2,cql,296000,6,296000,451d843d5d4f46bb,-4101.419921875,51996,11915,9.1732,-7.2306,16.4038,75.829,0.21633,0.9291,1.1578,1.2461
aw-cql-seed2,cql,296000,7,296000,451d843d5d4f46bb,-4101.419921875,64933,19513,6.7957,-5.1474,11.9431,75.829,0.1575,0.8974,1.0966,1.222
aw-cql-seed2,cql,296000,11,296000,451d843d5d4f46bb,-4101.419921875,76763,39227,2.3335,-3.7753,6.1088,75.829,0.08056,0.9471,1.0406,1.0987
aw-cql-seed2,cql,296000,12,296000,451d843d5d4f46bb,-4101.419921875,33583,82841,-3.1692,-2.2097,-0.9595,75.829,-0.01265,0.9336,1.0032,1.0745
aw-cql-seed2,cql,296000,13,296000,451d843d5d4f46bb,-4101.419921875,29838,52509,0.5964,-3.2029,3.7993,75.829,0.0501,0.8868,1.0283,1.1596
aw-cql-seed2,cql,296000,14,296000,451d843d5d4f46bb,-4101.419921875,36307,14110,15.8596,-5.8082,21.6678,75.829,0.28575,0.9253,1.1927,1.2891
aw-cql-seed2,cql,297000,0,297000,58ece18ae53f380f,-4118.13671875,237311,68413,40.3674,-1.3094,41.6767,75.6519,0.5509,0.8398,1.2897,1.5357
aw-cql-seed2,cql,297000,2,297000,58ece18ae53f380f,-4118.13671875,168808,33814,19.2628,-1.4503,20.7131,75.6519,0.27379,0.8865,1.0499,1.1843
aw-cql-seed2,cql,297000,4,297000,58ece18ae53f380f,-4118.13671875,35214,133999,-4.8088,-2.1376,-2.6712,75.6519,-0.03531,0.875,0.9625,1.1
aw-cql-seed2,cql,297000,5,297000,58ece18ae53f380f,-4118.13671875,40938,30344,-0.0569,-5.3297,5.2727,75.6519,0.0697,0.9107,1.0748,1.1803
aw-cql-seed2,cql,297000,6,297000,58ece18ae53f380f,-4118.13671875,51996,11915,8.9158,-7.565,16.4808,75.6519,0.21785,0.9302,1.1574,1.2443
aw-cql-seed2,cql,297000,7,297000,58ece18ae53f380f,-4118.13671875,64933,19513,7.1351,-4.774,11.9091,75.6519,0.15742,0.8986,1.0976,1.2215
aw-cql-seed2,cql,297000,11,297000,58ece18ae53f380f,-4118.13671875,76763,39227,2.3735,-3.6234,5.9968,75.6519,0.07927,0.9489,1.0426,1.0988
aw-cql-seed2,cql,297000,12,297000,58ece18ae53f380f,-4118.13671875,33583,82841,-3.2802,-2.3197,-0.9605,75.6519,-0.0127,0.9343,1.0048,1.0754
aw-cql-seed2,cql,297000,13,297000,58ece18ae53f380f,-4118.13671875,29838,52509,0.8917,-2.8225,3.7141,75.6519,0.0491,0.8858,1.0304,1.1632
aw-cql-seed2,cql,297000,14,297000,58ece18ae53f380f,-4118.13671875,36307,14110,15.2483,-5.579,20.8274,75.6519,0.27531,0.9256,1.1899,1.2856
aw-cql-seed2,cql,298000,0,298000,27be3bbc7049fb50,-4135.37890625,237311,68413,40.6588,-1.507,42.1658,76.0011,0.55481,0.8411,1.3012,1.5469
aw-cql-seed2,cql,298000,2,298000,27be3bbc7049fb50,-4135.37890625,168808,33814,19.8334,-1.1911,21.0246,76.0011,0.27664,0.8855,1.051,1.1869
aw-cql-seed2,cql,298000,4,298000,27be3bbc7049fb50,-4135.37890625,35214,133999,-5.5143,-1.9204,-3.5939,76.0011,-0.04729,0.8747,0.9607,1.0983
aw-cql-seed2,cql,298000,5,298000,27be3bbc7049fb50,-4135.37890625,40938,30344,0.5311,-5.321,5.8521,76.0011,0.077,0.911,1.0751,1.1801
aw-cql-seed2,cql,298000,6,298000,27be3bbc7049fb50,-4135.37890625,51996,11915,9.5627,-7.4004,16.963,76.0011,0.22319,0.9281,1.1531,1.2424
aw-cql-seed2,cql,298000,7,298000,27be3bbc7049fb50,-4135.37890625,64933,19513,6.8673,-4.5862,11.4535,76.0011,0.1507,0.8988,1.0983,1.2219
aw-cql-seed2,cql,298000,11,298000,27be3bbc7049fb50,-4135.37890625,76763,39227,2.5365,-3.2033,5.7398,76.0011,0.07552,0.9466,1.0403,1.099
aw-cql-seed2,cql,298000,12,298000,27be3bbc7049fb50,-4135.37890625,33583,82841,-2.7539,-1.962,-0.7919,76.0011,-0.01042,0.9338,1.0032,1.0744
aw-cql-seed2,cql,298000,13,298000,27be3bbc7049fb50,-4135.37890625,29838,52509,1.1039,-2.6987,3.8026,76.0011,0.05003,0.8871,1.029,1.1599
aw-cql-seed2,cql,298000,14,298000,27be3bbc7049fb50,-4135.37890625,36307,14110,16.0363,-5.6714,21.7077,76.0011,0.28562,0.9233,1.191,1.2898
aw-cql-seed2,cql,299000,0,299000,5727093a390d6cf8,-4148.936523438,237311,68413,40.2781,-1.6866,41.9647,75.7762,0.5538,0.8421,1.2978,1.5412
aw-cql-seed2,cql,299000,2,299000,5727093a390d6cf8,-4148.936523438,168808,33814,19.1388,-1.8984,21.0372,75.7762,0.27762,0.8855,1.0497,1.1854
aw-cql-seed2,cql,299000,4,299000,5727093a390d6cf8,-4148.936523438,35214,133999,-4.4813,-2.2018,-2.2796,75.7762,-0.03008,0.8753,0.9612,1.0982
aw-cql-seed2,cql,299000,5,299000,5727093a390d6cf8,-4148.936523438,40938,30344,0.5278,-5.5783,6.1061,75.7762,0.08058,0.9114,1.0758,1.1803
aw-cql-seed2,cql,299000,6,299000,5727093a390d6cf8,-4148.936523438,51996,11915,9.158,-7.0303,16.1884,75.7762,0.21363,0.9281,1.1496,1.2387
aw-cql-seed2,cql,299000,7,299000,5727093a390d6cf8,-4148.936523438,64933,19513,7.2657,-4.58,11.8457,75.7762,0.15632,0.8962,1.0932,1.2198
aw-cql-seed2,cql,299000,11,299000,5727093a390d6cf8,-4148.936523438,76763,39227,2.041,-3.8896,5.9305,75.7762,0.07826,0.9475,1.0404,1.098
aw-cql-seed2,cql,299000,12,299000,5727093a390d6cf8,-4148.936523438,33583,82841,-3.2181,-2.3894,-0.8287,75.7762,-0.01094,0.9336,1.0035,1.0748
aw-cql-seed2,cql,299000,13,299000,5727093a390d6cf8,-4148.936523438,29838,52509,-0.0615,-3.2256,3.164,75.7762,0.04175,0.8861,1.0291,1.1613
aw-cql-seed2,cql,299000,14,299000,5727093a390d6cf8,-4148.936523438,36307,14110,14.6273,-6.0287,20.656,75.7762,0.27259,0.9225,1.1897,1.2896
aw-cql-seed2,cql,300000,0,300000,0b21127561e87757,-4160.658691406,237311,68413,40.041,-1.846,41.8869,75.9644,0.5514,0.8405,1.2895,1.5342
aw-cql-seed2,cql,300000,2,300000,0b21127561e87757,-4160.658691406,168808,33814,19.4392,-1.6129,21.0521,75.9644,0.27713,0.8849,1.0511,1.1878
aw-cql-seed2,cql,300000,4,300000,0b21127561e87757,-4160.658691406,35214,133999,-5.1066,-2.0981,-3.0085,75.9644,-0.0396,0.8738,0.9613,1.1001
aw-cql-seed2,cql,300000,5,300000,0b21127561e87757,-4160.658691406,40938,30344,0.1163,-5.1913,5.3076,75.9644,0.06987,0.9119,1.0761,1.1801
aw-cql-seed2,cql,300000,6,300000,0b21127561e87757,-4160.658691406,51996,11915,8.9353,-6.9307,15.866,75.9644,0.20886,0.9281,1.1538,1.2432
aw-cql-seed2,cql,300000,7,300000,0b21127561e87757,-4160.658691406,64933,19513,6.9484,-4.9026,11.851,75.9644,0.15601,0.8962,1.0987,1.226
aw-cql-seed2,cql,300000,11,300000,0b21127561e87757,-4160.658691406,76763,39227,2.7288,-3.4783,6.2071,75.9644,0.08171,0.9465,1.0405,1.0993
aw-cql-seed2,cql,300000,12,300000,0b21127561e87757,-4160.658691406,33583,82841,-3.2356,-2.1602,-1.0754,75.9644,-0.01416,0.9336,1.0038,1.0752
aw-cql-seed2,cql,300000,13,300000,0b21127561e87757,-4160.658691406,29838,52509,0.1668,-2.7531,2.9199,75.9644,0.03844,0.8865,1.0288,1.1606
aw-cql-seed2,cql,300000,14,300000,0b21127561e87757,-4160.658691406,36307,14110,15.0849,-5.7336,20.8185,75.9644,0.27406,0.9241,1.1884,1.286
