run,algo,step,bin,checkpoint_global_step,critic_checksum,first_layer_sum,n_surv,n_fail,Q_surv,Q_fail,Delta,span,Delta_hat,d_surv,d_fail,d_ratio
aw-cql-seed1,cql,1000,0,1000,52a3a9228657e709,-32.833599091,237311,68413,30.6717,19.0587,11.613,70.129,0.16559,1.0712,1.3722,1.281
aw-cql-seed1,cql,1000,2,1000,52a3a9228657e709,-32.833599091,168808,33814,23.7403,15.6396,8.1007,70.129,0.11551,1.1919,1.2887,1.0812
aw-cql-seed1,cql,1000,4,1000,52a3a9228657e709,-32.833599091,35214,133999,-14.9924,5.8652,-20.8576,70.129,-0.29742,1.2538,1.2788,1.0199
aw-cql-seed1,cql,1000,5,1000,52a3a9228657e709,-32.833599091,40938,30344,-12.0009,0.8019,-12.8028,70.129,-0.18256,1.3581,1.449,1.0669
aw-cql-seed1,cql,1000,6,1000,52a3a9228657e709,-32.833599091,51996,11915,5.2558,1.1789,4.0769,70.129,0.05813,1.28,1.4467,1.1303
aw-cql-seed1,cql,1000,7,1000,52a3a9228657e709,-32.833599091,64933,19513,1.4943,1.851,-0.3566,70.129,-0.00509,1.23,1.3297,1.081
aw-cql-seed1,cql,1000,11,1000,52a3a9228657e709,-32.833599091,76763,39227,11.3295,8.0606,3.2689,70.129,0.04661,1.2694,1.3417,1.0569
aw-cql-seed1,cql,1000,12,1000,52a3a9228657e709,-32.833599091,33583,82841,1.4118,8.8576,-7.4458,70.129,-0.10617,1.2474,1.282,1.0278
aw-cql-seed1,cql,1000,13,1000,52a3a9228657e709,-32.833599091,29838,52509,-28.3256,1.6901,-30.0157,70.129,-0.42801,1.3206,1.383,1.0473
aw-cql-seed1,cql,1000,14,1000,52a3a9228657e709,-32.833599091,36307,14110,-18.5439,-6.6391,-11.9048,70.129,-0.16976,1.3986,1.5853,1.1334
aw-cql-seed1,cql,2000,0,2000,d8d9f36c2cebdf02,-57.021003723,237311,68413,53.873,26.4653,27.4077,64.8194,0.42283,0.9902,1.3713,1.3849
aw-cql-seed1,cql,2000,2,2000,d8d9f36c2cebdf02,-57.021003723,168808,33814,45.317,21.1912,24.1258,64.8194,0.3722,1.0433,1.2182,1.1676
aw-cql-seed1,cql,2000,4,2000,d8d9f36c2cebdf02,-57.021003723,35214,133999,39.0265,10.6203,28.4062,64.8194,0.43824,1.1843,1.288,1.0875
aw-cql-seed1,cql,2000,5,2000,d8d9f36c2cebdf02,-57.021003723,40938,30344,34.0071,5.5544,28.4527,64.8194,0.43895,1.2358,1.4555,1.1777
aw-cql-seed1,cql,2000,6,2000,d8d9f36c2cebdf02,-57.021003723,51996,11915,25.9497,11.7581,14.1915,64.8194,0.21894,1.1969,1.4595,1.2193
aw-cql-seed1,cql,2000,7,2000,d8d9f36c2cebdf02,-57.021003723,64933,19513,24.3469,13.6411,10.7058,64.8194,0.16516,1.1539,1.3161,1.1405
aw-cql-seed1,cql,2000,11,2000,d8d9f36c2cebdf02,-57.021003723,76763,39227,30.3212,17.1598,13.1614,64.8194,0.20305,1.18,1.2848,1.0888
aw-cql-seed1,cql,2000,12,2000,d8d9f36c2cebdf02,-57.021003723,33583,82841,31.1109,16.1105,15.0005,64.8194,0.23142,1.1903,1.2895,1.0833
aw-cql-seed1,cql,2000,13,2000,d8d9f36c2cebdf02,-57.021003723,29838,52509,35.7666,6.5872,29.1795,64.8194,0.45017,1.231,1.3857,1.1256
aw-cql-seed1,cql,2000,14,2000,d8d9f36c2cebdf02,-57.021003723,36307,14110,36.3907,5.5321,30.8586,64.8194,0.47607,1.2612,1.5632,1.2394
aw-cql-seed1,cql,3000,0,3000,73ac4a5a8b369cd6,-89.875915527,237311,68413,61.3014,26.856,34.4454,73.0463,0.47156,0.9341,1.3792,1.4766
aw-cql-seed1,cql,3000,2,3000,73ac4a5a8b369cd6,-89.875915527,168808,33814,48.3407,20.5117,27.829,73.0463,0.38098,0.9914,1.189,1.1993
aw-cql-seed1,cql,3000,4,3000,73ac4a5a8b369cd6,-89.875915527,35214,133999,43.9181,10.4469,33.4712,73.0463,0.45822,1.0301,1.146,1.1125
aw-cql-seed1,cql,3000,5,3000,73ac4a5a8b369cd6,-89.875915527,40938,30344,44.3286,6.4964,37.8322,73.0463,0.51792,1.0959,1.317,1.2017
aw-cql-seed1,cql,3000,6,3000,73ac4a5a8b369cd6,-89.875915527,51996,11915,40.4706,14.824,25.6467,73.0463,0.3511,1.099,1.3936,1.268
aw-cql-seed1,cql,3000,7,3000,73ac4a5a8b369cd6,-89.875915527,64933,19513,37.7992,19.2559,18.5433,73.0463,0.25386,1.0588,1.304,1.2316
aw-cql-seed1,cql,3000,11,3000,73ac4a5a8b369cd6,-89.875915527,76763,39227,31.9918,13.9786,18.0133,73.0463,0.2466,1.1399,1.274,1.1177
aw-cql-seed1,cql,3000,12,3000,73ac4a5a8b369cd6,-89.875915527,33583,82841,36.5456,15.7911,20.7545,73.0463,0.28413,1.0829,1.1931,1.1017
aw-cql-seed1,cql,3000,13,3000,73ac4a5a8b369cd6,-89.875915527,29838,52509,43.1214,6.9261,36.1953,73.0463,0.49551,1.0737,1.2229,1.1389
aw-cql-seed1,cql,3000,14,3000,73ac4a5a8b369cd6,-89.875915527,36307,14110,44.5657,9.9073,34.6584,73.0463,0.47447,1.1389,1.4701,1.2908
aw-cql-seed1,cql,4000,0,4000,6b7a8e2875dff4da,-111.387863159,237311,68413,63.3789,23.9347,39.4442,81.674,0.48295,0.882,1.3526,1.5335
aw-cql-seed1,cql,4000,2,4000,6b7a8e2875dff4da,-111.387863159,168808,33814,47.1823,15.9037,31.2786,81.674,0.38297,0.9365,1.1498,1.2278
aw-cql-seed1,cql,4000,4,4000,6b7a8e2875dff4da,-111.387863159,35214,133999,47.2135,10.4914,36.7221,81.674,0.44962,0.9794,1.1067,1.1299
aw-cql-seed1,cql,4000,5,4000,6b7a8e2875dff4da,-111.387863159,40938,30344,43.667,4.0088,39.6582,81.674,0.48557,1.0609,1.2882,1.2142
aw-cql-seed1,cql,4000,6,4000,6b7a8e2875dff4da,-111.387863159,51996,11915,35.9239,8.6991,27.2248,81.674,0.33333,1.0481,1.3145,1.2543
aw-cql-seed1,cql,4000,7,4000,6b7a8e2875dff4da,-111.387863159,64933,19513,32.1251,13.8853,18.2398,81.674,0.22332,1.0032,1.2524,1.2483
aw-cql-seed1,cql,4000,11,4000,6b7a8e2875dff4da,-111.387863159,76763,39227,30.656,11.972,18.684,81.674,0.22876,1.0485,1.1889,1.1339
aw-cql-seed1,cql,4000,12,4000,6b7a8e2875dff4da,-111.387863159,33583,82841,38.9933,16.9137,22.0796,81.674,0.27034,1.0178,1.1239,1.1043
aw-cql-seed1,cql,4000,13,4000,6b7a8e2875dff4da,-111.387863159,29838,52509,45.5167,5.9947,39.522,81.674,0.4839,1.023,1.1735,1.1471
aw-cql-seed1,cql,4000,14,4000,6b7a8e2875dff4da,-111.387863159,36307,14110,44.7204,6.9473,37.7731,81.674,0.46249,1.0821,1.3889,1.2835
aw-cql-seed1,cql,5000,0,5000,dd23d232f9f8a6e2,-133.257629395,237311,68413,70.6243,27.5778,43.0465,93.3457,0.46115,0.8745,1.3744,1.5717
aw-cql-seed1,cql,5000,2,5000,dd23d232f9f8a6e2,-133.257629395,168808,33814,51.0557,17.0967,33.959,93.3457,0.3638,0.929,1.167,1.2562
aw-cql-seed1,cql,5000,4,5000,dd23d232f9f8a6e2,-133.257629395,35214,133999,45.8892,8.0837,37.8055,93.3457,0.405,0.9558,1.0748,1.1245
aw-cql-seed1,cql,5000,5,5000,dd23d232f9f8a6e2,-133.257629395,40938,30344,43.7025,2.853,40.8494,93.3457,0.43761,1.0149,1.2294,1.2113
aw-cql-seed1,cql,5000,6,5000,dd23d232f9f8a6e2,-133.257629395,51996,11915,36.6699,8.2795,28.3904,93.3457,0.30414,1.0219,1.3114,1.2833
aw-cql-seed1,cql,5000,7,5000,dd23d232f9f8a6e2,-133.257629395,64933,19513,34.7444,13.9583,20.7861,93.3457,0.22268,0.9831,1.2323,1.2535
aw-cql-seed1,cql,5000,11,5000,dd23d232f9f8a6e2,-133.257629395,76763,39227,33.192,12.1223,21.0697,93.3457,0.22572,1.0254,1.1624,1.1336
aw-cql-seed1,cql,5000,12,5000,dd23d232f9f8a6e2,-133.257629395,33583,82841,37.2589,14.2899,22.969,93.3457,0.24606,0.997,1.1034,1.1067
aw-cql-seed1,cql,5000,13,5000,dd23d232f9f8a6e2,-133.257629395,29838,52509,47.5648,5.3415,42.2234,93.3457,0.45233,0.9929,1.1542,1.1625
aw-cql-seed1,cql,5000,14,5000,dd23d232f9f8a6e2,-133.257629395,36307,14110,44.9795,7.0289,37.9507,93.3457,0.40656,1.0484,1.3966,1.3321
aw-cql-seed1,cql,6000,0,6000,c10dd28d121a6ea7,-160.086883545,237311,68413,77.3022,29.9308,47.3714,101.2725,0.46776,0.8662,1.3842,1.598
aw-cql-seed1,cql,6000,2,6000,c10dd28d121a6ea7,-160.086883545,168808,33814,53.4397,17.2317,36.208,101.2725,0.35753,0.9116,1.1484,1.2597
aw-cql-seed1,cql,6000,4,6000,c10dd28d121a6ea7,-160.086883545,35214,133999,48.5428,9.414,39.1288,101.2725,0.38637,0.9365,1.0509,1.1221
aw-cql-seed1,cql,6000,5,6000,c10dd28d121a6ea7,-160.086883545,40938,30344,46.4384,3.2644,43.174,101.2725,0.42632,0.9988,1.2048,1.2062
aw-cql-seed1,cql,6000,6,6000,c10dd28d121a6ea7,-160.086883545,51996,11915,42.0073,11.095,30.9123,101.2725,0.30524,0.997,1.2699,1.2737
aw-cql-seed1,cql,6000,7,6000,c10dd28d121a6ea7,-160.086883545,64933,19513,39.9823,17.8536,22.1287,101.2725,0.21851,0.9682,1.2435,1.2844
aw-cql-seed1,cql,6000,11,6000,c10dd28d121a6ea7,-160.086883545,76763,39227,35.8005,14.0328,21.7677,101.2725,0.21494,1.0134,1.1578,1.1424
aw-cql-seed1,cql,6000,12,6000,c10dd28d121a6ea7,-160.086883545,33583,82841,41.4093,18.6022,22.8072,101.2725,0.22521,0.9841,1.1023,1.1201
aw-cql-seed1,cql,6000,13,6000,c10dd28d121a6ea7,-160.086883545,29838,52509,48.8785,6.4245,42.454,101.2725,0.41921,0.9785,1.1333,1.1581
aw-cql-seed1,cql,6000,14,6000,c10dd28d121a6ea7,-160.086883545,36307,14110,48.3926,8.311,40.0816,101.2725,0.39578,1.02,1.3289,1.3028
aw-cql-seed1,cql,7000,0,7000,feb1c2ce445f518c,-177.519805908,237311,68413,80.2481,33.0462,47.2019,105.3792,0.44792,0.8606,1.382,1.6059
aw-cql-seed1,cql,7000,2,7000,feb1c2ce445f518c,-177.519805908,168808,33814,54.6192,18.3148,36.3044,105.3792,0.34451,0.9113,1.1508,1.2629
aw-cql-seed1,cql,7000,4,7000,feb1c2ce445f518c,-177.519805908,35214,133999,51.9882,8.9211,43.0672,105.3792,0.40869,0.9267,1.0434,1.126
aw-cql-seed1,cql,7000,5,7000,feb1c2ce445f518c,-177.519805908,40938,30344,49.125,2.754,46.371,105.3792,0.44004,0.9897,1.1892,1.2016
aw-cql-seed1,cql,7000,6,7000,feb1c2ce445f518c,-177.519805908,51996,11915,41.5032,10.2101,31.2931,105.3792,0.29696,0.9942,1.2657,1.273
aw-cql-seed1,cql,7000,7,7000,feb1c2ce445f518c,-177.519805908,64933,19513,40.1839,17.155,23.0288,105.3792,0.21853,0.954,1.2233,1.2823
aw-cql-seed1,cql,7000,11,7000,feb1c2ce445f518c,-177.519805908,76763,39227,37.3913,13.7392,23.6521,105.3792,0.22445,0.9972,1.142,1.1452
aw-cql-seed1,cql,7000,12,7000,feb1c2ce445f518c,-177.519805908,33583,82841,44.2522,17.438,26.8142,105.3792,0.25445,0.9734,1.0825,1.1121
aw-cql-seed1,cql,7000,13,7000,feb1c2ce445f518c,-177.519805908,29838,52509,50.202,5.3947,44.8073,105.3792,0.4252,0.9677,1.1123,1.1495
aw-cql-seed1,cql,7000,14,7000,feb1c2ce445f518c,-177.519805908,36307,14110,48.5468,6.694,41.8528,105.3792,0.39716,1.0152,1.3099,1.2903
aw-cql-seed1,cql,8000,0,8000,988c43991ec05b37,-181.056381226,237311,68413,80.028,35.2787,44.7493,104.5796,0.4279,0.8647,1.4155,1.6369
aw-cql-seed1,cql,8000,2,8000,988c43991ec05b37,-181.056381226,168808,33814,55.0991,20.1044,34.9948,104.5796,0.33462,0.9097,1.1629,1.2783
aw-cql-seed1,cql,8000,4,8000,988c43991ec05b37,-181.056381226,35214,133999,49.4569,7.3262,42.1307,104.5796,0.40286,0.9285,1.0387,1.1186
aw-cql-seed1,cql,8000,5,8000,988c43991ec05b37,-181.056381226,40938,30344,49.6608,3.3442,46.3166,104.5796,0.44288,0.9791,1.1871,1.2124
aw-cql-seed1,cql,8000,6,8000,988c43991ec05b37,-181.056381226,51996,11915,42.4093,11.7581,30.6512,104.5796,0.29309,0.9782,1.2603,1.2884
aw-cql-seed1,cql,8000,7,8000,988c43991ec05b37,-181.056381226,64933,19513,40.9732,17.8735,23.0997,104.5796,0.22088,0.9479,1.2257,1.2931
aw-cql-seed1,cql,8000,11,8000,988c43991ec05b37,-181.056381226,76763,39227,36.9869,13.3705,23.6165,104.5796,0.22582,0.989,1.1317,1.1443
aw-cql-seed1,cql,8000,12,8000,988c43991ec05b37,-181.056381226,33583,82841,40.924,16.0529,24.8711,104.5796,0.23782,0.9686,1.0819,1.117
aw-cql-seed1,cql,8000,13,8000,988c43991ec05b37,-181.056381226,29838,52509,47.5723,5.4744,42.0978,104.5796,0.40254,0.9605,1.1101,1.1557
aw-cql-seed1,cql,8000,14,8000,988c43991ec05b37,-181.056381226,36307,14110,48.8618,7.5985,41.2633,104.5796,0.39456,1.0057,1.3146,1.3072
aw-cql-seed1,cql,9000,0,9000,3f3510f8262f6ecf,-195.156661987,237311,68413,80.8209,35.6505,45.1705,105.2476,0.42918,0.8604,1.4091,1.6377
aw-cql-seed1,cql,9000,2,9000,3f3510f8262f6ecf,-195.156661987,168808,33814,54.9667,19.0065,35.9602,105.2476,0.34167,0.9039,1.1622,1.2857
aw-cql-seed1,cql,9000,4,9000,3f3510f8262f6ecf,-195.156661987,35214,133999,46.5923,6.6642,39.9281,105.2476,0.37937,0.9154,1.0324,1.1278
aw-cql-seed1,cql,9000,5,9000,3f3510f8262f6ecf,-195.156661987,40938,30344,44.5686,2.1657,42.4029,105.2476,0.40289,0.9682,1.195,1.2342
aw-cql-seed1,cql,9000,6,9000,3f3510f8262f6ecf,-195.156661987,51996,11915,41.3379,11.2993,30.0387,105.2476,0.28541,0.9812,1.2857,1.3103
aw-cql-seed1,cql,9000,7,9000,3f3510f8262f6ecf,-195.156661987,64933,19513,39.6289,18.3347,21.2942,105.2476,0.20232,0.94,1.2123,1.2896
aw-cql-seed1,cql,9000,11,9000,3f3510f8262f6ecf,-195.156661987,76763,39227,37.535,13.7292,23.8059,105.2476,0.22619,0.9879,1.136,1.1499
aw-cql-seed1,cql,9000,12,9000,3f3510f8262f6ecf,-195.156661987,33583,82841,38.98,14.5737,24.4063,105.2476,0.23189,0.9665,1.0841,1.1218
aw-cql-seed1,cql,9000,13,9000,3f3510f8262f6ecf,-195.156661987,29838,52509,44.0528,4.6318,39.4211,105.2476,0.37456,0.9428,1.113,1.1805
aw-cql-seed1,cql,9000,14,9000,3f3510f8262f6ecf,-195.156661987,36307,14110,47.6202,7.6352,39.985,105.2476,0.37991,0.9904,1.3295,1.3424
aw-cql-seed1,cql,10000,0,10000,f34d83a172335e90,-205.412231445,237311,68413,79.7507,34.6467,45.104,104.0099,0.43365,0.8599,1.4267,1.6592
aw-cql-seed1,cql,10000,2,10000,f34d83a172335e90,-205.412231445,168808,33814,53.7387,18.8654,34.8733,104.0099,0.33529,0.9056,1.1666,1.2883
aw-cql-seed1,cql,10000,4,10000,f34d83a172335e90,-205.412231445,35214,133999,47.4955,8.3006,39.195,104.0099,0.37684,0.9047,1.0213,1.1289
aw-cql-seed1,cql,10000,5,10000,f34d83a172335e90,-205.412231445,40938,30344,46.2257,3.0998,43.1259,104.0099,0.41463,0.9615,1.1754,1.2224
aw-cql-seed1,cql,10000,6,10000,f34d83a172335e90,-205.412231445,51996,11915,41.2636,9.6521,31.6115,104.0099,0.30393,0.9695,1.2578,1.2973
aw-cql-seed1,cql,10000,7,10000,f34d83a172335e90,-205.412231445,64933,19513,39.1497,17.5828,21.5669,104.0099,0.20735,0.9388,1.2182,1.2976
aw-cql-seed1,cql,10000,11,10000,f34d83a172335e90,-205.412231445,76763,39227,36.3762,13.3718,23.0044,104.0099,0.22117,0.9872,1.1317,1.1464
aw-cql-seed1,cql,10000,12,10000,f34d83a172335e90,-205.412231445,33583,82841,38.253,14.7639,23.4891,104.0099,0.22584,0.9554,1.0639,1.1136
aw-cql-seed1,cql,10000,13,10000,f34d83a172335e90,-205.412231445,29838,52509,44.6212,5.5224,39.0988,104.0099,0.37591,0.9374,1.0984,1.1717
aw-cql-seed1,cql,10000,14,10000,f34d83a172335e90,-205.412231445,36307,14110,47.1469,7.4742,39.6728,104.0099,0.38143,0.9799,1.3077,1.3345
aw-cql-seed1,cql,11000,0,11000,4d3fe58cb543ebd3,-209.670883179,237311,68413,79.642,34.9676,44.6744,101.5265,0.44003,0.8598,1.4225,1.6544
aw-cql-seed1,cql,11000,2,11000,4d3fe58cb543ebd3,-209.670883179,168808,33814,53.0031,17.6433,35.3598,101.5265,0.34828,0.9051,1.1616,1.2834
aw-cql-seed1,cql,11000,4,11000,4d3fe58cb543ebd3,-209.670883179,35214,133999,47.5349,8.6614,38.8734,101.5265,0.38289,0.9246,1.0323,1.1165
aw-cql-seed1,cql,11000,5,11000,4d3fe58cb543ebd3,-209.670883179,40938,30344,45.7462,3.255,42.4912,101.5265,0.41852,0.9919,1.2006,1.2104
aw-cql-seed1,cql,11000,6,11000,4d3fe58cb543ebd3,-209.670883179,51996,11915,41.8391,11.7728,30.0663,101.5265,0.29614,0.9929,1.2978,1.3071
aw-cql-seed1,cql,11000,7,11000,4d3fe58cb543ebd3,-209.670883179,64933,19513,39.0457,17.7458,21.2999,101.5265,0.2098,0.9337,1.2128,1.2989
aw-cql-seed1,cql,11000,11,11000,4d3fe58cb543ebd3,-209.670883179,76763,39227,34.91,12.005,22.905,101.5265,0.22561,0.9773,1.1227,1.1488
aw-cql-seed1,cql,11000,12,11000,4d3fe58cb543ebd3,-209.670883179,33583,82841,38.1912,14.3606,23.8306,101.5265,0.23472,0.962,1.0659,1.1081
aw-cql-seed1,cql,11000,13,11000,4d3fe58cb543ebd3,-209.670883179,29838,52509,46.249,6.163,40.086,101.5265,0.39483,0.959,1.1127,1.1603
aw-cql-seed1,cql,11000,14,11000,4d3fe58cb543ebd3,-209.670883179,36307,14110,48.6898,9.1306,39.5593,101.5265,0.38964,1.0135,1.3552,1.3371
aw-cql-seed1,cql,12000,0,12000,adabf64c5a189957,-211.200653076,237311,68413,77.4091,34.6798,42.7293,100.8814,0.42356,0.8577,1.4347,1.6728
aw-cql-seed1,cql,12000,2,12000,adabf64c5a189957,-211.200653076,168808,33814,52.7185,17.7235,34.995,100.8814,0.34689,0.9046,1.1601,1.2824
aw-cql-seed1,cql,12000,4,12000,adabf64c5a189957,-211.200653076,35214,133999,47.2202,7.3337,39.8865,100.8814,0.39538,0.9103,1.0257,1.1268
aw-cql-seed1,cql,12000,5,12000,adabf64c5a189957,-211.200653076,40938,30344,46.2522,2.1997,44.0525,100.8814,0.43668,0.9668,1.1744,1.2147
aw-cql-seed1,cql,12000,6,12000,adabf64c5a189957,-211.200653076,51996,11915,39.8668,8.9101,30.9567,100.8814,0.30686,0.9744,1.2477,1.2805
aw-cql-seed1,cql,12000,7,12000,adabf64c5a189957,-211.200653076,64933,19513,38.2612,16.427,21.8342,100.8814,0.21643,0.9298,1.2149,1.3066
aw-cql-seed1,cql,12000,11,12000,adabf64c5a189957,-211.200653076,76763,39227,35.1542,12.2361,22.9182,100.8814,0.22718,0.9717,1.112,1.1444
aw-cql-seed1,cql,12000,12,12000,adabf64c5a189957,-211.200653076,33583,82841,38.96,14.7814,24.1786,100.8814,0.23967,0.9562,1.0652,1.114
aw-cql-seed1,cql,12000,13,12000,adabf64c5a189957,-211.200653076,29838,52509,46.0921,5.2659,40.8262,100.8814,0.4047,0.9348,1.097,1.1735
aw-cql-seed1,cql,12000,14,12000,adabf64c5a189957,-211.200653076,36307,14110,49.6828,8.0817,41.6011,100.8814,0.41238,0.9838,1.2987,1.3201
aw-cql-seed1,cql,13000,0,13000,6fd3704d1c3e3159,-210.377105713,237311,68413,77.9809,33.0865,44.8944,101.361,0.44292,0.8573,1.4116,1.6466
aw-cql-seed1,cql,13000,2,13000,6fd3704d1c3e3159,-210.377105713,168808,33814,51.8397,17.9857,33.854,101.361,0.33399,0.9025,1.1467,1.2706
aw-cql-seed1,cql,13000,4,13000,6fd3704d1c3e3159,-210.377105713,35214,133999,44.6275,7.4538,37.1737,101.361,0.36675,0.9118,1.0186,1.1171
aw-cql-seed1,cql,13000,5,13000,6fd3704d1c3e3159,-210.377105713,40938,30344,43.5309,2.3831,41.1477,101.361,0.40595,0.9613,1.1763,1.2236
aw-cql-seed1,cql,13000,6,13000,6fd3704d1c3e3159,-210.377105713,51996,11915,39.8804,8.9477,30.9327,101.361,0.30517,0.9693,1.2575,1.2974
aw-cql-seed1,cql,13000,7,13000,6fd3704d1c3e3159,-210.377105713,64933,19513,37.0099,15.4557,21.5542,101.361,0.21265,0.9288,1.2066,1.299
aw-cql-seed1,cql,13000,11,13000,6fd3704d1c3e3159,-210.377105713,76763,39227,34.4722,11.746,22.7262,101.361,0.22421,0.9754,1.1127,1.1408
aw-cql-seed1,cql,13000,12,13000,6fd3704d1c3e3159,-210.377105713,33583,82841,36.1653,13.3439,22.8214,101.361,0.22515,0.9577,1.0679,1.1151
aw-cql-seed1,cql,13000,13,13000,6fd3704d1c3e3159,-210.377105713,29838,52509,43.0786,4.8479,38.2307,101.361,0.37717,0.9308,1.0966,1.1782
aw-cql-seed1,cql,13000,14,13000,6fd3704d1c3e3159,-210.377105713,36307,14110,48.1892,6.732,41.4572,101.361,0.40901,0.9834,1.3148,1.337
aw-cql-seed1,cql,14000,0,14000,abb083a9d9efabad,-214.497802734,237311,68413,77.2563,34.2086,43.0477,99.9116,0.43086,0.8645,1.4361,1.6611
aw-cql-seed1,cql,14000,2,14000,abb083a9d9efabad,-214.497802734,168808,33814,50.6184,17.1432,33.4752,99.9116,0.33505,0.9042,1.1612,1.2842
aw-cql-seed1,cql,14000,4,14000,abb083a9d9efabad,-214.497802734,35214,133999,45.9574,7.8447,38.1127,99.9116,0.38146,0.9138,1.0211,1.1174
aw-cql-seed1,cql,14000,5,14000,abb083a9d9efabad,-214.497802734,40938,30344,44.4165,2.7736,41.6428,99.9116,0.4168,0.9639,1.1719,1.2158
aw-cql-seed1,cql,14000,6,14000,abb083a9d9efabad,-214.497802734,51996,11915,39.8277,10.075,29.7527,99.9116,0.29779,0.9653,1.2562,1.3013
aw-cql-seed1,cql,14000,7,14000,abb083a9d9efabad,-214.497802734,64933,19513,37.4837,15.9131,21.5707,99.9116,0.2159,0.932,1.2127,1.3012
aw-cql-seed1,cql,14000,11,14000,abb083a9d9efabad,-214.497802734,76763,39227,34.0312,11.0687,22.9626,99.9116,0.22983,0.9772,1.1173,1.1433
aw-cql-seed1,cql,14000,12,14000,abb083a9d9efabad,-214.497802734,33583,82841,36.0159,13.6073,22.4086,99.9116,0.22428,0.9575,1.0664,1.1138
aw-cql-seed1,cql,14000,13,14000,abb083a9d9efabad,-214.497802734,29838,52509,44.7901,5.1672,39.6229,99.9116,0.39658,0.9377,1.0973,1.1702
aw-cql-seed1,cql,14000,14,14000,abb083a9d9efabad,-214.497802734,36307,14110,47.6235,8.1684,39.4551,99.9116,0.3949,0.9819,1.3044,1.3285
aw-cql-seed1,cql,15000,0,15000,8ddbbed0d5afa338,-223.625457764,237311,68413,74.8439,33.0596,41.7843,97.851,0.42702,0.8537,1.4096,1.6511
aw-cql-seed1,cql,15000,2,15000,8ddbbed0d5afa338,-223.625457764,168808,33814,50.0553,16.7703,33.2851,97.851,0.34016,0.8987,1.144,1.273
aw-cql-seed1,cql,15000,4,15000,8ddbbed0d5afa338,-223.625457764,35214,133999,44.4662,7.7527,36.7136,97.851,0.3752,0.9116,1.0249,1.1243
aw-cql-seed1,cql,15000,5,15000,8ddbbed0d5afa338,-223.625457764,40938,30344,44.4535,2.7573,41.6962,97.851,0.42612,0.9592,1.1683,1.218
aw-cql-seed1,cql,15000,6,15000,8ddbbed0d5afa338,-223.625457764,51996,11915,41.0472,9.9819,31.0654,97.851,0.31748,0.9626,1.2513,1.3
aw-cql-seed1,cql,15000,7,15000,8ddbbed0d5afa338,-223.625457764,64933,19513,38.8581,16.2349,22.6232,97.851,0.2312,0.925,1.2015,1.299
aw-cql-seed1,cql,15000,11,15000,8ddbbed0d5afa338,-223.625457764,76763,39227,31.9131,10.013,21.9001,97.851,0.22381,0.9761,1.1151,1.1425
aw-cql-seed1,cql,15000,12,15000,8ddbbed0d5afa338,-223.625457764,33583,82841,35.4381,13.3911,22.047,97.851,0.22531,0.9508,1.063,1.118
aw-cql-seed1,cql,15000,13,15000,8ddbbed0d5afa338,-223.625457764,29838,52509,43.4131,5.0093,38.4038,97.851,0.39247,0.9294,1.0953,1.1785
aw-cql-seed1,cql,15000,14,15000,8ddbbed0d5afa338,-223.625457764,36307,14110,48.8662,7.7005,41.1657,97.851,0.4207,0.9802,1.2966,1.3228
aw-cql-seed1,cql,16000,0,16000,4be1c0b33f5c571a,-220.088516235,237311,68413,74.7336,31.9211,42.8125,97.5877,0.43871,0.8545,1.4199,1.6616
aw-cql-seed1,cql,16000,2,16000,4be1c0b33f5c571a,-220.088516235,168808,33814,49.45,17.8423,31.6077,97.5877,0.32389,0.9065,1.1538,1.2728
aw-cql-seed1,cql,16000,4,16000,4be1c0b33f5c571a,-220.088516235,35214,133999,42.0122,6.9719,35.0402,97.5877,0.35906,0.8982,1.0138,1.1287
aw-cql-seed1,cql,16000,5,16000,4be1c0b33f5c571a,-220.088516235,40938,30344,42.0793,1.725,40.3543,97.5877,0.41352,0.9464,1.1592,1.2248
aw-cql-seed1,cql,16000,6,16000,4be1c0b33f5c571a,-220.088516235,51996,11915,40.5802,10.0379,30.5423,97.5877,0.31297,0.9635,1.2516,1.2989
aw-cql-seed1,cql,16000,7,16000,4be1c0b33f5c571a,-220.088516235,64933,19513,37.4404,16.3542,21.0862,97.5877,0.21607,0.9205,1.1973,1.3007
aw-cql-seed1,cql,16000,11,16000,4be1c0b33f5c571a,-220.088516235,76763,39227,32.2299,10.2238,22.0061,97.5877,0.2255,0.9687,1.109,1.1449
aw-cql-seed1,cql,16000,12,16000,4be1c0b33f5c571a,-220.088516235,33583,82841,34.868,12.5815,22.2866,97.5877,0.22837,0.9555,1.0595,1.1088
aw-cql-seed1,cql,16000,13,16000,4be1c0b33f5c571a,-220.088516235,29838,52509,42.5601,4.4461,38.114,97.5877,0.39056,0.9198,1.0905,1.1856
aw-cql-seed1,cql,16000,14,16000,4be1c0b33f5c571a,-220.088516235,36307,14110,48.5107,8.3822,40.1284,97.5877,0.4112,0.9665,1.2967,1.3416
aw-cql-seed1,cql,17000,0,17000,01f163f296602480,-227.398040771,237311,68413,74.6944,32.3216,42.3728,97.2892,0.43553,0.8562,1.4073,1.6438
aw-cql-seed1,cql,17000,2,17000,01f163f296602480,-227.398040771,168808,33814,48.9737,17.51,31.4636,97.2892,0.3234,0.9081,1.1522,1.2688
aw-cql-seed1,cql,17000,4,17000,01f163f296602480,-227.398040771,35214,133999,40.8579,6.4695,34.3884,97.2892,0.35347,0.8948,1.0146,1.1339
aw-cql-seed1,cql,17000,5,17000,01f163f296602480,-227.398040771,40938,30344,41.4086,1.5806,39.828,97.2892,0.40938,0.9382,1.154,1.2301
aw-cql-seed1,cql,17000,6,17000,01f163f296602480,-227.398040771,51996,11915,38.8317,9.0114,29.8203,97.2892,0.30651,0.9555,1.2527,1.311
aw-cql-seed1,cql,17000,7,17000,01f163f296602480,-227.398040771,64933,19513,35.7823,14.294,21.4883,97.2892,0.22087,0.9286,1.194,1.2859
aw-cql-seed1,cql,17000,11,17000,01f163f296602480,-227.398040771,76763,39227,31.671,9.9567,21.7143,97.2892,0.22319,0.9751,1.1156,1.1441
aw-cql-seed1,cql,17000,12,17000,01f163f296602480,-227.398040771,33583,82841,34.0875,12.169,21.9185,97.2892,0.22529,0.9497,1.056,1.1119
aw-cql-seed1,cql,17000,13,17000,01f163f296602480,-227.398040771,29838,52509,41.872,4.6542,37.2178,97.2892,0.38255,0.9095,1.084,1.1918
aw-cql-seed1,cql,17000,14,17000,01f163f296602480,-227.398040771,36307,14110,45.8336,6.6956,39.138,97.2892,0.40229,0.9593,1.2892,1.3438
aw-cql-seed1,cql,18000,0,18000,a11e5e1778ef0bd3,-224.637466431,237311,68413,73.1705,30.65,42.5206,96.8019,0.43925,0.8536,1.4084,1.6499
aw-cql-seed1,cql,18000,2,18000,a11e5e1778ef0bd3,-224.637466431,168808,33814,48.7072,16.3041,32.4031,96.8019,0.33474,0.9027,1.146,1.2695
aw-cql-seed1,cql,18000,4,18000,a11e5e1778ef0bd3,-224.637466431,35214,133999,41.5955,6.0736,35.522,96.8019,0.36696,0.895,1.009,1.1273
aw-cql-seed1,cql,18000,5,18000,a11e5e1778ef0bd3,-224.637466431,40938,30344,40.4044,1.5406,38.8638,96.8019,0.40148,0.943,1.1498,1.2193
aw-cql-seed1,cql,18000,6,18000,a11e5e1778ef0bd3,-224.637466431,51996,11915,37.9479,7.7019,30.246,96.8019,0.31245,0.9588,1.2477,1.3012
aw-cql-seed1,cql,18000,7,18000,a11e5e1778ef0bd3,-224.637466431,64933,19513,35.7212,13.5976,22.1236,96.8019,0.22855,0.9297,1.1913,1.2814
aw-cql-seed1,cql,18000,11,18000,a11e5e1778ef0bd3,-224.637466431,76763,39227,31.9647,10.1493,21.8154,96.8019,0.22536,0.9751,1.1122,1.1406
aw-cql-seed1,cql,18000,12,18000,a11e5e1778ef0bd3,-224.637466431,33583,82841,33.7519,11.7757,21.9761,96.8019,0.22702,0.9535,1.0613,1.1131
aw-cql-seed1,cql,18000,13,18000,a11e5e1778ef0bd3,-224.637466431,29838,52509,40.0542,3.8655,36.1888,96.8019,0.37384,0.9158,1.0834,1.183
aw-cql-seed1,cql,18000,14,18000,a11e5e1778ef0bd3,-224.637466431,36307,14110,46.0801,6.342,39.738,96.8019,0.41051,0.9617,1.2839,1.335
aw-cql-seed1,cql,19000,0,19000,8abf802426a8e4a6,-234.651138306,237311,68413,72.962,29.4052,43.5569,95.7719,0.4548,0.8559,1.4158,1.6541
aw-cql-seed1,cql,19000,2,19000,8abf802426a8e4a6,-234.651138306,168808,33814,48.6743,16.9291,31.7452,95.7719,0.33147,0.9023,1.1468,1.271
aw-cql-seed1,cql,19000,4,19000,8abf802426a8e4a6,-234.651138306,35214,133999,42.2667,7.1001,35.1666,95.7719,0.36719,0.8912,1.0063,1.1292
aw-cql-seed1,cql,19000,5,19000,8abf802426a8e4a6,-234.651138306,40938,30344,41.3617,2.0507,39.311,95.7719,0.41046,0.9371,1.1427,1.2193
aw-cql-seed1,cql,19000,6,19000,8abf802426a8e4a6,-234.651138306,51996,11915,39.6242,8.3217,31.3025,95.7719,0.32684,0.9554,1.2385,1.2962
aw-cql-seed1,cql,19000,7,19000,8abf802426a8e4a6,-234.651138306,64933,19513,35.9862,14.1241,21.8621,95.7719,0.22827,0.9186,1.1881,1.2934
aw-cql-seed1,cql,19000,11,19000,8abf802426a8e4a6,-234.651138306,76763,39227,32.1018,10.3244,21.7773,95.7719,0.22739,0.9682,1.1022,1.1384
aw-cql-seed1,cql,19000,12,19000,8abf802426a8e4a6,-234.651138306,33583,82841,34.1317,12.5484,21.5833,95.7719,0.22536,0.9435,1.0527,1.1158
aw-cql-seed1,cql,19000,13,19000,8abf802426a8e4a6,-234.651138306,29838,52509,41.7552,4.9565,36.7988,95.7719,0.38423,0.9105,1.0755,1.1812
aw-cql-seed1,cql,19000,14,19000,8abf802426a8e4a6,-234.651138306,36307,14110,47.252,6.7744,40.4777,95.7719,0.42265,0.9616,1.2786,1.3296
aw-cql-seed1,cql,20000,0,20000,626e74dc15df3cad,-234.941162109,237311,68413,72.2035,30.5828,41.6207,94.9494,0.43835,0.8546,1.3946,1.6318
aw-cql-seed1,cql,20000,2,20000,626e74dc15df3cad,-234.941162109,168808,33814,47.5797,16.4757,31.104,94.9494,0.32759,0.9043,1.1391,1.2596
aw-cql-seed1,cql,20000,4,20000,626e74dc15df3cad,-234.941162109,35214,133999,38.3961,5.5081,32.888,94.9494,0.34637,0.9034,1.0113,1.1194
aw-cql-seed1,cql,20000,5,20000,626e74dc15df3cad,-234.941162109,40938,30344,39.1445,1.5397,37.6049,94.9494,0.39605,0.9522,1.1459,1.2035
aw-cql-seed1,cql,20000,6,20000,626e74dc15df3cad,-234.941162109,51996,11915,38.7385,9.1709,29.5676,94.9494,0.3114,0.957,1.2468,1.3028
aw-cql-seed1,cql,20000,7,20000,626e74dc15df3cad,-234.941162109,64933,19513,36.1081,14.8353,21.2729,94.9494,0.22404,0.922,1.1921,1.2929
aw-cql-seed1,cql,20000,11,20000,626e74dc15df3cad,-234.941162109,76763,39227,29.9979,8.7148,21.2831,94.9494,0.22415,0.9714,1.1099,1.1425
aw-cql-seed1,cql,20000,12,20000,626e74dc15df3cad,-234.941162109,33583,82841,31.6786,10.7482,20.9303,94.9494,0.22044,0.9462,1.0519,1.1117
aw-cql-seed1,cql,20000,13,20000,626e74dc15df3cad,-234.941162109,29838,52509,38.3041,3.8767,34.4274,94.9494,0.36259,0.9293,1.082,1.1643
aw-cql-seed1,cql,20000,14,20000,626e74dc15df3cad,-234.941162109,36307,14110,43.2294,5.8096,37.4198,94.9494,0.3941,0.9776,1.2854,1.3149
aw-cql-seed1,cql,21000,0,21000,ca57bd4a9e2e4006,-238.102813721,237311,68413,72.1078,30.4882,41.6196,94.6792,0.43959,0.8516,1.4023,1.6468
aw-cql-seed1,cql,21000,2,21000,ca57bd4a9e2e4006,-238.102813721,168808,33814,45.6428,15.0478,30.5951,94.6792,0.32314,0.898,1.1375,1.2668
aw-cql-seed1,cql,21000,4,21000,ca57bd4a9e2e4006,-238.102813721,35214,133999,37.3893,5.7162,31.6731,94.6792,0.33453,0.8944,1.0113,1.1307
aw-cql-seed1,cql,21000,5,21000,ca57bd4a9e2e4006,-238.102813721,40938,30344,37.74,0.9685,36.7715,94.6792,0.38838,0.9375,1.147,1.2235
aw-cql-seed1,cql,21000,6,21000,ca57bd4a9e2e4006,-238.102813721,51996,11915,37.758,7.4888,30.2692,94.6792,0.3197,0.9599,1.2543,1.3067
aw-cql-seed1,cql,21000,7,21000,ca57bd4a9e2e4006,-238.102813721,64933,19513,34.4277,12.6456,21.7821,94.6792,0.23006,0.9214,1.179,1.2795
aw-cql-seed1,cql,21000,11,21000,ca57bd4a9e2e4006,-238.102813721,76763,39227,28.818,8.6403,20.1776,94.6792,0.21312,0.9727,1.1087,1.1398
aw-cql-seed1,cql,21000,12,21000,ca57bd4a9e2e4006,-238.102813721,33583,82841,30.7547,10.9737,19.7811,94.6792,0.20893,0.9476,1.0506,1.1087
aw-cql-seed1,cql,21000,13,21000,ca57bd4a9e2e4006,-238.102813721,29838,52509,37.5638,3.9349,33.6288,94.6792,0.35519,0.9109,1.0809,1.1867
aw-cql-seed1,cql,21000,14,21000,ca57bd4a9e2e4006,-238.102813721,36307,14110,44.8793,5.5064,39.373,94.6792,0.41586,0.958,1.2881,1.3445
aw-cql-seed1,cql,22000,0,22000,89331bcdb3cdbd0b,-234.870834351,237311,68413,71.9315,29.5573,42.3742,95.7938,0.44235,0.8505,1.3874,1.6314
aw-cql-seed1,cql,22000,2,22000,89331bcdb3cdbd0b,-234.870834351,168808,33814,45.6856,14.4857,31.1999,95.7938,0.3257,0.9012,1.133,1.2572
aw-cql-seed1,cql,22000,4,22000,89331bcdb3cdbd0b,-234.870834351,35214,133999,38.4477,6.0966,32.3511,95.7938,0.33772,0.8912,1.0062,1.129
aw-cql-seed1,cql,22000,5,22000,89331bcdb3cdbd0b,-234.870834351,40938,30344,39.46,1.7184,37.7417,95.7938,0.39399,0.9361,1.1421,1.2201
aw-cql-seed1,cql,22000,6,22000,89331bcdb3cdbd0b,-234.870834351,51996,11915,37.1457,8.2228,28.9229,95.7938,0.30193,0.9511,1.2376,1.3013
aw-cql-seed1,cql,22000,7,22000,89331bcdb3cdbd0b,-234.870834351,64933,19513,35.6295,13.4644,22.1651,95.7938,0.23138,0.9211,1.1874,1.2892
aw-cql-seed1,cql,22000,11,22000,89331bcdb3cdbd0b,-234.870834351,76763,39227,29.613,8.3179,21.2951,95.7938,0.2223,0.97,1.1007,1.1346
aw-cql-seed1,cql,22000,12,22000,89331bcdb3cdbd0b,-234.870834351,33583,82841,29.4315,10.1003,19.3311,95.7938,0.2018,0.9501,1.0567,1.1122
aw-cql-seed1,cql,22000,13,22000,89331bcdb3cdbd0b,-234.870834351,29838,52509,39.5791,4.6451,34.934,95.7938,0.36468,0.9121,1.0805,1.1846
aw-cql-seed1,cql,22000,14,22000,89331bcdb3cdbd0b,-234.870834351,36307,14110,46.5463,7.5207,39.0256,95.7938,0.40739,0.9577,1.2795,1.3359
aw-cql-seed1,cql,23000,0,23000,f49937dbeb2ead72,-238.209777832,237311,68413,71.0524,29.8874,41.1651,94.0517,0.43769,0.8516,1.3905,1.6328
aw-cql-seed1,cql,23000,2,23000,f49937dbeb2ead72,-238.209777832,168808,33814,46.4266,15.0665,31.3601,94.0517,0.33344,0.8981,1.1268,1.2547
aw-cql-seed1,cql,23000,4,23000,f49937dbeb2ead72,-238.209777832,35214,133999,35.872,5.0165,30.8555,94.0517,0.32807,0.9035,1.01,1.1179
aw-cql-seed1,cql,23000,5,23000,f49937dbeb2ead72,-238.209777832,40938,30344,36.9199,0.984,35.9359,94.0517,0.38209,0.9534,1.1435,1.1994
aw-cql-seed1,cql,23000,6,23000,f49937dbeb2ead72,-238.209777832,51996,11915,36.3199,7.8395,28.4804,94.0517,0.30282,0.959,1.2311,1.2838
aw-cql-seed1,cql,23000,7,23000,f49937dbeb2ead72,-238.209777832,64933,19513,33.8936,13.3748,20.5188,94.0517,0.21817,0.9156,1.1827,1.2917
aw-cql-seed1,cql,23000,11,23000,f49937dbeb2ead72,-238.209777832,76763,39227,28.884,8.7208,20.1633,94.0517,0.21439,0.9632,1.0946,1.1363
aw-cql-seed1,cql,23000,12,23000,f49937dbeb2ead72,-238.209777832,33583,82841,31.2037,10.5945,20.6092,94.0517,0.21913,0.9424,1.0462,1.1101
aw-cql-seed1,cql,23000,13,23000,f49937dbeb2ead72,-238.209777832,29838,52509,38.9232,3.7103,35.2129,94.0517,0.3744,0.9225,1.081,1.1718
aw-cql-seed1,cql,23000,14,23000,f49937dbeb2ead72,-238.209777832,36307,14110,44.0364,5.3032,38.7332,94.0517,0.41183,0.9681,1.2757,1.3177
aw-cql-seed1,cql,24000,0,24000,e7d1f6dc7864ee36,-239.991165161,237311,68413,71.0972,29.3702,41.727,95.5876,0.43653,0.8534,1.3976,1.6377
aw-cql-seed1,cql,24000,2,24000,e7d1f6dc7864ee36,-239.991165161,168808,33814,45.1748,15.9882,29.1866,95.5876,0.30534,0.8988,1.1398,1.2681
aw-cql-seed1,cql,24000,4,24000,e7d1f6dc7864ee36,-239.991165161,35214,133999,35.1923,5.2827,29.9095,95.5876,0.3129,0.892,1.0045,1.1261
aw-cql-seed1,cql,24000,5,24000,e7d1f6dc7864ee36,-239.991165161,40938,30344,37.8545,1.4226,36.4319,95.5876,0.38114,0.9405,1.1376,1.2096
aw-cql-seed1,cql,24000,6,24000,e7d1f6dc7864ee36,-239.991165161,51996,11915,36.6317,8.1405,28.4912,95.5876,0.29806,0.9525,1.2399,1.3018
aw-cql-seed1,cql,24000,7,24000,e7d1f6dc7864ee36,-239.991165161,64933,19513,33.6178,12.2301,21.3877,95.5876,0.22375,0.9196,1.1917,1.2959
aw-cql-seed1,cql,24000,11,24000,e7d1f6dc7864ee36,-239.991165161,76763,39227,27.6392,7.9007,19.7385,95.5876,0.2065,0.9655,1.0979,1.1371
aw-cql-seed1,cql,24000,12,24000,e7d1f6dc7864ee36,-239.991165161,33583,82841,30.2107,10.0841,20.1266,95.5876,0.21056,0.9441,1.0489,1.111
aw-cql-seed1,cql,24000,13,24000,e7d1f6dc7864ee36,-239.991165161,29838,52509,37.0394,3.7382,33.3012,95.5876,0.34838,0.9153,1.0735,1.1729
aw-cql-seed1,cql,24000,14,24000,e7d1f6dc7864ee36,-239.991165161,36307,14110,44.5188,5.5329,38.9859,95.5876,0.40786,0.9629,1.2684,1.3174
aw-cql-seed1,cql,25000,0,25000,9972417b74a09aed,-246.736938477,237311,68413,70.0137,28.8644,41.1493,93.8644,0.43839,0.8522,1.3922,1.6337
aw-cql-seed1,cql,25000,2,25000,9972417b74a09aed,-246.736938477,168808,33814,46.6729,15.8836,30.7894,93.8644,0.32802,0.8992,1.135,1.2622
aw-cql-seed1,cql,25000,4,25000,9972417b74a09aed,-246.736938477,35214,133999,38.073,5.3248,32.7482,93.8644,0.34889,0.888,1.0023,1.1287
aw-cql-seed1,cql,25000,5,25000,9972417b74a09aed,-246.736938477,40938,30344,38.5522,1.1713,37.381,93.8644,0.39824,0.9311,1.1416,1.2261
aw-cql-seed1,cql,25000,6,25000,9972417b74a09aed,-246.736938477,51996,11915,36.6997,7.2511,29.4485,93.8644,0.31373,0.9547,1.2492,1.3085
aw-cql-seed1,cql,25000,7,25000,9972417b74a09aed,-246.736938477,64933,19513,33.1943,11.9939,21.2003,93.8644,0.22586,0.9158,1.1772,1.2854
aw-cql-seed1,cql,25000,11,25000,9972417b74a09aed,-246.736938477,76763,39227,28.6779,8.4107,20.2672,93.8644,0.21592,0.9653,1.1006,1.1402
aw-cql-seed1,cql,25000,12,25000,9972417b74a09aed,-246.736938477,33583,82841,29.6288,9.2458,20.383,93.8644,0.21715,0.94,1.0416,1.1081
aw-cql-seed1,cql,25000,13,25000,9972417b74a09aed,-246.736938477,29838,52509,38.577,3.7563,34.8207,93.8644,0.37097,0.9021,1.0701,1.1863
aw-cql-seed1,cql,25000,14,25000,9972417b74a09aed,-246.736938477,36307,14110,44.6141,5.7567,38.8574,93.8644,0.41397,0.958,1.2868,1.3432
aw-cql-seed1,cql,26000,0,26000,33344472778bb824,-252.765716553,237311,68413,69.684,27.0167,42.6673,94.647,0.4508,0.8537,1.3896,1.6278
aw-cql-seed1,cql,26000,2,26000,33344472778bb824,-252.765716553,168808,33814,44.0743,13.2183,30.856,94.647,0.32601,0.8971,1.1264,1.2556
aw-cql-seed1,cql,26000,4,26000,33344472778bb824,-252.765716553,35214,133999,34.2082,4.6441,29.5642,94.647,0.31236,0.8868,0.9977,1.125
aw-cql-seed1,cql,26000,5,26000,33344472778bb824,-252.765716553,40938,30344,37.37,1.0124,36.3577,94.647,0.38414,0.931,1.1345,1.2186
aw-cql-seed1,cql,26000,6,26000,33344472778bb824,-252.765716553,51996,11915,35.1981,6.5096,28.6885,94.647,0.30311,0.9496,1.2358,1.3014
aw-cql-seed1,cql,26000,7,26000,33344472778bb824,-252.765716553,64933,19513,32.3715,11.0969,21.2747,94.647,0.22478,0.9151,1.1802,1.2897
aw-cql-seed1,cql,26000,11,26000,33344472778bb824,-252.765716553,76763,39227,25.6534,6.6183,19.0351,94.647,0.20112,0.9639,1.0954,1.1365
aw-cql-seed1,cql,26000,12,26000,33344472778bb824,-252.765716553,33583,82841,27.8157,9.0227,18.793,94.647,0.19856,0.9401,1.0418,1.1082
aw-cql-seed1,cql,26000,13,26000,33344472778bb824,-252.765716553,29838,52509,34.6779,2.9999,31.678,94.647,0.3347,0.9037,1.0678,1.1816
aw-cql-seed1,cql,26000,14,26000,33344472778bb824,-252.765716553,36307,14110,41.7161,3.5196,38.1965,94.647,0.40357,0.9516,1.2713,1.3359
aw-cql-seed1,cql,27000,0,27000,263b933d7661d8f7,-257.831878662,237311,68413,68.3812,27.7962,40.585,91.6222,0.44296,0.8526,1.3898,1.63
aw-cql-seed1,cql,27000,2,27000,263b933d7661d8f7,-257.831878662,168808,33814,43.6725,13.9374,29.7352,91.6222,0.32454,0.9005,1.1261,1.2506
aw-cql-seed1,cql,27000,4,27000,263b933d7661d8f7,-257.831878662,35214,133999,33.8478,4.4556,29.3922,91.6222,0.3208,0.8921,1.0048,1.1263
aw-cql-seed1,cql,27000,5,27000,263b933d7661d8f7,-257.831878662,40938,30344,37.3823,1.2783,36.104,91.6222,0.39405,0.9442,1.1465,1.2142
aw-cql-seed1,cql,27000,6,27000,263b933d7661d8f7,-257.831878662,51996,11915,35.7842,7.0922,28.6919,91.6222,0.31315,0.9594,1.2504,1.3033
aw-cql-seed1,cql,27000,7,27000,263b933d7661d8f7,-257.831878662,64933,19513,32.308,12.208,20.1,91.6222,0.21938,0.916,1.1754,1.2832
aw-cql-seed1,cql,27000,11,27000,263b933d7661d8f7,-257.831878662,76763,39227,25.8936,6.9628,18.9308,91.6222,0.20662,0.9666,1.0911,1.1288
aw-cql-seed1,cql,27000,12,27000,263b933d7661d8f7,-257.831878662,33583,82841,27.6775,8.7439,18.9336,91.6222,0.20665,0.9458,1.0497,1.1099
aw-cql-seed1,cql,27000,13,27000,263b933d7661d8f7,-257.831878662,29838,52509,35.7945,3.4023,32.3922,91.6222,0.35354,0.914,1.0788,1.1803
aw-cql-seed1,cql,27000,14,27000,263b933d7661d8f7,-257.831878662,36307,14110,43.5308,5.5869,37.9439,91.6222,0.41413,0.9606,1.2853,1.338
aw-cql-seed1,cql,28000,0,28000,fadee1094d9d6eeb,-264.162689209,237311,68413,68.3033,27.9377,40.3655,90.7832,0.44464,0.8508,1.3871,1.6303
aw-cql-seed1,cql,28000,2,28000,fadee1094d9d6eeb,-264.162689209,168808,33814,43.3374,13.6916,29.6457,90.7832,0.32656,0.8989,1.1271,1.2538
aw-cql-seed1,cql,28000,4,28000,fadee1094d9d6eeb,-264.162689209,35214,133999,34.1571,5.2261,28.9309,90.7832,0.31868,0.89,1.0004,1.1241
aw-cql-seed1,cql,28000,5,28000,fadee1094d9d6eeb,-264.162689209,40938,30344,36.7766,0.9909,35.7857,90.7832,0.39419,0.9445,1.1439,1.2112
aw-cql-seed1,cql,28000,6,28000,fadee1094d9d6eeb,-264.162689209,51996,11915,34.7974,4.7916,30.0058,90.7832,0.33052,0.9558,1.2531,1.3111
aw-cql-seed1,cql,28000,7,28000,fadee1094d9d6eeb,-264.162689209,64933,19513,32.7083,11.0412,21.667,90.7832,0.23867,0.9231,1.1767,1.2748
aw-cql-seed1,cql,28000,11,28000,fadee1094d9d6eeb,-264.162689209,76763,39227,25.7738,6.9266,18.8472,90.7832,0.20761,0.9663,1.0977,1.136
aw-cql-seed1,cql,28000,12,28000,fadee1094d9d6eeb,-264.162689209,33583,82841,27.5682,8.9076,18.6605,90.7832,0.20555,0.9415,1.042,1.1067
aw-cql-seed1,cql,28000,13,28000,fadee1094d9d6eeb,-264.162689209,29838,52509,36.1104,3.6305,32.4799,90.7832,0.35777,0.9117,1.0728,1.1766
aw-cql-seed1,cql,28000,14,28000,fadee1094d9d6eeb,-264.162689209,36307,14110,43.7545,4.8402,38.9143,90.7832,0.42865,0.9642,1.2886,1.3365
aw-cql-seed1,cql,29000,0,29000,3aba4de2bebc63ef,-270.16986084,237311,68413,68.6913,27.7747,40.9166,93.3105,0.4385,0.8528,1.3864,1.6257
aw-cql-seed1,cql,29000,2,29000,3aba4de2bebc63ef,-270.16986084,168808,33814,43.4993,13.7484,29.7509,93.3105,0.31884,0.8994,1.1299,1.2562
aw-cql-seed1,cql,29000,4,29000,3aba4de2bebc63ef,-270.16986084,35214,133999,34.8692,4.8832,29.9859,93.3105,0.32136,0.881,0.9959,1.1304
aw-cql-seed1,cql,29000,5,29000,3aba4de2bebc63ef,-270.16986084,40938,30344,36.4479,0.8554,35.5924,93.3105,0.38144,0.9317,1.1381,1.2215
aw-cql-seed1,cql,29000,6,29000,3aba4de2bebc63ef,-270.16986084,51996,11915,34.843,5.0692,29.7739,93.3105,0.31908,0.9533,1.2293,1.2896
aw-cql-seed1,cql,29000,7,29000,3aba4de2bebc63ef,-270.16986084,64933,19513,31.989,11.9175,20.0716,93.3105,0.2151,0.9134,1.1704,1.2813
aw-cql-seed1,cql,29000,11,29000,3aba4de2bebc63ef,-270.16986084,76763,39227,25.1119,6.5108,18.6011,93.3105,0.19935,0.9601,1.0862,1.1314
aw-cql-seed1,cql,29000,12,29000,3aba4de2bebc63ef,-270.16986084,33583,82841,28.2855,9.4854,18.8001,93.3105,0.20148,0.9401,1.0407,1.107
aw-cql-seed1,cql,29000,13,29000,3aba4de2bebc63ef,-270.16986084,29838,52509,37.0932,3.9953,33.0979,93.3105,0.35471,0.9024,1.0687,1.1843
aw-cql-seed1,cql,29000,14,29000,3aba4de2bebc63ef,-270.16986084,36307,14110,43.5345,5.0393,38.4952,93.3105,0.41255,0.9555,1.2672,1.3262
aw-cql-seed1,cql,30000,0,30000,89c81a0e19ba7e86,-277.167785645,237311,68413,68.5234,27.0111,41.5122,93.2517,0.44516,0.8486,1.3665,1.6103
aw-cql-seed1,cql,30000,2,30000,89c81a0e19ba7e86,-277.167785645,168808,33814,42.0091,12.3871,29.622,93.2517,0.31766,0.8976,1.121,1.2488
aw-cql-seed1,cql,30000,4,30000,89c81a0e19ba7e86,-277.167785645,35214,133999,33.9006,4.1907,29.7099,93.2517,0.3186,0.8926,1.0059,1.1269
aw-cql-seed1,cql,30000,5,30000,89c81a0e19ba7e86,-277.167785645,40938,30344,35.9033,0.4792,35.4242,93.2517,0.37988,0.9405,1.1488,1.2215
aw-cql-seed1,cql,30000,6,30000,89c81a0e19ba7e86,-277.167785645,51996,11915,34.3669,5.4906,28.8763,93.2517,0.30966,0.9566,1.2492,1.3058
aw-cql-seed1,cql,30000,7,30000,89c81a0e19ba7e86,-277.167785645,64933,19513,31.144,9.757,21.3869,93.2517,0.22935,0.9131,1.1664,1.2774
aw-cql-seed1,cql,30000,11,30000,89c81a0e19ba7e86,-277.167785645,76763,39227,24.3776,5.4729,18.9047,93.2517,0.20273,0.9638,1.0898,1.1308
aw-cql-seed1,cql,30000,12,30000,89c81a0e19ba7e86,-277.167785645,33583,82841,27.1679,8.0766,19.0913,93.2517,0.20473,0.9431,1.0459,1.109
aw-cql-seed1,cql,30000,13,30000,89c81a0e19ba7e86,-277.167785645,29838,52509,36.3748,3.5666,32.8083,93.2517,0.35182,0.91,1.0786,1.1853
aw-cql-seed1,cql,30000,14,30000,89c81a0e19ba7e86,-277.167785645,36307,14110,42.5418,4.3392,38.2026,93.2517,0.40967,0.9631,1.2963,1.346
aw-cql-seed1,cql,31000,0,31000,75564e4ec896c6c3,-279.456176758,237311,68413,68.7298,27.6193,41.1105,92.8067,0.44297,0.8487,1.375,1.6201
aw-cql-seed1,cql,31000,2,31000,75564e4ec896c6c3,-279.456176758,168808,33814,42.5041,12.631,29.8731,92.8067,0.32189,0.8986,1.1217,1.2483
aw-cql-seed1,cql,31000,4,31000,75564e4ec896c6c3,-279.456176758,35214,133999,30.0265,3.2136,26.8129,92.8067,0.28891,0.886,0.9963,1.1244
aw-cql-seed1,cql,31000,5,31000,75564e4ec896c6c3,-279.456176758,40938,30344,32.7635,-0.4912,33.2548,92.8067,0.35832,0.926,1.1295,1.2198
aw-cql-seed1,cql,31000,6,31000,75564e4ec896c6c3,-279.456176758,51996,11915,33.5639,4.7418,28.8221,92.8067,0.31056,0.9447,1.2274,1.2992
aw-cql-seed1,cql,31000,7,31000,75564e4ec896c6c3,-279.456176758,64933,19513,30.6563,10.5973,20.059,92.8067,0.21614,0.9112,1.1657,1.2793
aw-cql-seed1,cql,31000,11,31000,75564e4ec896c6c3,-279.456176758,76763,39227,23.7962,5.472,18.3242,92.8067,0.19745,0.963,1.0866,1.1283
aw-cql-seed1,cql,31000,12,31000,75564e4ec896c6c3,-279.456176758,33583,82841,26.3018,8.1759,18.1259,92.8067,0.19531,0.9389,1.0408,1.1085
aw-cql-seed1,cql,31000,13,31000,75564e4ec896c6c3,-279.456176758,29838,52509,34.0335,2.3969,31.6366,92.8067,0.34089,0.9015,1.0634,1.1796
aw-cql-seed1,cql,31000,14,31000,75564e4ec896c6c3,-279.456176758,36307,14110,42.7695,3.5418,39.2277,92.8067,0.42268,0.951,1.2635,1.3287
aw-cql-seed1,cql,32000,0,32000,5d0d2dcfe7274064,-278.204589844,237311,68413,67.1918,26.9786,40.2132,91.4011,0.43996,0.8501,1.3832,1.6271
aw-cql-seed1,cql,32000,2,32000,5d0d2dcfe7274064,-278.204589844,168808,33814,41.7233,12.4055,29.3177,91.4011,0.32076,0.898,1.1176,1.2445
aw-cql-seed1,cql,32000,4,32000,5d0d2dcfe7274064,-278.204589844,35214,133999,31.9667,4.1641,27.8026,91.4011,0.30418,0.8895,1.0015,1.1259
aw-cql-seed1,cql,32000,5,32000,5d0d2dcfe7274064,-278.204589844,40938,30344,33.7366,-0.3779,34.1145,91.4011,0.37324,0.9331,1.1406,1.2224
aw-cql-seed1,cql,32000,6,32000,5d0d2dcfe7274064,-278.204589844,51996,11915,32.9796,4.4893,28.4903,91.4011,0.31171,0.953,1.2519,1.3137
aw-cql-seed1,cql,32000,7,32000,5d0d2dcfe7274064,-278.204589844,64933,19513,30.8831,10.6838,20.1993,91.4011,0.221,0.9135,1.1725,1.2836
aw-cql-seed1,cql,32000,11,32000,5d0d2dcfe7274064,-278.204589844,76763,39227,23.605,5.3705,18.2345,91.4011,0.1995,0.9623,1.0844,1.1268
aw-cql-seed1,cql,32000,12,32000,5d0d2dcfe7274064,-278.204589844,33583,82841,25.3799,7.5976,17.7824,91.4011,0.19455,0.9407,1.0417,1.1074
aw-cql-seed1,cql,32000,13,32000,5d0d2dcfe7274064,-278.204589844,29838,52509,34.443,3.2363,31.2068,91.4011,0.34143,0.9031,1.0692,1.1839
aw-cql-seed1,cql,32000,14,32000,5d0d2dcfe7274064,-278.204589844,36307,14110,43.238,4.4173,38.8206,91.4011,0.42473,0.955,1.2821,1.3426
aw-cql-seed1,cql,33000,0,33000,b223b0d99f72a877,-286.732666016,237311,68413,65.8864,24.4605,41.4259,90.7154,0.45666,0.8505,1.3635,1.6031
aw-cql-seed1,cql,33000,2,33000,b223b0d99f72a877,-286.732666016,168808,33814,41.1073,11.8363,29.271,90.7154,0.32267,0.8971,1.1156,1.2436
aw-cql-seed1,cql,33000,4,33000,b223b0d99f72a877,-286.732666016,35214,133999,30.4897,3.7515,26.7382,90.7154,0.29475,0.8891,0.9978,1.1223
aw-cql-seed1,cql,33000,5,33000,b223b0d99f72a877,-286.732666016,40938,30344,33.7518,0.183,33.5688,90.7154,0.37005,0.937,1.143,1.2199
aw-cql-seed1,cql,33000,6,33000,b223b0d99f72a877,-286.732666016,51996,11915,33.3587,5.2884,28.0703,90.7154,0.30943,0.9519,1.2489,1.312
aw-cql-seed1,cql,33000,7,33000,b223b0d99f72a877,-286.732666016,64933,19513,31.6169,11.7946,19.8223,90.7154,0.21851,0.9126,1.1709,1.2831
aw-cql-seed1,cql,33000,11,33000,b223b0d99f72a877,-286.732666016,76763,39227,20.7516,4.2296,16.522,90.7154,0.18213,0.9628,1.0862,1.1281
aw-cql-seed1,cql,33000,12,33000,b223b0d99f72a877,-286.732666016,33583,82841,22.3208,5.8821,16.4387,90.7154,0.18121,0.9449,1.0423,1.103
aw-cql-seed1,cql,33000,13,33000,b223b0d99f72a877,-286.732666016,29838,52509,33.7727,3.2522,30.5205,90.7154,0.33644,0.9089,1.0717,1.1792
aw-cql-seed1,cql,33000,14,33000,b223b0d99f72a877,-286.732666016,36307,14110,41.5762,3.9188,37.6574,90.7154,0.41512,0.9616,1.2932,1.3448
aw-cql-seed1,cql,34000,0,34000,9b00fa4b61949102,-292.081420898,237311,68413,67.3903,26.3197,41.0706,92.2755,0.44509,0.8476,1.3593,1.6037
aw-cql-seed1,cql,34000,2,34000,9b00fa4b61949102,-292.081420898,168808,33814,40.2299,11.2289,29.0011,92.2755,0.31429,0.897,1.1159,1.244
aw-cql-seed1,cql,34000,4,34000,9b00fa4b61949102,-292.081420898,35214,133999,29.4628,3.2805,26.1823,92.2755,0.28374,0.8827,0.9976,1.1303
aw-cql-seed1,cql,34000,5,34000,9b00fa4b61949102,-292.081420898,40938,30344,31.4546,-0.5412,31.9958,92.2755,0.34674,0.9294,1.138,1.2245
aw-cql-seed1,cql,34000,6,34000,9b00fa4b61949102,-292.081420898,51996,11915,32.2098,5.1075,27.1022,92.2755,0.29371,0.9524,1.2513,1.3138
aw-cql-seed1,cql,34000,7,34000,9b00fa4b61949102,-292.081420898,64933,19513,30.0598,9.1597,20.9001,92.2755,0.2265,0.9132,1.1654,1.2762
aw-cql-seed1,cql,34000,11,34000,9b00fa4b61949102,-292.081420898,76763,39227,23.6514,5.4983,18.1531,92.2755,0.19673,0.962,1.0842,1.1271
aw-cql-seed1,cql,34000,12,34000,9b00fa4b61949102,-292.081420898,33583,82841,24.6458,7.1009,17.5449,92.2755,0.19014,0.9434,1.0438,1.1064
aw-cql-seed1,cql,34000,13,34000,9b00fa4b61949102,-292.081420898,29838,52509,31.6994,2.0282,29.6712,92.2755,0.32155,0.8993,1.067,1.1864
aw-cql-seed1,cql,34000,14,34000,9b00fa4b61949102,-292.081420898,36307,14110,40.0673,2.9933,37.074,92.2755,0.40178,0.9531,1.2765,1.3393
aw-cql-seed1,cql,35000,0,35000,fa7d5000087c8387,-296.29006958,237311,68413,65.6271,25.8802,39.7469,88.7377,0.44791,0.8489,1.3593,1.6013
aw-cql-seed1,cql,35000,2,35000,fa7d5000087c8387,-296.29006958,168808,33814,40.5564,11.6536,28.9028,88.7377,0.32571,0.8987,1.113,1.2385
aw-cql-seed1,cql,35000,4,35000,fa7d5000087c8387,-296.29006958,35214,133999,29.7901,3.6004,26.1897,88.7377,0.29514,0.885,0.9957,1.1251
aw-cql-seed1,cql,35000,5,35000,fa7d5000087c8387,-296.29006958,40938,30344,32.3663,-0.116,32.4823,88.7377,0.36605,0.9259,1.1293,1.2198
aw-cql-seed1,cql,35000,6,35000,fa7d5000087c8387,-296.29006958,51996,11915,33.1819,5.1498,28.0321,88.7377,0.3159,0.9465,1.2395,1.3095
aw-cql-seed1,cql,35000,7,35000,fa7d5000087c8387,-296.29006958,64933,19513,29.7076,10.2565,19.4511,88.7377,0.2192,0.9124,1.164,1.2757
aw-cql-seed1,cql,35000,11,35000,fa7d5000087c8387,-296.29006958,76763,39227,22.5955,4.9793,17.6163,88.7377,0.19852,0.9599,1.0781,1.1231
aw-cql-seed1,cql,35000,12,35000,fa7d5000087c8387,-296.29006958,33583,82841,24.3001,7.1011,17.199,88.7377,0.19382,0.9408,1.0393,1.1046
aw-cql-seed1,cql,35000,13,35000,fa7d5000087c8387,-296.29006958,29838,52509,33.8232,3.0329,30.7904,88.7377,0.34698,0.8986,1.0627,1.1826
aw-cql-seed1,cql,35000,14,35000,fa7d5000087c8387,-296.29006958,36307,14110,42.0523,4.3677,37.6846,88.7377,0.42467,0.9469,1.2629,1.3338
aw-cql-seed1,cql,36000,0,36000,cd81ab30e6a6d082,-299.418060303,237311,68413,66.3825,25.0777,41.3049,91.7497,0.45019,0.851,1.3699,1.6098
aw-cql-seed1,cql,36000,2,36000,cd81ab30e6a6d082,-299.418060303,168808,33814,39.7339,10.827,28.9068,91.7497,0.31506,0.8967,1.1127,1.241
aw-cql-seed1,cql,36000,4,36000,cd81ab30e6a6d082,-299.418060303,35214,133999,29.4455,3.5898,25.8557,91.7497,0.28181,0.8803,0.9947,1.1299
aw-cql-seed1,cql,36000,5,36000,cd81ab30e6a6d082,-299.418060303,40938,30344,31.4565,-0.4102,31.8666,91.7497,0.34732,0.9227,1.1289,1.2235
aw-cql-seed1,cql,36000,6,36000,cd81ab30e6a6d082,-299.418060303,51996,11915,31.7131,3.6128,28.1003,91.7497,0.30627,0.945,1.2355,1.3073
aw-cql-seed1,cql,36000,7,36000,cd81ab30e6a6d082,-299.418060303,64933,19513,29.7917,10.0963,19.6954,91.7497,0.21466,0.9093,1.1601,1.2758
aw-cql-seed1,cql,36000,11,36000,cd81ab30e6a6d082,-299.418060303,76763,39227,21.3954,4.3646,17.0308,91.7497,0.18562,0.96,1.081,1.1261
aw-cql-seed1,cql,36000,12,36000,cd81ab30e6a6d082,-299.418060303,33583,82841,22.9172,6.6483,16.269,91.7497,0.17732,0.9368,1.0356,1.1054
aw-cql-seed1,cql,36000,13,36000,cd81ab30e6a6d082,-299.418060303,29838,52509,31.224,2.3073,28.9167,91.7497,0.31517,0.8969,1.0629,1.1851
aw-cql-seed1,cql,36000,14,36000,cd81ab30e6a6d082,-299.418060303,36307,14110,40.3771,2.9991,37.378,91.7497,0.40739,0.9458,1.2627,1.335
aw-cql-seed1,cql,37000,0,37000,52f5686818e4e442,-305.869842529,237311,68413,65.3421,24.2498,41.0923,89.9956,0.4566,0.8498,1.3627,1.6035
aw-cql-seed1,cql,37000,2,37000,52f5686818e4e442,-305.869842529,168808,33814,38.0388,10.1094,27.9294,89.9956,0.31034,0.8968,1.1062,1.2336
aw-cql-seed1,cql,37000,4,37000,52f5686818e4e442,-305.869842529,35214,133999,29.2963,3.63,25.6662,89.9956,0.28519,0.8822,0.9953,1.1282
aw-cql-seed1,cql,37000,5,37000,52f5686818e4e442,-305.869842529,40938,30344,31.4366,-0.1604,31.597,89.9956,0.3511,0.934,1.1325,1.2125
aw-cql-seed1,cql,37000,6,37000,52f5686818e4e442,-305.869842529,51996,11915,31.6476,3.1713,28.4763,89.9956,0.31642,0.9509,1.2309,1.2946
aw-cql-seed1,cql,37000,7,37000,52f5686818e4e442,-305.869842529,64933,19513,28.3153,9.0895,19.2258,89.9956,0.21363,0.9119,1.1673,1.28
aw-cql-seed1,cql,37000,11,37000,52f5686818e4e442,-305.869842529,76763,39227,20.8729,4.2432,16.6297,89.9956,0.18478,0.9674,1.0846,1.1212
aw-cql-seed1,cql,37000,12,37000,52f5686818e4e442,-305.869842529,33583,82841,23.1233,6.2866,16.8368,89.9956,0.18708,0.9393,1.0386,1.1057
aw-cql-seed1,cql,37000,13,37000,52f5686818e4e442,-305.869842529,29838,52509,31.8029,2.6495,29.1534,89.9956,0.32394,0.9037,1.0663,1.1799
aw-cql-seed1,cql,37000,14,37000,52f5686818e4e442,-305.869842529,36307,14110,40.3141,2.5761,37.738,89.9956,0.41933,0.9551,1.2625,1.3218
aw-cql-seed1,cql,38000,0,38000,429c6727e0796f98,-315.741241455,237311,68413,65.7795,24.7406,41.0389,90.3614,0.45416,0.8523,1.3666,1.6035
aw-cql-seed1,cql,38000,2,38000,429c6727e0796f98,-315.741241455,168808,33814,39.6109,10.9096,28.7013,90.3614,0.31763,0.8995,1.1102,1.2342
aw-cql-seed1,cql,38000,4,38000,429c6727e0796f98,-315.741241455,35214,133999,28.6707,3.3471,25.3235,90.3614,0.28025,0.8828,0.9933,1.1252
aw-cql-seed1,cql,38000,5,38000,429c6727e0796f98,-315.741241455,40938,30344,30.5849,-1.1412,31.7261,90.3614,0.3511,0.9271,1.1302,1.219
aw-cql-seed1,cql,38000,6,38000,429c6727e0796f98,-315.741241455,51996,11915,30.4585,3.0389,27.4196,90.3614,0.30344,0.9472,1.2263,1.2947
aw-cql-seed1,cql,38000,7,38000,429c6727e0796f98,-315.741241455,64933,19513,29.6093,9.1613,20.448,90.3614,0.22629,0.9116,1.1627,1.2755
aw-cql-seed1,cql,38000,11,38000,429c6727e0796f98,-315.741241455,76763,39227,21.5998,4.3972,17.2026,90.3614,0.19038,0.9625,1.0821,1.1243
aw-cql-seed1,cql,38000,12,38000,429c6727e0796f98,-315.741241455,33583,82841,23.8745,7.1617,16.7128,90.3614,0.18496,0.9371,1.0342,1.1037
aw-cql-seed1,cql,38000,13,38000,429c6727e0796f98,-315.741241455,29838,52509,31.2472,2.3602,28.8869,90.3614,0.31968,0.8999,1.0627,1.1809
aw-cql-seed1,cql,38000,14,38000,429c6727e0796f98,-315.741241455,36307,14110,39.434,3.0599,36.3741,90.3614,0.40254,0.9541,1.2658,1.3267
aw-cql-seed1,cql,39000,0,39000,2096d49cecf22d7b,-323.249084473,237311,68413,64.0939,23.1221,40.9718,89.8716,0.45589,0.849,1.3691,1.6126
aw-cql-seed1,cql,39000,2,39000,2096d49cecf22d7b,-323.249084473,168808,33814,39.2115,10.8231,28.3884,89.8716,0.31588,0.8953,1.1075,1.237
aw-cql-seed1,cql,39000,4,39000,2096d49cecf22d7b,-323.249084473,35214,133999,27.8544,3.3705,24.4839,89.8716,0.27243,0.8841,0.9939,1.1242
aw-cql-seed1,cql,39000,5,39000,2096d49cecf22d7b,-323.249084473,40938,30344,31.5357,-0.3873,31.923,89.8716,0.35521,0.9262,1.1249,1.2146
aw-cql-seed1,cql,39000,6,39000,2096d49cecf22d7b,-323.249084473,51996,11915,31.0695,3.5,27.5695,89.8716,0.30676,0.9466,1.2269,1.2962
aw-cql-seed1,cql,39000,7,39000,2096d49cecf22d7b,-323.249084473,64933,19513,28.5323,8.6347,19.8976,89.8716,0.2214,0.909,1.1593,1.2753
aw-cql-seed1,cql,39000,11,39000,2096d49cecf22d7b,-323.249084473,76763,39227,20.9001,3.8654,17.0347,89.8716,0.18954,0.9584,1.0773,1.1241
aw-cql-seed1,cql,39000,12,39000,2096d49cecf22d7b,-323.249084473,33583,82841,23.4713,6.2927,17.1787,89.8716,0.19115,0.939,1.0329,1.1001
aw-cql-seed1,cql,39000,13,39000,2096d49cecf22d7b,-323.249084473,29838,52509,33.0664,2.7328,30.3335,89.8716,0.33752,0.9009,1.064,1.181
aw-cql-seed1,cql,39000,14,39000,2096d49cecf22d7b,-323.249084473,36307,14110,40.0886,3.7504,36.3381,89.8716,0.40433,0.9477,1.2609,1.3305
aw-cql-seed1,cql,40000,0,40000,06c2189c0fc87d4e,-332.009918213,237311,68413,65.3507,23.4145,41.9363,90.9622,0.46103,0.8493,1.3679,1.6105
aw-cql-seed1,cql,40000,2,40000,06c2189c0fc87d4e,-332.009918213,168808,33814,37.4159,10.0276,27.3883,90.9622,0.3011,0.8963,1.1137,1.2425
aw-cql-seed1,cql,40000,4,40000,06c2189c0fc87d4e,-332.009918213,35214,133999,28.6894,3.1853,25.5041,90.9622,0.28038,0.8801,0.9926,1.1278
aw-cql-seed1,cql,40000,5,40000,06c2189c0fc87d4e,-332.009918213,40938,30344,32.2558,-0.3662,32.622,90.9622,0.35863,0.9247,1.1266,1.2183
aw-cql-seed1,cql,40000,6,40000,06c2189c0fc87d4e,-332.009918213,51996,11915,31.9192,4.1812,27.738,90.9622,0.30494,0.9444,1.2244,1.2964
aw-cql-seed1,cql,40000,7,40000,06c2189c0fc87d4e,-332.009918213,64933,19513,28.981,9.4638,19.5172,90.9622,0.21456,0.9088,1.1604,1.2769
aw-cql-seed1,cql,40000,11,40000,06c2189c0fc87d4e,-332.009918213,76763,39227,20.0655,3.8253,16.2402,90.9622,0.17854,0.9581,1.0756,1.1226
aw-cql-seed1,cql,40000,12,40000,06c2189c0fc87d4e,-332.009918213,33583,82841,21.7862,6.2393,15.5469,90.9622,0.17092,0.9362,1.0331,1.1035
aw-cql-seed1,cql,40000,13,40000,06c2189c0fc87d4e,-332.009918213,29838,52509,33.1852,2.5952,30.5901,90.9622,0.33629,0.8982,1.0635,1.184
aw-cql-seed1,cql,40000,14,40000,06c2189c0fc87d4e,-332.009918213,36307,14110,40.7769,2.8982,37.8788,90.9622,0.41642,0.9494,1.261,1.3281
aw-cql-seed1,cql,41000,0,41000,a5761aa0eb03551b,-342.870697021,237311,68413,64.7735,23.9815,40.7921,90.7518,0.44949,0.8485,1.3621,1.6052
aw-cql-seed1,cql,41000,2,41000,a5761aa0eb03551b,-342.870697021,168808,33814,37.5514,10.3251,27.2262,90.7518,0.30001,0.8947,1.1019,1.2317
aw-cql-seed1,cql,41000,4,41000,a5761aa0eb03551b,-342.870697021,35214,133999,24.9391,2.4178,22.5213,90.7518,0.24816,0.8812,0.9897,1.1231
aw-cql-seed1,cql,41000,5,41000,a5761aa0eb03551b,-342.870697021,40938,30344,30.2372,-1.0326,31.2698,90.7518,0.34456,0.9245,1.1262,1.2182
aw-cql-seed1,cql,41000,6,41000,a5761aa0eb03551b,-342.870697021,51996,11915,31.3546,3.3271,28.0275,90.7518,0.30884,0.9447,1.2294,1.3013
aw-cql-seed1,cql,41000,7,41000,a5761aa0eb03551b,-342.870697021,64933,19513,28.6609,8.2181,20.4428,90.7518,0.22526,0.9103,1.1598,1.2741
aw-cql-seed1,cql,41000,11,41000,a5761aa0eb03551b,-342.870697021,76763,39227,20.0301,3.9194,16.1108,90.7518,0.17753,0.9592,1.0763,1.122
aw-cql-seed1,cql,41000,12,41000,a5761aa0eb03551b,-342.870697021,33583,82841,21.4849,5.9797,15.5052,90.7518,0.17085,0.936,1.0323,1.1029
aw-cql-seed1,cql,41000,13,41000,a5761aa0eb03551b,-342.870697021,29838,52509,30.7544,1.9849,28.7694,90.7518,0.31701,0.895,1.0574,1.1814
aw-cql-seed1,cql,41000,14,41000,a5761aa0eb03551b,-342.870697021,36307,14110,39.9031,2.2791,37.624,90.7518,0.41458,0.9477,1.2555,1.3247
aw-cql-seed1,cql,42000,0,42000,94f9f43678f03313,-347.150756836,237311,68413,64.1876,23.506,40.6816,88.974,0.45723,0.8493,1.3736,1.6173
aw-cql-seed1,cql,42000,2,42000,94f9f43678f03313,-347.150756836,168808,33814,37.4283,9.4686,27.9597,88.974,0.31425,0.8958,1.1062,1.2349
aw-cql-seed1,cql,42000,4,42000,94f9f43678f03313,-347.150756836,35214,133999,27.007,2.6496,24.3574,88.974,0.27376,0.8796,0.9904,1.1259
aw-cql-seed1,cql,42000,5,42000,94f9f43678f03313,-347.150756836,40938,30344,29.9942,-0.9105,30.9047,88.974,0.34735,0.922,1.128,1.2234
aw-cql-seed1,cql,42000,6,42000,94f9f43678f03313,-347.150756836,51996,11915,31.4843,3.6492,27.8351,88.974,0.31285,0.9426,1.2274,1.3021
aw-cql-seed1,cql,42000,7,42000,94f9f43678f03313,-347.150756836,64933,19513,28.0391,8.0097,20.0293,88.974,0.22511,0.9092,1.158,1.2737
aw-cql-seed1,cql,42000,11,42000,94f9f43678f03313,-347.150756836,76763,39227,20.3686,4.1505,16.2181,88.974,0.18228,0.9564,1.0738,1.1227
aw-cql-seed1,cql,42000,12,42000,94f9f43678f03313,-347.150756836,33583,82841,20.2326,5.4092,14.8234,88.974,0.1666,0.9337,1.0289,1.1019
aw-cql-seed1,cql,42000,13,42000,94f9f43678f03313,-347.150756836,29838,52509,30.5588,2.3104,28.2484,88.974,0.31749,0.897,1.0617,1.1836
aw-cql-seed1,cql,42000,14,42000,94f9f43678f03313,-347.150756836,36307,14110,40.7368,3.1981,37.5387,88.974,0.42191,0.9493,1.2633,1.3308
aw-cql-seed1,cql,43000,0,43000,4c3999931919d8e5,-354.453094482,237311,68413,63.1529,23.3846,39.7684,88.2742,0.45051,0.8484,1.365,1.6089
aw-cql-seed1,cql,43000,2,43000,4c3999931919d8e5,-354.453094482,168808,33814,37.2222,9.4717,27.7505,88.2742,0.31437,0.8975,1.1068,1.2332
aw-cql-seed1,cql,43000,4,43000,4c3999931919d8e5,-354.453094482,35214,133999,26.5678,2.4606,24.1072,88.2742,0.27309,0.8884,0.9949,1.1199
aw-cql-seed1,cql,43000,5,43000,4c3999931919d8e5,-354.453094482,40938,30344,28.8396,-1.1215,29.9612,88.2742,0.33941,0.9285,1.1238,1.2104
aw-cql-seed1,cql,43000,6,43000,4c3999931919d8e5,-354.453094482,51996,11915,28.6339,1.6288,27.0052,88.2742,0.30592,0.9443,1.2288,1.3013
aw-cql-seed1,cql,43000,7,43000,4c3999931919d8e5,-354.453094482,64933,19513,26.7617,7.0371,19.7247,88.2742,0.22345,0.9148,1.1544,1.2618
aw-cql-seed1,cql,43000,11,43000,4c3999931919d8e5,-354.453094482,76763,39227,19.7348,3.4135,16.3213,88.2742,0.18489,0.9644,1.0819,1.1218
aw-cql-seed1,cql,43000,12,43000,4c3999931919d8e5,-354.453094482,33583,82841,20.3518,5.0722,15.2797,88.2742,0.17309,0.9384,1.0331,1.101
aw-cql-seed1,cql,43000,13,43000,4c3999931919d8e5,-354.453094482,29838,52509,29.247,1.5913,27.6558,88.2742,0.31329,0.9036,1.0617,1.175
aw-cql-seed1,cql,43000,14,43000,4c3999931919d8e5,-354.453094482,36307,14110,37.9263,2.0233,35.903,88.2742,0.40672,0.9488,1.254,1.3217
aw-cql-seed1,cql,44000,0,44000,b6ab2c6582bfbbb5,-360.154815674,237311,68413,62.6867,20.9017,41.7851,88.5949,0.47164,0.8486,1.3609,1.6038
aw-cql-seed1,cql,44000,2,44000,b6ab2c6582bfbbb5,-360.154815674,168808,33814,36.5414,9.3504,27.191,88.5949,0.30691,0.8958,1.1048,1.2333
aw-cql-seed1,cql,44000,4,44000,b6ab2c6582bfbbb5,-360.154815674,35214,133999,24.3879,2.7832,21.6047,88.5949,0.24386,0.8768,0.9887,1.1276
aw-cql-seed1,cql,44000,5,44000,b6ab2c6582bfbbb5,-360.154815674,40938,30344,27.8018,-0.5221,28.3239,88.5949,0.3197,0.919,1.1216,1.2205
aw-cql-seed1,cql,44000,6,44000,b6ab2c6582bfbbb5,-360.154815674,51996,11915,29.8083,3.2505,26.5578,88.5949,0.29977,0.944,1.221,1.2935
aw-cql-seed1,cql,44000,7,44000,b6ab2c6582bfbbb5,-360.154815674,64933,19513,26.9455,7.6354,19.3101,88.5949,0.21796,0.9088,1.1549,1.2708
aw-cql-seed1,cql,44000,11,44000,b6ab2c6582bfbbb5,-360.154815674,76763,39227,19.2856,2.9538,16.3318,88.5949,0.18434,0.9584,1.0744,1.1211
aw-cql-seed1,cql,44000,12,44000,b6ab2c6582bfbbb5,-360.154815674,33583,82841,20.2546,5.3105,14.9442,88.5949,0.16868,0.9362,1.032,1.1023
aw-cql-seed1,cql,44000,13,44000,b6ab2c6582bfbbb5,-360.154815674,29838,52509,28.4636,2.0611,26.4025,88.5949,0.29801,0.8943,1.0588,1.1839
aw-cql-seed1,cql,44000,14,44000,b6ab2c6582bfbbb5,-360.154815674,36307,14110,37.2953,2.4083,34.8871,88.5949,0.39378,0.9458,1.2519,1.3236
aw-cql-seed1,cql,45000,0,45000,c2dc523ff47fb50d,-373.137481689,237311,68413,63.0491,21.7244,41.3247,87.7664,0.47085,0.8508,1.3497,1.5865
aw-cql-seed1,cql,45000,2,45000,c2dc523ff47fb50d,-373.137481689,168808,33814,36.5609,9.3637,27.1972,87.7664,0.30988,0.8965,1.0999,1.2268
aw-cql-seed1,cql,45000,4,45000,c2dc523ff47fb50d,-373.137481689,35214,133999,27.1679,3.0416,24.1263,87.7664,0.27489,0.8841,0.9929,1.123
aw-cql-seed1,cql,45000,5,45000,c2dc523ff47fb50d,-373.137481689,40938,30344,30.2121,-0.6655,30.8777,87.7664,0.35182,0.9279,1.1229,1.2101
aw-cql-seed1,cql,45000,6,45000,c2dc523ff47fb50d,-373.137481689,51996,11915,30.5169,3.7014,26.8155,87.7664,0.30553,0.9433,1.2232,1.2967
aw-cql-seed1,cql,45000,7,45000,c2dc523ff47fb50d,-373.137481689,64933,19513,27.8288,7.5315,20.2974,87.7664,0.23127,0.9089,1.1509,1.2662
aw-cql-seed1,cql,45000,11,45000,c2dc523ff47fb50d,-373.137481689,76763,39227,18.8984,3.5768,15.3217,87.7664,0.17457,0.9593,1.077,1.1227
aw-cql-seed1,cql,45000,12,45000,c2dc523ff47fb50d,-373.137481689,33583,82841,19.1895,5.155,14.0344,87.7664,0.15991,0.9348,1.0285,1.1002
aw-cql-seed1,cql,45000,13,45000,c2dc523ff47fb50d,-373.137481689,29838,52509,29.3915,2.1935,27.1981,87.7664,0.30989,0.9004,1.0613,1.1787
aw-cql-seed1,cql,45000,14,45000,c2dc523ff47fb50d,-373.137481689,36307,14110,38.7659,2.2718,36.494,87.7664,0.41581,0.9504,1.2606,1.3264
aw-cql-seed1,cql,46000,0,46000,1c0551a6e948945c,-378.559448242,237311,68413,62.9799,22.2943,40.6856,87.5835,0.46454,0.8483,1.3574,1.6
aw-cql-seed1,cql,46000,2,46000,1c0551a6e948945c,-378.559448242,168808,33814,36.3922,9.0049,27.3873,87.5835,0.3127,0.8948,1.0996,1.2289
aw-cql-seed1,cql,46000,4,46000,1c0551a6e948945c,-378.559448242,35214,133999,25.8924,2.5699,23.3224,87.5835,0.26629,0.8821,0.9919,1.1244
aw-cql-seed1,cql,46000,5,46000,1c0551a6e948945c,-378.559448242,40938,30344,29.4425,-0.919,30.3615,87.5835,0.34666,0.922,1.1238,1.2188
aw-cql-seed1,cql,46000,6,46000,1c0551a6e948945c,-378.559448242,51996,11915,31.5819,3.4919,28.09,87.5835,0.32072,0.9425,1.2274,1.3023
aw-cql-seed1,cql,46000,7,46000,1c0551a6e948945c,-378.559448242,64933,19513,27.1746,7.117,20.0576,87.5835,0.22901,0.9068,1.1521,1.2704
aw-cql-seed1,cql,46000,11,46000,1c0551a6e948945c,-378.559448242,76763,39227,19.6516,3.1108,16.5408,87.5835,0.18886,0.96,1.0769,1.1218
aw-cql-seed1,cql,46000,12,46000,1c0551a6e948945c,-378.559448242,33583,82841,20.5108,5.385,15.1258,87.5835,0.1727,0.9359,1.0319,1.1027
aw-cql-seed1,cql,46000,13,46000,1c0551a6e948945c,-378.559448242,29838,52509,28.5727,1.8838,26.6889,87.5835,0.30473,0.8961,1.059,1.1819
aw-cql-seed1,cql,46000,14,46000,1c0551a6e948945c,-378.559448242,36307,14110,39.6894,2.2155,37.4739,87.5835,0.42786,0.9474,1.2499,1.3193
aw-cql-seed1,cql,47000,0,47000,9e006527b2bdd12f,-388.005096436,237311,68413,61.6297,20.7287,40.901,87.3054,0.46848,0.848,1.3578,1.6013
aw-cql-seed1,cql,47000,2,47000,9e006527b2bdd12f,-388.005096436,168808,33814,36.5909,8.7247,27.8662,87.3054,0.31918,0.8943,1.0997,1.2296
aw-cql-seed1,cql,47000,4,47000,9e006527b2bdd12f,-388.005096436,35214,133999,23.5189,2.5436,20.9753,87.3054,0.24025,0.8766,0.9873,1.1263
aw-cql-seed1,cql,47000,5,47000,9e006527b2bdd12f,-388.005096436,40938,30344,26.2939,-1.4326,27.7264,87.3054,0.31758,0.9152,1.1192,1.2229
aw-cql-seed1,cql,47000,6,47000,9e006527b2bdd12f,-388.005096436,51996,11915,29.7474,3.1094,26.638,87.3054,0.30511,0.9459,1.2333,1.3039
aw-cql-seed1,cql,47000,7,47000,9e006527b2bdd12f,-388.005096436,64933,19513,27.3067,7.4429,19.8638,87.3054,0.22752,0.9113,1.1523,1.2645
aw-cql-seed1,cql,47000,11,47000,9e006527b2bdd12f,-388.005096436,76763,39227,19.1425,3.0537,16.0888,87.3054,0.18428,0.9589,1.0741,1.1202
aw-cql-seed1,cql,47000,12,47000,9e006527b2bdd12f,-388.005096436,33583,82841,18.6394,4.7189,13.9205,87.3054,0.15945,0.9337,1.0265,1.0994
aw-cql-seed1,cql,47000,13,47000,9e006527b2bdd12f,-388.005096436,29838,52509,27.2699,1.7598,25.51,87.3054,0.29219,0.889,1.0533,1.1848
aw-cql-seed1,cql,47000,14,47000,9e006527b2bdd12f,-388.005096436,36307,14110,37.2289,1.4617,35.7671,87.3054,0.40968,0.9387,1.2475,1.3289
aw-cql-seed1,cql,48000,0,48000,d6ff1478a6b578f8,-390.717498779,237311,68413,62.6252,22.073,40.5522,87.4424,0.46376,0.8466,1.3472,1.5913
aw-cql-seed1,cql,48000,2,48000,d6ff1478a6b578f8,-390.717498779,168808,33814,34.5774,7.4769,27.1006,87.4424,0.30992,0.8941,1.0902,1.2193
aw-cql-seed1,cql,48000,4,48000,d6ff1478a6b578f8,-390.717498779,35214,133999,22.3699,1.9671,20.4028,87.4424,0.23333,0.8832,0.9888,1.1196
aw-cql-seed1,cql,48000,5,48000,d6ff1478a6b578f8,-390.717498779,40938,30344,27.2812,-1.2139,28.4951,87.4424,0.32587,0.9257,1.1246,1.2149
aw-cql-seed1,cql,48000,6,48000,d6ff1478a6b578f8,-390.717498779,51996,11915,28.0821,2.2315,25.8506,87.4424,0.29563,0.9427,1.2257,1.3001
aw-cql-seed1,cql,48000,7,48000,d6ff1478a6b578f8,-390.717498779,64933,19513,25.8337,6.7872,19.0465,87.4424,0.21782,0.9078,1.1542,1.2715
aw-cql-seed1,cql,48000,11,48000,d6ff1478a6b578f8,-390.717498779,76763,39227,16.9215,2.1993,14.7222,87.4424,0.16836,0.9579,1.0724,1.1195
aw-cql-seed1,cql,48000,12,48000,d6ff1478a6b578f8,-390.717498779,33583,82841,19.2235,4.8742,14.3493,87.4424,0.1641,0.9388,1.0306,1.0978
aw-cql-seed1,cql,48000,13,48000,d6ff1478a6b578f8,-390.717498779,29838,52509,27.4965,1.6344,25.8621,87.4424,0.29576,0.9016,1.0598,1.1755
aw-cql-seed1,cql,48000,14,48000,d6ff1478a6b578f8,-390.717498779,36307,14110,37.3961,1.5448,35.8514,87.4424,0.41,0.9513,1.258,1.3224
aw-cql-seed1,cql,49000,0,49000,c11153ff82e77f72,-397.088745117,237311,68413,62.2949,21.4732,40.8217,87.0517,0.46894,0.847,1.3513,1.5954
aw-cql-seed1,cql,49000,2,49000,c11153ff82e77f72,-397.088745117,168808,33814,34.8602,8.1774,26.6828,87.0517,0.30652,0.894,1.0968,1.2268
aw-cql-seed1,cql,49000,4,49000,c11153ff82e77f72,-397.088745117,35214,133999,23.5936,2.1322,21.4613,87.0517,0.24654,0.8822,0.989,1.121
aw-cql-seed1,cql,49000,5,49000,c11153ff82e77f72,-397.088745117,40938,30344,27.6689,-1.4913,29.1602,87.0517,0.33498,0.9297,1.129,1.2144
aw-cql-seed1,cql,49000,6,49000,c11153ff82e77f72,-397.088745117,51996,11915,29.2606,2.9274,26.3332,87.0517,0.3025,0.9483,1.2338,1.3011
aw-cql-seed1,cql,49000,7,49000,c11153ff82e77f72,-397.088745117,64933,19513,25.7545,6.3636,19.3909,87.0517,0.22275,0.9093,1.1518,1.2666
aw-cql-seed1,cql,49000,11,49000,c11153ff82e77f72,-397.088745117,76763,39227,18.4058,3.2801,15.1257,87.0517,0.17375,0.9566,1.0702,1.1187
aw-cql-seed1,cql,49000,12,49000,c11153ff82e77f72,-397.088745117,33583,82841,18.5011,4.7097,13.7915,87.0517,0.15843,0.9362,1.0287,1.0987
aw-cql-seed1,cql,49000,13,49000,c11153ff82e77f72,-397.088745117,29838,52509,27.4228,1.1378,26.285,87.0517,0.30195,0.9011,1.0609,1.1773
aw-cql-seed1,cql,49000,14,49000,c11153ff82e77f72,-397.088745117,36307,14110,38.3061,1.6013,36.7049,87.0517,0.42164,0.9552,1.265,1.3242
aw-cql-seed1,cql,50000,0,50000,5bb1beff9d1d9a40,-411.709350586,237311,68413,61.5861,20.5217,41.0644,86.6775,0.47376,0.8472,1.3604,1.6057
aw-cql-seed1,cql,50000,2,50000,5bb1beff9d1d9a40,-411.709350586,168808,33814,34.6235,7.7285,26.895,86.6775,0.31029,0.8944,1.0966,1.226
aw-cql-seed1,cql,50000,4,50000,5bb1beff9d1d9a40,-411.709350586,35214,133999,23.5293,2.1886,21.3407,86.6775,0.24621,0.8817,0.9912,1.1242
aw-cql-seed1,cql,50000,5,50000,5bb1beff9d1d9a40,-411.709350586,40938,30344,26.4096,-1.2455,27.6551,86.6775,0.31906,0.9202,1.1205,1.2177
aw-cql-seed1,cql,50000,6,50000,5bb1beff9d1d9a40,-411.709350586,51996,11915,28.2206,1.7105,26.5101,86.6775,0.30585,0.9437,1.2214,1.2942
aw-cql-seed1,cql,50000,7,50000,5bb1beff9d1d9a40,-411.709350586,64933,19513,25.1417,5.7409,19.4009,86.6775,0.22383,0.9071,1.1516,1.2696
aw-cql-seed1,cql,50000,11,50000,5bb1beff9d1d9a40,-411.709350586,76763,39227,18.2316,2.8497,15.382,86.6775,0.17746,0.9582,1.0729,1.1197
aw-cql-seed1,cql,50000,12,50000,5bb1beff9d1d9a40,-411.709350586,33583,82841,18.0761,4.5439,13.5322,86.6775,0.15612,0.9359,1.0286,1.099
aw-cql-seed1,cql,50000,13,50000,5bb1beff9d1d9a40,-411.709350586,29838,52509,27.4448,1.3611,26.0837,86.6775,0.30093,0.8929,1.0575,1.1843
aw-cql-seed1,cql,50000,14,50000,5bb1beff9d1d9a40,-411.709350586,36307,14110,37.7029,1.6709,36.032,86.6775,0.4157,0.9446,1.2531,1.3267
aw-cql-seed1,cql,51000,0,51000,c86444ae769e8140,-421.034973145,237311,68413,61.4874,20.7882,40.6992,85.6651,0.4751,0.845,1.3401,1.5859
aw-cql-seed1,cql,51000,2,51000,c86444ae769e8140,-421.034973145,168808,33814,34.1483,7.8705,26.2778,85.6651,0.30675,0.8945,1.0919,1.2207
aw-cql-seed1,cql,51000,4,51000,c86444ae769e8140,-421.034973145,35214,133999,22.6001,2.3864,20.2137,85.6651,0.23596,0.8727,0.9849,1.1286
aw-cql-seed1,cql,51000,5,51000,c86444ae769e8140,-421.034973145,40938,30344,25.8275,-1.6038,27.4313,85.6651,0.32022,0.9177,1.1184,1.2187
aw-cql-seed1,cql,51000,6,51000,c86444ae769e8140,-421.034973145,51996,11915,28.5909,2.5386,26.0524,85.6651,0.30412,0.9402,1.2208,1.2984
aw-cql-seed1,cql,51000,7,51000,c86444ae769e8140,-421.034973145,64933,19513,25.6699,6.6246,19.0452,85.6651,0.22232,0.9052,1.1502,1.2707
aw-cql-seed1,cql,51000,11,51000,c86444ae769e8140,-421.034973145,76763,39227,16.6784,2.4906,14.1878,85.6651,0.16562,0.9564,1.0695,1.1183
aw-cql-seed1,cql,51000,12,51000,c86444ae769e8140,-421.034973145,33583,82841,17.0973,4.2655,12.8318,85.6651,0.14979,0.9344,1.0245,1.0964
aw-cql-seed1,cql,51000,13,51000,c86444ae769e8140,-421.034973145,29838,52509,25.3591,1.2115,24.1476,85.6651,0.28188,0.8886,1.0535,1.1856
aw-cql-seed1,cql,51000,14,51000,c86444ae769e8140,-421.034973145,36307,14110,36.8174,1.6959,35.1215,85.6651,0.40999,0.9404,1.2517,1.3311
aw-cql-seed1,cql,52000,0,52000,9c93f5c46bf95235,-431.800018311,237311,68413,61.1365,19.792,41.3445,85.9419,0.48108,0.8485,1.3492,1.5901
aw-cql-seed1,cql,52000,2,52000,9c93f5c46bf95235,-431.800018311,168808,33814,33.2869,7.1794,26.1075,85.9419,0.30378,0.8984,1.1051,1.23
aw-cql-seed1,cql,52000,4,52000,9c93f5c46bf95235,-431.800018311,35214,133999,23.2036,2.3259,20.8777,85.9419,0.24293,0.8804,0.9883,1.1226
aw-cql-seed1,cql,52000,5,52000,9c93f5c46bf95235,-431.800018311,40938,30344,27.4331,-0.6095,28.0426,85.9419,0.3263,0.9206,1.1198,1.2165
aw-cql-seed1,cql,52000,6,52000,9c93f5c46bf95235,-431.800018311,51996,11915,28.6859,3.0403,25.6456,85.9419,0.29841,0.9415,1.2211,1.297
aw-cql-seed1,cql,52000,7,52000,9c93f5c46bf95235,-431.800018311,64933,19513,25.5997,6.6228,18.977,85.9419,0.22081,0.9067,1.1516,1.2701
aw-cql-seed1,cql,52000,11,52000,9c93f5c46bf95235,-431.800018311,76763,39227,17.1214,2.3247,14.7967,85.9419,0.17217,0.9568,1.0681,1.1163
aw-cql-seed1,cql,52000,12,52000,9c93f5c46bf95235,-431.800018311,33583,82841,18.6842,4.7143,13.9699,85.9419,0.16255,0.9381,1.0322,1.1002
aw-cql-seed1,cql,52000,13,52000,9c93f5c46bf95235,-431.800018311,29838,52509,28.6994,1.9349,26.7645,85.9419,0.31143,0.8942,1.059,1.1844
aw-cql-seed1,cql,52000,14,52000,9c93f5c46bf95235,-431.800018311,36307,14110,38.2175,2.0585,36.159,85.9419,0.42074,0.9409,1.2487,1.3271
aw-cql-seed1,cql,53000,0,53000,6a152c43d94c2b55,-449.041137695,237311,68413,60.7787,20.3894,40.3893,85.8074,0.4707,0.8465,1.3494,1.5941
aw-cql-seed1,cql,53000,2,53000,6a152c43d94c2b55,-449.041137695,168808,33814,33.2642,7.226,26.0382,85.8074,0.30345,0.8931,1.092,1.2227
aw-cql-seed1,cql,53000,4,53000,6a152c43d94c2b55,-449.041137695,35214,133999,23.8196,2.6804,21.1392,85.8074,0.24636,0.8785,0.9848,1.121
aw-cql-seed1,cql,53000,5,53000,6a152c43d94c2b55,-449.041137695,40938,30344,27.4464,-0.9692,28.4157,85.8074,0.33116,0.9217,1.1175,1.2125
aw-cql-seed1,cql,53000,6,53000,6a152c43d94c2b55,-449.041137695,51996,11915,29.1074,2.455,26.6524,85.8074,0.31061,0.9414,1.2136,1.2892
aw-cql-seed1,cql,53000,7,53000,6a152c43d94c2b55,-449.041137695,64933,19513,25.1325,6.4536,18.679,85.8074,0.21768,0.9067,1.1478,1.2659
aw-cql-seed1,cql,53000,11,53000,6a152c43d94c2b55,-449.041137695,76763,39227,16.7997,2.2688,14.5309,85.8074,0.16934,0.9561,1.0656,1.1145
aw-cql-seed1,cql,53000,12,53000,6a152c43d94c2b55,-449.041137695,33583,82841,17.948,4.5416,13.4064,85.8074,0.15624,0.9339,1.0274,1.1
aw-cql-seed1,cql,53000,13,53000,6a152c43d94c2b55,-449.041137695,29838,52509,28.3639,1.8957,26.4681,85.8074,0.30846,0.8936,1.054,1.1795
aw-cql-seed1,cql,53000,14,53000,6a152c43d94c2b55,-449.041137695,36307,14110,38.5853,2.1333,36.452,85.8074,0.42481,0.9434,1.2409,1.3153
aw-cql-seed1,cql,54000,0,54000,bdfceb991a82337d,-458.061126709,237311,68413,60.8483,19.7618,41.0865,85.92,0.47819,0.8462,1.3422,1.5862
aw-cql-seed1,cql,54000,2,54000,bdfceb991a82337d,-458.061126709,168808,33814,34.3434,7.8633,26.4801,85.92,0.30819,0.8977,1.0955,1.2203
aw-cql-seed1,cql,54000,4,54000,bdfceb991a82337d,-458.061126709,35214,133999,19.6809,1.3235,18.3574,85.92,0.21366,0.8773,0.9835,1.1211
aw-cql-seed1,cql,54000,5,54000,bdfceb991a82337d,-458.061126709,40938,30344,24.373,-1.5745,25.9475,85.92,0.302,0.9186,1.1145,1.2132
aw-cql-seed1,cql,54000,6,54000,bdfceb991a82337d,-458.061126709,51996,11915,26.1159,0.6258,25.4901,85.92,0.29667,0.9425,1.2174,1.2917
aw-cql-seed1,cql,54000,7,54000,bdfceb991a82337d,-458.061126709,64933,19513,25.321,6.4437,18.8773,85.92,0.21971,0.9045,1.1476,1.2688
aw-cql-seed1,cql,54000,11,54000,bdfceb991a82337d,-458.061126709,76763,39227,15.3813,1.3817,13.9996,85.92,0.16294,0.9554,1.0682,1.1181
aw-cql-seed1,cql,54000,12,54000,bdfceb991a82337d,-458.061126709,33583,82841,15.9073,3.3759,12.5314,85.92,0.14585,0.9338,1.0254,1.0981
aw-cql-seed1,cql,54000,13,54000,bdfceb991a82337d,-458.061126709,29838,52509,25.3663,0.9609,24.4054,85.92,0.28405,0.8901,1.052,1.1819
aw-cql-seed1,cql,54000,14,54000,bdfceb991a82337d,-458.061126709,36307,14110,35.9468,0.9602,34.9866,85.92,0.4072,0.9441,1.2443,1.318
aw-cql-seed1,cql,55000,0,55000,4ba298d49290d5c6,-464.679199219,237311,68413,60.8335,20.2051,40.6284,85.7006,0.47407,0.8483,1.3537,1.5958
aw-cql-seed1,cql,55000,2,55000,4ba298d49290d5c6,-464.679199219,168808,33814,33.2228,6.9237,26.299,85.7006,0.30687,0.8961,1.093,1.2197
aw-cql-seed1,cql,55000,4,55000,4ba298d49290d5c6,-464.679199219,35214,133999,19.995,1.691,18.304,85.7006,0.21358,0.8787,0.9849,1.1208
aw-cql-seed1,cql,55000,5,55000,4ba298d49290d5c6,-464.679199219,40938,30344,23.6783,-1.6982,25.3765,85.7006,0.29611,0.9175,1.12,1.2207
aw-cql-seed1,cql,55000,6,55000,4ba298d49290d5c6,-464.679199219,51996,11915,26.7674,0.9411,25.8263,85.7006,0.30135,0.9409,1.221,1.2976
aw-cql-seed1,cql,55000,7,55000,4ba298d49290d5c6,-464.679199219,64933,19513,24.385,5.721,18.6641,85.7006,0.21778,0.9054,1.1401,1.2592
aw-cql-seed1,cql,55000,11,55000,4ba298d49290d5c6,-464.679199219,76763,39227,16.5013,2.2784,14.2229,85.7006,0.16596,0.9563,1.069,1.1179
aw-cql-seed1,cql,55000,12,55000,4ba298d49290d5c6,-464.679199219,33583,82841,17.2124,4.1307,13.0817,85.7006,0.15264,0.9337,1.0252,1.098
aw-cql-seed1,cql,55000,13,55000,4ba298d49290d5c6,-464.679199219,29838,52509,26.1571,1.3661,24.791,85.7006,0.28927,0.892,1.0563,1.1842
aw-cql-seed1,cql,55000,14,55000,4ba298d49290d5c6,-464.679199219,36307,14110,36.4385,1.7427,34.6958,85.7006,0.40485,0.9421,1.2578,1.3351
aw-cql-seed1,cql,56000,0,56000,f6720a6aa18c0cb9,-479.665527344,237311,68413,60.3039,20.3602,39.9438,85.3867,0.4678,0.8458,1.345,1.5903
aw-cql-seed1,cql,56000,2,56000,f6720a6aa18c0cb9,-479.665527344,168808,33814,33.0656,7.0537,26.0119,85.3867,0.30464,0.8938,1.0931,1.2229
aw-cql-seed1,cql,56000,4,56000,f6720a6aa18c0cb9,-479.665527344,35214,133999,20.4209,1.5491,18.8718,85.3867,0.22102,0.8799,0.9865,1.1212
aw-cql-seed1,cql,56000,5,56000,f6720a6aa18c0cb9,-479.665527344,40938,30344,26.0497,-1.3495,27.3992,85.3867,0.32088,0.9265,1.1245,1.2136
aw-cql-seed1,cql,56000,6,56000,f6720a6aa18c0cb9,-479.665527344,51996,11915,26.3811,1.5764,24.8048,85.3867,0.2905,0.9491,1.2314,1.2975
aw-cql-seed1,cql,56000,7,56000,f6720a6aa18c0cb9,-479.665527344,64933,19513,24.4881,5.8184,18.6697,85.3867,0.21865,0.909,1.1441,1.2585
aw-cql-seed1,cql,56000,11,56000,f6720a6aa18c0cb9,-479.665527344,76763,39227,15.8649,2.0511,13.8138,85.3867,0.16178,0.9574,1.068,1.1156
aw-cql-seed1,cql,56000,12,56000,f6720a6aa18c0cb9,-479.665527344,33583,82841,17.8297,4.3661,13.4636,85.3867,0.15768,0.9372,1.0283,1.0972
aw-cql-seed1,cql,56000,13,56000,f6720a6aa18c0cb9,-479.665527344,29838,52509,27.4151,1.3789,26.0362,85.3867,0.30492,0.8967,1.0605,1.1826
aw-cql-seed1,cql,56000,14,56000,f6720a6aa18c0cb9,-479.665527344,36307,14110,36.8079,1.5666,35.2413,85.3867,0.41273,0.947,1.2626,1.3332
aw-cql-seed1,cql,57000,0,57000,9ec9c893287f62d1,-492.969818115,237311,68413,59.9236,19.5789,40.3447,85.5485,0.4716,0.8473,1.3497,1.593
aw-cql-seed1,cql,57000,2,57000,9ec9c893287f62d1,-492.969818115,168808,33814,33.107,6.7645,26.3425,85.5485,0.30793,0.8968,1.0919,1.2176
aw-cql-seed1,cql,57000,4,57000,9ec9c893287f62d1,-492.969818115,35214,133999,19.8014,1.3307,18.4707,85.5485,0.21591,0.8749,0.9837,1.1243
aw-cql-seed1,cql,57000,5,57000,9ec9c893287f62d1,-492.969818115,40938,30344,24.5771,-1.4581,26.0352,85.5485,0.30433,0.9166,1.1147,1.216
aw-cql-seed1,cql,57000,6,57000,9ec9c893287f62d1,-492.969818115,51996,11915,26.6719,1.3385,25.3335,85.5485,0.29613,0.9396,1.2164,1.2945
aw-cql-seed1,cql,57000,7,57000,9ec9c893287f62d1,-492.969818115,64933,19513,24.4279,5.5716,18.8563,85.5485,0.22042,0.9059,1.1429,1.2617
aw-cql-seed1,cql,57000,11,57000,9ec9c893287f62d1,-492.969818115,76763,39227,15.4454,1.6886,13.7568,85.5485,0.16081,0.9552,1.0673,1.1174
aw-cql-seed1,cql,57000,12,57000,9ec9c893287f62d1,-492.969818115,33583,82841,16.0749,3.4321,12.6429,85.5485,0.14779,0.9325,1.0236,1.0976
aw-cql-seed1,cql,57000,13,57000,9ec9c893287f62d1,-492.969818115,29838,52509,25.3837,0.8722,24.5115,85.5485,0.28652,0.8887,1.0539,1.1859
aw-cql-seed1,cql,57000,14,57000,9ec9c893287f62d1,-492.969818115,36307,14110,35.9731,0.9439,35.0292,85.5485,0.40947,0.9412,1.2467,1.3246
aw-cql-seed1,cql,58000,0,58000,3a5304f656e922e0,-501.264251709,237311,68413,59.8702,19.2209,40.6493,84.5902,0.48054,0.846,1.35,1.5957
aw-cql-seed1,cql,58000,2,58000,3a5304f656e922e0,-501.264251709,168808,33814,32.9671,6.5164,26.4507,84.5902,0.31269,0.8924,1.0893,1.2207
aw-cql-seed1,cql,58000,4,58000,3a5304f656e922e0,-501.264251709,35214,133999,20.0786,1.9002,18.1784,84.5902,0.2149,0.8797,0.9862,1.1211
aw-cql-seed1,cql,58000,5,58000,3a5304f656e922e0,-501.264251709,40938,30344,24.3496,-1.7196,26.0692,84.5902,0.30818,0.9179,1.1197,1.2198
aw-cql-seed1,cql,58000,6,58000,3a5304f656e922e0,-501.264251709,51996,11915,26.883,1.9457,24.9372,84.5902,0.2948,0.9396,1.2138,1.2918
aw-cql-seed1,cql,58000,7,58000,3a5304f656e922e0,-501.264251709,64933,19513,24.6117,5.9267,18.6849,84.5902,0.22089,0.906,1.1384,1.2566
aw-cql-seed1,cql,58000,11,58000,3a5304f656e922e0,-501.264251709,76763,39227,14.5079,1.629,12.8789,84.5902,0.15225,0.953,1.0631,1.1156
aw-cql-seed1,cql,58000,12,58000,3a5304f656e922e0,-501.264251709,33583,82841,13.3194,2.4272,10.8922,84.5902,0.12876,0.935,1.0232,1.0944
aw-cql-seed1,cql,58000,13,58000,3a5304f656e922e0,-501.264251709,29838,52509,23.2031,0.786,22.417,84.5902,0.26501,0.8938,1.0562,1.1818
aw-cql-seed1,cql,58000,14,58000,3a5304f656e922e0,-501.264251709,36307,14110,35.4752,0.6178,34.8574,84.5902,0.41207,0.9428,1.2437,1.3192
aw-cql-seed1,cql,59000,0,59000,99da33a7a68cc824,-509.717468262,237311,68413,59.8443,18.721,41.1234,85.3857,0.48162,0.8454,1.3442,1.5901
aw-cql-seed1,cql,59000,2,59000,99da33a7a68cc824,-509.717468262,168808,33814,32.2814,6.1108,26.1705,85.3857,0.3065,0.8926,1.0861,1.2168
aw-cql-seed1,cql,59000,4,59000,99da33a7a68cc824,-509.717468262,35214,133999,21.6542,2.3118,19.3424,85.3857,0.22653,0.8763,0.9842,1.1232
aw-cql-seed1,cql,59000,5,59000,99da33a7a68cc824,-509.717468262,40938,30344,25.7289,-0.9934,26.7224,85.3857,0.31296,0.9182,1.117,1.2165
aw-cql-seed1,cql,59000,6,59000,99da33a7a68cc824,-509.717468262,51996,11915,26.679,0.9601,25.719,85.3857,0.30121,0.9411,1.211,1.2868
aw-cql-seed1,cql,59000,7,59000,99da33a7a68cc824,-509.717468262,64933,19513,24.0209,5.226,18.7949,85.3857,0.22012,0.9049,1.1414,1.2614
aw-cql-seed1,cql,59000,11,59000,99da33a7a68cc824,-509.717468262,76763,39227,15.0792,1.6861,13.3931,85.3857,0.15685,0.9579,1.0684,1.1153
aw-cql-seed1,cql,59000,12,59000,99da33a7a68cc824,-509.717468262,33583,82841,16.6375,4.1067,12.5308,85.3857,0.14675,0.9363,1.0256,1.0953
aw-cql-seed1,cql,59000,13,59000,99da33a7a68cc824,-509.717468262,29838,52509,25.9187,1.7446,24.1742,85.3857,0.28312,0.8927,1.0574,1.1845
aw-cql-seed1,cql,59000,14,59000,99da33a7a68cc824,-509.717468262,36307,14110,36.853,1.4079,35.4451,85.3857,0.41512,0.9404,1.244,1.3228
aw-cql-seed1,cql,60000,0,60000,57a4c99adcdc5ebc,-519.345397949,237311,68413,59.3359,19.9175,39.4184,85.1355,0.46301,0.8472,1.355,1.5993
aw-cql-seed1,cql,60000,2,60000,57a4c99adcdc5ebc,-519.345397949,168808,33814,32.2654,6.6528,25.6126,85.1355,0.30085,0.8943,1.0863,1.2147
aw-cql-seed1,cql,60000,4,60000,57a4c99adcdc5ebc,-519.345397949,35214,133999,19.7724,1.9899,17.7825,85.1355,0.20887,0.876,0.985,1.1244
aw-cql-seed1,cql,60000,5,60000,57a4c99adcdc5ebc,-519.345397949,40938,30344,25.1561,-1.4704,26.6265,85.1355,0.31275,0.9178,1.1201,1.2204
aw-cql-seed1,cql,60000,6,60000,57a4c99adcdc5ebc,-519.345397949,51996,11915,27.3581,0.9343,26.4238,85.1355,0.31037,0.9405,1.2164,1.2935
aw-cql-seed1,cql,60000,7,60000,57a4c99adcdc5ebc,-519.345397949,64933,19513,23.1884,5.1928,17.9956,85.1355,0.21138,0.9065,1.1442,1.2622
aw-cql-seed1,cql,60000,11,60000,57a4c99adcdc5ebc,-519.345397949,76763,39227,15.7619,1.8464,13.9156,85.1355,0.16345,0.9578,1.0684,1.1154
aw-cql-seed1,cql,60000,12,60000,57a4c99adcdc5ebc,-519.345397949,33583,82841,16.8132,4.0581,12.7551,85.1355,0.14982,0.934,1.0252,1.0977
aw-cql-seed1,cql,60000,13,60000,57a4c99adcdc5ebc,-519.345397949,29838,52509,24.3841,1.4339,22.9502,85.1355,0.26957,0.8894,1.056,1.1873
aw-cql-seed1,cql,60000,14,60000,57a4c99adcdc5ebc,-519.345397949,36307,14110,36.2245,1.3596,34.8649,85.1355,0.40952,0.9376,1.2443,1.3271
aw-cql-seed1,cql,61000,0,61000,9a608569ea37c353,-534.077514648,237311,68413,58.7642,19.9758,38.7885,83.5675,0.46416,0.8444,1.3433,1.5908
aw-cql-seed1,cql,61000,2,61000,9a608569ea37c353,-534.077514648,168808,33814,31.1369,5.8606,25.2763,83.5675,0.30247,0.8936,1.0868,1.2163
aw-cql-seed1,cql,61000,4,61000,9a608569ea37c353,-534.077514648,35214,133999,18.7332,1.5241,17.2091,83.5675,0.20593,0.8744,0.983,1.1242
aw-cql-seed1,cql,61000,5,61000,9a608569ea37c353,-534.077514648,40938,30344,23.5751,-1.7352,25.3103,83.5675,0.30287,0.9154,1.1186,1.2221
aw-cql-seed1,cql,61000,6,61000,9a608569ea37c353,-534.077514648,51996,11915,25.5145,0.4087,25.1058,83.5675,0.30043,0.9433,1.2187,1.2919
aw-cql-seed1,cql,61000,7,61000,9a608569ea37c353,-534.077514648,64933,19513,22.5726,4.3159,18.2566,83.5675,0.21847,0.9058,1.1392,1.2576
aw-cql-seed1,cql,61000,11,61000,9a608569ea37c353,-534.077514648,76763,39227,15.019,1.7292,13.2898,83.5675,0.15903,0.9545,1.0663,1.1171
aw-cql-seed1,cql,61000,12,61000,9a608569ea37c353,-534.077514648,33583,82841,14.5447,3.1679,11.3768,83.5675,0.13614,0.9347,1.0222,1.0936
aw-cql-seed1,cql,61000,13,61000,9a608569ea37c353,-534.077514648,29838,52509,23.1286,0.9742,22.1544,83.5675,0.26511,0.8881,1.0541,1.187
aw-cql-seed1,cql,61000,14,61000,9a608569ea37c353,-534.077514648,36307,14110,34.0963,0.5686,33.5277,83.5675,0.40121,0.9387,1.2456,1.3269
aw-cql-seed1,cql,62000,0,62000,3d0ad0dc58fce59f,-535.743530273,237311,68413,59.2661,18.2373,41.0288,85.4262,0.48028,0.845,1.3425,1.5888
aw-cql-seed1,cql,62000,2,62000,3d0ad0dc58fce59f,-535.743530273,168808,33814,31.993,5.7079,26.2851,85.4262,0.30769,0.8949,1.0879,1.2157
aw-cql-seed1,cql,62000,4,62000,3d0ad0dc58fce59f,-535.743530273,35214,133999,17.6966,1.4686,16.228,85.4262,0.18997,0.8742,0.9799,1.1209
aw-cql-seed1,cql,62000,5,62000,3d0ad0dc58fce59f,-535.743530273,40938,30344,24.8506,-1.6892,26.5398,85.4262,0.31068,0.9136,1.1147,1.2201
aw-cql-seed1,cql,62000,6,62000,3d0ad0dc58fce59f,-535.743530273,51996,11915,26.9322,0.7529,26.1793,85.4262,0.30646,0.9394,1.2171,1.2955
aw-cql-seed1,cql,62000,7,62000,3d0ad0dc58fce59f,-535.743530273,64933,19513,23.7441,5.4764,18.2677,85.4262,0.21384,0.9026,1.1396,1.2627
aw-cql-seed1,cql,62000,11,62000,3d0ad0dc58fce59f,-535.743530273,76763,39227,14.8651,1.6734,13.1917,85.4262,0.15442,0.9525,1.062,1.1149
aw-cql-seed1,cql,62000,12,62000,3d0ad0dc58fce59f,-535.743530273,33583,82841,15.0095,3.4714,11.5381,85.4262,0.13507,0.9322,1.021,1.0952
aw-cql-seed1,cql,62000,13,62000,3d0ad0dc58fce59f,-535.743530273,29838,52509,24.4124,0.7836,23.6288,85.4262,0.2766,0.8881,1.0517,1.1842
aw-cql-seed1,cql,62000,14,62000,3d0ad0dc58fce59f,-535.743530273,36307,14110,36.564,0.6815,35.8825,85.4262,0.42004,0.938,1.2446,1.3269
aw-cql-seed1,cql,63000,0,63000,086be28b5be96747,-549.575439453,237311,68413,57.824,16.9435,40.8805,83.8996,0.48726,0.8449,1.3422,1.5887
aw-cql-seed1,cql,63000,2,63000,086be28b5be96747,-549.575439453,168808,33814,31.3183,5.6893,25.629,83.8996,0.30547,0.8951,1.0889,1.2164
aw-cql-seed1,cql,63000,4,63000,086be28b5be96747,-549.575439453,35214,133999,16.5131,1.226,15.287,83.8996,0.18221,0.8735,0.9789,1.1206
aw-cql-seed1,cql,63000,5,63000,086be28b5be96747,-549.575439453,40938,30344,22.8392,-1.9032,24.7424,83.8996,0.2949,0.9118,1.1116,1.2191
aw-cql-seed1,cql,63000,6,63000,086be28b5be96747,-549.575439453,51996,11915,26.1319,0.6535,25.4783,83.8996,0.30368,0.9383,1.213,1.2927
aw-cql-seed1,cql,63000,7,63000,086be28b5be96747,-549.575439453,64933,19513,22.8394,5.0026,17.8368,83.8996,0.2126,0.9036,1.1369,1.2582
aw-cql-seed1,cql,63000,11,63000,086be28b5be96747,-549.575439453,76763,39227,15.6672,1.9918,13.6754,83.8996,0.163,0.9529,1.0632,1.1158
aw-cql-seed1,cql,63000,12,63000,086be28b5be96747,-549.575439453,33583,82841,15.0035,3.5519,11.4516,83.8996,0.13649,0.931,1.0206,1.0962
aw-cql-seed1,cql,63000,13,63000,086be28b5be96747,-549.575439453,29838,52509,22.771,0.6879,22.0831,83.8996,0.26321,0.8858,1.0497,1.185
aw-cql-seed1,cql,63000,14,63000,086be28b5be96747,-549.575439453,36307,14110,34.7148,-0.6973,35.4121,83.8996,0.42208,0.9333,1.2343,1.3224
aw-cql-seed1,cql,64000,0,64000,2ff83e6f2cdbdae9,-557.403808594,237311,68413,58.7743,17.5372,41.2371,84.9512,0.48542,0.8465,1.3381,1.5806
aw-cql-seed1,cql,64000,2,64000,2ff83e6f2cdbdae9,-557.403808594,168808,33814,31.997,5.726,26.271,84.9512,0.30925,0.8933,1.0848,1.2145
aw-cql-seed1,cql,64000,4,64000,2ff83e6f2cdbdae9,-557.403808594,35214,133999,18.3374,1.0953,17.242,84.9512,0.20296,0.8755,0.982,1.1217
aw-cql-seed1,cql,64000,5,64000,2ff83e6f2cdbdae9,-557.403808594,40938,30344,22.7564,-1.9193,24.6756,84.9512,0.29047,0.9144,1.1155,1.22
aw-cql-seed1,cql,64000,6,64000,2ff83e6f2cdbdae9,-557.403808594,51996,11915,26.1011,0.1555,25.9457,84.9512,0.30542,0.939,1.2099,1.2885
aw-cql-seed1,cql,64000,7,64000,2ff83e6f2cdbdae9,-557.403808594,64933,19513,22.6417,4.2563,18.3855,84.9512,0.21642,0.9063,1.1381,1.2559
aw-cql-seed1,cql,64000,11,64000,2ff83e6f2cdbdae9,-557.403808594,76763,39227,14.228,1.064,13.164,84.9512,0.15496,0.953,1.0613,1.1136
aw-cql-seed1,cql,64000,12,64000,2ff83e6f2cdbdae9,-557.403808594,33583,82841,15.5437,3.4267,12.117,84.9512,0.14264,0.9344,1.0224,1.0942
aw-cql-seed1,cql,64000,13,64000,2ff83e6f2cdbdae9,-557.403808594,29838,52509,23.5212,0.8646,22.6566,84.9512,0.2667,0.888,1.0538,1.1867
aw-cql-seed1,cql,64000,14,64000,2ff83e6f2cdbdae9,-557.403808594,36307,14110,34.3851,0.026,34.3591,84.9512,0.40446,0.9375,1.2418,1.3246
aw-cql-seed1,cql,65000,0,65000,457c3b4eefaab4de,-565.325439453,237311,68413,58.9157,18.2838,40.632,84.9539,0.47828,0.8455,1.3463,1.5924
aw-cql-seed1,cql,65000,2,65000,457c3b4eefaab4de,-565.325439453,168808,33814,30.5778,5.575,25.0028,84.9539,0.29431,0.8925,1.0824,1.2127
aw-cql-seed1,cql,65000,4,65000,457c3b4eefaab4de,-565.325439453,35214,133999,18.6051,1.5213,17.0837,84.9539,0.20109,0.8791,0.9813,1.1163
aw-cql-seed1,cql,65000,5,65000,457c3b4eefaab4de,-565.325439453,40938,30344,22.5002,-1.6675,24.1677,84.9539,0.28448,0.9176,1.1151,1.2152
aw-cql-seed1,cql,65000,6,65000,457c3b4eefaab4de,-565.325439453,51996,11915,25.5677,0.3727,25.195,84.9539,0.29657,0.9398,1.2176,1.2956
aw-cql-seed1,cql,65000,7,65000,457c3b4eefaab4de,-565.325439453,64933,19513,22.4443,4.8417,17.6026,84.9539,0.2072,0.902,1.1342,1.2575
aw-cql-seed1,cql,65000,11,65000,457c3b4eefaab4de,-565.325439453,76763,39227,13.5223,0.7773,12.7449,84.9539,0.15002,0.9528,1.0633,1.116
aw-cql-seed1,cql,65000,12,65000,457c3b4eefaab4de,-565.325439453,33583,82841,13.5662,2.3134,11.2528,84.9539,0.13246,0.9323,1.0195,1.0935
aw-cql-seed1,cql,65000,13,65000,457c3b4eefaab4de,-565.325439453,29838,52509,24.2426,0.9238,23.3188,84.9539,0.27449,0.8925,1.0521,1.1788
aw-cql-seed1,cql,65000,14,65000,457c3b4eefaab4de,-565.325439453,36307,14110,34.9119,0.0354,34.8764,84.9539,0.41053,0.9409,1.2456,1.3238
aw-cql-seed1,cql,66000,0,66000,5977465ee3f079ed,-573.51348877,237311,68413,57.7451,17.4635,40.2816,83.9453,0.47986,0.8445,1.3349,1.5807
aw-cql-seed1,cql,66000,2,66000,5977465ee3f079ed,-573.51348877,168808,33814,30.2838,5.0902,25.1936,83.9453,0.30012,0.8937,1.0831,1.2119
aw-cql-seed1,cql,66000,4,66000,5977465ee3f079ed,-573.51348877,35214,133999,17.4005,1.655,15.7454,83.9453,0.18757,0.877,0.9804,1.118
aw-cql-seed1,cql,66000,5,66000,5977465ee3f079ed,-573.51348877,40938,30344,21.6141,-1.9282,23.5423,83.9453,0.28045,0.9182,1.1092,1.208
aw-cql-seed1,cql,66000,6,66000,5977465ee3f079ed,-573.51348877,51996,11915,25.2632,0.1838,25.0794,83.9453,0.29876,0.9385,1.2057,1.2846
aw-cql-seed1,cql,66000,7,66000,5977465ee3f079ed,-573.51348877,64933,19513,23.0191,4.5495,18.4696,83.9453,0.22002,0.9045,1.135,1.2549
aw-cql-seed1,cql,66000,11,66000,5977465ee3f079ed,-573.51348877,76763,39227,13.8659,1.3857,12.4802,83.9453,0.14867,0.9545,1.062,1.1127
aw-cql-seed1,cql,66000,12,66000,5977465ee3f079ed,-573.51348877,33583,82841,14.1971,3.4503,10.7468,83.9453,0.12802,0.9326,1.0195,1.0932
aw-cql-seed1,cql,66000,13,66000,5977465ee3f079ed,-573.51348877,29838,52509,23.5055,1.1488,22.3567,83.9453,0.26633,0.8903,1.0484,1.1776
aw-cql-seed1,cql,66000,14,66000,5977465ee3f079ed,-573.51348877,36307,14110,34.3893,0.1824,34.2069,83.9453,0.40749,0.9394,1.2302,1.3096
aw-cql-seed1,cql,67000,0,67000,224cd5e08b6197ab,-584.829223633,237311,68413,58.4255,17.2488,41.1767,84.857,0.48525,0.8449,1.3386,1.5843
aw-cql-seed1,cql,67000,2,67000,224cd5e08b6197ab,-584.829223633,168808,33814,30.768,5.9393,24.8287,84.857,0.2926,0.8935,1.0851,1.2145
aw-cql-seed1,cql,67000,4,67000,224cd5e08b6197ab,-584.829223633,35214,133999,17.7377,1.5338,16.2039,84.857,0.19096,0.8727,0.9776,1.1202
aw-cql-seed1,cql,67000,5,67000,224cd5e08b6197ab,-584.829223633,40938,30344,22.2567,-1.6054,23.8622,84.857,0.2812,0.9148,1.1147,1.2186
aw-cql-seed1,cql,67000,6,67000,224cd5e08b6197ab,-584.829223633,51996,11915,24.2302,0.2519,23.9783,84.857,0.28257,0.9421,1.2228,1.2979
aw-cql-seed1,cql,67000,7,67000,224cd5e08b6197ab,-584.829223633,64933,19513,22.8375,4.7152,18.1223,84.857,0.21356,0.9049,1.1364,1.2558
aw-cql-seed1,cql,67000,11,67000,224cd5e08b6197ab,-584.829223633,76763,39227,13.9069,0.8074,13.0995,84.857,0.15437,0.9541,1.0626,1.1137
aw-cql-seed1,cql,67000,12,67000,224cd5e08b6197ab,-584.829223633,33583,82841,12.9527,2.7746,10.1781,84.857,0.11994,0.9304,1.0181,1.0943
aw-cql-seed1,cql,67000,13,67000,224cd5e08b6197ab,-584.829223633,29838,52509,22.6178,0.5412,22.0766,84.857,0.26016,0.8872,1.0509,1.1845
aw-cql-seed1,cql,67000,14,67000,224cd5e08b6197ab,-584.829223633,36307,14110,34.5781,0.2406,34.3376,84.857,0.40465,0.9399,1.2425,1.3219
aw-cql-seed1,cql,68000,0,68000,a626016d9c0c350f,-599.919921875,237311,68413,57.3156,17.3661,39.9494,84.0875,0.47509,0.8462,1.337,1.5801
aw-cql-seed1,cql,68000,2,68000,a626016d9c0c350f,-599.919921875,168808,33814,29.9752,5.5756,24.3996,84.0875,0.29017,0.8936,1.0827,1.2116
aw-cql-seed1,cql,68000,4,68000,a626016d9c0c350f,-599.919921875,35214,133999,17.1519,1.6136,15.5384,84.0875,0.18479,0.8775,0.9792,1.116
aw-cql-seed1,cql,68000,5,68000,a626016d9c0c350f,-599.919921875,40938,30344,22.2383,-1.8167,24.0549,84.0875,0.28607,0.9155,1.1097,1.2122
aw-cql-seed1,cql,68000,6,68000,a626016d9c0c350f,-599.919921875,51996,11915,23.7421,-0.7009,24.4429,84.0875,0.29068,0.9387,1.206,1.2848
aw-cql-seed1,cql,68000,7,68000,a626016d9c0c350f,-599.919921875,64933,19513,20.9109,4.072,16.8389,84.0875,0.20025,0.9075,1.1338,1.2494
aw-cql-seed1,cql,68000,11,68000,a626016d9c0c350f,-599.919921875,76763,39227,12.8494,0.8591,11.9903,84.0875,0.14259,0.9564,1.0653,1.1139
aw-cql-seed1,cql,68000,12,68000,a626016d9c0c350f,-599.919921875,33583,82841,14.1658,3.2513,10.9145,84.0875,0.1298,0.9342,1.0195,1.0914
aw-cql-seed1,cql,68000,13,68000,a626016d9c0c350f,-599.919921875,29838,52509,23.7155,1.1394,22.5761,84.0875,0.26848,0.8895,1.0492,1.1795
aw-cql-seed1,cql,68000,14,68000,a626016d9c0c350f,-599.919921875,36307,14110,35.1608,0.3204,34.8404,84.0875,0.41433,0.9385,1.2314,1.3121
aw-cql-seed1,cql,69000,0,69000,6481b47a177a385c,-609.464782715,237311,68413,57.6207,15.9745,41.6462,84.2361,0.4944,0.8436,1.3388,1.587
aw-cql-seed1,cql,69000,2,69000,6481b47a177a385c,-609.464782715,168808,33814,30.3016,5.4103,24.8914,84.2361,0.2955,0.8928,1.0828,1.2128
aw-cql-seed1,cql,69000,4,69000,6481b47a177a385c,-609.464782715,35214,133999,15.9861,0.825,15.161,84.2361,0.17998,0.873,0.9781,1.1203
aw-cql-seed1,cql,69000,5,69000,6481b47a177a385c,-609.464782715,40938,30344,21.3621,-2.2754,23.6374,84.2361,0.28061,0.9109,1.1114,1.22
aw-cql-seed1,cql,69000,6,69000,6481b47a177a385c,-609.464782715,51996,11915,25.177,0.4391,24.7379,84.2361,0.29367,0.9363,1.206,1.288
aw-cql-seed1,cql,69000,7,69000,6481b47a177a385c,-609.464782715,64933,19513,22.476,4.799,17.677,84.2361,0.20985,0.9036,1.1397,1.2613
aw-cql-seed1,cql,69000,11,69000,6481b47a177a385c,-609.464782715,76763,39227,12.9441,0.9653,11.9788,84.2361,0.14221,0.9539,1.0607,1.112
aw-cql-seed1,cql,69000,12,69000,6481b47a177a385c,-609.464782715,33583,82841,12.7661,2.4425,10.3237,84.2361,0.12256,0.9305,1.018,1.0941
aw-cql-seed1,cql,69000,13,69000,6481b47a177a385c,-609.464782715,29838,52509,21.3169,0.2423,21.0746,84.2361,0.25019,0.8847,1.0498,1.1866
aw-cql-seed1,cql,69000,14,69000,6481b47a177a385c,-609.464782715,36307,14110,33.9988,-0.3545,34.3533,84.2361,0.40782,0.934,1.238,1.3255
aw-cql-seed1,cql,70000,0,70000,c8f8186d2d12d410,-626.849243164,237311,68413,57.8168,17.5666,40.2501,84.0895,0.47866,0.8455,1.3398,1.5847
aw-cql-seed1,cql,70000,2,70000,c8f8186d2d12d410,-626.849243164,168808,33814,30.6368,5.5188,25.118,84.0895,0.29871,0.8915,1.0812,1.2127
aw-cql-seed1,cql,70000,4,70000,c8f8186d2d12d410,-626.849243164,35214,133999,16.5205,1.2562,15.2644,84.0895,0.18153,0.8746,0.9807,1.1213
aw-cql-seed1,cql,70000,5,70000,c8f8186d2d12d410,-626.849243164,40938,30344,22.4553,-1.8247,24.28,84.0895,0.28874,0.914,1.1115,1.2161
aw-cql-seed1,cql,70000,6,70000,c8f8186d2d12d410,-626.849243164,51996,11915,24.0819,-0.3237,24.4056,84.0895,0.29023,0.9368,1.2085,1.2899
aw-cql-seed1,cql,70000,7,70000,c8f8186d2d12d410,-626.849243164,64933,19513,22.161,3.7497,18.4113,84.0895,0.21895,0.9029,1.1298,1.2514
aw-cql-seed1,cql,70000,11,70000,c8f8186d2d12d410,-626.849243164,76763,39227,13.9237,0.9063,13.0174,84.0895,0.1548,0.9538,1.0606,1.112
aw-cql-seed1,cql,70000,12,70000,c8f8186d2d12d410,-626.849243164,33583,82841,13.4323,2.7947,10.6376,84.0895,0.1265,0.9328,1.0201,1.0936
aw-cql-seed1,cql,70000,13,70000,c8f8186d2d12d410,-626.849243164,29838,52509,22.9558,0.8547,22.1011,84.0895,0.26283,0.8894,1.0535,1.1844
aw-cql-seed1,cql,70000,14,70000,c8f8186d2d12d410,-626.849243164,36307,14110,35.0657,0.5101,34.5556,84.0895,0.41094,0.9373,1.2337,1.3163
aw-cql-seed1,cql,71000,0,71000,76dc58dcf19778b6,-634.719421387,237311,68413,57.2269,17.0792,40.1477,82.734,0.48526,0.8435,1.334,1.5815
aw-cql-seed1,cql,71000,2,71000,76dc58dcf19778b6,-634.719421387,168808,33814,30.3529,5.487,24.866,82.734,0.30055,0.8902,1.0779,1.2109
aw-cql-seed1,cql,71000,4,71000,76dc58dcf19778b6,-634.719421387,35214,133999,15.6828,1.3425,14.3403,82.734,0.17333,0.8756,0.9794,1.1185
aw-cql-seed1,cql,71000,5,71000,76dc58dcf19778b6,-634.719421387,40938,30344,21.2175,-1.9562,23.1737,82.734,0.2801,0.9166,1.1146,1.216
aw-cql-seed1,cql,71000,6,71000,76dc58dcf19778b6,-634.719421387,51996,11915,24.6011,0.14,24.4611,82.734,0.29566,0.9387,1.214,1.2933
aw-cql-seed1,cql,71000,7,71000,76dc58dcf19778b6,-634.719421387,64933,19513,21.0691,3.7388,17.3303,82.734,0.20947,0.9053,1.138,1.2571
aw-cql-seed1,cql,71000,11,71000,76dc58dcf19778b6,-634.719421387,76763,39227,12.498,0.6728,11.8252,82.734,0.14293,0.9533,1.0595,1.1114
aw-cql-seed1,cql,71000,12,71000,76dc58dcf19778b6,-634.719421387,33583,82841,12.3824,2.6217,9.7608,82.734,0.11798,0.931,1.0184,1.0939
aw-cql-seed1,cql,71000,13,71000,76dc58dcf19778b6,-634.719421387,29838,52509,21.0658,0.4016,20.6641,82.734,0.24977,0.8895,1.0519,1.1826
aw-cql-seed1,cql,71000,14,71000,76dc58dcf19778b6,-634.719421387,36307,14110,34.049,-0.211,34.26,82.734,0.4141,0.9388,1.2419,1.3229
aw-cql-seed1,cql,72000,0,72000,f1f03cd02452e6ac,-646.578796387,237311,68413,57.3724,16.3507,41.0217,83.3815,0.49198,0.8452,1.3466,1.5931
aw-cql-seed1,cql,72000,2,72000,f1f03cd02452e6ac,-646.578796387,168808,33814,29.6637,4.6351,25.0285,83.3815,0.30017,0.8912,1.0797,1.2115
aw-cql-seed1,cql,72000,4,72000,f1f03cd02452e6ac,-646.578796387,35214,133999,16.0157,0.8219,15.1938,83.3815,0.18222,0.8772,0.9781,1.115
aw-cql-seed1,cql,72000,5,72000,f1f03cd02452e6ac,-646.578796387,40938,30344,21.8248,-1.8606,23.6854,83.3815,0.28406,0.9135,1.111,1.2162
aw-cql-seed1,cql,72000,6,72000,f1f03cd02452e6ac,-646.578796387,51996,11915,23.6756,-1.0275,24.7031,83.3815,0.29627,0.9371,1.208,1.289
aw-cql-seed1,cql,72000,7,72000,f1f03cd02452e6ac,-646.578796387,64933,19513,21.2558,3.1191,18.1367,83.3815,0.21751,0.9021,1.1337,1.2567
aw-cql-seed1,cql,72000,11,72000,f1f03cd02452e6ac,-646.578796387,76763,39227,13.0658,0.5307,12.5351,83.3815,0.15033,0.9521,1.0604,1.1138
aw-cql-seed1,cql,72000,12,72000,f1f03cd02452e6ac,-646.578796387,33583,82841,13.9766,3.0351,10.9415,83.3815,0.13122,0.9321,1.0188,1.093
aw-cql-seed1,cql,72000,13,72000,f1f03cd02452e6ac,-646.578796387,29838,52509,22.1265,0.6079,21.5187,83.3815,0.25807,0.888,1.0496,1.1821
aw-cql-seed1,cql,72000,14,72000,f1f03cd02452e6ac,-646.578796387,36307,14110,34.2587,-0.0884,34.3471,83.3815,0.41193,0.9358,1.2351,1.3199
aw-cql-seed1,cql,73000,0,73000,a5e03ff61c786b26,-657.130004883,237311,68413,56.439,16.916,39.523,82.0525,0.48168,0.8451,1.335,1.5796
aw-cql-seed1,cql,73000,2,73000,a5e03ff61c786b26,-657.130004883,168808,33814,28.8804,4.3612,24.5192,82.0525,0.29882,0.8949,1.0828,1.2099
aw-cql-seed1,cql,73000,4,73000,a5e03ff61c786b26,-657.130004883,35214,133999,15.3703,0.9427,14.4276,82.0525,0.17583,0.8761,0.9777,1.116
aw-cql-seed1,cql,73000,5,73000,a5e03ff61c786b26,-657.130004883,40938,30344,20.4863,-2.2141,22.7004,82.0525,0.27666,0.9135,1.1067,1.2115
aw-cql-seed1,cql,73000,6,73000,a5e03ff61c786b26,-657.130004883,51996,11915,24.4326,-0.6609,25.0934,82.0525,0.30582,0.9368,1.2047,1.2861
aw-cql-seed1,cql,73000,7,73000,a5e03ff61c786b26,-657.130004883,64933,19513,21.5683,4.0253,17.5431,82.0525,0.2138,0.9024,1.1292,1.2513
aw-cql-seed1,cql,73000,11,73000,a5e03ff61c786b26,-657.130004883,76763,39227,11.9341,0.455,11.4791,82.0525,0.1399,0.9523,1.0593,1.1124
aw-cql-seed1,cql,73000,12,73000,a5e03ff61c786b26,-657.130004883,33583,82841,12.1346,2.6483,9.4863,82.0525,0.11561,0.9312,1.0158,1.0909
aw-cql-seed1,cql,73000,13,73000,a5e03ff61c786b26,-657.130004883,29838,52509,21.183,0.5421,20.6409,82.0525,0.25156,0.8892,1.0485,1.1791
aw-cql-seed1,cql,73000,14,73000,a5e03ff61c786b26,-657.130004883,36307,14110,33.3152,-0.4931,33.8083,82.0525,0.41203,0.9362,1.2302,1.314
aw-cql-seed1,cql,74000,0,74000,83378c1ad28e2198,-670.550048828,237311,68413,57.0409,16.4332,40.6077,83.359,0.48714,0.8434,1.3334,1.5811
aw-cql-seed1,cql,74000,2,74000,83378c1ad28e2198,-670.550048828,168808,33814,29.9021,4.787,25.1151,83.359,0.30129,0.8895,1.0767,1.2104
aw-cql-seed1,cql,74000,4,74000,83378c1ad28e2198,-670.550048828,35214,133999,16.2989,0.9898,15.3091,83.359,0.18365,0.8772,0.9796,1.1167
aw-cql-seed1,cql,74000,5,74000,83378c1ad28e2198,-670.550048828,40938,30344,20.0403,-2.4941,22.5344,83.359,0.27033,0.9167,1.1148,1.2162
aw-cql-seed1,cql,74000,6,74000,83378c1ad28e2198,-670.550048828,51996,11915,22.9388,-1.0158,23.9546,83.359,0.28737,0.937,1.2062,1.2873
aw-cql-seed1,cql,74000,7,74000,83378c1ad28e2198,-670.550048828,64933,19513,20.1668,3.4955,16.6714,83.359,0.19999,0.903,1.1319,1.2535
aw-cql-seed1,cql,74000,11,74000,83378c1ad28e2198,-670.550048828,76763,39227,13.3475,1.0379,12.3096,83.359,0.14767,0.9514,1.0585,1.1125
aw-cql-seed1,cql,74000,12,74000,83378c1ad28e2198,-670.550048828,33583,82841,12.2194,2.4294,9.79,83.359,0.11744,0.9323,1.018,1.0919
aw-cql-seed1,cql,74000,13,74000,83378c1ad28e2198,-670.550048828,29838,52509,20.7019,0.3672,20.3348,83.359,0.24394,0.8883,1.051,1.1831
aw-cql-seed1,cql,74000,14,74000,83378c1ad28e2198,-670.550048828,36307,14110,33.4906,-0.5253,34.0159,83.359,0.40806,0.9367,1.2373,1.3209
aw-cql-seed1,cql,75000,0,75000,69fd429f9bdda0f9,-679.30090332,237311,68413,57.1474,16.1329,41.0145,83.5699,0.49078,0.8453,1.3344,1.5787
aw-cql-seed1,cql,75000,2,75000,69fd429f9bdda0f9,-679.30090332,168808,33814,30.0048,4.7503,25.2545,83.5699,0.3022,0.8933,1.0789,1.2078
aw-cql-seed1,cql,75000,4,75000,69fd429f9bdda0f9,-679.30090332,35214,133999,15.7935,1.0806,14.713,83.5699,0.17606,0.8778,0.9801,1.1165
aw-cql-seed1,cql,75000,5,75000,69fd429f9bdda0f9,-679.30090332,40938,30344,20.911,-2.1468,23.0578,83.5699,0.27591,0.9159,1.1133,1.2155
aw-cql-seed1,cql,75000,6,75000,69fd429f9bdda0f9,-679.30090332,51996,11915,22.8158,-1.4454,24.2611,83.5699,0.29031,0.9409,1.2151,1.2914
aw-cql-seed1,cql,75000,7,75000,69fd429f9bdda0f9,-679.30090332,64933,19513,20.6036,3.0082,17.5954,83.5699,0.21055,0.9048,1.1277,1.2464
aw-cql-seed1,cql,75000,11,75000,69fd429f9bdda0f9,-679.30090332,76763,39227,13.5588,0.9102,12.6486,83.5699,0.15135,0.9521,1.0583,1.1115
aw-cql-seed1,cql,75000,12,75000,69fd429f9bdda0f9,-679.30090332,33583,82841,13.7235,3.0207,10.7028,83.5699,0.12807,0.9314,1.0196,1.0946
aw-cql-seed1,cql,75000,13,75000,69fd429f9bdda0f9,-679.30090332,29838,52509,22.428,0.6849,21.7431,83.5699,0.26018,0.8871,1.0525,1.1864
aw-cql-seed1,cql,75000,14,75000,69fd429f9bdda0f9,-679.30090332,36307,14110,33.4313,-0.129,33.5604,83.5699,0.40158,0.9386,1.2456,1.3271
aw-cql-seed1,cql,76000,0,76000,371fbea78f694a3d,-694.617980957,237311,68413,55.8838,15.5175,40.3662,82.8111,0.48745,0.8438,1.337,1.5845
aw-cql-seed1,cql,76000,2,76000,371fbea78f694a3d,-694.617980957,168808,33814,28.6248,4.3649,24.26,82.8111,0.29296,0.8913,1.0776,1.209
aw-cql-seed1,cql,76000,4,76000,371fbea78f694a3d,-694.617980957,35214,133999,14.1869,0.6065,13.5804,82.8111,0.16399,0.8742,0.9763,1.1167
aw-cql-seed1,cql,76000,5,76000,371fbea78f694a3d,-694.617980957,40938,30344,20.3162,-2.36,22.6762,82.8111,0.27383,0.9091,1.108,1.2188
aw-cql-seed1,cql,76000,6,76000,371fbea78f694a3d,-694.617980957,51996,11915,23.8942,-0.1518,24.046,82.8111,0.29037,0.9372,1.2056,1.2864
aw-cql-seed1,cql,76000,7,76000,371fbea78f694a3d,-694.617980957,64933,19513,20.7438,3.4087,17.3351,82.8111,0.20933,0.9034,1.1293,1.2501
aw-cql-seed1,cql,76000,11,76000,371fbea78f694a3d,-694.617980957,76763,39227,12.3495,0.5529,11.7966,82.8111,0.14245,0.9532,1.0574,1.1094
aw-cql-seed1,cql,76000,12,76000,371fbea78f694a3d,-694.617980957,33583,82841,12.0766,2.1621,9.9145,82.8111,0.11972,0.9316,1.0171,1.0918
aw-cql-seed1,cql,76000,13,76000,371fbea78f694a3d,-694.617980957,29838,52509,21.1278,0.4957,20.6321,82.8111,0.24915,0.8842,1.0474,1.1846
aw-cql-seed1,cql,76000,14,76000,371fbea78f694a3d,-694.617980957,36307,14110,32.6182,-0.4789,33.0971,82.8111,0.39967,0.9326,1.2322,1.3213
aw-cql-seed1,cql,77000,0,77000,4d61f1752ee01c5e,-710.182373047,237311,68413,56.2635,14.8803,41.3832,83.2605,0.49703,0.844,1.3345,1.5812
aw-cql-seed1,cql,77000,2,77000,4d61f1752ee01c5e,-710.182373047,168808,33814,29.4506,4.3066,25.144,83.2605,0.30199,0.8904,1.0728,1.2048
aw-cql-seed1,cql,77000,4,77000,4d61f1752ee01c5e,-710.182373047,35214,133999,13.9828,0.6879,13.2949,83.2605,0.15968,0.8733,0.9767,1.1185
aw-cql-seed1,cql,77000,5,77000,4d61f1752ee01c5e,-710.182373047,40938,30344,20.2796,-2.4934,22.773,83.2605,0.27352,0.9101,1.1085,1.2181
aw-cql-seed1,cql,77000,6,77000,4d61f1752ee01c5e,-710.182373047,51996,11915,23.6022,-0.8754,24.4776,83.2605,0.29399,0.9349,1.2026,1.2863
aw-cql-seed1,cql,77000,7,77000,4d61f1752ee01c5e,-710.182373047,64933,19513,20.5749,2.8388,17.7361,83.2605,0.21302,0.9076,1.1341,1.2496
aw-cql-seed1,cql,77000,11,77000,4d61f1752ee01c5e,-710.182373047,76763,39227,13.1327,0.9611,12.1716,83.2605,0.14619,0.9531,1.0595,1.1116
aw-cql-seed1,cql,77000,12,77000,4d61f1752ee01c5e,-710.182373047,33583,82841,12.3498,2.4526,9.8972,83.2605,0.11887,0.9315,1.017,1.0917
aw-cql-seed1,cql,77000,13,77000,4d61f1752ee01c5e,-710.182373047,29838,52509,20.9682,0.1953,20.7729,83.2605,0.24949,0.8837,1.0477,1.1857
aw-cql-seed1,cql,77000,14,77000,4d61f1752ee01c5e,-710.182373047,36307,14110,33.4831,-0.2653,33.7483,83.2605,0.40533,0.9336,1.2323,1.3199
aw-cql-seed1,cql,78000,0,78000,18e558926a3c332a,-720.536621094,237311,68413,56.3092,15.6479,40.6613,82.9477,0.4902,0.8434,1.3268,1.5731
aw-cql-seed1,cql,78000,2,78000,18e558926a3c332a,-720.536621094,168808,33814,28.5203,4.3673,24.1531,82.9477,0.29118,0.8911,1.0763,1.2078
aw-cql-seed1,cql,78000,4,78000,18e558926a3c332a,-720.536621094,35214,133999,13.5478,0.0865,13.4613,82.9477,0.16229,0.8764,0.9757,1.1133
aw-cql-seed1,cql,78000,5,78000,18e558926a3c332a,-720.536621094,40938,30344,19.9114,-2.6941,22.6054,82.9477,0.27253,0.9122,1.1075,1.2141
aw-cql-seed1,cql,78000,6,78000,18e558926a3c332a,-720.536621094,51996,11915,23.0734,-0.5688,23.6422,82.9477,0.28503,0.9361,1.2046,1.2868
aw-cql-seed1,cql,78000,7,78000,18e558926a3c332a,-720.536621094,64933,19513,20.917,3.428,17.489,82.9477,0.21084,0.9034,1.1315,1.2526
aw-cql-seed1,cql,78000,11,78000,18e558926a3c332a,-720.536621094,76763,39227,12.6583,0.7533,11.905,82.9477,0.14352,0.9542,1.0619,1.1128
aw-cql-seed1,cql,78000,12,78000,18e558926a3c332a,-720.536621094,33583,82841,11.7354,2.226,9.5094,82.9477,0.11464,0.9323,1.017,1.0909
aw-cql-seed1,cql,78000,13,78000,18e558926a3c332a,-720.536621094,29838,52509,21.1445,0.0581,21.0864,82.9477,0.25421,0.8864,1.0473,1.1815
aw-cql-seed1,cql,78000,14,78000,18e558926a3c332a,-720.536621094,36307,14110,32.8822,-1.0584,33.9406,82.9477,0.40918,0.9331,1.2339,1.3224
aw-cql-seed1,cql,79000,0,79000,99dc007148c629ab,-726.654663086,237311,68413,56.1304,15.4104,40.7199,82.3434,0.49451,0.845,1.3358,1.5808
aw-cql-seed1,cql,79000,2,79000,99dc007148c629ab,-726.654663086,168808,33814,28.8847,4.2147,24.67,82.3434,0.2996,0.8899,1.0752,1.2082
aw-cql-seed1,cql,79000,4,79000,99dc007148c629ab,-726.654663086,35214,133999,13.4517,0.444,13.0078,82.3434,0.15797,0.8781,0.9754,1.1108
aw-cql-seed1,cql,79000,5,79000,99dc007148c629ab,-726.654663086,40938,30344,19.1886,-2.4009,21.5894,82.3434,0.26219,0.9123,1.1043,1.2104
aw-cql-seed1,cql,79000,6,79000,99dc007148c629ab,-726.654663086,51996,11915,22.5816,-0.3656,22.9472,82.3434,0.27868,0.9352,1.1993,1.2823
aw-cql-seed1,cql,79000,7,79000,99dc007148c629ab,-726.654663086,64933,19513,20.3062,3.1592,17.147,82.3434,0.20824,0.9026,1.1289,1.2507
aw-cql-seed1,cql,79000,11,79000,99dc007148c629ab,-726.654663086,76763,39227,11.63,0.1361,11.4939,82.3434,0.13958,0.9529,1.0586,1.1109
aw-cql-seed1,cql,79000,12,79000,99dc007148c629ab,-726.654663086,33583,82841,10.4331,1.5504,8.8827,82.3434,0.10787,0.9307,1.0142,1.0897
aw-cql-seed1,cql,79000,13,79000,99dc007148c629ab,-726.654663086,29838,52509,19.3228,0.2672,19.0556,82.3434,0.23142,0.8857,1.0459,1.1808
aw-cql-seed1,cql,79000,14,79000,99dc007148c629ab,-726.654663086,36307,14110,31.3772,-0.351,31.7282,82.3434,0.38532,0.9335,1.2254,1.3127
aw-cql-seed1,cql,80000,0,80000,00e7ba4207ec13c1,-745.874938965,237311,68413,55.2484,15.5759,39.6725,80.6611,0.49184,0.8431,1.3349,1.5835
aw-cql-seed1,cql,80000,2,80000,00e7ba4207ec13c1,-745.874938965,168808,33814,29.2155,4.8175,24.398,80.6611,0.30248,0.892,1.08,1.2108
aw-cql-seed1,cql,80000,4,80000,00e7ba4207ec13c1,-745.874938965,35214,133999,14.5594,0.8256,13.7338,80.6611,0.17027,0.8779,0.9772,1.113
aw-cql-seed1,cql,80000,5,80000,00e7ba4207ec13c1,-745.874938965,40938,30344,19.8474,-2.3385,22.1859,80.6611,0.27505,0.9117,1.1058,1.2129
aw-cql-seed1,cql,80000,6,80000,00e7ba4207ec13c1,-745.874938965,51996,11915,23.8371,-0.8024,24.6394,80.6611,0.30547,0.9353,1.1923,1.2748
aw-cql-seed1,cql,80000,7,80000,00e7ba4207ec13c1,-745.874938965,64933,19513,20.8541,3.2904,17.5637,80.6611,0.21775,0.9014,1.128,1.2513
aw-cql-seed1,cql,80000,11,80000,00e7ba4207ec13c1,-745.874938965,76763,39227,11.8247,0.5261,11.2987,80.6611,0.14008,0.9505,1.0551,1.11
aw-cql-seed1,cql,80000,12,80000,00e7ba4207ec13c1,-745.874938965,33583,82841,11.6375,2.1436,9.4939,80.6611,0.1177,0.9309,1.0161,1.0915
aw-cql-seed1,cql,80000,13,80000,00e7ba4207ec13c1,-745.874938965,29838,52509,20.46,0.2584,20.2016,80.6611,0.25045,0.8864,1.048,1.1823
aw-cql-seed1,cql,80000,14,80000,00e7ba4207ec13c1,-745.874938965,36307,14110,32.9844,-0.5275,33.5119,80.6611,0.41547,0.9359,1.2297,1.3138
aw-cql-seed1,cql,81000,0,81000,2ad4a80a7f705e14,-760.986755371,237311,68413,56.2401,15.5604,40.6798,82.5992,0.4925,0.8438,1.3305,1.5768
aw-cql-seed1,cql,81000,2,81000,2ad4a80a7f705e14,-760.986755371,168808,33814,29.194,4.6433,24.5507,82.5992,0.29723,0.8906,1.075,1.2071
aw-cql-seed1,cql,81000,4,81000,2ad4a80a7f705e14,-760.986755371,35214,133999,13.0632,0.2379,12.8253,82.5992,0.15527,0.8785,0.9743,1.109
aw-cql-seed1,cql,81000,5,81000,2ad4a80a7f705e14,-760.986755371,40938,30344,19.4112,-3.0817,22.4929,82.5992,0.27231,0.9166,1.1034,1.2038
aw-cql-seed1,cql,81000,6,81000,2ad4a80a7f705e14,-760.986755371,51996,11915,22.4483,-1.5881,24.0364,82.5992,0.291,0.9372,1.2041,1.2848
aw-cql-seed1,cql,81000,7,81000,2ad4a80a7f705e14,-760.986755371,64933,19513,19.4135,2.4753,16.9382,82.5992,0.20507,0.905,1.1282,1.2466
aw-cql-seed1,cql,81000,11,81000,2ad4a80a7f705e14,-760.986755371,76763,39227,11.5942,0.3899,11.2043,82.5992,0.13565,0.9524,1.0585,1.1114
aw-cql-seed1,cql,81000,12,81000,2ad4a80a7f705e14,-760.986755371,33583,82841,10.7761,1.8716,8.9045,82.5992,0.1078,0.933,1.0162,1.0892
aw-cql-seed1,cql,81000,13,81000,2ad4a80a7f705e14,-760.986755371,29838,52509,19.4841,-0.0641,19.5483,82.5992,0.23666,0.887,1.0443,1.1773
aw-cql-seed1,cql,81000,14,81000,2ad4a80a7f705e14,-760.986755371,36307,14110,31.7729,-1.3116,33.0845,82.5992,0.40054,0.938,1.2305,1.3118
aw-cql-seed1,cql,82000,0,82000,190270aab9fa0869,-772.43359375,237311,68413,56.151,15.4608,40.6902,81.9234,0.49669,0.8435,1.3299,1.5767
aw-cql-seed1,cql,82000,2,82000,190270aab9fa0869,-772.43359375,168808,33814,29.0964,4.4121,24.6844,81.9234,0.30131,0.8909,1.077,1.2089
aw-cql-seed1,cql,82000,4,82000,190270aab9fa0869,-772.43359375,35214,133999,14.4892,0.7718,13.7173,81.9234,0.16744,0.8764,0.9753,1.1128
aw-cql-seed1,cql,82000,5,82000,190270aab9fa0869,-772.43359375,40938,30344,19.4466,-2.6849,22.1315,81.9234,0.27015,0.913,1.1042,1.2095
aw-cql-seed1,cql,82000,6,82000,190270aab9fa0869,-772.43359375,51996,11915,21.9025,-1.0079,22.9104,81.9234,0.27966,0.9364,1.2071,1.2891
aw-cql-seed1,cql,82000,7,82000,190270aab9fa0869,-772.43359375,64933,19513,19.3191,2.6339,16.6852,81.9234,0.20367,0.9025,1.1253,1.2469
aw-cql-seed1,cql,82000,11,82000,190270aab9fa0869,-772.43359375,76763,39227,11.8931,0.5455,11.3477,81.9234,0.13852,0.9526,1.0601,1.1129
aw-cql-seed1,cql,82000,12,82000,190270aab9fa0869,-772.43359375,33583,82841,10.5718,1.823,8.7487,81.9234,0.10679,0.9308,1.0142,1.0896
aw-cql-seed1,cql,82000,13,82000,190270aab9fa0869,-772.43359375,29838,52509,19.5361,-0.2311,19.7673,81.9234,0.24129,0.8847,1.0481,1.1847
aw-cql-seed1,cql,82000,14,82000,190270aab9fa0869,-772.43359375,36307,14110,32.0158,-0.7756,32.7914,81.9234,0.40027,0.9367,1.2406,1.3244
aw-cql-seed1,cql,83000,0,83000,81596b9a690539fa,-787.581298828,237311,68413,54.8606,15.2064,39.6542,80.6432,0.49172,0.8444,1.3376,1.5841
aw-cql-seed1,cql,83000,2,83000,81596b9a690539fa,-787.581298828,168808,33814,28.1062,4.437,23.6692,80.6432,0.2935,0.8925,1.0787,1.2086
aw-cql-seed1,cql,83000,4,83000,81596b9a690539fa,-787.581298828,35214,133999,14.1763,0.9524,13.2239,80.6432,0.16398,0.8772,0.9758,1.1124
aw-cql-seed1,cql,83000,5,83000,81596b9a690539fa,-787.581298828,40938,30344,19.0052,-2.3466,21.3518,80.6432,0.26477,0.9123,1.1031,1.2091
aw-cql-seed1,cql,83000,6,83000,81596b9a690539fa,-787.581298828,51996,11915,22.4833,-0.6982,23.1815,80.6432,0.28746,0.9344,1.1961,1.2801
aw-cql-seed1,cql,83000,7,83000,81596b9a690539fa,-787.581298828,64933,19513,19.3193,2.6404,16.6788,80.6432,0.20682,0.9022,1.1253,1.2473
aw-cql-seed1,cql,83000,11,83000,81596b9a690539fa,-787.581298828,76763,39227,12.0337,0.7476,11.2861,80.6432,0.13995,0.952,1.0576,1.1109
aw-cql-seed1,cql,83000,12,83000,81596b9a690539fa,-787.581298828,33583,82841,11.8275,2.4728,9.3547,80.6432,0.116,0.9315,1.0161,1.0909
aw-cql-seed1,cql,83000,13,83000,81596b9a690539fa,-787.581298828,29838,52509,20.8009,0.4412,20.3596,80.6432,0.25247,0.886,1.0448,1.1792
aw-cql-seed1,cql,83000,14,83000,81596b9a690539fa,-787.581298828,36307,14110,32.4304,-0.2471,32.6775,80.6432,0.40521,0.9352,1.2263,1.3113
aw-cql-seed1,cql,84000,0,84000,e7b6aaaa5852eae8,-800.416259766,237311,68413,54.958,15.1378,39.8202,81.5902,0.48805,0.8443,1.3341,1.5802
aw-cql-seed1,cql,84000,2,84000,e7b6aaaa5852eae8,-800.416259766,168808,33814,28.4618,4.3722,24.0896,81.5902,0.29525,0.8904,1.0721,1.2041
aw-cql-seed1,cql,84000,4,84000,e7b6aaaa5852eae8,-800.416259766,35214,133999,13.877,0.3915,13.4855,81.5902,0.16528,0.8814,0.9776,1.1092
aw-cql-seed1,cql,84000,5,84000,e7b6aaaa5852eae8,-800.416259766,40938,30344,18.8441,-2.5016,21.3457,81.5902,0.26162,0.9161,1.1037,1.2048
aw-cql-seed1,cql,84000,6,84000,e7b6aaaa5852eae8,-800.416259766,51996,11915,21.8041,-0.9257,22.7298,81.5902,0.27858,0.9365,1.2034,1.2849
aw-cql-seed1,cql,84000,7,84000,e7b6aaaa5852eae8,-800.416259766,64933,19513,18.6636,2.0725,16.5911,81.5902,0.20335,0.9023,1.1239,1.2455
aw-cql-seed1,cql,84000,11,84000,e7b6aaaa5852eae8,-800.416259766,76763,39227,11.822,0.5555,11.2665,81.5902,0.13809,0.95,1.0555,1.1111
aw-cql-seed1,cql,84000,12,84000,e7b6aaaa5852eae8,-800.416259766,33583,82841,10.6674,2.0937,8.5737,81.5902,0.10508,0.9292,1.0137,1.091
aw-cql-seed1,cql,84000,13,84000,e7b6aaaa5852eae8,-800.416259766,29838,52509,19.0246,0.0765,18.9482,81.5902,0.23224,0.888,1.0498,1.1823
aw-cql-seed1,cql,84000,14,84000,e7b6aaaa5852eae8,-800.416259766,36307,14110,31.3801,-0.9579,32.338,81.5902,0.39635,0.9378,1.2388,1.321
aw-cql-seed1,cql,85000,0,85000,65534aa19ef49deb,-813.65612793,237311,68413,54.8086,14.9975,39.8111,80.4564,0.49482,0.8434,1.3259,1.5721
aw-cql-seed1,cql,85000,2,85000,65534aa19ef49deb,-813.65612793,168808,33814,27.7923,3.788,24.0043,80.4564,0.29835,0.8904,1.0755,1.2079
aw-cql-seed1,cql,85000,4,85000,65534aa19ef49deb,-813.65612793,35214,133999,14.4677,0.8585,13.6092,80.4564,0.16915,0.8756,0.9754,1.114
aw-cql-seed1,cql,85000,5,85000,65534aa19ef49deb,-813.65612793,40938,30344,18.5703,-2.5633,21.1336,80.4564,0.26267,0.9138,1.1063,1.2107
aw-cql-seed1,cql,85000,6,85000,65534aa19ef49deb,-813.65612793,51996,11915,22.1719,-1.2003,23.3722,80.4564,0.2905,0.9371,1.1986,1.279
aw-cql-seed1,cql,85000,7,85000,65534aa19ef49deb,-813.65612793,64933,19513,20.1312,3.2769,16.8543,80.4564,0.20948,0.9019,1.1227,1.2448
aw-cql-seed1,cql,85000,11,85000,65534aa19ef49deb,-813.65612793,76763,39227,10.7438,0.0449,10.6989,80.4564,0.13298,0.9517,1.0564,1.11
aw-cql-seed1,cql,85000,12,85000,65534aa19ef49deb,-813.65612793,33583,82841,9.9795,1.9129,8.0665,80.4564,0.10026,0.9316,1.0135,1.0879
aw-cql-seed1,cql,85000,13,85000,65534aa19ef49deb,-813.65612793,29838,52509,19.5009,0.563,18.9379,80.4564,0.23538,0.887,1.0467,1.18
aw-cql-seed1,cql,85000,14,85000,65534aa19ef49deb,-813.65612793,36307,14110,32.0639,-0.5397,32.6035,80.4564,0.40523,0.9361,1.232,1.3162
aw-cql-seed1,cql,86000,0,86000,bc174f38fff5c98b,-825.032592773,237311,68413,55.4012,15.136,40.2651,81.3467,0.49498,0.8417,1.324,1.5731
aw-cql-seed1,cql,86000,2,86000,bc174f38fff5c98b,-825.032592773,168808,33814,28.0695,3.8799,24.1896,81.3467,0.29736,0.8899,1.0731,1.2059
aw-cql-seed1,cql,86000,4,86000,bc174f38fff5c98b,-825.032592773,35214,133999,14.8243,0.7554,14.0689,81.3467,0.17295,0.8746,0.9746,1.1143
aw-cql-seed1,cql,86000,5,86000,bc174f38fff5c98b,-825.032592773,40938,30344,18.9275,-2.7854,21.7129,81.3467,0.26692,0.9123,1.0954,1.2007
aw-cql-seed1,cql,86000,6,86000,bc174f38fff5c98b,-825.032592773,51996,11915,22.1806,-1.5468,23.7273,81.3467,0.29168,0.936,1.198,1.2799
aw-cql-seed1,cql,86000,7,86000,bc174f38fff5c98b,-825.032592773,64933,19513,19.1619,2.293,16.8689,81.3467,0.20737,0.9007,1.1229,1.2467
aw-cql-seed1,cql,86000,11,86000,bc174f38fff5c98b,-825.032592773,76763,39227,11.4408,0.4007,11.0401,81.3467,0.13572,0.9523,1.0585,1.1115
aw-cql-seed1,cql,86000,12,86000,bc174f38fff5c98b,-825.032592773,33583,82841,10.5932,1.7451,8.8481,81.3467,0.10877,0.931,1.0143,1.0895
aw-cql-seed1,cql,86000,13,86000,bc174f38fff5c98b,-825.032592773,29838,52509,20.755,0.4483,20.3067,81.3467,0.24963,0.8814,1.0461,1.1869
aw-cql-seed1,cql,86000,14,86000,bc174f38fff5c98b,-825.032592773,36307,14110,32.6639,-0.4575,33.1214,81.3467,0.40716,0.9323,1.2293,1.3186
aw-cql-seed1,cql,87000,0,87000,32c0362cc9375838,-841.70513916,237311,68413,55.366,14.8106,40.5554,81.7746,0.49594,0.8429,1.335,1.5839
aw-cql-seed1,cql,87000,2,87000,32c0362cc9375838,-841.70513916,168808,33814,28.8363,4.178,24.6583,81.7746,0.30154,0.8906,1.0741,1.206
aw-cql-seed1,cql,87000,4,87000,32c0362cc9375838,-841.70513916,35214,133999,12.5484,0.5235,12.0249,81.7746,0.14705,0.8782,0.9746,1.1098
aw-cql-seed1,cql,87000,5,87000,32c0362cc9375838,-841.70513916,40938,30344,18.5764,-2.6596,21.2361,81.7746,0.25969,0.9149,1.1018,1.2042
aw-cql-seed1,cql,87000,6,87000,32c0362cc9375838,-841.70513916,51996,11915,20.9389,-1.5313,22.4702,81.7746,0.27478,0.9357,1.202,1.2846
aw-cql-seed1,cql,87000,7,87000,32c0362cc9375838,-841.70513916,64933,19513,18.7346,2.2209,16.5138,81.7746,0.20194,0.9012,1.1242,1.2474
aw-cql-seed1,cql,87000,11,87000,32c0362cc9375838,-841.70513916,76763,39227,11.9266,0.3612,11.5654,81.7746,0.14143,0.9515,1.0568,1.1108
aw-cql-seed1,cql,87000,12,87000,32c0362cc9375838,-841.70513916,33583,82841,11.002,1.8044,9.1976,81.7746,0.11248,0.931,1.0135,1.0886
aw-cql-seed1,cql,87000,13,87000,32c0362cc9375838,-841.70513916,29838,52509,19.8037,-0.087,19.8907,81.7746,0.24324,0.8885,1.0458,1.177
aw-cql-seed1,cql,87000,14,87000,32c0362cc9375838,-841.70513916,36307,14110,31.8613,-0.9355,32.7968,81.7746,0.40106,0.9385,1.2296,1.3101
aw-cql-seed1,cql,88000,0,88000,042ea77f08ff7705,-855.845458984,237311,68413,55.0608,14.2808,40.78,81.8384,0.4983,0.8442,1.3275,1.5726
aw-cql-seed1,cql,88000,2,88000,042ea77f08ff7705,-855.845458984,168808,33814,28.2016,3.9601,24.2415,81.8384,0.29621,0.892,1.0752,1.2054
aw-cql-seed1,cql,88000,4,88000,042ea77f08ff7705,-855.845458984,35214,133999,12.721,0.1899,12.5311,81.8384,0.15312,0.8782,0.9758,1.1112
aw-cql-seed1,cql,88000,5,88000,042ea77f08ff7705,-855.845458984,40938,30344,18.4225,-2.7456,21.1681,81.8384,0.25866,0.9129,1.0976,1.2023
aw-cql-seed1,cql,88000,6,88000,042ea77f08ff7705,-855.845458984,51996,11915,20.9035,-1.1498,22.0533,81.8384,0.26947,0.9347,1.198,1.2817
aw-cql-seed1,cql,88000,7,88000,042ea77f08ff7705,-855.845458984,64933,19513,18.8964,3.0061,15.8903,81.8384,0.19417,0.9013,1.1256,1.2489
aw-cql-seed1,cql,88000,11,88000,042ea77f08ff7705,-855.845458984,76763,39227,11.1022,0.4152,10.687,81.8384,0.13059,0.95,1.0551,1.1105
aw-cql-seed1,cql,88000,12,88000,042ea77f08ff7705,-855.845458984,33583,82841,10.7382,1.6953,9.0429,81.8384,0.1105,0.931,1.0132,1.0882
aw-cql-seed1,cql,88000,13,88000,042ea77f08ff7705,-855.845458984,29838,52509,19.2927,-0.2945,19.5871,81.8384,0.23934,0.8864,1.046,1.18
aw-cql-seed1,cql,88000,14,88000,042ea77f08ff7705,-855.845458984,36307,14110,31.1865,-1.0453,32.2319,81.8384,0.39385,0.9342,1.2283,1.3148
aw-cql-seed1,cql,89000,0,89000,a8b39800667ec67a,-872.97253418,237311,68413,54.2221,13.7208,40.5013,81.1813,0.4989,0.8422,1.3255,1.5738
aw-cql-seed1,cql,89000,2,89000,a8b39800667ec67a,-872.97253418,168808,33814,27.5028,3.3841,24.1187,81.1813,0.2971,0.8907,1.0704,1.2018
aw-cql-seed1,cql,89000,4,89000,a8b39800667ec67a,-872.97253418,35214,133999,12.2847,-0.0104,12.2951,81.1813,0.15145,0.8777,0.9752,1.1111
aw-cql-seed1,cql,89000,5,89000,a8b39800667ec67a,-872.97253418,40938,30344,17.4409,-3.3259,20.7667,81.1813,0.25581,0.9153,1.1018,1.2037
aw-cql-seed1,cql,89000,6,89000,a8b39800667ec67a,-872.97253418,51996,11915,20.9774,-2.1632,23.1406,81.1813,0.28505,0.9369,1.203,1.2841
aw-cql-seed1,cql,89000,7,89000,a8b39800667ec67a,-872.97253418,64933,19513,18.4914,2.3034,16.188,81.1813,0.19941,0.902,1.1225,1.2444
aw-cql-seed1,cql,89000,11,89000,a8b39800667ec67a,-872.97253418,76763,39227,10.898,-0.166,11.064,81.1813,0.13629,0.951,1.0557,1.1101
aw-cql-seed1,cql,89000,12,89000,a8b39800667ec67a,-872.97253418,33583,82841,10.0426,1.1476,8.895,81.1813,0.10957,0.9313,1.0136,1.0884
aw-cql-seed1,cql,89000,13,89000,a8b39800667ec67a,-872.97253418,29838,52509,18.8334,-0.2588,19.0921,81.1813,0.23518,0.8882,1.0486,1.1805
aw-cql-seed1,cql,89000,14,89000,a8b39800667ec67a,-872.97253418,36307,14110,30.9134,-1.1598,32.0732,81.1813,0.39508,0.9408,1.24,1.318
aw-cql-seed1,cql,90000,0,90000,2edc708630ca0b80,-887.726806641,237311,68413,54.0276,13.5255,40.5021,80.8214,0.50113,0.8431,1.3241,1.5705
aw-cql-seed1,cql,90000,2,90000,2edc708630ca0b80,-887.726806641,168808,33814,27.8042,3.4988,24.3054,80.8214,0.30073,0.8902,1.0729,1.2052
aw-cql-seed1,cql,90000,4,90000,2edc708630ca0b80,-887.726806641,35214,133999,11.4836,0.1736,11.3099,80.8214,0.13994,0.8789,0.9743,1.1086
aw-cql-seed1,cql,90000,5,90000,2edc708630ca0b80,-887.726806641,40938,30344,16.959,-2.8934,19.8525,80.8214,0.24563,0.9161,1.0971,1.1976
aw-cql-seed1,cql,90000,6,90000,2edc708630ca0b80,-887.726806641,51996,11915,20.1141,-1.9864,22.1005,80.8214,0.27345,0.9348,1.1979,1.2815
aw-cql-seed1,cql,90000,7,90000,2edc708630ca0b80,-887.726806641,64933,19513,17.3823,1.2739,16.1084,80.8214,0.19931,0.9022,1.12,1.2415
aw-cql-seed1,cql,90000,11,90000,2edc708630ca0b80,-887.726806641,76763,39227,11.7205,0.5299,11.1906,80.8214,0.13846,0.9525,1.0574,1.1101
aw-cql-seed1,cql,90000,12,90000,2edc708630ca0b80,-887.726806641,33583,82841,9.416,1.438,7.978,80.8214,0.09871,0.9318,1.0144,1.0886
aw-cql-seed1,cql,90000,13,90000,2edc708630ca0b80,-887.726806641,29838,52509,17.9247,-0.5088,18.4334,80.8214,0.22808,0.8858,1.0473,1.1824
aw-cql-seed1,cql,90000,14,90000,2edc708630ca0b80,-887.726806641,36307,14110,31.6195,-1.125,32.7445,80.8214,0.40515,0.9359,1.2352,1.3198
aw-cql-seed1,cql,91000,0,91000,3503bb9a742862b5,-894.300048828,237311,68413,54.2782,13.8021,40.4761,80.0391,0.5057,0.8419,1.319,1.5667
aw-cql-seed1,cql,91000,2,91000,3503bb9a742862b5,-894.300048828,168808,33814,28.2316,3.8683,24.3633,80.0391,0.30439,0.8896,1.0699,1.2028
aw-cql-seed1,cql,91000,4,91000,3503bb9a742862b5,-894.300048828,35214,133999,11.8294,0.8426,10.9867,80.0391,0.13727,0.8787,0.9736,1.108
aw-cql-seed1,cql,91000,5,91000,3503bb9a742862b5,-894.300048828,40938,30344,17.0439,-2.4976,19.5415,80.0391,0.24415,0.9193,1.0973,1.1936
aw-cql-seed1,cql,91000,6,91000,3503bb9a742862b5,-894.300048828,51996,11915,21.7863,-1.3347,23.121,80.0391,0.28887,0.9372,1.1969,1.2771
aw-cql-seed1,cql,91000,7,91000,3503bb9a742862b5,-894.300048828,64933,19513,18.8956,2.6597,16.2358,80.0391,0.20285,0.9013,1.1247,1.2478
aw-cql-seed1,cql,91000,11,91000,3503bb9a742862b5,-894.300048828,76763,39227,10.6625,0.2007,10.4618,80.0391,0.13071,0.9503,1.054,1.1091
aw-cql-seed1,cql,91000,12,91000,3503bb9a742862b5,-894.300048828,33583,82841,9.4792,1.7606,7.7185,80.0391,0.09643,0.9334,1.0151,1.0875
aw-cql-seed1,cql,91000,13,91000,3503bb9a742862b5,-894.300048828,29838,52509,18.2295,0.3381,17.8914,80.0391,0.22353,0.889,1.0479,1.1788
aw-cql-seed1,cql,91000,14,91000,3503bb9a742862b5,-894.300048828,36307,14110,30.4498,-0.807,31.2568,80.0391,0.39052,0.9363,1.2336,1.3176
aw-cql-seed1,cql,92000,0,92000,c333895b26b49a5b,-904.577331543,237311,68413,55.1658,14.7282,40.4376,81.2028,0.49798,0.8426,1.3225,1.5695
aw-cql-seed1,cql,92000,2,92000,c333895b26b49a5b,-904.577331543,168808,33814,27.6218,3.6231,23.9986,81.2028,0.29554,0.8902,1.072,1.2043
aw-cql-seed1,cql,92000,4,92000,c333895b26b49a5b,-904.577331543,35214,133999,13.121,0.8621,12.2588,81.2028,0.15097,0.8767,0.9729,1.1097
aw-cql-seed1,cql,92000,5,92000,c333895b26b49a5b,-904.577331543,40938,30344,18.6076,-2.1033,20.7109,81.2028,0.25505,0.9137,1.0942,1.1976
aw-cql-seed1,cql,92000,6,92000,c333895b26b49a5b,-904.577331543,51996,11915,21.4671,-0.4499,21.9169,81.2028,0.2699,0.9338,1.1947,1.2794
aw-cql-seed1,cql,92000,7,92000,c333895b26b49a5b,-904.577331543,64933,19513,17.9401,2.227,15.7131,81.2028,0.1935,0.9011,1.1238,1.2471
aw-cql-seed1,cql,92000,11,92000,c333895b26b49a5b,-904.577331543,76763,39227,10.7501,0.2,10.55,81.2028,0.12992,0.9506,1.0543,1.1091
aw-cql-seed1,cql,92000,12,92000,c333895b26b49a5b,-904.577331543,33583,82841,10.0702,2.0,8.0701,81.2028,0.09938,0.9309,1.0132,1.0885
aw-cql-seed1,cql,92000,13,92000,c333895b26b49a5b,-904.577331543,29838,52509,18.3459,0.1341,18.2118,81.2028,0.22428,0.8832,1.0455,1.1837
aw-cql-seed1,cql,92000,14,92000,c333895b26b49a5b,-904.577331543,36307,14110,30.8239,-1.4163,32.2403,81.2028,0.39703,0.9321,1.2312,1.3208
aw-cql-seed1,cql,93000,0,93000,e296924e9a6935e3,-918.414123535,237311,68413,53.4311,13.3625,40.0686,80.1905,0.49967,0.8436,1.3245,1.57
aw-cql-seed1,cql,93000,2,93000,e296924e9a6935e3,-918.414123535,168808,33814,27.0975,2.9022,24.1953,80.1905,0.30172,0.8938,1.0746,1.2023
aw-cql-seed1,cql,93000,4,93000,e296924e9a6935e3,-918.414123535,35214,133999,12.6132,0.3106,12.3026,80.1905,0.15342,0.8755,0.9739,1.1124
aw-cql-seed1,cql,93000,5,93000,e296924e9a6935e3,-918.414123535,40938,30344,17.5949,-2.8126,20.4076,80.1905,0.25449,0.9134,1.0984,1.2025
aw-cql-seed1,cql,93000,6,93000,e296924e9a6935e3,-918.414123535,51996,11915,20.5564,-2.2851,22.8415,80.1905,0.28484,0.9354,1.2068,1.2902
aw-cql-seed1,cql,93000,7,93000,e296924e9a6935e3,-918.414123535,64933,19513,18.1832,1.4259,16.7573,80.1905,0.20897,0.9011,1.1195,1.2425
aw-cql-seed1,cql,93000,11,93000,e296924e9a6935e3,-918.414123535,76763,39227,10.4081,-0.3347,10.7428,80.1905,0.13397,0.951,1.0546,1.1089
aw-cql-seed1,cql,93000,12,93000,e296924e9a6935e3,-918.414123535,33583,82841,9.0072,0.9535,8.0537,80.1905,0.10043,0.9306,1.0125,1.088
aw-cql-seed1,cql,93000,13,93000,e296924e9a6935e3,-918.414123535,29838,52509,19.1309,-0.2089,19.3397,80.1905,0.24117,0.8835,1.0466,1.1845
aw-cql-seed1,cql,93000,14,93000,e296924e9a6935e3,-918.414123535,36307,14110,30.7949,-1.6483,32.4432,80.1905,0.40458,0.9332,1.2356,1.3241
aw-cql-seed1,cql,94000,0,94000,767e58ac13bc0c27,-929.584838867,237311,68413,54.0801,13.6664,40.4137,81.0126,0.49886,0.8433,1.3293,1.5763
aw-cql-seed1,cql,94000,2,94000,767e58ac13bc0c27,-929.584838867,168808,33814,26.7569,3.1598,23.597,81.0126,0.29128,0.8923,1.0732,1.2027
aw-cql-seed1,cql,94000,4,94000,767e58ac13bc0c27,-929.584838867,35214,133999,12.0694,0.4032,11.6663,81.0126,0.14401,0.8781,0.9754,1.1108
aw-cql-seed1,cql,94000,5,94000,767e58ac13bc0c27,-929.584838867,40938,30344,16.303,-2.8196,19.1226,81.0126,0.23604,0.9167,1.0963,1.1959
aw-cql-seed1,cql,94000,6,94000,767e58ac13bc0c27,-929.584838867,51996,11915,19.416,-2.4526,21.8686,81.0126,0.26994,0.9337,1.1908,1.2754
aw-cql-seed1,cql,94000,7,94000,767e58ac13bc0c27,-929.584838867,64933,19513,17.2036,1.2259,15.9776,81.0126,0.19722,0.8996,1.119,1.244
aw-cql-seed1,cql,94000,11,94000,767e58ac13bc0c27,-929.584838867,76763,39227,10.2115,-0.4696,10.6811,81.0126,0.13184,0.9497,1.0527,1.1085
aw-cql-seed1,cql,94000,12,94000,767e58ac13bc0c27,-929.584838867,33583,82841,9.4572,1.2126,8.2446,81.0126,0.10177,0.931,1.0126,1.0877
aw-cql-seed1,cql,94000,13,94000,767e58ac13bc0c27,-929.584838867,29838,52509,16.36,-0.5652,16.9252,81.0126,0.20892,0.8834,1.0456,1.1836
aw-cql-seed1,cql,94000,14,94000,767e58ac13bc0c27,-929.584838867,36307,14110,30.7864,-1.2875,32.0739,81.0126,0.39591,0.9352,1.2286,1.3137
aw-cql-seed1,cql,95000,0,95000,b1ea93433c53cf74,-941.797668457,237311,68413,54.1523,13.7083,40.4441,79.9051,0.50615,0.8427,1.3277,1.5756
aw-cql-seed1,cql,95000,2,95000,b1ea93433c53cf74,-941.797668457,168808,33814,27.6589,3.6828,23.9761,79.9051,0.30006,0.889,1.071,1.2047
aw-cql-seed1,cql,95000,4,95000,b1ea93433c53cf74,-941.797668457,35214,133999,12.4782,0.3527,12.1256,79.9051,0.15175,0.878,0.9734,1.1087
aw-cql-seed1,cql,95000,5,95000,b1ea93433c53cf74,-941.797668457,40938,30344,18.0434,-2.758,20.8015,79.9051,0.26033,0.9175,1.0938,1.1921
aw-cql-seed1,cql,95000,6,95000,b1ea93433c53cf74,-941.797668457,51996,11915,21.5223,-1.2575,22.7798,79.9051,0.28509,0.9359,1.194,1.2758
aw-cql-seed1,cql,95000,7,95000,b1ea93433c53cf74,-941.797668457,64933,19513,17.818,2.3898,15.4282,79.9051,0.19308,0.9002,1.1218,1.2462
aw-cql-seed1,cql,95000,11,95000,b1ea93433c53cf74,-941.797668457,76763,39227,10.6725,0.1678,10.5047,79.9051,0.13146,0.9502,1.0526,1.1077
aw-cql-seed1,cql,95000,12,95000,b1ea93433c53cf74,-941.797668457,33583,82841,9.2041,1.7281,7.4761,79.9051,0.09356,0.9323,1.0129,1.0865
aw-cql-seed1,cql,95000,13,95000,b1ea93433c53cf74,-941.797668457,29838,52509,18.4833,-0.0471,18.5304,79.9051,0.2319,0.887,1.0452,1.1783
aw-cql-seed1,cql,95000,14,95000,b1ea93433c53cf74,-941.797668457,36307,14110,30.821,-1.2612,32.0823,79.9051,0.4015,0.9356,1.2252,1.3095
aw-cql-seed1,cql,96000,0,96000,53cb3b0a3c82e297,-948.929870605,237311,68413,53.8345,13.5686,40.2658,80.5579,0.49984,0.8427,1.3245,1.5716
aw-cql-seed1,cql,96000,2,96000,53cb3b0a3c82e297,-948.929870605,168808,33814,27.1326,2.9643,24.1683,80.5579,0.30001,0.8896,1.0682,1.2007
aw-cql-seed1,cql,96000,4,96000,53cb3b0a3c82e297,-948.929870605,35214,133999,10.7866,0.3576,10.429,80.5579,0.12946,0.8763,0.9734,1.1108
aw-cql-seed1,cql,96000,5,96000,53cb3b0a3c82e297,-948.929870605,40938,30344,17.0605,-2.9046,19.9652,80.5579,0.24784,0.9135,1.0949,1.1987
aw-cql-seed1,cql,96000,6,96000,53cb3b0a3c82e297,-948.929870605,51996,11915,21.4695,-1.038,22.5075,80.5579,0.2794,0.9348,1.2007,1.2844
aw-cql-seed1,cql,96000,7,96000,53cb3b0a3c82e297,-948.929870605,64933,19513,16.6148,1.448,15.1668,80.5579,0.18827,0.9026,1.1219,1.2429
aw-cql-seed1,cql,96000,11,96000,53cb3b0a3c82e297,-948.929870605,76763,39227,10.7075,0.3207,10.3868,80.5579,0.12894,0.9518,1.0554,1.1088
aw-cql-seed1,cql,96000,12,96000,53cb3b0a3c82e297,-948.929870605,33583,82841,8.2041,1.4417,6.7624,80.5579,0.08394,0.9321,1.0128,1.0866
aw-cql-seed1,cql,96000,13,96000,53cb3b0a3c82e297,-948.929870605,29838,52509,16.8024,-0.3912,17.1936,80.5579,0.21343,0.8825,1.0447,1.1839
aw-cql-seed1,cql,96000,14,96000,53cb3b0a3c82e297,-948.929870605,36307,14110,30.5388,-1.8229,32.3617,80.5579,0.40172,0.9313,1.2347,1.3258
aw-cql-seed1,cql,97000,0,97000,86bf25da976b5a5a,-963.473266602,237311,68413,54.6367,14.12,40.5167,81.1599,0.49922,0.8422,1.3285,1.5773
aw-cql-seed1,cql,97000,2,97000,86bf25da976b5a5a,-963.473266602,168808,33814,27.5111,3.2947,24.2163,81.1599,0.29838,0.8894,1.0706,1.2036
aw-cql-seed1,cql,97000,4,97000,86bf25da976b5a5a,-963.473266602,35214,133999,10.2934,0.6205,9.673,81.1599,0.11918,0.8758,0.9719,1.1098
aw-cql-seed1,cql,97000,5,97000,86bf25da976b5a5a,-963.473266602,40938,30344,16.3093,-2.8718,19.1811,81.1599,0.23634,0.9125,1.0918,1.1964
aw-cql-seed1,cql,97000,6,97000,86bf25da976b5a5a,-963.473266602,51996,11915,19.9792,-2.0783,22.0575,81.1599,0.27178,0.9333,1.196,1.2814
aw-cql-seed1,cql,97000,7,97000,86bf25da976b5a5a,-963.473266602,64933,19513,17.4799,1.2874,16.1924,81.1599,0.19951,0.9019,1.1186,1.2404
aw-cql-seed1,cql,97000,11,97000,86bf25da976b5a5a,-963.473266602,76763,39227,9.8192,-0.371,10.1902,81.1599,0.12556,0.9502,1.0533,1.1085
aw-cql-seed1,cql,97000,12,97000,86bf25da976b5a5a,-963.473266602,33583,82841,8.0378,1.5284,6.5094,81.1599,0.0802,0.9311,1.0123,1.0872
aw-cql-seed1,cql,97000,13,97000,86bf25da976b5a5a,-963.473266602,29838,52509,17.765,-0.0623,17.8273,81.1599,0.21966,0.8813,1.0428,1.1832
aw-cql-seed1,cql,97000,14,97000,86bf25da976b5a5a,-963.473266602,36307,14110,30.271,-1.5053,31.7763,81.1599,0.39153,0.9294,1.2254,1.3185
aw-cql-seed1,cql,98000,0,98000,e5afa46e7b02af51,-978.600097656,237311,68413,52.887,12.5213,40.3657,79.6465,0.50681,0.8439,1.3289,1.5748
aw-cql-seed1,cql,98000,2,98000,e5afa46e7b02af51,-978.600097656,168808,33814,26.4732,3.4315,23.0417,79.6465,0.2893,0.8902,1.0712,1.2033
aw-cql-seed1,cql,98000,4,98000,e5afa46e7b02af51,-978.600097656,35214,133999,10.4825,0.5352,9.9473,79.6465,0.12489,0.875,0.9717,1.1105
aw-cql-seed1,cql,98000,5,98000,e5afa46e7b02af51,-978.600097656,40938,30344,16.2478,-2.4577,18.7054,79.6465,0.23486,0.9118,1.095,1.2009
aw-cql-seed1,cql,98000,6,98000,e5afa46e7b02af51,-978.600097656,51996,11915,20.8073,-1.9872,22.7945,79.6465,0.2862,0.9346,1.1938,1.2774
aw-cql-seed1,cql,98000,7,98000,e5afa46e7b02af51,-978.600097656,64933,19513,17.7909,1.5858,16.2051,79.6465,0.20346,0.9011,1.1163,1.2388
aw-cql-seed1,cql,98000,11,98000,e5afa46e7b02af51,-978.600097656,76763,39227,9.282,-0.6058,9.8877,79.6465,0.12415,0.9501,1.0531,1.1084
aw-cql-seed1,cql,98000,12,98000,e5afa46e7b02af51,-978.600097656,33583,82841,8.1858,1.3978,6.7879,79.6465,0.08523,0.9312,1.011,1.0858
aw-cql-seed1,cql,98000,13,98000,e5afa46e7b02af51,-978.600097656,29838,52509,15.2604,-0.3135,15.574,79.6465,0.19554,0.8813,1.0436,1.1841
aw-cql-seed1,cql,98000,14,98000,e5afa46e7b02af51,-978.600097656,36307,14110,28.7272,-1.878,30.6052,79.6465,0.38426,0.9322,1.2277,1.317
aw-cql-seed1,cql,99000,0,99000,ed059c950d947ed5,-988.44732666,237311,68413,53.0151,12.5034,40.5116,80.0881,0.50584,0.8425,1.3189,1.5655
aw-cql-seed1,cql,99000,2,99000,ed059c950d947ed5,-988.44732666,168808,33814,26.7476,2.6149,24.1327,80.0881,0.30133,0.8909,1.0706,1.2018
aw-cql-seed1,cql,99000,4,99000,ed059c950d947ed5,-988.44732666,35214,133999,9.792,-0.1887,9.9807,80.0881,0.12462,0.8791,0.9736,1.1075
aw-cql-seed1,cql,99000,5,99000,ed059c950d947ed5,-988.44732666,40938,30344,14.7024,-3.7097,18.4121,80.0881,0.2299,0.9193,1.0901,1.1859
aw-cql-seed1,cql,99000,6,99000,ed059c950d947ed5,-988.44732666,51996,11915,18.5774,-2.8664,21.4438,80.0881,0.26775,0.9333,1.1967,1.2822
aw-cql-seed1,cql,99000,7,99000,ed059c950d947ed5,-988.44732666,64933,19513,16.6726,0.859,15.8136,80.0881,0.19745,0.8993,1.1177,1.2428
aw-cql-seed1,cql,99000,11,99000,ed059c950d947ed5,-988.44732666,76763,39227,10.0315,-0.3636,10.3951,80.0881,0.1298,0.9493,1.0538,1.11
aw-cql-seed1,cql,99000,12,99000,ed059c950d947ed5,-988.44732666,33583,82841,8.9484,1.3644,7.5839,80.0881,0.09469,0.931,1.0123,1.0873
aw-cql-seed1,cql,99000,13,99000,ed059c950d947ed5,-988.44732666,29838,52509,17.2817,-0.8704,18.1522,80.0881,0.22665,0.8835,1.0454,1.1834
aw-cql-seed1,cql,99000,14,99000,ed059c950d947ed5,-988.44732666,36307,14110,29.8047,-2.0642,31.869,80.0881,0.39792,0.9324,1.2318,1.3211
aw-cql-seed1,cql,100000,0,100000,4e6bda883b4c9982,-1004.883544922,237311,68413,53.4681,11.9515,41.5166,80.5222,0.51559,0.8438,1.3305,1.5768
aw-cql-seed1,cql,100000,2,100000,4e6bda883b4c9982,-1004.883544922,168808,33814,26.3237,3.0635,23.2602,80.5222,0.28887,0.8888,1.0699,1.2037
aw-cql-seed1,cql,100000,4,100000,4e6bda883b4c9982,-1004.883544922,35214,133999,9.8969,0.1277,9.7692,80.5222,0.12132,0.8767,0.972,1.1087
aw-cql-seed1,cql,100000,5,100000,4e6bda883b4c9982,-1004.883544922,40938,30344,16.382,-3.1415,19.5234,80.5222,0.24246,0.9162,1.0914,1.1913
aw-cql-seed1,cql,100000,6,100000,4e6bda883b4c9982,-1004.883544922,51996,11915,19.5566,-2.3056,21.8622,80.5222,0.27151,0.9333,1.2016,1.2875
aw-cql-seed1,cql,100000,7,100000,4e6bda883b4c9982,-1004.883544922,64933,19513,17.4169,1.4672,15.9497,80.5222,0.19808,0.9005,1.1195,1.2432
aw-cql-seed1,cql,100000,11,100000,4e6bda883b4c9982,-1004.883544922,76763,39227,10.2953,-0.1353,10.4306,80.5222,0.12954,0.9506,1.0564,1.1112
aw-cql-seed1,cql,100000,12,100000,4e6bda883b4c9982,-1004.883544922,33583,82841,8.7775,1.4354,7.3422,80.5222,0.09118,0.9298,1.0114,1.0877
aw-cql-seed1,cql,100000,13,100000,4e6bda883b4c9982,-1004.883544922,29838,52509,16.5396,-0.5921,17.1317,80.5222,0.21276,0.8843,1.0442,1.1808
aw-cql-seed1,cql,100000,14,100000,4e6bda883b4c9982,-1004.883544922,36307,14110,29.5747,-1.2811,30.8558,80.5222,0.3832,0.933,1.2316,1.3201
