run,algo,step,bin,checkpoint_global_step,critic_checksum,first_layer_sum,n_surv,n_fail,Q_surv,Q_fail,Delta,span,Delta_hat,d_surv,d_fail,d_ratio
aw-cql-weight1-seed1,cql,1000,0,1000,4d1431c1549348ac,-54.833854675,237311,68413,19.2079,9.9787,9.2293,28.1672,0.32766,1.0684,1.3734,1.2855
aw-cql-weight1-seed1,cql,1000,2,1000,4d1431c1549348ac,-54.833854675,168808,33814,11.7572,6.42,5.3372,28.1672,0.18948,1.1296,1.2552,1.1111
aw-cql-weight1-seed1,cql,1000,4,1000,4d1431c1549348ac,-54.833854675,35214,133999,-1.1971,1.5511,-2.7482,28.1672,-0.09757,1.2514,1.2516,1.0001
aw-cql-weight1-seed1,cql,1000,5,1000,4d1431c1549348ac,-54.833854675,40938,30344,0.411,-0.9663,1.3773,28.1672,0.0489,1.3384,1.4583,1.0896
aw-cql-weight1-seed1,cql,1000,6,1000,4d1431c1549348ac,-54.833854675,51996,11915,3.4064,0.2637,3.1427,28.1672,0.11157,1.2823,1.4859,1.1587
aw-cql-weight1-seed1,cql,1000,7,1000,4d1431c1549348ac,-54.833854675,64933,19513,2.6669,1.5826,1.0843,28.1672,0.03849,1.264,1.368,1.0822
aw-cql-weight1-seed1,cql,1000,11,1000,4d1431c1549348ac,-54.833854675,76763,39227,3.4902,2.2576,1.2326,28.1672,0.04376,1.2449,1.3296,1.068
aw-cql-weight1-seed1,cql,1000,12,1000,4d1431c1549348ac,-54.833854675,33583,82841,-0.511,1.5909,-2.1018,28.1672,-0.07462,1.2645,1.2826,1.0143
aw-cql-weight1-seed1,cql,1000,13,1000,4d1431c1549348ac,-54.833854675,29838,52509,-3.1871,-0.4919,-2.6952,28.1672,-0.09569,1.3023,1.3598,1.0441
aw-cql-weight1-seed1,cql,1000,14,1000,4d1431c1549348ac,-54.833854675,36307,14110,1.8016,-2.0447,3.8463,28.1672,0.13655,1.3642,1.6135,1.1828
aw-cql-weight1-seed1,cql,2000,0,2000,d1c470b7082ff53b,-76.040061951,237311,68413,31.1799,16.8405,14.3395,36.8053,0.3896,0.9928,1.434,1.4444
aw-cql-weight1-seed1,cql,2000,2,2000,d1c470b7082ff53b,-76.040061951,168808,33814,20.5793,10.5039,10.0755,36.8053,0.27375,1.0371,1.2326,1.1886
aw-cql-weight1-seed1,cql,2000,4,2000,d1c470b7082ff53b,-76.040061951,35214,133999,13.1202,4.3763,8.7439,36.8053,0.23757,1.0819,1.2161,1.124
aw-cql-weight1-seed1,cql,2000,5,2000,d1c470b7082ff53b,-76.040061951,40938,30344,14.7811,2.2322,12.5489,36.8053,0.34095,1.1526,1.4522,1.2599
aw-cql-weight1-seed1,cql,2000,6,2000,d1c470b7082ff53b,-76.040061951,51996,11915,18.2887,9.0485,9.2402,36.8053,0.25106,1.1648,1.51,1.2964
aw-cql-weight1-seed1,cql,2000,7,2000,d1c470b7082ff53b,-76.040061951,64933,19513,17.8538,11.3468,6.5069,36.8053,0.17679,1.1306,1.3718,1.2133
aw-cql-weight1-seed1,cql,2000,11,2000,d1c470b7082ff53b,-76.040061951,76763,39227,14.9597,8.6535,6.3062,36.8053,0.17134,1.1672,1.2946,1.1091
aw-cql-weight1-seed1,cql,2000,12,2000,d1c470b7082ff53b,-76.040061951,33583,82841,14.5222,8.341,6.1812,36.8053,0.16794,1.1314,1.2449,1.1004
aw-cql-weight1-seed1,cql,2000,13,2000,d1c470b7082ff53b,-76.040061951,29838,52509,15.9398,2.9411,12.9987,36.8053,0.35317,1.1263,1.3349,1.1852
aw-cql-weight1-seed1,cql,2000,14,2000,d1c470b7082ff53b,-76.040061951,36307,14110,21.0439,5.286,15.758,36.8053,0.42814,1.1943,1.6565,1.387
aw-cql-weight1-seed1,cql,3000,0,3000,d4175d88294122c7,-114.393859863,237311,68413,35.4341,18.8616,16.5724,44.5735,0.3718,0.928,1.4135,1.5231
aw-cql-weight1-seed1,cql,3000,2,3000,d4175d88294122c7,-114.393859863,168808,33814,22.381,10.0361,12.3449,44.5735,0.27696,0.9695,1.193,1.2306
aw-cql-weight1-seed1,cql,3000,4,3000,d4175d88294122c7,-114.393859863,35214,133999,16.6312,4.6149,12.0163,44.5735,0.26958,1.0455,1.1651,1.1145
aw-cql-weight1-seed1,cql,3000,5,3000,d4175d88294122c7,-114.393859863,40938,30344,18.1756,1.9703,16.2053,44.5735,0.36356,1.11,1.3537,1.2195
aw-cql-weight1-seed1,cql,3000,6,3000,d4175d88294122c7,-114.393859863,51996,11915,18.9267,7.6361,11.2906,44.5735,0.2533,1.0786,1.3796,1.2791
aw-cql-weight1-seed1,cql,3000,7,3000,d4175d88294122c7,-114.393859863,64933,19513,17.6865,10.4165,7.27,44.5735,0.1631,1.0493,1.3175,1.2557
aw-cql-weight1-seed1,cql,3000,11,3000,d4175d88294122c7,-114.393859863,76763,39227,15.8703,8.2034,7.6669,44.5735,0.17201,1.1008,1.2496,1.1351
aw-cql-weight1-seed1,cql,3000,12,3000,d4175d88294122c7,-114.393859863,33583,82841,16.0278,8.5829,7.4449,44.5735,0.16703,1.0669,1.2015,1.1262
aw-cql-weight1-seed1,cql,3000,13,3000,d4175d88294122c7,-114.393859863,29838,52509,17.0266,2.5133,14.5133,44.5735,0.32561,1.0805,1.2626,1.1685
aw-cql-weight1-seed1,cql,3000,14,3000,d4175d88294122c7,-114.393859863,36307,14110,21.3003,3.9291,17.3712,44.5735,0.38972,1.131,1.5184,1.3425
aw-cql-weight1-seed1,cql,4000,0,4000,883a2394fe8e81bf,-159.696136475,237311,68413,35.9564,20.177,15.7793,46.9892,0.33581,0.894,1.4236,1.5924
aw-cql-weight1-seed1,cql,4000,2,4000,883a2394fe8e81bf,-159.696136475,168808,33814,25.3873,11.9909,13.3964,46.9892,0.2851,0.9376,1.1904,1.2697
aw-cql-weight1-seed1,cql,4000,4,4000,883a2394fe8e81bf,-159.696136475,35214,133999,20.0411,5.1145,14.9266,46.9892,0.31766,0.9838,1.1058,1.124
aw-cql-weight1-seed1,cql,4000,5,4000,883a2394fe8e81bf,-159.696136475,40938,30344,20.4033,1.8905,18.5128,46.9892,0.39398,1.0571,1.2987,1.2286
aw-cql-weight1-seed1,cql,4000,6,4000,883a2394fe8e81bf,-159.696136475,51996,11915,21.4064,8.207,13.1994,46.9892,0.2809,1.057,1.3939,1.3187
aw-cql-weight1-seed1,cql,4000,7,4000,883a2394fe8e81bf,-159.696136475,64933,19513,21.3476,12.2095,9.1381,46.9892,0.19447,1.0204,1.2913,1.2654
aw-cql-weight1-seed1,cql,4000,11,4000,883a2394fe8e81bf,-159.696136475,76763,39227,17.781,9.0226,8.7584,46.9892,0.18639,1.077,1.2219,1.1345
aw-cql-weight1-seed1,cql,4000,12,4000,883a2394fe8e81bf,-159.696136475,33583,82841,18.3843,9.679,8.7053,46.9892,0.18526,1.0349,1.1614,1.1222
aw-cql-weight1-seed1,cql,4000,13,4000,883a2394fe8e81bf,-159.696136475,29838,52509,19.9665,2.5943,17.3722,46.9892,0.36971,1.0304,1.2051,1.1696
aw-cql-weight1-seed1,cql,4000,14,4000,883a2394fe8e81bf,-159.696136475,36307,14110,22.7735,4.3208,18.4527,46.9892,0.3927,1.081,1.4848,1.3734
aw-cql-weight1-seed1,cql,5000,0,5000,5c8770c633635ed9,-180.998748779,237311,68413,40.9101,24.6447,16.2654,53.8424,0.30209,0.8806,1.4243,1.6174
aw-cql-weight1-seed1,cql,5000,2,5000,5c8770c633635ed9,-180.998748779,168808,33814,26.2356,13.2938,12.9418,53.8424,0.24036,0.9303,1.2013,1.2913
aw-cql-weight1-seed1,cql,5000,4,5000,5c8770c633635ed9,-180.998748779,35214,133999,22.213,6.4068,15.8061,53.8424,0.29356,0.9691,1.104,1.1392
aw-cql-weight1-seed1,cql,5000,5,5000,5c8770c633635ed9,-180.998748779,40938,30344,22.2438,2.4277,19.8161,53.8424,0.36804,1.029,1.2923,1.2559
aw-cql-weight1-seed1,cql,5000,6,5000,5c8770c633635ed9,-180.998748779,51996,11915,24.0069,10.0448,13.9621,53.8424,0.25931,1.016,1.3646,1.3431
aw-cql-weight1-seed1,cql,5000,7,5000,5c8770c633635ed9,-180.998748779,64933,19513,23.285,13.5398,9.7452,53.8424,0.181,0.9718,1.28,1.3171
aw-cql-weight1-seed1,cql,5000,11,5000,5c8770c633635ed9,-180.998748779,76763,39227,19.0681,9.269,9.7991,53.8424,0.182,1.0295,1.1786,1.1449
aw-cql-weight1-seed1,cql,5000,12,5000,5c8770c633635ed9,-180.998748779,33583,82841,19.0011,9.8871,9.114,53.8424,0.16927,1.0002,1.1362,1.1359
aw-cql-weight1-seed1,cql,5000,13,5000,5c8770c633635ed9,-180.998748779,29838,52509,20.1098,2.939,17.1708,53.8424,0.31891,1.0037,1.1971,1.1927
aw-cql-weight1-seed1,cql,5000,14,5000,5c8770c633635ed9,-180.998748779,36307,14110,22.8595,4.9419,17.9176,53.8424,0.33278,1.0539,1.4765,1.401
aw-cql-weight1-seed1,cql,6000,0,6000,cddbd7b377788c9a,-208.31288147,237311,68413,42.1782,25.832,16.3462,53.9968,0.30272,0.8733,1.4324,1.6403
aw-cql-weight1-seed1,cql,6000,2,6000,cddbd7b377788c9a,-208.31288147,168808,33814,28.469,14.1963,14.2728,53.9968,0.26433,0.9243,1.2085,1.3075
aw-cql-weight1-seed1,cql,6000,4,6000,cddbd7b377788c9a,-208.31288147,35214,133999,23.943,6.623,17.32,53.9968,0.32076,0.9444,1.0886,1.1527
aw-cql-weight1-seed1,cql,6000,5,6000,cddbd7b377788c9a,-208.31288147,40938,30344,24.7359,3.0945,21.6415,53.9968,0.40079,1.017,1.2749,1.2536
aw-cql-weight1-seed1,cql,6000,6,6000,cddbd7b377788c9a,-208.31288147,51996,11915,26.0426,11.0729,14.9697,53.9968,0.27723,1.0149,1.3534,1.3336
aw-cql-weight1-seed1,cql,6000,7,6000,cddbd7b377788c9a,-208.31288147,64933,19513,25.2806,15.4103,9.8703,53.9968,0.1828,0.968,1.2767,1.319
aw-cql-weight1-seed1,cql,6000,11,6000,cddbd7b377788c9a,-208.31288147,76763,39227,19.7851,9.6263,10.1589,53.9968,0.18814,1.0161,1.1766,1.1579
aw-cql-weight1-seed1,cql,6000,12,6000,cddbd7b377788c9a,-208.31288147,33583,82841,19.3463,10.1181,9.2283,53.9968,0.1709,0.9914,1.1308,1.1406
aw-cql-weight1-seed1,cql,6000,13,6000,cddbd7b377788c9a,-208.31288147,29838,52509,21.7354,3.1219,18.6135,53.9968,0.34471,0.9778,1.1716,1.1982
aw-cql-weight1-seed1,cql,6000,14,6000,cddbd7b377788c9a,-208.31288147,36307,14110,24.9055,5.4052,19.5003,53.9968,0.36114,1.0373,1.4354,1.3837
aw-cql-weight1-seed1,cql,7000,0,7000,16459b046f13cc40,-223.16078186,237311,68413,43.2897,26.2843,17.0054,56.2403,0.30237,0.8808,1.4827,1.6833
aw-cql-weight1-seed1,cql,7000,2,7000,16459b046f13cc40,-223.16078186,168808,33814,28.7224,14.2056,14.5168,56.2403,0.25812,0.9284,1.2436,1.3395
aw-cql-weight1-seed1,cql,7000,4,7000,16459b046f13cc40,-223.16078186,35214,133999,24.1287,7.0138,17.1149,56.2403,0.30432,0.9585,1.1031,1.1508
aw-cql-weight1-seed1,cql,7000,5,7000,16459b046f13cc40,-223.16078186,40938,30344,24.8823,2.519,22.3632,56.2403,0.39764,1.0315,1.294,1.2545
aw-cql-weight1-seed1,cql,7000,6,7000,16459b046f13cc40,-223.16078186,51996,11915,26.6996,10.4817,16.2179,56.2403,0.28837,1.0217,1.3853,1.3558
aw-cql-weight1-seed1,cql,7000,7,7000,16459b046f13cc40,-223.16078186,64933,19513,25.5755,15.3483,10.2272,56.2403,0.18185,0.9722,1.2944,1.3314
aw-cql-weight1-seed1,cql,7000,11,7000,16459b046f13cc40,-223.16078186,76763,39227,21.9785,10.6801,11.2984,56.2403,0.20089,1.0293,1.1956,1.1616
aw-cql-weight1-seed1,cql,7000,12,7000,16459b046f13cc40,-223.16078186,33583,82841,21.4447,11.5512,9.8936,56.2403,0.17592,0.9978,1.1514,1.1539
aw-cql-weight1-seed1,cql,7000,13,7000,16459b046f13cc40,-223.16078186,29838,52509,21.7519,3.1415,18.6104,56.2403,0.33091,0.9944,1.1893,1.196
aw-cql-weight1-seed1,cql,7000,14,7000,16459b046f13cc40,-223.16078186,36307,14110,24.105,5.2876,18.8174,56.2403,0.33459,1.0468,1.4547,1.3896
aw-cql-weight1-seed1,cql,8000,0,8000,56f1f3ac5946ca42,-236.926025391,237311,68413,43.6482,26.7505,16.8977,54.5088,0.31,0.8741,1.4907,1.7054
aw-cql-weight1-seed1,cql,8000,2,8000,56f1f3ac5946ca42,-236.926025391,168808,33814,29.9716,14.7626,15.209,54.5088,0.27902,0.9156,1.2161,1.3282
aw-cql-weight1-seed1,cql,8000,4,8000,56f1f3ac5946ca42,-236.926025391,35214,133999,25.111,7.2834,17.8276,54.5088,0.32706,0.9307,1.0751,1.1552
aw-cql-weight1-seed1,cql,8000,5,8000,56f1f3ac5946ca42,-236.926025391,40938,30344,26.4305,3.6163,22.8141,54.5088,0.41854,1.0041,1.2545,1.2493
aw-cql-weight1-seed1,cql,8000,6,8000,56f1f3ac5946ca42,-236.926025391,51996,11915,27.7972,11.763,16.0342,54.5088,0.29416,1.0001,1.3535,1.3533
aw-cql-weight1-seed1,cql,8000,7,8000,56f1f3ac5946ca42,-236.926025391,64933,19513,26.2938,16.1142,10.1796,54.5088,0.18675,0.9514,1.2792,1.3446
aw-cql-weight1-seed1,cql,8000,11,8000,56f1f3ac5946ca42,-236.926025391,76763,39227,21.9325,10.5809,11.3516,54.5088,0.20825,1.0079,1.1751,1.1659
aw-cql-weight1-seed1,cql,8000,12,8000,56f1f3ac5946ca42,-236.926025391,33583,82841,21.2008,11.1833,10.0176,54.5088,0.18378,0.982,1.1209,1.1415
aw-cql-weight1-seed1,cql,8000,13,8000,56f1f3ac5946ca42,-236.926025391,29838,52509,23.1288,3.5639,19.5648,54.5088,0.35893,0.9662,1.1556,1.196
aw-cql-weight1-seed1,cql,8000,14,8000,56f1f3ac5946ca42,-236.926025391,36307,14110,25.7345,6.193,19.5414,54.5088,0.3585,1.0197,1.4161,1.3888
aw-cql-weight1-seed1,cql,9000,0,9000,801f8d7609ce0353,-252.816177368,237311,68413,44.929,27.4438,17.4851,55.7308,0.31374,0.8789,1.4905,1.6959
aw-cql-weight1-seed1,cql,9000,2,9000,801f8d7609ce0353,-252.816177368,168808,33814,30.5884,15.7328,14.8556,55.7308,0.26656,0.9192,1.2273,1.3351
aw-cql-weight1-seed1,cql,9000,4,9000,801f8d7609ce0353,-252.816177368,35214,133999,26.3251,7.5168,18.8083,55.7308,0.33748,0.9428,1.0929,1.1592
aw-cql-weight1-seed1,cql,9000,5,9000,801f8d7609ce0353,-252.816177368,40938,30344,26.9953,3.6657,23.3296,55.7308,0.41861,1.0021,1.2708,1.2681
aw-cql-weight1-seed1,cql,9000,6,9000,801f8d7609ce0353,-252.816177368,51996,11915,27.4479,11.7346,15.7133,55.7308,0.28195,1.0001,1.3647,1.3646
aw-cql-weight1-seed1,cql,9000,7,9000,801f8d7609ce0353,-252.816177368,64933,19513,26.1981,15.6205,10.5776,55.7308,0.1898,0.9586,1.2792,1.3345
aw-cql-weight1-seed1,cql,9000,11,9000,801f8d7609ce0353,-252.816177368,76763,39227,21.4433,9.9434,11.4999,55.7308,0.20635,1.0076,1.1853,1.1764
aw-cql-weight1-seed1,cql,9000,12,9000,801f8d7609ce0353,-252.816177368,33583,82841,22.1949,11.5986,10.5964,55.7308,0.19013,0.9836,1.1373,1.1562
aw-cql-weight1-seed1,cql,9000,13,9000,801f8d7609ce0353,-252.816177368,29838,52509,24.0869,3.8407,20.2462,55.7308,0.36329,0.9825,1.1694,1.1902
aw-cql-weight1-seed1,cql,9000,14,9000,801f8d7609ce0353,-252.816177368,36307,14110,26.0006,6.1726,19.828,55.7308,0.35578,1.0237,1.4334,1.4002
aw-cql-weight1-seed1,cql,10000,0,10000,9c9c7792f64cca3d,-269.784790039,237311,68413,44.7126,28.9489,15.7636,55.3364,0.28487,0.871,1.5022,1.7246
aw-cql-weight1-seed1,cql,10000,2,10000,9c9c7792f64cca3d,-269.784790039,168808,33814,30.4251,15.6067,14.8184,55.3364,0.26779,0.9183,1.235,1.3449
aw-cql-weight1-seed1,cql,10000,4,10000,9c9c7792f64cca3d,-269.784790039,35214,133999,25.8768,7.5658,18.311,55.3364,0.3309,0.9216,1.0693,1.1603
aw-cql-weight1-seed1,cql,10000,5,10000,9c9c7792f64cca3d,-269.784790039,40938,30344,27.0332,3.2673,23.7659,55.3364,0.42948,0.9861,1.246,1.2636
aw-cql-weight1-seed1,cql,10000,6,10000,9c9c7792f64cca3d,-269.784790039,51996,11915,26.9903,10.5149,16.4754,55.3364,0.29773,0.9853,1.3508,1.3709
aw-cql-weight1-seed1,cql,10000,7,10000,9c9c7792f64cca3d,-269.784790039,64933,19513,26.4904,15.575,10.9154,55.3364,0.19726,0.951,1.2749,1.3407
aw-cql-weight1-seed1,cql,10000,11,10000,9c9c7792f64cca3d,-269.784790039,76763,39227,22.5398,10.6241,11.9157,55.3364,0.21533,0.9951,1.1695,1.1753
aw-cql-weight1-seed1,cql,10000,12,10000,9c9c7792f64cca3d,-269.784790039,33583,82841,21.3956,11.1992,10.1964,55.3364,0.18426,0.9792,1.1303,1.1543
aw-cql-weight1-seed1,cql,10000,13,10000,9c9c7792f64cca3d,-269.784790039,29838,52509,24.1912,3.9476,20.2436,55.3364,0.36583,0.9615,1.1527,1.1989
aw-cql-weight1-seed1,cql,10000,14,10000,9c9c7792f64cca3d,-269.784790039,36307,14110,26.8605,6.8393,20.0212,55.3364,0.36181,1.007,1.4047,1.3949
aw-cql-weight1-seed1,cql,11000,0,11000,2a8c8dbb1b1ec932,-270.754425049,237311,68413,45.3963,28.1037,17.2926,55.9287,0.30919,0.8707,1.4902,1.7115
aw-cql-weight1-seed1,cql,11000,2,11000,2a8c8dbb1b1ec932,-270.754425049,168808,33814,30.764,15.8574,14.9065,55.9287,0.26653,0.9117,1.2106,1.3278
aw-cql-weight1-seed1,cql,11000,4,11000,2a8c8dbb1b1ec932,-270.754425049,35214,133999,25.8773,8.2319,17.6454,55.9287,0.3155,0.9186,1.0681,1.1627
aw-cql-weight1-seed1,cql,11000,5,11000,2a8c8dbb1b1ec932,-270.754425049,40938,30344,27.1801,3.8205,23.3596,55.9287,0.41767,0.9725,1.2416,1.2767
aw-cql-weight1-seed1,cql,11000,6,11000,2a8c8dbb1b1ec932,-270.754425049,51996,11915,27.6534,12.902,14.7514,55.9287,0.26375,0.9775,1.3329,1.3636
aw-cql-weight1-seed1,cql,11000,7,11000,2a8c8dbb1b1ec932,-270.754425049,64933,19513,26.5157,16.5764,9.9394,55.9287,0.17771,0.9443,1.285,1.3607
aw-cql-weight1-seed1,cql,11000,11,11000,2a8c8dbb1b1ec932,-270.754425049,76763,39227,21.5612,10.2139,11.3474,55.9287,0.20289,0.9977,1.175,1.1777
aw-cql-weight1-seed1,cql,11000,12,11000,2a8c8dbb1b1ec932,-270.754425049,33583,82841,21.9588,11.8065,10.1522,55.9287,0.18152,0.9716,1.1113,1.1438
aw-cql-weight1-seed1,cql,11000,13,11000,2a8c8dbb1b1ec932,-270.754425049,29838,52509,24.2415,4.3524,19.8891,55.9287,0.35561,0.949,1.1497,1.2115
aw-cql-weight1-seed1,cql,11000,14,11000,2a8c8dbb1b1ec932,-270.754425049,36307,14110,26.7122,7.3866,19.3256,55.9287,0.34554,0.9986,1.4017,1.4037
aw-cql-weight1-seed1,cql,12000,0,12000,854817347eaf0b9c,-280.873138428,237311,68413,44.9495,28.4372,16.5123,54.8274,0.30117,0.877,1.4988,1.709
aw-cql-weight1-seed1,cql,12000,2,12000,854817347eaf0b9c,-280.873138428,168808,33814,31.2958,16.1333,15.1625,54.8274,0.27655,0.9182,1.2197,1.3283
aw-cql-weight1-seed1,cql,12000,4,12000,854817347eaf0b9c,-280.873138428,35214,133999,26.1889,8.0358,18.1531,54.8274,0.3311,0.9161,1.0664,1.1641
aw-cql-weight1-seed1,cql,12000,5,12000,854817347eaf0b9c,-280.873138428,40938,30344,26.5045,3.4335,23.071,54.8274,0.42079,0.9823,1.2402,1.2625
aw-cql-weight1-seed1,cql,12000,6,12000,854817347eaf0b9c,-280.873138428,51996,11915,26.6663,11.3217,15.3447,54.8274,0.27987,0.9817,1.3379,1.3629
aw-cql-weight1-seed1,cql,12000,7,12000,854817347eaf0b9c,-280.873138428,64933,19513,25.3134,15.0469,10.2665,54.8274,0.18725,0.9467,1.2798,1.3519
aw-cql-weight1-seed1,cql,12000,11,12000,854817347eaf0b9c,-280.873138428,76763,39227,21.6274,10.4316,11.1958,54.8274,0.2042,0.9934,1.176,1.1838
aw-cql-weight1-seed1,cql,12000,12,12000,854817347eaf0b9c,-280.873138428,33583,82841,21.7043,11.4412,10.2631,54.8274,0.18719,0.9768,1.1173,1.1439
aw-cql-weight1-seed1,cql,12000,13,12000,854817347eaf0b9c,-280.873138428,29838,52509,23.3303,4.1179,19.2124,54.8274,0.35042,0.9535,1.1542,1.2105
aw-cql-weight1-seed1,cql,12000,14,12000,854817347eaf0b9c,-280.873138428,36307,14110,26.2712,8.1182,18.153,54.8274,0.33109,1.0006,1.4206,1.4197
aw-cql-weight1-seed1,cql,13000,0,13000,6b4e2b3e7f0e738d,-292.651611328,237311,68413,44.708,28.4666,16.2414,55.0299,0.29514,0.8676,1.5149,1.7462
aw-cql-weight1-seed1,cql,13000,2,13000,6b4e2b3e7f0e738d,-292.651611328,168808,33814,30.2815,15.4773,14.8042,55.0299,0.26902,0.9101,1.2108,1.3304
aw-cql-weight1-seed1,cql,13000,4,13000,6b4e2b3e7f0e738d,-292.651611328,35214,133999,25.5724,7.4712,18.1012,55.0299,0.32893,0.9363,1.0768,1.15
aw-cql-weight1-seed1,cql,13000,5,13000,6b4e2b3e7f0e738d,-292.651611328,40938,30344,26.1425,3.2259,22.9167,55.0299,0.41644,0.9956,1.2404,1.2458
aw-cql-weight1-seed1,cql,13000,6,13000,6b4e2b3e7f0e738d,-292.651611328,51996,11915,26.6959,11.7568,14.9391,55.0299,0.27147,0.9883,1.3396,1.3554
aw-cql-weight1-seed1,cql,13000,7,13000,6b4e2b3e7f0e738d,-292.651611328,64933,19513,24.8935,14.7636,10.1299,55.0299,0.18408,0.9425,1.2669,1.3441
aw-cql-weight1-seed1,cql,13000,11,13000,6b4e2b3e7f0e738d,-292.651611328,76763,39227,21.0011,9.9091,11.092,55.0299,0.20156,0.9961,1.1684,1.173
aw-cql-weight1-seed1,cql,13000,12,13000,6b4e2b3e7f0e738d,-292.651611328,33583,82841,21.4125,11.2381,10.1744,55.0299,0.18489,0.9778,1.1046,1.1296
aw-cql-weight1-seed1,cql,13000,13,13000,6b4e2b3e7f0e738d,-292.651611328,29838,52509,23.9454,3.8995,20.0459,55.0299,0.36427,0.9591,1.1383,1.1869
aw-cql-weight1-seed1,cql,13000,14,13000,6b4e2b3e7f0e738d,-292.651611328,36307,14110,26.6249,6.8736,19.7513,55.0299,0.35892,1.0132,1.3977,1.3795
aw-cql-weight1-seed1,cql,14000,0,14000,9fbbffe047b869a1,-294.442108154,237311,68413,44.7629,28.0578,16.7051,54.4386,0.30686,0.8648,1.4942,1.7278
aw-cql-weight1-seed1,cql,14000,2,14000,9fbbffe047b869a1,-294.442108154,168808,33814,30.3325,16.3494,13.9831,54.4386,0.25686,0.9076,1.2101,1.3332
aw-cql-weight1-seed1,cql,14000,4,14000,9fbbffe047b869a1,-294.442108154,35214,133999,25.0499,7.4324,17.6175,54.4386,0.32362,0.9177,1.0627,1.1581
aw-cql-weight1-seed1,cql,14000,5,14000,9fbbffe047b869a1,-294.442108154,40938,30344,25.9554,3.5467,22.4087,54.4386,0.41163,0.974,1.2285,1.2612
aw-cql-weight1-seed1,cql,14000,6,14000,9fbbffe047b869a1,-294.442108154,51996,11915,26.2549,11.3597,14.8952,54.4386,0.27361,0.9798,1.3284,1.3558
aw-cql-weight1-seed1,cql,14000,7,14000,9fbbffe047b869a1,-294.442108154,64933,19513,25.2417,14.8255,10.4162,54.4386,0.19134,0.9508,1.2733,1.3392
aw-cql-weight1-seed1,cql,14000,11,14000,9fbbffe047b869a1,-294.442108154,76763,39227,21.0826,9.517,11.5656,54.4386,0.21245,1.001,1.1723,1.1711
aw-cql-weight1-seed1,cql,14000,12,14000,9fbbffe047b869a1,-294.442108154,33583,82841,21.3972,11.5171,9.8801,54.4386,0.18149,0.9699,1.1128,1.1473
aw-cql-weight1-seed1,cql,14000,13,14000,9fbbffe047b869a1,-294.442108154,29838,52509,22.9377,4.036,18.9017,54.4386,0.34721,0.9492,1.1454,1.2066
aw-cql-weight1-seed1,cql,14000,14,14000,9fbbffe047b869a1,-294.442108154,36307,14110,26.1438,6.8785,19.2653,54.4386,0.35389,0.9996,1.3855,1.3861
aw-cql-weight1-seed1,cql,15000,0,15000,7437c9c398b617c2,-307.203735352,237311,68413,43.0298,27.9099,15.1199,52.0552,0.29046,0.8697,1.5327,1.7623
aw-cql-weight1-seed1,cql,15000,2,15000,7437c9c398b617c2,-307.203735352,168808,33814,30.0853,15.9628,14.1225,52.0552,0.2713,0.9125,1.2287,1.3465
aw-cql-weight1-seed1,cql,15000,4,15000,7437c9c398b617c2,-307.203735352,35214,133999,23.9019,6.773,17.1289,52.0552,0.32905,0.915,1.0628,1.1616
aw-cql-weight1-seed1,cql,15000,5,15000,7437c9c398b617c2,-307.203735352,40938,30344,24.8981,2.9656,21.9325,52.0552,0.42133,0.9697,1.2158,1.2538
aw-cql-weight1-seed1,cql,15000,6,15000,7437c9c398b617c2,-307.203735352,51996,11915,26.7115,11.2171,15.4945,52.0552,0.29766,0.9863,1.3216,1.34
aw-cql-weight1-seed1,cql,15000,7,15000,7437c9c398b617c2,-307.203735352,64933,19513,25.3125,15.1334,10.1791,52.0552,0.19554,0.9398,1.2809,1.3629
aw-cql-weight1-seed1,cql,15000,11,15000,7437c9c398b617c2,-307.203735352,76763,39227,20.2824,9.4919,10.7906,52.0552,0.20729,0.9946,1.1728,1.1792
aw-cql-weight1-seed1,cql,15000,12,15000,7437c9c398b617c2,-307.203735352,33583,82841,19.3834,9.7832,9.6003,52.0552,0.18442,0.9692,1.1131,1.1484
aw-cql-weight1-seed1,cql,15000,13,15000,7437c9c398b617c2,-307.203735352,29838,52509,21.5259,3.0192,18.5067,52.0552,0.35552,0.941,1.1322,1.2032
aw-cql-weight1-seed1,cql,15000,14,15000,7437c9c398b617c2,-307.203735352,36307,14110,25.509,5.8235,19.6855,52.0552,0.37817,0.9921,1.3599,1.3707
aw-cql-weight1-seed1,cql,16000,0,16000,7d9e2bc900815263,-313.920013428,237311,68413,43.3357,27.7712,15.5645,52.6599,0.29557,0.8669,1.5167,1.7496
aw-cql-weight1-seed1,cql,16000,2,16000,7d9e2bc900815263,-313.920013428,168808,33814,29.3013,15.4605,13.8408,52.6599,0.26283,0.9109,1.2206,1.3399
aw-cql-weight1-seed1,cql,16000,4,16000,7d9e2bc900815263,-313.920013428,35214,133999,23.6808,6.7264,16.9544,52.6599,0.32196,0.9199,1.0629,1.1555
aw-cql-weight1-seed1,cql,16000,5,16000,7d9e2bc900815263,-313.920013428,40938,30344,24.716,3.0808,21.6352,52.6599,0.41085,0.9725,1.231,1.2657
aw-cql-weight1-seed1,cql,16000,6,16000,7d9e2bc900815263,-313.920013428,51996,11915,26.0188,11.185,14.8338,52.6599,0.28169,0.9815,1.3303,1.3554
aw-cql-weight1-seed1,cql,16000,7,16000,7d9e2bc900815263,-313.920013428,64933,19513,25.0628,14.9962,10.0666,52.6599,0.19116,0.9383,1.2741,1.3579
aw-cql-weight1-seed1,cql,16000,11,16000,7d9e2bc900815263,-313.920013428,76763,39227,20.078,9.3537,10.7243,52.6599,0.20365,0.9883,1.1703,1.1841
aw-cql-weight1-seed1,cql,16000,12,16000,7d9e2bc900815263,-313.920013428,33583,82841,19.6821,9.9773,9.7048,52.6599,0.18429,0.9691,1.1168,1.1524
aw-cql-weight1-seed1,cql,16000,13,16000,7d9e2bc900815263,-313.920013428,29838,52509,22.4341,3.5761,18.858,52.6599,0.35811,0.9423,1.1435,1.2136
aw-cql-weight1-seed1,cql,16000,14,16000,7d9e2bc900815263,-313.920013428,36307,14110,26.4182,6.5963,19.8219,52.6599,0.37641,0.9935,1.385,1.3941
aw-cql-weight1-seed1,cql,17000,0,17000,f611828773de1a31,-330.46484375,237311,68413,42.8057,27.9801,14.8256,52.4174,0.28284,0.865,1.5133,1.7494
aw-cql-weight1-seed1,cql,17000,2,17000,f611828773de1a31,-330.46484375,168808,33814,29.8761,15.7839,14.0921,52.4174,0.26884,0.9105,1.2242,1.3445
aw-cql-weight1-seed1,cql,17000,4,17000,f611828773de1a31,-330.46484375,35214,133999,23.5095,6.4309,17.0786,52.4174,0.32582,0.9147,1.0679,1.1675
aw-cql-weight1-seed1,cql,17000,5,17000,f611828773de1a31,-330.46484375,40938,30344,23.5911,2.6466,20.9444,52.4174,0.39957,0.9649,1.2164,1.2606
aw-cql-weight1-seed1,cql,17000,6,17000,f611828773de1a31,-330.46484375,51996,11915,25.4444,10.4522,14.9921,52.4174,0.28601,0.9757,1.3264,1.3594
aw-cql-weight1-seed1,cql,17000,7,17000,f611828773de1a31,-330.46484375,64933,19513,24.3093,14.9466,9.3627,52.4174,0.17862,0.9367,1.2708,1.3568
aw-cql-weight1-seed1,cql,17000,11,17000,f611828773de1a31,-330.46484375,76763,39227,20.1532,9.5828,10.5705,52.4174,0.20166,0.9845,1.159,1.1772
aw-cql-weight1-seed1,cql,17000,12,17000,f611828773de1a31,-330.46484375,33583,82841,19.677,10.4033,9.2738,52.4174,0.17692,0.9657,1.109,1.1484
aw-cql-weight1-seed1,cql,17000,13,17000,f611828773de1a31,-330.46484375,29838,52509,22.0494,3.6501,18.3993,52.4174,0.35101,0.9359,1.1344,1.2121
aw-cql-weight1-seed1,cql,17000,14,17000,f611828773de1a31,-330.46484375,36307,14110,25.2307,6.6427,18.588,52.4174,0.35462,0.9824,1.3717,1.3963
aw-cql-weight1-seed1,cql,18000,0,18000,142bcdce01e3bd3a,-340.391479492,237311,68413,42.4006,27.1609,15.2398,52.2827,0.29149,0.8652,1.503,1.7371
aw-cql-weight1-seed1,cql,18000,2,18000,142bcdce01e3bd3a,-340.391479492,168808,33814,29.2352,15.954,13.2812,52.2827,0.25403,0.913,1.228,1.345
aw-cql-weight1-seed1,cql,18000,4,18000,142bcdce01e3bd3a,-340.391479492,35214,133999,24.4852,7.2986,17.1866,52.2827,0.32872,0.9219,1.0671,1.1574
aw-cql-weight1-seed1,cql,18000,5,18000,142bcdce01e3bd3a,-340.391479492,40938,30344,25.1106,3.3668,21.7438,52.2827,0.41589,0.9748,1.2299,1.2617
aw-cql-weight1-seed1,cql,18000,6,18000,142bcdce01e3bd3a,-340.391479492,51996,11915,25.8824,11.3726,14.5098,52.2827,0.27753,0.9765,1.3188,1.3505
aw-cql-weight1-seed1,cql,18000,7,18000,142bcdce01e3bd3a,-340.391479492,64933,19513,24.4203,14.8195,9.6009,52.2827,0.18363,0.9378,1.2906,1.3762
aw-cql-weight1-seed1,cql,18000,11,18000,142bcdce01e3bd3a,-340.391479492,76763,39227,19.9225,9.3337,10.5888,52.2827,0.20253,0.9868,1.1551,1.1705
aw-cql-weight1-seed1,cql,18000,12,18000,142bcdce01e3bd3a,-340.391479492,33583,82841,19.4154,10.0896,9.3258,52.2827,0.17837,0.9674,1.1031,1.1402
aw-cql-weight1-seed1,cql,18000,13,18000,142bcdce01e3bd3a,-340.391479492,29838,52509,22.8486,4.0206,18.828,52.2827,0.36012,0.9426,1.1307,1.1995
aw-cql-weight1-seed1,cql,18000,14,18000,142bcdce01e3bd3a,-340.391479492,36307,14110,25.7849,6.8004,18.9846,52.2827,0.36311,0.9929,1.3801,1.39
aw-cql-weight1-seed1,cql,19000,0,19000,9464710d5bd69783,-354.12701416,237311,68413,42.0194,27.3558,14.6636,51.5262,0.28458,0.8643,1.5025,1.7384
aw-cql-weight1-seed1,cql,19000,2,19000,9464710d5bd69783,-354.12701416,168808,33814,28.9496,15.8505,13.0991,51.5262,0.25422,0.91,1.2182,1.3386
aw-cql-weight1-seed1,cql,19000,4,19000,9464710d5bd69783,-354.12701416,35214,133999,24.1219,6.8902,17.2318,51.5262,0.33443,0.9261,1.0553,1.1394
aw-cql-weight1-seed1,cql,19000,5,19000,9464710d5bd69783,-354.12701416,40938,30344,25.1618,3.1658,21.996,51.5262,0.42689,0.9821,1.2196,1.2418
aw-cql-weight1-seed1,cql,19000,6,19000,9464710d5bd69783,-354.12701416,51996,11915,25.5636,10.5348,15.0288,51.5262,0.29167,0.9815,1.3215,1.3463
aw-cql-weight1-seed1,cql,19000,7,19000,9464710d5bd69783,-354.12701416,64933,19513,23.9817,14.1052,9.8765,51.5262,0.19168,0.9401,1.2763,1.3576
aw-cql-weight1-seed1,cql,19000,11,19000,9464710d5bd69783,-354.12701416,76763,39227,19.5263,9.0025,10.5237,51.5262,0.20424,0.9901,1.1656,1.1772
aw-cql-weight1-seed1,cql,19000,12,19000,9464710d5bd69783,-354.12701416,33583,82841,19.5349,10.509,9.0259,51.5262,0.17517,0.9632,1.1005,1.1426
aw-cql-weight1-seed1,cql,19000,13,19000,9464710d5bd69783,-354.12701416,29838,52509,22.3217,3.8999,18.4218,51.5262,0.35752,0.9504,1.1301,1.189
aw-cql-weight1-seed1,cql,19000,14,19000,9464710d5bd69783,-354.12701416,36307,14110,26.1597,7.0928,19.0668,51.5262,0.37004,1.0017,1.3782,1.3759
aw-cql-weight1-seed1,cql,20000,0,20000,563015881f28445e,-354.324584961,237311,68413,41.5555,26.58,14.9754,50.3785,0.29726,0.8629,1.5021,1.7408
aw-cql-weight1-seed1,cql,20000,2,20000,563015881f28445e,-354.324584961,168808,33814,29.4596,15.8123,13.6473,50.3785,0.27089,0.9092,1.2096,1.3304
aw-cql-weight1-seed1,cql,20000,4,20000,563015881f28445e,-354.324584961,35214,133999,23.1756,6.5585,16.6171,50.3785,0.32984,0.9178,1.0574,1.1521
aw-cql-weight1-seed1,cql,20000,5,20000,563015881f28445e,-354.324584961,40938,30344,24.7468,3.4101,21.3367,50.3785,0.42353,0.9729,1.222,1.2561
aw-cql-weight1-seed1,cql,20000,6,20000,563015881f28445e,-354.324584961,51996,11915,25.7313,11.7804,13.9509,50.3785,0.27692,0.9773,1.3231,1.3539
aw-cql-weight1-seed1,cql,20000,7,20000,563015881f28445e,-354.324584961,64933,19513,24.6631,15.1163,9.5468,50.3785,0.1895,0.9365,1.2853,1.3725
aw-cql-weight1-seed1,cql,20000,11,20000,563015881f28445e,-354.324584961,76763,39227,19.9744,9.4511,10.5233,50.3785,0.20889,0.994,1.1638,1.1709
aw-cql-weight1-seed1,cql,20000,12,20000,563015881f28445e,-354.324584961,33583,82841,19.3762,10.0634,9.3128,50.3785,0.18486,0.9685,1.0982,1.1339
aw-cql-weight1-seed1,cql,20000,13,20000,563015881f28445e,-354.324584961,29838,52509,21.6071,3.8612,17.7459,50.3785,0.35225,0.9455,1.1254,1.1902
aw-cql-weight1-seed1,cql,20000,14,20000,563015881f28445e,-354.324584961,36307,14110,25.2881,7.1593,18.1288,50.3785,0.35985,0.9937,1.3751,1.3838
aw-cql-weight1-seed1,cql,21000,0,21000,a85926a0428d1102,-367.950683594,237311,68413,41.6675,27.216,14.4515,50.2823,0.28741,0.8632,1.4999,1.7376
aw-cql-weight1-seed1,cql,21000,2,21000,a85926a0428d1102,-367.950683594,168808,33814,28.9956,15.5242,13.4714,50.2823,0.26792,0.9082,1.2043,1.326
aw-cql-weight1-seed1,cql,21000,4,21000,a85926a0428d1102,-367.950683594,35214,133999,23.2316,6.7738,16.4578,50.2823,0.32731,0.9122,1.0586,1.1605
aw-cql-weight1-seed1,cql,21000,5,21000,a85926a0428d1102,-367.950683594,40938,30344,24.6998,3.2738,21.426,50.2823,0.42611,0.9747,1.2126,1.2441
aw-cql-weight1-seed1,cql,21000,6,21000,a85926a0428d1102,-367.950683594,51996,11915,25.0791,10.2141,14.865,50.2823,0.29563,0.9755,1.3199,1.353
aw-cql-weight1-seed1,cql,21000,7,21000,a85926a0428d1102,-367.950683594,64933,19513,24.2055,14.3996,9.8059,50.2823,0.19502,0.9325,1.2768,1.3692
aw-cql-weight1-seed1,cql,21000,11,21000,a85926a0428d1102,-367.950683594,76763,39227,19.8436,9.4002,10.4434,50.2823,0.20769,0.9863,1.1606,1.1767
aw-cql-weight1-seed1,cql,21000,12,21000,a85926a0428d1102,-367.950683594,33583,82841,19.5418,10.2373,9.3045,50.2823,0.18504,0.9622,1.1124,1.156
aw-cql-weight1-seed1,cql,21000,13,21000,a85926a0428d1102,-367.950683594,29838,52509,22.4755,3.9663,18.5092,50.2823,0.36811,0.9462,1.1328,1.1971
aw-cql-weight1-seed1,cql,21000,14,21000,a85926a0428d1102,-367.950683594,36307,14110,25.8947,6.5662,19.3285,50.2823,0.3844,0.9987,1.3573,1.3592
aw-cql-weight1-seed1,cql,22000,0,22000,7a4edd415873cddf,-373.209991455,237311,68413,41.0877,26.509,14.5787,50.5224,0.28856,0.8642,1.5168,1.7551
aw-cql-weight1-seed1,cql,22000,2,22000,7a4edd415873cddf,-373.209991455,168808,33814,28.1122,14.2727,13.8395,50.5224,0.27393,0.9081,1.2059,1.3279
aw-cql-weight1-seed1,cql,22000,4,22000,7a4edd415873cddf,-373.209991455,35214,133999,23.1954,6.8798,16.3157,50.5224,0.32294,0.9135,1.0545,1.1543
aw-cql-weight1-seed1,cql,22000,5,22000,7a4edd415873cddf,-373.209991455,40938,30344,24.2437,3.0975,21.1461,50.5224,0.41855,0.9674,1.2115,1.2524
aw-cql-weight1-seed1,cql,22000,6,22000,7a4edd415873cddf,-373.209991455,51996,11915,24.7181,9.8346,14.8835,50.5224,0.29459,0.9776,1.3215,1.3517
aw-cql-weight1-seed1,cql,22000,7,22000,7a4edd415873cddf,-373.209991455,64933,19513,23.8867,14.1702,9.7165,50.5224,0.19232,0.9355,1.2687,1.3562
aw-cql-weight1-seed1,cql,22000,11,22000,7a4edd415873cddf,-373.209991455,76763,39227,19.4546,8.954,10.5007,50.5224,0.20784,0.987,1.1601,1.1754
aw-cql-weight1-seed1,cql,22000,12,22000,7a4edd415873cddf,-373.209991455,33583,82841,19.1119,9.7801,9.3319,50.5224,0.18471,0.9606,1.0941,1.1391
aw-cql-weight1-seed1,cql,22000,13,22000,7a4edd415873cddf,-373.209991455,29838,52509,20.9065,3.2396,17.6669,50.5224,0.34968,0.9393,1.1218,1.1943
aw-cql-weight1-seed1,cql,22000,14,22000,7a4edd415873cddf,-373.209991455,36307,14110,25.2508,6.6713,18.5795,50.5224,0.36775,0.9872,1.3757,1.3935
aw-cql-weight1-seed1,cql,23000,0,23000,49cd19cd18c6772a,-389.656036377,237311,68413,40.9747,27.2765,13.6982,49.5474,0.27647,0.86,1.5081,1.7535
aw-cql-weight1-seed1,cql,23000,2,23000,49cd19cd18c6772a,-389.656036377,168808,33814,28.0809,14.591,13.4899,49.5474,0.27226,0.9049,1.2051,1.3318
aw-cql-weight1-seed1,cql,23000,4,23000,49cd19cd18c6772a,-389.656036377,35214,133999,22.6097,6.5575,16.0522,49.5474,0.32398,0.9098,1.0499,1.154
aw-cql-weight1-seed1,cql,23000,5,23000,49cd19cd18c6772a,-389.656036377,40938,30344,23.1582,2.7109,20.4473,49.5474,0.41268,0.9589,1.2059,1.2575
aw-cql-weight1-seed1,cql,23000,6,23000,49cd19cd18c6772a,-389.656036377,51996,11915,25.098,9.877,15.221,49.5474,0.3072,0.9678,1.309,1.3526
aw-cql-weight1-seed1,cql,23000,7,23000,49cd19cd18c6772a,-389.656036377,64933,19513,24.1617,14.1164,10.0453,49.5474,0.20274,0.9344,1.2712,1.3604
aw-cql-weight1-seed1,cql,23000,11,23000,49cd19cd18c6772a,-389.656036377,76763,39227,19.044,8.7788,10.2652,49.5474,0.20718,0.9852,1.1557,1.173
aw-cql-weight1-seed1,cql,23000,12,23000,49cd19cd18c6772a,-389.656036377,33583,82841,18.9799,9.9709,9.009,49.5474,0.18183,0.9601,1.0978,1.1433
aw-cql-weight1-seed1,cql,23000,13,23000,49cd19cd18c6772a,-389.656036377,29838,52509,20.0052,3.2886,16.7166,49.5474,0.33739,0.931,1.1139,1.1963
aw-cql-weight1-seed1,cql,23000,14,23000,49cd19cd18c6772a,-389.656036377,36307,14110,24.7078,6.1391,18.5687,49.5474,0.37477,0.9817,1.3669,1.3923
aw-cql-weight1-seed1,cql,24000,0,24000,61ae31ec6bf0010c,-397.279571533,237311,68413,40.5766,25.6845,14.8921,49.7161,0.29954,0.8589,1.494,1.7393
aw-cql-weight1-seed1,cql,24000,2,24000,61ae31ec6bf0010c,-397.279571533,168808,33814,28.2101,14.4631,13.747,49.7161,0.27651,0.9071,1.1928,1.315
aw-cql-weight1-seed1,cql,24000,4,24000,61ae31ec6bf0010c,-397.279571533,35214,133999,22.0109,5.8837,16.1272,49.7161,0.32438,0.9152,1.052,1.1494
aw-cql-weight1-seed1,cql,24000,5,24000,61ae31ec6bf0010c,-397.279571533,40938,30344,23.0013,2.4198,20.5815,49.7161,0.41398,0.9627,1.2076,1.2543
aw-cql-weight1-seed1,cql,24000,6,24000,61ae31ec6bf0010c,-397.279571533,51996,11915,24.0995,9.5816,14.5178,49.7161,0.29201,0.9688,1.3015,1.3434
aw-cql-weight1-seed1,cql,24000,7,24000,61ae31ec6bf0010c,-397.279571533,64933,19513,23.1857,13.7609,9.4247,49.7161,0.18957,0.9311,1.258,1.3511
aw-cql-weight1-seed1,cql,24000,11,24000,61ae31ec6bf0010c,-397.279571533,76763,39227,19.2236,8.5826,10.6411,49.7161,0.21404,0.9842,1.1536,1.1721
aw-cql-weight1-seed1,cql,24000,12,24000,61ae31ec6bf0010c,-397.279571533,33583,82841,18.5357,9.6398,8.8959,49.7161,0.17893,0.9688,1.1002,1.1357
aw-cql-weight1-seed1,cql,24000,13,24000,61ae31ec6bf0010c,-397.279571533,29838,52509,20.1345,3.089,17.0455,49.7161,0.34286,0.9358,1.1216,1.1986
aw-cql-weight1-seed1,cql,24000,14,24000,61ae31ec6bf0010c,-397.279571533,36307,14110,24.675,5.8652,18.8098,49.7161,0.37834,0.98,1.3696,1.3976
aw-cql-weight1-seed1,cql,25000,0,25000,cd0f9b90144e9da0,-410.984100342,237311,68413,40.5293,25.6309,14.8983,49.698,0.29978,0.8629,1.5056,1.7448
aw-cql-weight1-seed1,cql,25000,2,25000,cd0f9b90144e9da0,-410.984100342,168808,33814,27.9563,14.1216,13.8348,49.698,0.27838,0.9089,1.1907,1.3101
aw-cql-weight1-seed1,cql,25000,4,25000,cd0f9b90144e9da0,-410.984100342,35214,133999,23.05,6.4104,16.6395,49.698,0.33481,0.909,1.0484,1.1534
aw-cql-weight1-seed1,cql,25000,5,25000,cd0f9b90144e9da0,-410.984100342,40938,30344,23.6589,2.7598,20.8991,49.698,0.42052,0.9604,1.2004,1.2499
aw-cql-weight1-seed1,cql,25000,6,25000,cd0f9b90144e9da0,-410.984100342,51996,11915,24.5402,9.4957,15.0445,49.698,0.30272,0.9759,1.3228,1.3554
aw-cql-weight1-seed1,cql,25000,7,25000,cd0f9b90144e9da0,-410.984100342,64933,19513,23.8933,13.8316,10.0616,49.698,0.20246,0.9354,1.2626,1.3497
aw-cql-weight1-seed1,cql,25000,11,25000,cd0f9b90144e9da0,-410.984100342,76763,39227,18.4149,8.4293,9.9856,49.698,0.20093,0.9863,1.1593,1.1754
aw-cql-weight1-seed1,cql,25000,12,25000,cd0f9b90144e9da0,-410.984100342,33583,82841,18.169,9.4467,8.7223,49.698,0.17551,0.9591,1.0917,1.1382
aw-cql-weight1-seed1,cql,25000,13,25000,cd0f9b90144e9da0,-410.984100342,29838,52509,20.6827,3.2443,17.4384,49.698,0.35089,0.9324,1.1145,1.1953
aw-cql-weight1-seed1,cql,25000,14,25000,cd0f9b90144e9da0,-410.984100342,36307,14110,24.2018,5.3812,18.8207,49.698,0.3787,0.9892,1.3502,1.365
aw-cql-weight1-seed1,cql,26000,0,26000,2961f3c6caa19267,-428.556365967,237311,68413,40.6123,26.1489,14.4634,49.4301,0.2926,0.862,1.5102,1.7521
aw-cql-weight1-seed1,cql,26000,2,26000,2961f3c6caa19267,-428.556365967,168808,33814,27.8261,14.374,13.4521,49.4301,0.27214,0.9087,1.2025,1.3232
aw-cql-weight1-seed1,cql,26000,4,26000,2961f3c6caa19267,-428.556365967,35214,133999,21.6957,6.4214,15.2743,49.4301,0.30901,0.9016,1.0417,1.1555
aw-cql-weight1-seed1,cql,26000,5,26000,2961f3c6caa19267,-428.556365967,40938,30344,22.4774,2.9605,19.5169,49.4301,0.39484,0.9559,1.209,1.2648
aw-cql-weight1-seed1,cql,26000,6,26000,2961f3c6caa19267,-428.556365967,51996,11915,24.8582,9.9311,14.9271,49.4301,0.30198,0.9752,1.3194,1.353
aw-cql-weight1-seed1,cql,26000,7,26000,2961f3c6caa19267,-428.556365967,64933,19513,23.186,13.5644,9.6216,49.4301,0.19465,0.9342,1.2657,1.3548
aw-cql-weight1-seed1,cql,26000,11,26000,2961f3c6caa19267,-428.556365967,76763,39227,18.6134,8.2619,10.3514,49.4301,0.20942,0.9791,1.154,1.1787
aw-cql-weight1-seed1,cql,26000,12,26000,2961f3c6caa19267,-428.556365967,33583,82841,18.7767,9.8813,8.8954,49.4301,0.17996,0.9597,1.0979,1.1441
aw-cql-weight1-seed1,cql,26000,13,26000,2961f3c6caa19267,-428.556365967,29838,52509,20.1038,3.3999,16.7039,49.4301,0.33793,0.9274,1.1174,1.2049
aw-cql-weight1-seed1,cql,26000,14,26000,2961f3c6caa19267,-428.556365967,36307,14110,23.9038,5.5488,18.355,49.4301,0.37133,0.9768,1.3584,1.3907
aw-cql-weight1-seed1,cql,27000,0,27000,f4e6aa682378314a,-435.921081543,237311,68413,40.3503,25.5616,14.7887,48.992,0.30186,0.8585,1.4811,1.7252
aw-cql-weight1-seed1,cql,27000,2,27000,f4e6aa682378314a,-435.921081543,168808,33814,27.2019,14.3546,12.8473,48.992,0.26223,0.9081,1.2116,1.3342
aw-cql-weight1-seed1,cql,27000,4,27000,f4e6aa682378314a,-435.921081543,35214,133999,21.7437,6.0295,15.7141,48.992,0.32075,0.9114,1.0491,1.1512
aw-cql-weight1-seed1,cql,27000,5,27000,f4e6aa682378314a,-435.921081543,40938,30344,23.568,2.9713,20.5967,48.992,0.42041,0.9607,1.217,1.2668
aw-cql-weight1-seed1,cql,27000,6,27000,f4e6aa682378314a,-435.921081543,51996,11915,24.8903,10.5366,14.3538,48.992,0.29298,0.9719,1.3316,1.3701
aw-cql-weight1-seed1,cql,27000,7,27000,f4e6aa682378314a,-435.921081543,64933,19513,23.5043,14.0245,9.4798,48.992,0.1935,0.9343,1.2721,1.3615
aw-cql-weight1-seed1,cql,27000,11,27000,f4e6aa682378314a,-435.921081543,76763,39227,18.5411,8.4927,10.0484,48.992,0.2051,0.9813,1.1509,1.1728
aw-cql-weight1-seed1,cql,27000,12,27000,f4e6aa682378314a,-435.921081543,33583,82841,17.9866,9.0863,8.9004,48.992,0.18167,0.9651,1.0977,1.1374
aw-cql-weight1-seed1,cql,27000,13,27000,f4e6aa682378314a,-435.921081543,29838,52509,20.6092,3.4912,17.118,48.992,0.3494,0.9391,1.1236,1.1965
aw-cql-weight1-seed1,cql,27000,14,27000,f4e6aa682378314a,-435.921081543,36307,14110,25.0353,6.4589,18.5764,48.992,0.37917,0.9812,1.375,1.4014
aw-cql-weight1-seed1,cql,28000,0,28000,c887455fcfa30de1,-459.776397705,237311,68413,40.0588,25.5517,14.507,48.7066,0.29785,0.8584,1.4823,1.7269
aw-cql-weight1-seed1,cql,28000,2,28000,c887455fcfa30de1,-459.776397705,168808,33814,27.129,13.7631,13.3659,48.7066,0.27442,0.9042,1.1918,1.3181
aw-cql-weight1-seed1,cql,28000,4,28000,c887455fcfa30de1,-459.776397705,35214,133999,21.4046,5.9337,15.4708,48.7066,0.31763,0.9007,1.0467,1.1621
aw-cql-weight1-seed1,cql,28000,5,28000,c887455fcfa30de1,-459.776397705,40938,30344,23.1053,2.8006,20.3047,48.7066,0.41688,0.9542,1.2035,1.2613
aw-cql-weight1-seed1,cql,28000,6,28000,c887455fcfa30de1,-459.776397705,51996,11915,24.2475,9.8415,14.406,48.7066,0.29577,0.9681,1.3045,1.3474
aw-cql-weight1-seed1,cql,28000,7,28000,c887455fcfa30de1,-459.776397705,64933,19513,23.0943,13.1632,9.9311,48.7066,0.2039,0.9292,1.2543,1.3499
aw-cql-weight1-seed1,cql,28000,11,28000,c887455fcfa30de1,-459.776397705,76763,39227,17.613,7.9738,9.6392,48.7066,0.1979,0.9778,1.1452,1.1712
aw-cql-weight1-seed1,cql,28000,12,28000,c887455fcfa30de1,-459.776397705,33583,82841,17.549,8.7896,8.7594,48.7066,0.17984,0.9525,1.0883,1.1426
aw-cql-weight1-seed1,cql,28000,13,28000,c887455fcfa30de1,-459.776397705,29838,52509,20.4001,3.4587,16.9414,48.7066,0.34783,0.9293,1.1149,1.1998
aw-cql-weight1-seed1,cql,28000,14,28000,c887455fcfa30de1,-459.776397705,36307,14110,24.3073,6.2803,18.027,48.7066,0.37011,0.9813,1.364,1.3899
aw-cql-weight1-seed1,cql,29000,0,29000,5cc1660fc78743aa,-478.092224121,237311,68413,40.1813,25.7089,14.4723,48.657,0.29744,0.8637,1.4966,1.7328
aw-cql-weight1-seed1,cql,29000,2,29000,5cc1660fc78743aa,-478.092224121,168808,33814,27.0595,14.1112,12.9483,48.657,0.26611,0.9059,1.1973,1.3217
aw-cql-weight1-seed1,cql,29000,4,29000,5cc1660fc78743aa,-478.092224121,35214,133999,21.3732,5.8068,15.5664,48.657,0.31992,0.91,1.0494,1.1532
aw-cql-weight1-seed1,cql,29000,5,29000,5cc1660fc78743aa,-478.092224121,40938,30344,22.6379,2.6588,19.9791,48.657,0.41061,0.959,1.2031,1.2545
aw-cql-weight1-seed1,cql,29000,6,29000,5cc1660fc78743aa,-478.092224121,51996,11915,24.1486,9.3488,14.7998,48.657,0.30417,0.9729,1.312,1.3486
aw-cql-weight1-seed1,cql,29000,7,29000,5cc1660fc78743aa,-478.092224121,64933,19513,22.8253,13.2341,9.5911,48.657,0.19712,0.9342,1.2711,1.3607
aw-cql-weight1-seed1,cql,29000,11,29000,5cc1660fc78743aa,-478.092224121,76763,39227,17.933,8.0979,9.8351,48.657,0.20213,0.9785,1.1448,1.1699
aw-cql-weight1-seed1,cql,29000,12,29000,5cc1660fc78743aa,-478.092224121,33583,82841,17.9919,9.3658,8.6261,48.657,0.17728,0.9571,1.091,1.1399
aw-cql-weight1-seed1,cql,29000,13,29000,5cc1660fc78743aa,-478.092224121,29838,52509,20.284,3.2919,16.992,48.657,0.34922,0.9299,1.1163,1.2005
aw-cql-weight1-seed1,cql,29000,14,29000,5cc1660fc78743aa,-478.092224121,36307,14110,24.2841,5.5992,18.6849,48.657,0.38401,0.9807,1.3584,1.3851
aw-cql-weight1-seed1,cql,30000,0,30000,a87651c3e838f7d3,-505.002990723,237311,68413,39.822,25.1212,14.7007,48.2226,0.30485,0.8611,1.4842,1.7236
aw-cql-weight1-seed1,cql,30000,2,30000,a87651c3e838f7d3,-505.002990723,168808,33814,26.5815,13.4057,13.1757,48.2226,0.27323,0.9058,1.1883,1.3119
aw-cql-weight1-seed1,cql,30000,4,30000,a87651c3e838f7d3,-505.002990723,35214,133999,20.0827,5.8259,14.2568,48.2226,0.29565,0.9021,1.0388,1.1515
aw-cql-weight1-seed1,cql,30000,5,30000,a87651c3e838f7d3,-505.002990723,40938,30344,21.6434,2.4869,19.1565,48.2226,0.39725,0.9526,1.1916,1.2509
aw-cql-weight1-seed1,cql,30000,6,30000,a87651c3e838f7d3,-505.002990723,51996,11915,23.9538,9.7927,14.1611,48.2226,0.29366,0.9669,1.3054,1.3501
aw-cql-weight1-seed1,cql,30000,7,30000,a87651c3e838f7d3,-505.002990723,64933,19513,22.5301,13.0079,9.5222,48.2226,0.19746,0.9291,1.256,1.3519
aw-cql-weight1-seed1,cql,30000,11,30000,a87651c3e838f7d3,-505.002990723,76763,39227,18.2438,8.1347,10.1091,48.2226,0.20963,0.9835,1.1507,1.1701
aw-cql-weight1-seed1,cql,30000,12,30000,a87651c3e838f7d3,-505.002990723,33583,82841,17.6059,9.4258,8.1801,48.2226,0.16963,0.9566,1.0898,1.1393
aw-cql-weight1-seed1,cql,30000,13,30000,a87651c3e838f7d3,-505.002990723,29838,52509,19.1437,3.1968,15.9469,48.2226,0.33069,0.9239,1.1071,1.1983
aw-cql-weight1-seed1,cql,30000,14,30000,a87651c3e838f7d3,-505.002990723,36307,14110,23.5057,5.7976,17.7081,48.2226,0.36722,0.9802,1.3526,1.38
aw-cql-weight1-seed1,cql,31000,0,31000,05f0a044f50263cb,-512.912231445,237311,68413,39.979,25.3566,14.6224,49.0376,0.29819,0.8612,1.4982,1.7398
aw-cql-weight1-seed1,cql,31000,2,31000,05f0a044f50263cb,-512.912231445,168808,33814,26.7717,13.7158,13.0559,49.0376,0.26624,0.9064,1.1878,1.3104
aw-cql-weight1-seed1,cql,31000,4,31000,05f0a044f50263cb,-512.912231445,35214,133999,20.1844,5.4897,14.6947,49.0376,0.29966,0.9066,1.0406,1.1478
aw-cql-weight1-seed1,cql,31000,5,31000,05f0a044f50263cb,-512.912231445,40938,30344,22.2443,2.291,19.9532,49.0376,0.4069,0.955,1.2004,1.257
aw-cql-weight1-seed1,cql,31000,6,31000,05f0a044f50263cb,-512.912231445,51996,11915,24.0462,9.375,14.6712,49.0376,0.29918,0.9656,1.3079,1.3544
aw-cql-weight1-seed1,cql,31000,7,31000,05f0a044f50263cb,-512.912231445,64933,19513,22.5182,12.6914,9.8268,49.0376,0.20039,0.9325,1.2616,1.3529
aw-cql-weight1-seed1,cql,31000,11,31000,05f0a044f50263cb,-512.912231445,76763,39227,17.9467,8.0016,9.9451,49.0376,0.20281,0.9872,1.1561,1.1711
aw-cql-weight1-seed1,cql,31000,12,31000,05f0a044f50263cb,-512.912231445,33583,82841,17.6918,9.0647,8.6272,49.0376,0.17593,0.956,1.0884,1.1385
aw-cql-weight1-seed1,cql,31000,13,31000,05f0a044f50263cb,-512.912231445,29838,52509,19.5718,2.8533,16.7185,49.0376,0.34093,0.9283,1.1076,1.1931
aw-cql-weight1-seed1,cql,31000,14,31000,05f0a044f50263cb,-512.912231445,36307,14110,24.0626,5.0566,19.006,49.0376,0.38758,0.9794,1.3594,1.388
aw-cql-weight1-seed1,cql,32000,0,32000,ced575fbae21d3e1,-525.712036133,237311,68413,39.6997,24.7051,14.9946,48.6082,0.30848,0.8591,1.4805,1.7233
aw-cql-weight1-seed1,cql,32000,2,32000,ced575fbae21d3e1,-525.712036133,168808,33814,25.9497,13.081,12.8687,48.6082,0.26474,0.9062,1.1826,1.305
aw-cql-weight1-seed1,cql,32000,4,32000,ced575fbae21d3e1,-525.712036133,35214,133999,19.463,5.1386,14.3244,48.6082,0.29469,0.9029,1.037,1.1486
aw-cql-weight1-seed1,cql,32000,5,32000,ced575fbae21d3e1,-525.712036133,40938,30344,21.9213,1.9325,19.9888,48.6082,0.41122,0.9479,1.1882,1.2535
aw-cql-weight1-seed1,cql,32000,6,32000,ced575fbae21d3e1,-525.712036133,51996,11915,23.9969,9.0582,14.9387,48.6082,0.30733,0.9649,1.3014,1.3487
aw-cql-weight1-seed1,cql,32000,7,32000,ced575fbae21d3e1,-525.712036133,64933,19513,22.5647,12.9104,9.6543,48.6082,0.19861,0.9329,1.2509,1.3409
aw-cql-weight1-seed1,cql,32000,11,32000,ced575fbae21d3e1,-525.712036133,76763,39227,17.1194,7.2646,9.8547,48.6082,0.20274,0.981,1.1484,1.1706
aw-cql-weight1-seed1,cql,32000,12,32000,ced575fbae21d3e1,-525.712036133,33583,82841,16.0146,8.2412,7.7733,48.6082,0.15992,0.9601,1.0882,1.1334
aw-cql-weight1-seed1,cql,32000,13,32000,ced575fbae21d3e1,-525.712036133,29838,52509,18.1499,2.7767,15.3732,48.6082,0.31627,0.9237,1.1021,1.1931
aw-cql-weight1-seed1,cql,32000,14,32000,ced575fbae21d3e1,-525.712036133,36307,14110,23.3071,4.463,18.8441,48.6082,0.38767,0.9712,1.3344,1.3739
aw-cql-weight1-seed1,cql,33000,0,33000,9245ff55eb098106,-528.55847168,237311,68413,39.4769,25.6852,13.7917,48.5719,0.28394,0.86,1.4914,1.7342
aw-cql-weight1-seed1,cql,33000,2,33000,9245ff55eb098106,-528.55847168,168808,33814,25.7699,13.1292,12.6407,48.5719,0.26025,0.9052,1.186,1.3103
aw-cql-weight1-seed1,cql,33000,4,33000,9245ff55eb098106,-528.55847168,35214,133999,20.4205,5.7175,14.703,48.5719,0.3027,0.8988,1.0381,1.155
aw-cql-weight1-seed1,cql,33000,5,33000,9245ff55eb098106,-528.55847168,40938,30344,21.8501,2.4159,19.4343,48.5719,0.40011,0.9491,1.1946,1.2586
aw-cql-weight1-seed1,cql,33000,6,33000,9245ff55eb098106,-528.55847168,51996,11915,24.0954,9.2032,14.8922,48.5719,0.3066,0.9647,1.3065,1.3543
aw-cql-weight1-seed1,cql,33000,7,33000,9245ff55eb098106,-528.55847168,64933,19513,22.1589,12.5335,9.6253,48.5719,0.19817,0.9296,1.2535,1.3485
aw-cql-weight1-seed1,cql,33000,11,33000,9245ff55eb098106,-528.55847168,76763,39227,17.0125,7.2548,9.7578,48.5719,0.20089,0.9769,1.1483,1.1755
aw-cql-weight1-seed1,cql,33000,12,33000,9245ff55eb098106,-528.55847168,33583,82841,16.8413,8.2504,8.5909,48.5719,0.17687,0.9538,1.0845,1.137
aw-cql-weight1-seed1,cql,33000,13,33000,9245ff55eb098106,-528.55847168,29838,52509,19.4119,2.9389,16.473,48.5719,0.33915,0.9227,1.1023,1.1947
aw-cql-weight1-seed1,cql,33000,14,33000,9245ff55eb098106,-528.55847168,36307,14110,23.326,5.3028,18.0232,48.5719,0.37106,0.9704,1.3369,1.3777
aw-cql-weight1-seed1,cql,34000,0,34000,864e97fc9df5f838,-534.981323242,237311,68413,39.1124,24.9488,14.1636,47.2831,0.29955,0.8623,1.4893,1.7271
aw-cql-weight1-seed1,cql,34000,2,34000,864e97fc9df5f838,-534.981323242,168808,33814,26.0862,13.3632,12.723,47.2831,0.26908,0.9117,1.198,1.3139
aw-cql-weight1-seed1,cql,34000,4,34000,864e97fc9df5f838,-534.981323242,35214,133999,19.4795,5.0492,14.4304,47.2831,0.30519,0.9048,1.0383,1.1475
aw-cql-weight1-seed1,cql,34000,5,34000,864e97fc9df5f838,-534.981323242,40938,30344,21.581,2.4654,19.1156,47.2831,0.40428,0.9492,1.1987,1.2628
aw-cql-weight1-seed1,cql,34000,6,34000,864e97fc9df5f838,-534.981323242,51996,11915,23.7776,9.3318,14.4459,47.2831,0.30552,0.9634,1.3029,1.3523
aw-cql-weight1-seed1,cql,34000,7,34000,864e97fc9df5f838,-534.981323242,64933,19513,22.3132,12.7786,9.5346,47.2831,0.20165,0.9284,1.2541,1.3508
aw-cql-weight1-seed1,cql,34000,11,34000,864e97fc9df5f838,-534.981323242,76763,39227,17.1179,7.6831,9.4348,47.2831,0.19954,0.9749,1.1404,1.1698
aw-cql-weight1-seed1,cql,34000,12,34000,864e97fc9df5f838,-534.981323242,33583,82841,16.817,8.7081,8.109,47.2831,0.1715,0.9588,1.0889,1.1357
aw-cql-weight1-seed1,cql,34000,13,34000,864e97fc9df5f838,-534.981323242,29838,52509,18.6022,3.0595,15.5427,47.2831,0.32872,0.9253,1.1094,1.1989
aw-cql-weight1-seed1,cql,34000,14,34000,864e97fc9df5f838,-534.981323242,36307,14110,23.0778,5.0613,18.0166,47.2831,0.38104,0.9715,1.3517,1.3913
aw-cql-weight1-seed1,cql,35000,0,35000,32cbb1d9dd04d660,-555.531677246,237311,68413,39.3986,24.963,14.4355,48.2467,0.2992,0.8579,1.4853,1.7314
aw-cql-weight1-seed1,cql,35000,2,35000,32cbb1d9dd04d660,-555.531677246,168808,33814,26.34,12.8589,13.4812,48.2467,0.27942,0.9062,1.183,1.3055
aw-cql-weight1-seed1,cql,35000,4,35000,32cbb1d9dd04d660,-555.531677246,35214,133999,19.4733,5.134,14.3392,48.2467,0.29721,0.9117,1.0339,1.134
aw-cql-weight1-seed1,cql,35000,5,35000,32cbb1d9dd04d660,-555.531677246,40938,30344,20.6596,1.9074,18.7522,48.2467,0.38867,0.9638,1.196,1.2409
aw-cql-weight1-seed1,cql,35000,6,35000,32cbb1d9dd04d660,-555.531677246,51996,11915,23.1879,8.761,14.427,48.2467,0.29902,0.9693,1.3054,1.3468
aw-cql-weight1-seed1,cql,35000,7,35000,32cbb1d9dd04d660,-555.531677246,64933,19513,22.3444,12.8494,9.495,48.2467,0.1968,0.9303,1.2583,1.3526
aw-cql-weight1-seed1,cql,35000,11,35000,32cbb1d9dd04d660,-555.531677246,76763,39227,17.0698,7.3497,9.7201,48.2467,0.20147,0.9765,1.1425,1.17
aw-cql-weight1-seed1,cql,35000,12,35000,32cbb1d9dd04d660,-555.531677246,33583,82841,16.2014,8.2207,7.9807,48.2467,0.16541,0.957,1.082,1.1306
aw-cql-weight1-seed1,cql,35000,13,35000,32cbb1d9dd04d660,-555.531677246,29838,52509,17.5878,2.5667,15.0211,48.2467,0.31134,0.9358,1.1093,1.1854
aw-cql-weight1-seed1,cql,35000,14,35000,32cbb1d9dd04d660,-555.531677246,36307,14110,22.8896,4.4378,18.4519,48.2467,0.38245,0.9835,1.3528,1.3755
aw-cql-weight1-seed1,cql,36000,0,36000,9da8d03f394c12f2,-575.820373535,237311,68413,39.257,24.5487,14.7083,48.157,0.30542,0.8582,1.483,1.728
aw-cql-weight1-seed1,cql,36000,2,36000,9da8d03f394c12f2,-575.820373535,168808,33814,25.9782,12.6785,13.2996,48.157,0.27617,0.9045,1.1767,1.3009
aw-cql-weight1-seed1,cql,36000,4,36000,9da8d03f394c12f2,-575.820373535,35214,133999,19.0397,4.6768,14.3629,48.157,0.29825,0.9019,1.0364,1.1491
aw-cql-weight1-seed1,cql,36000,5,36000,9da8d03f394c12f2,-575.820373535,40938,30344,21.52,1.9804,19.5396,48.157,0.40575,0.9482,1.1987,1.2642
aw-cql-weight1-seed1,cql,36000,6,36000,9da8d03f394c12f2,-575.820373535,51996,11915,23.1433,8.5384,14.6049,48.157,0.30328,0.967,1.3056,1.3502
aw-cql-weight1-seed1,cql,36000,7,36000,9da8d03f394c12f2,-575.820373535,64933,19513,21.9713,12.4688,9.5026,48.157,0.19733,0.9304,1.2627,1.3573
aw-cql-weight1-seed1,cql,36000,11,36000,9da8d03f394c12f2,-575.820373535,76763,39227,16.747,7.2755,9.4715,48.157,0.19668,0.9755,1.1414,1.1701
aw-cql-weight1-seed1,cql,36000,12,36000,9da8d03f394c12f2,-575.820373535,33583,82841,16.8295,8.5721,8.2574,48.157,0.17147,0.9583,1.0894,1.1368
aw-cql-weight1-seed1,cql,36000,13,36000,9da8d03f394c12f2,-575.820373535,29838,52509,18.9255,2.7887,16.1368,48.157,0.33509,0.9216,1.108,1.2023
aw-cql-weight1-seed1,cql,36000,14,36000,9da8d03f394c12f2,-575.820373535,36307,14110,24.1167,5.3945,18.7222,48.157,0.38877,0.9701,1.3644,1.4064
aw-cql-weight1-seed1,cql,37000,0,37000,2ed1982b47323126,-592.176879883,237311,68413,38.6173,23.8356,14.7816,47.1885,0.31325,0.8598,1.4806,1.722
aw-cql-weight1-seed1,cql,37000,2,37000,2ed1982b47323126,-592.176879883,168808,33814,25.9693,12.9751,12.9943,47.1885,0.27537,0.908,1.1832,1.3032
aw-cql-weight1-seed1,cql,37000,4,37000,2ed1982b47323126,-592.176879883,35214,133999,18.9905,4.9128,14.0777,47.1885,0.29833,0.8978,1.0337,1.1514
aw-cql-weight1-seed1,cql,37000,5,37000,2ed1982b47323126,-592.176879883,40938,30344,20.7497,1.8635,18.8863,47.1885,0.40023,0.9497,1.1954,1.2587
aw-cql-weight1-seed1,cql,37000,6,37000,2ed1982b47323126,-592.176879883,51996,11915,23.3002,9.0636,14.2366,47.1885,0.3017,0.9639,1.3095,1.3586
aw-cql-weight1-seed1,cql,37000,7,37000,2ed1982b47323126,-592.176879883,64933,19513,22.1265,12.6161,9.5104,47.1885,0.20154,0.928,1.2531,1.3504
aw-cql-weight1-seed1,cql,37000,11,37000,2ed1982b47323126,-592.176879883,76763,39227,16.3225,6.9665,9.356,47.1885,0.19827,0.9774,1.1416,1.168
aw-cql-weight1-seed1,cql,37000,12,37000,2ed1982b47323126,-592.176879883,33583,82841,15.7411,7.9902,7.7509,47.1885,0.16425,0.9578,1.0838,1.1315
aw-cql-weight1-seed1,cql,37000,13,37000,2ed1982b47323126,-592.176879883,29838,52509,17.9724,2.6386,15.3338,47.1885,0.32495,0.9218,1.1077,1.2016
aw-cql-weight1-seed1,cql,37000,14,37000,2ed1982b47323126,-592.176879883,36307,14110,22.9148,4.8836,18.0312,47.1885,0.38211,0.9705,1.3491,1.3901
aw-cql-weight1-seed1,cql,38000,0,38000,de143263d8f006c0,-604.454772949,237311,68413,38.8967,24.2567,14.64,47.3395,0.30926,0.86,1.4812,1.7223
aw-cql-weight1-seed1,cql,38000,2,38000,de143263d8f006c0,-604.454772949,168808,33814,26.1423,12.9611,13.1812,47.3395,0.27844,0.906,1.1833,1.3061
aw-cql-weight1-seed1,cql,38000,4,38000,de143263d8f006c0,-604.454772949,35214,133999,19.6231,5.1005,14.5225,47.3395,0.30677,0.9,1.0393,1.1549
aw-cql-weight1-seed1,cql,38000,5,38000,de143263d8f006c0,-604.454772949,40938,30344,21.2566,2.0223,19.2343,47.3395,0.40631,0.9541,1.1929,1.2503
aw-cql-weight1-seed1,cql,38000,6,38000,de143263d8f006c0,-604.454772949,51996,11915,23.5548,9.1494,14.4054,47.3395,0.3043,0.9694,1.3133,1.3548
aw-cql-weight1-seed1,cql,38000,7,38000,de143263d8f006c0,-604.454772949,64933,19513,22.1109,12.9988,9.1122,47.3395,0.19249,0.9315,1.2625,1.3553
aw-cql-weight1-seed1,cql,38000,11,38000,de143263d8f006c0,-604.454772949,76763,39227,17.1166,7.4811,9.6355,47.3395,0.20354,0.9822,1.1468,1.1676
aw-cql-weight1-seed1,cql,38000,12,38000,de143263d8f006c0,-604.454772949,33583,82841,17.0234,8.7536,8.2697,47.3395,0.17469,0.958,1.0879,1.1356
aw-cql-weight1-seed1,cql,38000,13,38000,de143263d8f006c0,-604.454772949,29838,52509,18.3859,2.8412,15.5447,47.3395,0.32837,0.9269,1.1098,1.1974
aw-cql-weight1-seed1,cql,38000,14,38000,de143263d8f006c0,-604.454772949,36307,14110,23.314,5.0166,18.2974,47.3395,0.38651,0.981,1.3589,1.3852
aw-cql-weight1-seed1,cql,39000,0,39000,500e0d1b90488488,-626.617614746,237311,68413,38.9892,25.0059,13.9832,47.9419,0.29167,0.8583,1.4885,1.7342
aw-cql-weight1-seed1,cql,39000,2,39000,500e0d1b90488488,-626.617614746,168808,33814,25.706,13.2913,12.4147,47.9419,0.25895,0.908,1.1883,1.3087
aw-cql-weight1-seed1,cql,39000,4,39000,500e0d1b90488488,-626.617614746,35214,133999,18.2302,4.5611,13.6692,47.9419,0.28512,0.9098,1.0424,1.1458
aw-cql-weight1-seed1,cql,39000,5,39000,500e0d1b90488488,-626.617614746,40938,30344,20.5086,1.9028,18.6058,47.9419,0.38809,0.9577,1.1964,1.2492
aw-cql-weight1-seed1,cql,39000,6,39000,500e0d1b90488488,-626.617614746,51996,11915,22.6777,8.2835,14.3942,47.9419,0.30024,0.971,1.3066,1.3457
aw-cql-weight1-seed1,cql,39000,7,39000,500e0d1b90488488,-626.617614746,64933,19513,21.839,12.5583,9.2808,47.9419,0.19358,0.9255,1.2506,1.3512
aw-cql-weight1-seed1,cql,39000,11,39000,500e0d1b90488488,-626.617614746,76763,39227,16.3858,6.8966,9.4892,47.9419,0.19793,0.9772,1.1405,1.1672
aw-cql-weight1-seed1,cql,39000,12,39000,500e0d1b90488488,-626.617614746,33583,82841,15.2718,7.3442,7.9276,47.9419,0.16536,0.9554,1.0876,1.1383
aw-cql-weight1-seed1,cql,39000,13,39000,500e0d1b90488488,-626.617614746,29838,52509,18.2419,2.7147,15.5272,47.9419,0.32388,0.9265,1.1105,1.1986
aw-cql-weight1-seed1,cql,39000,14,39000,500e0d1b90488488,-626.617614746,36307,14110,22.8539,4.7536,18.1003,47.9419,0.37755,0.9805,1.3611,1.3881
aw-cql-weight1-seed1,cql,40000,0,40000,b12ef950e06028f5,-635.990356445,237311,68413,38.4865,24.623,13.8635,46.2379,0.29983,0.8596,1.499,1.7439
aw-cql-weight1-seed1,cql,40000,2,40000,b12ef950e06028f5,-635.990356445,168808,33814,25.3998,12.6044,12.7954,46.2379,0.27673,0.9056,1.1742,1.2967
aw-cql-weight1-seed1,cql,40000,4,40000,b12ef950e06028f5,-635.990356445,35214,133999,18.5287,4.6519,13.8768,46.2379,0.30012,0.9148,1.0443,1.1416
aw-cql-weight1-seed1,cql,40000,5,40000,b12ef950e06028f5,-635.990356445,40938,30344,20.6587,1.8331,18.8256,46.2379,0.40715,0.963,1.1949,1.2409
aw-cql-weight1-seed1,cql,40000,6,40000,b12ef950e06028f5,-635.990356445,51996,11915,23.0981,8.4406,14.6575,46.2379,0.317,0.9698,1.3077,1.3484
aw-cql-weight1-seed1,cql,40000,7,40000,b12ef950e06028f5,-635.990356445,64933,19513,22.272,12.5549,9.7171,46.2379,0.21015,0.9276,1.2406,1.3375
aw-cql-weight1-seed1,cql,40000,11,40000,b12ef950e06028f5,-635.990356445,76763,39227,16.6925,7.3409,9.3517,46.2379,0.20225,0.9755,1.1386,1.1671
aw-cql-weight1-seed1,cql,40000,12,40000,b12ef950e06028f5,-635.990356445,33583,82841,16.0817,8.1014,7.9803,46.2379,0.17259,0.959,1.0898,1.1364
aw-cql-weight1-seed1,cql,40000,13,40000,b12ef950e06028f5,-635.990356445,29838,52509,17.5376,2.483,15.0546,46.2379,0.32559,0.9314,1.1128,1.1947
aw-cql-weight1-seed1,cql,40000,14,40000,b12ef950e06028f5,-635.990356445,36307,14110,22.8004,4.5683,18.2321,46.2379,0.39431,0.9812,1.3582,1.3843
aw-cql-weight1-seed1,cql,41000,0,41000,ddd0965bb36863fb,-660.201843262,237311,68413,38.2994,23.6722,14.6272,46.8591,0.31215,0.8584,1.4761,1.7197
aw-cql-weight1-seed1,cql,41000,2,41000,ddd0965bb36863fb,-660.201843262,168808,33814,25.1242,12.5753,12.5489,46.8591,0.2678,0.9029,1.1721,1.2982
aw-cql-weight1-seed1,cql,41000,4,41000,ddd0965bb36863fb,-660.201843262,35214,133999,18.9702,4.9626,14.0076,46.8591,0.29893,0.895,1.0328,1.1539
aw-cql-weight1-seed1,cql,41000,5,41000,ddd0965bb36863fb,-660.201843262,40938,30344,20.1352,1.6815,18.4537,46.8591,0.39381,0.9432,1.1842,1.2555
aw-cql-weight1-seed1,cql,41000,6,41000,ddd0965bb36863fb,-660.201843262,51996,11915,22.5267,7.5822,14.9444,46.8591,0.31892,0.9607,1.2941,1.3471
aw-cql-weight1-seed1,cql,41000,7,41000,ddd0965bb36863fb,-660.201843262,64933,19513,21.0889,12.1059,8.983,46.8591,0.1917,0.9273,1.2422,1.3395
aw-cql-weight1-seed1,cql,41000,11,41000,ddd0965bb36863fb,-660.201843262,76763,39227,15.7093,6.6767,9.0325,46.8591,0.19276,0.9766,1.1409,1.1682
aw-cql-weight1-seed1,cql,41000,12,41000,ddd0965bb36863fb,-660.201843262,33583,82841,15.7869,7.9309,7.856,46.8591,0.16765,0.9553,1.0834,1.134
aw-cql-weight1-seed1,cql,41000,13,41000,ddd0965bb36863fb,-660.201843262,29838,52509,17.6411,2.6734,14.9677,46.8591,0.31942,0.9149,1.1022,1.2047
aw-cql-weight1-seed1,cql,41000,14,41000,ddd0965bb36863fb,-660.201843262,36307,14110,22.8797,4.3235,18.5561,46.8591,0.396,0.9664,1.3387,1.3852
aw-cql-weight1-seed1,cql,42000,0,42000,1c31bbd0435c723e,-686.829833984,237311,68413,38.3399,24.1194,14.2205,46.6327,0.30495,0.8591,1.5123,1.7604
aw-cql-weight1-seed1,cql,42000,2,42000,1c31bbd0435c723e,-686.829833984,168808,33814,25.4805,13.086,12.3945,46.6327,0.26579,0.9025,1.1745,1.3014
aw-cql-weight1-seed1,cql,42000,4,42000,1c31bbd0435c723e,-686.829833984,35214,133999,18.6897,4.6965,13.9932,46.6327,0.30007,0.8979,1.0338,1.1513
aw-cql-weight1-seed1,cql,42000,5,42000,1c31bbd0435c723e,-686.829833984,40938,30344,19.9876,1.7792,18.2084,46.6327,0.39046,0.9499,1.1923,1.2551
aw-cql-weight1-seed1,cql,42000,6,42000,1c31bbd0435c723e,-686.829833984,51996,11915,22.0164,7.8698,14.1467,46.6327,0.30336,0.9648,1.3081,1.3557
aw-cql-weight1-seed1,cql,42000,7,42000,1c31bbd0435c723e,-686.829833984,64933,19513,20.9519,11.7604,9.1916,46.6327,0.19711,0.9259,1.258,1.3586
aw-cql-weight1-seed1,cql,42000,11,42000,1c31bbd0435c723e,-686.829833984,76763,39227,15.9126,6.7455,9.1671,46.6327,0.19658,0.9755,1.1362,1.1647
aw-cql-weight1-seed1,cql,42000,12,42000,1c31bbd0435c723e,-686.829833984,33583,82841,15.5104,7.669,7.8415,46.6327,0.16815,0.9526,1.0802,1.134
aw-cql-weight1-seed1,cql,42000,13,42000,1c31bbd0435c723e,-686.829833984,29838,52509,18.0335,2.7919,15.2416,46.6327,0.32684,0.918,1.1042,1.2028
aw-cql-weight1-seed1,cql,42000,14,42000,1c31bbd0435c723e,-686.829833984,36307,14110,23.0907,4.8111,18.2797,46.6327,0.39199,0.9746,1.363,1.3986
aw-cql-weight1-seed1,cql,43000,0,43000,9559a23dfbc5d41a,-714.057739258,237311,68413,38.1235,23.8369,14.2866,46.9564,0.30425,0.8604,1.5076,1.7521
aw-cql-weight1-seed1,cql,43000,2,43000,9559a23dfbc5d41a,-714.057739258,168808,33814,25.1234,12.3434,12.7801,46.9564,0.27217,0.9084,1.1817,1.3009
aw-cql-weight1-seed1,cql,43000,4,43000,9559a23dfbc5d41a,-714.057739258,35214,133999,18.2661,4.4615,13.8046,46.9564,0.29399,0.9028,1.0367,1.1483
aw-cql-weight1-seed1,cql,43000,5,43000,9559a23dfbc5d41a,-714.057739258,40938,30344,19.756,1.3811,18.3748,46.9564,0.39132,0.9441,1.1881,1.2585
aw-cql-weight1-seed1,cql,43000,6,43000,9559a23dfbc5d41a,-714.057739258,51996,11915,22.2817,7.7308,14.5509,46.9564,0.30988,0.9639,1.3001,1.3488
aw-cql-weight1-seed1,cql,43000,7,43000,9559a23dfbc5d41a,-714.057739258,64933,19513,21.4584,12.3749,9.0835,46.9564,0.19345,0.9284,1.2438,1.3398
aw-cql-weight1-seed1,cql,43000,11,43000,9559a23dfbc5d41a,-714.057739258,76763,39227,15.5903,6.4421,9.1482,46.9564,0.19482,0.9771,1.1437,1.1705
aw-cql-weight1-seed1,cql,43000,12,43000,9559a23dfbc5d41a,-714.057739258,33583,82841,14.7863,7.0548,7.7315,46.9564,0.16465,0.9535,1.0825,1.1353
aw-cql-weight1-seed1,cql,43000,13,43000,9559a23dfbc5d41a,-714.057739258,29838,52509,17.0744,2.412,14.6624,46.9564,0.31226,0.9202,1.1052,1.201
aw-cql-weight1-seed1,cql,43000,14,43000,9559a23dfbc5d41a,-714.057739258,36307,14110,22.3883,4.2494,18.1389,46.9564,0.38629,0.9692,1.3487,1.3915
aw-cql-weight1-seed1,cql,44000,0,44000,e18478f0de3068d1,-728.126281738,237311,68413,38.2921,24.0994,14.1928,46.847,0.30296,0.8571,1.4842,1.7315
aw-cql-weight1-seed1,cql,44000,2,44000,e18478f0de3068d1,-728.126281738,168808,33814,25.2523,12.6086,12.6436,46.847,0.26989,0.9018,1.1692,1.2965
aw-cql-weight1-seed1,cql,44000,4,44000,e18478f0de3068d1,-728.126281738,35214,133999,18.4636,4.5533,13.9103,46.847,0.29693,0.897,1.0296,1.1478
aw-cql-weight1-seed1,cql,44000,5,44000,e18478f0de3068d1,-728.126281738,40938,30344,20.3249,1.9488,18.3762,46.847,0.39226,0.9435,1.1746,1.245
aw-cql-weight1-seed1,cql,44000,6,44000,e18478f0de3068d1,-728.126281738,51996,11915,22.6228,8.5362,14.0866,46.847,0.30069,0.9594,1.2916,1.3462
aw-cql-weight1-seed1,cql,44000,7,44000,e18478f0de3068d1,-728.126281738,64933,19513,21.254,11.9057,9.3483,46.847,0.19955,0.929,1.2547,1.3506
aw-cql-weight1-seed1,cql,44000,11,44000,e18478f0de3068d1,-728.126281738,76763,39227,15.7106,6.9071,8.8034,46.847,0.18792,0.9742,1.1278,1.1576
aw-cql-weight1-seed1,cql,44000,12,44000,e18478f0de3068d1,-728.126281738,33583,82841,15.6623,7.9143,7.748,46.847,0.16539,0.9535,1.0797,1.1323
aw-cql-weight1-seed1,cql,44000,13,44000,e18478f0de3068d1,-728.126281738,29838,52509,17.8549,2.8014,15.0536,46.847,0.32133,0.9178,1.0959,1.194
aw-cql-weight1-seed1,cql,44000,14,44000,e18478f0de3068d1,-728.126281738,36307,14110,22.7519,4.6494,18.1025,46.847,0.38642,0.9677,1.3352,1.3798
aw-cql-weight1-seed1,cql,45000,0,45000,7e30c136c696fbae,-749.321777344,237311,68413,38.0118,23.415,14.5969,46.403,0.31457,0.8558,1.4822,1.7319
aw-cql-weight1-seed1,cql,45000,2,45000,7e30c136c696fbae,-749.321777344,168808,33814,24.6551,12.1448,12.5103,46.403,0.2696,0.9043,1.181,1.306
aw-cql-weight1-seed1,cql,45000,4,45000,7e30c136c696fbae,-749.321777344,35214,133999,18.5088,4.7103,13.7985,46.403,0.29736,0.9059,1.04,1.148
aw-cql-weight1-seed1,cql,45000,5,45000,7e30c136c696fbae,-749.321777344,40938,30344,19.7266,1.8847,17.8418,46.403,0.3845,0.9492,1.1899,1.2536
aw-cql-weight1-seed1,cql,45000,6,45000,7e30c136c696fbae,-749.321777344,51996,11915,22.5693,8.1688,14.4005,46.403,0.31034,0.9611,1.2945,1.3468
aw-cql-weight1-seed1,cql,45000,7,45000,7e30c136c696fbae,-749.321777344,64933,19513,21.3591,11.9832,9.3759,46.403,0.20205,0.9244,1.2441,1.3458
aw-cql-weight1-seed1,cql,45000,11,45000,7e30c136c696fbae,-749.321777344,76763,39227,16.1385,6.6749,9.4636,46.403,0.20394,0.974,1.1341,1.1644
aw-cql-weight1-seed1,cql,45000,12,45000,7e30c136c696fbae,-749.321777344,33583,82841,16.0036,7.9839,8.0197,46.403,0.17283,0.9543,1.0761,1.1276
aw-cql-weight1-seed1,cql,45000,13,45000,7e30c136c696fbae,-749.321777344,29838,52509,17.3149,2.7004,14.6145,46.403,0.31495,0.9266,1.1073,1.195
aw-cql-weight1-seed1,cql,45000,14,45000,7e30c136c696fbae,-749.321777344,36307,14110,22.4735,4.8213,17.6523,46.403,0.38041,0.9735,1.3445,1.3811
aw-cql-weight1-seed1,cql,46000,0,46000,7cbeba4c5f946dd5,-767.17767334,237311,68413,37.9533,23.3285,14.6249,46.4976,0.31453,0.8599,1.4874,1.7298
aw-cql-weight1-seed1,cql,46000,2,46000,7cbeba4c5f946dd5,-767.17767334,168808,33814,24.5357,12.3313,12.2044,46.4976,0.26247,0.9072,1.175,1.2952
aw-cql-weight1-seed1,cql,46000,4,46000,7cbeba4c5f946dd5,-767.17767334,35214,133999,17.7401,4.4076,13.3325,46.4976,0.28673,0.8935,1.0285,1.1511
aw-cql-weight1-seed1,cql,46000,5,46000,7cbeba4c5f946dd5,-767.17767334,40938,30344,19.4902,1.5546,17.9356,46.4976,0.38573,0.9422,1.1873,1.2601
aw-cql-weight1-seed1,cql,46000,6,46000,7cbeba4c5f946dd5,-767.17767334,51996,11915,22.2679,7.6641,14.6038,46.4976,0.31408,0.9616,1.2967,1.3485
aw-cql-weight1-seed1,cql,46000,7,46000,7cbeba4c5f946dd5,-767.17767334,64933,19513,21.1871,11.7968,9.3904,46.4976,0.20195,0.9243,1.2413,1.3429
aw-cql-weight1-seed1,cql,46000,11,46000,7cbeba4c5f946dd5,-767.17767334,76763,39227,14.9864,6.0851,8.9013,46.4976,0.19144,0.9719,1.1319,1.1647
aw-cql-weight1-seed1,cql,46000,12,46000,7cbeba4c5f946dd5,-767.17767334,33583,82841,15.0687,7.3474,7.7213,46.4976,0.16606,0.9526,1.0775,1.1311
aw-cql-weight1-seed1,cql,46000,13,46000,7cbeba4c5f946dd5,-767.17767334,29838,52509,16.7344,2.5068,14.2277,46.4976,0.30599,0.9142,1.1023,1.2058
aw-cql-weight1-seed1,cql,46000,14,46000,7cbeba4c5f946dd5,-767.17767334,36307,14110,21.8682,4.0342,17.8339,46.4976,0.38355,0.9671,1.3549,1.4009
aw-cql-weight1-seed1,cql,47000,0,47000,1cba5e8cbaa54b19,-784.982971191,237311,68413,37.6828,23.2502,14.4326,46.194,0.31243,0.8606,1.5039,1.7475
aw-cql-weight1-seed1,cql,47000,2,47000,1cba5e8cbaa54b19,-784.982971191,168808,33814,25.0782,12.2434,12.8348,46.194,0.27785,0.9043,1.1682,1.2918
aw-cql-weight1-seed1,cql,47000,4,47000,1cba5e8cbaa54b19,-784.982971191,35214,133999,17.7144,4.5853,13.1291,46.194,0.28422,0.896,1.0277,1.147
aw-cql-weight1-seed1,cql,47000,5,47000,1cba5e8cbaa54b19,-784.982971191,40938,30344,19.4935,1.5568,17.9367,46.194,0.38829,0.9417,1.1769,1.2498
aw-cql-weight1-seed1,cql,47000,6,47000,1cba5e8cbaa54b19,-784.982971191,51996,11915,21.5361,7.7575,13.7786,46.194,0.29828,0.9617,1.286,1.3372
aw-cql-weight1-seed1,cql,47000,7,47000,1cba5e8cbaa54b19,-784.982971191,64933,19513,20.9634,12.0439,8.9195,46.194,0.19309,0.9278,1.2419,1.3385
aw-cql-weight1-seed1,cql,47000,11,47000,1cba5e8cbaa54b19,-784.982971191,76763,39227,15.3997,6.2919,9.1078,46.194,0.19716,0.9764,1.1344,1.1619
aw-cql-weight1-seed1,cql,47000,12,47000,1cba5e8cbaa54b19,-784.982971191,33583,82841,14.7015,7.1365,7.565,46.194,0.16376,0.957,1.0792,1.1277
aw-cql-weight1-seed1,cql,47000,13,47000,1cba5e8cbaa54b19,-784.982971191,29838,52509,17.3688,2.5977,14.7711,46.194,0.31976,0.918,1.1008,1.1991
aw-cql-weight1-seed1,cql,47000,14,47000,1cba5e8cbaa54b19,-784.982971191,36307,14110,22.0358,4.3069,17.729,46.194,0.38379,0.9674,1.3417,1.3869
aw-cql-weight1-seed1,cql,48000,0,48000,7550b6fe3bbb9c43,-809.590820312,237311,68413,37.5017,22.4414,15.0603,46.1762,0.32615,0.8582,1.4876,1.7334
aw-cql-weight1-seed1,cql,48000,2,48000,7550b6fe3bbb9c43,-809.590820312,168808,33814,23.8623,11.3685,12.4938,46.1762,0.27057,0.9055,1.1671,1.2889
aw-cql-weight1-seed1,cql,48000,4,48000,7550b6fe3bbb9c43,-809.590820312,35214,133999,17.1952,3.9538,13.2414,46.1762,0.28676,0.9082,1.0318,1.136
aw-cql-weight1-seed1,cql,48000,5,48000,7550b6fe3bbb9c43,-809.590820312,40938,30344,19.358,1.3466,18.0114,46.1762,0.39006,0.9468,1.1771,1.2432
aw-cql-weight1-seed1,cql,48000,6,48000,7550b6fe3bbb9c43,-809.590820312,51996,11915,22.2157,7.4342,14.7815,46.1762,0.32011,0.9603,1.2911,1.3444
aw-cql-weight1-seed1,cql,48000,7,48000,7550b6fe3bbb9c43,-809.590820312,64933,19513,20.8539,11.51,9.3438,46.1762,0.20235,0.924,1.2372,1.3389
aw-cql-weight1-seed1,cql,48000,11,48000,7550b6fe3bbb9c43,-809.590820312,76763,39227,14.8805,6.0631,8.8174,46.1762,0.19095,0.9746,1.1351,1.1647
aw-cql-weight1-seed1,cql,48000,12,48000,7550b6fe3bbb9c43,-809.590820312,33583,82841,14.9104,7.189,7.7214,46.1762,0.16722,0.9569,1.0812,1.1299
aw-cql-weight1-seed1,cql,48000,13,48000,7550b6fe3bbb9c43,-809.590820312,29838,52509,17.3273,2.3335,14.9939,46.1762,0.32471,0.923,1.0993,1.191
aw-cql-weight1-seed1,cql,48000,14,48000,7550b6fe3bbb9c43,-809.590820312,36307,14110,22.6739,4.051,18.6229,46.1762,0.4033,0.9705,1.3366,1.3773
aw-cql-weight1-seed1,cql,49000,0,49000,e399f9c725831c5b,-841.440856934,237311,68413,37.4848,23.2742,14.2106,46.0827,0.30837,0.8563,1.483,1.7318
aw-cql-weight1-seed1,cql,49000,2,49000,e399f9c725831c5b,-841.440856934,168808,33814,24.1749,11.6223,12.5526,46.0827,0.27239,0.9048,1.1754,1.299
aw-cql-weight1-seed1,cql,49000,4,49000,e399f9c725831c5b,-841.440856934,35214,133999,17.685,4.3142,13.3708,46.0827,0.29015,0.8965,1.0257,1.1441
aw-cql-weight1-seed1,cql,49000,5,49000,e399f9c725831c5b,-841.440856934,40938,30344,19.8447,1.6213,18.2234,46.0827,0.39545,0.9418,1.1696,1.2419
aw-cql-weight1-seed1,cql,49000,6,49000,e399f9c725831c5b,-841.440856934,51996,11915,22.1706,7.7113,14.4592,46.0827,0.31377,0.9606,1.2925,1.3456
aw-cql-weight1-seed1,cql,49000,7,49000,e399f9c725831c5b,-841.440856934,64933,19513,20.8531,11.4308,9.4223,46.0827,0.20446,0.9257,1.246,1.3459
aw-cql-weight1-seed1,cql,49000,11,49000,e399f9c725831c5b,-841.440856934,76763,39227,15.3992,6.0652,9.3339,46.0827,0.20255,0.9738,1.134,1.1645
aw-cql-weight1-seed1,cql,49000,12,49000,e399f9c725831c5b,-841.440856934,33583,82841,15.5914,7.3951,8.1963,46.0827,0.17786,0.9526,1.0769,1.1306
aw-cql-weight1-seed1,cql,49000,13,49000,e399f9c725831c5b,-841.440856934,29838,52509,17.6258,2.5636,15.0622,46.0827,0.32685,0.9224,1.0953,1.1875
aw-cql-weight1-seed1,cql,49000,14,49000,e399f9c725831c5b,-841.440856934,36307,14110,22.7312,4.3281,18.4031,46.0827,0.39935,0.9699,1.3288,1.37
aw-cql-weight1-seed1,cql,50000,0,50000,6826f54b6f733c0e,-861.545043945,237311,68413,37.1185,22.9297,14.1888,45.8239,0.30964,0.8581,1.4738,1.7176
aw-cql-weight1-seed1,cql,50000,2,50000,6826f54b6f733c0e,-861.545043945,168808,33814,23.4644,11.0285,12.4359,45.8239,0.27138,0.9025,1.1669,1.293
aw-cql-weight1-seed1,cql,50000,4,50000,6826f54b6f733c0e,-861.545043945,35214,133999,17.1148,4.2728,12.842,45.8239,0.28025,0.9041,1.0323,1.1418
aw-cql-weight1-seed1,cql,50000,5,50000,6826f54b6f733c0e,-861.545043945,40938,30344,19.2788,1.5307,17.7481,45.8239,0.38731,0.9528,1.1924,1.2514
aw-cql-weight1-seed1,cql,50000,6,50000,6826f54b6f733c0e,-861.545043945,51996,11915,22.0401,7.8702,14.1699,45.8239,0.30922,0.9637,1.3072,1.3565
aw-cql-weight1-seed1,cql,50000,7,50000,6826f54b6f733c0e,-861.545043945,64933,19513,20.8388,11.3453,9.4935,45.8239,0.20717,0.9262,1.2519,1.3517
aw-cql-weight1-seed1,cql,50000,11,50000,6826f54b6f733c0e,-861.545043945,76763,39227,15.1904,5.9881,9.2023,45.8239,0.20082,0.9741,1.1358,1.166
aw-cql-weight1-seed1,cql,50000,12,50000,6826f54b6f733c0e,-861.545043945,33583,82841,15.0571,7.1489,7.9082,45.8239,0.17258,0.9551,1.0796,1.1304
aw-cql-weight1-seed1,cql,50000,13,50000,6826f54b6f733c0e,-861.545043945,29838,52509,17.06,2.3951,14.6649,45.8239,0.32003,0.9276,1.1089,1.1955
aw-cql-weight1-seed1,cql,50000,14,50000,6826f54b6f733c0e,-861.545043945,36307,14110,21.8758,4.1209,17.7549,45.8239,0.38746,0.9755,1.361,1.3953
aw-cql-weight1-seed1,cql,51000,0,51000,f8a2508c752f60be,-882.760009766,237311,68413,37.38,23.1164,14.2636,46.1707,0.30893,0.8586,1.5025,1.7499
aw-cql-weight1-seed1,cql,51000,2,51000,f8a2508c752f60be,-882.760009766,168808,33814,23.8681,11.4426,12.4255,46.1707,0.26912,0.9044,1.1675,1.2909
aw-cql-weight1-seed1,cql,51000,4,51000,f8a2508c752f60be,-882.760009766,35214,133999,17.6048,4.2302,13.3745,46.1707,0.28968,0.899,1.0323,1.1483
aw-cql-weight1-seed1,cql,51000,5,51000,f8a2508c752f60be,-882.760009766,40938,30344,19.0913,1.5732,17.5182,46.1707,0.37942,0.9427,1.1851,1.2572
aw-cql-weight1-seed1,cql,51000,6,51000,f8a2508c752f60be,-882.760009766,51996,11915,21.8388,7.3593,14.4795,46.1707,0.31361,0.9619,1.2992,1.3506
aw-cql-weight1-seed1,cql,51000,7,51000,f8a2508c752f60be,-882.760009766,64933,19513,21.1257,11.6991,9.4266,46.1707,0.20417,0.9282,1.2536,1.3506
aw-cql-weight1-seed1,cql,51000,11,51000,f8a2508c752f60be,-882.760009766,76763,39227,15.0352,6.0159,9.0193,46.1707,0.19535,0.9737,1.1314,1.1619
aw-cql-weight1-seed1,cql,51000,12,51000,f8a2508c752f60be,-882.760009766,33583,82841,14.3495,6.5509,7.7986,46.1707,0.16891,0.9556,1.0812,1.1314
aw-cql-weight1-seed1,cql,51000,13,51000,f8a2508c752f60be,-882.760009766,29838,52509,17.5475,2.4996,15.0479,46.1707,0.32592,0.9177,1.0998,1.1984
aw-cql-weight1-seed1,cql,51000,14,51000,f8a2508c752f60be,-882.760009766,36307,14110,22.6343,4.3928,18.2414,46.1707,0.39509,0.9662,1.3409,1.3878
aw-cql-weight1-seed1,cql,52000,0,52000,4835ea8f826e8c4a,-916.430725098,237311,68413,37.225,23.0636,14.1614,45.8883,0.30861,0.8588,1.4983,1.7446
aw-cql-weight1-seed1,cql,52000,2,52000,4835ea8f826e8c4a,-916.430725098,168808,33814,23.8912,11.3299,12.5613,45.8883,0.27374,0.9062,1.1704,1.2916
aw-cql-weight1-seed1,cql,52000,4,52000,4835ea8f826e8c4a,-916.430725098,35214,133999,16.6723,4.1587,12.5136,45.8883,0.2727,0.8966,1.0293,1.148
aw-cql-weight1-seed1,cql,52000,5,52000,4835ea8f826e8c4a,-916.430725098,40938,30344,18.805,1.3712,17.4338,45.8883,0.37992,0.9381,1.1725,1.2499
aw-cql-weight1-seed1,cql,52000,6,52000,4835ea8f826e8c4a,-916.430725098,51996,11915,21.2342,7.1027,14.1315,45.8883,0.30795,0.9586,1.2878,1.3435
aw-cql-weight1-seed1,cql,52000,7,52000,4835ea8f826e8c4a,-916.430725098,64933,19513,20.143,11.4072,8.7357,45.8883,0.19037,0.9256,1.2439,1.3439
aw-cql-weight1-seed1,cql,52000,11,52000,4835ea8f826e8c4a,-916.430725098,76763,39227,14.9924,5.902,9.0904,45.8883,0.1981,0.9722,1.1271,1.1593
aw-cql-weight1-seed1,cql,52000,12,52000,4835ea8f826e8c4a,-916.430725098,33583,82841,14.134,6.5846,7.5495,45.8883,0.16452,0.9533,1.0745,1.1272
aw-cql-weight1-seed1,cql,52000,13,52000,4835ea8f826e8c4a,-916.430725098,29838,52509,16.2143,2.2438,13.9706,45.8883,0.30445,0.9189,1.0977,1.1946
aw-cql-weight1-seed1,cql,52000,14,52000,4835ea8f826e8c4a,-916.430725098,36307,14110,22.0328,4.2256,17.8072,45.8883,0.38806,0.9659,1.328,1.375
aw-cql-weight1-seed1,cql,53000,0,53000,0d477dfba274782e,-923.210083008,237311,68413,36.8815,22.1412,14.7403,45.4519,0.3243,0.8563,1.4823,1.731
aw-cql-weight1-seed1,cql,53000,2,53000,0d477dfba274782e,-923.210083008,168808,33814,23.7652,10.9185,12.8467,45.4519,0.28264,0.9043,1.1716,1.2955
aw-cql-weight1-seed1,cql,53000,4,53000,0d477dfba274782e,-923.210083008,35214,133999,16.8304,3.9598,12.8706,45.4519,0.28317,0.8973,1.0249,1.1422
aw-cql-weight1-seed1,cql,53000,5,53000,0d477dfba274782e,-923.210083008,40938,30344,18.8022,1.2427,17.5595,45.4519,0.38633,0.9429,1.1746,1.2458
aw-cql-weight1-seed1,cql,53000,6,53000,0d477dfba274782e,-923.210083008,51996,11915,21.1035,7.441,13.6624,45.4519,0.30059,0.9595,1.2881,1.3425
aw-cql-weight1-seed1,cql,53000,7,53000,0d477dfba274782e,-923.210083008,64933,19513,20.0068,10.8494,9.1575,45.4519,0.20148,0.9272,1.2433,1.3409
aw-cql-weight1-seed1,cql,53000,11,53000,0d477dfba274782e,-923.210083008,76763,39227,14.5109,5.976,8.5349,45.4519,0.18778,0.9714,1.1281,1.1614
aw-cql-weight1-seed1,cql,53000,12,53000,0d477dfba274782e,-923.210083008,33583,82841,14.078,6.8063,7.2716,45.4519,0.15999,0.9524,1.0774,1.1312
aw-cql-weight1-seed1,cql,53000,13,53000,0d477dfba274782e,-923.210083008,29838,52509,16.2251,2.1612,14.0638,45.4519,0.30942,0.9184,1.0991,1.1968
aw-cql-weight1-seed1,cql,53000,14,53000,0d477dfba274782e,-923.210083008,36307,14110,22.1148,4.1206,17.9942,45.4519,0.3959,0.9675,1.3423,1.3873
aw-cql-weight1-seed1,cql,54000,0,54000,4b6e9db5fb143ae5,-952.024963379,237311,68413,37.1702,22.8801,14.2901,45.8828,0.31145,0.8557,1.478,1.7273
aw-cql-weight1-seed1,cql,54000,2,54000,4b6e9db5fb143ae5,-952.024963379,168808,33814,23.3307,11.1808,12.1499,45.8828,0.2648,0.9027,1.1697,1.2957
aw-cql-weight1-seed1,cql,54000,4,54000,4b6e9db5fb143ae5,-952.024963379,35214,133999,15.7562,3.7052,12.051,45.8828,0.26265,0.8975,1.0282,1.1457
aw-cql-weight1-seed1,cql,54000,5,54000,4b6e9db5fb143ae5,-952.024963379,40938,30344,18.8235,1.4264,17.3971,45.8828,0.37916,0.9448,1.1908,1.2604
aw-cql-weight1-seed1,cql,54000,6,54000,4b6e9db5fb143ae5,-952.024963379,51996,11915,21.6897,7.0826,14.6071,45.8828,0.31836,0.9622,1.3003,1.3513
aw-cql-weight1-seed1,cql,54000,7,54000,4b6e9db5fb143ae5,-952.024963379,64933,19513,20.2239,11.0596,9.1643,45.8828,0.19973,0.9239,1.2394,1.3414
aw-cql-weight1-seed1,cql,54000,11,54000,4b6e9db5fb143ae5,-952.024963379,76763,39227,15.2718,6.236,9.0358,45.8828,0.19693,0.9727,1.132,1.1638
aw-cql-weight1-seed1,cql,54000,12,54000,4b6e9db5fb143ae5,-952.024963379,33583,82841,14.5033,6.9626,7.5406,45.8828,0.16435,0.9554,1.075,1.1253
aw-cql-weight1-seed1,cql,54000,13,54000,4b6e9db5fb143ae5,-952.024963379,29838,52509,16.6231,2.2891,14.3339,45.8828,0.3124,0.9153,1.1043,1.2064
aw-cql-weight1-seed1,cql,54000,14,54000,4b6e9db5fb143ae5,-952.024963379,36307,14110,22.5889,4.3047,18.2842,45.8828,0.3985,0.965,1.359,1.4082
aw-cql-weight1-seed1,cql,55000,0,55000,cda6adb88daea3b5,-972.773254395,237311,68413,36.9539,22.9159,14.038,45.6199,0.30772,0.8568,1.4835,1.7316
aw-cql-weight1-seed1,cql,55000,2,55000,cda6adb88daea3b5,-972.773254395,168808,33814,23.4614,10.903,12.5584,45.6199,0.27528,0.904,1.167,1.2909
aw-cql-weight1-seed1,cql,55000,4,55000,cda6adb88daea3b5,-972.773254395,35214,133999,16.5183,3.7643,12.754,45.6199,0.27957,0.8928,1.0277,1.1512
aw-cql-weight1-seed1,cql,55000,5,55000,cda6adb88daea3b5,-972.773254395,40938,30344,18.8073,1.3372,17.4702,45.6199,0.38295,0.9392,1.1821,1.2586
aw-cql-weight1-seed1,cql,55000,6,55000,cda6adb88daea3b5,-972.773254395,51996,11915,21.2868,7.3054,13.9814,45.6199,0.30648,0.9589,1.3017,1.3575
aw-cql-weight1-seed1,cql,55000,7,55000,cda6adb88daea3b5,-972.773254395,64933,19513,20.4059,11.4104,8.9955,45.6199,0.19718,0.9241,1.2262,1.3268
aw-cql-weight1-seed1,cql,55000,11,55000,cda6adb88daea3b5,-972.773254395,76763,39227,14.9585,6.1179,8.8406,45.6199,0.19379,0.9734,1.1277,1.1586
aw-cql-weight1-seed1,cql,55000,12,55000,cda6adb88daea3b5,-972.773254395,33583,82841,14.4323,6.8821,7.5501,45.6199,0.1655,0.9525,1.0778,1.1315
aw-cql-weight1-seed1,cql,55000,13,55000,cda6adb88daea3b5,-972.773254395,29838,52509,16.3138,2.3232,13.9907,45.6199,0.30668,0.9117,1.1001,1.2066
aw-cql-weight1-seed1,cql,55000,14,55000,cda6adb88daea3b5,-972.773254395,36307,14110,21.768,4.3851,17.3829,45.6199,0.38104,0.9615,1.347,1.4009
aw-cql-weight1-seed1,cql,56000,0,56000,0097f832161403df,-1007.544799805,237311,68413,36.7727,22.5791,14.1935,45.2157,0.31391,0.8566,1.4711,1.7173
aw-cql-weight1-seed1,cql,56000,2,56000,0097f832161403df,-1007.544799805,168808,33814,23.4197,11.1408,12.279,45.2157,0.27156,0.9021,1.1617,1.2878
aw-cql-weight1-seed1,cql,56000,4,56000,0097f832161403df,-1007.544799805,35214,133999,16.5491,4.0047,12.5444,45.2157,0.27743,0.8931,1.0241,1.1466
aw-cql-weight1-seed1,cql,56000,5,56000,0097f832161403df,-1007.544799805,40938,30344,18.8958,1.2512,17.6446,45.2157,0.39023,0.939,1.1677,1.2435
aw-cql-weight1-seed1,cql,56000,6,56000,0097f832161403df,-1007.544799805,51996,11915,21.5077,6.8483,14.6594,45.2157,0.32421,0.9573,1.2806,1.3377
aw-cql-weight1-seed1,cql,56000,7,56000,0097f832161403df,-1007.544799805,64933,19513,20.1821,11.0279,9.1541,45.2157,0.20245,0.9232,1.2378,1.3408
aw-cql-weight1-seed1,cql,56000,11,56000,0097f832161403df,-1007.544799805,76763,39227,14.5266,5.7471,8.7795,45.2157,0.19417,0.972,1.1263,1.1587
aw-cql-weight1-seed1,cql,56000,12,56000,0097f832161403df,-1007.544799805,33583,82841,13.626,6.347,7.279,45.2157,0.16098,0.9521,1.0731,1.127
aw-cql-weight1-seed1,cql,56000,13,56000,0097f832161403df,-1007.544799805,29838,52509,16.6125,2.1892,14.4233,45.2157,0.31899,0.9171,1.0926,1.1914
aw-cql-weight1-seed1,cql,56000,14,56000,0097f832161403df,-1007.544799805,36307,14110,22.0327,3.838,18.1946,45.2157,0.4024,0.9639,1.3268,1.3765
aw-cql-weight1-seed1,cql,57000,0,57000,58acb4f2c36fef7c,-1012.069396973,237311,68413,36.5565,22.5953,13.9612,45.2642,0.30844,0.8597,1.4974,1.7417
aw-cql-weight1-seed1,cql,57000,2,57000,58acb4f2c36fef7c,-1012.069396973,168808,33814,23.5289,11.2752,12.2537,45.2642,0.27072,0.9018,1.1646,1.2915
aw-cql-weight1-seed1,cql,57000,4,57000,58acb4f2c36fef7c,-1012.069396973,35214,133999,15.7631,3.6523,12.1109,45.2642,0.26756,0.8949,1.0244,1.1447
aw-cql-weight1-seed1,cql,57000,5,57000,58acb4f2c36fef7c,-1012.069396973,40938,30344,18.0825,1.2095,16.873,45.2642,0.37277,0.9379,1.1696,1.247
aw-cql-weight1-seed1,cql,57000,6,57000,58acb4f2c36fef7c,-1012.069396973,51996,11915,20.8484,6.8297,14.0188,45.2642,0.30971,0.959,1.2892,1.3444
aw-cql-weight1-seed1,cql,57000,7,57000,58acb4f2c36fef7c,-1012.069396973,64933,19513,19.5038,10.4166,9.0873,45.2642,0.20076,0.9257,1.2449,1.3448
aw-cql-weight1-seed1,cql,57000,11,57000,58acb4f2c36fef7c,-1012.069396973,76763,39227,14.3412,5.685,8.6562,45.2642,0.19124,0.9704,1.1257,1.1601
aw-cql-weight1-seed1,cql,57000,12,57000,58acb4f2c36fef7c,-1012.069396973,33583,82841,13.8951,6.7773,7.1178,45.2642,0.15725,0.95,1.071,1.1274
aw-cql-weight1-seed1,cql,57000,13,57000,58acb4f2c36fef7c,-1012.069396973,29838,52509,16.1806,2.0797,14.1009,45.2642,0.31153,0.9161,1.0909,1.1908
aw-cql-weight1-seed1,cql,57000,14,57000,58acb4f2c36fef7c,-1012.069396973,36307,14110,21.4598,3.7683,17.6915,45.2642,0.39085,0.9631,1.3263,1.377
aw-cql-weight1-seed1,cql,58000,0,58000,e67182e1a7a214ba,-1031.065551758,237311,68413,36.4079,21.8848,14.523,44.8091,0.32411,0.8553,1.4737,1.7231
aw-cql-weight1-seed1,cql,58000,2,58000,e67182e1a7a214ba,-1031.065551758,168808,33814,22.8361,10.9606,11.8755,44.8091,0.26502,0.9038,1.1661,1.2902
aw-cql-weight1-seed1,cql,58000,4,58000,e67182e1a7a214ba,-1031.065551758,35214,133999,16.486,3.7935,12.6926,44.8091,0.28326,0.8965,1.0228,1.1408
aw-cql-weight1-seed1,cql,58000,5,58000,e67182e1a7a214ba,-1031.065551758,40938,30344,18.958,1.5996,17.3583,44.8091,0.38738,0.9409,1.1728,1.2464
aw-cql-weight1-seed1,cql,58000,6,58000,e67182e1a7a214ba,-1031.065551758,51996,11915,20.8309,7.1231,13.7077,44.8091,0.30591,0.9574,1.2797,1.3366
aw-cql-weight1-seed1,cql,58000,7,58000,e67182e1a7a214ba,-1031.065551758,64933,19513,19.5266,10.8066,8.72,44.8091,0.1946,0.9238,1.2331,1.3349
aw-cql-weight1-seed1,cql,58000,11,58000,e67182e1a7a214ba,-1031.065551758,76763,39227,14.1888,5.3793,8.8094,44.8091,0.1966,0.971,1.1233,1.1568
aw-cql-weight1-seed1,cql,58000,12,58000,e67182e1a7a214ba,-1031.065551758,33583,82841,13.9534,6.5165,7.437,44.8091,0.16597,0.9534,1.0727,1.1251
aw-cql-weight1-seed1,cql,58000,13,58000,e67182e1a7a214ba,-1031.065551758,29838,52509,17.2815,2.46,14.8215,44.8091,0.33077,0.9174,1.0947,1.1933
aw-cql-weight1-seed1,cql,58000,14,58000,e67182e1a7a214ba,-1031.065551758,36307,14110,22.5,4.5687,17.9313,44.8091,0.40017,0.9643,1.3279,1.3772
aw-cql-weight1-seed1,cql,59000,0,59000,bbaaf739708265eb,-1046.55090332,237311,68413,36.5227,22.5471,13.9756,45.2141,0.3091,0.8559,1.4876,1.7382
aw-cql-weight1-seed1,cql,59000,2,59000,bbaaf739708265eb,-1046.55090332,168808,33814,22.4035,10.5735,11.83,45.2141,0.26164,0.9013,1.1659,1.2935
aw-cql-weight1-seed1,cql,59000,4,59000,bbaaf739708265eb,-1046.55090332,35214,133999,15.8095,3.8252,11.9843,45.2141,0.26506,0.8966,1.0263,1.1447
aw-cql-weight1-seed1,cql,59000,5,59000,bbaaf739708265eb,-1046.55090332,40938,30344,18.6008,1.3305,17.2703,45.2141,0.38197,0.9417,1.1775,1.2504
aw-cql-weight1-seed1,cql,59000,6,59000,bbaaf739708265eb,-1046.55090332,51996,11915,20.8174,6.4816,14.3358,45.2141,0.31706,0.9596,1.2907,1.3451
aw-cql-weight1-seed1,cql,59000,7,59000,bbaaf739708265eb,-1046.55090332,64933,19513,19.226,10.3395,8.8865,45.2141,0.19654,0.9255,1.2408,1.3407
aw-cql-weight1-seed1,cql,59000,11,59000,bbaaf739708265eb,-1046.55090332,76763,39227,14.3989,5.82,8.5789,45.2141,0.18974,0.9726,1.1254,1.1571
aw-cql-weight1-seed1,cql,59000,12,59000,bbaaf739708265eb,-1046.55090332,33583,82841,14.0179,6.4561,7.5618,45.2141,0.16725,0.9527,1.0749,1.1282
aw-cql-weight1-seed1,cql,59000,13,59000,bbaaf739708265eb,-1046.55090332,29838,52509,16.4972,2.3023,14.1949,45.2141,0.31395,0.9152,1.0964,1.198
aw-cql-weight1-seed1,cql,59000,14,59000,bbaaf739708265eb,-1046.55090332,36307,14110,21.6483,3.8409,17.8075,45.2141,0.39385,0.9652,1.3372,1.3854
aw-cql-weight1-seed1,cql,60000,0,60000,f17bcf343e2d4e00,-1068.783203125,237311,68413,36.8561,22.5737,14.2824,45.4347,0.31435,0.857,1.4875,1.7357
aw-cql-weight1-seed1,cql,60000,2,60000,f17bcf343e2d4e00,-1068.783203125,168808,33814,22.9826,10.6174,12.3652,45.4347,0.27215,0.9024,1.1603,1.2859
aw-cql-weight1-seed1,cql,60000,4,60000,f17bcf343e2d4e00,-1068.783203125,35214,133999,15.5303,3.5485,11.9818,45.4347,0.26372,0.8921,1.019,1.1423
aw-cql-weight1-seed1,cql,60000,5,60000,f17bcf343e2d4e00,-1068.783203125,40938,30344,18.1271,1.2492,16.8779,45.4347,0.37148,0.9366,1.172,1.2514
aw-cql-weight1-seed1,cql,60000,6,60000,f17bcf343e2d4e00,-1068.783203125,51996,11915,20.6725,7.0815,13.5909,45.4347,0.29913,0.9572,1.2752,1.3323
aw-cql-weight1-seed1,cql,60000,7,60000,f17bcf343e2d4e00,-1068.783203125,64933,19513,19.187,10.5666,8.6204,45.4347,0.18973,0.9262,1.2312,1.3293
aw-cql-weight1-seed1,cql,60000,11,60000,f17bcf343e2d4e00,-1068.783203125,76763,39227,14.8856,5.9302,8.9553,45.4347,0.1971,0.9715,1.1222,1.1551
aw-cql-weight1-seed1,cql,60000,12,60000,f17bcf343e2d4e00,-1068.783203125,33583,82841,13.3121,6.4399,6.8722,45.4347,0.15126,0.9514,1.0709,1.1256
aw-cql-weight1-seed1,cql,60000,13,60000,f17bcf343e2d4e00,-1068.783203125,29838,52509,15.597,2.0697,13.5273,45.4347,0.29773,0.9116,1.0912,1.197
aw-cql-weight1-seed1,cql,60000,14,60000,f17bcf343e2d4e00,-1068.783203125,36307,14110,21.378,4.0458,17.3321,45.4347,0.38147,0.9602,1.3303,1.3854
aw-cql-weight1-seed1,cql,61000,0,61000,70ac0d4bcdea5464,-1104.895874023,237311,68413,36.432,22.1585,14.2735,44.5783,0.32019,0.854,1.4723,1.7241
aw-cql-weight1-seed1,cql,61000,2,61000,70ac0d4bcdea5464,-1104.895874023,168808,33814,22.6484,10.6296,12.0188,44.5783,0.26961,0.9004,1.1605,1.2889
aw-cql-weight1-seed1,cql,61000,4,61000,70ac0d4bcdea5464,-1104.895874023,35214,133999,16.2984,3.7224,12.576,44.5783,0.28211,0.8896,1.0162,1.1423
aw-cql-weight1-seed1,cql,61000,5,61000,70ac0d4bcdea5464,-1104.895874023,40938,30344,18.628,1.2894,17.3386,44.5783,0.38895,0.9365,1.174,1.2536
aw-cql-weight1-seed1,cql,61000,6,61000,70ac0d4bcdea5464,-1104.895874023,51996,11915,20.6813,7.1748,13.5065,44.5783,0.30298,0.9581,1.2837,1.3399
aw-cql-weight1-seed1,cql,61000,7,61000,70ac0d4bcdea5464,-1104.895874023,64933,19513,19.0562,10.5654,8.4907,44.5783,0.19047,0.9249,1.23,1.3299
aw-cql-weight1-seed1,cql,61000,11,61000,70ac0d4bcdea5464,-1104.895874023,76763,39227,13.797,5.4303,8.3666,44.5783,0.18768,0.9726,1.1252,1.1568
aw-cql-weight1-seed1,cql,61000,12,61000,70ac0d4bcdea5464,-1104.895874023,33583,82841,13.2973,6.1245,7.1728,44.5783,0.1609,0.9519,1.0682,1.1221
aw-cql-weight1-seed1,cql,61000,13,61000,70ac0d4bcdea5464,-1104.895874023,29838,52509,15.992,2.1857,13.8063,44.5783,0.30971,0.9105,1.0905,1.1976
aw-cql-weight1-seed1,cql,61000,14,61000,70ac0d4bcdea5464,-1104.895874023,36307,14110,21.3143,3.8278,17.4865,44.5783,0.39226,0.9615,1.3261,1.3792
aw-cql-weight1-seed1,cql,62000,0,62000,83ea8724c76f7077,-1114.662231445,237311,68413,36.6273,22.3924,14.2349,45.1468,0.3153,0.8568,1.4728,1.7188
aw-cql-weight1-seed1,cql,62000,2,62000,83ea8724c76f7077,-1114.662231445,168808,33814,22.4181,10.3639,12.0543,45.1468,0.267,0.9016,1.1632,1.2901
aw-cql-weight1-seed1,cql,62000,4,62000,83ea8724c76f7077,-1114.662231445,35214,133999,15.4141,3.2827,12.1314,45.1468,0.26871,0.9013,1.0261,1.1384
aw-cql-weight1-seed1,cql,62000,5,62000,83ea8724c76f7077,-1114.662231445,40938,30344,18.0428,1.0785,16.9643,45.1468,0.37576,0.9458,1.173,1.2402
aw-cql-weight1-seed1,cql,62000,6,62000,83ea8724c76f7077,-1114.662231445,51996,11915,20.763,6.9103,13.8528,45.1468,0.30684,0.9634,1.288,1.337
aw-cql-weight1-seed1,cql,62000,7,62000,83ea8724c76f7077,-1114.662231445,64933,19513,19.3212,10.6649,8.6563,45.1468,0.19174,0.9256,1.2355,1.3349
aw-cql-weight1-seed1,cql,62000,11,62000,83ea8724c76f7077,-1114.662231445,76763,39227,13.6177,5.1666,8.4511,45.1468,0.18719,0.9744,1.1294,1.1591
aw-cql-weight1-seed1,cql,62000,12,62000,83ea8724c76f7077,-1114.662231445,33583,82841,12.6656,5.9206,6.745,45.1468,0.1494,0.9517,1.071,1.1253
aw-cql-weight1-seed1,cql,62000,13,62000,83ea8724c76f7077,-1114.662231445,29838,52509,14.9584,1.784,13.1744,45.1468,0.29181,0.9188,1.0944,1.1911
aw-cql-weight1-seed1,cql,62000,14,62000,83ea8724c76f7077,-1114.662231445,36307,14110,21.4541,3.8329,17.6213,45.1468,0.39031,0.9711,1.3327,1.3724
aw-cql-weight1-seed1,cql,63000,0,63000,ea4a1e1e6b559555,-1135.8671875,237311,68413,36.4229,21.9861,14.4368,45.4028,0.31797,0.8552,1.4751,1.7249
aw-cql-weight1-seed1,cql,63000,2,63000,ea4a1e1e6b559555,-1135.8671875,168808,33814,22.5065,10.4781,12.0284,45.4028,0.26493,0.9029,1.1624,1.2875
aw-cql-weight1-seed1,cql,63000,4,63000,ea4a1e1e6b559555,-1135.8671875,35214,133999,15.1839,3.3663,11.8176,45.4028,0.26028,0.8929,1.0209,1.1434
aw-cql-weight1-seed1,cql,63000,5,63000,ea4a1e1e6b559555,-1135.8671875,40938,30344,17.9687,1.165,16.8037,45.4028,0.3701,0.9364,1.1778,1.2578
aw-cql-weight1-seed1,cql,63000,6,63000,ea4a1e1e6b559555,-1135.8671875,51996,11915,20.2583,6.7648,13.4935,45.4028,0.2972,0.958,1.2814,1.3375
aw-cql-weight1-seed1,cql,63000,7,63000,ea4a1e1e6b559555,-1135.8671875,64933,19513,19.385,10.4934,8.8916,45.4028,0.19584,0.9246,1.2347,1.3354
aw-cql-weight1-seed1,cql,63000,11,63000,ea4a1e1e6b559555,-1135.8671875,76763,39227,14.0561,5.3778,8.6782,45.4028,0.19114,0.9735,1.1247,1.1554
aw-cql-weight1-seed1,cql,63000,12,63000,ea4a1e1e6b559555,-1135.8671875,33583,82841,13.358,6.2889,7.069,45.4028,0.1557,0.9495,1.0695,1.1264
aw-cql-weight1-seed1,cql,63000,13,63000,ea4a1e1e6b559555,-1135.8671875,29838,52509,16.074,2.1394,13.9346,45.4028,0.30691,0.9103,1.092,1.1995
aw-cql-weight1-seed1,cql,63000,14,63000,ea4a1e1e6b559555,-1135.8671875,36307,14110,21.2682,3.7243,17.5439,45.4028,0.38641,0.9616,1.3416,1.3952
aw-cql-weight1-seed1,cql,64000,0,64000,d9daeac0cbe57f12,-1153.621948242,237311,68413,35.9228,21.4262,14.4966,44.8264,0.32339,0.8568,1.4803,1.7276
aw-cql-weight1-seed1,cql,64000,2,64000,d9daeac0cbe57f12,-1153.621948242,168808,33814,22.2082,10.034,12.1742,44.8264,0.27158,0.8998,1.1577,1.2866
aw-cql-weight1-seed1,cql,64000,4,64000,d9daeac0cbe57f12,-1153.621948242,35214,133999,14.9231,3.4496,11.4736,44.8264,0.25596,0.8934,1.0201,1.1418
aw-cql-weight1-seed1,cql,64000,5,64000,d9daeac0cbe57f12,-1153.621948242,40938,30344,17.1837,1.0603,16.1234,44.8264,0.35969,0.9367,1.1684,1.2473
aw-cql-weight1-seed1,cql,64000,6,64000,d9daeac0cbe57f12,-1153.621948242,51996,11915,20.2139,6.2548,13.9591,44.8264,0.3114,0.9596,1.3001,1.3549
aw-cql-weight1-seed1,cql,64000,7,64000,d9daeac0cbe57f12,-1153.621948242,64933,19513,19.2364,10.4677,8.7687,44.8264,0.19561,0.9232,1.2397,1.3428
aw-cql-weight1-seed1,cql,64000,11,64000,d9daeac0cbe57f12,-1153.621948242,76763,39227,13.8126,5.2559,8.5566,44.8264,0.19088,0.9741,1.1304,1.1604
aw-cql-weight1-seed1,cql,64000,12,64000,d9daeac0cbe57f12,-1153.621948242,33583,82841,13.2155,6.1758,7.0398,44.8264,0.15704,0.9544,1.0711,1.1224
aw-cql-weight1-seed1,cql,64000,13,64000,d9daeac0cbe57f12,-1153.621948242,29838,52509,16.1039,2.1417,13.9622,44.8264,0.31147,0.9157,1.0905,1.1909
aw-cql-weight1-seed1,cql,64000,14,64000,d9daeac0cbe57f12,-1153.621948242,36307,14110,21.1931,3.4465,17.7466,44.8264,0.3959,0.9627,1.3238,1.3751
aw-cql-weight1-seed1,cql,65000,0,65000,09aa16632b604bef,-1177.461181641,237311,68413,36.4747,22.3906,14.0841,45.0461,0.31266,0.8573,1.4992,1.7487
aw-cql-weight1-seed1,cql,65000,2,65000,09aa16632b604bef,-1177.461181641,168808,33814,22.9623,10.6268,12.3354,45.0461,0.27384,0.9012,1.1596,1.2868
aw-cql-weight1-seed1,cql,65000,4,65000,09aa16632b604bef,-1177.461181641,35214,133999,15.0441,3.3558,11.6883,45.0461,0.25948,0.8894,1.0185,1.1451
aw-cql-weight1-seed1,cql,65000,5,65000,09aa16632b604bef,-1177.461181641,40938,30344,17.8374,1.2689,16.5685,45.0461,0.36781,0.9378,1.1746,1.2525
aw-cql-weight1-seed1,cql,65000,6,65000,09aa16632b604bef,-1177.461181641,51996,11915,20.0057,6.6663,13.3393,45.0461,0.29613,0.9561,1.279,1.3377
aw-cql-weight1-seed1,cql,65000,7,65000,09aa16632b604bef,-1177.461181641,64933,19513,19.1381,10.3796,8.7585,45.0461,0.19444,0.921,1.2282,1.3335
aw-cql-weight1-seed1,cql,65000,11,65000,09aa16632b604bef,-1177.461181641,76763,39227,13.3935,5.1391,8.2545,45.0461,0.18324,0.9726,1.1193,1.1508
aw-cql-weight1-seed1,cql,65000,12,65000,09aa16632b604bef,-1177.461181641,33583,82841,13.2471,6.1927,7.0544,45.0461,0.1566,0.9503,1.0706,1.1265
aw-cql-weight1-seed1,cql,65000,13,65000,09aa16632b604bef,-1177.461181641,29838,52509,16.0413,2.2244,13.8169,45.0461,0.30673,0.9108,1.0922,1.1992
aw-cql-weight1-seed1,cql,65000,14,65000,09aa16632b604bef,-1177.461181641,36307,14110,21.1964,3.8734,17.323,45.0461,0.38456,0.9605,1.3362,1.3912
aw-cql-weight1-seed1,cql,66000,0,66000,38df4b7f477d36fc,-1199.916503906,237311,68413,36.1539,21.9131,14.2408,44.8492,0.31753,0.8575,1.4773,1.7227
aw-cql-weight1-seed1,cql,66000,2,66000,38df4b7f477d36fc,-1199.916503906,168808,33814,22.8007,10.613,12.1877,44.8492,0.27175,0.9017,1.1569,1.283
aw-cql-weight1-seed1,cql,66000,4,66000,38df4b7f477d36fc,-1199.916503906,35214,133999,15.5235,3.379,12.1445,44.8492,0.27079,0.8921,1.0187,1.1419
aw-cql-weight1-seed1,cql,66000,5,66000,38df4b7f477d36fc,-1199.916503906,40938,30344,17.7703,1.1994,16.5708,44.8492,0.36948,0.9395,1.1715,1.247
aw-cql-weight1-seed1,cql,66000,6,66000,38df4b7f477d36fc,-1199.916503906,51996,11915,20.2432,6.6705,13.5727,44.8492,0.30263,0.9588,1.2895,1.3449
aw-cql-weight1-seed1,cql,66000,7,66000,38df4b7f477d36fc,-1199.916503906,64933,19513,19.1781,10.3873,8.7908,44.8492,0.19601,0.9198,1.2283,1.3354
aw-cql-weight1-seed1,cql,66000,11,66000,38df4b7f477d36fc,-1199.916503906,76763,39227,13.8047,5.2404,8.5643,44.8492,0.19096,0.9714,1.1244,1.1576
aw-cql-weight1-seed1,cql,66000,12,66000,38df4b7f477d36fc,-1199.916503906,33583,82841,12.7843,5.9385,6.8458,44.8492,0.15264,0.9505,1.0689,1.1246
aw-cql-weight1-seed1,cql,66000,13,66000,38df4b7f477d36fc,-1199.916503906,29838,52509,15.235,1.9523,13.2827,44.8492,0.29616,0.9128,1.0899,1.194
aw-cql-weight1-seed1,cql,66000,14,66000,38df4b7f477d36fc,-1199.916503906,36307,14110,21.687,3.9053,17.7817,44.8492,0.39648,0.961,1.3264,1.3802
aw-cql-weight1-seed1,cql,67000,0,67000,23606ed9a8eb40a1,-1214.891235352,237311,68413,36.1752,21.4842,14.691,45.1938,0.32507,0.8539,1.4586,1.7081
aw-cql-weight1-seed1,cql,67000,2,67000,23606ed9a8eb40a1,-1214.891235352,168808,33814,22.5236,10.4153,12.1083,45.1938,0.26792,0.9003,1.1516,1.2792
aw-cql-weight1-seed1,cql,67000,4,67000,23606ed9a8eb40a1,-1214.891235352,35214,133999,15.4601,3.2797,12.1803,45.1938,0.26951,0.8953,1.0216,1.141
aw-cql-weight1-seed1,cql,67000,5,67000,23606ed9a8eb40a1,-1214.891235352,40938,30344,17.5974,0.9166,16.6808,45.1938,0.36909,0.9394,1.169,1.2444
aw-cql-weight1-seed1,cql,67000,6,67000,23606ed9a8eb40a1,-1214.891235352,51996,11915,20.0754,6.328,13.7475,45.1938,0.30419,0.9617,1.2847,1.3358
aw-cql-weight1-seed1,cql,67000,7,67000,23606ed9a8eb40a1,-1214.891235352,64933,19513,19.1933,10.1664,9.0269,45.1938,0.19974,0.9256,1.2303,1.3292
aw-cql-weight1-seed1,cql,67000,11,67000,23606ed9a8eb40a1,-1214.891235352,76763,39227,13.6195,5.0608,8.5587,45.1938,0.18938,0.9707,1.1184,1.1521
aw-cql-weight1-seed1,cql,67000,12,67000,23606ed9a8eb40a1,-1214.891235352,33583,82841,12.326,5.2704,7.0555,45.1938,0.15612,0.9538,1.0709,1.1227
aw-cql-weight1-seed1,cql,67000,13,67000,23606ed9a8eb40a1,-1214.891235352,29838,52509,15.5997,1.93,13.6697,45.1938,0.30247,0.916,1.0931,1.1934
aw-cql-weight1-seed1,cql,67000,14,67000,23606ed9a8eb40a1,-1214.891235352,36307,14110,21.2832,3.5949,17.6883,45.1938,0.39139,0.9622,1.3278,1.3799
aw-cql-weight1-seed1,cql,68000,0,68000,869fb6dd2891b69f,-1250.307861328,237311,68413,36.0511,21.3017,14.7494,44.637,0.33043,0.8553,1.4575,1.704
aw-cql-weight1-seed1,cql,68000,2,68000,869fb6dd2891b69f,-1250.307861328,168808,33814,21.9774,10.2596,11.7178,44.637,0.26251,0.9016,1.1598,1.2864
aw-cql-weight1-seed1,cql,68000,4,68000,869fb6dd2891b69f,-1250.307861328,35214,133999,15.7841,3.5444,12.2397,44.637,0.27421,0.8944,1.0183,1.1386
aw-cql-weight1-seed1,cql,68000,5,68000,869fb6dd2891b69f,-1250.307861328,40938,30344,17.8556,1.0311,16.8245,44.637,0.37692,0.9389,1.1663,1.2422
aw-cql-weight1-seed1,cql,68000,6,68000,869fb6dd2891b69f,-1250.307861328,51996,11915,20.2659,6.8787,13.3871,44.637,0.29991,0.956,1.275,1.3337
aw-cql-weight1-seed1,cql,68000,7,68000,869fb6dd2891b69f,-1250.307861328,64933,19513,18.737,10.2089,8.5281,44.637,0.19106,0.9205,1.222,1.3276
aw-cql-weight1-seed1,cql,68000,11,68000,869fb6dd2891b69f,-1250.307861328,76763,39227,13.8256,5.2167,8.6089,44.637,0.19286,0.9717,1.1183,1.1509
aw-cql-weight1-seed1,cql,68000,12,68000,869fb6dd2891b69f,-1250.307861328,33583,82841,13.5863,6.4447,7.1415,44.637,0.15999,0.9559,1.0737,1.1233
aw-cql-weight1-seed1,cql,68000,13,68000,869fb6dd2891b69f,-1250.307861328,29838,52509,16.1444,2.1559,13.9885,44.637,0.31338,0.9132,1.0912,1.1948
aw-cql-weight1-seed1,cql,68000,14,68000,869fb6dd2891b69f,-1250.307861328,36307,14110,21.5445,3.7753,17.7692,44.637,0.39808,0.9596,1.3219,1.3775
aw-cql-weight1-seed1,cql,69000,0,69000,792edf3aa93fa060,-1280.965820312,237311,68413,36.0456,22.1835,13.8622,44.7009,0.31011,0.8557,1.4671,1.7144
aw-cql-weight1-seed1,cql,69000,2,69000,792edf3aa93fa060,-1280.965820312,168808,33814,22.3626,10.2384,12.1242,44.7009,0.27123,0.9013,1.16,1.2869
aw-cql-weight1-seed1,cql,69000,4,69000,792edf3aa93fa060,-1280.965820312,35214,133999,14.5231,3.2121,11.3109,44.7009,0.25304,0.8898,1.0161,1.1419
aw-cql-weight1-seed1,cql,69000,5,69000,792edf3aa93fa060,-1280.965820312,40938,30344,16.9189,1.0136,15.9052,44.7009,0.35581,0.9337,1.1604,1.2428
aw-cql-weight1-seed1,cql,69000,6,69000,792edf3aa93fa060,-1280.965820312,51996,11915,19.2536,5.9119,13.3417,44.7009,0.29847,0.9564,1.2777,1.3358
aw-cql-weight1-seed1,cql,69000,7,69000,792edf3aa93fa060,-1280.965820312,64933,19513,19.096,10.3603,8.7357,44.7009,0.19543,0.9217,1.2262,1.3303
aw-cql-weight1-seed1,cql,69000,11,69000,792edf3aa93fa060,-1280.965820312,76763,39227,13.3582,5.1794,8.1788,44.7009,0.18297,0.9731,1.1173,1.1482
aw-cql-weight1-seed1,cql,69000,12,69000,792edf3aa93fa060,-1280.965820312,33583,82841,13.003,5.8168,7.1862,44.7009,0.16076,0.9526,1.0675,1.1206
aw-cql-weight1-seed1,cql,69000,13,69000,792edf3aa93fa060,-1280.965820312,29838,52509,15.8875,2.0584,13.8291,44.7009,0.30937,0.9097,1.0862,1.194
aw-cql-weight1-seed1,cql,69000,14,69000,792edf3aa93fa060,-1280.965820312,36307,14110,21.2489,3.4138,17.8351,44.7009,0.39899,0.9575,1.3151,1.3735
aw-cql-weight1-seed1,cql,70000,0,70000,47430d82f4ed1f04,-1310.344970703,237311,68413,35.7351,21.5722,14.1629,44.7151,0.31674,0.8551,1.4663,1.7148
aw-cql-weight1-seed1,cql,70000,2,70000,47430d82f4ed1f04,-1310.344970703,168808,33814,21.8805,10.2472,11.6333,44.7151,0.26017,0.8997,1.1556,1.2844
aw-cql-weight1-seed1,cql,70000,4,70000,47430d82f4ed1f04,-1310.344970703,35214,133999,14.5227,3.1653,11.3574,44.7151,0.25399,0.8977,1.0178,1.1338
aw-cql-weight1-seed1,cql,70000,5,70000,47430d82f4ed1f04,-1310.344970703,40938,30344,17.171,0.8756,16.2955,44.7151,0.36443,0.9448,1.1671,1.2353
aw-cql-weight1-seed1,cql,70000,6,70000,47430d82f4ed1f04,-1310.344970703,51996,11915,19.5877,6.2937,13.294,44.7151,0.2973,0.9586,1.2866,1.3421
aw-cql-weight1-seed1,cql,70000,7,70000,47430d82f4ed1f04,-1310.344970703,64933,19513,18.7996,9.9542,8.8454,44.7151,0.19782,0.9204,1.2309,1.3373
aw-cql-weight1-seed1,cql,70000,11,70000,47430d82f4ed1f04,-1310.344970703,76763,39227,12.9258,4.8954,8.0304,44.7151,0.17959,0.9707,1.1168,1.1505
aw-cql-weight1-seed1,cql,70000,12,70000,47430d82f4ed1f04,-1310.344970703,33583,82841,11.9708,5.5452,6.4255,44.7151,0.1437,0.9495,1.0635,1.12
aw-cql-weight1-seed1,cql,70000,13,70000,47430d82f4ed1f04,-1310.344970703,29838,52509,15.8154,2.0266,13.7888,44.7151,0.30837,0.9231,1.0905,1.1814
aw-cql-weight1-seed1,cql,70000,14,70000,47430d82f4ed1f04,-1310.344970703,36307,14110,21.6177,3.714,17.9037,44.7151,0.40039,0.9697,1.3295,1.3711
aw-cql-weight1-seed1,cql,71000,0,71000,1e413cd15424cd18,-1343.499389648,237311,68413,35.3816,21.9395,13.4421,44.105,0.30478,0.8556,1.4957,1.7481
aw-cql-weight1-seed1,cql,71000,2,71000,1e413cd15424cd18,-1343.499389648,168808,33814,22.2744,10.5951,11.6793,44.105,0.26481,0.9028,1.1621,1.2872
aw-cql-weight1-seed1,cql,71000,4,71000,1e413cd15424cd18,-1343.499389648,35214,133999,15.1985,3.4084,11.7901,44.105,0.26732,0.8921,1.0202,1.1436
aw-cql-weight1-seed1,cql,71000,5,71000,1e413cd15424cd18,-1343.499389648,40938,30344,17.0119,0.9372,16.0747,44.105,0.36446,0.9361,1.1708,1.2507
aw-cql-weight1-seed1,cql,71000,6,71000,1e413cd15424cd18,-1343.499389648,51996,11915,20.1246,6.1854,13.9391,44.105,0.31604,0.9572,1.2838,1.3412
aw-cql-weight1-seed1,cql,71000,7,71000,1e413cd15424cd18,-1343.499389648,64933,19513,19.0413,10.1882,8.8531,44.105,0.20073,0.9228,1.2369,1.3403
aw-cql-weight1-seed1,cql,71000,11,71000,1e413cd15424cd18,-1343.499389648,76763,39227,13.5606,5.2261,8.3345,44.105,0.18897,0.9684,1.117,1.1534
aw-cql-weight1-seed1,cql,71000,12,71000,1e413cd15424cd18,-1343.499389648,33583,82841,13.1854,5.8441,7.3413,44.105,0.16645,0.9533,1.0727,1.1253
aw-cql-weight1-seed1,cql,71000,13,71000,1e413cd15424cd18,-1343.499389648,29838,52509,15.3476,2.0313,13.3163,44.105,0.30192,0.9118,1.0896,1.195
aw-cql-weight1-seed1,cql,71000,14,71000,1e413cd15424cd18,-1343.499389648,36307,14110,20.7676,3.4917,17.2759,44.105,0.3917,0.9598,1.3227,1.3782
aw-cql-weight1-seed1,cql,72000,0,72000,a4b6c585e70d631e,-1364.752197266,237311,68413,35.5327,21.5755,13.9573,44.2966,0.31509,0.8568,1.4723,1.7184
aw-cql-weight1-seed1,cql,72000,2,72000,a4b6c585e70d631e,-1364.752197266,168808,33814,22.3313,10.1636,12.1677,44.2966,0.27469,0.9022,1.16,1.2857
aw-cql-weight1-seed1,cql,72000,4,72000,a4b6c585e70d631e,-1364.752197266,35214,133999,14.3786,3.0969,11.2817,44.2966,0.25469,0.8945,1.0182,1.1383
aw-cql-weight1-seed1,cql,72000,5,72000,a4b6c585e70d631e,-1364.752197266,40938,30344,16.8555,0.8963,15.9592,44.2966,0.36028,0.9373,1.1717,1.2501
aw-cql-weight1-seed1,cql,72000,6,72000,a4b6c585e70d631e,-1364.752197266,51996,11915,19.9685,6.3166,13.6519,44.2966,0.30819,0.9557,1.2709,1.3297
aw-cql-weight1-seed1,cql,72000,7,72000,a4b6c585e70d631e,-1364.752197266,64933,19513,18.6405,9.7085,8.932,44.2966,0.20164,0.9207,1.2297,1.3355
aw-cql-weight1-seed1,cql,72000,11,72000,a4b6c585e70d631e,-1364.752197266,76763,39227,13.3801,5.2125,8.1676,44.2966,0.18438,0.9715,1.1213,1.1542
aw-cql-weight1-seed1,cql,72000,12,72000,a4b6c585e70d631e,-1364.752197266,33583,82841,12.4762,5.738,6.7382,44.2966,0.15212,0.9512,1.0654,1.1201
aw-cql-weight1-seed1,cql,72000,13,72000,a4b6c585e70d631e,-1364.752197266,29838,52509,15.2936,1.8746,13.4189,44.2966,0.30293,0.9154,1.0912,1.1921
aw-cql-weight1-seed1,cql,72000,14,72000,a4b6c585e70d631e,-1364.752197266,36307,14110,20.9152,3.3323,17.5829,44.2966,0.39694,0.9617,1.3244,1.3771
aw-cql-weight1-seed1,cql,73000,0,73000,733f7346a1faaf4f,-1391.995483398,237311,68413,35.6744,21.373,14.3014,44.3654,0.32235,0.8548,1.4622,1.7106
aw-cql-weight1-seed1,cql,73000,2,73000,733f7346a1faaf4f,-1391.995483398,168808,33814,21.8542,10.303,11.5512,44.3654,0.26036,0.901,1.1574,1.2845
aw-cql-weight1-seed1,cql,73000,4,73000,733f7346a1faaf4f,-1391.995483398,35214,133999,14.8863,3.3636,11.5227,44.3654,0.25972,0.8902,1.0175,1.143
aw-cql-weight1-seed1,cql,73000,5,73000,733f7346a1faaf4f,-1391.995483398,40938,30344,17.0454,1.0824,15.963,44.3654,0.35981,0.937,1.1637,1.2419
aw-cql-weight1-seed1,cql,73000,6,73000,733f7346a1faaf4f,-1391.995483398,51996,11915,19.3795,5.6114,13.7681,44.3654,0.31033,0.956,1.2761,1.3348
aw-cql-weight1-seed1,cql,73000,7,73000,733f7346a1faaf4f,-1391.995483398,64933,19513,18.7824,10.2706,8.5118,44.3654,0.19186,0.9193,1.2304,1.3384
aw-cql-weight1-seed1,cql,73000,11,73000,733f7346a1faaf4f,-1391.995483398,76763,39227,13.9206,5.3898,8.5308,44.3654,0.19229,0.9702,1.1195,1.1538
aw-cql-weight1-seed1,cql,73000,12,73000,733f7346a1faaf4f,-1391.995483398,33583,82841,12.0938,5.5029,6.5909,44.3654,0.14856,0.95,1.0679,1.1241
aw-cql-weight1-seed1,cql,73000,13,73000,733f7346a1faaf4f,-1391.995483398,29838,52509,14.4573,1.7824,12.6749,44.3654,0.28569,0.9118,1.0873,1.1924
aw-cql-weight1-seed1,cql,73000,14,73000,733f7346a1faaf4f,-1391.995483398,36307,14110,20.7375,3.4193,17.3182,44.3654,0.39035,0.9597,1.3222,1.3777
aw-cql-weight1-seed1,cql,74000,0,74000,7d3e213e85165067,-1426.126098633,237311,68413,35.5498,22.1458,13.404,44.3964,0.30192,0.8544,1.4757,1.7273
aw-cql-weight1-seed1,cql,74000,2,74000,7d3e213e85165067,-1426.126098633,168808,33814,22.0719,10.026,12.046,44.3964,0.27133,0.902,1.1602,1.2864
aw-cql-weight1-seed1,cql,74000,4,74000,7d3e213e85165067,-1426.126098633,35214,133999,14.9245,3.0014,11.9231,44.3964,0.26856,0.8888,1.014,1.1409
aw-cql-weight1-seed1,cql,74000,5,74000,7d3e213e85165067,-1426.126098633,40938,30344,17.1453,0.8403,16.305,44.3964,0.36726,0.9356,1.1702,1.2508
aw-cql-weight1-seed1,cql,74000,6,74000,7d3e213e85165067,-1426.126098633,51996,11915,19.6378,5.9774,13.6603,44.3964,0.30769,0.9572,1.2887,1.3464
aw-cql-weight1-seed1,cql,74000,7,74000,7d3e213e85165067,-1426.126098633,64933,19513,18.4412,9.783,8.6582,44.3964,0.19502,0.9225,1.2219,1.3246
aw-cql-weight1-seed1,cql,74000,11,74000,7d3e213e85165067,-1426.126098633,76763,39227,12.5204,4.7596,7.7607,44.3964,0.17481,0.9688,1.1179,1.1539
aw-cql-weight1-seed1,cql,74000,12,74000,7d3e213e85165067,-1426.126098633,33583,82841,12.6005,5.8716,6.7288,44.3964,0.15156,0.9475,1.063,1.122
aw-cql-weight1-seed1,cql,74000,13,74000,7d3e213e85165067,-1426.126098633,29838,52509,15.6185,1.9143,13.7042,44.3964,0.30868,0.9115,1.091,1.1969
aw-cql-weight1-seed1,cql,74000,14,74000,7d3e213e85165067,-1426.126098633,36307,14110,21.0529,3.1912,17.8618,44.3964,0.40232,0.962,1.3317,1.3844
aw-cql-weight1-seed1,cql,75000,0,75000,4c96b47a318cfa75,-1465.898925781,237311,68413,35.4875,21.4516,14.0359,44.4518,0.31576,0.8533,1.4622,1.7137
aw-cql-weight1-seed1,cql,75000,2,75000,4c96b47a318cfa75,-1465.898925781,168808,33814,21.6847,10.1469,11.5378,44.4518,0.25956,0.9015,1.1543,1.2805
aw-cql-weight1-seed1,cql,75000,4,75000,4c96b47a318cfa75,-1465.898925781,35214,133999,15.1393,3.2929,11.8465,44.4518,0.2665,0.8905,1.0182,1.1434
aw-cql-weight1-seed1,cql,75000,5,75000,4c96b47a318cfa75,-1465.898925781,40938,30344,17.5978,1.0663,16.5315,44.4518,0.3719,0.9358,1.1687,1.2489
aw-cql-weight1-seed1,cql,75000,6,75000,4c96b47a318cfa75,-1465.898925781,51996,11915,20.1065,6.1952,13.9113,44.4518,0.31295,0.9569,1.2867,1.3446
aw-cql-weight1-seed1,cql,75000,7,75000,4c96b47a318cfa75,-1465.898925781,64933,19513,18.8415,9.8667,8.9748,44.4518,0.2019,0.9227,1.2237,1.3262
aw-cql-weight1-seed1,cql,75000,11,75000,4c96b47a318cfa75,-1465.898925781,76763,39227,13.2791,4.9379,8.3412,44.4518,0.18765,0.9698,1.1172,1.152
aw-cql-weight1-seed1,cql,75000,12,75000,4c96b47a318cfa75,-1465.898925781,33583,82841,12.0158,5.397,6.6188,44.4518,0.1489,0.9505,1.0661,1.1216
aw-cql-weight1-seed1,cql,75000,13,75000,4c96b47a318cfa75,-1465.898925781,29838,52509,14.994,1.8267,13.1673,44.4518,0.29621,0.9081,1.0911,1.2015
aw-cql-weight1-seed1,cql,75000,14,75000,4c96b47a318cfa75,-1465.898925781,36307,14110,20.8386,3.1647,17.6739,44.4518,0.3976,0.9581,1.3252,1.3832
aw-cql-weight1-seed1,cql,76000,0,76000,c39fbcab31a1ea65,-1481.136230469,237311,68413,35.4751,21.9201,13.555,44.5769,0.30408,0.8549,1.4707,1.7203
aw-cql-weight1-seed1,cql,76000,2,76000,c39fbcab31a1ea65,-1481.136230469,168808,33814,21.3223,9.7621,11.5603,44.5769,0.25933,0.9011,1.1574,1.2844
aw-cql-weight1-seed1,cql,76000,4,76000,c39fbcab31a1ea65,-1481.136230469,35214,133999,14.2087,2.9749,11.2338,44.5769,0.25201,0.8883,1.0132,1.1406
aw-cql-weight1-seed1,cql,76000,5,76000,c39fbcab31a1ea65,-1481.136230469,40938,30344,16.6905,0.7389,15.9517,44.5769,0.35785,0.9404,1.1649,1.2387
aw-cql-weight1-seed1,cql,76000,6,76000,c39fbcab31a1ea65,-1481.136230469,51996,11915,19.3946,5.7018,13.6928,44.5769,0.30717,0.9558,1.2754,1.3344
aw-cql-weight1-seed1,cql,76000,7,76000,c39fbcab31a1ea65,-1481.136230469,64933,19513,18.2621,9.6376,8.6245,44.5769,0.19347,0.9191,1.2289,1.337
aw-cql-weight1-seed1,cql,76000,11,76000,c39fbcab31a1ea65,-1481.136230469,76763,39227,12.7229,4.8297,7.8932,44.5769,0.17707,0.9721,1.1205,1.1527
aw-cql-weight1-seed1,cql,76000,12,76000,c39fbcab31a1ea65,-1481.136230469,33583,82841,12.3126,5.5547,6.7579,44.5769,0.1516,0.9481,1.0622,1.1203
aw-cql-weight1-seed1,cql,76000,13,76000,c39fbcab31a1ea65,-1481.136230469,29838,52509,15.1982,1.7652,13.433,44.5769,0.30134,0.9176,1.0886,1.1863
aw-cql-weight1-seed1,cql,76000,14,76000,c39fbcab31a1ea65,-1481.136230469,36307,14110,21.1527,3.3944,17.7583,44.5769,0.39837,0.9636,1.3213,1.3712
aw-cql-weight1-seed1,cql,77000,0,77000,20c0ea075143b1ce,-1513.7265625,237311,68413,35.1029,21.0661,14.0368,43.8635,0.32001,0.8536,1.4535,1.7028
aw-cql-weight1-seed1,cql,77000,2,77000,20c0ea075143b1ce,-1513.7265625,168808,33814,20.946,9.6566,11.2894,43.8635,0.25738,0.8994,1.1479,1.2762
aw-cql-weight1-seed1,cql,77000,4,77000,20c0ea075143b1ce,-1513.7265625,35214,133999,14.6386,3.1335,11.505,43.8635,0.26229,0.8914,1.0169,1.1407
aw-cql-weight1-seed1,cql,77000,5,77000,20c0ea075143b1ce,-1513.7265625,40938,30344,16.553,0.7913,15.7617,43.8635,0.35934,0.9383,1.1643,1.2408
aw-cql-weight1-seed1,cql,77000,6,77000,20c0ea075143b1ce,-1513.7265625,51996,11915,19.5434,6.1322,13.4112,43.8635,0.30575,0.9548,1.2743,1.3346
aw-cql-weight1-seed1,cql,77000,7,77000,20c0ea075143b1ce,-1513.7265625,64933,19513,18.5213,9.5428,8.9785,43.8635,0.20469,0.9184,1.2231,1.3317
aw-cql-weight1-seed1,cql,77000,11,77000,20c0ea075143b1ce,-1513.7265625,76763,39227,12.6923,4.7937,7.8986,43.8635,0.18007,0.9682,1.119,1.1558
aw-cql-weight1-seed1,cql,77000,12,77000,20c0ea075143b1ce,-1513.7265625,33583,82841,12.2019,5.525,6.6769,43.8635,0.15222,0.9483,1.0631,1.1211
aw-cql-weight1-seed1,cql,77000,13,77000,20c0ea075143b1ce,-1513.7265625,29838,52509,15.3046,1.977,13.3277,43.8635,0.30384,0.9147,1.0904,1.192
aw-cql-weight1-seed1,cql,77000,14,77000,20c0ea075143b1ce,-1513.7265625,36307,14110,20.4603,3.0923,17.368,43.8635,0.39596,0.9604,1.3118,1.3659
aw-cql-weight1-seed1,cql,78000,0,78000,98ca20779b8f10e6,-1541.193603516,237311,68413,35.0931,21.0371,14.0559,43.7467,0.3213,0.8558,1.4619,1.7084
aw-cql-weight1-seed1,cql,78000,2,78000,98ca20779b8f10e6,-1541.193603516,168808,33814,21.3822,9.6732,11.7091,43.7467,0.26766,0.9001,1.15,1.2776
aw-cql-weight1-seed1,cql,78000,4,78000,98ca20779b8f10e6,-1541.193603516,35214,133999,14.7839,3.0486,11.7353,43.7467,0.26826,0.8908,1.0155,1.14
aw-cql-weight1-seed1,cql,78000,5,78000,98ca20779b8f10e6,-1541.193603516,40938,30344,16.9978,0.9342,16.0636,43.7467,0.3672,0.9329,1.162,1.2457
aw-cql-weight1-seed1,cql,78000,6,78000,98ca20779b8f10e6,-1541.193603516,51996,11915,19.8865,5.8329,14.0536,43.7467,0.32125,0.9573,1.2842,1.3415
aw-cql-weight1-seed1,cql,78000,7,78000,98ca20779b8f10e6,-1541.193603516,64933,19513,18.6426,9.7952,8.8474,43.7467,0.20224,0.9205,1.2278,1.3338
aw-cql-weight1-seed1,cql,78000,11,78000,98ca20779b8f10e6,-1541.193603516,76763,39227,12.7226,4.7443,7.9784,43.7467,0.18238,0.9688,1.1152,1.1511
aw-cql-weight1-seed1,cql,78000,12,78000,98ca20779b8f10e6,-1541.193603516,33583,82841,12.0959,5.3179,6.778,43.7467,0.15494,0.9533,1.0685,1.1209
aw-cql-weight1-seed1,cql,78000,13,78000,98ca20779b8f10e6,-1541.193603516,29838,52509,14.9539,1.7499,13.204,43.7467,0.30183,0.9138,1.0873,1.1898
aw-cql-weight1-seed1,cql,78000,14,78000,98ca20779b8f10e6,-1541.193603516,36307,14110,20.6808,3.1315,17.5493,43.7467,0.40116,0.9601,1.3228,1.3777
aw-cql-weight1-seed1,cql,79000,0,79000,a433972a1382ee3f,-1572.30065918,237311,68413,34.8804,20.5702,14.3102,43.9151,0.32586,0.8537,1.4511,1.6998
aw-cql-weight1-seed1,cql,79000,2,79000,a433972a1382ee3f,-1572.30065918,168808,33814,21.0739,9.3958,11.6782,43.9151,0.26593,0.9002,1.1527,1.2805
aw-cql-weight1-seed1,cql,79000,4,79000,a433972a1382ee3f,-1572.30065918,35214,133999,13.6024,2.93,10.6723,43.9151,0.24302,0.8879,1.0119,1.1396
aw-cql-weight1-seed1,cql,79000,5,79000,a433972a1382ee3f,-1572.30065918,40938,30344,16.5676,0.8849,15.6827,43.9151,0.35711,0.9361,1.167,1.2466
aw-cql-weight1-seed1,cql,79000,6,79000,a433972a1382ee3f,-1572.30065918,51996,11915,18.9496,5.4857,13.4639,43.9151,0.30659,0.955,1.2784,1.3387
aw-cql-weight1-seed1,cql,79000,7,79000,a433972a1382ee3f,-1572.30065918,64933,19513,17.9871,9.5809,8.4062,43.9151,0.19142,0.9233,1.2344,1.337
aw-cql-weight1-seed1,cql,79000,11,79000,a433972a1382ee3f,-1572.30065918,76763,39227,12.4517,4.6399,7.8118,43.9151,0.17788,0.9701,1.1189,1.1534
aw-cql-weight1-seed1,cql,79000,12,79000,a433972a1382ee3f,-1572.30065918,33583,82841,11.2178,4.9524,6.2654,43.9151,0.14267,0.9498,1.0638,1.12
aw-cql-weight1-seed1,cql,79000,13,79000,a433972a1382ee3f,-1572.30065918,29838,52509,14.372,1.8452,12.5268,43.9151,0.28525,0.9101,1.0874,1.1948
aw-cql-weight1-seed1,cql,79000,14,79000,a433972a1382ee3f,-1572.30065918,36307,14110,20.5936,3.2455,17.3481,43.9151,0.39504,0.9565,1.3193,1.3792
aw-cql-weight1-seed1,cql,80000,0,80000,bddf952b8afb83ab,-1599.250976562,237311,68413,35.4195,21.2361,14.1833,44.17,0.32111,0.8525,1.4521,1.7033
aw-cql-weight1-seed1,cql,80000,2,80000,bddf952b8afb83ab,-1599.250976562,168808,33814,21.5629,9.725,11.838,44.17,0.26801,0.9008,1.154,1.2811
aw-cql-weight1-seed1,cql,80000,4,80000,bddf952b8afb83ab,-1599.250976562,35214,133999,14.0995,3.0697,11.0299,44.17,0.24971,0.8908,1.0108,1.1347
aw-cql-weight1-seed1,cql,80000,5,80000,bddf952b8afb83ab,-1599.250976562,40938,30344,16.1483,0.8157,15.3326,44.17,0.34713,0.9359,1.1612,1.2408
aw-cql-weight1-seed1,cql,80000,6,80000,bddf952b8afb83ab,-1599.250976562,51996,11915,19.088,5.6316,13.4565,44.17,0.30465,0.9567,1.2761,1.3339
aw-cql-weight1-seed1,cql,80000,7,80000,bddf952b8afb83ab,-1599.250976562,64933,19513,18.1021,9.2767,8.8254,44.17,0.1998,0.9192,1.2241,1.3318
aw-cql-weight1-seed1,cql,80000,11,80000,bddf952b8afb83ab,-1599.250976562,76763,39227,12.7419,4.785,7.9569,44.17,0.18014,0.9699,1.116,1.1506
aw-cql-weight1-seed1,cql,80000,12,80000,bddf952b8afb83ab,-1599.250976562,33583,82841,11.9865,5.4179,6.5687,44.17,0.14871,0.9481,1.0616,1.1197
aw-cql-weight1-seed1,cql,80000,13,80000,bddf952b8afb83ab,-1599.250976562,29838,52509,15.036,1.9505,13.0855,44.17,0.29625,0.9128,1.0843,1.1879
aw-cql-weight1-seed1,cql,80000,14,80000,bddf952b8afb83ab,-1599.250976562,36307,14110,20.6081,3.0611,17.547,44.17,0.39726,0.9607,1.3117,1.3655
aw-cql-weight1-seed1,cql,81000,0,81000,dd0ef49c5a6b4334,-1623.15625,237311,68413,34.9607,20.6734,14.2872,44.1184,0.32384,0.8538,1.4417,1.6886
aw-cql-weight1-seed1,cql,81000,2,81000,dd0ef49c5a6b4334,-1623.15625,168808,33814,21.1272,9.4408,11.6864,44.1184,0.26489,0.9008,1.1539,1.2809
aw-cql-weight1-seed1,cql,81000,4,81000,dd0ef49c5a6b4334,-1623.15625,35214,133999,14.2428,3.107,11.1358,44.1184,0.25241,0.8884,1.0165,1.1442
aw-cql-weight1-seed1,cql,81000,5,81000,dd0ef49c5a6b4334,-1623.15625,40938,30344,16.8364,1.0151,15.8213,44.1184,0.35861,0.9372,1.1712,1.2498
aw-cql-weight1-seed1,cql,81000,6,81000,dd0ef49c5a6b4334,-1623.15625,51996,11915,19.3819,6.1369,13.245,44.1184,0.30022,0.9577,1.2908,1.3479
aw-cql-weight1-seed1,cql,81000,7,81000,dd0ef49c5a6b4334,-1623.15625,64933,19513,18.3236,9.7185,8.6051,44.1184,0.19505,0.9195,1.2343,1.3424
aw-cql-weight1-seed1,cql,81000,11,81000,dd0ef49c5a6b4334,-1623.15625,76763,39227,12.6702,4.6619,8.0083,44.1184,0.18152,0.9694,1.1149,1.1501
aw-cql-weight1-seed1,cql,81000,12,81000,dd0ef49c5a6b4334,-1623.15625,33583,82841,12.5448,5.7889,6.7559,44.1184,0.15313,0.9501,1.067,1.1231
aw-cql-weight1-seed1,cql,81000,13,81000,dd0ef49c5a6b4334,-1623.15625,29838,52509,14.9228,1.8058,13.117,44.1184,0.29731,0.912,1.0905,1.1958
aw-cql-weight1-seed1,cql,81000,14,81000,dd0ef49c5a6b4334,-1623.15625,36307,14110,20.434,3.1478,17.2862,44.1184,0.39181,0.9637,1.3321,1.3823
aw-cql-weight1-seed1,cql,82000,0,82000,bdf8f80661f09c90,-1655.81237793,237311,68413,34.9213,21.1931,13.7282,43.2482,0.31743,0.854,1.4539,1.7024
aw-cql-weight1-seed1,cql,82000,2,82000,bdf8f80661f09c90,-1655.81237793,168808,33814,20.9446,9.8046,11.14,43.2482,0.25758,0.9003,1.1526,1.2803
aw-cql-weight1-seed1,cql,82000,4,82000,bdf8f80661f09c90,-1655.81237793,35214,133999,13.7416,3.1245,10.6171,43.2482,0.24549,0.888,1.0154,1.1435
aw-cql-weight1-seed1,cql,82000,5,82000,bdf8f80661f09c90,-1655.81237793,40938,30344,16.0939,0.5791,15.5149,43.2482,0.35874,0.9361,1.1655,1.2451
aw-cql-weight1-seed1,cql,82000,6,82000,bdf8f80661f09c90,-1655.81237793,51996,11915,19.0144,5.6541,13.3602,43.2482,0.30892,0.9555,1.2819,1.3415
aw-cql-weight1-seed1,cql,82000,7,82000,bdf8f80661f09c90,-1655.81237793,64933,19513,18.0854,9.6309,8.4545,43.2482,0.19549,0.9196,1.2174,1.3238
aw-cql-weight1-seed1,cql,82000,11,82000,bdf8f80661f09c90,-1655.81237793,76763,39227,12.557,4.8424,7.7146,43.2482,0.17838,0.9672,1.1127,1.1505
aw-cql-weight1-seed1,cql,82000,12,82000,bdf8f80661f09c90,-1655.81237793,33583,82841,11.4907,5.1221,6.3685,43.2482,0.14726,0.95,1.0609,1.1167
aw-cql-weight1-seed1,cql,82000,13,82000,bdf8f80661f09c90,-1655.81237793,29838,52509,13.9642,1.7245,12.2398,43.2482,0.28301,0.9136,1.0894,1.1925
aw-cql-weight1-seed1,cql,82000,14,82000,bdf8f80661f09c90,-1655.81237793,36307,14110,20.4762,3.01,17.4661,43.2482,0.40386,0.9636,1.3258,1.3758
aw-cql-weight1-seed1,cql,83000,0,83000,86c4ad43c0ecaea2,-1694.347412109,237311,68413,34.963,20.6241,14.3389,43.7564,0.3277,0.8541,1.4526,1.7007
aw-cql-weight1-seed1,cql,83000,2,83000,86c4ad43c0ecaea2,-1694.347412109,168808,33814,21.3365,9.5181,11.8184,43.7564,0.2701,0.8991,1.1447,1.2731
aw-cql-weight1-seed1,cql,83000,4,83000,86c4ad43c0ecaea2,-1694.347412109,35214,133999,12.8379,2.8001,10.0378,43.7564,0.2294,0.8878,1.0159,1.1443
aw-cql-weight1-seed1,cql,83000,5,83000,86c4ad43c0ecaea2,-1694.347412109,40938,30344,15.5172,0.7774,14.7398,43.7564,0.33686,0.9313,1.1641,1.25
aw-cql-weight1-seed1,cql,83000,6,83000,86c4ad43c0ecaea2,-1694.347412109,51996,11915,18.4835,5.526,12.9575,43.7564,0.29613,0.9537,1.2855,1.348
aw-cql-weight1-seed1,cql,83000,7,83000,86c4ad43c0ecaea2,-1694.347412109,64933,19513,17.76,9.1321,8.6279,43.7564,0.19718,0.9187,1.2183,1.3262
aw-cql-weight1-seed1,cql,83000,11,83000,86c4ad43c0ecaea2,-1694.347412109,76763,39227,12.0807,4.4253,7.6554,43.7564,0.17495,0.969,1.1155,1.1512
aw-cql-weight1-seed1,cql,83000,12,83000,86c4ad43c0ecaea2,-1694.347412109,33583,82841,11.4779,5.0473,6.4306,43.7564,0.14696,0.9483,1.0627,1.1206
aw-cql-weight1-seed1,cql,83000,13,83000,86c4ad43c0ecaea2,-1694.347412109,29838,52509,13.4744,1.6358,11.8386,43.7564,0.27056,0.9057,1.0859,1.199
aw-cql-weight1-seed1,cql,83000,14,83000,86c4ad43c0ecaea2,-1694.347412109,36307,14110,19.591,2.8261,16.7649,43.7564,0.38314,0.9548,1.3158,1.3781
aw-cql-weight1-seed1,cql,84000,0,84000,c19ca52562308f21,-1722.79699707,237311,68413,34.9101,21.5397,13.3705,43.1387,0.30994,0.8542,1.4542,1.7024
aw-cql-weight1-seed1,cql,84000,2,84000,c19ca52562308f21,-1722.79699707,168808,33814,21.3354,9.7471,11.5883,43.1387,0.26863,0.9021,1.158,1.2838
aw-cql-weight1-seed1,cql,84000,4,84000,c19ca52562308f21,-1722.79699707,35214,133999,13.4745,2.8309,10.6436,43.1387,0.24673,0.8871,1.0133,1.1422
aw-cql-weight1-seed1,cql,84000,5,84000,c19ca52562308f21,-1722.79699707,40938,30344,16.5309,0.7067,15.8242,43.1387,0.36682,0.9342,1.1626,1.2445
aw-cql-weight1-seed1,cql,84000,6,84000,c19ca52562308f21,-1722.79699707,51996,11915,18.6774,5.4976,13.1798,43.1387,0.30552,0.9526,1.2738,1.3372
aw-cql-weight1-seed1,cql,84000,7,84000,c19ca52562308f21,-1722.79699707,64933,19513,17.8931,9.6424,8.2507,43.1387,0.19126,0.9176,1.2239,1.3338
aw-cql-weight1-seed1,cql,84000,11,84000,c19ca52562308f21,-1722.79699707,76763,39227,12.1744,4.584,7.5904,43.1387,0.17595,0.9653,1.1103,1.1502
aw-cql-weight1-seed1,cql,84000,12,84000,c19ca52562308f21,-1722.79699707,33583,82841,11.4196,5.1755,6.2441,43.1387,0.14474,0.9475,1.0614,1.1202
aw-cql-weight1-seed1,cql,84000,13,84000,c19ca52562308f21,-1722.79699707,29838,52509,14.1838,1.6711,12.5127,43.1387,0.29006,0.9111,1.0876,1.1936
aw-cql-weight1-seed1,cql,84000,14,84000,c19ca52562308f21,-1722.79699707,36307,14110,19.8999,2.4915,17.4084,43.1387,0.40355,0.9609,1.3207,1.3744
aw-cql-weight1-seed1,cql,85000,0,85000,d6d7c75172a2ee96,-1756.752319336,237311,68413,34.8633,20.8671,13.9962,43.3149,0.32313,0.8527,1.4406,1.6894
aw-cql-weight1-seed1,cql,85000,2,85000,d6d7c75172a2ee96,-1756.752319336,168808,33814,20.9207,9.6412,11.2795,43.3149,0.26041,0.8998,1.1522,1.2805
aw-cql-weight1-seed1,cql,85000,4,85000,d6d7c75172a2ee96,-1756.752319336,35214,133999,13.9201,3.1038,10.8163,43.3149,0.24971,0.8857,1.0132,1.1439
aw-cql-weight1-seed1,cql,85000,5,85000,d6d7c75172a2ee96,-1756.752319336,40938,30344,16.3592,0.8706,15.4886,43.3149,0.35758,0.934,1.1627,1.2448
aw-cql-weight1-seed1,cql,85000,6,85000,d6d7c75172a2ee96,-1756.752319336,51996,11915,18.5706,5.2902,13.2804,43.3149,0.3066,0.9532,1.2692,1.3315
aw-cql-weight1-seed1,cql,85000,7,85000,d6d7c75172a2ee96,-1756.752319336,64933,19513,17.9744,9.4476,8.5268,43.3149,0.19686,0.9178,1.2272,1.337
aw-cql-weight1-seed1,cql,85000,11,85000,d6d7c75172a2ee96,-1756.752319336,76763,39227,12.4538,4.803,7.6509,43.3149,0.17663,0.9687,1.1149,1.1509
aw-cql-weight1-seed1,cql,85000,12,85000,d6d7c75172a2ee96,-1756.752319336,33583,82841,11.9108,5.2557,6.6551,43.3149,0.15364,0.9486,1.0609,1.1184
aw-cql-weight1-seed1,cql,85000,13,85000,d6d7c75172a2ee96,-1756.752319336,29838,52509,14.8523,1.7446,13.1078,43.3149,0.30262,0.9092,1.0846,1.193
aw-cql-weight1-seed1,cql,85000,14,85000,d6d7c75172a2ee96,-1756.752319336,36307,14110,20.5204,2.9272,17.5932,43.3149,0.40617,0.9575,1.3166,1.3751
aw-cql-weight1-seed1,cql,86000,0,86000,af5149f2e4dfad25,-1767.736816406,237311,68413,34.7646,20.9484,13.8162,43.5285,0.31741,0.8539,1.4562,1.7053
aw-cql-weight1-seed1,cql,86000,2,86000,af5149f2e4dfad25,-1767.736816406,168808,33814,21.1583,9.6624,11.4959,43.5285,0.2641,0.9007,1.1539,1.2811
aw-cql-weight1-seed1,cql,86000,4,86000,af5149f2e4dfad25,-1767.736816406,35214,133999,13.7823,2.9163,10.8659,43.5285,0.24963,0.8884,1.0116,1.1387
aw-cql-weight1-seed1,cql,86000,5,86000,af5149f2e4dfad25,-1767.736816406,40938,30344,16.6218,0.7226,15.8991,43.5285,0.36526,0.9315,1.1571,1.2422
aw-cql-weight1-seed1,cql,86000,6,86000,af5149f2e4dfad25,-1767.736816406,51996,11915,19.4094,5.6486,13.7608,43.5285,0.31613,0.9558,1.2786,1.3376
aw-cql-weight1-seed1,cql,86000,7,86000,af5149f2e4dfad25,-1767.736816406,64933,19513,17.8607,9.3886,8.4721,43.5285,0.19463,0.9221,1.2183,1.3212
aw-cql-weight1-seed1,cql,86000,11,86000,af5149f2e4dfad25,-1767.736816406,76763,39227,11.9689,4.4124,7.5565,43.5285,0.1736,0.9686,1.1168,1.1529
aw-cql-weight1-seed1,cql,86000,12,86000,af5149f2e4dfad25,-1767.736816406,33583,82841,11.7552,5.0595,6.6957,43.5285,0.15382,0.9522,1.0634,1.1168
aw-cql-weight1-seed1,cql,86000,13,86000,af5149f2e4dfad25,-1767.736816406,29838,52509,14.7603,1.7577,13.0026,43.5285,0.29871,0.9115,1.0845,1.1898
aw-cql-weight1-seed1,cql,86000,14,86000,af5149f2e4dfad25,-1767.736816406,36307,14110,20.4197,3.1255,17.2942,43.5285,0.39731,0.9613,1.3168,1.3698
aw-cql-weight1-seed1,cql,87000,0,87000,afbf62dd7e4f8185,-1798.637207031,237311,68413,34.6155,20.2696,14.346,43.6986,0.32829,0.8539,1.4469,1.6944
aw-cql-weight1-seed1,cql,87000,2,87000,afbf62dd7e4f8185,-1798.637207031,168808,33814,20.4336,9.2006,11.233,43.6986,0.25706,0.9023,1.1459,1.27
aw-cql-weight1-seed1,cql,87000,4,87000,afbf62dd7e4f8185,-1798.637207031,35214,133999,13.1111,2.7748,10.3363,43.6986,0.23654,0.8874,1.0107,1.1389
aw-cql-weight1-seed1,cql,87000,5,87000,afbf62dd7e4f8185,-1798.637207031,40938,30344,15.9284,0.5642,15.3642,43.6986,0.35159,0.9338,1.1618,1.2441
aw-cql-weight1-seed1,cql,87000,6,87000,afbf62dd7e4f8185,-1798.637207031,51996,11915,18.2887,5.2748,13.0139,43.6986,0.29781,0.9542,1.2782,1.3395
aw-cql-weight1-seed1,cql,87000,7,87000,afbf62dd7e4f8185,-1798.637207031,64933,19513,17.8073,9.3403,8.467,43.6986,0.19376,0.9198,1.224,1.3307
aw-cql-weight1-seed1,cql,87000,11,87000,afbf62dd7e4f8185,-1798.637207031,76763,39227,11.6512,4.255,7.3962,43.6986,0.16925,0.9674,1.112,1.1495
aw-cql-weight1-seed1,cql,87000,12,87000,afbf62dd7e4f8185,-1798.637207031,33583,82841,11.1809,4.8893,6.2916,43.6986,0.14398,0.9476,1.0586,1.1171
aw-cql-weight1-seed1,cql,87000,13,87000,afbf62dd7e4f8185,-1798.637207031,29838,52509,13.7404,1.5386,12.2018,43.6986,0.27923,0.9065,1.0822,1.1939
aw-cql-weight1-seed1,cql,87000,14,87000,afbf62dd7e4f8185,-1798.637207031,36307,14110,19.8674,2.7158,17.1516,43.6986,0.3925,0.9596,1.3107,1.3659
aw-cql-weight1-seed1,cql,88000,0,88000,49bb3b4ce18e3e32,-1838.885253906,237311,68413,35.1751,20.9978,14.1773,43.5933,0.32522,0.8524,1.4508,1.702
aw-cql-weight1-seed1,cql,88000,2,88000,49bb3b4ce18e3e32,-1838.885253906,168808,33814,20.8346,9.3004,11.5342,43.5933,0.26459,0.8992,1.1392,1.2669
aw-cql-weight1-seed1,cql,88000,4,88000,49bb3b4ce18e3e32,-1838.885253906,35214,133999,13.8298,2.8696,10.9602,43.5933,0.25142,0.8881,1.0116,1.139
aw-cql-weight1-seed1,cql,88000,5,88000,49bb3b4ce18e3e32,-1838.885253906,40938,30344,16.5539,0.7417,15.8122,43.5933,0.36272,0.9329,1.1586,1.2419
aw-cql-weight1-seed1,cql,88000,6,88000,49bb3b4ce18e3e32,-1838.885253906,51996,11915,18.7962,5.5322,13.2641,43.5933,0.30427,0.9552,1.2666,1.3261
aw-cql-weight1-seed1,cql,88000,7,88000,49bb3b4ce18e3e32,-1838.885253906,64933,19513,17.5388,9.0234,8.5154,43.5933,0.19534,0.9177,1.2196,1.3289
aw-cql-weight1-seed1,cql,88000,11,88000,49bb3b4ce18e3e32,-1838.885253906,76763,39227,12.3117,4.7235,7.5882,43.5933,0.17407,0.9679,1.1134,1.1503
aw-cql-weight1-seed1,cql,88000,12,88000,49bb3b4ce18e3e32,-1838.885253906,33583,82841,11.4209,5.0074,6.4134,43.5933,0.14712,0.9474,1.0605,1.1194
aw-cql-weight1-seed1,cql,88000,13,88000,49bb3b4ce18e3e32,-1838.885253906,29838,52509,14.8779,1.7909,13.087,43.5933,0.30021,0.9092,1.0845,1.1928
aw-cql-weight1-seed1,cql,88000,14,88000,49bb3b4ce18e3e32,-1838.885253906,36307,14110,20.6372,3.3658,17.2714,43.5933,0.39619,0.9577,1.3067,1.3644
aw-cql-weight1-seed1,cql,89000,0,89000,c9f8706ae621d77f,-1878.934448242,237311,68413,35.0072,20.9441,14.0631,44.0406,0.31932,0.8536,1.4602,1.7107
aw-cql-weight1-seed1,cql,89000,2,89000,c9f8706ae621d77f,-1878.934448242,168808,33814,20.9122,9.2148,11.6974,44.0406,0.26561,0.9021,1.1502,1.2751
aw-cql-weight1-seed1,cql,89000,4,89000,c9f8706ae621d77f,-1878.934448242,35214,133999,12.9732,2.5924,10.3807,44.0406,0.23571,0.8834,1.0103,1.1436
aw-cql-weight1-seed1,cql,89000,5,89000,c9f8706ae621d77f,-1878.934448242,40938,30344,15.98,0.6281,15.3519,44.0406,0.34858,0.932,1.157,1.2414
aw-cql-weight1-seed1,cql,89000,6,89000,c9f8706ae621d77f,-1878.934448242,51996,11915,18.981,5.6192,13.3618,44.0406,0.3034,0.9534,1.2648,1.3266
aw-cql-weight1-seed1,cql,89000,7,89000,c9f8706ae621d77f,-1878.934448242,64933,19513,18.2964,9.4656,8.8308,44.0406,0.20051,0.9168,1.2202,1.3309
aw-cql-weight1-seed1,cql,89000,11,89000,c9f8706ae621d77f,-1878.934448242,76763,39227,11.8839,4.3364,7.5476,44.0406,0.17138,0.9667,1.1133,1.1516
aw-cql-weight1-seed1,cql,89000,12,89000,c9f8706ae621d77f,-1878.934448242,33583,82841,11.585,5.1133,6.4717,44.0406,0.14695,0.9471,1.0628,1.1222
aw-cql-weight1-seed1,cql,89000,13,89000,c9f8706ae621d77f,-1878.934448242,29838,52509,14.3889,1.5467,12.8422,44.0406,0.2916,0.9064,1.0861,1.1983
aw-cql-weight1-seed1,cql,89000,14,89000,c9f8706ae621d77f,-1878.934448242,36307,14110,20.1402,2.6104,17.5298,44.0406,0.39804,0.9552,1.3131,1.3746
aw-cql-weight1-seed1,cql,90000,0,90000,293a92317dbff240,-1906.149902344,237311,68413,34.8487,20.5391,14.3096,43.2866,0.33058,0.8526,1.4441,1.6937
aw-cql-weight1-seed1,cql,90000,2,90000,293a92317dbff240,-1906.149902344,168808,33814,20.2556,9.0798,11.1758,43.2866,0.25818,0.8989,1.1413,1.2696
aw-cql-weight1-seed1,cql,90000,4,90000,293a92317dbff240,-1906.149902344,35214,133999,13.4373,3.0827,10.3547,43.2866,0.23921,0.8829,1.0089,1.1427
aw-cql-weight1-seed1,cql,90000,5,90000,293a92317dbff240,-1906.149902344,40938,30344,15.8637,0.715,15.1487,43.2866,0.34996,0.9306,1.1613,1.2479
aw-cql-weight1-seed1,cql,90000,6,90000,293a92317dbff240,-1906.149902344,51996,11915,18.5948,5.1792,13.4156,43.2866,0.30992,0.9552,1.2773,1.3371
aw-cql-weight1-seed1,cql,90000,7,90000,293a92317dbff240,-1906.149902344,64933,19513,17.3066,8.8658,8.4409,43.2866,0.195,0.9191,1.2207,1.3281
aw-cql-weight1-seed1,cql,90000,11,90000,293a92317dbff240,-1906.149902344,76763,39227,12.1596,4.5833,7.5763,43.2866,0.17503,0.9681,1.1146,1.1513
aw-cql-weight1-seed1,cql,90000,12,90000,293a92317dbff240,-1906.149902344,33583,82841,11.4527,5.1096,6.343,43.2866,0.14654,0.9496,1.0631,1.1194
aw-cql-weight1-seed1,cql,90000,13,90000,293a92317dbff240,-1906.149902344,29838,52509,14.3127,1.7534,12.5593,43.2866,0.29014,0.9055,1.085,1.1983
aw-cql-weight1-seed1,cql,90000,14,90000,293a92317dbff240,-1906.149902344,36307,14110,20.3173,2.9861,17.3312,43.2866,0.40038,0.9544,1.3151,1.3778
aw-cql-weight1-seed1,cql,91000,0,91000,1d39ca7d11bbdfc6,-1944.570556641,237311,68413,34.6388,20.8815,13.7573,42.7582,0.32175,0.8544,1.4522,1.6997
aw-cql-weight1-seed1,cql,91000,2,91000,1d39ca7d11bbdfc6,-1944.570556641,168808,33814,20.695,9.1162,11.5788,42.7582,0.2708,0.8988,1.1464,1.2755
aw-cql-weight1-seed1,cql,91000,4,91000,1d39ca7d11bbdfc6,-1944.570556641,35214,133999,13.5766,2.9638,10.6128,42.7582,0.2482,0.8847,1.0121,1.144
aw-cql-weight1-seed1,cql,91000,5,91000,1d39ca7d11bbdfc6,-1944.570556641,40938,30344,15.9967,0.7905,15.2062,42.7582,0.35563,0.9331,1.1661,1.2496
aw-cql-weight1-seed1,cql,91000,6,91000,1d39ca7d11bbdfc6,-1944.570556641,51996,11915,17.9119,5.4087,12.5032,42.7582,0.29242,0.9521,1.2761,1.3402
aw-cql-weight1-seed1,cql,91000,7,91000,1d39ca7d11bbdfc6,-1944.570556641,64933,19513,17.4223,9.1656,8.2567,42.7582,0.1931,0.9162,1.2262,1.3383
aw-cql-weight1-seed1,cql,91000,11,91000,1d39ca7d11bbdfc6,-1944.570556641,76763,39227,11.3865,4.0901,7.2964,42.7582,0.17064,0.969,1.1082,1.1436
aw-cql-weight1-seed1,cql,91000,12,91000,1d39ca7d11bbdfc6,-1944.570556641,33583,82841,11.5084,5.1006,6.4078,42.7582,0.14986,0.9464,1.0629,1.1232
aw-cql-weight1-seed1,cql,91000,13,91000,1d39ca7d11bbdfc6,-1944.570556641,29838,52509,15.0731,1.9312,13.1419,42.7582,0.30735,0.9064,1.0886,1.201
aw-cql-weight1-seed1,cql,91000,14,91000,1d39ca7d11bbdfc6,-1944.570556641,36307,14110,20.4124,3.1054,17.307,42.7582,0.40477,0.9554,1.3256,1.3875
aw-cql-weight1-seed1,cql,92000,0,92000,9a887308f658fdff,-1972.951660156,237311,68413,34.5682,20.4538,14.1144,43.3214,0.32581,0.8519,1.4392,1.6894
aw-cql-weight1-seed1,cql,92000,2,92000,9a887308f658fdff,-1972.951660156,168808,33814,20.6207,9.3746,11.2462,43.3214,0.2596,0.8999,1.1506,1.2787
aw-cql-weight1-seed1,cql,92000,4,92000,9a887308f658fdff,-1972.951660156,35214,133999,12.7574,2.8106,9.9468,43.3214,0.22961,0.8863,1.0092,1.1387
aw-cql-weight1-seed1,cql,92000,5,92000,9a887308f658fdff,-1972.951660156,40938,30344,15.5495,0.6227,14.9268,43.3214,0.34456,0.9368,1.1637,1.2422
aw-cql-weight1-seed1,cql,92000,6,92000,9a887308f658fdff,-1972.951660156,51996,11915,18.9569,5.4409,13.516,43.3214,0.31199,0.9545,1.2771,1.3379
aw-cql-weight1-seed1,cql,92000,7,92000,9a887308f658fdff,-1972.951660156,64933,19513,17.7145,9.4434,8.2711,43.3214,0.19092,0.9191,1.2168,1.3239
aw-cql-weight1-seed1,cql,92000,11,92000,9a887308f658fdff,-1972.951660156,76763,39227,11.9756,4.5566,7.419,43.3214,0.17126,0.9667,1.1113,1.1496
aw-cql-weight1-seed1,cql,92000,12,92000,9a887308f658fdff,-1972.951660156,33583,82841,11.0218,4.6984,6.3234,43.3214,0.14596,0.9474,1.0581,1.1168
aw-cql-weight1-seed1,cql,92000,13,92000,9a887308f658fdff,-1972.951660156,29838,52509,14.7873,1.7001,13.0872,43.3214,0.3021,0.9076,1.0854,1.1959
aw-cql-weight1-seed1,cql,92000,14,92000,9a887308f658fdff,-1972.951660156,36307,14110,20.8261,3.2402,17.5859,43.3214,0.40594,0.9609,1.3221,1.3759
aw-cql-weight1-seed1,cql,93000,0,93000,db820dcf4dc39adb,-1997.346191406,237311,68413,34.5401,20.8195,13.7207,43.3036,0.31685,0.8531,1.4549,1.7053
aw-cql-weight1-seed1,cql,93000,2,93000,db820dcf4dc39adb,-1997.346191406,168808,33814,20.6053,9.4068,11.1986,43.3036,0.25861,0.8984,1.1432,1.2724
aw-cql-weight1-seed1,cql,93000,4,93000,db820dcf4dc39adb,-1997.346191406,35214,133999,13.3748,2.9857,10.3892,43.3036,0.23991,0.8843,1.0067,1.1383
aw-cql-weight1-seed1,cql,93000,5,93000,db820dcf4dc39adb,-1997.346191406,40938,30344,15.7605,0.711,15.0496,43.3036,0.34754,0.9308,1.1582,1.2442
aw-cql-weight1-seed1,cql,93000,6,93000,db820dcf4dc39adb,-1997.346191406,51996,11915,18.2721,5.2617,13.0104,43.3036,0.30045,0.9537,1.2703,1.332
aw-cql-weight1-seed1,cql,93000,7,93000,db820dcf4dc39adb,-1997.346191406,64933,19513,17.5832,8.9995,8.5837,43.3036,0.19822,0.9195,1.2173,1.3238
aw-cql-weight1-seed1,cql,93000,11,93000,db820dcf4dc39adb,-1997.346191406,76763,39227,12.1305,4.6432,7.4872,43.3036,0.1729,0.968,1.1131,1.15
aw-cql-weight1-seed1,cql,93000,12,93000,db820dcf4dc39adb,-1997.346191406,33583,82841,11.3843,4.9758,6.4085,43.3036,0.14799,0.9475,1.0566,1.1151
aw-cql-weight1-seed1,cql,93000,13,93000,db820dcf4dc39adb,-1997.346191406,29838,52509,13.7193,1.6467,12.0725,43.3036,0.27879,0.9078,1.0815,1.1913
aw-cql-weight1-seed1,cql,93000,14,93000,db820dcf4dc39adb,-1997.346191406,36307,14110,19.8145,2.8633,16.9513,43.3036,0.39145,0.955,1.3071,1.3687
aw-cql-weight1-seed1,cql,94000,0,94000,e0673b70b41d0719,-2017.412475586,237311,68413,34.2919,20.2489,14.043,43.0442,0.32625,0.8537,1.4612,1.7116
aw-cql-weight1-seed1,cql,94000,2,94000,e0673b70b41d0719,-2017.412475586,168808,33814,20.6049,9.3405,11.2644,43.0442,0.26169,0.8991,1.1475,1.2763
aw-cql-weight1-seed1,cql,94000,4,94000,e0673b70b41d0719,-2017.412475586,35214,133999,12.616,2.8351,9.7809,43.0442,0.22723,0.8897,1.0139,1.1396
aw-cql-weight1-seed1,cql,94000,5,94000,e0673b70b41d0719,-2017.412475586,40938,30344,14.7812,0.3795,14.4016,43.0442,0.33458,0.9359,1.1592,1.2386
aw-cql-weight1-seed1,cql,94000,6,94000,e0673b70b41d0719,-2017.412475586,51996,11915,18.372,4.9975,13.3744,43.0442,0.31071,0.9527,1.2607,1.3233
aw-cql-weight1-seed1,cql,94000,7,94000,e0673b70b41d0719,-2017.412475586,64933,19513,17.4522,8.8831,8.5691,43.0442,0.19908,0.9168,1.2118,1.3218
aw-cql-weight1-seed1,cql,94000,11,94000,e0673b70b41d0719,-2017.412475586,76763,39227,11.9973,4.4938,7.5035,43.0442,0.17432,0.967,1.1072,1.1449
aw-cql-weight1-seed1,cql,94000,12,94000,e0673b70b41d0719,-2017.412475586,33583,82841,11.1833,5.1664,6.0169,43.0442,0.13979,0.9488,1.0596,1.1168
aw-cql-weight1-seed1,cql,94000,13,94000,e0673b70b41d0719,-2017.412475586,29838,52509,13.6095,1.6268,11.9827,43.0442,0.27838,0.9146,1.0865,1.1879
aw-cql-weight1-seed1,cql,94000,14,94000,e0673b70b41d0719,-2017.412475586,36307,14110,19.7102,2.2906,17.4195,43.0442,0.40469,0.9622,1.3105,1.3619
aw-cql-weight1-seed1,cql,95000,0,95000,7b362ffc139d6ec7,-2056.092529297,237311,68413,34.4752,20.26,14.2152,43.3733,0.32774,0.8537,1.4548,1.7041
aw-cql-weight1-seed1,cql,95000,2,95000,7b362ffc139d6ec7,-2056.092529297,168808,33814,20.2144,8.9295,11.285,43.3733,0.26018,0.8995,1.1433,1.271
aw-cql-weight1-seed1,cql,95000,4,95000,7b362ffc139d6ec7,-2056.092529297,35214,133999,13.0381,2.814,10.2241,43.3733,0.23572,0.8836,1.0091,1.1421
aw-cql-weight1-seed1,cql,95000,5,95000,7b362ffc139d6ec7,-2056.092529297,40938,30344,15.9252,0.8592,15.066,43.3733,0.34736,0.9289,1.1628,1.2519
aw-cql-weight1-seed1,cql,95000,6,95000,7b362ffc139d6ec7,-2056.092529297,51996,11915,18.3568,5.1997,13.1571,43.3733,0.30335,0.9532,1.2757,1.3384
aw-cql-weight1-seed1,cql,95000,7,95000,7b362ffc139d6ec7,-2056.092529297,64933,19513,17.57,9.0914,8.4787,43.3733,0.19548,0.9171,1.2182,1.3284
aw-cql-weight1-seed1,cql,95000,11,95000,7b362ffc139d6ec7,-2056.092529297,76763,39227,12.0567,4.5413,7.5153,43.3733,0.17327,0.9648,1.1059,1.1462
aw-cql-weight1-seed1,cql,95000,12,95000,7b362ffc139d6ec7,-2056.092529297,33583,82841,11.6428,5.2116,6.4312,43.3733,0.14827,0.9483,1.0615,1.1193
aw-cql-weight1-seed1,cql,95000,13,95000,7b362ffc139d6ec7,-2056.092529297,29838,52509,13.7085,1.7213,11.9872,43.3733,0.27637,0.9061,1.0871,1.1997
aw-cql-weight1-seed1,cql,95000,14,95000,7b362ffc139d6ec7,-2056.092529297,36307,14110,19.9028,2.5678,17.335,43.3733,0.39967,0.9547,1.319,1.3817
aw-cql-weight1-seed1,cql,96000,0,96000,4e83630c1a6da767,-2086.500488281,237311,68413,34.6782,20.121,14.5572,43.1563,0.33731,0.8528,1.4457,1.6953
aw-cql-weight1-seed1,cql,96000,2,96000,4e83630c1a6da767,-2086.500488281,168808,33814,20.0233,8.8158,11.2075,43.1563,0.2597,0.8975,1.1399,1.2701
aw-cql-weight1-seed1,cql,96000,4,96000,4e83630c1a6da767,-2086.500488281,35214,133999,12.6985,2.5189,10.1796,43.1563,0.23588,0.8833,1.0065,1.1395
aw-cql-weight1-seed1,cql,96000,5,96000,4e83630c1a6da767,-2086.500488281,40938,30344,15.561,0.5205,15.0405,43.1563,0.34851,0.9315,1.1584,1.2435
aw-cql-weight1-seed1,cql,96000,6,96000,4e83630c1a6da767,-2086.500488281,51996,11915,18.1209,5.027,13.094,43.1563,0.30341,0.957,1.2846,1.3423
aw-cql-weight1-seed1,cql,96000,7,96000,4e83630c1a6da767,-2086.500488281,64933,19513,17.2417,8.9605,8.2812,43.1563,0.19189,0.9189,1.2236,1.3316
aw-cql-weight1-seed1,cql,96000,11,96000,4e83630c1a6da767,-2086.500488281,76763,39227,11.7477,4.2251,7.5226,43.1563,0.17431,0.9643,1.1078,1.1487
aw-cql-weight1-seed1,cql,96000,12,96000,4e83630c1a6da767,-2086.500488281,33583,82841,10.3597,4.5715,5.7883,43.1563,0.13412,0.9457,1.0546,1.1152
aw-cql-weight1-seed1,cql,96000,13,96000,4e83630c1a6da767,-2086.500488281,29838,52509,13.3106,1.4413,11.8693,43.1563,0.27503,0.9057,1.0819,1.1945
aw-cql-weight1-seed1,cql,96000,14,96000,4e83630c1a6da767,-2086.500488281,36307,14110,19.8678,2.3873,17.4805,43.1563,0.40505,0.9575,1.319,1.3776
aw-cql-weight1-seed1,cql,97000,0,97000,77832ce5d36ffca1,-2106.811523438,237311,68413,34.1967,20.2992,13.8975,42.6764,0.32565,0.8534,1.4422,1.69
aw-cql-weight1-seed1,cql,97000,2,97000,77832ce5d36ffca1,-2106.811523438,168808,33814,20.1949,9.0445,11.1504,42.6764,0.26128,0.9001,1.1483,1.2757
aw-cql-weight1-seed1,cql,97000,4,97000,77832ce5d36ffca1,-2106.811523438,35214,133999,13.3619,2.7597,10.6021,42.6764,0.24843,0.8832,1.0099,1.1435
aw-cql-weight1-seed1,cql,97000,5,97000,77832ce5d36ffca1,-2106.811523438,40938,30344,15.7104,0.6143,15.0962,42.6764,0.35374,0.9319,1.1616,1.2464
aw-cql-weight1-seed1,cql,97000,6,97000,77832ce5d36ffca1,-2106.811523438,51996,11915,18.5157,5.29,13.2257,42.6764,0.30991,0.954,1.2752,1.3367
aw-cql-weight1-seed1,cql,97000,7,97000,77832ce5d36ffca1,-2106.811523438,64933,19513,17.6609,9.2951,8.3658,42.6764,0.19603,0.9174,1.2173,1.3269
aw-cql-weight1-seed1,cql,97000,11,97000,77832ce5d36ffca1,-2106.811523438,76763,39227,12.4164,4.7254,7.691,42.6764,0.18022,0.9679,1.1099,1.1467
aw-cql-weight1-seed1,cql,97000,12,97000,77832ce5d36ffca1,-2106.811523438,33583,82841,11.345,5.0097,6.3353,42.6764,0.14845,0.9479,1.0593,1.1175
aw-cql-weight1-seed1,cql,97000,13,97000,77832ce5d36ffca1,-2106.811523438,29838,52509,14.0255,1.5489,12.4766,42.6764,0.29235,0.9067,1.0832,1.1946
aw-cql-weight1-seed1,cql,97000,14,97000,77832ce5d36ffca1,-2106.811523438,36307,14110,19.8041,2.5135,17.2906,42.6764,0.40516,0.9575,1.3187,1.3772
aw-cql-weight1-seed1,cql,98000,0,98000,0e0ac3bdb4f6d5d1,-2139.313232422,237311,68413,34.389,20.788,13.601,42.8095,0.31771,0.8525,1.4453,1.6955
aw-cql-weight1-seed1,cql,98000,2,98000,0e0ac3bdb4f6d5d1,-2139.313232422,168808,33814,19.7924,8.7557,11.0367,42.8095,0.25781,0.9009,1.1433,1.2691
aw-cql-weight1-seed1,cql,98000,4,98000,0e0ac3bdb4f6d5d1,-2139.313232422,35214,133999,12.8463,2.7126,10.1337,42.8095,0.23672,0.8857,1.0092,1.1395
aw-cql-weight1-seed1,cql,98000,5,98000,0e0ac3bdb4f6d5d1,-2139.313232422,40938,30344,16.1056,0.8834,15.2223,42.8095,0.35558,0.9304,1.1582,1.2448
aw-cql-weight1-seed1,cql,98000,6,98000,0e0ac3bdb4f6d5d1,-2139.313232422,51996,11915,18.4617,5.3388,13.123,42.8095,0.30654,0.9527,1.267,1.3298
aw-cql-weight1-seed1,cql,98000,7,98000,0e0ac3bdb4f6d5d1,-2139.313232422,64933,19513,17.1907,8.8569,8.3338,42.8095,0.19467,0.9171,1.2141,1.3237
aw-cql-weight1-seed1,cql,98000,11,98000,0e0ac3bdb4f6d5d1,-2139.313232422,76763,39227,11.7484,4.2964,7.452,42.8095,0.17407,0.9654,1.1052,1.1448
aw-cql-weight1-seed1,cql,98000,12,98000,0e0ac3bdb4f6d5d1,-2139.313232422,33583,82841,10.8324,4.7974,6.035,42.8095,0.14097,0.9469,1.0554,1.1146
aw-cql-weight1-seed1,cql,98000,13,98000,0e0ac3bdb4f6d5d1,-2139.313232422,29838,52509,14.3896,1.843,12.5466,42.8095,0.29308,0.9102,1.0842,1.1913
aw-cql-weight1-seed1,cql,98000,14,98000,0e0ac3bdb4f6d5d1,-2139.313232422,36307,14110,19.9926,3.1103,16.8823,42.8095,0.39436,0.9575,1.3091,1.3672
aw-cql-weight1-seed1,cql,99000,0,99000,5d75d03236458ae9,-2175.37890625,237311,68413,34.5795,19.886,14.6935,43.4416,0.33823,0.8522,1.4446,1.6951
aw-cql-weight1-seed1,cql,99000,2,99000,5d75d03236458ae9,-2175.37890625,168808,33814,19.8874,8.5808,11.3067,43.4416,0.26027,0.8968,1.1407,1.2719
aw-cql-weight1-seed1,cql,99000,4,99000,5d75d03236458ae9,-2175.37890625,35214,133999,12.6516,2.6009,10.0507,43.4416,0.23136,0.8819,1.0093,1.1444
aw-cql-weight1-seed1,cql,99000,5,99000,5d75d03236458ae9,-2175.37890625,40938,30344,15.2342,0.5449,14.6893,43.4416,0.33814,0.9264,1.1549,1.2467
aw-cql-weight1-seed1,cql,99000,6,99000,5d75d03236458ae9,-2175.37890625,51996,11915,17.906,4.9898,12.9162,43.4416,0.29732,0.9533,1.2705,1.3327
aw-cql-weight1-seed1,cql,99000,7,99000,5d75d03236458ae9,-2175.37890625,64933,19513,17.0945,8.6666,8.4278,43.4416,0.194,0.9189,1.2138,1.321
aw-cql-weight1-seed1,cql,99000,11,99000,5d75d03236458ae9,-2175.37890625,76763,39227,12.0147,4.5215,7.4932,43.4416,0.17249,0.966,1.1083,1.1472
aw-cql-weight1-seed1,cql,99000,12,99000,5d75d03236458ae9,-2175.37890625,33583,82841,11.1439,4.9113,6.2326,43.4416,0.14347,0.9461,1.0546,1.1146
aw-cql-weight1-seed1,cql,99000,13,99000,5d75d03236458ae9,-2175.37890625,29838,52509,13.7761,1.4694,12.3067,43.4416,0.28329,0.9038,1.0807,1.1958
aw-cql-weight1-seed1,cql,99000,14,99000,5d75d03236458ae9,-2175.37890625,36307,14110,19.0274,2.5059,16.5216,43.4416,0.38032,0.9541,1.3083,1.3712
aw-cql-weight1-seed1,cql,100000,0,100000,5fe9b2f6fc43cf69,-2200.677246094,237311,68413,34.2473,19.8971,14.3502,42.68,0.33623,0.8519,1.4465,1.6979
aw-cql-weight1-seed1,cql,100000,2,100000,5fe9b2f6fc43cf69,-2200.677246094,168808,33814,19.861,8.7666,11.0944,42.68,0.25994,0.8987,1.1418,1.2705
aw-cql-weight1-seed1,cql,100000,4,100000,5fe9b2f6fc43cf69,-2200.677246094,35214,133999,12.3184,2.5507,9.7677,42.68,0.22886,0.8848,1.0072,1.1384
aw-cql-weight1-seed1,cql,100000,5,100000,5fe9b2f6fc43cf69,-2200.677246094,40938,30344,15.2357,0.4397,14.7961,42.68,0.34667,0.9296,1.1572,1.2448
aw-cql-weight1-seed1,cql,100000,6,100000,5fe9b2f6fc43cf69,-2200.677246094,51996,11915,17.7855,5.367,12.4186,42.68,0.29097,0.9507,1.2644,1.33
aw-cql-weight1-seed1,cql,100000,7,100000,5fe9b2f6fc43cf69,-2200.677246094,64933,19513,17.0448,8.8422,8.2025,42.68,0.19219,0.9159,1.2123,1.3237
aw-cql-weight1-seed1,cql,100000,11,100000,5fe9b2f6fc43cf69,-2200.677246094,76763,39227,11.5941,4.1712,7.4229,42.68,0.17392,0.9642,1.1035,1.1445
aw-cql-weight1-seed1,cql,100000,12,100000,5fe9b2f6fc43cf69,-2200.677246094,33583,82841,11.0092,4.7896,6.2196,42.68,0.14573,0.9469,1.0565,1.1158
aw-cql-weight1-seed1,cql,100000,13,100000,5fe9b2f6fc43cf69,-2200.677246094,29838,52509,13.5683,1.4082,12.16,42.68,0.28491,0.9038,1.0816,1.1967
aw-cql-weight1-seed1,cql,100000,14,100000,5fe9b2f6fc43cf69,-2200.677246094,36307,14110,19.6936,2.664,17.0296,42.68,0.39901,0.9578,1.3136,1.3715
aw-cql-weight1-seed1,cql,101000,0,101000,e1d9020e9361d85e,-2237.865234375,237311,68413,34.0406,19.6929,14.3477,42.9879,0.33376,0.8529,1.4596,1.7114
aw-cql-weight1-seed1,cql,101000,2,101000,e1d9020e9361d85e,-2237.865234375,168808,33814,19.8754,8.7014,11.174,42.9879,0.25993,0.8991,1.1463,1.2749
aw-cql-weight1-seed1,cql,101000,4,101000,e1d9020e9361d85e,-2237.865234375,35214,133999,12.3903,2.4133,9.9769,42.9879,0.23209,0.8859,1.0065,1.1361
aw-cql-weight1-seed1,cql,101000,5,101000,e1d9020e9361d85e,-2237.865234375,40938,30344,15.4283,0.5437,14.8846,42.9879,0.34625,0.931,1.163,1.2492
aw-cql-weight1-seed1,cql,101000,6,101000,e1d9020e9361d85e,-2237.865234375,51996,11915,18.2946,5.3891,12.9056,42.9879,0.30021,0.9512,1.2708,1.3359
aw-cql-weight1-seed1,cql,101000,7,101000,e1d9020e9361d85e,-2237.865234375,64933,19513,17.4856,9.0623,8.4233,42.9879,0.19595,0.9162,1.2152,1.3263
aw-cql-weight1-seed1,cql,101000,11,101000,e1d9020e9361d85e,-2237.865234375,76763,39227,11.652,4.3578,7.2941,42.9879,0.16968,0.9657,1.1076,1.1469
aw-cql-weight1-seed1,cql,101000,12,101000,e1d9020e9361d85e,-2237.865234375,33583,82841,10.4684,4.4596,6.0088,42.9879,0.13978,0.9459,1.0561,1.1164
aw-cql-weight1-seed1,cql,101000,13,101000,e1d9020e9361d85e,-2237.865234375,29838,52509,13.7312,1.4332,12.298,42.9879,0.28608,0.9071,1.0825,1.1934
aw-cql-weight1-seed1,cql,101000,14,101000,e1d9020e9361d85e,-2237.865234375,36307,14110,19.9654,2.5342,17.4312,42.9879,0.40549,0.9555,1.3123,1.3734
aw-cql-weight1-seed1,cql,102000,0,102000,bd4fce2a2ae6744c,-2262.494628906,237311,68413,34.1328,19.8984,14.2343,43.0658,0.33052,0.8525,1.4437,1.6935
aw-cql-weight1-seed1,cql,102000,2,102000,bd4fce2a2ae6744c,-2262.494628906,168808,33814,19.5917,8.6443,10.9474,43.0658,0.2542,0.899,1.1403,1.2683
aw-cql-weight1-seed1,cql,102000,4,102000,bd4fce2a2ae6744c,-2262.494628906,35214,133999,12.4391,2.359,10.0802,43.0658,0.23406,0.885,1.007,1.1378
aw-cql-weight1-seed1,cql,102000,5,102000,bd4fce2a2ae6744c,-2262.494628906,40938,30344,15.2067,0.567,14.6397,43.0658,0.33994,0.9334,1.1616,1.2445
aw-cql-weight1-seed1,cql,102000,6,102000,bd4fce2a2ae6744c,-2262.494628906,51996,11915,18.1387,5.4513,12.6873,43.0658,0.2946,0.9546,1.2776,1.3384
aw-cql-weight1-seed1,cql,102000,7,102000,bd4fce2a2ae6744c,-2262.494628906,64933,19513,16.9817,8.9482,8.0335,43.0658,0.18654,0.919,1.2212,1.3288
aw-cql-weight1-seed1,cql,102000,11,102000,bd4fce2a2ae6744c,-2262.494628906,76763,39227,11.4852,4.2747,7.2105,43.0658,0.16743,0.9646,1.1064,1.147
aw-cql-weight1-seed1,cql,102000,12,102000,bd4fce2a2ae6744c,-2262.494628906,33583,82841,10.7931,4.6087,6.1844,43.0658,0.1436,0.9476,1.0567,1.1152
aw-cql-weight1-seed1,cql,102000,13,102000,bd4fce2a2ae6744c,-2262.494628906,29838,52509,13.8341,1.4766,12.3575,43.0658,0.28694,0.9097,1.0836,1.1912
aw-cql-weight1-seed1,cql,102000,14,102000,bd4fce2a2ae6744c,-2262.494628906,36307,14110,19.2706,2.6484,16.6222,43.0658,0.38597,0.9612,1.3209,1.3741
aw-cql-weight1-seed1,cql,103000,0,103000,5f6cd89aa2dd214a,-2290.973876953,237311,68413,33.7719,19.7527,14.0192,42.3809,0.33079,0.8542,1.4463,1.6932
aw-cql-weight1-seed1,cql,103000,2,103000,5f6cd89aa2dd214a,-2290.973876953,168808,33814,19.4733,8.5794,10.8939,42.3809,0.25705,0.8982,1.1412,1.2705
aw-cql-weight1-seed1,cql,103000,4,103000,5f6cd89aa2dd214a,-2290.973876953,35214,133999,12.4959,2.5167,9.9792,42.3809,0.23547,0.8816,1.0041,1.1389
aw-cql-weight1-seed1,cql,103000,5,103000,5f6cd89aa2dd214a,-2290.973876953,40938,30344,15.1121,0.4906,14.6215,42.3809,0.345,0.9284,1.1542,1.2432
aw-cql-weight1-seed1,cql,103000,6,103000,5f6cd89aa2dd214a,-2290.973876953,51996,11915,18.4169,5.1838,13.233,42.3809,0.31224,0.9511,1.2664,1.3315
aw-cql-weight1-seed1,cql,103000,7,103000,5f6cd89aa2dd214a,-2290.973876953,64933,19513,17.302,9.0869,8.2151,42.3809,0.19384,0.916,1.2102,1.3212
aw-cql-weight1-seed1,cql,103000,11,103000,5f6cd89aa2dd214a,-2290.973876953,76763,39227,11.5879,4.202,7.3859,42.3809,0.17427,0.9648,1.1036,1.1439
aw-cql-weight1-seed1,cql,103000,12,103000,5f6cd89aa2dd214a,-2290.973876953,33583,82841,10.7681,4.6035,6.1646,42.3809,0.14546,0.9475,1.0557,1.1142
aw-cql-weight1-seed1,cql,103000,13,103000,5f6cd89aa2dd214a,-2290.973876953,29838,52509,13.9069,1.502,12.405,42.3809,0.2927,0.9041,1.0785,1.1929
aw-cql-weight1-seed1,cql,103000,14,103000,5f6cd89aa2dd214a,-2290.973876953,36307,14110,19.6242,2.5755,17.0487,42.3809,0.40227,0.9536,1.3128,1.3768
aw-cql-weight1-seed1,cql,104000,0,104000,35b0b94c85a923da,-2328.303222656,237311,68413,33.8634,19.6666,14.1968,42.7062,0.33243,0.8557,1.45,1.6946
aw-cql-weight1-seed1,cql,104000,2,104000,35b0b94c85a923da,-2328.303222656,168808,33814,19.7435,8.4938,11.2497,42.7062,0.26342,0.8999,1.1406,1.2674
aw-cql-weight1-seed1,cql,104000,4,104000,35b0b94c85a923da,-2328.303222656,35214,133999,12.262,2.4939,9.7681,42.7062,0.22873,0.8861,1.0072,1.1367
aw-cql-weight1-seed1,cql,104000,5,104000,35b0b94c85a923da,-2328.303222656,40938,30344,14.6755,0.3975,14.278,42.7062,0.33433,0.9348,1.1602,1.2411
aw-cql-weight1-seed1,cql,104000,6,104000,35b0b94c85a923da,-2328.303222656,51996,11915,18.174,5.1936,12.9803,42.7062,0.30395,0.9557,1.2699,1.3287
aw-cql-weight1-seed1,cql,104000,7,104000,35b0b94c85a923da,-2328.303222656,64933,19513,16.9436,8.6422,8.3013,42.7062,0.19438,0.9163,1.2075,1.3177
aw-cql-weight1-seed1,cql,104000,11,104000,35b0b94c85a923da,-2328.303222656,76763,39227,11.4651,4.0614,7.4037,42.7062,0.17336,0.9676,1.1095,1.1466
aw-cql-weight1-seed1,cql,104000,12,104000,35b0b94c85a923da,-2328.303222656,33583,82841,11.0229,4.4682,6.5547,42.7062,0.15348,0.9482,1.0567,1.1144
aw-cql-weight1-seed1,cql,104000,13,104000,35b0b94c85a923da,-2328.303222656,29838,52509,13.3909,1.3777,12.0132,42.7062,0.2813,0.9113,1.0819,1.1871
aw-cql-weight1-seed1,cql,104000,14,104000,35b0b94c85a923da,-2328.303222656,36307,14110,19.1376,2.2935,16.8441,42.7062,0.39442,0.9606,1.3192,1.3733
aw-cql-weight1-seed1,cql,105000,0,105000,5c13e19f78ec180d,-2353.080078125,237311,68413,33.6497,19.3076,14.3421,42.3022,0.33904,0.8521,1.4342,1.6831
aw-cql-weight1-seed1,cql,105000,2,105000,5c13e19f78ec180d,-2353.080078125,168808,33814,19.7569,8.6537,11.1032,42.3022,0.26247,0.8984,1.1383,1.267
aw-cql-weight1-seed1,cql,105000,4,105000,5c13e19f78ec180d,-2353.080078125,35214,133999,11.7534,2.4879,9.2655,42.3022,0.21903,0.8861,1.0071,1.1366
aw-cql-weight1-seed1,cql,105000,5,105000,5c13e19f78ec180d,-2353.080078125,40938,30344,15.1012,0.7158,14.3854,42.3022,0.34006,0.932,1.1576,1.242
aw-cql-weight1-seed1,cql,105000,6,105000,5c13e19f78ec180d,-2353.080078125,51996,11915,17.6707,5.1766,12.4941,42.3022,0.29535,0.9505,1.2668,1.3328
aw-cql-weight1-seed1,cql,105000,7,105000,5c13e19f78ec180d,-2353.080078125,64933,19513,17.1745,9.1262,8.0483,42.3022,0.19026,0.9179,1.2122,1.3206
aw-cql-weight1-seed1,cql,105000,11,105000,5c13e19f78ec180d,-2353.080078125,76763,39227,11.2904,4.1595,7.1309,42.3022,0.16857,0.9638,1.101,1.1423
aw-cql-weight1-seed1,cql,105000,12,105000,5c13e19f78ec180d,-2353.080078125,33583,82841,10.1698,4.4135,5.7564,42.3022,0.13608,0.9454,1.0522,1.1129
aw-cql-weight1-seed1,cql,105000,13,105000,5c13e19f78ec180d,-2353.080078125,29838,52509,13.3008,1.6678,11.633,42.3022,0.275,0.9089,1.0813,1.1897
aw-cql-weight1-seed1,cql,105000,14,105000,5c13e19f78ec180d,-2353.080078125,36307,14110,19.4364,2.6478,16.7886,42.3022,0.39687,0.958,1.3129,1.3704
aw-cql-weight1-seed1,cql,106000,0,106000,2c49efec570a6326,-2388.793457031,237311,68413,33.8895,19.4109,14.4786,42.3861,0.34159,0.8531,1.4526,1.7027
aw-cql-weight1-seed1,cql,106000,2,106000,2c49efec570a6326,-2388.793457031,168808,33814,19.5541,8.4317,11.1224,42.3861,0.26241,0.8979,1.1385,1.268
aw-cql-weight1-seed1,cql,106000,4,106000,2c49efec570a6326,-2388.793457031,35214,133999,12.5082,2.6094,9.8987,42.3861,0.23354,0.8817,1.0028,1.1373
aw-cql-weight1-seed1,cql,106000,5,106000,2c49efec570a6326,-2388.793457031,40938,30344,15.3683,0.7485,14.6198,42.3861,0.34492,0.9304,1.1547,1.241
aw-cql-weight1-seed1,cql,106000,6,106000,2c49efec570a6326,-2388.793457031,51996,11915,18.3591,5.1599,13.1992,42.3861,0.3114,0.9526,1.2665,1.3295
aw-cql-weight1-seed1,cql,106000,7,106000,2c49efec570a6326,-2388.793457031,64933,19513,17.4413,8.9184,8.5229,42.3861,0.20108,0.9158,1.2147,1.3265
aw-cql-weight1-seed1,cql,106000,11,106000,2c49efec570a6326,-2388.793457031,76763,39227,11.0599,3.9436,7.1163,42.3861,0.16789,0.9647,1.104,1.1444
aw-cql-weight1-seed1,cql,106000,12,106000,2c49efec570a6326,-2388.793457031,33583,82841,10.3884,4.5148,5.8736,42.3861,0.13857,0.945,1.0521,1.1134
aw-cql-weight1-seed1,cql,106000,13,106000,2c49efec570a6326,-2388.793457031,29838,52509,13.6248,1.6938,11.931,42.3861,0.28148,0.9041,1.0784,1.1927
aw-cql-weight1-seed1,cql,106000,14,106000,2c49efec570a6326,-2388.793457031,36307,14110,19.6413,2.7594,16.8819,42.3861,0.39829,0.9597,1.3083,1.3633
aw-cql-weight1-seed1,cql,107000,0,107000,d18f6962b821ad3a,-2423.821044922,237311,68413,33.8589,19.4749,14.384,42.7293,0.33663,0.8513,1.4389,1.6903
aw-cql-weight1-seed1,cql,107000,2,107000,d18f6962b821ad3a,-2423.821044922,168808,33814,19.5982,8.7089,10.8894,42.7293,0.25485,0.8977,1.1397,1.2696
aw-cql-weight1-seed1,cql,107000,4,107000,d18f6962b821ad3a,-2423.821044922,35214,133999,11.6217,2.4072,9.2144,42.7293,0.21565,0.8848,1.0042,1.135
aw-cql-weight1-seed1,cql,107000,5,107000,d18f6962b821ad3a,-2423.821044922,40938,30344,14.5754,0.5215,14.0539,42.7293,0.3289,0.9325,1.1553,1.2389
aw-cql-weight1-seed1,cql,107000,6,107000,d18f6962b821ad3a,-2423.821044922,51996,11915,17.3053,4.9423,12.363,42.7293,0.28933,0.9516,1.2664,1.3308
aw-cql-weight1-seed1,cql,107000,7,107000,d18f6962b821ad3a,-2423.821044922,64933,19513,16.7032,8.6115,8.0917,42.7293,0.18937,0.9171,1.2142,1.3239
aw-cql-weight1-seed1,cql,107000,11,107000,d18f6962b821ad3a,-2423.821044922,76763,39227,10.8728,3.8786,6.9941,42.7293,0.16368,0.9657,1.107,1.1464
aw-cql-weight1-seed1,cql,107000,12,107000,d18f6962b821ad3a,-2423.821044922,33583,82841,10.0564,4.3062,5.7501,42.7293,0.13457,0.9468,1.0569,1.1163
aw-cql-weight1-seed1,cql,107000,13,107000,d18f6962b821ad3a,-2423.821044922,29838,52509,13.1157,1.3936,11.722,42.7293,0.27433,0.9051,1.0808,1.1942
aw-cql-weight1-seed1,cql,107000,14,107000,d18f6962b821ad3a,-2423.821044922,36307,14110,19.626,2.5673,17.0587,42.7293,0.39923,0.958,1.3059,1.3631
aw-cql-weight1-seed1,cql,108000,0,108000,97407aeb6a17819a,-2448.816894531,237311,68413,33.6514,19.5649,14.0864,41.9429,0.33585,0.8515,1.4318,1.6814
aw-cql-weight1-seed1,cql,108000,2,108000,97407aeb6a17819a,-2448.816894531,168808,33814,19.8418,8.7427,11.0991,41.9429,0.26463,0.8976,1.1398,1.2698
aw-cql-weight1-seed1,cql,108000,4,108000,97407aeb6a17819a,-2448.816894531,35214,133999,11.7417,2.3225,9.4192,41.9429,0.22457,0.884,1.0061,1.138
aw-cql-weight1-seed1,cql,108000,5,108000,97407aeb6a17819a,-2448.816894531,40938,30344,14.8178,0.3729,14.4449,41.9429,0.3444,0.9315,1.156,1.241
aw-cql-weight1-seed1,cql,108000,6,108000,97407aeb6a17819a,-2448.816894531,51996,11915,17.865,4.9723,12.8927,41.9429,0.30739,0.9507,1.2613,1.3267
aw-cql-weight1-seed1,cql,108000,7,108000,97407aeb6a17819a,-2448.816894531,64933,19513,16.7897,8.5602,8.2295,41.9429,0.19621,0.9167,1.2071,1.3168
aw-cql-weight1-seed1,cql,108000,11,108000,97407aeb6a17819a,-2448.816894531,76763,39227,10.656,3.7599,6.8961,41.9429,0.16442,0.9644,1.1033,1.1441
aw-cql-weight1-seed1,cql,108000,12,108000,97407aeb6a17819a,-2448.816894531,33583,82841,10.0563,4.3065,5.7499,41.9429,0.13709,0.9477,1.0569,1.1152
aw-cql-weight1-seed1,cql,108000,13,108000,97407aeb6a17819a,-2448.816894531,29838,52509,12.8016,1.27,11.5316,41.9429,0.27494,0.9045,1.0826,1.1969
aw-cql-weight1-seed1,cql,108000,14,108000,97407aeb6a17819a,-2448.816894531,36307,14110,19.1905,2.3201,16.8704,41.9429,0.40222,0.9546,1.3054,1.3676
aw-cql-weight1-seed1,cql,109000,0,109000,e3597ca629e5b2a2,-2495.516601562,237311,68413,33.9881,19.6748,14.3133,42.7678,0.33468,0.8534,1.4471,1.6956
aw-cql-weight1-seed1,cql,109000,2,109000,e3597ca629e5b2a2,-2495.516601562,168808,33814,19.276,8.3181,10.9579,42.7678,0.25622,0.8998,1.1414,1.2685
aw-cql-weight1-seed1,cql,109000,4,109000,e3597ca629e5b2a2,-2495.516601562,35214,133999,11.9317,2.4525,9.4792,42.7678,0.22164,0.888,1.0077,1.1348
aw-cql-weight1-seed1,cql,109000,5,109000,e3597ca629e5b2a2,-2495.516601562,40938,30344,14.7746,0.4085,14.3661,42.7678,0.33591,0.9315,1.153,1.2378
aw-cql-weight1-seed1,cql,109000,6,109000,e3597ca629e5b2a2,-2495.516601562,51996,11915,17.8363,4.8134,13.0229,42.7678,0.3045,0.9511,1.2637,1.3287
aw-cql-weight1-seed1,cql,109000,7,109000,e3597ca629e5b2a2,-2495.516601562,64933,19513,17.0475,8.7053,8.3421,42.7678,0.19506,0.9182,1.2067,1.3142
aw-cql-weight1-seed1,cql,109000,11,109000,e3597ca629e5b2a2,-2495.516601562,76763,39227,10.6023,3.7947,6.8075,42.7678,0.15917,0.9659,1.103,1.142
aw-cql-weight1-seed1,cql,109000,12,109000,e3597ca629e5b2a2,-2495.516601562,33583,82841,9.5474,4.1596,5.3878,42.7678,0.12598,0.9481,1.0565,1.1144
aw-cql-weight1-seed1,cql,109000,13,109000,e3597ca629e5b2a2,-2495.516601562,29838,52509,13.0754,1.3607,11.7147,42.7678,0.27391,0.9068,1.0811,1.1923
aw-cql-weight1-seed1,cql,109000,14,109000,e3597ca629e5b2a2,-2495.516601562,36307,14110,19.1631,2.4741,16.6889,42.7678,0.39022,0.9538,1.3117,1.3753
aw-cql-weight1-seed1,cql,110000,0,110000,007e8a93f955bba2,-2533.161621094,237311,68413,33.6867,19.339,14.3477,42.4222,0.33821,0.8537,1.4418,1.6889
aw-cql-weight1-seed1,cql,110000,2,110000,007e8a93f955bba2,-2533.161621094,168808,33814,19.5702,8.2914,11.2788,42.4222,0.26587,0.9001,1.1408,1.2673
aw-cql-weight1-seed1,cql,110000,4,110000,007e8a93f955bba2,-2533.161621094,35214,133999,12.5697,2.6039,9.9658,42.4222,0.23492,0.888,1.0086,1.1358
aw-cql-weight1-seed1,cql,110000,5,110000,007e8a93f955bba2,-2533.161621094,40938,30344,15.0909,0.5395,14.5515,42.4222,0.34302,0.9325,1.1607,1.2447
aw-cql-weight1-seed1,cql,110000,6,110000,007e8a93f955bba2,-2533.161621094,51996,11915,17.7341,4.865,12.8691,42.4222,0.30336,0.9521,1.2666,1.3303
aw-cql-weight1-seed1,cql,110000,7,110000,007e8a93f955bba2,-2533.161621094,64933,19513,16.6873,8.1479,8.5395,42.4222,0.2013,0.9158,1.2094,1.3206
aw-cql-weight1-seed1,cql,110000,11,110000,007e8a93f955bba2,-2533.161621094,76763,39227,10.981,3.7901,7.1909,42.4222,0.16951,0.9643,1.1024,1.1432
aw-cql-weight1-seed1,cql,110000,12,110000,007e8a93f955bba2,-2533.161621094,33583,82841,10.0387,4.2199,5.8188,42.4222,0.13716,0.9474,1.0555,1.1141
aw-cql-weight1-seed1,cql,110000,13,110000,007e8a93f955bba2,-2533.161621094,29838,52509,13.1311,1.5054,11.6257,42.4222,0.27405,0.9061,1.0823,1.1945
aw-cql-weight1-seed1,cql,110000,14,110000,007e8a93f955bba2,-2533.161621094,36307,14110,18.9471,2.4813,16.4659,42.4222,0.38814,0.9564,1.3093,1.369
aw-cql-weight1-seed1,cql,111000,0,111000,cc1a907f1f138d69,-2563.423339844,237311,68413,33.5751,19.1436,14.4315,42.5777,0.33895,0.853,1.4325,1.6793
aw-cql-weight1-seed1,cql,111000,2,111000,cc1a907f1f138d69,-2563.423339844,168808,33814,19.2154,8.2709,10.9445,42.5777,0.25705,0.8975,1.134,1.2635
aw-cql-weight1-seed1,cql,111000,4,111000,cc1a907f1f138d69,-2563.423339844,35214,133999,11.9121,2.5717,9.3404,42.5777,0.21937,0.886,1.0041,1.1333
aw-cql-weight1-seed1,cql,111000,5,111000,cc1a907f1f138d69,-2563.423339844,40938,30344,14.7883,0.6343,14.154,42.5777,0.33243,0.9298,1.1558,1.2431
aw-cql-weight1-seed1,cql,111000,6,111000,cc1a907f1f138d69,-2563.423339844,51996,11915,17.3282,4.9182,12.4101,42.5777,0.29147,0.9512,1.2653,1.3302
aw-cql-weight1-seed1,cql,111000,7,111000,cc1a907f1f138d69,-2563.423339844,64933,19513,16.7331,8.5176,8.2155,42.5777,0.19295,0.9151,1.2119,1.3243
aw-cql-weight1-seed1,cql,111000,11,111000,cc1a907f1f138d69,-2563.423339844,76763,39227,10.7192,3.9487,6.7705,42.5777,0.15901,0.9659,1.1022,1.1412
aw-cql-weight1-seed1,cql,111000,12,111000,cc1a907f1f138d69,-2563.423339844,33583,82841,9.8153,4.2341,5.5813,42.5777,0.13108,0.9452,1.0522,1.1131
aw-cql-weight1-seed1,cql,111000,13,111000,cc1a907f1f138d69,-2563.423339844,29838,52509,12.8719,1.4519,11.4201,42.5777,0.26822,0.9036,1.0788,1.1939
aw-cql-weight1-seed1,cql,111000,14,111000,cc1a907f1f138d69,-2563.423339844,36307,14110,19.4504,2.6725,16.7779,42.5777,0.39405,0.9533,1.3084,1.3724
aw-cql-weight1-seed1,cql,112000,0,112000,c3f78bc862763016,-2600.943115234,237311,68413,33.4044,19.1343,14.2701,41.8244,0.34119,0.8519,1.4393,1.6894
aw-cql-weight1-seed1,cql,112000,2,112000,c3f78bc862763016,-2600.943115234,168808,33814,19.8527,8.7646,11.0881,41.8244,0.26511,0.8986,1.1407,1.2693
aw-cql-weight1-seed1,cql,112000,4,112000,c3f78bc862763016,-2600.943115234,35214,133999,11.8275,2.2862,9.5413,41.8244,0.22813,0.8808,1.0018,1.1374
aw-cql-weight1-seed1,cql,112000,5,112000,c3f78bc862763016,-2600.943115234,40938,30344,14.978,0.4918,14.4862,41.8244,0.34636,0.9276,1.1538,1.2438
aw-cql-weight1-seed1,cql,112000,6,112000,c3f78bc862763016,-2600.943115234,51996,11915,17.2554,4.6142,12.6413,41.8244,0.30225,0.9515,1.2594,1.3235
aw-cql-weight1-seed1,cql,112000,7,112000,c3f78bc862763016,-2600.943115234,64933,19513,16.4028,8.4798,7.923,41.8244,0.18944,0.9158,1.2086,1.3198
aw-cql-weight1-seed1,cql,112000,11,112000,c3f78bc862763016,-2600.943115234,76763,39227,11.0928,3.7711,7.3217,41.8244,0.17506,0.9639,1.1006,1.1418
aw-cql-weight1-seed1,cql,112000,12,112000,c3f78bc862763016,-2600.943115234,33583,82841,10.5455,4.3946,6.151,41.8244,0.14707,0.9459,1.054,1.1143
aw-cql-weight1-seed1,cql,112000,13,112000,c3f78bc862763016,-2600.943115234,29838,52509,13.4115,1.5359,11.8756,41.8244,0.28394,0.9037,1.0789,1.1938
aw-cql-weight1-seed1,cql,112000,14,112000,c3f78bc862763016,-2600.943115234,36307,14110,19.5128,2.7565,16.7563,41.8244,0.40063,0.954,1.3036,1.3664
aw-cql-weight1-seed1,cql,113000,0,113000,328cae0b8af26a8e,-2631.575927734,237311,68413,33.6259,19.6063,14.0196,42.6194,0.32895,0.852,1.4411,1.6915
aw-cql-weight1-seed1,cql,113000,2,113000,328cae0b8af26a8e,-2631.575927734,168808,33814,19.5794,8.2539,11.3254,42.6194,0.26573,0.899,1.1381,1.266
aw-cql-weight1-seed1,cql,113000,4,113000,328cae0b8af26a8e,-2631.575927734,35214,133999,11.4678,2.2705,9.1973,42.6194,0.2158,0.8869,1.0057,1.1338
aw-cql-weight1-seed1,cql,113000,5,113000,328cae0b8af26a8e,-2631.575927734,40938,30344,14.1933,0.3079,13.8854,42.6194,0.3258,0.9304,1.1505,1.2366
aw-cql-weight1-seed1,cql,113000,6,113000,328cae0b8af26a8e,-2631.575927734,51996,11915,17.4004,4.2628,13.1376,42.6194,0.30825,0.9507,1.2552,1.3202
aw-cql-weight1-seed1,cql,113000,7,113000,328cae0b8af26a8e,-2631.575927734,64933,19513,16.6523,8.0771,8.5752,42.6194,0.2012,0.9167,1.2044,1.3139
aw-cql-weight1-seed1,cql,113000,11,113000,328cae0b8af26a8e,-2631.575927734,76763,39227,10.778,3.7705,7.0075,42.6194,0.16442,0.9638,1.1002,1.1415
aw-cql-weight1-seed1,cql,113000,12,113000,328cae0b8af26a8e,-2631.575927734,33583,82841,10.0665,4.2866,5.7798,42.6194,0.13561,0.946,1.0526,1.1126
aw-cql-weight1-seed1,cql,113000,13,113000,328cae0b8af26a8e,-2631.575927734,29838,52509,12.9259,1.3423,11.5836,42.6194,0.27179,0.9072,1.0794,1.1897
aw-cql-weight1-seed1,cql,113000,14,113000,328cae0b8af26a8e,-2631.575927734,36307,14110,19.3499,2.1543,17.1956,42.6194,0.40347,0.9539,1.2965,1.3591
aw-cql-weight1-seed1,cql,114000,0,114000,e87ea14cd46954a1,-2654.073486328,237311,68413,33.6593,19.5936,14.0657,42.1537,0.33368,0.8505,1.4282,1.6793
aw-cql-weight1-seed1,cql,114000,2,114000,e87ea14cd46954a1,-2654.073486328,168808,33814,19.4004,8.1611,11.2393,42.1537,0.26663,0.8973,1.1329,1.2626
aw-cql-weight1-seed1,cql,114000,4,114000,e87ea14cd46954a1,-2654.073486328,35214,133999,12.1983,2.4979,9.7004,42.1537,0.23012,0.8852,1.0043,1.1345
aw-cql-weight1-seed1,cql,114000,5,114000,e87ea14cd46954a1,-2654.073486328,40938,30344,14.6485,0.3976,14.2509,42.1537,0.33807,0.9337,1.1566,1.2388
aw-cql-weight1-seed1,cql,114000,6,114000,e87ea14cd46954a1,-2654.073486328,51996,11915,17.1805,4.6361,12.5444,42.1537,0.29759,0.9512,1.2603,1.325
aw-cql-weight1-seed1,cql,114000,7,114000,e87ea14cd46954a1,-2654.073486328,64933,19513,16.5556,8.4361,8.1196,42.1537,0.19262,0.9147,1.2073,1.32
aw-cql-weight1-seed1,cql,114000,11,114000,e87ea14cd46954a1,-2654.073486328,76763,39227,10.4802,3.6464,6.8338,42.1537,0.16212,0.9626,1.1001,1.1429
aw-cql-weight1-seed1,cql,114000,12,114000,e87ea14cd46954a1,-2654.073486328,33583,82841,10.0353,4.3029,5.7324,42.1537,0.13599,0.9444,1.0512,1.113
aw-cql-weight1-seed1,cql,114000,13,114000,e87ea14cd46954a1,-2654.073486328,29838,52509,13.1371,1.3793,11.7578,42.1537,0.27893,0.9067,1.0774,1.1884
aw-cql-weight1-seed1,cql,114000,14,114000,e87ea14cd46954a1,-2654.073486328,36307,14110,18.8566,2.0684,16.7881,42.1537,0.39826,0.9584,1.3118,1.3687
aw-cql-weight1-seed1,cql,115000,0,115000,abe9a959f1d282c2,-2687.182373047,237311,68413,33.6226,19.2198,14.4028,42.3772,0.33987,0.8528,1.4263,1.6725
aw-cql-weight1-seed1,cql,115000,2,115000,abe9a959f1d282c2,-2687.182373047,168808,33814,19.0664,8.2777,10.7887,42.3772,0.25459,0.8985,1.1369,1.2653
aw-cql-weight1-seed1,cql,115000,4,115000,abe9a959f1d282c2,-2687.182373047,35214,133999,10.8972,2.2547,8.6425,42.3772,0.20394,0.8879,1.0061,1.1331
aw-cql-weight1-seed1,cql,115000,5,115000,abe9a959f1d282c2,-2687.182373047,40938,30344,14.2826,0.3286,13.954,42.3772,0.32928,0.9337,1.1579,1.2402
aw-cql-weight1-seed1,cql,115000,6,115000,abe9a959f1d282c2,-2687.182373047,51996,11915,17.531,4.3638,13.1672,42.3772,0.31071,0.9515,1.2645,1.3289
aw-cql-weight1-seed1,cql,115000,7,115000,abe9a959f1d282c2,-2687.182373047,64933,19513,16.8883,8.7361,8.1521,42.3772,0.19237,0.9165,1.2113,1.3217
aw-cql-weight1-seed1,cql,115000,11,115000,abe9a959f1d282c2,-2687.182373047,76763,39227,10.4786,3.5728,6.9059,42.3772,0.16296,0.9638,1.1005,1.1419
aw-cql-weight1-seed1,cql,115000,12,115000,abe9a959f1d282c2,-2687.182373047,33583,82841,9.6195,4.1808,5.4387,42.3772,0.12834,0.9458,1.0526,1.1129
aw-cql-weight1-seed1,cql,115000,13,115000,abe9a959f1d282c2,-2687.182373047,29838,52509,12.4544,1.3528,11.1015,42.3772,0.26197,0.9084,1.0792,1.188
aw-cql-weight1-seed1,cql,115000,14,115000,abe9a959f1d282c2,-2687.182373047,36307,14110,19.0546,2.1155,16.9391,42.3772,0.39972,0.9587,1.3102,1.3666
aw-cql-weight1-seed1,cql,116000,0,116000,6e04b7df461ff131,-2711.33984375,237311,68413,33.2669,18.799,14.4679,42.1941,0.34289,0.8503,1.4277,1.6792
aw-cql-weight1-seed1,cql,116000,2,116000,6e04b7df461ff131,-2711.33984375,168808,33814,19.1343,8.1802,10.9541,42.1941,0.25961,0.8977,1.1358,1.2652
aw-cql-weight1-seed1,cql,116000,4,116000,6e04b7df461ff131,-2711.33984375,35214,133999,11.7976,2.3702,9.4274,42.1941,0.22343,0.8856,1.0066,1.1367
aw-cql-weight1-seed1,cql,116000,5,116000,6e04b7df461ff131,-2711.33984375,40938,30344,14.572,0.4105,14.1616,42.1941,0.33563,0.9353,1.1612,1.2415
aw-cql-weight1-seed1,cql,116000,6,116000,6e04b7df461ff131,-2711.33984375,51996,11915,17.5224,4.769,12.7534,42.1941,0.30226,0.9534,1.2666,1.3285
aw-cql-weight1-seed1,cql,116000,7,116000,6e04b7df461ff131,-2711.33984375,64933,19513,16.8527,8.6749,8.1778,42.1941,0.19381,0.9176,1.2137,1.3227
aw-cql-weight1-seed1,cql,116000,11,116000,6e04b7df461ff131,-2711.33984375,76763,39227,10.7724,3.9015,6.8709,42.1941,0.16284,0.9631,1.1015,1.1438
aw-cql-weight1-seed1,cql,116000,12,116000,6e04b7df461ff131,-2711.33984375,33583,82841,10.1615,4.1997,5.9619,42.1941,0.1413,0.946,1.0505,1.1105
aw-cql-weight1-seed1,cql,116000,13,116000,6e04b7df461ff131,-2711.33984375,29838,52509,13.0927,1.2721,11.8206,42.1941,0.28015,0.9054,1.0803,1.1931
aw-cql-weight1-seed1,cql,116000,14,116000,6e04b7df461ff131,-2711.33984375,36307,14110,19.495,2.3799,17.1151,42.1941,0.40563,0.9571,1.3151,1.374
aw-cql-weight1-seed1,cql,117000,0,117000,c2aafebd9a9cfd8a,-2739.195556641,237311,68413,33.3125,18.7546,14.5579,42.3241,0.34396,0.8528,1.4357,1.6835
aw-cql-weight1-seed1,cql,117000,2,117000,c2aafebd9a9cfd8a,-2739.195556641,168808,33814,19.2918,8.273,11.0188,42.3241,0.26034,0.8975,1.1328,1.2621
aw-cql-weight1-seed1,cql,117000,4,117000,c2aafebd9a9cfd8a,-2739.195556641,35214,133999,11.617,2.2811,9.3359,42.3241,0.22058,0.8841,1.0019,1.1332
aw-cql-weight1-seed1,cql,117000,5,117000,c2aafebd9a9cfd8a,-2739.195556641,40938,30344,15.0066,0.4182,14.5884,42.3241,0.34468,0.9331,1.156,1.2389
aw-cql-weight1-seed1,cql,117000,6,117000,c2aafebd9a9cfd8a,-2739.195556641,51996,11915,17.3568,4.3965,12.9603,42.3241,0.30622,0.9508,1.2589,1.3241
aw-cql-weight1-seed1,cql,117000,7,117000,c2aafebd9a9cfd8a,-2739.195556641,64933,19513,16.3112,8.3721,7.9391,42.3241,0.18758,0.9145,1.2082,1.3212
aw-cql-weight1-seed1,cql,117000,11,117000,c2aafebd9a9cfd8a,-2739.195556641,76763,39227,10.4105,3.6038,6.8068,42.3241,0.16082,0.9662,1.1035,1.1422
aw-cql-weight1-seed1,cql,117000,12,117000,c2aafebd9a9cfd8a,-2739.195556641,33583,82841,9.8024,4.0186,5.7838,42.3241,0.13666,0.9457,1.0537,1.1142
aw-cql-weight1-seed1,cql,117000,13,117000,c2aafebd9a9cfd8a,-2739.195556641,29838,52509,13.486,1.4365,12.0495,42.3241,0.2847,0.9074,1.0811,1.1914
aw-cql-weight1-seed1,cql,117000,14,117000,c2aafebd9a9cfd8a,-2739.195556641,36307,14110,19.4347,2.297,17.1377,42.3241,0.40491,0.957,1.3127,1.3716
aw-cql-weight1-seed1,cql,118000,0,118000,ed20336f6e74d83b,-2765.922607422,237311,68413,33.1118,19.0774,14.0343,41.8232,0.33556,0.8519,1.4302,1.6788
aw-cql-weight1-seed1,cql,118000,2,118000,ed20336f6e74d83b,-2765.922607422,168808,33814,19.1386,8.3,10.8386,41.8232,0.25915,0.8993,1.1375,1.2649
aw-cql-weight1-seed1,cql,118000,4,118000,ed20336f6e74d83b,-2765.922607422,35214,133999,11.984,2.4643,9.5197,41.8232,0.22762,0.882,1.0041,1.1384
aw-cql-weight1-seed1,cql,118000,5,118000,ed20336f6e74d83b,-2765.922607422,40938,30344,14.5749,0.4618,14.113,41.8232,0.33745,0.9278,1.1508,1.2403
aw-cql-weight1-seed1,cql,118000,6,118000,ed20336f6e74d83b,-2765.922607422,51996,11915,17.2117,4.4831,12.7286,41.8232,0.30434,0.9489,1.2521,1.3195
aw-cql-weight1-seed1,cql,118000,7,118000,ed20336f6e74d83b,-2765.922607422,64933,19513,16.2772,8.1306,8.1466,41.8232,0.19479,0.9172,1.2058,1.3146
aw-cql-weight1-seed1,cql,118000,11,118000,ed20336f6e74d83b,-2765.922607422,76763,39227,10.552,3.5973,6.9547,41.8232,0.16629,0.9674,1.1039,1.1412
aw-cql-weight1-seed1,cql,118000,12,118000,ed20336f6e74d83b,-2765.922607422,33583,82841,10.2566,4.2657,5.9909,41.8232,0.14324,0.9472,1.0554,1.1142
aw-cql-weight1-seed1,cql,118000,13,118000,ed20336f6e74d83b,-2765.922607422,29838,52509,13.5615,1.5001,12.0615,41.8232,0.28839,0.9062,1.0793,1.191
aw-cql-weight1-seed1,cql,118000,14,118000,ed20336f6e74d83b,-2765.922607422,36307,14110,19.3522,2.596,16.7562,41.8232,0.40064,0.9533,1.3028,1.3666
aw-cql-weight1-seed1,cql,119000,0,119000,c512d3c011022d71,-2800.53125,237311,68413,33.4456,19.266,14.1796,42.1203,0.33665,0.8544,1.4417,1.6873
aw-cql-weight1-seed1,cql,119000,2,119000,c512d3c011022d71,-2800.53125,168808,33814,19.5643,8.3194,11.2449,42.1203,0.26697,0.9001,1.1392,1.2657
aw-cql-weight1-seed1,cql,119000,4,119000,c512d3c011022d71,-2800.53125,35214,133999,11.8315,2.4864,9.345,42.1203,0.22187,0.8824,1.0023,1.1359
aw-cql-weight1-seed1,cql,119000,5,119000,c512d3c011022d71,-2800.53125,40938,30344,14.3884,0.4961,13.8922,42.1203,0.32982,0.9288,1.1514,1.2397
aw-cql-weight1-seed1,cql,119000,6,119000,c512d3c011022d71,-2800.53125,51996,11915,17.1283,4.7642,12.3641,42.1203,0.29354,0.9498,1.252,1.3182
aw-cql-weight1-seed1,cql,119000,7,119000,c512d3c011022d71,-2800.53125,64933,19513,16.3504,7.9811,8.3694,42.1203,0.1987,0.9163,1.2066,1.3168
aw-cql-weight1-seed1,cql,119000,11,119000,c512d3c011022d71,-2800.53125,76763,39227,10.6143,3.6648,6.9495,42.1203,0.16499,0.9642,1.1006,1.1414
aw-cql-weight1-seed1,cql,119000,12,119000,c512d3c011022d71,-2800.53125,33583,82841,9.4468,3.8681,5.5787,42.1203,0.13245,0.9466,1.0514,1.1107
aw-cql-weight1-seed1,cql,119000,13,119000,c512d3c011022d71,-2800.53125,29838,52509,12.6806,1.419,11.2616,42.1203,0.26737,0.9062,1.0769,1.1884
aw-cql-weight1-seed1,cql,119000,14,119000,c512d3c011022d71,-2800.53125,36307,14110,18.9998,2.378,16.6218,42.1203,0.39463,0.9535,1.3002,1.3637
aw-cql-weight1-seed1,cql,120000,0,120000,ae20d6c6a1765a7c,-2841.702392578,237311,68413,33.2915,19.1943,14.0972,41.742,0.33772,0.8515,1.4316,1.6813
aw-cql-weight1-seed1,cql,120000,2,120000,ae20d6c6a1765a7c,-2841.702392578,168808,33814,19.5775,8.4548,11.1227,41.742,0.26646,0.8976,1.1378,1.2676
aw-cql-weight1-seed1,cql,120000,4,120000,ae20d6c6a1765a7c,-2841.702392578,35214,133999,12.106,2.4838,9.6223,41.742,0.23052,0.8813,1.0012,1.136
aw-cql-weight1-seed1,cql,120000,5,120000,ae20d6c6a1765a7c,-2841.702392578,40938,30344,14.6766,0.4297,14.2469,41.742,0.34131,0.932,1.1541,1.2383
aw-cql-weight1-seed1,cql,120000,6,120000,ae20d6c6a1765a7c,-2841.702392578,51996,11915,17.297,4.5358,12.7612,41.742,0.30572,0.9516,1.2586,1.3226
aw-cql-weight1-seed1,cql,120000,7,120000,ae20d6c6a1765a7c,-2841.702392578,64933,19513,16.5219,8.1075,8.4143,41.742,0.20158,0.9166,1.2041,1.3136
aw-cql-weight1-seed1,cql,120000,11,120000,ae20d6c6a1765a7c,-2841.702392578,76763,39227,10.567,3.8318,6.7352,41.742,0.16135,0.9629,1.0997,1.142
aw-cql-weight1-seed1,cql,120000,12,120000,ae20d6c6a1765a7c,-2841.702392578,33583,82841,9.6419,4.1264,5.5155,41.742,0.13213,0.9447,1.0489,1.1103
aw-cql-weight1-seed1,cql,120000,13,120000,ae20d6c6a1765a7c,-2841.702392578,29838,52509,12.8259,1.4377,11.3882,41.742,0.27282,0.9032,1.0779,1.1934
aw-cql-weight1-seed1,cql,120000,14,120000,ae20d6c6a1765a7c,-2841.702392578,36307,14110,19.1323,2.5405,16.5918,41.742,0.39748,0.9557,1.3129,1.3738
aw-cql-weight1-seed1,cql,121000,0,121000,b447952ff46c5c7d,-2874.655517578,237311,68413,33.4037,18.7237,14.68,42.3963,0.34626,0.8514,1.4329,1.6829
aw-cql-weight1-seed1,cql,121000,2,121000,b447952ff46c5c7d,-2874.655517578,168808,33814,19.2174,8.1469,11.0706,42.3963,0.26112,0.8982,1.1329,1.2613
aw-cql-weight1-seed1,cql,121000,4,121000,b447952ff46c5c7d,-2874.655517578,35214,133999,11.7905,2.5041,9.2864,42.3963,0.21904,0.8818,1.0037,1.1382
aw-cql-weight1-seed1,cql,121000,5,121000,b447952ff46c5c7d,-2874.655517578,40938,30344,14.6352,0.434,14.2012,42.3963,0.33496,0.9277,1.1522,1.242
aw-cql-weight1-seed1,cql,121000,6,121000,b447952ff46c5c7d,-2874.655517578,51996,11915,17.2601,4.8027,12.4574,42.3963,0.29383,0.9495,1.2545,1.3212
aw-cql-weight1-seed1,cql,121000,7,121000,b447952ff46c5c7d,-2874.655517578,64933,19513,16.1528,7.8524,8.3004,42.3963,0.19578,0.9158,1.2057,1.3165
aw-cql-weight1-seed1,cql,121000,11,121000,b447952ff46c5c7d,-2874.655517578,76763,39227,10.5561,3.6833,6.8728,42.3963,0.16211,0.9622,1.0976,1.1407
aw-cql-weight1-seed1,cql,121000,12,121000,b447952ff46c5c7d,-2874.655517578,33583,82841,9.7415,4.0275,5.714,42.3963,0.13478,0.9448,1.0497,1.1111
aw-cql-weight1-seed1,cql,121000,13,121000,b447952ff46c5c7d,-2874.655517578,29838,52509,13.0722,1.41,11.6622,42.3963,0.27508,0.9045,1.0794,1.1934
aw-cql-weight1-seed1,cql,121000,14,121000,b447952ff46c5c7d,-2874.655517578,36307,14110,19.1878,2.2044,16.9834,42.3963,0.40059,0.9528,1.3042,1.3687
aw-cql-weight1-seed1,cql,122000,0,122000,c5b54b6c93e2fa18,-2904.315917969,237311,68413,33.0805,18.9504,14.1301,41.7828,0.33818,0.8533,1.4449,1.6933
aw-cql-weight1-seed1,cql,122000,2,122000,c5b54b6c93e2fa18,-2904.315917969,168808,33814,18.5393,7.6684,10.8709,41.7828,0.26018,0.8966,1.1292,1.2594
aw-cql-weight1-seed1,cql,122000,4,122000,c5b54b6c93e2fa18,-2904.315917969,35214,133999,11.2509,2.3336,8.9173,41.7828,0.21342,0.8826,1.0026,1.1359
aw-cql-weight1-seed1,cql,122000,5,122000,c5b54b6c93e2fa18,-2904.315917969,40938,30344,14.3034,0.5891,13.7142,41.7828,0.32823,0.9287,1.1557,1.2444
aw-cql-weight1-seed1,cql,122000,6,122000,c5b54b6c93e2fa18,-2904.315917969,51996,11915,17.5458,5.0482,12.4976,41.7828,0.29911,0.9493,1.2499,1.3166
aw-cql-weight1-seed1,cql,122000,7,122000,c5b54b6c93e2fa18,-2904.315917969,64933,19513,16.8391,8.444,8.3951,41.7828,0.20092,0.9143,1.2026,1.3153
aw-cql-weight1-seed1,cql,122000,11,122000,c5b54b6c93e2fa18,-2904.315917969,76763,39227,9.9832,3.3978,6.5854,41.7828,0.15761,0.9642,1.0978,1.1386
aw-cql-weight1-seed1,cql,122000,12,122000,c5b54b6c93e2fa18,-2904.315917969,33583,82841,9.4479,3.8691,5.5788,41.7828,0.13352,0.9446,1.0483,1.1099
aw-cql-weight1-seed1,cql,122000,13,122000,c5b54b6c93e2fa18,-2904.315917969,29838,52509,12.6992,1.3601,11.3391,41.7828,0.27138,0.9016,1.0769,1.1945
aw-cql-weight1-seed1,cql,122000,14,122000,c5b54b6c93e2fa18,-2904.315917969,36307,14110,19.1737,2.6861,16.4875,41.7828,0.3946,0.9527,1.3055,1.3703
aw-cql-weight1-seed1,cql,123000,0,123000,ca493cf17179458c,-2929.720458984,237311,68413,32.8775,18.9839,13.8937,41.3516,0.33599,0.8501,1.4209,1.6714
aw-cql-weight1-seed1,cql,123000,2,123000,ca493cf17179458c,-2929.720458984,168808,33814,19.1752,8.1467,11.0284,41.3516,0.2667,0.8979,1.1355,1.2647
aw-cql-weight1-seed1,cql,123000,4,123000,ca493cf17179458c,-2929.720458984,35214,133999,11.5083,2.275,9.2333,41.3516,0.22329,0.8822,1.0032,1.1372
aw-cql-weight1-seed1,cql,123000,5,123000,ca493cf17179458c,-2929.720458984,40938,30344,14.6494,0.5637,14.0857,41.3516,0.34063,0.9273,1.1499,1.2401
aw-cql-weight1-seed1,cql,123000,6,123000,ca493cf17179458c,-2929.720458984,51996,11915,16.8401,4.2467,12.5935,41.3516,0.30455,0.9511,1.2541,1.3186
aw-cql-weight1-seed1,cql,123000,7,123000,ca493cf17179458c,-2929.720458984,64933,19513,16.6372,8.3241,8.3131,41.3516,0.20103,0.9169,1.2077,1.3172
aw-cql-weight1-seed1,cql,123000,11,123000,ca493cf17179458c,-2929.720458984,76763,39227,10.165,3.551,6.614,41.3516,0.15995,0.9645,1.0994,1.1399
aw-cql-weight1-seed1,cql,123000,12,123000,ca493cf17179458c,-2929.720458984,33583,82841,9.0466,3.6883,5.3583,41.3516,0.12958,0.946,1.0512,1.1113
aw-cql-weight1-seed1,cql,123000,13,123000,ca493cf17179458c,-2929.720458984,29838,52509,12.3456,1.2885,11.0571,41.3516,0.26739,0.9018,1.0763,1.1934
aw-cql-weight1-seed1,cql,123000,14,123000,ca493cf17179458c,-2929.720458984,36307,14110,18.6268,2.1861,16.4408,41.3516,0.39758,0.953,1.3031,1.3674
aw-cql-weight1-seed1,cql,124000,0,124000,22accf1f87b0c067,-2963.582763672,237311,68413,32.937,18.4813,14.4557,42.0778,0.34355,0.8513,1.4334,1.6837
aw-cql-weight1-seed1,cql,124000,2,124000,22accf1f87b0c067,-2963.582763672,168808,33814,18.7661,7.9948,10.7713,42.0778,0.25599,0.8985,1.1358,1.264
aw-cql-weight1-seed1,cql,124000,4,124000,22accf1f87b0c067,-2963.582763672,35214,133999,11.7526,2.544,9.2085,42.0778,0.21885,0.8801,0.9984,1.1344
aw-cql-weight1-seed1,cql,124000,5,124000,22accf1f87b0c067,-2963.582763672,40938,30344,14.4936,0.6067,13.887,42.0778,0.33003,0.9273,1.1504,1.2406
aw-cql-weight1-seed1,cql,124000,6,124000,22accf1f87b0c067,-2963.582763672,51996,11915,17.2199,4.8343,12.3855,42.0778,0.29435,0.9494,1.2526,1.3194
aw-cql-weight1-seed1,cql,124000,7,124000,22accf1f87b0c067,-2963.582763672,64933,19513,16.1473,8.1789,7.9684,42.0778,0.18937,0.9167,1.205,1.3145
aw-cql-weight1-seed1,cql,124000,11,124000,22accf1f87b0c067,-2963.582763672,76763,39227,9.994,3.6072,6.3868,42.0778,0.15179,0.9642,1.0986,1.1394
aw-cql-weight1-seed1,cql,124000,12,124000,22accf1f87b0c067,-2963.582763672,33583,82841,9.1216,3.9724,5.1491,42.0778,0.12237,0.9453,1.0469,1.1074
aw-cql-weight1-seed1,cql,124000,13,124000,22accf1f87b0c067,-2963.582763672,29838,52509,12.6538,1.5641,11.0897,42.0778,0.26355,0.9024,1.0751,1.1914
aw-cql-weight1-seed1,cql,124000,14,124000,22accf1f87b0c067,-2963.582763672,36307,14110,18.6289,2.2982,16.3307,42.0778,0.38811,0.9514,1.3011,1.3675
aw-cql-weight1-seed1,cql,125000,0,125000,aabdc633ea9647b5,-2988.994384766,237311,68413,32.6614,19.0607,13.6008,41.3305,0.32907,0.8522,1.4417,1.6918
aw-cql-weight1-seed1,cql,125000,2,125000,aabdc633ea9647b5,-2988.994384766,168808,33814,18.5618,8.168,10.3938,41.3305,0.25148,0.8979,1.1329,1.2617
aw-cql-weight1-seed1,cql,125000,4,125000,aabdc633ea9647b5,-2988.994384766,35214,133999,11.494,2.2134,9.2806,41.3305,0.22455,0.8806,1.0013,1.1371
aw-cql-weight1-seed1,cql,125000,5,125000,aabdc633ea9647b5,-2988.994384766,40938,30344,14.5076,0.3286,14.1789,41.3305,0.34306,0.9257,1.1516,1.2441
aw-cql-weight1-seed1,cql,125000,6,125000,aabdc633ea9647b5,-2988.994384766,51996,11915,17.0557,4.7955,12.2602,41.3305,0.29664,0.9482,1.2552,1.3237
aw-cql-weight1-seed1,cql,125000,7,125000,aabdc633ea9647b5,-2988.994384766,64933,19513,15.95,8.2483,7.7017,41.3305,0.18634,0.9148,1.2029,1.3149
aw-cql-weight1-seed1,cql,125000,11,125000,aabdc633ea9647b5,-2988.994384766,76763,39227,10.3144,3.6234,6.6911,41.3305,0.16189,0.9639,1.0993,1.1405
aw-cql-weight1-seed1,cql,125000,12,125000,aabdc633ea9647b5,-2988.994384766,33583,82841,9.4463,3.9404,5.5059,41.3305,0.13322,0.9456,1.0511,1.1116
aw-cql-weight1-seed1,cql,125000,13,125000,aabdc633ea9647b5,-2988.994384766,29838,52509,12.4941,1.1298,11.3642,41.3305,0.27496,0.9021,1.0757,1.1924
aw-cql-weight1-seed1,cql,125000,14,125000,aabdc633ea9647b5,-2988.994384766,36307,14110,18.6226,2.4056,16.2169,41.3305,0.39237,0.9496,1.2943,1.363
aw-cql-weight1-seed1,cql,126000,0,126000,c881e2a0a0008cd2,-3023.045654297,237311,68413,33.0466,18.3949,14.6517,41.951,0.34926,0.8508,1.4168,1.6653
aw-cql-weight1-seed1,cql,126000,2,126000,c881e2a0a0008cd2,-3023.045654297,168808,33814,19.3058,8.198,11.1079,41.951,0.26478,0.897,1.129,1.2586
aw-cql-weight1-seed1,cql,126000,4,126000,c881e2a0a0008cd2,-3023.045654297,35214,133999,10.9885,2.1775,8.811,41.951,0.21003,0.8813,0.9993,1.1339
aw-cql-weight1-seed1,cql,126000,5,126000,c881e2a0a0008cd2,-3023.045654297,40938,30344,14.047,0.4151,13.632,41.951,0.32495,0.9297,1.1576,1.2452
aw-cql-weight1-seed1,cql,126000,6,126000,c881e2a0a0008cd2,-3023.045654297,51996,11915,16.9458,4.3582,12.5875,41.951,0.30005,0.9493,1.2561,1.3232
aw-cql-weight1-seed1,cql,126000,7,126000,c881e2a0a0008cd2,-3023.045654297,64933,19513,16.2641,8.0299,8.2342,41.951,0.19628,0.9146,1.1964,1.3081
aw-cql-weight1-seed1,cql,126000,11,126000,c881e2a0a0008cd2,-3023.045654297,76763,39227,10.023,3.3573,6.6658,41.951,0.15889,0.9632,1.0968,1.1388
aw-cql-weight1-seed1,cql,126000,12,126000,c881e2a0a0008cd2,-3023.045654297,33583,82841,9.316,3.7471,5.5689,41.951,0.13275,0.944,1.0478,1.11
aw-cql-weight1-seed1,cql,126000,13,126000,c881e2a0a0008cd2,-3023.045654297,29838,52509,12.6531,1.3645,11.2886,41.951,0.26909,0.9017,1.0762,1.1935
aw-cql-weight1-seed1,cql,126000,14,126000,c881e2a0a0008cd2,-3023.045654297,36307,14110,18.9363,2.1139,16.8225,41.951,0.401,0.9525,1.3013,1.3662
aw-cql-weight1-seed1,cql,127000,0,127000,691dfdf90a10f0dc,-3052.534912109,237311,68413,33.1923,18.9404,14.2519,41.8732,0.34036,0.851,1.4224,1.6714
aw-cql-weight1-seed1,cql,127000,2,127000,691dfdf90a10f0dc,-3052.534912109,168808,33814,18.2206,7.8071,10.4135,41.8732,0.24869,0.8975,1.1291,1.2581
aw-cql-weight1-seed1,cql,127000,4,127000,691dfdf90a10f0dc,-3052.534912109,35214,133999,11.3339,2.3443,8.9896,41.8732,0.21469,0.8827,1.0009,1.1339
aw-cql-weight1-seed1,cql,127000,5,127000,691dfdf90a10f0dc,-3052.534912109,40938,30344,13.6327,0.3309,13.3018,41.8732,0.31767,0.9301,1.1518,1.2383
aw-cql-weight1-seed1,cql,127000,6,127000,691dfdf90a10f0dc,-3052.534912109,51996,11915,17.1278,4.6816,12.4462,41.8732,0.29724,0.9486,1.2568,1.3249
aw-cql-weight1-seed1,cql,127000,7,127000,691dfdf90a10f0dc,-3052.534912109,64933,19513,15.8228,8.234,7.5889,41.8732,0.18123,0.9146,1.2048,1.3174
aw-cql-weight1-seed1,cql,127000,11,127000,691dfdf90a10f0dc,-3052.534912109,76763,39227,9.4681,3.2727,6.1955,41.8732,0.14796,0.9628,1.095,1.1374
aw-cql-weight1-seed1,cql,127000,12,127000,691dfdf90a10f0dc,-3052.534912109,33583,82841,9.0097,3.6261,5.3837,41.8732,0.12857,0.9451,1.0492,1.1102
aw-cql-weight1-seed1,cql,127000,13,127000,691dfdf90a10f0dc,-3052.534912109,29838,52509,11.913,1.1289,10.7841,41.8732,0.25754,0.9031,1.0754,1.1908
aw-cql-weight1-seed1,cql,127000,14,127000,691dfdf90a10f0dc,-3052.534912109,36307,14110,18.6529,2.086,16.5669,41.8732,0.39564,0.9534,1.3003,1.3639
aw-cql-weight1-seed1,cql,128000,0,128000,736be67e0acdfe89,-3076.569824219,237311,68413,32.9356,18.6961,14.2395,41.5474,0.34273,0.8514,1.4229,1.6713
aw-cql-weight1-seed1,cql,128000,2,128000,736be67e0acdfe89,-3076.569824219,168808,33814,19.2566,8.1753,11.0813,41.5474,0.26671,0.8982,1.1283,1.2561
aw-cql-weight1-seed1,cql,128000,4,128000,736be67e0acdfe89,-3076.569824219,35214,133999,11.0054,2.0196,8.9858,41.5474,0.21628,0.8851,1.0007,1.1307
aw-cql-weight1-seed1,cql,128000,5,128000,736be67e0acdfe89,-3076.569824219,40938,30344,13.8398,0.1724,13.6674,41.5474,0.32896,0.9283,1.1523,1.2413
aw-cql-weight1-seed1,cql,128000,6,128000,736be67e0acdfe89,-3076.569824219,51996,11915,17.2255,4.5799,12.6456,41.5474,0.30437,0.9498,1.2522,1.3184
aw-cql-weight1-seed1,cql,128000,7,128000,736be67e0acdfe89,-3076.569824219,64933,19513,16.4317,8.1644,8.2673,41.5474,0.19898,0.9145,1.1935,1.3051
aw-cql-weight1-seed1,cql,128000,11,128000,736be67e0acdfe89,-3076.569824219,76763,39227,9.9589,3.3301,6.6287,41.5474,0.15955,0.9608,1.0942,1.1388
aw-cql-weight1-seed1,cql,128000,12,128000,736be67e0acdfe89,-3076.569824219,33583,82841,9.1507,3.6783,5.4724,41.5474,0.13172,0.9454,1.046,1.1063
aw-cql-weight1-seed1,cql,128000,13,128000,736be67e0acdfe89,-3076.569824219,29838,52509,12.5244,1.142,11.3825,41.5474,0.27396,0.9028,1.0764,1.1923
aw-cql-weight1-seed1,cql,128000,14,128000,736be67e0acdfe89,-3076.569824219,36307,14110,18.8524,2.1001,16.7523,41.5474,0.40321,0.9521,1.3051,1.3708
aw-cql-weight1-seed1,cql,129000,0,129000,a0bb0ce78df5642a,-3111.84375,237311,68413,32.3784,18.2019,14.1765,40.7815,0.34762,0.8532,1.4304,1.6766
aw-cql-weight1-seed1,cql,129000,2,129000,a0bb0ce78df5642a,-3111.84375,168808,33814,18.9416,8.0501,10.8916,40.7815,0.26707,0.8979,1.1336,1.2625
aw-cql-weight1-seed1,cql,129000,4,129000,a0bb0ce78df5642a,-3111.84375,35214,133999,11.3648,2.1406,9.2242,40.7815,0.22619,0.8808,0.9989,1.1341
aw-cql-weight1-seed1,cql,129000,5,129000,a0bb0ce78df5642a,-3111.84375,40938,30344,14.2241,0.4394,13.7848,40.7815,0.33802,0.9285,1.1506,1.2392
aw-cql-weight1-seed1,cql,129000,6,129000,a0bb0ce78df5642a,-3111.84375,51996,11915,17.2109,4.8564,12.3545,40.7815,0.30294,0.9485,1.2553,1.3234
aw-cql-weight1-seed1,cql,129000,7,129000,a0bb0ce78df5642a,-3111.84375,64933,19513,16.2145,8.0517,8.1629,40.7815,0.20016,0.9155,1.1975,1.308
aw-cql-weight1-seed1,cql,129000,11,129000,a0bb0ce78df5642a,-3111.84375,76763,39227,9.8019,3.2385,6.5634,40.7815,0.16094,0.9636,1.0982,1.1397
aw-cql-weight1-seed1,cql,129000,12,129000,a0bb0ce78df5642a,-3111.84375,33583,82841,9.092,3.7954,5.2967,40.7815,0.12988,0.9435,1.0458,1.1083
aw-cql-weight1-seed1,cql,129000,13,129000,a0bb0ce78df5642a,-3111.84375,29838,52509,12.8075,1.2566,11.5509,40.7815,0.28324,0.9022,1.0731,1.1893
aw-cql-weight1-seed1,cql,129000,14,129000,a0bb0ce78df5642a,-3111.84375,36307,14110,18.8123,2.3532,16.4591,40.7815,0.40359,0.952,1.296,1.3613
aw-cql-weight1-seed1,cql,130000,0,130000,11d5b9f9b692b8e4,-3151.526611328,237311,68413,32.6852,18.5023,14.1828,41.4851,0.34188,0.8502,1.4335,1.686
aw-cql-weight1-seed1,cql,130000,2,130000,11d5b9f9b692b8e4,-3151.526611328,168808,33814,18.5131,7.8718,10.6413,41.4851,0.25651,0.8969,1.1319,1.2619
aw-cql-weight1-seed1,cql,130000,4,130000,11d5b9f9b692b8e4,-3151.526611328,35214,133999,11.0857,2.1908,8.8949,41.4851,0.21441,0.8814,0.9993,1.1338
aw-cql-weight1-seed1,cql,130000,5,130000,11d5b9f9b692b8e4,-3151.526611328,40938,30344,14.058,0.4062,13.6518,41.4851,0.32908,0.9288,1.1489,1.237
aw-cql-weight1-seed1,cql,130000,6,130000,11d5b9f9b692b8e4,-3151.526611328,51996,11915,17.0184,4.2804,12.738,41.4851,0.30705,0.9505,1.2581,1.3237
aw-cql-weight1-seed1,cql,130000,7,130000,11d5b9f9b692b8e4,-3151.526611328,64933,19513,16.0195,7.7669,8.2526,41.4851,0.19893,0.9135,1.1992,1.3127
aw-cql-weight1-seed1,cql,130000,11,130000,11d5b9f9b692b8e4,-3151.526611328,76763,39227,9.7895,3.3404,6.4491,41.4851,0.15546,0.9621,1.0975,1.1408
aw-cql-weight1-seed1,cql,130000,12,130000,11d5b9f9b692b8e4,-3151.526611328,33583,82841,8.6471,3.4768,5.1703,41.4851,0.12463,0.9428,1.0435,1.1069
aw-cql-weight1-seed1,cql,130000,13,130000,11d5b9f9b692b8e4,-3151.526611328,29838,52509,12.6125,1.3686,11.244,41.4851,0.27104,0.904,1.0762,1.1904
aw-cql-weight1-seed1,cql,130000,14,130000,11d5b9f9b692b8e4,-3151.526611328,36307,14110,18.7516,2.375,16.3767,41.4851,0.39476,0.9544,1.3033,1.3656
aw-cql-weight1-seed1,cql,131000,0,131000,01fed1b79821556c,-3183.829345703,237311,68413,32.7247,18.8987,13.826,41.7343,0.33129,0.8516,1.4297,1.679
aw-cql-weight1-seed1,cql,131000,2,131000,01fed1b79821556c,-3183.829345703,168808,33814,18.3892,7.4607,10.9285,41.7343,0.26186,0.8958,1.1262,1.2572
aw-cql-weight1-seed1,cql,131000,4,131000,01fed1b79821556c,-3183.829345703,35214,133999,11.1943,2.2405,8.9538,41.7343,0.21454,0.8831,0.9991,1.1314
aw-cql-weight1-seed1,cql,131000,5,131000,01fed1b79821556c,-3183.829345703,40938,30344,13.9985,0.3108,13.6877,41.7343,0.32797,0.9278,1.1498,1.2393
aw-cql-weight1-seed1,cql,131000,6,131000,01fed1b79821556c,-3183.829345703,51996,11915,16.9697,4.4256,12.5441,41.7343,0.30057,0.9487,1.2517,1.3194
aw-cql-weight1-seed1,cql,131000,7,131000,01fed1b79821556c,-3183.829345703,64933,19513,16.3514,8.1767,8.1747,41.7343,0.19587,0.9156,1.2001,1.3107
aw-cql-weight1-seed1,cql,131000,11,131000,01fed1b79821556c,-3183.829345703,76763,39227,9.7645,3.3408,6.4237,41.7343,0.15392,0.961,1.0933,1.1377
aw-cql-weight1-seed1,cql,131000,12,131000,01fed1b79821556c,-3183.829345703,33583,82841,8.9055,3.6416,5.2639,41.7343,0.12613,0.9418,1.0438,1.1083
aw-cql-weight1-seed1,cql,131000,13,131000,01fed1b79821556c,-3183.829345703,29838,52509,11.7396,1.1201,10.6195,41.7343,0.25446,0.9007,1.0735,1.1919
aw-cql-weight1-seed1,cql,131000,14,131000,01fed1b79821556c,-3183.829345703,36307,14110,18.3498,1.8938,16.4559,41.7343,0.3943,0.9513,1.3017,1.3684
aw-cql-weight1-seed1,cql,132000,0,132000,e2cd18e963b54ca0,-3222.85546875,237311,68413,32.4729,18.4394,14.0335,41.4033,0.33895,0.8505,1.432,1.6836
aw-cql-weight1-seed1,cql,132000,2,132000,e2cd18e963b54ca0,-3222.85546875,168808,33814,18.5694,7.6354,10.9339,41.4033,0.26408,0.8986,1.1326,1.2605
aw-cql-weight1-seed1,cql,132000,4,132000,e2cd18e963b54ca0,-3222.85546875,35214,133999,10.8689,2.261,8.6079,41.4033,0.2079,0.8798,0.9997,1.1363
aw-cql-weight1-seed1,cql,132000,5,132000,e2cd18e963b54ca0,-3222.85546875,40938,30344,13.8786,0.3466,13.532,41.4033,0.32683,0.9295,1.1508,1.2381
aw-cql-weight1-seed1,cql,132000,6,132000,e2cd18e963b54ca0,-3222.85546875,51996,11915,16.6358,4.0697,12.5662,41.4033,0.30351,0.9496,1.255,1.3216
aw-cql-weight1-seed1,cql,132000,7,132000,e2cd18e963b54ca0,-3222.85546875,64933,19513,15.484,7.2118,8.2722,41.4033,0.1998,0.9145,1.1959,1.3077
aw-cql-weight1-seed1,cql,132000,11,132000,e2cd18e963b54ca0,-3222.85546875,76763,39227,9.3136,3.2089,6.1047,41.4033,0.14744,0.9611,1.0918,1.136
aw-cql-weight1-seed1,cql,132000,12,132000,e2cd18e963b54ca0,-3222.85546875,33583,82841,8.5283,3.4113,5.117,41.4033,0.12359,0.9429,1.0445,1.1078
aw-cql-weight1-seed1,cql,132000,13,132000,e2cd18e963b54ca0,-3222.85546875,29838,52509,12.3562,1.274,11.0822,41.4033,0.26767,0.9034,1.0762,1.1913
aw-cql-weight1-seed1,cql,132000,14,132000,e2cd18e963b54ca0,-3222.85546875,36307,14110,18.5417,1.93,16.6117,41.4033,0.40122,0.9548,1.3069,1.3688
aw-cql-weight1-seed1,cql,133000,0,133000,8298ff9760cf8f93,-3247.87109375,237311,68413,32.5805,18.524,14.0565,41.0687,0.34227,0.8504,1.4275,1.6786
aw-cql-weight1-seed1,cql,133000,2,133000,8298ff9760cf8f93,-3247.87109375,168808,33814,18.4213,7.6153,10.806,41.0687,0.26312,0.8984,1.1355,1.2639
aw-cql-weight1-seed1,cql,133000,4,133000,8298ff9760cf8f93,-3247.87109375,35214,133999,11.6267,2.3078,9.3189,41.0687,0.22691,0.8822,1.0009,1.1345
aw-cql-weight1-seed1,cql,133000,5,133000,8298ff9760cf8f93,-3247.87109375,40938,30344,14.4325,0.306,14.1264,41.0687,0.34397,0.9286,1.1478,1.236
aw-cql-weight1-seed1,cql,133000,6,133000,8298ff9760cf8f93,-3247.87109375,51996,11915,16.788,4.2504,12.5376,41.0687,0.30528,0.9494,1.2545,1.3213
aw-cql-weight1-seed1,cql,133000,7,133000,8298ff9760cf8f93,-3247.87109375,64933,19513,15.9164,7.7934,8.123,41.0687,0.19779,0.9133,1.1924,1.3057
aw-cql-weight1-seed1,cql,133000,11,133000,8298ff9760cf8f93,-3247.87109375,76763,39227,9.8973,3.3001,6.5971,41.0687,0.16064,0.9625,1.0916,1.1341
aw-cql-weight1-seed1,cql,133000,12,133000,8298ff9760cf8f93,-3247.87109375,33583,82841,9.2471,3.7808,5.4663,41.0687,0.1331,0.9436,1.044,1.1063
aw-cql-weight1-seed1,cql,133000,13,133000,8298ff9760cf8f93,-3247.87109375,29838,52509,12.9564,1.2305,11.726,41.0687,0.28552,0.9011,1.0719,1.1896
aw-cql-weight1-seed1,cql,133000,14,133000,8298ff9760cf8f93,-3247.87109375,36307,14110,19.1226,2.3046,16.818,41.0687,0.40951,0.9527,1.3007,1.3653
aw-cql-weight1-seed1,cql,134000,0,134000,b223d9c81035fc7d,-3276.494140625,237311,68413,32.6347,18.1089,14.5259,41.3831,0.35101,0.8511,1.428,1.678
aw-cql-weight1-seed1,cql,134000,2,134000,b223d9c81035fc7d,-3276.494140625,168808,33814,18.6787,7.7594,10.9192,41.3831,0.26386,0.8951,1.1271,1.2593
aw-cql-weight1-seed1,cql,134000,4,134000,b223d9c81035fc7d,-3276.494140625,35214,133999,10.7027,2.2233,8.4794,41.3831,0.2049,0.8832,0.9984,1.1304
aw-cql-weight1-seed1,cql,134000,5,134000,b223d9c81035fc7d,-3276.494140625,40938,30344,13.6645,0.3081,13.3565,41.3831,0.32275,0.9303,1.1499,1.236
aw-cql-weight1-seed1,cql,134000,6,134000,b223d9c81035fc7d,-3276.494140625,51996,11915,16.4765,4.2162,12.2603,41.3831,0.29626,0.9511,1.2582,1.323
aw-cql-weight1-seed1,cql,134000,7,134000,b223d9c81035fc7d,-3276.494140625,64933,19513,15.8163,7.6874,8.1289,41.3831,0.19643,0.9158,1.2053,1.3161
aw-cql-weight1-seed1,cql,134000,11,134000,b223d9c81035fc7d,-3276.494140625,76763,39227,9.6819,3.2253,6.4567,41.3831,0.15602,0.9622,1.0935,1.1364
aw-cql-weight1-seed1,cql,134000,12,134000,b223d9c81035fc7d,-3276.494140625,33583,82841,8.9396,3.5841,5.3555,41.3831,0.12941,0.9439,1.044,1.1061
aw-cql-weight1-seed1,cql,134000,13,134000,b223d9c81035fc7d,-3276.494140625,29838,52509,12.1923,1.2746,10.9178,41.3831,0.26382,0.9033,1.0721,1.1869
aw-cql-weight1-seed1,cql,134000,14,134000,b223d9c81035fc7d,-3276.494140625,36307,14110,18.1626,2.0743,16.0883,41.3831,0.38877,0.9542,1.2996,1.362
aw-cql-weight1-seed1,cql,135000,0,135000,1b94fe533fda6fce,-3307.01171875,237311,68413,32.4638,17.7504,14.7134,41.4047,0.35536,0.8522,1.4243,1.6713
aw-cql-weight1-seed1,cql,135000,2,135000,1b94fe533fda6fce,-3307.01171875,168808,33814,18.5446,7.8217,10.7229,41.4047,0.25898,0.8985,1.1284,1.256
aw-cql-weight1-seed1,cql,135000,4,135000,1b94fe533fda6fce,-3307.01171875,35214,133999,11.2374,2.1603,9.0772,41.4047,0.21923,0.8814,1.0048,1.14
aw-cql-weight1-seed1,cql,135000,5,135000,1b94fe533fda6fce,-3307.01171875,40938,30344,13.9807,0.1994,13.7813,41.4047,0.33284,0.9241,1.1542,1.2491
aw-cql-weight1-seed1,cql,135000,6,135000,1b94fe533fda6fce,-3307.01171875,51996,11915,16.4581,4.0053,12.4528,41.4047,0.30076,0.951,1.2652,1.3304
aw-cql-weight1-seed1,cql,135000,7,135000,1b94fe533fda6fce,-3307.01171875,64933,19513,16.0668,7.7765,8.2903,41.4047,0.20023,0.9139,1.204,1.3175
aw-cql-weight1-seed1,cql,135000,11,135000,1b94fe533fda6fce,-3307.01171875,76763,39227,9.8539,3.4229,6.431,41.4047,0.15532,0.9618,1.0934,1.1369
aw-cql-weight1-seed1,cql,135000,12,135000,1b94fe533fda6fce,-3307.01171875,33583,82841,9.161,3.9169,5.244,41.4047,0.12665,0.9435,1.0487,1.1115
aw-cql-weight1-seed1,cql,135000,13,135000,1b94fe533fda6fce,-3307.01171875,29838,52509,11.6118,0.9658,10.646,41.4047,0.25712,0.8976,1.0766,1.1994
aw-cql-weight1-seed1,cql,135000,14,135000,1b94fe533fda6fce,-3307.01171875,36307,14110,18.0457,1.7544,16.2913,41.4047,0.39346,0.9494,1.3068,1.3764
aw-cql-weight1-seed1,cql,136000,0,136000,eda5df40221df046,-3334.322509766,237311,68413,32.6186,18.0732,14.5454,41.5347,0.3502,0.8497,1.4093,1.6586
aw-cql-weight1-seed1,cql,136000,2,136000,eda5df40221df046,-3334.322509766,168808,33814,18.6071,7.7601,10.8469,41.5347,0.26115,0.8981,1.1286,1.2567
aw-cql-weight1-seed1,cql,136000,4,136000,eda5df40221df046,-3334.322509766,35214,133999,10.4792,2.036,8.4432,41.5347,0.20328,0.8803,0.9993,1.1352
aw-cql-weight1-seed1,cql,136000,5,136000,eda5df40221df046,-3334.322509766,40938,30344,13.6229,0.1454,13.4775,41.5347,0.32449,0.9311,1.1513,1.2366
aw-cql-weight1-seed1,cql,136000,6,136000,eda5df40221df046,-3334.322509766,51996,11915,16.3718,4.2909,12.0809,41.5347,0.29086,0.9505,1.2521,1.3173
aw-cql-weight1-seed1,cql,136000,7,136000,eda5df40221df046,-3334.322509766,64933,19513,15.7284,7.8756,7.8529,41.5347,0.18907,0.9147,1.2007,1.3126
aw-cql-weight1-seed1,cql,136000,11,136000,eda5df40221df046,-3334.322509766,76763,39227,9.486,3.2473,6.2386,41.5347,0.1502,0.9614,1.0908,1.1346
aw-cql-weight1-seed1,cql,136000,12,136000,eda5df40221df046,-3334.322509766,33583,82841,8.3526,3.4207,4.9319,41.5347,0.11874,0.9425,1.0436,1.1073
aw-cql-weight1-seed1,cql,136000,13,136000,eda5df40221df046,-3334.322509766,29838,52509,11.535,0.9498,10.5852,41.5347,0.25485,0.9017,1.0739,1.1909
aw-cql-weight1-seed1,cql,136000,14,136000,eda5df40221df046,-3334.322509766,36307,14110,18.3157,1.7654,16.5503,41.5347,0.39847,0.953,1.2984,1.3624
aw-cql-weight1-seed1,cql,137000,0,137000,92f61418195da785,-3367.839355469,237311,68413,32.5847,18.3174,14.2674,41.4941,0.34384,0.8504,1.4198,1.6695
aw-cql-weight1-seed1,cql,137000,2,137000,92f61418195da785,-3367.839355469,168808,33814,18.222,7.7935,10.4285,41.4941,0.25132,0.8978,1.128,1.2564
aw-cql-weight1-seed1,cql,137000,4,137000,92f61418195da785,-3367.839355469,35214,133999,10.5146,2.0036,8.511,41.4941,0.20511,0.8774,0.9983,1.1378
aw-cql-weight1-seed1,cql,137000,5,137000,92f61418195da785,-3367.839355469,40938,30344,13.533,0.1817,13.3513,41.4941,0.32176,0.9258,1.1484,1.2404
aw-cql-weight1-seed1,cql,137000,6,137000,92f61418195da785,-3367.839355469,51996,11915,16.2115,4.1751,12.0363,41.4941,0.29007,0.9506,1.2553,1.3205
aw-cql-weight1-seed1,cql,137000,7,137000,92f61418195da785,-3367.839355469,64933,19513,16.0066,8.0349,7.9717,41.4941,0.19212,0.9159,1.2032,1.3137
aw-cql-weight1-seed1,cql,137000,11,137000,92f61418195da785,-3367.839355469,76763,39227,8.9867,3.0396,5.9471,41.4941,0.14332,0.9617,1.0924,1.136
aw-cql-weight1-seed1,cql,137000,12,137000,92f61418195da785,-3367.839355469,33583,82841,8.0785,3.2055,4.8729,41.4941,0.11744,0.9446,1.045,1.1063
aw-cql-weight1-seed1,cql,137000,13,137000,92f61418195da785,-3367.839355469,29838,52509,11.7731,1.0275,10.7456,41.4941,0.25897,0.899,1.0722,1.1927
aw-cql-weight1-seed1,cql,137000,14,137000,92f61418195da785,-3367.839355469,36307,14110,17.9496,1.7326,16.217,41.4941,0.39083,0.9496,1.2964,1.3653
aw-cql-weight1-seed1,cql,138000,0,138000,527f7174b10aa7e9,-3397.353271484,237311,68413,32.3843,17.9668,14.4175,41.1228,0.3506,0.8521,1.4074,1.6517
aw-cql-weight1-seed1,cql,138000,2,138000,527f7174b10aa7e9,-3397.353271484,168808,33814,18.5387,7.5704,10.9683,41.1228,0.26672,0.8968,1.1206,1.2495
aw-cql-weight1-seed1,cql,138000,4,138000,527f7174b10aa7e9,-3397.353271484,35214,133999,11.0047,2.334,8.6707,41.1228,0.21085,0.8813,0.9988,1.1333
aw-cql-weight1-seed1,cql,138000,5,138000,527f7174b10aa7e9,-3397.353271484,40938,30344,13.7426,0.3238,13.4188,41.1228,0.32631,0.9275,1.1462,1.2358
aw-cql-weight1-seed1,cql,138000,6,138000,527f7174b10aa7e9,-3397.353271484,51996,11915,16.3996,4.0304,12.3692,41.1228,0.30079,0.9494,1.2501,1.3166
aw-cql-weight1-seed1,cql,138000,7,138000,527f7174b10aa7e9,-3397.353271484,64933,19513,16.0599,7.8463,8.2136,41.1228,0.19973,0.9142,1.2005,1.3132
aw-cql-weight1-seed1,cql,138000,11,138000,527f7174b10aa7e9,-3397.353271484,76763,39227,9.5515,3.248,6.3035,41.1228,0.15328,0.9619,1.0944,1.1377
aw-cql-weight1-seed1,cql,138000,12,138000,527f7174b10aa7e9,-3397.353271484,33583,82841,8.4752,3.3565,5.1187,41.1228,0.12447,0.9411,1.0418,1.1071
aw-cql-weight1-seed1,cql,138000,13,138000,527f7174b10aa7e9,-3397.353271484,29838,52509,12.0324,1.1989,10.8336,41.1228,0.26344,0.9016,1.0722,1.1893
aw-cql-weight1-seed1,cql,138000,14,138000,527f7174b10aa7e9,-3397.353271484,36307,14110,18.5155,2.0326,16.4829,41.1228,0.40082,0.9515,1.2998,1.3661
aw-cql-weight1-seed1,cql,139000,0,139000,6a58c909abec0f25,-3424.308349609,237311,68413,32.5398,18.2663,14.2734,41.4149,0.34465,0.8494,1.4138,1.6644
aw-cql-weight1-seed1,cql,139000,2,139000,6a58c909abec0f25,-3424.308349609,168808,33814,18.2028,7.4627,10.7401,41.4149,0.25933,0.8969,1.1254,1.2548
aw-cql-weight1-seed1,cql,139000,4,139000,6a58c909abec0f25,-3424.308349609,35214,133999,11.1379,2.0699,9.068,41.4149,0.21895,0.886,0.9995,1.128
aw-cql-weight1-seed1,cql,139000,5,139000,6a58c909abec0f25,-3424.308349609,40938,30344,13.7825,0.2797,13.5027,41.4149,0.32604,0.9254,1.1498,1.2425
aw-cql-weight1-seed1,cql,139000,6,139000,6a58c909abec0f25,-3424.308349609,51996,11915,16.663,4.3733,12.2898,41.4149,0.29675,0.9484,1.2504,1.3184
aw-cql-weight1-seed1,cql,139000,7,139000,6a58c909abec0f25,-3424.308349609,64933,19513,15.3939,7.675,7.719,41.4149,0.18638,0.9151,1.1983,1.3094
aw-cql-weight1-seed1,cql,139000,11,139000,6a58c909abec0f25,-3424.308349609,76763,39227,9.1539,3.0793,6.0746,41.4149,0.14668,0.9626,1.0927,1.1351
aw-cql-weight1-seed1,cql,139000,12,139000,6a58c909abec0f25,-3424.308349609,33583,82841,8.9567,3.5075,5.4492,41.4149,0.13157,0.9427,1.0431,1.1065
aw-cql-weight1-seed1,cql,139000,13,139000,6a58c909abec0f25,-3424.308349609,29838,52509,12.2404,1.0955,11.1449,41.4149,0.2691,0.9024,1.0736,1.1897
aw-cql-weight1-seed1,cql,139000,14,139000,6a58c909abec0f25,-3424.308349609,36307,14110,18.1372,1.9247,16.2125,41.4149,0.39147,0.9503,1.299,1.367
aw-cql-weight1-seed1,cql,140000,0,140000,86e00bdd9b3ae857,-3462.058105469,237311,68413,32.3135,18.0082,14.3053,41.4688,0.34497,0.8509,1.423,1.6723
aw-cql-weight1-seed1,cql,140000,2,140000,86e00bdd9b3ae857,-3462.058105469,168808,33814,17.7283,7.4583,10.2699,41.4688,0.24765,0.8978,1.1286,1.2571
aw-cql-weight1-seed1,cql,140000,4,140000,86e00bdd9b3ae857,-3462.058105469,35214,133999,10.4656,2.1436,8.3221,41.4688,0.20068,0.8799,0.9978,1.134
aw-cql-weight1-seed1,cql,140000,5,140000,86e00bdd9b3ae857,-3462.058105469,40938,30344,13.4526,0.3219,13.1307,41.4688,0.31664,0.9268,1.1458,1.2363
aw-cql-weight1-seed1,cql,140000,6,140000,86e00bdd9b3ae857,-3462.058105469,51996,11915,16.1818,3.9741,12.2076,41.4688,0.29438,0.9496,1.2535,1.32
aw-cql-weight1-seed1,cql,140000,7,140000,86e00bdd9b3ae857,-3462.058105469,64933,19513,15.7034,7.7732,7.9302,41.4688,0.19123,0.9143,1.1995,1.312
aw-cql-weight1-seed1,cql,140000,11,140000,86e00bdd9b3ae857,-3462.058105469,76763,39227,8.7762,2.9306,5.8455,41.4688,0.14096,0.9609,1.0906,1.135
aw-cql-weight1-seed1,cql,140000,12,140000,86e00bdd9b3ae857,-3462.058105469,33583,82841,8.2406,3.314,4.9266,41.4688,0.1188,0.9433,1.044,1.1068
aw-cql-weight1-seed1,cql,140000,13,140000,86e00bdd9b3ae857,-3462.058105469,29838,52509,11.4774,1.1852,10.2922,41.4688,0.24819,0.9009,1.0725,1.1905
aw-cql-weight1-seed1,cql,140000,14,140000,86e00bdd9b3ae857,-3462.058105469,36307,14110,18.2863,2.0501,16.2362,41.4688,0.39153,0.9502,1.297,1.3649
aw-cql-weight1-seed1,cql,141000,0,141000,8a5d9efdc380a4bc,-3493.803466797,237311,68413,32.1221,17.8719,14.2502,40.9083,0.34834,0.8504,1.4225,1.6726
aw-cql-weight1-seed1,cql,141000,2,141000,8a5d9efdc380a4bc,-3493.803466797,168808,33814,18.2923,7.4125,10.8798,40.9083,0.26596,0.8973,1.1247,1.2534
aw-cql-weight1-seed1,cql,141000,4,141000,8a5d9efdc380a4bc,-3493.803466797,35214,133999,10.5217,2.1493,8.3724,40.9083,0.20466,0.883,1.0002,1.1328
aw-cql-weight1-seed1,cql,141000,5,141000,8a5d9efdc380a4bc,-3493.803466797,40938,30344,13.187,0.1973,12.9896,40.9083,0.31753,0.9271,1.1459,1.236
aw-cql-weight1-seed1,cql,141000,6,141000,8a5d9efdc380a4bc,-3493.803466797,51996,11915,16.1772,3.947,12.2302,40.9083,0.29897,0.9483,1.2529,1.3212
aw-cql-weight1-seed1,cql,141000,7,141000,8a5d9efdc380a4bc,-3493.803466797,64933,19513,15.7075,7.4147,8.2928,40.9083,0.20272,0.9163,1.1939,1.303
aw-cql-weight1-seed1,cql,141000,11,141000,8a5d9efdc380a4bc,-3493.803466797,76763,39227,9.4914,3.1682,6.3233,40.9083,0.15457,0.962,1.0911,1.1343
aw-cql-weight1-seed1,cql,141000,12,141000,8a5d9efdc380a4bc,-3493.803466797,33583,82841,8.5594,3.4829,5.0765,40.9083,0.1241,0.9431,1.0432,1.1061
aw-cql-weight1-seed1,cql,141000,13,141000,8a5d9efdc380a4bc,-3493.803466797,29838,52509,11.6006,1.2333,10.3673,40.9083,0.25343,0.9041,1.0725,1.1863
aw-cql-weight1-seed1,cql,141000,14,141000,8a5d9efdc380a4bc,-3493.803466797,36307,14110,17.8948,1.7582,16.1366,40.9083,0.39446,0.951,1.2971,1.364
aw-cql-weight1-seed1,cql,142000,0,142000,ecc1a935d469d8b2,-3524.48046875,237311,68413,32.3601,17.9711,14.389,41.4348,0.34727,0.8501,1.4183,1.6685
aw-cql-weight1-seed1,cql,142000,2,142000,ecc1a935d469d8b2,-3524.48046875,168808,33814,17.8117,7.4844,10.3273,41.4348,0.24924,0.8975,1.1289,1.2578
aw-cql-weight1-seed1,cql,142000,4,142000,ecc1a935d469d8b2,-3524.48046875,35214,133999,10.1762,1.9245,8.2517,41.4348,0.19915,0.8869,1.0016,1.1294
aw-cql-weight1-seed1,cql,142000,5,142000,ecc1a935d469d8b2,-3524.48046875,40938,30344,13.5939,0.1837,13.4102,41.4348,0.32365,0.929,1.1509,1.2388
aw-cql-weight1-seed1,cql,142000,6,142000,ecc1a935d469d8b2,-3524.48046875,51996,11915,16.4156,3.9717,12.4439,41.4348,0.30032,0.951,1.2579,1.3228
aw-cql-weight1-seed1,cql,142000,7,142000,ecc1a935d469d8b2,-3524.48046875,64933,19513,15.6538,7.4143,8.2395,41.4348,0.19886,0.9169,1.1972,1.3058
aw-cql-weight1-seed1,cql,142000,11,142000,ecc1a935d469d8b2,-3524.48046875,76763,39227,9.4466,3.2759,6.1707,41.4348,0.14892,0.9637,1.0939,1.1351
aw-cql-weight1-seed1,cql,142000,12,142000,ecc1a935d469d8b2,-3524.48046875,33583,82841,8.4662,3.3452,5.121,41.4348,0.12359,0.9463,1.0457,1.105
aw-cql-weight1-seed1,cql,142000,13,142000,ecc1a935d469d8b2,-3524.48046875,29838,52509,11.7305,1.0909,10.6396,41.4348,0.25678,0.905,1.0773,1.1904
aw-cql-weight1-seed1,cql,142000,14,142000,ecc1a935d469d8b2,-3524.48046875,36307,14110,18.23,1.9553,16.2747,41.4348,0.39278,0.9552,1.3071,1.3684
aw-cql-weight1-seed1,cql,143000,0,143000,73dccd6778f538ff,-3545.114746094,237311,68413,32.4384,17.9047,14.5337,41.4004,0.35105,0.8504,1.4152,1.6642
aw-cql-weight1-seed1,cql,143000,2,143000,73dccd6778f538ff,-3545.114746094,168808,33814,18.4414,7.7105,10.731,41.4004,0.2592,0.8966,1.1235,1.253
aw-cql-weight1-seed1,cql,143000,4,143000,73dccd6778f538ff,-3545.114746094,35214,133999,10.2864,2.0707,8.2158,41.4004,0.19845,0.8805,0.9988,1.1344
aw-cql-weight1-seed1,cql,143000,5,143000,73dccd6778f538ff,-3545.114746094,40938,30344,12.9907,0.0769,12.9138,41.4004,0.31192,0.9303,1.1487,1.2348
aw-cql-weight1-seed1,cql,143000,6,143000,73dccd6778f538ff,-3545.114746094,51996,11915,16.0566,3.8913,12.1652,41.4004,0.29384,0.9485,1.2545,1.3226
aw-cql-weight1-seed1,cql,143000,7,143000,73dccd6778f538ff,-3545.114746094,64933,19513,15.4537,7.504,7.9497,41.4004,0.19202,0.9137,1.194,1.3068
aw-cql-weight1-seed1,cql,143000,11,143000,73dccd6778f538ff,-3545.114746094,76763,39227,9.5412,3.3449,6.1964,41.4004,0.14967,0.9622,1.0936,1.1366
aw-cql-weight1-seed1,cql,143000,12,143000,73dccd6778f538ff,-3545.114746094,33583,82841,8.6361,3.5562,5.0799,41.4004,0.1227,0.9442,1.0444,1.1061
aw-cql-weight1-seed1,cql,143000,13,143000,73dccd6778f538ff,-3545.114746094,29838,52509,11.5,1.0226,10.4774,41.4004,0.25308,0.9024,1.074,1.1902
aw-cql-weight1-seed1,cql,143000,14,143000,73dccd6778f538ff,-3545.114746094,36307,14110,18.1712,1.9796,16.1916,41.4004,0.3911,0.9506,1.3034,1.371
aw-cql-weight1-seed1,cql,144000,0,144000,3bb7008b39bef756,-3571.820556641,237311,68413,32.1228,17.8579,14.2649,40.8551,0.34916,0.8507,1.427,1.6774
aw-cql-weight1-seed1,cql,144000,2,144000,3bb7008b39bef756,-3571.820556641,168808,33814,17.9374,7.5964,10.341,40.8551,0.25311,0.899,1.1294,1.2562
aw-cql-weight1-seed1,cql,144000,4,144000,3bb7008b39bef756,-3571.820556641,35214,133999,10.3163,1.9601,8.3562,40.8551,0.20453,0.8802,0.9962,1.1318
aw-cql-weight1-seed1,cql,144000,5,144000,3bb7008b39bef756,-3571.820556641,40938,30344,13.497,0.2119,13.2851,40.8551,0.32518,0.9251,1.145,1.2377
aw-cql-weight1-seed1,cql,144000,6,144000,3bb7008b39bef756,-3571.820556641,51996,11915,16.1092,3.7477,12.3615,40.8551,0.30257,0.9487,1.2501,1.3177
aw-cql-weight1-seed1,cql,144000,7,144000,3bb7008b39bef756,-3571.820556641,64933,19513,15.243,7.4938,7.7492,40.8551,0.18968,0.9164,1.2028,1.3126
aw-cql-weight1-seed1,cql,144000,11,144000,3bb7008b39bef756,-3571.820556641,76763,39227,9.2611,3.1847,6.0764,40.8551,0.14873,0.963,1.0928,1.1348
aw-cql-weight1-seed1,cql,144000,12,144000,3bb7008b39bef756,-3571.820556641,33583,82841,8.812,3.4647,5.3473,40.8551,0.13088,0.9435,1.0445,1.107
aw-cql-weight1-seed1,cql,144000,13,144000,3bb7008b39bef756,-3571.820556641,29838,52509,12.2646,1.1487,11.1159,40.8551,0.27208,0.8994,1.0733,1.1933
aw-cql-weight1-seed1,cql,144000,14,144000,3bb7008b39bef756,-3571.820556641,36307,14110,17.758,1.9816,15.7765,40.8551,0.38616,0.9517,1.3015,1.3675
aw-cql-weight1-seed1,cql,145000,0,145000,fa963fb224a54f85,-3608.602050781,237311,68413,31.7258,17.4749,14.2509,40.7292,0.34989,0.8514,1.4225,1.6708
aw-cql-weight1-seed1,cql,145000,2,145000,fa963fb224a54f85,-3608.602050781,168808,33814,17.9699,7.2402,10.7296,40.7292,0.26344,0.8959,1.1196,1.2496
aw-cql-weight1-seed1,cql,145000,4,145000,fa963fb224a54f85,-3608.602050781,35214,133999,10.4218,2.0934,8.3284,40.7292,0.20448,0.8849,1.0006,1.1307
aw-cql-weight1-seed1,cql,145000,5,145000,fa963fb224a54f85,-3608.602050781,40938,30344,13.5029,0.3119,13.191,40.7292,0.32387,0.9317,1.1517,1.2362
aw-cql-weight1-seed1,cql,145000,6,145000,fa963fb224a54f85,-3608.602050781,51996,11915,16.2155,3.9412,12.2742,40.7292,0.30136,0.9491,1.2579,1.3253
aw-cql-weight1-seed1,cql,145000,7,145000,fa963fb224a54f85,-3608.602050781,64933,19513,15.3715,7.4528,7.9187,40.7292,0.19442,0.9141,1.1974,1.3099
aw-cql-weight1-seed1,cql,145000,11,145000,fa963fb224a54f85,-3608.602050781,76763,39227,8.6429,2.8644,5.7785,40.7292,0.14188,0.9614,1.0902,1.134
aw-cql-weight1-seed1,cql,145000,12,145000,fa963fb224a54f85,-3608.602050781,33583,82841,7.4269,2.9178,4.5091,40.7292,0.11071,0.9421,1.0425,1.1065
aw-cql-weight1-seed1,cql,145000,13,145000,fa963fb224a54f85,-3608.602050781,29838,52509,11.2772,1.0501,10.2272,40.7292,0.2511,0.9061,1.0767,1.1883
aw-cql-weight1-seed1,cql,145000,14,145000,fa963fb224a54f85,-3608.602050781,36307,14110,18.1504,1.7444,16.406,40.7292,0.40281,0.954,1.3054,1.3684
aw-cql-weight1-seed1,cql,146000,0,146000,392710aede35bcf5,-3637.472412109,237311,68413,32.1167,17.7741,14.3426,41.0561,0.34934,0.8507,1.4249,1.6749
aw-cql-weight1-seed1,cql,146000,2,146000,392710aede35bcf5,-3637.472412109,168808,33814,18.0654,7.3077,10.7577,41.0561,0.26202,0.8966,1.1259,1.2557
aw-cql-weight1-seed1,cql,146000,4,146000,392710aede35bcf5,-3637.472412109,35214,133999,10.4604,1.932,8.5284,41.0561,0.20773,0.8814,0.9984,1.1328
aw-cql-weight1-seed1,cql,146000,5,146000,392710aede35bcf5,-3637.472412109,40938,30344,13.218,0.0483,13.1697,41.0561,0.32077,0.9254,1.1465,1.239
aw-cql-weight1-seed1,cql,146000,6,146000,392710aede35bcf5,-3637.472412109,51996,11915,16.2462,3.7758,12.4704,41.0561,0.30374,0.9498,1.2543,1.3205
aw-cql-weight1-seed1,cql,146000,7,146000,392710aede35bcf5,-3637.472412109,64933,19513,15.4185,7.3579,8.0607,41.0561,0.19633,0.9145,1.1956,1.3073
aw-cql-weight1-seed1,cql,146000,11,146000,392710aede35bcf5,-3637.472412109,76763,39227,9.1077,3.0931,6.0146,41.0561,0.1465,0.9627,1.0919,1.1342
aw-cql-weight1-seed1,cql,146000,12,146000,392710aede35bcf5,-3637.472412109,33583,82841,8.0839,3.179,4.9049,41.0561,0.11947,0.9428,1.0441,1.1074
aw-cql-weight1-seed1,cql,146000,13,146000,392710aede35bcf5,-3637.472412109,29838,52509,11.6349,0.9036,10.7313,41.0561,0.26138,0.9021,1.0735,1.19
aw-cql-weight1-seed1,cql,146000,14,146000,392710aede35bcf5,-3637.472412109,36307,14110,17.9079,1.7198,16.1881,41.0561,0.39429,0.9495,1.297,1.3661
aw-cql-weight1-seed1,cql,147000,0,147000,d3d69ab92ebbd302,-3676.286621094,237311,68413,32.1726,17.6311,14.5416,40.9704,0.35493,0.8496,1.4137,1.664
aw-cql-weight1-seed1,cql,147000,2,147000,d3d69ab92ebbd302,-3676.286621094,168808,33814,17.9385,7.4118,10.5267,40.9704,0.25693,0.8972,1.1264,1.2554
aw-cql-weight1-seed1,cql,147000,4,147000,d3d69ab92ebbd302,-3676.286621094,35214,133999,9.7297,1.96,7.7697,40.9704,0.18964,0.8816,0.9976,1.1317
aw-cql-weight1-seed1,cql,147000,5,147000,d3d69ab92ebbd302,-3676.286621094,40938,30344,13.2493,0.2811,12.9681,40.9704,0.31652,0.9282,1.1461,1.2347
aw-cql-weight1-seed1,cql,147000,6,147000,d3d69ab92ebbd302,-3676.286621094,51996,11915,15.9351,3.9077,12.0275,40.9704,0.29356,0.9496,1.2582,1.325
aw-cql-weight1-seed1,cql,147000,7,147000,d3d69ab92ebbd302,-3676.286621094,64933,19513,15.4198,7.5258,7.894,40.9704,0.19268,0.9142,1.1928,1.3047
aw-cql-weight1-seed1,cql,147000,11,147000,d3d69ab92ebbd302,-3676.286621094,76763,39227,9.3248,3.2188,6.106,40.9704,0.14904,0.9628,1.0914,1.1335
aw-cql-weight1-seed1,cql,147000,12,147000,d3d69ab92ebbd302,-3676.286621094,33583,82841,8.1918,3.3688,4.823,40.9704,0.11772,0.9415,1.0416,1.1062
aw-cql-weight1-seed1,cql,147000,13,147000,d3d69ab92ebbd302,-3676.286621094,29838,52509,11.9664,1.2439,10.7225,40.9704,0.26171,0.9019,1.0731,1.1898
aw-cql-weight1-seed1,cql,147000,14,147000,d3d69ab92ebbd302,-3676.286621094,36307,14110,18.3012,1.904,16.3973,40.9704,0.40022,0.9537,1.3062,1.3696
aw-cql-weight1-seed1,cql,148000,0,148000,84a3ea999213d6a2,-3699.326904297,237311,68413,31.6868,17.7545,13.9324,40.5886,0.34326,0.8495,1.4178,1.6689
aw-cql-weight1-seed1,cql,148000,2,148000,84a3ea999213d6a2,-3699.326904297,168808,33814,18.0753,7.4623,10.6129,40.5886,0.26148,0.8968,1.1258,1.2554
aw-cql-weight1-seed1,cql,148000,4,148000,84a3ea999213d6a2,-3699.326904297,35214,133999,10.3385,2.0409,8.2976,40.5886,0.20443,0.8821,0.9988,1.1323
aw-cql-weight1-seed1,cql,148000,5,148000,84a3ea999213d6a2,-3699.326904297,40938,30344,13.228,0.2613,12.9667,40.5886,0.31947,0.9258,1.1466,1.2385
aw-cql-weight1-seed1,cql,148000,6,148000,84a3ea999213d6a2,-3699.326904297,51996,11915,16.0894,4.1215,11.9679,40.5886,0.29486,0.9486,1.2519,1.3198
aw-cql-weight1-seed1,cql,148000,7,148000,84a3ea999213d6a2,-3699.326904297,64933,19513,15.5433,7.5974,7.9458,40.5886,0.19577,0.916,1.1977,1.3075
aw-cql-weight1-seed1,cql,148000,11,148000,84a3ea999213d6a2,-3699.326904297,76763,39227,9.159,2.9874,6.1715,40.5886,0.15205,0.9638,1.0932,1.1343
aw-cql-weight1-seed1,cql,148000,12,148000,84a3ea999213d6a2,-3699.326904297,33583,82841,8.3918,3.2153,5.1765,40.5886,0.12754,0.9447,1.045,1.1062
aw-cql-weight1-seed1,cql,148000,13,148000,84a3ea999213d6a2,-3699.326904297,29838,52509,11.832,1.1361,10.6959,40.5886,0.26352,0.9021,1.0739,1.1904
aw-cql-weight1-seed1,cql,148000,14,148000,84a3ea999213d6a2,-3699.326904297,36307,14110,18.3371,2.0337,16.3034,40.5886,0.40168,0.9532,1.3039,1.3679
aw-cql-weight1-seed1,cql,149000,0,149000,eada8da425473258,-3727.677978516,237311,68413,31.9873,17.5997,14.3876,40.9394,0.35144,0.8518,1.4192,1.6662
aw-cql-weight1-seed1,cql,149000,2,149000,eada8da425473258,-3727.677978516,168808,33814,17.7274,7.4139,10.3135,40.9394,0.25192,0.8985,1.1248,1.2519
aw-cql-weight1-seed1,cql,149000,4,149000,eada8da425473258,-3727.677978516,35214,133999,10.0716,2.0176,8.0541,40.9394,0.19673,0.8831,0.9976,1.1297
aw-cql-weight1-seed1,cql,149000,5,149000,eada8da425473258,-3727.677978516,40938,30344,13.1455,0.2564,12.8891,40.9394,0.31483,0.9264,1.1443,1.2353
aw-cql-weight1-seed1,cql,149000,6,149000,eada8da425473258,-3727.677978516,51996,11915,15.8886,4.217,11.6716,40.9394,0.28509,0.9485,1.2503,1.3182
aw-cql-weight1-seed1,cql,149000,7,149000,eada8da425473258,-3727.677978516,64933,19513,14.9868,7.2481,7.7388,40.9394,0.18903,0.9158,1.1957,1.3057
aw-cql-weight1-seed1,cql,149000,11,149000,eada8da425473258,-3727.677978516,76763,39227,8.9674,3.009,5.9584,40.9394,0.14554,0.9629,1.0929,1.135
aw-cql-weight1-seed1,cql,149000,12,149000,eada8da425473258,-3727.677978516,33583,82841,7.9401,3.1995,4.7407,40.9394,0.1158,0.9425,1.0397,1.1031
aw-cql-weight1-seed1,cql,149000,13,149000,eada8da425473258,-3727.677978516,29838,52509,11.2696,1.0888,10.1808,40.9394,0.24868,0.9017,1.0698,1.1865
aw-cql-weight1-seed1,cql,149000,14,149000,eada8da425473258,-3727.677978516,36307,14110,17.8719,1.7705,16.1014,40.9394,0.3933,0.952,1.2912,1.3564
aw-cql-weight1-seed1,cql,150000,0,150000,d5b3147740ec0a71,-3756.866210938,237311,68413,31.8394,17.6114,14.228,40.4762,0.35152,0.8512,1.4267,1.6761
aw-cql-weight1-seed1,cql,150000,2,150000,d5b3147740ec0a71,-3756.866210938,168808,33814,17.8543,7.6682,10.1861,40.4762,0.25166,0.8961,1.1287,1.2596
aw-cql-weight1-seed1,cql,150000,4,150000,d5b3147740ec0a71,-3756.866210938,35214,133999,9.9663,2.0091,7.9573,40.4762,0.19659,0.8828,0.996,1.1282
aw-cql-weight1-seed1,cql,150000,5,150000,d5b3147740ec0a71,-3756.866210938,40938,30344,12.663,0.0397,12.6233,40.4762,0.31187,0.9244,1.1428,1.2363
aw-cql-weight1-seed1,cql,150000,6,150000,d5b3147740ec0a71,-3756.866210938,51996,11915,16.1046,3.7011,12.4035,40.4762,0.30644,0.9478,1.2529,1.3219
aw-cql-weight1-seed1,cql,150000,7,150000,d5b3147740ec0a71,-3756.866210938,64933,19513,15.4512,7.6984,7.7528,40.4762,0.19154,0.9156,1.2006,1.3113
aw-cql-weight1-seed1,cql,150000,11,150000,d5b3147740ec0a71,-3756.866210938,76763,39227,9.0823,3.0315,6.0508,40.4762,0.14949,0.9621,1.0904,1.1334
aw-cql-weight1-seed1,cql,150000,12,150000,d5b3147740ec0a71,-3756.866210938,33583,82841,8.399,3.3542,5.0448,40.4762,0.12464,0.9441,1.0435,1.1052
aw-cql-weight1-seed1,cql,150000,13,150000,d5b3147740ec0a71,-3756.866210938,29838,52509,11.4811,1.1055,10.3756,40.4762,0.25634,0.9018,1.0716,1.1882
aw-cql-weight1-seed1,cql,150000,14,150000,d5b3147740ec0a71,-3756.866210938,36307,14110,17.8917,1.6245,16.2672,40.4762,0.4019,0.9504,1.2964,1.364
aw-cql-weight1-seed1,cql,151000,0,151000,8c857895ca793da6,-3782.03125,237311,68413,31.8611,17.4703,14.3908,40.8594,0.3522,0.8506,1.4094,1.6569
aw-cql-weight1-seed1,cql,151000,2,151000,8c857895ca793da6,-3782.03125,168808,33814,18.022,7.4402,10.5818,40.8594,0.25898,0.8969,1.1249,1.2542
aw-cql-weight1-seed1,cql,151000,4,151000,8c857895ca793da6,-3782.03125,35214,133999,10.351,1.9464,8.4046,40.8594,0.2057,0.8808,0.9979,1.133
aw-cql-weight1-seed1,cql,151000,5,151000,8c857895ca793da6,-3782.03125,40938,30344,13.149,0.0594,13.0896,40.8594,0.32036,0.9245,1.1424,1.2357
aw-cql-weight1-seed1,cql,151000,6,151000,8c857895ca793da6,-3782.03125,51996,11915,15.6614,3.5756,12.0858,40.8594,0.29579,0.9471,1.2446,1.3142
aw-cql-weight1-seed1,cql,151000,7,151000,8c857895ca793da6,-3782.03125,64933,19513,14.7696,6.9368,7.8328,40.8594,0.1917,0.9132,1.1888,1.3018
aw-cql-weight1-seed1,cql,151000,11,151000,8c857895ca793da6,-3782.03125,76763,39227,9.1381,3.1328,6.0052,40.8594,0.14697,0.9609,1.0883,1.1325
aw-cql-weight1-seed1,cql,151000,12,151000,8c857895ca793da6,-3782.03125,33583,82841,8.8166,3.4572,5.3594,40.8594,0.13117,0.9419,1.0401,1.1043
aw-cql-weight1-seed1,cql,151000,13,151000,8c857895ca793da6,-3782.03125,29838,52509,11.9575,1.1253,10.8322,40.8594,0.26511,0.8997,1.0702,1.1895
aw-cql-weight1-seed1,cql,151000,14,151000,8c857895ca793da6,-3782.03125,36307,14110,17.9163,1.8055,16.1108,40.8594,0.3943,0.9496,1.2885,1.3569
aw-cql-weight1-seed1,cql,152000,0,152000,e89a1fee2149f44b,-3815.769042969,237311,68413,31.6198,17.6225,13.9973,40.1568,0.34857,0.8506,1.4103,1.6581
aw-cql-weight1-seed1,cql,152000,2,152000,e89a1fee2149f44b,-3815.769042969,168808,33814,17.7997,7.5503,10.2494,40.1568,0.25524,0.8963,1.1224,1.2523
aw-cql-weight1-seed1,cql,152000,4,152000,e89a1fee2149f44b,-3815.769042969,35214,133999,10.177,1.9831,8.1938,40.1568,0.20405,0.8847,0.999,1.1292
aw-cql-weight1-seed1,cql,152000,5,152000,e89a1fee2149f44b,-3815.769042969,40938,30344,13.3042,0.0984,13.2058,40.1568,0.32886,0.9261,1.1395,1.2304
aw-cql-weight1-seed1,cql,152000,6,152000,e89a1fee2149f44b,-3815.769042969,51996,11915,15.7547,3.9592,11.7955,40.1568,0.29374,0.9459,1.2399,1.3107
aw-cql-weight1-seed1,cql,152000,7,152000,e89a1fee2149f44b,-3815.769042969,64933,19513,14.8905,7.2193,7.6713,40.1568,0.19103,0.9143,1.1941,1.306
aw-cql-weight1-seed1,cql,152000,11,152000,e89a1fee2149f44b,-3815.769042969,76763,39227,8.9699,3.0947,5.8753,40.1568,0.14631,0.9618,1.0906,1.1338
aw-cql-weight1-seed1,cql,152000,12,152000,e89a1fee2149f44b,-3815.769042969,33583,82841,8.2212,3.3886,4.8327,40.1568,0.12035,0.9414,1.0402,1.105
aw-cql-weight1-seed1,cql,152000,13,152000,e89a1fee2149f44b,-3815.769042969,29838,52509,11.3117,1.036,10.2757,40.1568,0.25589,0.9006,1.0693,1.1874
aw-cql-weight1-seed1,cql,152000,14,152000,e89a1fee2149f44b,-3815.769042969,36307,14110,17.7402,1.4295,16.3106,40.1568,0.40617,0.9525,1.2897,1.3539
aw-cql-weight1-seed1,cql,153000,0,153000,81164be23b2d35bc,-3848.481445312,237311,68413,31.9805,17.5586,14.4219,40.6646,0.35465,0.8481,1.4025,1.6536
aw-cql-weight1-seed1,cql,153000,2,153000,81164be23b2d35bc,-3848.481445312,168808,33814,17.883,7.3613,10.5217,40.6646,0.25874,0.896,1.121,1.2511
aw-cql-weight1-seed1,cql,153000,4,153000,81164be23b2d35bc,-3848.481445312,35214,133999,9.9654,2.0397,7.9257,40.6646,0.1949,0.8795,0.9969,1.1335
aw-cql-weight1-seed1,cql,153000,5,153000,81164be23b2d35bc,-3848.481445312,40938,30344,12.5872,0.103,12.4843,40.6646,0.30701,0.9248,1.1452,1.2384
aw-cql-weight1-seed1,cql,153000,6,153000,81164be23b2d35bc,-3848.481445312,51996,11915,15.7753,3.8754,11.8999,40.6646,0.29263,0.9478,1.2491,1.3179
aw-cql-weight1-seed1,cql,153000,7,153000,81164be23b2d35bc,-3848.481445312,64933,19513,14.7855,7.0385,7.747,40.6646,0.19051,0.9128,1.1937,1.3078
aw-cql-weight1-seed1,cql,153000,11,153000,81164be23b2d35bc,-3848.481445312,76763,39227,8.6318,2.8624,5.7694,40.6646,0.14188,0.9631,1.0921,1.134
aw-cql-weight1-seed1,cql,153000,12,153000,81164be23b2d35bc,-3848.481445312,33583,82841,7.9981,3.1012,4.8969,40.6646,0.12042,0.9429,1.0409,1.1039
aw-cql-weight1-seed1,cql,153000,13,153000,81164be23b2d35bc,-3848.481445312,29838,52509,11.3923,1.0503,10.342,40.6646,0.25432,0.9009,1.0726,1.1907
aw-cql-weight1-seed1,cql,153000,14,153000,81164be23b2d35bc,-3848.481445312,36307,14110,17.7419,1.8663,15.8756,40.6646,0.3904,0.9505,1.2999,1.3675
aw-cql-weight1-seed1,cql,154000,0,154000,4697023f0167e72d,-3880.842773438,237311,68413,31.8701,17.9389,13.9312,40.7791,0.34163,0.8491,1.4106,1.6613
aw-cql-weight1-seed1,cql,154000,2,154000,4697023f0167e72d,-3880.842773438,168808,33814,17.4765,7.463,10.0135,40.7791,0.24555,0.8965,1.1243,1.254
aw-cql-weight1-seed1,cql,154000,4,154000,4697023f0167e72d,-3880.842773438,35214,133999,9.8551,1.9498,7.9053,40.7791,0.19386,0.8823,0.9955,1.1283
aw-cql-weight1-seed1,cql,154000,5,154000,4697023f0167e72d,-3880.842773438,40938,30344,12.8767,0.2288,12.6479,40.7791,0.31016,0.9264,1.1432,1.234
aw-cql-weight1-seed1,cql,154000,6,154000,4697023f0167e72d,-3880.842773438,51996,11915,15.6887,4.1115,11.5772,40.7791,0.2839,0.9478,1.2424,1.3107
aw-cql-weight1-seed1,cql,154000,7,154000,4697023f0167e72d,-3880.842773438,64933,19513,15.212,7.3801,7.832,40.7791,0.19206,0.9121,1.1902,1.3049
aw-cql-weight1-seed1,cql,154000,11,154000,4697023f0167e72d,-3880.842773438,76763,39227,8.9981,3.0923,5.9058,40.7791,0.14483,0.9602,1.0908,1.136
aw-cql-weight1-seed1,cql,154000,12,154000,4697023f0167e72d,-3880.842773438,33583,82841,8.2462,3.4158,4.8304,40.7791,0.11845,0.9429,1.0405,1.1035
aw-cql-weight1-seed1,cql,154000,13,154000,4697023f0167e72d,-3880.842773438,29838,52509,11.0182,1.082,9.9362,40.7791,0.24366,0.899,1.0702,1.1904
aw-cql-weight1-seed1,cql,154000,14,154000,4697023f0167e72d,-3880.842773438,36307,14110,17.7316,1.9598,15.7718,40.7791,0.38676,0.9508,1.3022,1.3696
aw-cql-weight1-seed1,cql,155000,0,155000,eceb17e74f9226cb,-3910.147460938,237311,68413,31.5608,17.5127,14.0482,40.515,0.34674,0.8501,1.413,1.6621
aw-cql-weight1-seed1,cql,155000,2,155000,eceb17e74f9226cb,-3910.147460938,168808,33814,17.9793,7.537,10.4423,40.515,0.25774,0.8962,1.1266,1.2571
aw-cql-weight1-seed1,cql,155000,4,155000,eceb17e74f9226cb,-3910.147460938,35214,133999,10.2235,1.9811,8.2424,40.515,0.20344,0.881,0.9998,1.1348
aw-cql-weight1-seed1,cql,155000,5,155000,eceb17e74f9226cb,-3910.147460938,40938,30344,12.7524,0.1465,12.6059,40.515,0.31114,0.9235,1.1462,1.2412
aw-cql-weight1-seed1,cql,155000,6,155000,eceb17e74f9226cb,-3910.147460938,51996,11915,15.7342,3.8898,11.8444,40.515,0.29235,0.9477,1.2541,1.3233
aw-cql-weight1-seed1,cql,155000,7,155000,eceb17e74f9226cb,-3910.147460938,64933,19513,15.0046,7.1756,7.829,40.515,0.19324,0.9142,1.1914,1.3033
aw-cql-weight1-seed1,cql,155000,11,155000,eceb17e74f9226cb,-3910.147460938,76763,39227,9.3486,3.2311,6.1175,40.515,0.15099,0.9611,1.0891,1.1332
aw-cql-weight1-seed1,cql,155000,12,155000,eceb17e74f9226cb,-3910.147460938,33583,82841,8.4853,3.3782,5.1071,40.515,0.12605,0.943,1.0426,1.1057
aw-cql-weight1-seed1,cql,155000,13,155000,eceb17e74f9226cb,-3910.147460938,29838,52509,11.6245,1.0821,10.5424,40.515,0.26021,0.8979,1.073,1.195
aw-cql-weight1-seed1,cql,155000,14,155000,eceb17e74f9226cb,-3910.147460938,36307,14110,17.746,1.8417,15.9043,40.515,0.39255,0.9467,1.3041,1.3776
aw-cql-weight1-seed1,cql,156000,0,156000,b7c54789c4abb691,-3933.687011719,237311,68413,31.8154,17.703,14.1124,40.5856,0.34772,0.8494,1.4152,1.6661
aw-cql-weight1-seed1,cql,156000,2,156000,b7c54789c4abb691,-3933.687011719,168808,33814,17.9469,7.4725,10.4745,40.5856,0.25808,0.8964,1.1262,1.2563
aw-cql-weight1-seed1,cql,156000,4,156000,b7c54789c4abb691,-3933.687011719,35214,133999,9.6804,1.8075,7.8728,40.5856,0.19398,0.8827,0.9945,1.1267
aw-cql-weight1-seed1,cql,156000,5,156000,b7c54789c4abb691,-3933.687011719,40938,30344,12.8746,0.1822,12.6925,40.5856,0.31273,0.9278,1.1465,1.2357
aw-cql-weight1-seed1,cql,156000,6,156000,b7c54789c4abb691,-3933.687011719,51996,11915,15.7104,3.5089,12.2015,40.5856,0.30064,0.9492,1.2477,1.3144
aw-cql-weight1-seed1,cql,156000,7,156000,b7c54789c4abb691,-3933.687011719,64933,19513,14.6725,7.0677,7.6048,40.5856,0.18738,0.9138,1.1872,1.2992
aw-cql-weight1-seed1,cql,156000,11,156000,b7c54789c4abb691,-3933.687011719,76763,39227,8.8633,2.9899,5.8735,40.5856,0.14472,0.9611,1.0897,1.1338
aw-cql-weight1-seed1,cql,156000,12,156000,b7c54789c4abb691,-3933.687011719,33583,82841,7.7584,2.905,4.8533,40.5856,0.11958,0.9443,1.0409,1.1023
aw-cql-weight1-seed1,cql,156000,13,156000,b7c54789c4abb691,-3933.687011719,29838,52509,11.5513,1.0482,10.5031,40.5856,0.25879,0.9039,1.0719,1.1858
aw-cql-weight1-seed1,cql,156000,14,156000,b7c54789c4abb691,-3933.687011719,36307,14110,18.2069,2.0279,16.179,40.5856,0.39864,0.9545,1.3082,1.3706
aw-cql-weight1-seed1,cql,157000,0,157000,3afabc20178f52fa,-3956.508789062,237311,68413,31.498,17.281,14.217,40.4668,0.35133,0.8502,1.417,1.6667
aw-cql-weight1-seed1,cql,157000,2,157000,3afabc20178f52fa,-3956.508789062,168808,33814,17.9073,7.365,10.5423,40.4668,0.26052,0.8954,1.1223,1.2534
aw-cql-weight1-seed1,cql,157000,4,157000,3afabc20178f52fa,-3956.508789062,35214,133999,9.8146,1.9591,7.8555,40.4668,0.19412,0.8801,0.997,1.1328
aw-cql-weight1-seed1,cql,157000,5,157000,3afabc20178f52fa,-3956.508789062,40938,30344,12.8299,0.1446,12.6853,40.4668,0.31348,0.9263,1.1426,1.2334
aw-cql-weight1-seed1,cql,157000,6,157000,3afabc20178f52fa,-3956.508789062,51996,11915,15.8319,3.782,12.0499,40.4668,0.29777,0.9498,1.2508,1.3169
aw-cql-weight1-seed1,cql,157000,7,157000,3afabc20178f52fa,-3956.508789062,64933,19513,14.963,7.3202,7.6428,40.4668,0.18887,0.9137,1.1955,1.3085
aw-cql-weight1-seed1,cql,157000,11,157000,3afabc20178f52fa,-3956.508789062,76763,39227,8.7827,2.8905,5.8922,40.4668,0.14561,0.9595,1.0875,1.1333
aw-cql-weight1-seed1,cql,157000,12,157000,3afabc20178f52fa,-3956.508789062,33583,82841,8.3993,3.3258,5.0735,40.4668,0.12537,0.9431,1.0407,1.1035
aw-cql-weight1-seed1,cql,157000,13,157000,3afabc20178f52fa,-3956.508789062,29838,52509,10.7482,0.8875,9.8606,40.4668,0.24367,0.9006,1.0713,1.1896
aw-cql-weight1-seed1,cql,157000,14,157000,3afabc20178f52fa,-3956.508789062,36307,14110,17.0833,1.3826,15.7007,40.4668,0.38799,0.9518,1.2938,1.3593
aw-cql-weight1-seed1,cql,158000,0,158000,10ba5d45dd803243,-3994.374023438,237311,68413,31.822,17.8198,14.0022,40.5284,0.34549,0.851,1.424,1.6732
aw-cql-weight1-seed1,cql,158000,2,158000,10ba5d45dd803243,-3994.374023438,168808,33814,18.1193,7.691,10.4283,40.5284,0.25731,0.896,1.1246,1.2551
aw-cql-weight1-seed1,cql,158000,4,158000,10ba5d45dd803243,-3994.374023438,35214,133999,10.1757,1.8725,8.3032,40.5284,0.20487,0.8827,0.9959,1.1282
aw-cql-weight1-seed1,cql,158000,5,158000,10ba5d45dd803243,-3994.374023438,40938,30344,12.896,0.1674,12.7285,40.5284,0.31406,0.9256,1.1431,1.235
aw-cql-weight1-seed1,cql,158000,6,158000,10ba5d45dd803243,-3994.374023438,51996,11915,15.9304,3.7254,12.205,40.5284,0.30115,0.9508,1.2534,1.3183
aw-cql-weight1-seed1,cql,158000,7,158000,10ba5d45dd803243,-3994.374023438,64933,19513,15.0206,7.2673,7.7534,40.5284,0.19131,0.9156,1.1887,1.2983
aw-cql-weight1-seed1,cql,158000,11,158000,10ba5d45dd803243,-3994.374023438,76763,39227,8.7746,2.9674,5.8072,40.5284,0.14329,0.9641,1.0928,1.1335
aw-cql-weight1-seed1,cql,158000,12,158000,10ba5d45dd803243,-3994.374023438,33583,82841,8.1241,3.2846,4.8394,40.5284,0.11941,0.9426,1.0397,1.103
aw-cql-weight1-seed1,cql,158000,13,158000,10ba5d45dd803243,-3994.374023438,29838,52509,11.2282,1.0282,10.2,40.5284,0.25167,0.9019,1.0699,1.1864
aw-cql-weight1-seed1,cql,158000,14,158000,10ba5d45dd803243,-3994.374023438,36307,14110,17.6238,1.601,16.0229,40.5284,0.39535,0.9527,1.2981,1.3626
aw-cql-weight1-seed1,cql,159000,0,159000,e00bf99d8d418967,-4019.877685547,237311,68413,31.501,17.1721,14.329,40.5371,0.35348,0.8511,1.4154,1.663
aw-cql-weight1-seed1,cql,159000,2,159000,e00bf99d8d418967,-4019.877685547,168808,33814,17.4539,7.2332,10.2208,40.5371,0.25213,0.8956,1.1212,1.2519
aw-cql-weight1-seed1,cql,159000,4,159000,e00bf99d8d418967,-4019.877685547,35214,133999,9.6892,1.957,7.7321,40.5371,0.19074,0.8798,0.9951,1.131
aw-cql-weight1-seed1,cql,159000,5,159000,e00bf99d8d418967,-4019.877685547,40938,30344,12.7486,0.1363,12.6123,40.5371,0.31113,0.9239,1.143,1.2372
aw-cql-weight1-seed1,cql,159000,6,159000,e00bf99d8d418967,-4019.877685547,51996,11915,16.0421,3.9184,12.1237,40.5371,0.29908,0.9482,1.2514,1.3197
aw-cql-weight1-seed1,cql,159000,7,159000,e00bf99d8d418967,-4019.877685547,64933,19513,15.5488,7.2847,8.2641,40.5371,0.20386,0.9154,1.1895,1.2994
aw-cql-weight1-seed1,cql,159000,11,159000,e00bf99d8d418967,-4019.877685547,76763,39227,8.5514,2.9209,5.6305,40.5371,0.1389,0.9633,1.0921,1.1337
aw-cql-weight1-seed1,cql,159000,12,159000,e00bf99d8d418967,-4019.877685547,33583,82841,7.484,2.8616,4.6224,40.5371,0.11403,0.9439,1.0402,1.102
aw-cql-weight1-seed1,cql,159000,13,159000,e00bf99d8d418967,-4019.877685547,29838,52509,11.253,1.1573,10.0957,40.5371,0.24905,0.9,1.0716,1.1907
aw-cql-weight1-seed1,cql,159000,14,159000,e00bf99d8d418967,-4019.877685547,36307,14110,17.6286,1.8195,15.809,40.5371,0.38999,0.9508,1.3019,1.3692
aw-cql-weight1-seed1,cql,160000,0,160000,9420dca52bf19510,-4049.582519531,237311,68413,31.7706,17.5214,14.2492,40.7898,0.34933,0.8509,1.4138,1.6616
aw-cql-weight1-seed1,cql,160000,2,160000,9420dca52bf19510,-4049.582519531,168808,33814,17.4768,7.2309,10.2459,40.7898,0.25119,0.896,1.1256,1.2562
aw-cql-weight1-seed1,cql,160000,4,160000,9420dca52bf19510,-4049.582519531,35214,133999,9.4353,1.873,7.5623,40.7898,0.1854,0.8833,0.9972,1.1289
aw-cql-weight1-seed1,cql,160000,5,160000,9420dca52bf19510,-4049.582519531,40938,30344,12.6917,-0.0427,12.7344,40.7898,0.3122,0.9287,1.1443,1.2322
aw-cql-weight1-seed1,cql,160000,6,160000,9420dca52bf19510,-4049.582519531,51996,11915,15.5539,3.7506,11.8032,40.7898,0.28937,0.9469,1.2446,1.3144
aw-cql-weight1-seed1,cql,160000,7,160000,9420dca52bf19510,-4049.582519531,64933,19513,14.5679,7.0521,7.5157,40.7898,0.18425,0.9142,1.193,1.305
aw-cql-weight1-seed1,cql,160000,11,160000,9420dca52bf19510,-4049.582519531,76763,39227,8.5852,2.9268,5.6584,40.7898,0.13872,0.9616,1.0889,1.1324
aw-cql-weight1-seed1,cql,160000,12,160000,9420dca52bf19510,-4049.582519531,33583,82841,7.9633,3.1838,4.7795,40.7898,0.11717,0.9439,1.0403,1.1022
aw-cql-weight1-seed1,cql,160000,13,160000,9420dca52bf19510,-4049.582519531,29838,52509,11.3876,1.0387,10.3489,40.7898,0.25371,0.9027,1.0715,1.1869
aw-cql-weight1-seed1,cql,160000,14,160000,9420dca52bf19510,-4049.582519531,36307,14110,17.9752,1.5137,16.4615,40.7898,0.40357,0.9546,1.2997,1.3615
aw-cql-weight1-seed1,cql,161000,0,161000,139d908c7febaf60,-4077.099121094,237311,68413,31.7941,17.4649,14.3292,40.9535,0.34989,0.8501,1.4191,1.6695
aw-cql-weight1-seed1,cql,161000,2,161000,139d908c7febaf60,-4077.099121094,168808,33814,17.6855,7.2813,10.4043,40.9535,0.25405,0.8962,1.1234,1.2536
aw-cql-weight1-seed1,cql,161000,4,161000,139d908c7febaf60,-4077.099121094,35214,133999,9.4764,1.8827,7.5937,40.9535,0.18542,0.8796,0.9944,1.1305
aw-cql-weight1-seed1,cql,161000,5,161000,139d908c7febaf60,-4077.099121094,40938,30344,11.9499,-0.1751,12.125,40.9535,0.29607,0.9251,1.1398,1.2321
aw-cql-weight1-seed1,cql,161000,6,161000,139d908c7febaf60,-4077.099121094,51996,11915,15.2378,3.4211,11.8167,40.9535,0.28854,0.9493,1.2493,1.3161
aw-cql-weight1-seed1,cql,161000,7,161000,139d908c7febaf60,-4077.099121094,64933,19513,14.9204,7.1856,7.7348,40.9535,0.18887,0.9155,1.1931,1.3033
aw-cql-weight1-seed1,cql,161000,11,161000,139d908c7febaf60,-4077.099121094,76763,39227,8.5905,2.8436,5.7469,40.9535,0.14033,0.9618,1.0881,1.1313
aw-cql-weight1-seed1,cql,161000,12,161000,139d908c7febaf60,-4077.099121094,33583,82841,7.3219,2.9144,4.4075,40.9535,0.10762,0.9424,1.0381,1.1016
aw-cql-weight1-seed1,cql,161000,13,161000,139d908c7febaf60,-4077.099121094,29838,52509,10.6698,0.8895,9.7803,40.9535,0.23881,0.9011,1.0693,1.1866
aw-cql-weight1-seed1,cql,161000,14,161000,139d908c7febaf60,-4077.099121094,36307,14110,16.9856,1.577,15.4087,40.9535,0.37625,0.9518,1.3,1.3658
aw-cql-weight1-seed1,cql,162000,0,162000,1306dac5a762a4b3,-4111.739257812,237311,68413,31.7892,17.4336,14.3556,40.8903,0.35108,0.8493,1.4016,1.6502
aw-cql-weight1-seed1,cql,162000,2,162000,1306dac5a762a4b3,-4111.739257812,168808,33814,17.6919,7.1149,10.5771,40.8903,0.25867,0.8945,1.1123,1.2435
aw-cql-weight1-seed1,cql,162000,4,162000,1306dac5a762a4b3,-4111.739257812,35214,133999,10.0354,1.933,8.1025,40.8903,0.19815,0.8813,0.9962,1.1304
aw-cql-weight1-seed1,cql,162000,5,162000,1306dac5a762a4b3,-4111.739257812,40938,30344,12.9877,0.014,12.9736,40.8903,0.31728,0.9242,1.1396,1.2331
aw-cql-weight1-seed1,cql,162000,6,162000,1306dac5a762a4b3,-4111.739257812,51996,11915,15.3236,3.4255,11.8981,40.8903,0.29098,0.9465,1.2446,1.315
aw-cql-weight1-seed1,cql,162000,7,162000,1306dac5a762a4b3,-4111.739257812,64933,19513,14.8981,6.8734,8.0247,40.8903,0.19625,0.9142,1.1933,1.3053
aw-cql-weight1-seed1,cql,162000,11,162000,1306dac5a762a4b3,-4111.739257812,76763,39227,8.508,2.8347,5.6733,40.8903,0.13874,0.962,1.0884,1.1315
aw-cql-weight1-seed1,cql,162000,12,162000,1306dac5a762a4b3,-4111.739257812,33583,82841,7.5956,2.9747,4.6209,40.8903,0.11301,0.9412,1.039,1.1039
aw-cql-weight1-seed1,cql,162000,13,162000,1306dac5a762a4b3,-4111.739257812,29838,52509,11.5473,0.9416,10.6056,40.8903,0.25937,0.9014,1.0694,1.1864
aw-cql-weight1-seed1,cql,162000,14,162000,1306dac5a762a4b3,-4111.739257812,36307,14110,17.7375,1.7763,15.9612,40.8903,0.39034,0.9525,1.3036,1.3686
aw-cql-weight1-seed1,cql,163000,0,163000,5889b524b21dd268,-4138.96484375,237311,68413,31.3253,17.4674,13.8579,40.2265,0.3445,0.8502,1.4125,1.6614
aw-cql-weight1-seed1,cql,163000,2,163000,5889b524b21dd268,-4138.96484375,168808,33814,17.3743,6.9246,10.4497,40.2265,0.25977,0.8965,1.1223,1.2518
aw-cql-weight1-seed1,cql,163000,4,163000,5889b524b21dd268,-4138.96484375,35214,133999,9.2609,2.0485,7.2125,40.2265,0.1793,0.879,0.9938,1.1306
aw-cql-weight1-seed1,cql,163000,5,163000,5889b524b21dd268,-4138.96484375,40938,30344,12.0378,0.1683,11.8695,40.2265,0.29507,0.9236,1.1442,1.2389
aw-cql-weight1-seed1,cql,163000,6,163000,5889b524b21dd268,-4138.96484375,51996,11915,15.1872,3.3033,11.8838,40.2265,0.29542,0.9469,1.2453,1.3151
aw-cql-weight1-seed1,cql,163000,7,163000,5889b524b21dd268,-4138.96484375,64933,19513,14.6755,6.9395,7.7359,40.2265,0.19231,0.9144,1.1899,1.3013
aw-cql-weight1-seed1,cql,163000,11,163000,5889b524b21dd268,-4138.96484375,76763,39227,8.3145,2.7448,5.5697,40.2265,0.13846,0.9597,1.0864,1.1319
aw-cql-weight1-seed1,cql,163000,12,163000,5889b524b21dd268,-4138.96484375,33583,82841,7.8675,3.2049,4.6626,40.2265,0.11591,0.9419,1.0403,1.1045
aw-cql-weight1-seed1,cql,163000,13,163000,5889b524b21dd268,-4138.96484375,29838,52509,10.6045,0.9311,9.6734,40.2265,0.24047,0.9013,1.0703,1.1875
aw-cql-weight1-seed1,cql,163000,14,163000,5889b524b21dd268,-4138.96484375,36307,14110,17.3119,1.4938,15.8181,40.2265,0.39323,0.9505,1.301,1.3687
aw-cql-weight1-seed1,cql,164000,0,164000,d9c7259ca33ba1f9,-4169.057617188,237311,68413,31.4203,17.5703,13.85,39.9753,0.34646,0.8495,1.4187,1.67
aw-cql-weight1-seed1,cql,164000,2,164000,d9c7259ca33ba1f9,-4169.057617188,168808,33814,17.6295,7.1607,10.4688,39.9753,0.26188,0.8957,1.1224,1.2531
aw-cql-weight1-seed1,cql,164000,4,164000,d9c7259ca33ba1f9,-4169.057617188,35214,133999,9.9042,2.0311,7.8731,39.9753,0.19695,0.8812,0.9959,1.1302
aw-cql-weight1-seed1,cql,164000,5,164000,d9c7259ca33ba1f9,-4169.057617188,40938,30344,12.8857,0.156,12.7297,39.9753,0.31844,0.9222,1.139,1.2351
aw-cql-weight1-seed1,cql,164000,6,164000,d9c7259ca33ba1f9,-4169.057617188,51996,11915,15.735,3.7685,11.9665,39.9753,0.29935,0.9461,1.2414,1.3121
aw-cql-weight1-seed1,cql,164000,7,164000,d9c7259ca33ba1f9,-4169.057617188,64933,19513,14.7053,6.9323,7.773,39.9753,0.19444,0.9135,1.1919,1.3048
aw-cql-weight1-seed1,cql,164000,11,164000,d9c7259ca33ba1f9,-4169.057617188,76763,39227,8.6495,2.9957,5.6538,39.9753,0.14143,0.9602,1.0862,1.1312
aw-cql-weight1-seed1,cql,164000,12,164000,d9c7259ca33ba1f9,-4169.057617188,33583,82841,8.0819,3.2137,4.8682,39.9753,0.12178,0.9429,1.0397,1.1027
aw-cql-weight1-seed1,cql,164000,13,164000,d9c7259ca33ba1f9,-4169.057617188,29838,52509,11.4627,1.0676,10.395,39.9753,0.26004,0.8984,1.0674,1.1881
aw-cql-weight1-seed1,cql,164000,14,164000,d9c7259ca33ba1f9,-4169.057617188,36307,14110,17.5038,1.3879,16.1159,39.9753,0.40315,0.9483,1.2877,1.3579
aw-cql-weight1-seed1,cql,165000,0,165000,0bd107624ecc83d4,-4201.620117188,237311,68413,31.3858,17.4823,13.9035,40.1876,0.34597,0.849,1.4165,1.6685
aw-cql-weight1-seed1,cql,165000,2,165000,0bd107624ecc83d4,-4201.620117188,168808,33814,17.9031,7.4832,10.4199,40.1876,0.25928,0.8945,1.122,1.2544
aw-cql-weight1-seed1,cql,165000,4,165000,0bd107624ecc83d4,-4201.620117188,35214,133999,10.3664,2.1103,8.2561,40.1876,0.20544,0.8785,0.9946,1.1322
aw-cql-weight1-seed1,cql,165000,5,165000,0bd107624ecc83d4,-4201.620117188,40938,30344,13.2842,0.2915,12.9927,40.1876,0.3233,0.9234,1.1427,1.2375
aw-cql-weight1-seed1,cql,165000,6,165000,0bd107624ecc83d4,-4201.620117188,51996,11915,15.4402,3.6495,11.7907,40.1876,0.29339,0.9461,1.2427,1.3135
aw-cql-weight1-seed1,cql,165000,7,165000,0bd107624ecc83d4,-4201.620117188,64933,19513,15.1755,7.2004,7.9751,40.1876,0.19845,0.9134,1.1945,1.3077
aw-cql-weight1-seed1,cql,165000,11,165000,0bd107624ecc83d4,-4201.620117188,76763,39227,8.4633,2.9069,5.5563,40.1876,0.13826,0.9593,1.0875,1.1337
aw-cql-weight1-seed1,cql,165000,12,165000,0bd107624ecc83d4,-4201.620117188,33583,82841,8.0796,3.3106,4.769,40.1876,0.11867,0.9422,1.0392,1.1029
aw-cql-weight1-seed1,cql,165000,13,165000,0bd107624ecc83d4,-4201.620117188,29838,52509,11.4812,1.0653,10.4159,40.1876,0.25918,0.8984,1.0704,1.1915
aw-cql-weight1-seed1,cql,165000,14,165000,0bd107624ecc83d4,-4201.620117188,36307,14110,17.7577,1.6706,16.0871,40.1876,0.4003,0.9495,1.3008,1.37
aw-cql-weight1-seed1,cql,166000,0,166000,ae703e7f4b476ba2,-4235.11328125,237311,68413,31.3351,17.0217,14.3134,40.4302,0.35403,0.8483,1.4003,1.6507
aw-cql-weight1-seed1,cql,166000,2,166000,ae703e7f4b476ba2,-4235.11328125,168808,33814,17.9114,7.3133,10.5981,40.4302,0.26213,0.8958,1.1202,1.2505
aw-cql-weight1-seed1,cql,166000,4,166000,ae703e7f4b476ba2,-4235.11328125,35214,133999,9.4846,1.7512,7.7334,40.4302,0.19128,0.8795,0.9953,1.1317
aw-cql-weight1-seed1,cql,166000,5,166000,ae703e7f4b476ba2,-4235.11328125,40938,30344,12.8214,0.1199,12.7015,40.4302,0.31416,0.9243,1.1429,1.2365
aw-cql-weight1-seed1,cql,166000,6,166000,ae703e7f4b476ba2,-4235.11328125,51996,11915,15.5394,3.5626,11.9768,40.4302,0.29623,0.9461,1.2474,1.3186
aw-cql-weight1-seed1,cql,166000,7,166000,ae703e7f4b476ba2,-4235.11328125,64933,19513,14.7539,7.0511,7.7028,40.4302,0.19052,0.9134,1.191,1.304
aw-cql-weight1-seed1,cql,166000,11,166000,ae703e7f4b476ba2,-4235.11328125,76763,39227,8.3976,2.7736,5.6239,40.4302,0.1391,0.961,1.0877,1.1318
aw-cql-weight1-seed1,cql,166000,12,166000,ae703e7f4b476ba2,-4235.11328125,33583,82841,7.2947,2.754,4.5407,40.4302,0.11231,0.9419,1.0385,1.1026
aw-cql-weight1-seed1,cql,166000,13,166000,ae703e7f4b476ba2,-4235.11328125,29838,52509,11.1271,0.9268,10.2003,40.4302,0.25229,0.9009,1.0709,1.1886
aw-cql-weight1-seed1,cql,166000,14,166000,ae703e7f4b476ba2,-4235.11328125,36307,14110,17.6653,1.5505,16.1149,40.4302,0.39858,0.949,1.2973,1.3671
aw-cql-weight1-seed1,cql,167000,0,167000,4d38c376e7762879,-4262.503417969,237311,68413,31.2224,17.2789,13.9435,40.0232,0.34838,0.85,1.4112,1.6601
aw-cql-weight1-seed1,cql,167000,2,167000,4d38c376e7762879,-4262.503417969,168808,33814,17.8119,7.2916,10.5203,40.0232,0.26286,0.8975,1.1318,1.2611
aw-cql-weight1-seed1,cql,167000,4,167000,4d38c376e7762879,-4262.503417969,35214,133999,9.7726,1.8471,7.9255,40.0232,0.19802,0.8819,0.9973,1.1308
aw-cql-weight1-seed1,cql,167000,5,167000,4d38c376e7762879,-4262.503417969,40938,30344,12.5664,-0.0154,12.5818,40.0232,0.31436,0.9265,1.1436,1.2342
aw-cql-weight1-seed1,cql,167000,6,167000,4d38c376e7762879,-4262.503417969,51996,11915,15.3202,3.5518,11.7684,40.0232,0.29404,0.9492,1.252,1.3191
aw-cql-weight1-seed1,cql,167000,7,167000,4d38c376e7762879,-4262.503417969,64933,19513,14.9225,6.9816,7.9408,40.0232,0.19841,0.9133,1.1924,1.3056
aw-cql-weight1-seed1,cql,167000,11,167000,4d38c376e7762879,-4262.503417969,76763,39227,8.4502,2.7482,5.7019,40.0232,0.14247,0.9595,1.0843,1.13
aw-cql-weight1-seed1,cql,167000,12,167000,4d38c376e7762879,-4262.503417969,33583,82841,7.6658,3.0419,4.6239,40.0232,0.11553,0.9415,1.0389,1.1034
aw-cql-weight1-seed1,cql,167000,13,167000,4d38c376e7762879,-4262.503417969,29838,52509,10.8826,0.8582,10.0243,40.0232,0.25046,0.9024,1.0737,1.1898
aw-cql-weight1-seed1,cql,167000,14,167000,4d38c376e7762879,-4262.503417969,36307,14110,17.0305,1.269,15.7615,40.0232,0.39381,0.9507,1.3032,1.3707
aw-cql-weight1-seed1,cql,168000,0,168000,aef59a1a6edbc92f,-4283.45703125,237311,68413,31.2874,17.2257,14.0617,40.2942,0.34898,0.8505,1.4078,1.6553
aw-cql-weight1-seed1,cql,168000,2,168000,aef59a1a6edbc92f,-4283.45703125,168808,33814,17.4319,6.9921,10.4398,40.2942,0.25909,0.8958,1.1199,1.2501
aw-cql-weight1-seed1,cql,168000,4,168000,aef59a1a6edbc92f,-4283.45703125,35214,133999,9.9613,2.0625,7.8988,40.2942,0.19603,0.879,0.9945,1.1314
aw-cql-weight1-seed1,cql,168000,5,168000,aef59a1a6edbc92f,-4283.45703125,40938,30344,12.5615,0.0977,12.4638,40.2942,0.30932,0.9237,1.1391,1.2333
aw-cql-weight1-seed1,cql,168000,6,168000,aef59a1a6edbc92f,-4283.45703125,51996,11915,15.7593,3.8829,11.8764,40.2942,0.29474,0.9469,1.2485,1.3185
aw-cql-weight1-seed1,cql,168000,7,168000,aef59a1a6edbc92f,-4283.45703125,64933,19513,14.9453,7.1895,7.7558,40.2942,0.19248,0.9151,1.1882,1.2984
aw-cql-weight1-seed1,cql,168000,11,168000,aef59a1a6edbc92f,-4283.45703125,76763,39227,8.422,2.7343,5.6877,40.2942,0.14115,0.9606,1.0852,1.1297
aw-cql-weight1-seed1,cql,168000,12,168000,aef59a1a6edbc92f,-4283.45703125,33583,82841,7.6171,3.0245,4.5927,40.2942,0.11398,0.9423,1.0374,1.1009
aw-cql-weight1-seed1,cql,168000,13,168000,aef59a1a6edbc92f,-4283.45703125,29838,52509,10.7768,0.9764,9.8004,40.2942,0.24322,0.8989,1.0681,1.1882
aw-cql-weight1-seed1,cql,168000,14,168000,aef59a1a6edbc92f,-4283.45703125,36307,14110,17.8662,2.0793,15.7869,40.2942,0.39179,0.9483,1.2999,1.3707
aw-cql-weight1-seed1,cql,169000,0,169000,274275b99990f914,-4315.375488281,237311,68413,31.2307,17.0121,14.2186,40.239,0.35335,0.8496,1.4079,1.6572
aw-cql-weight1-seed1,cql,169000,2,169000,274275b99990f914,-4315.375488281,168808,33814,17.4861,6.9892,10.497,40.239,0.26087,0.8965,1.1245,1.2543
aw-cql-weight1-seed1,cql,169000,4,169000,274275b99990f914,-4315.375488281,35214,133999,9.4962,1.8027,7.6934,40.239,0.19119,0.8809,0.9953,1.1299
aw-cql-weight1-seed1,cql,169000,5,169000,274275b99990f914,-4315.375488281,40938,30344,12.62,0.0423,12.5778,40.239,0.31258,0.9251,1.1445,1.2371
aw-cql-weight1-seed1,cql,169000,6,169000,274275b99990f914,-4315.375488281,51996,11915,15.5959,3.6529,11.9429,40.239,0.2968,0.9478,1.2461,1.3147
aw-cql-weight1-seed1,cql,169000,7,169000,274275b99990f914,-4315.375488281,64933,19513,14.6732,7.0941,7.5791,40.239,0.18835,0.9141,1.1855,1.2969
aw-cql-weight1-seed1,cql,169000,11,169000,274275b99990f914,-4315.375488281,76763,39227,8.6864,2.9298,5.7566,40.239,0.14306,0.9607,1.0877,1.1322
aw-cql-weight1-seed1,cql,169000,12,169000,274275b99990f914,-4315.375488281,33583,82841,7.3864,2.7958,4.5906,40.239,0.11408,0.9429,1.0389,1.1017
aw-cql-weight1-seed1,cql,169000,13,169000,274275b99990f914,-4315.375488281,29838,52509,10.073,0.8283,9.2447,40.239,0.22974,0.9011,1.0712,1.1887
aw-cql-weight1-seed1,cql,169000,14,169000,274275b99990f914,-4315.375488281,36307,14110,17.1046,1.3639,15.7407,40.239,0.39118,0.9531,1.3052,1.3694
aw-cql-weight1-seed1,cql,170000,0,170000,ba1b966f43c12b05,-4341.983398438,237311,68413,31.5839,17.2485,14.3354,40.2219,0.35641,0.8494,1.4125,1.663
aw-cql-weight1-seed1,cql,170000,2,170000,ba1b966f43c12b05,-4341.983398438,168808,33814,17.6853,7.2949,10.3903,40.2219,0.25833,0.8955,1.1215,1.2524
aw-cql-weight1-seed1,cql,170000,4,170000,ba1b966f43c12b05,-4341.983398438,35214,133999,9.7668,2.045,7.7218,40.2219,0.19198,0.8812,0.9977,1.1322
aw-cql-weight1-seed1,cql,170000,5,170000,ba1b966f43c12b05,-4341.983398438,40938,30344,12.0008,0.0953,11.9055,40.2219,0.296,0.9278,1.1399,1.2285
aw-cql-weight1-seed1,cql,170000,6,170000,ba1b966f43c12b05,-4341.983398438,51996,11915,15.8401,3.9888,11.8513,40.2219,0.29465,0.9476,1.2418,1.3105
aw-cql-weight1-seed1,cql,170000,7,170000,ba1b966f43c12b05,-4341.983398438,64933,19513,14.8865,7.1088,7.7777,40.2219,0.19337,0.9138,1.188,1.3001
aw-cql-weight1-seed1,cql,170000,11,170000,ba1b966f43c12b05,-4341.983398438,76763,39227,8.8231,3.0208,5.8023,40.2219,0.14426,0.961,1.0871,1.1312
aw-cql-weight1-seed1,cql,170000,12,170000,ba1b966f43c12b05,-4341.983398438,33583,82841,7.647,3.0809,4.5661,40.2219,0.11352,0.941,1.0363,1.1013
aw-cql-weight1-seed1,cql,170000,13,170000,ba1b966f43c12b05,-4341.983398438,29838,52509,10.2293,1.0154,9.2139,40.2219,0.22908,0.9,1.0696,1.1885
aw-cql-weight1-seed1,cql,170000,14,170000,ba1b966f43c12b05,-4341.983398438,36307,14110,16.8862,1.7485,15.1377,40.2219,0.37635,0.9525,1.2967,1.3613
aw-cql-weight1-seed1,cql,171000,0,171000,b74cf5670a0e5aea,-4365.588867188,237311,68413,31.5962,17.6485,13.9477,40.4755,0.3446,0.85,1.4154,1.6652
aw-cql-weight1-seed1,cql,171000,2,171000,b74cf5670a0e5aea,-4365.588867188,168808,33814,17.6978,7.2525,10.4453,40.4755,0.25806,0.8949,1.121,1.2526
aw-cql-weight1-seed1,cql,171000,4,171000,b74cf5670a0e5aea,-4365.588867188,35214,133999,9.7904,1.8646,7.9258,40.4755,0.19582,0.8806,0.9955,1.1304
aw-cql-weight1-seed1,cql,171000,5,171000,b74cf5670a0e5aea,-4365.588867188,40938,30344,12.6833,0.0974,12.586,40.4755,0.31095,0.922,1.1397,1.2361
aw-cql-weight1-seed1,cql,171000,6,171000,b74cf5670a0e5aea,-4365.588867188,51996,11915,15.6955,4.0215,11.674,40.4755,0.28842,0.9457,1.2467,1.3183
aw-cql-weight1-seed1,cql,171000,7,171000,b74cf5670a0e5aea,-4365.588867188,64933,19513,14.7501,6.958,7.7921,40.4755,0.19251,0.914,1.1881,1.3
aw-cql-weight1-seed1,cql,171000,11,171000,b74cf5670a0e5aea,-4365.588867188,76763,39227,8.496,2.7852,5.7108,40.4755,0.14109,0.9612,1.0875,1.1315
aw-cql-weight1-seed1,cql,171000,12,171000,b74cf5670a0e5aea,-4365.588867188,33583,82841,7.6904,3.0433,4.647,40.4755,0.11481,0.9441,1.0408,1.1024
aw-cql-weight1-seed1,cql,171000,13,171000,b74cf5670a0e5aea,-4365.588867188,29838,52509,10.5053,0.8629,9.6423,40.4755,0.23823,0.8983,1.071,1.1922
aw-cql-weight1-seed1,cql,171000,14,171000,b74cf5670a0e5aea,-4365.588867188,36307,14110,17.4291,1.6761,15.753,40.4755,0.3892,0.9478,1.3033,1.3751
aw-cql-weight1-seed1,cql,172000,0,172000,843c3d8d519d6136,-4397.077636719,237311,68413,31.46,17.3347,14.1253,40.5132,0.34866,0.8499,1.4313,1.684
aw-cql-weight1-seed1,cql,172000,2,172000,843c3d8d519d6136,-4397.077636719,168808,33814,17.3345,6.8455,10.489,40.5132,0.2589,0.8964,1.1214,1.2511
aw-cql-weight1-seed1,cql,172000,4,172000,843c3d8d519d6136,-4397.077636719,35214,133999,9.3416,1.7531,7.5885,40.5132,0.18731,0.8791,0.9941,1.1308
aw-cql-weight1-seed1,cql,172000,5,172000,843c3d8d519d6136,-4397.077636719,40938,30344,12.026,0.0148,12.0112,40.5132,0.29648,0.9253,1.1421,1.2343
aw-cql-weight1-seed1,cql,172000,6,172000,843c3d8d519d6136,-4397.077636719,51996,11915,15.2582,3.5,11.7582,40.5132,0.29023,0.9483,1.2456,1.3134
aw-cql-weight1-seed1,cql,172000,7,172000,843c3d8d519d6136,-4397.077636719,64933,19513,14.6646,6.7219,7.9426,40.5132,0.19605,0.916,1.1874,1.2962
aw-cql-weight1-seed1,cql,172000,11,172000,843c3d8d519d6136,-4397.077636719,76763,39227,8.3736,2.6296,5.744,40.5132,0.14178,0.9611,1.0878,1.1318
aw-cql-weight1-seed1,cql,172000,12,172000,843c3d8d519d6136,-4397.077636719,33583,82841,8.385,3.3675,5.0175,40.5132,0.12385,0.9426,1.041,1.1044
aw-cql-weight1-seed1,cql,172000,13,172000,843c3d8d519d6136,-4397.077636719,29838,52509,10.7892,0.9954,9.7937,40.5132,0.24174,0.8999,1.0722,1.1915
aw-cql-weight1-seed1,cql,172000,14,172000,843c3d8d519d6136,-4397.077636719,36307,14110,17.1509,1.5054,15.6455,40.5132,0.38618,0.9529,1.3097,1.3745
aw-cql-weight1-seed1,cql,173000,0,173000,0c6ee09f8a9fee22,-4428.5078125,237311,68413,31.1208,17.1178,14.003,39.8065,0.35178,0.8482,1.4085,1.6604
aw-cql-weight1-seed1,cql,173000,2,173000,0c6ee09f8a9fee22,-4428.5078125,168808,33814,17.5998,7.09,10.5097,39.8065,0.26402,0.896,1.1199,1.25
aw-cql-weight1-seed1,cql,173000,4,173000,0c6ee09f8a9fee22,-4428.5078125,35214,133999,9.3047,1.8427,7.4619,39.8065,0.18745,0.8791,0.9953,1.1322
aw-cql-weight1-seed1,cql,173000,5,173000,0c6ee09f8a9fee22,-4428.5078125,40938,30344,12.206,0.0355,12.1704,39.8065,0.30574,0.9235,1.1414,1.236
aw-cql-weight1-seed1,cql,173000,6,173000,0c6ee09f8a9fee22,-4428.5078125,51996,11915,15.3103,3.4388,11.8715,39.8065,0.29823,0.946,1.2419,1.3128
aw-cql-weight1-seed1,cql,173000,7,173000,0c6ee09f8a9fee22,-4428.5078125,64933,19513,14.8428,6.997,7.8458,39.8065,0.1971,0.9127,1.1857,1.2991
aw-cql-weight1-seed1,cql,173000,11,173000,0c6ee09f8a9fee22,-4428.5078125,76763,39227,8.6399,2.9743,5.6656,39.8065,0.14233,0.9599,1.086,1.1313
aw-cql-weight1-seed1,cql,173000,12,173000,0c6ee09f8a9fee22,-4428.5078125,33583,82841,7.7044,3.007,4.6974,39.8065,0.11801,0.9412,1.0381,1.1029
aw-cql-weight1-seed1,cql,173000,13,173000,0c6ee09f8a9fee22,-4428.5078125,29838,52509,10.7101,0.9546,9.7555,39.8065,0.24507,0.8997,1.0714,1.1909
aw-cql-weight1-seed1,cql,173000,14,173000,0c6ee09f8a9fee22,-4428.5078125,36307,14110,17.1707,1.6802,15.4906,39.8065,0.38915,0.9479,1.3008,1.3723
aw-cql-weight1-seed1,cql,174000,0,174000,422b4b1a719c4c0e,-4452.045898438,237311,68413,31.4952,16.9211,14.5741,40.7477,0.35767,0.8507,1.4117,1.6594
aw-cql-weight1-seed1,cql,174000,2,174000,422b4b1a719c4c0e,-4452.045898438,168808,33814,17.3848,6.8099,10.5749,40.7477,0.25952,0.8966,1.1216,1.2509
aw-cql-weight1-seed1,cql,174000,4,174000,422b4b1a719c4c0e,-4452.045898438,35214,133999,9.8325,1.8419,7.9906,40.7477,0.1961,0.8802,0.9941,1.1294
aw-cql-weight1-seed1,cql,174000,5,174000,422b4b1a719c4c0e,-4452.045898438,40938,30344,12.5192,-0.1397,12.6589,40.7477,0.31067,0.9245,1.1411,1.2343
aw-cql-weight1-seed1,cql,174000,6,174000,422b4b1a719c4c0e,-4452.045898438,51996,11915,15.586,3.5404,12.0455,40.7477,0.29561,0.947,1.2445,1.3142
aw-cql-weight1-seed1,cql,174000,7,174000,422b4b1a719c4c0e,-4452.045898438,64933,19513,14.9686,6.9196,8.049,40.7477,0.19753,0.913,1.1899,1.3032
aw-cql-weight1-seed1,cql,174000,11,174000,422b4b1a719c4c0e,-4452.045898438,76763,39227,8.2083,2.6529,5.5554,40.7477,0.13634,0.96,1.0861,1.1313
aw-cql-weight1-seed1,cql,174000,12,174000,422b4b1a719c4c0e,-4452.045898438,33583,82841,7.3032,2.8296,4.4737,40.7477,0.10979,0.941,1.0365,1.1014
aw-cql-weight1-seed1,cql,174000,13,174000,422b4b1a719c4c0e,-4452.045898438,29838,52509,10.8815,0.8761,10.0054,40.7477,0.24555,0.8969,1.0682,1.191
aw-cql-weight1-seed1,cql,174000,14,174000,422b4b1a719c4c0e,-4452.045898438,36307,14110,17.2299,1.4962,15.7337,40.7477,0.38612,0.9484,1.3002,1.371
aw-cql-weight1-seed1,cql,175000,0,175000,74cb5da33441ec4c,-4485.836914062,237311,68413,31.3419,17.2128,14.1291,40.1464,0.35194,0.8486,1.4128,1.665
aw-cql-weight1-seed1,cql,175000,2,175000,74cb5da33441ec4c,-4485.836914062,168808,33814,17.408,6.8439,10.5641,40.1464,0.26314,0.8951,1.1182,1.2492
aw-cql-weight1-seed1,cql,175000,4,175000,74cb5da33441ec4c,-4485.836914062,35214,133999,9.5983,1.8639,7.7344,40.1464,0.19265,0.8777,0.9934,1.1318
aw-cql-weight1-seed1,cql,175000,5,175000,74cb5da33441ec4c,-4485.836914062,40938,30344,12.8944,0.0974,12.797,40.1464,0.31876,0.9242,1.1395,1.2329
aw-cql-weight1-seed1,cql,175000,6,175000,74cb5da33441ec4c,-4485.836914062,51996,11915,15.6571,3.6439,12.0132,40.1464,0.29923,0.9442,1.2322,1.305
aw-cql-weight1-seed1,cql,175000,7,175000,74cb5da33441ec4c,-4485.836914062,64933,19513,14.5421,6.6647,7.8774,40.1464,0.19622,0.9125,1.1852,1.2988
aw-cql-weight1-seed1,cql,175000,11,175000,74cb5da33441ec4c,-4485.836914062,76763,39227,8.0868,2.6239,5.4629,40.1464,0.13607,0.9585,1.0812,1.128
aw-cql-weight1-seed1,cql,175000,12,175000,74cb5da33441ec4c,-4485.836914062,33583,82841,7.4902,2.8385,4.6517,40.1464,0.11587,0.9421,1.0375,1.1013
aw-cql-weight1-seed1,cql,175000,13,175000,74cb5da33441ec4c,-4485.836914062,29838,52509,10.9599,0.8934,10.0665,40.1464,0.25074,0.8987,1.0682,1.1886
aw-cql-weight1-seed1,cql,175000,14,175000,74cb5da33441ec4c,-4485.836914062,36307,14110,16.9825,1.2867,15.6958,40.1464,0.39097,0.9487,1.2941,1.364
aw-cql-weight1-seed1,cql,176000,0,176000,6f6697c92e09a27a,-4524.395996094,237311,68413,31.5676,17.2735,14.2941,40.9777,0.34883,0.8489,1.3976,1.6464
aw-cql-weight1-seed1,cql,176000,2,176000,6f6697c92e09a27a,-4524.395996094,168808,33814,17.2504,7.0374,10.213,40.9777,0.24923,0.8941,1.1143,1.2463
aw-cql-weight1-seed1,cql,176000,4,176000,6f6697c92e09a27a,-4524.395996094,35214,133999,9.0227,1.7499,7.2728,40.9777,0.17748,0.877,0.9932,1.1325
aw-cql-weight1-seed1,cql,176000,5,176000,6f6697c92e09a27a,-4524.395996094,40938,30344,12.143,-0.066,12.209,40.9777,0.29794,0.924,1.1413,1.2352
aw-cql-weight1-seed1,cql,176000,6,176000,6f6697c92e09a27a,-4524.395996094,51996,11915,15.4946,3.5674,11.9272,40.9777,0.29107,0.9481,1.248,1.3164
aw-cql-weight1-seed1,cql,176000,7,176000,6f6697c92e09a27a,-4524.395996094,64933,19513,14.6591,6.9307,7.7284,40.9777,0.1886,0.914,1.1858,1.2973
aw-cql-weight1-seed1,cql,176000,11,176000,6f6697c92e09a27a,-4524.395996094,76763,39227,8.0742,2.5904,5.4838,40.9777,0.13382,0.9612,1.0856,1.1294
aw-cql-weight1-seed1,cql,176000,12,176000,6f6697c92e09a27a,-4524.395996094,33583,82841,7.3076,2.7868,4.5208,40.9777,0.11032,0.9403,1.0367,1.1026
aw-cql-weight1-seed1,cql,176000,13,176000,6f6697c92e09a27a,-4524.395996094,29838,52509,10.282,0.7668,9.5153,40.9777,0.23221,0.8979,1.0677,1.1891
aw-cql-weight1-seed1,cql,176000,14,176000,6f6697c92e09a27a,-4524.395996094,36307,14110,17.217,1.3575,15.8595,40.9777,0.38703,0.9479,1.2969,1.3682
aw-cql-weight1-seed1,cql,177000,0,177000,d79902b1c182625f,-4546.114257812,237311,68413,30.9631,16.3173,14.6458,40.256,0.36382,0.8488,1.4005,1.6499
aw-cql-weight1-seed1,cql,177000,2,177000,d79902b1c182625f,-4546.114257812,168808,33814,16.9168,6.6069,10.3099,40.256,0.25611,0.8955,1.1157,1.2459
aw-cql-weight1-seed1,cql,177000,4,177000,d79902b1c182625f,-4546.114257812,35214,133999,9.0421,1.6847,7.3574,40.256,0.18277,0.8807,0.9929,1.1274
aw-cql-weight1-seed1,cql,177000,5,177000,d79902b1c182625f,-4546.114257812,40938,30344,11.894,-0.0701,11.9641,40.256,0.2972,0.9236,1.1398,1.2341
aw-cql-weight1-seed1,cql,177000,6,177000,d79902b1c182625f,-4546.114257812,51996,11915,15.315,3.2869,12.0281,40.256,0.29879,0.9469,1.2401,1.3097
aw-cql-weight1-seed1,cql,177000,7,177000,d79902b1c182625f,-4546.114257812,64933,19513,14.6803,6.9219,7.7584,40.256,0.19273,0.9125,1.1796,1.2927
aw-cql-weight1-seed1,cql,177000,11,177000,d79902b1c182625f,-4546.114257812,76763,39227,8.9342,3.0216,5.9125,40.256,0.14687,0.9604,1.0858,1.1305
aw-cql-weight1-seed1,cql,177000,12,177000,d79902b1c182625f,-4546.114257812,33583,82841,7.3074,2.8364,4.471,40.256,0.11106,0.9407,1.0355,1.1008
aw-cql-weight1-seed1,cql,177000,13,177000,d79902b1c182625f,-4546.114257812,29838,52509,10.4081,0.7498,9.6583,40.256,0.23992,0.8979,1.0677,1.1891
aw-cql-weight1-seed1,cql,177000,14,177000,d79902b1c182625f,-4546.114257812,36307,14110,16.6595,1.2968,15.3627,40.256,0.38163,0.9489,1.2975,1.3673
aw-cql-weight1-seed1,cql,178000,0,178000,3c092dc1bf39b919,-4585.965820312,237311,68413,30.9759,16.6832,14.2926,39.9461,0.3578,0.8491,1.4091,1.6595
aw-cql-weight1-seed1,cql,178000,2,178000,3c092dc1bf39b919,-4585.965820312,168808,33814,17.2797,6.9302,10.3496,39.9461,0.25909,0.8947,1.1199,1.2517
aw-cql-weight1-seed1,cql,178000,4,178000,3c092dc1bf39b919,-4585.965820312,35214,133999,9.1261,1.8592,7.2669,39.9461,0.18192,0.8801,0.9925,1.1277
aw-cql-weight1-seed1,cql,178000,5,178000,3c092dc1bf39b919,-4585.965820312,40938,30344,12.372,0.0811,12.2909,39.9461,0.30769,0.9252,1.1412,1.2335
aw-cql-weight1-seed1,cql,178000,6,178000,3c092dc1bf39b919,-4585.965820312,51996,11915,15.4381,3.4819,11.9562,39.9461,0.29931,0.9484,1.2506,1.3186
aw-cql-weight1-seed1,cql,178000,7,178000,3c092dc1bf39b919,-4585.965820312,64933,19513,14.4076,6.7798,7.6277,39.9461,0.19095,0.9137,1.1824,1.294
aw-cql-weight1-seed1,cql,178000,11,178000,3c092dc1bf39b919,-4585.965820312,76763,39227,8.5354,2.8837,5.6517,39.9461,0.14148,0.9602,1.0825,1.1274
aw-cql-weight1-seed1,cql,178000,12,178000,3c092dc1bf39b919,-4585.965820312,33583,82841,7.1335,2.8297,4.3038,39.9461,0.10774,0.9418,1.0359,1.1
aw-cql-weight1-seed1,cql,178000,13,178000,3c092dc1bf39b919,-4585.965820312,29838,52509,10.0725,0.8575,9.215,39.9461,0.23069,0.8996,1.0669,1.186
aw-cql-weight1-seed1,cql,178000,14,178000,3c092dc1bf39b919,-4585.965820312,36307,14110,17.1358,1.5837,15.5521,39.9461,0.38933,0.9529,1.3073,1.3719
aw-cql-weight1-seed1,cql,179000,0,179000,a3836fa731e24f07,-4607.2734375,237311,68413,31.1375,17.2008,13.9367,40.1437,0.34717,0.8493,1.4141,1.665
aw-cql-weight1-seed1,cql,179000,2,179000,a3836fa731e24f07,-4607.2734375,168808,33814,17.3502,6.972,10.3782,40.1437,0.25853,0.8951,1.1175,1.2485
aw-cql-weight1-seed1,cql,179000,4,179000,a3836fa731e24f07,-4607.2734375,35214,133999,9.3705,1.8637,7.5068,40.1437,0.187,0.8811,0.9945,1.1287
aw-cql-weight1-seed1,cql,179000,5,179000,a3836fa731e24f07,-4607.2734375,40938,30344,12.2015,-0.0538,12.2553,40.1437,0.30528,0.9254,1.1396,1.2315
aw-cql-weight1-seed1,cql,179000,6,179000,a3836fa731e24f07,-4607.2734375,51996,11915,15.2905,3.2046,12.0858,40.1437,0.30106,0.9469,1.2486,1.3186
aw-cql-weight1-seed1,cql,179000,7,179000,a3836fa731e24f07,-4607.2734375,64933,19513,14.5543,6.6984,7.8559,40.1437,0.19569,0.913,1.1828,1.2956
aw-cql-weight1-seed1,cql,179000,11,179000,a3836fa731e24f07,-4607.2734375,76763,39227,7.8356,2.5436,5.292,40.1437,0.13183,0.9586,1.0821,1.1288
aw-cql-weight1-seed1,cql,179000,12,179000,a3836fa731e24f07,-4607.2734375,33583,82841,7.0319,2.789,4.243,40.1437,0.10569,0.9404,1.0351,1.1007
aw-cql-weight1-seed1,cql,179000,13,179000,a3836fa731e24f07,-4607.2734375,29838,52509,10.6601,0.9539,9.7062,40.1437,0.24179,0.8977,1.0663,1.1878
aw-cql-weight1-seed1,cql,179000,14,179000,a3836fa731e24f07,-4607.2734375,36307,14110,16.7789,1.3251,15.4538,40.1437,0.38496,0.9512,1.2941,1.3604
aw-cql-weight1-seed1,cql,180000,0,180000,48f53c2bb2ec89ff,-4637.725097656,237311,68413,31.0942,16.5961,14.4981,40.4753,0.35819,0.8491,1.4022,1.6514
aw-cql-weight1-seed1,cql,180000,2,180000,48f53c2bb2ec89ff,-4637.725097656,168808,33814,17.2399,6.6469,10.593,40.4753,0.26171,0.8944,1.117,1.2488
aw-cql-weight1-seed1,cql,180000,4,180000,48f53c2bb2ec89ff,-4637.725097656,35214,133999,9.3017,1.6594,7.6424,40.4753,0.18882,0.8799,0.9962,1.1322
aw-cql-weight1-seed1,cql,180000,5,180000,48f53c2bb2ec89ff,-4637.725097656,40938,30344,11.8088,-0.1864,11.9952,40.4753,0.29636,0.9244,1.1423,1.2358
aw-cql-weight1-seed1,cql,180000,6,180000,48f53c2bb2ec89ff,-4637.725097656,51996,11915,15.1982,3.1141,12.0842,40.4753,0.29856,0.9492,1.2527,1.3198
aw-cql-weight1-seed1,cql,180000,7,180000,48f53c2bb2ec89ff,-4637.725097656,64933,19513,14.1589,6.4605,7.6983,40.4753,0.1902,0.9137,1.1829,1.2946
aw-cql-weight1-seed1,cql,180000,11,180000,48f53c2bb2ec89ff,-4637.725097656,76763,39227,8.5908,2.8959,5.695,40.4753,0.1407,0.9635,1.0853,1.1264
aw-cql-weight1-seed1,cql,180000,12,180000,48f53c2bb2ec89ff,-4637.725097656,33583,82841,7.3355,2.7879,4.5477,40.4753,0.11236,0.943,1.0402,1.1031
aw-cql-weight1-seed1,cql,180000,13,180000,48f53c2bb2ec89ff,-4637.725097656,29838,52509,10.3411,0.6888,9.6522,40.4753,0.23847,0.9001,1.0713,1.1902
aw-cql-weight1-seed1,cql,180000,14,180000,48f53c2bb2ec89ff,-4637.725097656,36307,14110,17.1685,1.1739,15.9947,40.4753,0.39517,0.9507,1.2971,1.3644
aw-cql-weight1-seed1,cql,181000,0,181000,dc42de742bb44439,-4661.583984375,237311,68413,30.9354,17.1725,13.7629,39.97,0.34433,0.8499,1.4193,1.6699
aw-cql-weight1-seed1,cql,181000,2,181000,dc42de742bb44439,-4661.583984375,168808,33814,17.3385,6.9779,10.3605,39.97,0.25921,0.8957,1.1201,1.2506
aw-cql-weight1-seed1,cql,181000,4,181000,dc42de742bb44439,-4661.583984375,35214,133999,9.3775,1.8505,7.5271,39.97,0.18832,0.8801,0.9947,1.1302
aw-cql-weight1-seed1,cql,181000,5,181000,dc42de742bb44439,-4661.583984375,40938,30344,12.2059,0.031,12.1749,39.97,0.3046,0.9253,1.1407,1.2327
aw-cql-weight1-seed1,cql,181000,6,181000,dc42de742bb44439,-4661.583984375,51996,11915,14.8093,3.2237,11.5856,39.97,0.28986,0.948,1.2492,1.3177
aw-cql-weight1-seed1,cql,181000,7,181000,dc42de742bb44439,-4661.583984375,64933,19513,14.2245,6.5706,7.6539,39.97,0.19149,0.9132,1.1842,1.2968
aw-cql-weight1-seed1,cql,181000,11,181000,dc42de742bb44439,-4661.583984375,76763,39227,8.3137,2.7493,5.5643,39.97,0.13921,0.9604,1.0841,1.1287
aw-cql-weight1-seed1,cql,181000,12,181000,dc42de742bb44439,-4661.583984375,33583,82841,7.2885,2.9086,4.38,39.97,0.10958,0.9418,1.0363,1.1003
aw-cql-weight1-seed1,cql,181000,13,181000,dc42de742bb44439,-4661.583984375,29838,52509,10.6491,0.9297,9.7194,39.97,0.24317,0.9021,1.0696,1.1857
aw-cql-weight1-seed1,cql,181000,14,181000,dc42de742bb44439,-4661.583984375,36307,14110,16.5684,1.1711,15.3973,39.97,0.38522,0.9515,1.299,1.3653
aw-cql-weight1-seed1,cql,182000,0,182000,f6737c11c17ab420,-4691.797363281,237311,68413,30.7755,16.9018,13.8737,39.6295,0.35008,0.8491,1.4075,1.6576
aw-cql-weight1-seed1,cql,182000,2,182000,f6737c11c17ab420,-4691.797363281,168808,33814,17.0357,6.731,10.3047,39.6295,0.26003,0.8951,1.1173,1.2483
aw-cql-weight1-seed1,cql,182000,4,182000,f6737c11c17ab420,-4691.797363281,35214,133999,9.8397,1.841,7.9987,39.6295,0.20184,0.879,0.9934,1.1302
aw-cql-weight1-seed1,cql,182000,5,182000,f6737c11c17ab420,-4691.797363281,40938,30344,12.4642,0.0113,12.453,39.6295,0.31424,0.9212,1.1372,1.2344
aw-cql-weight1-seed1,cql,182000,6,182000,f6737c11c17ab420,-4691.797363281,51996,11915,15.1829,3.4369,11.746,39.6295,0.29639,0.9458,1.2405,1.3115
aw-cql-weight1-seed1,cql,182000,7,182000,f6737c11c17ab420,-4691.797363281,64933,19513,14.2739,6.5591,7.7147,39.6295,0.19467,0.9133,1.1852,1.2976
aw-cql-weight1-seed1,cql,182000,11,182000,f6737c11c17ab420,-4691.797363281,76763,39227,8.4596,2.8102,5.6494,39.6295,0.14256,0.9608,1.0851,1.1293
aw-cql-weight1-seed1,cql,182000,12,182000,f6737c11c17ab420,-4691.797363281,33583,82841,7.5185,2.7995,4.7191,39.6295,0.11908,0.9413,1.037,1.1017
aw-cql-weight1-seed1,cql,182000,13,182000,f6737c11c17ab420,-4691.797363281,29838,52509,11.0293,0.8579,10.1714,39.6295,0.25666,0.8991,1.0685,1.1884
aw-cql-weight1-seed1,cql,182000,14,182000,f6737c11c17ab420,-4691.797363281,36307,14110,17.1724,1.5278,15.6446,39.6295,0.39477,0.9493,1.2961,1.3654
aw-cql-weight1-seed1,cql,183000,0,183000,1f1975d0a43ba09e,-4715.080078125,237311,68413,31.1353,16.7295,14.4058,40.463,0.35602,0.8495,1.4102,1.6601
aw-cql-weight1-seed1,cql,183000,2,183000,1f1975d0a43ba09e,-4715.080078125,168808,33814,17.4251,6.8702,10.5549,40.463,0.26085,0.894,1.114,1.2461
aw-cql-weight1-seed1,cql,183000,4,183000,1f1975d0a43ba09e,-4715.080078125,35214,133999,8.7894,1.756,7.0334,40.463,0.17382,0.8807,0.9936,1.1282
aw-cql-weight1-seed1,cql,183000,5,183000,1f1975d0a43ba09e,-4715.080078125,40938,30344,11.6741,-0.1615,11.8357,40.463,0.29251,0.9232,1.1379,1.2325
aw-cql-weight1-seed1,cql,183000,6,183000,1f1975d0a43ba09e,-4715.080078125,51996,11915,15.1666,3.4146,11.752,40.463,0.29044,0.9465,1.2405,1.3106
aw-cql-weight1-seed1,cql,183000,7,183000,1f1975d0a43ba09e,-4715.080078125,64933,19513,14.7014,6.9203,7.7811,40.463,0.1923,0.915,1.1869,1.2973
aw-cql-weight1-seed1,cql,183000,11,183000,1f1975d0a43ba09e,-4715.080078125,76763,39227,7.7495,2.5254,5.2241,40.463,0.12911,0.9605,1.0843,1.1288
aw-cql-weight1-seed1,cql,183000,12,183000,1f1975d0a43ba09e,-4715.080078125,33583,82841,6.9289,2.5761,4.3528,40.463,0.10757,0.9421,1.0384,1.1022
aw-cql-weight1-seed1,cql,183000,13,183000,1f1975d0a43ba09e,-4715.080078125,29838,52509,9.9819,0.7152,9.2667,40.463,0.22902,0.898,1.0684,1.1897
aw-cql-weight1-seed1,cql,183000,14,183000,1f1975d0a43ba09e,-4715.080078125,36307,14110,16.1592,0.9291,15.2301,40.463,0.3764,0.9477,1.2949,1.3663
aw-cql-weight1-seed1,cql,184000,0,184000,966ccea4ab90271b,-4756.824707031,237311,68413,31.1234,16.6678,14.4556,40.0513,0.36093,0.849,1.4183,1.6706
aw-cql-weight1-seed1,cql,184000,2,184000,966ccea4ab90271b,-4756.824707031,168808,33814,17.2205,6.6912,10.5293,40.0513,0.2629,0.8958,1.1176,1.2477
aw-cql-weight1-seed1,cql,184000,4,184000,966ccea4ab90271b,-4756.824707031,35214,133999,8.7585,1.6871,7.0715,40.0513,0.17656,0.8804,0.9923,1.1271
aw-cql-weight1-seed1,cql,184000,5,184000,966ccea4ab90271b,-4756.824707031,40938,30344,11.6811,-0.228,11.9091,40.0513,0.29735,0.9236,1.1397,1.2339
aw-cql-weight1-seed1,cql,184000,6,184000,966ccea4ab90271b,-4756.824707031,51996,11915,15.282,3.383,11.8991,40.0513,0.2971,0.9448,1.2447,1.3174
aw-cql-weight1-seed1,cql,184000,7,184000,966ccea4ab90271b,-4756.824707031,64933,19513,14.4985,6.8153,7.6832,40.0513,0.19183,0.9136,1.1877,1.3
aw-cql-weight1-seed1,cql,184000,11,184000,966ccea4ab90271b,-4756.824707031,76763,39227,7.904,2.5969,5.307,40.0513,0.13251,0.9618,1.0851,1.1282
aw-cql-weight1-seed1,cql,184000,12,184000,966ccea4ab90271b,-4756.824707031,33583,82841,6.5388,2.4655,4.0733,40.0513,0.1017,0.942,1.0358,1.0996
aw-cql-weight1-seed1,cql,184000,13,184000,966ccea4ab90271b,-4756.824707031,29838,52509,9.5943,0.5495,9.0448,40.0513,0.22583,0.9004,1.0677,1.1858
aw-cql-weight1-seed1,cql,184000,14,184000,966ccea4ab90271b,-4756.824707031,36307,14110,16.168,1.1389,15.0291,40.0513,0.37525,0.9504,1.3013,1.3693
aw-cql-weight1-seed1,cql,185000,0,185000,42a024e48521710b,-4783.734375,237311,68413,31.0561,16.9788,14.0772,40.0254,0.35171,0.8494,1.4099,1.6599
aw-cql-weight1-seed1,cql,185000,2,185000,42a024e48521710b,-4783.734375,168808,33814,17.2902,6.8098,10.4804,40.0254,0.26184,0.8966,1.118,1.2469
aw-cql-weight1-seed1,cql,185000,4,185000,42a024e48521710b,-4783.734375,35214,133999,9.3023,1.8021,7.5001,40.0254,0.18738,0.8789,0.9933,1.1301
aw-cql-weight1-seed1,cql,185000,5,185000,42a024e48521710b,-4783.734375,40938,30344,12.5528,-0.0142,12.567,40.0254,0.31397,0.925,1.1419,1.2345
aw-cql-weight1-seed1,cql,185000,6,185000,42a024e48521710b,-4783.734375,51996,11915,15.4325,3.437,11.9955,40.0254,0.2997,0.9463,1.2478,1.3186
aw-cql-weight1-seed1,cql,185000,7,185000,42a024e48521710b,-4783.734375,64933,19513,14.2399,6.7283,7.5116,40.0254,0.18767,0.9126,1.1886,1.3025
aw-cql-weight1-seed1,cql,185000,11,185000,42a024e48521710b,-4783.734375,76763,39227,7.9018,2.5999,5.3019,40.0254,0.13246,0.9593,1.0818,1.1277
aw-cql-weight1-seed1,cql,185000,12,185000,42a024e48521710b,-4783.734375,33583,82841,7.2648,2.8349,4.4298,40.0254,0.11068,0.9404,1.0359,1.1016
aw-cql-weight1-seed1,cql,185000,13,185000,42a024e48521710b,-4783.734375,29838,52509,10.8929,0.8866,10.0063,40.0254,0.25,0.8988,1.0702,1.1908
aw-cql-weight1-seed1,cql,185000,14,185000,42a024e48521710b,-4783.734375,36307,14110,17.5429,1.4786,16.0643,40.0254,0.40135,0.9497,1.3083,1.3775
aw-cql-weight1-seed1,cql,186000,0,186000,8520690c328fc835,-4823.969726562,237311,68413,30.7801,16.4113,14.3688,39.6886,0.36204,0.85,1.4128,1.6621
aw-cql-weight1-seed1,cql,186000,2,186000,8520690c328fc835,-4823.969726562,168808,33814,16.7332,6.5446,10.1886,39.6886,0.25671,0.8962,1.1225,1.2526
aw-cql-weight1-seed1,cql,186000,4,186000,8520690c328fc835,-4823.969726562,35214,133999,8.9466,1.8032,7.1433,39.6886,0.17998,0.8786,0.9938,1.1312
aw-cql-weight1-seed1,cql,186000,5,186000,8520690c328fc835,-4823.969726562,40938,30344,12.0778,-0.1022,12.18,39.6886,0.30689,0.9238,1.141,1.235
aw-cql-weight1-seed1,cql,186000,6,186000,8520690c328fc835,-4823.969726562,51996,11915,14.9091,3.2754,11.6337,39.6886,0.29312,0.9471,1.2462,1.3159
aw-cql-weight1-seed1,cql,186000,7,186000,8520690c328fc835,-4823.969726562,64933,19513,14.3231,6.536,7.7872,39.6886,0.19621,0.9127,1.1831,1.2963
aw-cql-weight1-seed1,cql,186000,11,186000,8520690c328fc835,-4823.969726562,76763,39227,7.7648,2.4875,5.2773,39.6886,0.13297,0.959,1.083,1.1294
aw-cql-weight1-seed1,cql,186000,12,186000,8520690c328fc835,-4823.969726562,33583,82841,7.1655,2.8687,4.2969,39.6886,0.10826,0.941,1.0343,1.0992
aw-cql-weight1-seed1,cql,186000,13,186000,8520690c328fc835,-4823.969726562,29838,52509,10.1856,0.8529,9.3327,39.6886,0.23515,0.8992,1.07,1.1899
aw-cql-weight1-seed1,cql,186000,14,186000,8520690c328fc835,-4823.969726562,36307,14110,16.4471,1.3932,15.054,39.6886,0.3793,0.949,1.3077,1.378
aw-cql-weight1-seed1,cql,187000,0,187000,5a08c98bdc37a91e,-4848.361328125,237311,68413,30.5451,16.0492,14.4959,39.6235,0.36584,0.8502,1.4135,1.6625
aw-cql-weight1-seed1,cql,187000,2,187000,5a08c98bdc37a91e,-4848.361328125,168808,33814,17.2297,6.8136,10.416,39.6235,0.26288,0.8964,1.1228,1.2526
aw-cql-weight1-seed1,cql,187000,4,187000,5a08c98bdc37a91e,-4848.361328125,35214,133999,9.1142,1.8222,7.292,39.6235,0.18403,0.8811,0.9948,1.129
aw-cql-weight1-seed1,cql,187000,5,187000,5a08c98bdc37a91e,-4848.361328125,40938,30344,12.0991,-0.0733,12.1723,39.6235,0.3072,0.9239,1.1377,1.2315
aw-cql-weight1-seed1,cql,187000,6,187000,5a08c98bdc37a91e,-4848.361328125,51996,11915,15.2101,3.2324,11.9777,39.6235,0.30229,0.9453,1.2412,1.313
aw-cql-weight1-seed1,cql,187000,7,187000,5a08c98bdc37a91e,-4848.361328125,64933,19513,14.5069,6.7622,7.7447,39.6235,0.19546,0.913,1.1884,1.3016
aw-cql-weight1-seed1,cql,187000,11,187000,5a08c98bdc37a91e,-4848.361328125,76763,39227,8.3534,2.6579,5.6955,39.6235,0.14374,0.9598,1.0844,1.1297
aw-cql-weight1-seed1,cql,187000,12,187000,5a08c98bdc37a91e,-4848.361328125,33583,82841,7.3957,2.9142,4.4815,39.6235,0.1131,0.943,1.0399,1.1027
aw-cql-weight1-seed1,cql,187000,13,187000,5a08c98bdc37a91e,-4848.361328125,29838,52509,10.5044,0.8463,9.6581,39.6235,0.24375,0.9019,1.0683,1.1846
aw-cql-weight1-seed1,cql,187000,14,187000,5a08c98bdc37a91e,-4848.361328125,36307,14110,17.2483,1.7049,15.5434,39.6235,0.39228,0.9506,1.2981,1.3655
aw-cql-weight1-seed1,cql,188000,0,188000,937d901db5546377,-4876.613769531,237311,68413,30.7659,16.7926,13.9732,39.6218,0.35266,0.8487,1.4098,1.6612
aw-cql-weight1-seed1,cql,188000,2,188000,937d901db5546377,-4876.613769531,168808,33814,17.1927,6.9199,10.2729,39.6218,0.25927,0.8946,1.1164,1.2479
aw-cql-weight1-seed1,cql,188000,4,188000,937d901db5546377,-4876.613769531,35214,133999,9.2957,1.8284,7.4673,39.6218,0.18847,0.8804,0.994,1.1291
aw-cql-weight1-seed1,cql,188000,5,188000,937d901db5546377,-4876.613769531,40938,30344,11.8965,-0.1022,11.9987,39.6218,0.30283,0.9261,1.1426,1.2337
aw-cql-weight1-seed1,cql,188000,6,188000,937d901db5546377,-4876.613769531,51996,11915,14.7115,2.7833,11.9282,39.6218,0.30105,0.9478,1.2562,1.3255
aw-cql-weight1-seed1,cql,188000,7,188000,937d901db5546377,-4876.613769531,64933,19513,14.1354,6.2937,7.8418,39.6218,0.19792,0.9131,1.1854,1.2982
aw-cql-weight1-seed1,cql,188000,11,188000,937d901db5546377,-4876.613769531,76763,39227,8.1674,2.6573,5.5102,39.6218,0.13907,0.9603,1.084,1.1288
aw-cql-weight1-seed1,cql,188000,12,188000,937d901db5546377,-4876.613769531,33583,82841,6.621,2.5387,4.0823,39.6218,0.10303,0.9424,1.0353,1.0986
aw-cql-weight1-seed1,cql,188000,13,188000,937d901db5546377,-4876.613769531,29838,52509,9.7826,0.7456,9.0371,39.6218,0.22808,0.9012,1.0705,1.1878
aw-cql-weight1-seed1,cql,188000,14,188000,937d901db5546377,-4876.613769531,36307,14110,16.4386,0.9826,15.4559,39.6218,0.39009,0.954,1.3144,1.3778
aw-cql-weight1-seed1,cql,189000,0,189000,ea898f682262975c,-4910.89453125,237311,68413,30.9156,16.9446,13.971,39.7686,0.35131,0.8493,1.4104,1.6608
aw-cql-weight1-seed1,cql,189000,2,189000,ea898f682262975c,-4910.89453125,168808,33814,16.8255,6.7072,10.1183,39.7686,0.25443,0.8941,1.1166,1.2488
aw-cql-weight1-seed1,cql,189000,4,189000,ea898f682262975c,-4910.89453125,35214,133999,8.6741,1.7347,6.9394,39.7686,0.17449,0.8804,0.9943,1.1294
aw-cql-weight1-seed1,cql,189000,5,189000,ea898f682262975c,-4910.89453125,40938,30344,12.0474,-0.1113,12.1587,39.7686,0.30574,0.9237,1.1439,1.2383
aw-cql-weight1-seed1,cql,189000,6,189000,ea898f682262975c,-4910.89453125,51996,11915,15.0757,3.3196,11.7562,39.7686,0.29561,0.9457,1.2428,1.3142
aw-cql-weight1-seed1,cql,189000,7,189000,ea898f682262975c,-4910.89453125,64933,19513,14.397,6.8241,7.5729,39.7686,0.19043,0.9132,1.1897,1.3028
aw-cql-weight1-seed1,cql,189000,11,189000,ea898f682262975c,-4910.89453125,76763,39227,8.1326,2.691,5.4416,39.7686,0.13683,0.9611,1.0852,1.1291
aw-cql-weight1-seed1,cql,189000,12,189000,ea898f682262975c,-4910.89453125,33583,82841,7.3773,2.8704,4.5069,39.7686,0.11333,0.9424,1.0375,1.1009
aw-cql-weight1-seed1,cql,189000,13,189000,ea898f682262975c,-4910.89453125,29838,52509,10.5005,0.858,9.6426,39.7686,0.24247,0.8996,1.0723,1.192
aw-cql-weight1-seed1,cql,189000,14,189000,ea898f682262975c,-4910.89453125,36307,14110,16.9335,1.3119,15.6217,39.7686,0.39281,0.9516,1.3072,1.3737
aw-cql-weight1-seed1,cql,190000,0,190000,4c254038841f74ec,-4939.205566406,237311,68413,30.4764,16.2228,14.2537,39.6289,0.35968,0.8489,1.4036,1.6535
aw-cql-weight1-seed1,cql,190000,2,190000,4c254038841f74ec,-4939.205566406,168808,33814,16.7916,6.6022,10.1894,39.6289,0.25712,0.8955,1.113,1.2428
aw-cql-weight1-seed1,cql,190000,4,190000,4c254038841f74ec,-4939.205566406,35214,133999,9.0699,1.6694,7.4005,39.6289,0.18674,0.877,0.9926,1.1318
aw-cql-weight1-seed1,cql,190000,5,190000,4c254038841f74ec,-4939.205566406,40938,30344,12.1069,-0.1507,12.2576,39.6289,0.30931,0.9193,1.137,1.2369
aw-cql-weight1-seed1,cql,190000,6,190000,4c254038841f74ec,-4939.205566406,51996,11915,14.9781,3.3723,11.6058,39.6289,0.29286,0.9444,1.2449,1.3182
aw-cql-weight1-seed1,cql,190000,7,190000,4c254038841f74ec,-4939.205566406,64933,19513,14.0115,6.4209,7.5906,39.6289,0.19154,0.9135,1.1816,1.2935
aw-cql-weight1-seed1,cql,190000,11,190000,4c254038841f74ec,-4939.205566406,76763,39227,7.6985,2.5406,5.158,39.6289,0.13016,0.9602,1.0822,1.127
aw-cql-weight1-seed1,cql,190000,12,190000,4c254038841f74ec,-4939.205566406,33583,82841,7.3466,2.9082,4.4384,39.6289,0.112,0.9409,1.0363,1.1013
aw-cql-weight1-seed1,cql,190000,13,190000,4c254038841f74ec,-4939.205566406,29838,52509,10.5974,0.8364,9.7611,39.6289,0.24631,0.8963,1.0696,1.1934
aw-cql-weight1-seed1,cql,190000,14,190000,4c254038841f74ec,-4939.205566406,36307,14110,16.8307,1.3174,15.5133,39.6289,0.39146,0.9465,1.3003,1.3738
aw-cql-weight1-seed1,cql,191000,0,191000,30eb0664107eff9f,-4965.471679688,237311,68413,30.9652,16.9112,14.054,39.9155,0.35209,0.8489,1.4068,1.6573
aw-cql-weight1-seed1,cql,191000,2,191000,30eb0664107eff9f,-4965.471679688,168808,33814,17.3937,6.7587,10.6351,39.9155,0.26644,0.8951,1.1164,1.2473
aw-cql-weight1-seed1,cql,191000,4,191000,30eb0664107eff9f,-4965.471679688,35214,133999,8.8704,1.7002,7.1702,39.9155,0.17963,0.8793,0.9919,1.1281
aw-cql-weight1-seed1,cql,191000,5,191000,30eb0664107eff9f,-4965.471679688,40938,30344,11.754,-0.1657,11.9197,39.9155,0.29862,0.9204,1.1408,1.2394
aw-cql-weight1-seed1,cql,191000,6,191000,30eb0664107eff9f,-4965.471679688,51996,11915,15.3787,3.3984,11.9803,39.9155,0.30014,0.9461,1.2432,1.314
aw-cql-weight1-seed1,cql,191000,7,191000,30eb0664107eff9f,-4965.471679688,64933,19513,14.4334,6.5745,7.8589,39.9155,0.19689,0.9123,1.1806,1.2941
aw-cql-weight1-seed1,cql,191000,11,191000,30eb0664107eff9f,-4965.471679688,76763,39227,8.111,2.6611,5.4499,39.9155,0.13654,0.9592,1.0814,1.1274
aw-cql-weight1-seed1,cql,191000,12,191000,30eb0664107eff9f,-4965.471679688,33583,82841,7.9374,3.1454,4.792,39.9155,0.12005,0.9427,1.0364,1.0994
aw-cql-weight1-seed1,cql,191000,13,191000,30eb0664107eff9f,-4965.471679688,29838,52509,9.8989,0.8005,9.0984,39.9155,0.22794,0.8982,1.0668,1.1877
aw-cql-weight1-seed1,cql,191000,14,191000,30eb0664107eff9f,-4965.471679688,36307,14110,15.7978,0.9743,14.8235,39.9155,0.37137,0.9481,1.2982,1.3693
aw-cql-weight1-seed1,cql,192000,0,192000,ad8672aaffbc0c69,-4998.120605469,237311,68413,30.6959,16.2861,14.4098,39.817,0.3619,0.8491,1.4051,1.6549
aw-cql-weight1-seed1,cql,192000,2,192000,ad8672aaffbc0c69,-4998.120605469,168808,33814,17.181,6.7275,10.4535,39.817,0.26254,0.8959,1.1169,1.2466
aw-cql-weight1-seed1,cql,192000,4,192000,ad8672aaffbc0c69,-4998.120605469,35214,133999,9.044,1.8127,7.2314,39.817,0.18161,0.8799,0.9944,1.1301
aw-cql-weight1-seed1,cql,192000,5,192000,ad8672aaffbc0c69,-4998.120605469,40938,30344,12.088,-0.1168,12.2048,39.817,0.30652,0.9243,1.142,1.2355
aw-cql-weight1-seed1,cql,192000,6,192000,ad8672aaffbc0c69,-4998.120605469,51996,11915,15.2381,3.2518,11.9862,39.817,0.30103,0.9484,1.2461,1.3138
aw-cql-weight1-seed1,cql,192000,7,192000,ad8672aaffbc0c69,-4998.120605469,64933,19513,14.4302,6.4461,7.9841,39.817,0.20052,0.9117,1.1836,1.2981
aw-cql-weight1-seed1,cql,192000,11,192000,ad8672aaffbc0c69,-4998.120605469,76763,39227,8.2249,2.7288,5.4961,39.817,0.13803,0.9597,1.0815,1.127
aw-cql-weight1-seed1,cql,192000,12,192000,ad8672aaffbc0c69,-4998.120605469,33583,82841,7.6926,2.9138,4.7788,39.817,0.12002,0.9412,1.0355,1.1002
aw-cql-weight1-seed1,cql,192000,13,192000,ad8672aaffbc0c69,-4998.120605469,29838,52509,10.6713,0.9264,9.745,39.817,0.24474,0.8979,1.0691,1.1907
aw-cql-weight1-seed1,cql,192000,14,192000,ad8672aaffbc0c69,-4998.120605469,36307,14110,16.8011,1.2822,15.5189,39.817,0.38976,0.9503,1.3059,1.3743
aw-cql-weight1-seed1,cql,193000,0,193000,e79d209783649ec8,-5038.041992188,237311,68413,30.6655,16.9289,13.7366,40.1554,0.34208,0.8493,1.4244,1.6771
aw-cql-weight1-seed1,cql,193000,2,193000,e79d209783649ec8,-5038.041992188,168808,33814,16.7721,6.5104,10.2617,40.1554,0.25555,0.8963,1.1202,1.2498
aw-cql-weight1-seed1,cql,193000,4,193000,e79d209783649ec8,-5038.041992188,35214,133999,8.9386,1.7346,7.204,40.1554,0.1794,0.8762,0.9929,1.1332
aw-cql-weight1-seed1,cql,193000,5,193000,e79d209783649ec8,-5038.041992188,40938,30344,12.1627,-0.2937,12.4564,40.1554,0.3102,0.922,1.1379,1.2342
aw-cql-weight1-seed1,cql,193000,6,193000,e79d209783649ec8,-5038.041992188,51996,11915,15.2144,3.3024,11.912,40.1554,0.29665,0.9462,1.2451,1.3158
aw-cql-weight1-seed1,cql,193000,7,193000,e79d209783649ec8,-5038.041992188,64933,19513,14.4558,6.3703,8.0855,40.1554,0.20136,0.9137,1.1868,1.2988
aw-cql-weight1-seed1,cql,193000,11,193000,e79d209783649ec8,-5038.041992188,76763,39227,8.0932,2.7265,5.3668,40.1554,0.13365,0.9605,1.0824,1.1269
aw-cql-weight1-seed1,cql,193000,12,193000,e79d209783649ec8,-5038.041992188,33583,82841,6.5397,2.5458,3.9939,40.1554,0.09946,0.9413,1.0338,1.0982
aw-cql-weight1-seed1,cql,193000,13,193000,e79d209783649ec8,-5038.041992188,29838,52509,9.9038,0.6132,9.2905,40.1554,0.23136,0.8967,1.0657,1.1886
aw-cql-weight1-seed1,cql,193000,14,193000,e79d209783649ec8,-5038.041992188,36307,14110,16.3344,0.9922,15.3422,40.1554,0.38207,0.9486,1.2992,1.3696
aw-cql-weight1-seed1,cql,194000,0,194000,6ab0a98bce909f88,-5068.537109375,237311,68413,30.728,16.4576,14.2703,39.6244,0.36014,0.8482,1.4085,1.6606
aw-cql-weight1-seed1,cql,194000,2,194000,6ab0a98bce909f88,-5068.537109375,168808,33814,16.893,6.6746,10.2184,39.6244,0.25788,0.8968,1.1167,1.2452
aw-cql-weight1-seed1,cql,194000,4,194000,6ab0a98bce909f88,-5068.537109375,35214,133999,8.7181,1.7588,6.9593,39.6244,0.17563,0.8831,0.9946,1.1262
aw-cql-weight1-seed1,cql,194000,5,194000,6ab0a98bce909f88,-5068.537109375,40938,30344,12.037,-0.0522,12.0892,39.6244,0.3051,0.9281,1.1371,1.2252
aw-cql-weight1-seed1,cql,194000,6,194000,6ab0a98bce909f88,-5068.537109375,51996,11915,15.0819,3.254,11.8279,39.6244,0.2985,0.9484,1.2402,1.3077
aw-cql-weight1-seed1,cql,194000,7,194000,6ab0a98bce909f88,-5068.537109375,64933,19513,14.242,6.4575,7.7845,39.6244,0.19646,0.9135,1.183,1.2951
aw-cql-weight1-seed1,cql,194000,11,194000,6ab0a98bce909f88,-5068.537109375,76763,39227,8.12,2.6642,5.4559,39.6244,0.13769,0.9612,1.0829,1.1266
aw-cql-weight1-seed1,cql,194000,12,194000,6ab0a98bce909f88,-5068.537109375,33583,82841,7.03,2.7197,4.3104,39.6244,0.10878,0.9425,1.0363,1.0995
aw-cql-weight1-seed1,cql,194000,13,194000,6ab0a98bce909f88,-5068.537109375,29838,52509,10.0616,0.7953,9.2663,39.6244,0.23385,0.904,1.0671,1.1804
aw-cql-weight1-seed1,cql,194000,14,194000,6ab0a98bce909f88,-5068.537109375,36307,14110,16.1547,1.1121,15.0426,39.6244,0.37963,0.9517,1.2908,1.3563
aw-cql-weight1-seed1,cql,195000,0,195000,fdcf27ccc63e4e34,-5113.860351562,237311,68413,30.5545,16.4316,14.1228,39.8421,0.35447,0.8489,1.4104,1.6614
aw-cql-weight1-seed1,cql,195000,2,195000,fdcf27ccc63e4e34,-5113.860351562,168808,33814,16.9567,6.7694,10.1873,39.8421,0.25569,0.896,1.1189,1.2488
aw-cql-weight1-seed1,cql,195000,4,195000,fdcf27ccc63e4e34,-5113.860351562,35214,133999,8.4313,1.768,6.6632,39.8421,0.16724,0.8793,0.9909,1.1269
aw-cql-weight1-seed1,cql,195000,5,195000,fdcf27ccc63e4e34,-5113.860351562,40938,30344,11.4661,-0.1111,11.5772,39.8421,0.29058,0.9222,1.1356,1.2314
aw-cql-weight1-seed1,cql,195000,6,195000,fdcf27ccc63e4e34,-5113.860351562,51996,11915,14.8657,3.2739,11.5917,39.8421,0.29094,0.9454,1.2376,1.3091
aw-cql-weight1-seed1,cql,195000,7,195000,fdcf27ccc63e4e34,-5113.860351562,64933,19513,14.5234,6.638,7.8854,39.8421,0.19792,0.9131,1.1823,1.2949
aw-cql-weight1-seed1,cql,195000,11,195000,fdcf27ccc63e4e34,-5113.860351562,76763,39227,7.9492,2.6301,5.3191,39.8421,0.1335,0.9599,1.0835,1.1288
aw-cql-weight1-seed1,cql,195000,12,195000,fdcf27ccc63e4e34,-5113.860351562,33583,82841,6.577,2.6321,3.9449,39.8421,0.09901,0.9406,1.0345,1.0998
aw-cql-weight1-seed1,cql,195000,13,195000,fdcf27ccc63e4e34,-5113.860351562,29838,52509,9.6952,0.7278,8.9675,39.8421,0.22508,0.8971,1.0665,1.1888
aw-cql-weight1-seed1,cql,195000,14,195000,fdcf27ccc63e4e34,-5113.860351562,36307,14110,16.3892,1.0389,15.3502,39.8421,0.38528,0.9488,1.3,1.3701
aw-cql-weight1-seed1,cql,196000,0,196000,e1e4360e19a89c1f,-5150.325195312,237311,68413,30.7498,16.2046,14.5453,40.1023,0.3627,0.8496,1.4033,1.6517
aw-cql-weight1-seed1,cql,196000,2,196000,e1e4360e19a89c1f,-5150.325195312,168808,33814,16.601,6.5099,10.0911,40.1023,0.25163,0.8958,1.117,1.2469
aw-cql-weight1-seed1,cql,196000,4,196000,e1e4360e19a89c1f,-5150.325195312,35214,133999,8.7773,1.6792,7.0981,40.1023,0.177,0.8797,0.9923,1.1279
aw-cql-weight1-seed1,cql,196000,5,196000,e1e4360e19a89c1f,-5150.325195312,40938,30344,11.2647,-0.2176,11.4823,40.1023,0.28633,0.9206,1.135,1.2329
aw-cql-weight1-seed1,cql,196000,6,196000,e1e4360e19a89c1f,-5150.325195312,51996,11915,14.9296,2.8987,12.0308,40.1023,0.3,0.9471,1.2399,1.3092
aw-cql-weight1-seed1,cql,196000,7,196000,e1e4360e19a89c1f,-5150.325195312,64933,19513,13.8357,6.1188,7.7169,40.1023,0.19243,0.9148,1.1791,1.2889
aw-cql-weight1-seed1,cql,196000,11,196000,e1e4360e19a89c1f,-5150.325195312,76763,39227,7.2071,2.289,4.9182,40.1023,0.12264,0.9589,1.0791,1.1254
aw-cql-weight1-seed1,cql,196000,12,196000,e1e4360e19a89c1f,-5150.325195312,33583,82841,5.8812,2.2149,3.6662,40.1023,0.09142,0.9404,1.0304,1.0958
aw-cql-weight1-seed1,cql,196000,13,196000,e1e4360e19a89c1f,-5150.325195312,29838,52509,9.158,0.6145,8.5435,40.1023,0.21304,0.8965,1.0641,1.1869
aw-cql-weight1-seed1,cql,196000,14,196000,e1e4360e19a89c1f,-5150.325195312,36307,14110,15.93,0.6846,15.2454,40.1023,0.38016,0.9469,1.2914,1.3638
aw-cql-weight1-seed1,cql,197000,0,197000,da296f20de95dd76,-5172.422363281,237311,68413,30.2217,16.26,13.9616,39.3226,0.35505,0.8484,1.409,1.6607
aw-cql-weight1-seed1,cql,197000,2,197000,da296f20de95dd76,-5172.422363281,168808,33814,16.6186,6.7619,9.8567,39.3226,0.25066,0.8951,1.1185,1.2496
aw-cql-weight1-seed1,cql,197000,4,197000,da296f20de95dd76,-5172.422363281,35214,133999,8.0571,1.6602,6.3969,39.3226,0.16268,0.8828,0.9915,1.1231
aw-cql-weight1-seed1,cql,197000,5,197000,da296f20de95dd76,-5172.422363281,40938,30344,11.214,-0.1902,11.4042,39.3226,0.29002,0.9248,1.1366,1.229
aw-cql-weight1-seed1,cql,197000,6,197000,da296f20de95dd76,-5172.422363281,51996,11915,14.5701,3.1114,11.4587,39.3226,0.2914,0.9467,1.2459,1.3161
aw-cql-weight1-seed1,cql,197000,7,197000,da296f20de95dd76,-5172.422363281,64933,19513,14.0909,6.5048,7.5861,39.3226,0.19292,0.9132,1.1856,1.2982
aw-cql-weight1-seed1,cql,197000,11,197000,da296f20de95dd76,-5172.422363281,76763,39227,7.6539,2.4182,5.2357,39.3226,0.13315,0.96,1.0812,1.1263
aw-cql-weight1-seed1,cql,197000,12,197000,da296f20de95dd76,-5172.422363281,33583,82841,7.3111,2.8566,4.4545,39.3226,0.11328,0.9408,1.0355,1.1007
aw-cql-weight1-seed1,cql,197000,13,197000,da296f20de95dd76,-5172.422363281,29838,52509,9.8868,0.7943,9.0924,39.3226,0.23123,0.8993,1.0665,1.1859
aw-cql-weight1-seed1,cql,197000,14,197000,da296f20de95dd76,-5172.422363281,36307,14110,16.2987,1.0292,15.2696,39.3226,0.38832,0.9501,1.2919,1.3598
aw-cql-weight1-seed1,cql,198000,0,198000,e908d37ea5eb7692,-5212.76953125,237311,68413,30.6945,15.9963,14.6982,40.0284,0.36719,0.8494,1.4025,1.651
aw-cql-weight1-seed1,cql,198000,2,198000,e908d37ea5eb7692,-5212.76953125,168808,33814,17.0456,6.676,10.3696,40.0284,0.25906,0.895,1.116,1.2469
aw-cql-weight1-seed1,cql,198000,4,198000,e908d37ea5eb7692,-5212.76953125,35214,133999,8.3235,1.6398,6.6837,40.0284,0.16697,0.8785,0.9917,1.1288
aw-cql-weight1-seed1,cql,198000,5,198000,e908d37ea5eb7692,-5212.76953125,40938,30344,11.7097,-0.1522,11.8619,40.0284,0.29634,0.9231,1.1384,1.2333
aw-cql-weight1-seed1,cql,198000,6,198000,e908d37ea5eb7692,-5212.76953125,51996,11915,14.7226,3.0931,11.6294,40.0284,0.29053,0.9475,1.243,1.3118
aw-cql-weight1-seed1,cql,198000,7,198000,e908d37ea5eb7692,-5212.76953125,64933,19513,14.186,6.4115,7.7745,40.0284,0.19422,0.9138,1.1798,1.2912
aw-cql-weight1-seed1,cql,198000,11,198000,e908d37ea5eb7692,-5212.76953125,76763,39227,8.0746,2.5429,5.5317,40.0284,0.13819,0.9598,1.0814,1.1267
aw-cql-weight1-seed1,cql,198000,12,198000,e908d37ea5eb7692,-5212.76953125,33583,82841,7.2744,2.7436,4.5308,40.0284,0.11319,0.9421,1.0355,1.0991
aw-cql-weight1-seed1,cql,198000,13,198000,e908d37ea5eb7692,-5212.76953125,29838,52509,9.7403,0.6765,9.0638,40.0284,0.22644,0.8979,1.0668,1.1882
aw-cql-weight1-seed1,cql,198000,14,198000,e908d37ea5eb7692,-5212.76953125,36307,14110,16.4662,1.2407,15.2255,40.0284,0.38037,0.9492,1.2983,1.3678
aw-cql-weight1-seed1,cql,199000,0,199000,48464199d99d6547,-5234.646484375,237311,68413,30.7399,16.0834,14.6565,40.4185,0.36262,0.8494,1.4075,1.6571
aw-cql-weight1-seed1,cql,199000,2,199000,48464199d99d6547,-5234.646484375,168808,33814,16.6537,6.2419,10.4117,40.4185,0.2576,0.8934,1.1122,1.2448
aw-cql-weight1-seed1,cql,199000,4,199000,48464199d99d6547,-5234.646484375,35214,133999,8.311,1.5357,6.7753,40.4185,0.16763,0.8807,0.9903,1.1245
aw-cql-weight1-seed1,cql,199000,5,199000,48464199d99d6547,-5234.646484375,40938,30344,11.8831,-0.2811,12.1641,40.4185,0.30095,0.9242,1.1429,1.2367
aw-cql-weight1-seed1,cql,199000,6,199000,48464199d99d6547,-5234.646484375,51996,11915,15.0447,3.0399,12.0048,40.4185,0.29701,0.9478,1.2504,1.3193
aw-cql-weight1-seed1,cql,199000,7,199000,48464199d99d6547,-5234.646484375,64933,19513,14.476,6.3439,8.1322,40.4185,0.2012,0.9151,1.1816,1.2912
aw-cql-weight1-seed1,cql,199000,11,199000,48464199d99d6547,-5234.646484375,76763,39227,7.3317,2.2487,5.083,40.4185,0.12576,0.96,1.0842,1.1294
aw-cql-weight1-seed1,cql,199000,12,199000,48464199d99d6547,-5234.646484375,33583,82841,5.9933,2.1532,3.8401,40.4185,0.09501,0.9414,1.0329,1.0972
aw-cql-weight1-seed1,cql,199000,13,199000,48464199d99d6547,-5234.646484375,29838,52509,9.4185,0.4396,8.9789,40.4185,0.22215,0.8973,1.0665,1.1886
aw-cql-weight1-seed1,cql,199000,14,199000,48464199d99d6547,-5234.646484375,36307,14110,16.3561,0.8253,15.5308,40.4185,0.38425,0.9494,1.3058,1.3754
aw-cql-weight1-seed1,cql,200000,0,200000,7331c57db98bf703,-5268.241210938,237311,68413,30.8013,16.2433,14.558,40.0277,0.3637,0.8495,1.4103,1.6603
aw-cql-weight1-seed1,cql,200000,2,200000,7331c57db98bf703,-5268.241210938,168808,33814,16.0234,6.0872,9.9363,40.0277,0.24823,0.8958,1.1176,1.2477
aw-cql-weight1-seed1,cql,200000,4,200000,7331c57db98bf703,-5268.241210938,35214,133999,8.2614,1.5463,6.7152,40.0277,0.16776,0.8795,0.9911,1.1269
aw-cql-weight1-seed1,cql,200000,5,200000,7331c57db98bf703,-5268.241210938,40938,30344,11.1684,-0.3175,11.4859,40.0277,0.28695,0.9212,1.1366,1.2339
aw-cql-weight1-seed1,cql,200000,6,200000,7331c57db98bf703,-5268.241210938,51996,11915,14.6416,3.1098,11.5319,40.0277,0.2881,0.9491,1.2471,1.314
aw-cql-weight1-seed1,cql,200000,7,200000,7331c57db98bf703,-5268.241210938,64933,19513,13.9978,6.3828,7.615,40.0277,0.19024,0.9172,1.182,1.2887
aw-cql-weight1-seed1,cql,200000,11,200000,7331c57db98bf703,-5268.241210938,76763,39227,7.8085,2.5424,5.2662,40.0277,0.13156,0.9603,1.0821,1.1269
aw-cql-weight1-seed1,cql,200000,12,200000,7331c57db98bf703,-5268.241210938,33583,82841,6.5847,2.6038,3.9809,40.0277,0.09945,0.9402,1.0339,1.0998
aw-cql-weight1-seed1,cql,200000,13,200000,7331c57db98bf703,-5268.241210938,29838,52509,9.1466,0.5388,8.6078,40.0277,0.21505,0.8964,1.0659,1.1891
aw-cql-weight1-seed1,cql,200000,14,200000,7331c57db98bf703,-5268.241210938,36307,14110,15.9673,0.7114,15.2559,40.0277,0.38113,0.948,1.2962,1.3674
aw-cql-weight1-seed1,cql,201000,0,201000,a3319e522776ef90,-5305.205566406,237311,68413,30.5462,16.0686,14.4776,39.9739,0.36218,0.849,1.4068,1.657
aw-cql-weight1-seed1,cql,201000,2,201000,a3319e522776ef90,-5305.205566406,168808,33814,16.6485,6.4607,10.1877,39.9739,0.25486,0.8956,1.1178,1.2481
aw-cql-weight1-seed1,cql,201000,4,201000,a3319e522776ef90,-5305.205566406,35214,133999,8.6969,1.5924,7.1045,39.9739,0.17773,0.8859,0.9928,1.1206
aw-cql-weight1-seed1,cql,201000,5,201000,a3319e522776ef90,-5305.205566406,40938,30344,11.6854,-0.282,11.9674,39.9739,0.29938,0.9278,1.141,1.2298
aw-cql-weight1-seed1,cql,201000,6,201000,a3319e522776ef90,-5305.205566406,51996,11915,14.5699,2.7906,11.7793,39.9739,0.29467,0.9481,1.2494,1.3179
aw-cql-weight1-seed1,cql,201000,7,201000,a3319e522776ef90,-5305.205566406,64933,19513,14.0302,6.2761,7.7541,39.9739,0.19398,0.9129,1.1852,1.2983
aw-cql-weight1-seed1,cql,201000,11,201000,a3319e522776ef90,-5305.205566406,76763,39227,7.448,2.424,5.0239,39.9739,0.12568,0.9599,1.0817,1.127
aw-cql-weight1-seed1,cql,201000,12,201000,a3319e522776ef90,-5305.205566406,33583,82841,6.5616,2.5394,4.0222,39.9739,0.10062,0.9427,1.0353,1.0982
aw-cql-weight1-seed1,cql,201000,13,201000,a3319e522776ef90,-5305.205566406,29838,52509,9.7572,0.7187,9.0384,39.9739,0.22611,0.9035,1.0684,1.1825
aw-cql-weight1-seed1,cql,201000,14,201000,a3319e522776ef90,-5305.205566406,36307,14110,15.9146,0.9206,14.994,39.9739,0.37509,0.9529,1.2997,1.364
aw-cql-weight1-seed1,cql,202000,0,202000,c9661e0ff3f14e56,-5329.610351562,237311,68413,30.653,16.6351,14.0179,39.8316,0.35193,0.8497,1.4072,1.6561
aw-cql-weight1-seed1,cql,202000,2,202000,c9661e0ff3f14e56,-5329.610351562,168808,33814,16.9103,6.6505,10.2598,39.8316,0.25758,0.8957,1.117,1.2471
aw-cql-weight1-seed1,cql,202000,4,202000,c9661e0ff3f14e56,-5329.610351562,35214,133999,8.6605,1.6164,7.0441,39.8316,0.17685,0.881,0.9917,1.1256
aw-cql-weight1-seed1,cql,202000,5,202000,c9661e0ff3f14e56,-5329.610351562,40938,30344,11.6797,-0.3049,11.9845,39.8316,0.30088,0.9209,1.1364,1.234
aw-cql-weight1-seed1,cql,202000,6,202000,c9661e0ff3f14e56,-5329.610351562,51996,11915,14.7679,2.9833,11.7846,39.8316,0.29586,0.9471,1.2435,1.3129
aw-cql-weight1-seed1,cql,202000,7,202000,c9661e0ff3f14e56,-5329.610351562,64933,19513,14.419,6.3205,8.0985,39.8316,0.20332,0.9135,1.1823,1.2943
aw-cql-weight1-seed1,cql,202000,11,202000,c9661e0ff3f14e56,-5329.610351562,76763,39227,7.723,2.5446,5.1784,39.8316,0.13001,0.9592,1.0794,1.1253
aw-cql-weight1-seed1,cql,202000,12,202000,c9661e0ff3f14e56,-5329.610351562,33583,82841,6.6591,2.472,4.1871,39.8316,0.10512,0.9426,1.0343,1.0973
aw-cql-weight1-seed1,cql,202000,13,202000,c9661e0ff3f14e56,-5329.610351562,29838,52509,9.5566,0.5739,8.9827,39.8316,0.22552,0.8977,1.0643,1.1856
aw-cql-weight1-seed1,cql,202000,14,202000,c9661e0ff3f14e56,-5329.610351562,36307,14110,16.2863,0.8496,15.4367,39.8316,0.38755,0.9479,1.2952,1.3665
aw-cql-weight1-seed1,cql,203000,0,203000,660b6ae42966a2aa,-5372.520507812,237311,68413,31.0109,16.721,14.2899,40.2497,0.35503,0.8485,1.4046,1.6555
aw-cql-weight1-seed1,cql,203000,2,203000,660b6ae42966a2aa,-5372.520507812,168808,33814,16.568,6.1668,10.4012,40.2497,0.25842,0.8955,1.1187,1.2492
aw-cql-weight1-seed1,cql,203000,4,203000,660b6ae42966a2aa,-5372.520507812,35214,133999,8.7936,1.7189,7.0747,40.2497,0.17577,0.8779,0.9912,1.129
aw-cql-weight1-seed1,cql,203000,5,203000,660b6ae42966a2aa,-5372.520507812,40938,30344,11.5937,-0.094,11.6877,40.2497,0.29038,0.9209,1.1337,1.231
aw-cql-weight1-seed1,cql,203000,6,203000,660b6ae42966a2aa,-5372.520507812,51996,11915,14.5484,2.633,11.9154,40.2497,0.29604,0.9454,1.2421,1.3138
aw-cql-weight1-seed1,cql,203000,7,203000,660b6ae42966a2aa,-5372.520507812,64933,19513,13.8104,6.0188,7.7916,40.2497,0.19358,0.9135,1.1833,1.2953
aw-cql-weight1-seed1,cql,203000,11,203000,660b6ae42966a2aa,-5372.520507812,76763,39227,7.6907,2.3686,5.3221,40.2497,0.13223,0.9607,1.0828,1.1271
aw-cql-weight1-seed1,cql,203000,12,203000,660b6ae42966a2aa,-5372.520507812,33583,82841,6.753,2.5019,4.2511,40.2497,0.10562,0.9424,1.0356,1.099
aw-cql-weight1-seed1,cql,203000,13,203000,660b6ae42966a2aa,-5372.520507812,29838,52509,9.9748,0.8264,9.1483,40.2497,0.22729,0.8984,1.0671,1.1877
aw-cql-weight1-seed1,cql,203000,14,203000,660b6ae42966a2aa,-5372.520507812,36307,14110,16.6384,1.4607,15.1778,40.2497,0.37709,0.9477,1.294,1.3655
aw-cql-weight1-seed1,cql,204000,0,204000,f86a6b0122a59588,-5399.09375,237311,68413,29.9416,16.0108,13.9308,39.0915,0.35636,0.8484,1.4141,1.6667
aw-cql-weight1-seed1,cql,204000,2,204000,f86a6b0122a59588,-5399.09375,168808,33814,16.5597,6.4407,10.119,39.0915,0.25885,0.8949,1.1182,1.2496
aw-cql-weight1-seed1,cql,204000,4,204000,f86a6b0122a59588,-5399.09375,35214,133999,8.7742,1.7828,6.9913,39.0915,0.17884,0.884,0.993,1.1233
aw-cql-weight1-seed1,cql,204000,5,204000,f86a6b0122a59588,-5399.09375,40938,30344,11.4782,-0.0912,11.5694,39.0915,0.29596,0.9248,1.137,1.2294
aw-cql-weight1-seed1,cql,204000,6,204000,f86a6b0122a59588,-5399.09375,51996,11915,14.6699,3.2111,11.4588,39.0915,0.29313,0.9464,1.2403,1.3105
aw-cql-weight1-seed1,cql,204000,7,204000,f86a6b0122a59588,-5399.09375,64933,19513,14.1501,6.3126,7.8375,39.0915,0.20049,0.9135,1.1774,1.2889
aw-cql-weight1-seed1,cql,204000,11,204000,f86a6b0122a59588,-5399.09375,76763,39227,7.2918,2.2846,5.0072,39.0915,0.12809,0.9589,1.0796,1.1258
aw-cql-weight1-seed1,cql,204000,12,204000,f86a6b0122a59588,-5399.09375,33583,82841,6.0709,2.3108,3.7601,39.0915,0.09619,0.9409,1.0322,1.097
aw-cql-weight1-seed1,cql,204000,13,204000,f86a6b0122a59588,-5399.09375,29838,52509,9.1704,0.6502,8.5202,39.0915,0.21796,0.9032,1.069,1.1835
aw-cql-weight1-seed1,cql,204000,14,204000,f86a6b0122a59588,-5399.09375,36307,14110,15.8377,0.8142,15.0235,39.0915,0.38432,0.9549,1.3006,1.362
aw-cql-weight1-seed1,cql,205000,0,205000,0f209b3efa7e7c73,-5428.228515625,237311,68413,30.6906,15.9417,14.7489,40.0655,0.36812,0.8486,1.4121,1.664
aw-cql-weight1-seed1,cql,205000,2,205000,0f209b3efa7e7c73,-5428.228515625,168808,33814,16.6687,6.1946,10.4741,40.0655,0.26142,0.8952,1.1151,1.2457
aw-cql-weight1-seed1,cql,205000,4,205000,0f209b3efa7e7c73,-5428.228515625,35214,133999,8.4209,1.7604,6.6605,40.0655,0.16624,0.8824,0.9913,1.1235
aw-cql-weight1-seed1,cql,205000,5,205000,0f209b3efa7e7c73,-5428.228515625,40938,30344,11.4038,-0.0583,11.4621,40.0655,0.28608,0.9219,1.1383,1.2348
aw-cql-weight1-seed1,cql,205000,6,205000,0f209b3efa7e7c73,-5428.228515625,51996,11915,14.7787,3.1542,11.6245,40.0655,0.29014,0.9455,1.2394,1.3108
aw-cql-weight1-seed1,cql,205000,7,205000,0f209b3efa7e7c73,-5428.228515625,64933,19513,14.2361,6.4268,7.8093,40.0655,0.19491,0.9135,1.1817,1.2936
aw-cql-weight1-seed1,cql,205000,11,205000,0f209b3efa7e7c73,-5428.228515625,76763,39227,8.0295,2.6452,5.3842,40.0655,0.13439,0.9604,1.0807,1.1252
aw-cql-weight1-seed1,cql,205000,12,205000,0f209b3efa7e7c73,-5428.228515625,33583,82841,6.6054,2.6869,3.9185,40.0655,0.0978,0.941,1.0336,1.0984
aw-cql-weight1-seed1,cql,205000,13,205000,0f209b3efa7e7c73,-5428.228515625,29838,52509,9.7622,0.8416,8.9206,40.0655,0.22265,0.9005,1.0679,1.186
aw-cql-weight1-seed1,cql,205000,14,205000,0f209b3efa7e7c73,-5428.228515625,36307,14110,16.2368,1.164,15.0728,40.0655,0.3762,0.9486,1.2995,1.37
aw-cql-weight1-seed1,cql,206000,0,206000,bc320aa323683824,-5465.372558594,237311,68413,30.5878,16.2564,14.3314,40.3505,0.35517,0.8496,1.4116,1.6616
aw-cql-weight1-seed1,cql,206000,2,206000,bc320aa323683824,-5465.372558594,168808,33814,16.5879,6.386,10.202,40.3505,0.25283,0.8951,1.1185,1.2496
aw-cql-weight1-seed1,cql,206000,4,206000,bc320aa323683824,-5465.372558594,35214,133999,8.4886,1.5172,6.9714,40.3505,0.17277,0.8821,0.9916,1.1241
aw-cql-weight1-seed1,cql,206000,5,206000,bc320aa323683824,-5465.372558594,40938,30344,11.3897,-0.3172,11.7069,40.3505,0.29013,0.924,1.1366,1.23
aw-cql-weight1-seed1,cql,206000,6,206000,bc320aa323683824,-5465.372558594,51996,11915,14.4924,3.1318,11.3606,40.3505,0.28155,0.9484,1.2477,1.3156
aw-cql-weight1-seed1,cql,206000,7,206000,bc320aa323683824,-5465.372558594,64933,19513,14.2075,6.3553,7.8522,40.3505,0.1946,0.9134,1.1811,1.2931
aw-cql-weight1-seed1,cql,206000,11,206000,bc320aa323683824,-5465.372558594,76763,39227,7.5423,2.3831,5.1592,40.3505,0.12786,0.96,1.0832,1.1284
aw-cql-weight1-seed1,cql,206000,12,206000,bc320aa323683824,-5465.372558594,33583,82841,6.5831,2.5198,4.0632,40.3505,0.1007,0.941,1.0334,1.0982
aw-cql-weight1-seed1,cql,206000,13,206000,bc320aa323683824,-5465.372558594,29838,52509,9.4492,0.531,8.9182,40.3505,0.22102,0.9021,1.0654,1.181
aw-cql-weight1-seed1,cql,206000,14,206000,bc320aa323683824,-5465.372558594,36307,14110,16.0205,0.9019,15.1187,40.3505,0.37468,0.9492,1.295,1.3642
aw-cql-weight1-seed1,cql,207000,0,207000,4de045e61cbb683c,-5488.479003906,237311,68413,30.1896,15.7861,14.4035,39.1686,0.36773,0.8494,1.4089,1.6586
aw-cql-weight1-seed1,cql,207000,2,207000,4de045e61cbb683c,-5488.479003906,168808,33814,16.3969,6.2808,10.1161,39.1686,0.25827,0.8948,1.1165,1.2478
aw-cql-weight1-seed1,cql,207000,4,207000,4de045e61cbb683c,-5488.479003906,35214,133999,8.2189,1.6455,6.5735,39.1686,0.16783,0.8823,0.9934,1.1259
aw-cql-weight1-seed1,cql,207000,5,207000,4de045e61cbb683c,-5488.479003906,40938,30344,11.1784,-0.235,11.4133,39.1686,0.29139,0.9223,1.1415,1.2377
aw-cql-weight1-seed1,cql,207000,6,207000,4de045e61cbb683c,-5488.479003906,51996,11915,14.8087,3.3248,11.4839,39.1686,0.29319,0.9467,1.2471,1.3174
aw-cql-weight1-seed1,cql,207000,7,207000,4de045e61cbb683c,-5488.479003906,64933,19513,14.1039,6.5567,7.5472,39.1686,0.19269,0.9125,1.186,1.2997
aw-cql-weight1-seed1,cql,207000,11,207000,4de045e61cbb683c,-5488.479003906,76763,39227,7.0523,2.1992,4.8531,39.1686,0.1239,0.9594,1.0804,1.126
aw-cql-weight1-seed1,cql,207000,12,207000,4de045e61cbb683c,-5488.479003906,33583,82841,6.6218,2.6775,3.9443,39.1686,0.1007,0.9394,1.0318,1.0983
aw-cql-weight1-seed1,cql,207000,13,207000,4de045e61cbb683c,-5488.479003906,29838,52509,9.5219,0.6944,8.8275,39.1686,0.22537,0.898,1.0679,1.1891
aw-cql-weight1-seed1,cql,207000,14,207000,4de045e61cbb683c,-5488.479003906,36307,14110,16.3132,1.1942,15.1191,39.1686,0.386,0.9487,1.3015,1.3719
aw-cql-weight1-seed1,cql,208000,0,208000,5beeae989db1aaee,-5522.284667969,237311,68413,30.3528,16.0745,14.2783,39.3654,0.36271,0.8482,1.4017,1.6525
aw-cql-weight1-seed1,cql,208000,2,208000,5beeae989db1aaee,-5522.284667969,168808,33814,16.5677,6.3915,10.1762,39.3654,0.25851,0.8947,1.1143,1.2454
aw-cql-weight1-seed1,cql,208000,4,208000,5beeae989db1aaee,-5522.284667969,35214,133999,8.2158,1.5139,6.7019,39.3654,0.17025,0.8797,0.9909,1.1264
aw-cql-weight1-seed1,cql,208000,5,208000,5beeae989db1aaee,-5522.284667969,40938,30344,11.308,-0.3432,11.6512,39.3654,0.29598,0.9212,1.1354,1.2325
aw-cql-weight1-seed1,cql,208000,6,208000,5beeae989db1aaee,-5522.284667969,51996,11915,14.9901,3.1747,11.8154,39.3654,0.30015,0.9455,1.2405,1.3121
aw-cql-weight1-seed1,cql,208000,7,208000,5beeae989db1aaee,-5522.284667969,64933,19513,14.5521,6.8332,7.719,39.3654,0.19609,0.9129,1.1832,1.2961
aw-cql-weight1-seed1,cql,208000,11,208000,5beeae989db1aaee,-5522.284667969,76763,39227,7.2133,2.358,4.8553,39.3654,0.12334,0.9591,1.0794,1.1254
aw-cql-weight1-seed1,cql,208000,12,208000,5beeae989db1aaee,-5522.284667969,33583,82841,6.5334,2.5861,3.9473,39.3654,0.10027,0.9404,1.0316,1.097
aw-cql-weight1-seed1,cql,208000,13,208000,5beeae989db1aaee,-5522.284667969,29838,52509,9.5449,0.6236,8.9213,39.3654,0.22663,0.8972,1.0658,1.188
aw-cql-weight1-seed1,cql,208000,14,208000,5beeae989db1aaee,-5522.284667969,36307,14110,16.322,1.0041,15.3179,39.3654,0.38912,0.9464,1.2959,1.3694
aw-cql-weight1-seed1,cql,209000,0,209000,c8e418ff15bcb9da,-5548.470703125,237311,68413,30.4543,15.9631,14.4912,39.6955,0.36506,0.8472,1.3903,1.6412
aw-cql-weight1-seed1,cql,209000,2,209000,c8e418ff15bcb9da,-5548.470703125,168808,33814,16.6175,6.3025,10.315,39.6955,0.25985,0.8933,1.1105,1.2431
aw-cql-weight1-seed1,cql,209000,4,209000,c8e418ff15bcb9da,-5548.470703125,35214,133999,8.1119,1.5095,6.6024,39.6955,0.16633,0.8816,0.993,1.1265
aw-cql-weight1-seed1,cql,209000,5,209000,c8e418ff15bcb9da,-5548.470703125,40938,30344,11.1403,-0.2666,11.4068,39.6955,0.28736,0.9225,1.137,1.2325
aw-cql-weight1-seed1,cql,209000,6,209000,c8e418ff15bcb9da,-5548.470703125,51996,11915,14.8152,3.2662,11.549,39.6955,0.29094,0.9459,1.241,1.312
aw-cql-weight1-seed1,cql,209000,7,209000,c8e418ff15bcb9da,-5548.470703125,64933,19513,13.8165,6.323,7.4935,39.6955,0.18877,0.9127,1.1828,1.2961
aw-cql-weight1-seed1,cql,209000,11,209000,c8e418ff15bcb9da,-5548.470703125,76763,39227,7.3685,2.3548,5.0137,39.6955,0.1263,0.9599,1.0813,1.1264
aw-cql-weight1-seed1,cql,209000,12,209000,c8e418ff15bcb9da,-5548.470703125,33583,82841,6.0876,2.2552,3.8324,39.6955,0.09654,0.942,1.0339,1.0976
aw-cql-weight1-seed1,cql,209000,13,209000,c8e418ff15bcb9da,-5548.470703125,29838,52509,9.6622,0.6774,8.9848,39.6955,0.22634,0.8988,1.0689,1.1892
aw-cql-weight1-seed1,cql,209000,14,209000,c8e418ff15bcb9da,-5548.470703125,36307,14110,16.6054,1.3747,15.2307,39.6955,0.38369,0.9493,1.2968,1.3661
aw-cql-weight1-seed1,cql,210000,0,210000,71b040b76e4de618,-5585.251464844,237311,68413,30.2398,15.6121,14.6278,39.9045,0.36657,0.8485,1.4023,1.6526
aw-cql-weight1-seed1,cql,210000,2,210000,71b040b76e4de618,-5585.251464844,168808,33814,16.289,6.0251,10.2639,39.9045,0.25721,0.8958,1.1187,1.2488
aw-cql-weight1-seed1,cql,210000,4,210000,71b040b76e4de618,-5585.251464844,35214,133999,7.8483,1.5236,6.3247,39.9045,0.1585,0.8807,0.9903,1.1245
aw-cql-weight1-seed1,cql,210000,5,210000,71b040b76e4de618,-5585.251464844,40938,30344,11.1595,-0.2585,11.4181,39.9045,0.28614,0.9235,1.1363,1.2304
aw-cql-weight1-seed1,cql,210000,6,210000,71b040b76e4de618,-5585.251464844,51996,11915,14.6027,2.9911,11.6116,39.9045,0.29098,0.9454,1.2396,1.3112
aw-cql-weight1-seed1,cql,210000,7,210000,71b040b76e4de618,-5585.251464844,64933,19513,13.6379,5.9329,7.7049,39.9045,0.19308,0.9121,1.1808,1.2946
aw-cql-weight1-seed1,cql,210000,11,210000,71b040b76e4de618,-5585.251464844,76763,39227,7.4277,2.3145,5.1132,39.9045,0.12814,0.959,1.0801,1.1263
aw-cql-weight1-seed1,cql,210000,12,210000,71b040b76e4de618,-5585.251464844,33583,82841,6.0169,2.2627,3.7542,39.9045,0.09408,0.94,1.0311,1.0969
aw-cql-weight1-seed1,cql,210000,13,210000,71b040b76e4de618,-5585.251464844,29838,52509,9.0529,0.4645,8.5884,39.9045,0.21522,0.9013,1.0651,1.1817
aw-cql-weight1-seed1,cql,210000,14,210000,71b040b76e4de618,-5585.251464844,36307,14110,16.1213,0.9295,15.1918,39.9045,0.3807,0.9508,1.2919,1.3587
aw-cql-weight1-seed1,cql,211000,0,211000,178d0b132795b399,-5616.913574219,237311,68413,30.5853,16.1173,14.4679,39.808,0.36344,0.849,1.3949,1.643
aw-cql-weight1-seed1,cql,211000,2,211000,178d0b132795b399,-5616.913574219,168808,33814,16.6806,6.3602,10.3204,39.808,0.25925,0.895,1.1161,1.247
aw-cql-weight1-seed1,cql,211000,4,211000,178d0b132795b399,-5616.913574219,35214,133999,7.8004,1.56,6.2405,39.808,0.15676,0.8811,0.99,1.1236
aw-cql-weight1-seed1,cql,211000,5,211000,178d0b132795b399,-5616.913574219,40938,30344,10.9547,-0.2738,11.2285,39.808,0.28207,0.9237,1.1377,1.2317
aw-cql-weight1-seed1,cql,211000,6,211000,178d0b132795b399,-5616.913574219,51996,11915,14.2608,2.5737,11.6871,39.808,0.29359,0.9465,1.2434,1.3137
aw-cql-weight1-seed1,cql,211000,7,211000,178d0b132795b399,-5616.913574219,64933,19513,14.324,6.4294,7.8946,39.808,0.19832,0.9123,1.1833,1.297
aw-cql-weight1-seed1,cql,211000,11,211000,178d0b132795b399,-5616.913574219,76763,39227,7.4686,2.4999,4.9687,39.808,0.12482,0.9611,1.082,1.1258
aw-cql-weight1-seed1,cql,211000,12,211000,178d0b132795b399,-5616.913574219,33583,82841,6.5854,2.5285,4.0569,39.808,0.10191,0.9427,1.034,1.0969
aw-cql-weight1-seed1,cql,211000,13,211000,178d0b132795b399,-5616.913574219,29838,52509,8.927,0.5524,8.3747,39.808,0.21038,0.8999,1.0669,1.1856
aw-cql-weight1-seed1,cql,211000,14,211000,178d0b132795b399,-5616.913574219,36307,14110,15.5843,0.9344,14.6499,39.808,0.36801,0.9512,1.2933,1.3597
aw-cql-weight1-seed1,cql,212000,0,212000,29ec0ad41ccf14bc,-5635.866210938,237311,68413,30.5554,16.3785,14.177,39.7243,0.35688,0.8493,1.4162,1.6676
aw-cql-weight1-seed1,cql,212000,2,212000,29ec0ad41ccf14bc,-5635.866210938,168808,33814,16.4489,6.2638,10.1851,39.7243,0.25639,0.894,1.1155,1.2478
aw-cql-weight1-seed1,cql,212000,4,212000,29ec0ad41ccf14bc,-5635.866210938,35214,133999,8.1204,1.5484,6.572,39.7243,0.16544,0.877,0.9899,1.1286
aw-cql-weight1-seed1,cql,212000,5,212000,29ec0ad41ccf14bc,-5635.866210938,40938,30344,11.0553,-0.3173,11.3726,39.7243,0.28629,0.9224,1.1389,1.2347
aw-cql-weight1-seed1,cql,212000,6,212000,29ec0ad41ccf14bc,-5635.866210938,51996,11915,14.6592,3.2627,11.3965,39.7243,0.28689,0.9465,1.2447,1.315
aw-cql-weight1-seed1,cql,212000,7,212000,29ec0ad41ccf14bc,-5635.866210938,64933,19513,14.2989,6.4783,7.8206,39.7243,0.19687,0.9139,1.1871,1.2988
aw-cql-weight1-seed1,cql,212000,11,212000,29ec0ad41ccf14bc,-5635.866210938,76763,39227,7.2643,2.3451,4.9192,39.7243,0.12383,0.9595,1.0799,1.1255
aw-cql-weight1-seed1,cql,212000,12,212000,29ec0ad41ccf14bc,-5635.866210938,33583,82841,6.3431,2.3333,4.0097,39.7243,0.10094,0.9423,1.0332,1.0965
aw-cql-weight1-seed1,cql,212000,13,212000,29ec0ad41ccf14bc,-5635.866210938,29838,52509,9.1435,0.5495,8.594,39.7243,0.21634,0.8964,1.0658,1.189
aw-cql-weight1-seed1,cql,212000,14,212000,29ec0ad41ccf14bc,-5635.866210938,36307,14110,15.8822,1.1692,14.713,39.7243,0.37038,0.9458,1.2931,1.3671
aw-cql-weight1-seed1,cql,213000,0,213000,d6bbfe879126bd42,-5667.339355469,237311,68413,30.4705,16.1707,14.2998,39.5914,0.36118,0.8486,1.4127,1.6648
aw-cql-weight1-seed1,cql,213000,2,213000,d6bbfe879126bd42,-5667.339355469,168808,33814,16.5173,6.3167,10.2005,39.5914,0.25765,0.8943,1.1169,1.2489
aw-cql-weight1-seed1,cql,213000,4,213000,d6bbfe879126bd42,-5667.339355469,35214,133999,8.3872,1.6705,6.7167,39.5914,0.16965,0.8813,0.9899,1.1233
aw-cql-weight1-seed1,cql,213000,5,213000,d6bbfe879126bd42,-5667.339355469,40938,30344,11.326,-0.1082,11.4342,39.5914,0.28881,0.9218,1.1356,1.232
aw-cql-weight1-seed1,cql,213000,6,213000,d6bbfe879126bd42,-5667.339355469,51996,11915,14.8736,3.1819,11.6917,39.5914,0.29531,0.9467,1.246,1.3161
aw-cql-weight1-seed1,cql,213000,7,213000,d6bbfe879126bd42,-5667.339355469,64933,19513,13.8477,6.0098,7.8379,39.5914,0.19797,0.9159,1.1777,1.2859
aw-cql-weight1-seed1,cql,213000,11,213000,d6bbfe879126bd42,-5667.339355469,76763,39227,7.1717,2.3203,4.8514,39.5914,0.12254,0.9595,1.0825,1.1283
aw-cql-weight1-seed1,cql,213000,12,213000,d6bbfe879126bd42,-5667.339355469,33583,82841,6.1808,2.292,3.8888,39.5914,0.09822,0.9418,1.0322,1.096
aw-cql-weight1-seed1,cql,213000,13,213000,d6bbfe879126bd42,-5667.339355469,29838,52509,9.7266,0.8109,8.9156,39.5914,0.22519,0.8984,1.0657,1.1863
aw-cql-weight1-seed1,cql,213000,14,213000,d6bbfe879126bd42,-5667.339355469,36307,14110,16.5375,1.5004,15.0371,39.5914,0.37981,0.948,1.2966,1.3678
aw-cql-weight1-seed1,cql,214000,0,214000,52b1452b88d0935f,-5700.535644531,237311,68413,29.9321,15.8385,14.0937,39.3874,0.35782,0.848,1.4066,1.6588
aw-cql-weight1-seed1,cql,214000,2,214000,52b1452b88d0935f,-5700.535644531,168808,33814,16.0997,6.1783,9.9215,39.3874,0.25189,0.8949,1.1172,1.2483
aw-cql-weight1-seed1,cql,214000,4,214000,52b1452b88d0935f,-5700.535644531,35214,133999,7.5948,1.5565,6.0384,39.3874,0.15331,0.8786,0.9897,1.1265
aw-cql-weight1-seed1,cql,214000,5,214000,52b1452b88d0935f,-5700.535644531,40938,30344,10.7606,-0.3051,11.0658,39.3874,0.28095,0.9216,1.1369,1.2337
aw-cql-weight1-seed1,cql,214000,6,214000,52b1452b88d0935f,-5700.535644531,51996,11915,14.3106,3.149,11.1616,39.3874,0.28338,0.9451,1.2404,1.3124
aw-cql-weight1-seed1,cql,214000,7,214000,52b1452b88d0935f,-5700.535644531,64933,19513,13.6233,6.0662,7.5571,39.3874,0.19187,0.9134,1.1873,1.2999
aw-cql-weight1-seed1,cql,214000,11,214000,52b1452b88d0935f,-5700.535644531,76763,39227,7.1358,2.2872,4.8485,39.3874,0.1231,0.9593,1.0793,1.125
aw-cql-weight1-seed1,cql,214000,12,214000,52b1452b88d0935f,-5700.535644531,33583,82841,5.9803,2.1974,3.7829,39.3874,0.09604,0.943,1.0323,1.0947
aw-cql-weight1-seed1,cql,214000,13,214000,52b1452b88d0935f,-5700.535644531,29838,52509,8.7739,0.4685,8.3054,39.3874,0.21086,0.8995,1.0655,1.1845
aw-cql-weight1-seed1,cql,214000,14,214000,52b1452b88d0935f,-5700.535644531,36307,14110,15.5374,0.8021,14.7353,39.3874,0.37411,0.9474,1.2981,1.3702
aw-cql-weight1-seed1,cql,215000,0,215000,54cfcb09cf81e0c6,-5739.462890625,237311,68413,30.3115,15.8236,14.4878,39.7584,0.3644,0.8499,1.4074,1.656
aw-cql-weight1-seed1,cql,215000,2,215000,54cfcb09cf81e0c6,-5739.462890625,168808,33814,16.2217,6.0605,10.1612,39.7584,0.25557,0.8943,1.1142,1.2459
aw-cql-weight1-seed1,cql,215000,4,215000,54cfcb09cf81e0c6,-5739.462890625,35214,133999,8.0247,1.6965,6.3283,39.7584,0.15917,0.8779,0.9897,1.1273
aw-cql-weight1-seed1,cql,215000,5,215000,54cfcb09cf81e0c6,-5739.462890625,40938,30344,11.0316,-0.1969,11.2285,39.7584,0.28242,0.924,1.1356,1.229
aw-cql-weight1-seed1,cql,215000,6,215000,54cfcb09cf81e0c6,-5739.462890625,51996,11915,14.1534,2.8685,11.2849,39.7584,0.28384,0.9473,1.2437,1.3129
aw-cql-weight1-seed1,cql,215000,7,215000,54cfcb09cf81e0c6,-5739.462890625,64933,19513,13.4933,5.952,7.5413,39.7584,0.18968,0.9117,1.1822,1.2967
aw-cql-weight1-seed1,cql,215000,11,215000,54cfcb09cf81e0c6,-5739.462890625,76763,39227,7.2174,2.2214,4.996,39.7584,0.12566,0.9584,1.0777,1.1245
aw-cql-weight1-seed1,cql,215000,12,215000,54cfcb09cf81e0c6,-5739.462890625,33583,82841,6.2053,2.3134,3.8919,39.7584,0.09789,0.9412,1.0322,1.0967
aw-cql-weight1-seed1,cql,215000,13,215000,54cfcb09cf81e0c6,-5739.462890625,29838,52509,9.333,0.6856,8.6473,39.7584,0.2175,0.8963,1.0667,1.1901
aw-cql-weight1-seed1,cql,215000,14,215000,54cfcb09cf81e0c6,-5739.462890625,36307,14110,15.4856,0.848,14.6376,39.7584,0.36816,0.9519,1.3031,1.369
aw-cql-weight1-seed1,cql,216000,0,216000,096bf8a328b521a3,-5769.295410156,237311,68413,30.3513,16.3934,13.9579,39.6086,0.35239,0.8502,1.4211,1.6715
aw-cql-weight1-seed1,cql,216000,2,216000,096bf8a328b521a3,-5769.295410156,168808,33814,16.047,6.019,10.028,39.6086,0.25318,0.8954,1.115,1.2453
aw-cql-weight1-seed1,cql,216000,4,216000,096bf8a328b521a3,-5769.295410156,35214,133999,7.8894,1.6668,6.2226,39.6086,0.1571,0.8799,0.9907,1.1259
aw-cql-weight1-seed1,cql,216000,5,216000,096bf8a328b521a3,-5769.295410156,40938,30344,11.3307,-0.1318,11.4625,39.6086,0.28939,0.9223,1.1385,1.2344
aw-cql-weight1-seed1,cql,216000,6,216000,096bf8a328b521a3,-5769.295410156,51996,11915,15.0074,3.4284,11.579,39.6086,0.29234,0.9465,1.2456,1.316
aw-cql-weight1-seed1,cql,216000,7,216000,096bf8a328b521a3,-5769.295410156,64933,19513,13.9479,6.177,7.7709,39.6086,0.19619,0.9122,1.1877,1.3021
aw-cql-weight1-seed1,cql,216000,11,216000,096bf8a328b521a3,-5769.295410156,76763,39227,7.6374,2.4552,5.1822,39.6086,0.13084,0.9599,1.0793,1.1243
aw-cql-weight1-seed1,cql,216000,12,216000,096bf8a328b521a3,-5769.295410156,33583,82841,6.3984,2.4501,3.9483,39.6086,0.09968,0.9419,1.0326,1.0962
aw-cql-weight1-seed1,cql,216000,13,216000,096bf8a328b521a3,-5769.295410156,29838,52509,9.641,0.7743,8.8667,39.6086,0.22386,0.8962,1.0697,1.1936
aw-cql-weight1-seed1,cql,216000,14,216000,096bf8a328b521a3,-5769.295410156,36307,14110,16.3516,1.3026,15.0491,39.6086,0.37994,0.9504,1.3033,1.3712
aw-cql-weight1-seed1,cql,217000,0,217000,04a8b87c5df59f93,-5804.061523438,237311,68413,30.1506,15.3861,14.7645,39.3669,0.37505,0.8477,1.4032,1.6554
aw-cql-weight1-seed1,cql,217000,2,217000,04a8b87c5df59f93,-5804.061523438,168808,33814,16.401,6.2533,10.1477,39.3669,0.25777,0.8943,1.1127,1.2442
aw-cql-weight1-seed1,cql,217000,4,217000,04a8b87c5df59f93,-5804.061523438,35214,133999,7.844,1.6023,6.2417,39.3669,0.15855,0.8795,0.9911,1.1269
aw-cql-weight1-seed1,cql,217000,5,217000,04a8b87c5df59f93,-5804.061523438,40938,30344,10.7497,-0.3455,11.0952,39.3669,0.28184,0.9235,1.1374,1.2315
aw-cql-weight1-seed1,cql,217000,6,217000,04a8b87c5df59f93,-5804.061523438,51996,11915,14.3583,2.9431,11.4153,39.3669,0.28997,0.9474,1.2448,1.314
aw-cql-weight1-seed1,cql,217000,7,217000,04a8b87c5df59f93,-5804.061523438,64933,19513,13.5672,6.0315,7.5357,39.3669,0.19142,0.9143,1.1809,1.2917
aw-cql-weight1-seed1,cql,217000,11,217000,04a8b87c5df59f93,-5804.061523438,76763,39227,7.2038,2.4067,4.797,39.3669,0.12185,0.96,1.0803,1.1253
aw-cql-weight1-seed1,cql,217000,12,217000,04a8b87c5df59f93,-5804.061523438,33583,82841,5.9473,2.3627,3.5845,39.3669,0.09105,0.9418,1.0316,1.0954
aw-cql-weight1-seed1,cql,217000,13,217000,04a8b87c5df59f93,-5804.061523438,29838,52509,8.7676,0.6129,8.1547,39.3669,0.20715,0.8976,1.067,1.1888
aw-cql-weight1-seed1,cql,217000,14,217000,04a8b87c5df59f93,-5804.061523438,36307,14110,15.9544,1.0226,14.9319,39.3669,0.3793,0.9475,1.2978,1.3697
aw-cql-weight1-seed1,cql,218000,0,218000,2358bea3858e32f2,-5832.537597656,237311,68413,29.6611,15.3043,14.3568,39.1192,0.367,0.8486,1.4104,1.6621
aw-cql-weight1-seed1,cql,218000,2,218000,2358bea3858e32f2,-5832.537597656,168808,33814,16.4091,6.0869,10.3222,39.1192,0.26386,0.8935,1.1071,1.2391
aw-cql-weight1-seed1,cql,218000,4,218000,2358bea3858e32f2,-5832.537597656,35214,133999,8.0196,1.6782,6.3414,39.1192,0.1621,0.8808,0.9912,1.1253
aw-cql-weight1-seed1,cql,218000,5,218000,2358bea3858e32f2,-5832.537597656,40938,30344,11.2036,-0.1757,11.3793,39.1192,0.29089,0.9236,1.134,1.2278
aw-cql-weight1-seed1,cql,218000,6,218000,2358bea3858e32f2,-5832.537597656,51996,11915,14.3952,2.8488,11.5463,39.1192,0.29516,0.9467,1.2381,1.3079
aw-cql-weight1-seed1,cql,218000,7,218000,2358bea3858e32f2,-5832.537597656,64933,19513,13.988,6.2124,7.7757,39.1192,0.19877,0.9126,1.1857,1.2993
aw-cql-weight1-seed1,cql,218000,11,218000,2358bea3858e32f2,-5832.537597656,76763,39227,7.2389,2.2783,4.9605,39.1192,0.12681,0.9608,1.0802,1.1242
aw-cql-weight1-seed1,cql,218000,12,218000,2358bea3858e32f2,-5832.537597656,33583,82841,5.7879,2.1312,3.6567,39.1192,0.09348,0.9421,1.0318,1.0953
aw-cql-weight1-seed1,cql,218000,13,218000,2358bea3858e32f2,-5832.537597656,29838,52509,9.148,0.6276,8.5204,39.1192,0.21781,0.8984,1.065,1.1855
aw-cql-weight1-seed1,cql,218000,14,218000,2358bea3858e32f2,-5832.537597656,36307,14110,15.6391,0.732,14.9072,39.1192,0.38107,0.9499,1.2911,1.3591
aw-cql-weight1-seed1,cql,219000,0,219000,76aa1fef7e3bfdd8,-5861.567382812,237311,68413,30.0887,15.9173,14.1714,39.1456,0.36202,0.8485,1.4028,1.6533
aw-cql-weight1-seed1,cql,219000,2,219000,76aa1fef7e3bfdd8,-5861.567382812,168808,33814,16.2661,6.1942,10.0719,39.1456,0.25729,0.8945,1.1137,1.245
aw-cql-weight1-seed1,cql,219000,4,219000,76aa1fef7e3bfdd8,-5861.567382812,35214,133999,8.3489,1.6823,6.6666,39.1456,0.1703,0.8782,0.9911,1.1287
aw-cql-weight1-seed1,cql,219000,5,219000,76aa1fef7e3bfdd8,-5861.567382812,40938,30344,10.9649,-0.2394,11.2043,39.1456,0.28622,0.9211,1.1329,1.23
aw-cql-weight1-seed1,cql,219000,6,219000,76aa1fef7e3bfdd8,-5861.567382812,51996,11915,14.2702,3.1356,11.1346,39.1456,0.28444,0.9451,1.2374,1.3093
aw-cql-weight1-seed1,cql,219000,7,219000,76aa1fef7e3bfdd8,-5861.567382812,64933,19513,13.5752,6.2173,7.3579,39.1456,0.18796,0.9131,1.1802,1.2925
aw-cql-weight1-seed1,cql,219000,11,219000,76aa1fef7e3bfdd8,-5861.567382812,76763,39227,6.8196,2.0862,4.7334,39.1456,0.12092,0.9596,1.0786,1.124
aw-cql-weight1-seed1,cql,219000,12,219000,76aa1fef7e3bfdd8,-5861.567382812,33583,82841,6.282,2.2895,3.9925,39.1456,0.10199,0.9426,1.0325,1.0953
aw-cql-weight1-seed1,cql,219000,13,219000,76aa1fef7e3bfdd8,-5861.567382812,29838,52509,9.4437,0.6818,8.7619,39.1456,0.22383,0.8961,1.0649,1.1884
aw-cql-weight1-seed1,cql,219000,14,219000,76aa1fef7e3bfdd8,-5861.567382812,36307,14110,15.5947,0.9123,14.6824,39.1456,0.37507,0.9471,1.2937,1.366
aw-cql-weight1-seed1,cql,220000,0,220000,7fa1f315d3d908f6,-5885.092773438,237311,68413,30.0228,15.4231,14.5997,39.3657,0.37087,0.8484,1.4085,1.6601
aw-cql-weight1-seed1,cql,220000,2,220000,7fa1f315d3d908f6,-5885.092773438,168808,33814,15.7289,5.8486,9.8803,39.3657,0.25099,0.8959,1.1165,1.2462
aw-cql-weight1-seed1,cql,220000,4,220000,7fa1f315d3d908f6,-5885.092773438,35214,133999,7.9024,1.5615,6.3409,39.3657,0.16108,0.8813,0.9915,1.1251
aw-cql-weight1-seed1,cql,220000,5,220000,7fa1f315d3d908f6,-5885.092773438,40938,30344,10.9383,-0.1648,11.1031,39.3657,0.28205,0.9254,1.1374,1.2291
aw-cql-weight1-seed1,cql,220000,6,220000,7fa1f315d3d908f6,-5885.092773438,51996,11915,14.1077,2.6538,11.4539,39.3657,0.29096,0.947,1.2438,1.3134
aw-cql-weight1-seed1,cql,220000,7,220000,7fa1f315d3d908f6,-5885.092773438,64933,19513,13.851,6.248,7.603,39.3657,0.19314,0.9117,1.1836,1.2981
aw-cql-weight1-seed1,cql,220000,11,220000,7fa1f315d3d908f6,-5885.092773438,76763,39227,7.0882,2.3029,4.7854,39.3657,0.12156,0.9585,1.0784,1.1252
aw-cql-weight1-seed1,cql,220000,12,220000,7fa1f315d3d908f6,-5885.092773438,33583,82841,5.9425,2.2794,3.6631,39.3657,0.09305,0.9421,1.0326,1.096
aw-cql-weight1-seed1,cql,220000,13,220000,7fa1f315d3d908f6,-5885.092773438,29838,52509,9.248,0.6488,8.5991,39.3657,0.21844,0.8986,1.066,1.1863
aw-cql-weight1-seed1,cql,220000,14,220000,7fa1f315d3d908f6,-5885.092773438,36307,14110,15.7123,1.119,14.5933,39.3657,0.37071,0.9494,1.3,1.3693
aw-cql-weight1-seed1,cql,221000,0,221000,751d816e39b7e7f9,-5909.657226562,237311,68413,29.534,15.3407,14.1933,39.0697,0.36328,0.8484,1.4014,1.6519
aw-cql-weight1-seed1,cql,221000,2,221000,751d816e39b7e7f9,-5909.657226562,168808,33814,15.8113,5.9138,9.8975,39.0697,0.25333,0.8956,1.1148,1.2447
aw-cql-weight1-seed1,cql,221000,4,221000,751d816e39b7e7f9,-5909.657226562,35214,133999,7.2851,1.4408,5.8443,39.0697,0.14959,0.8794,0.9888,1.1244
aw-cql-weight1-seed1,cql,221000,5,221000,751d816e39b7e7f9,-5909.657226562,40938,30344,10.8256,-0.2833,11.1088,39.0697,0.28433,0.9221,1.1366,1.2327
aw-cql-weight1-seed1,cql,221000,6,221000,751d816e39b7e7f9,-5909.657226562,51996,11915,14.3949,2.8347,11.5602,39.0697,0.29589,0.9457,1.2399,1.3111
aw-cql-weight1-seed1,cql,221000,7,221000,751d816e39b7e7f9,-5909.657226562,64933,19513,13.6386,5.9077,7.731,39.0697,0.19788,0.9116,1.1775,1.2918
aw-cql-weight1-seed1,cql,221000,11,221000,751d816e39b7e7f9,-5909.657226562,76763,39227,7.0167,2.2514,4.7652,39.0697,0.12197,0.9597,1.0801,1.1254
aw-cql-weight1-seed1,cql,221000,12,221000,751d816e39b7e7f9,-5909.657226562,33583,82841,5.8973,2.2671,3.6301,39.0697,0.09291,0.9424,1.0323,1.0955
aw-cql-weight1-seed1,cql,221000,13,221000,751d816e39b7e7f9,-5909.657226562,29838,52509,9.1548,0.624,8.5308,39.0697,0.21835,0.8967,1.0657,1.1884
aw-cql-weight1-seed1,cql,221000,14,221000,751d816e39b7e7f9,-5909.657226562,36307,14110,16.14,1.106,15.034,39.0697,0.3848,0.947,1.2946,1.367
aw-cql-weight1-seed1,cql,222000,0,222000,840d1e57446316a4,-5937.637207031,237311,68413,30.3734,15.6566,14.7168,39.8321,0.36947,0.8484,1.4124,1.6649
aw-cql-weight1-seed1,cql,222000,2,222000,840d1e57446316a4,-5937.637207031,168808,33814,16.5478,6.1793,10.3685,39.8321,0.26031,0.894,1.1128,1.2447
aw-cql-weight1-seed1,cql,222000,4,222000,840d1e57446316a4,-5937.637207031,35214,133999,7.5818,1.4796,6.1022,39.8321,0.1532,0.8804,0.9901,1.1246
aw-cql-weight1-seed1,cql,222000,5,222000,840d1e57446316a4,-5937.637207031,40938,30344,10.7992,-0.1948,10.994,39.8321,0.27601,0.9231,1.1349,1.2295
aw-cql-weight1-seed1,cql,222000,6,222000,840d1e57446316a4,-5937.637207031,51996,11915,14.712,3.0327,11.6793,39.8321,0.29321,0.9479,1.2468,1.3153
aw-cql-weight1-seed1,cql,222000,7,222000,840d1e57446316a4,-5937.637207031,64933,19513,14.1669,6.2385,7.9284,39.8321,0.19904,0.9129,1.1769,1.2892
aw-cql-weight1-seed1,cql,222000,11,222000,840d1e57446316a4,-5937.637207031,76763,39227,6.9858,2.1786,4.8072,39.8321,0.12069,0.9591,1.0783,1.1243
aw-cql-weight1-seed1,cql,222000,12,222000,840d1e57446316a4,-5937.637207031,33583,82841,5.5626,2.0818,3.4808,39.8321,0.08739,0.9406,1.03,1.095
aw-cql-weight1-seed1,cql,222000,13,222000,840d1e57446316a4,-5937.637207031,29838,52509,8.2925,0.5668,7.7257,39.8321,0.19396,0.8978,1.0652,1.1865
aw-cql-weight1-seed1,cql,222000,14,222000,840d1e57446316a4,-5937.637207031,36307,14110,15.9754,1.1304,14.8449,39.8321,0.37269,0.9475,1.2963,1.3681
aw-cql-weight1-seed1,cql,223000,0,223000,9f734c927e02657c,-5965.149902344,237311,68413,30.3269,15.7121,14.6147,39.8121,0.36709,0.8485,1.4151,1.6678
aw-cql-weight1-seed1,cql,223000,2,223000,9f734c927e02657c,-5965.149902344,168808,33814,16.1439,6.0569,10.0871,39.8121,0.25337,0.8952,1.1132,1.2436
aw-cql-weight1-seed1,cql,223000,4,223000,9f734c927e02657c,-5965.149902344,35214,133999,7.9306,1.6683,6.2623,39.8121,0.1573,0.8813,0.9899,1.1232
aw-cql-weight1-seed1,cql,223000,5,223000,9f734c927e02657c,-5965.149902344,40938,30344,11.5126,-0.1135,11.6261,39.8121,0.29202,0.923,1.1368,1.2317
aw-cql-weight1-seed1,cql,223000,6,223000,9f734c927e02657c,-5965.149902344,51996,11915,14.4302,2.9247,11.5055,39.8121,0.28899,0.9472,1.2423,1.3115
aw-cql-weight1-seed1,cql,223000,7,223000,9f734c927e02657c,-5965.149902344,64933,19513,13.5336,6.0026,7.531,39.8121,0.18916,0.9129,1.1746,1.2866
aw-cql-weight1-seed1,cql,223000,11,223000,9f734c927e02657c,-5965.149902344,76763,39227,6.8772,2.2115,4.6657,39.8121,0.11719,0.9597,1.0794,1.1246
aw-cql-weight1-seed1,cql,223000,12,223000,9f734c927e02657c,-5965.149902344,33583,82841,5.9879,2.4045,3.5834,39.8121,0.09001,0.9409,1.0301,1.0949
aw-cql-weight1-seed1,cql,223000,13,223000,9f734c927e02657c,-5965.149902344,29838,52509,9.4544,0.7594,8.695,39.8121,0.2184,0.8973,1.0661,1.1881
aw-cql-weight1-seed1,cql,223000,14,223000,9f734c927e02657c,-5965.149902344,36307,14110,16.1176,1.0715,15.046,39.8121,0.37793,0.9478,1.2945,1.3658
aw-cql-weight1-seed1,cql,224000,0,224000,d690eb7471816671,-6001.687011719,237311,68413,30.1071,15.808,14.2991,39.6082,0.36101,0.8483,1.4205,1.6746
aw-cql-weight1-seed1,cql,224000,2,224000,d690eb7471816671,-6001.687011719,168808,33814,15.8148,5.999,9.8158,39.6082,0.24782,0.8957,1.1172,1.2473
aw-cql-weight1-seed1,cql,224000,4,224000,d690eb7471816671,-6001.687011719,35214,133999,7.2918,1.4309,5.8609,39.6082,0.14797,0.8818,0.989,1.1215
aw-cql-weight1-seed1,cql,224000,5,224000,d690eb7471816671,-6001.687011719,40938,30344,11.3351,-0.352,11.6871,39.6082,0.29507,0.9211,1.1336,1.2307
aw-cql-weight1-seed1,cql,224000,6,224000,d690eb7471816671,-6001.687011719,51996,11915,14.9782,3.1873,11.7909,39.6082,0.29769,0.9455,1.2425,1.3142
aw-cql-weight1-seed1,cql,224000,7,224000,d690eb7471816671,-6001.687011719,64933,19513,14.0434,6.2845,7.7589,39.6082,0.19589,0.9131,1.1776,1.2898
aw-cql-weight1-seed1,cql,224000,11,224000,d690eb7471816671,-6001.687011719,76763,39227,6.6069,2.1556,4.4513,39.6082,0.11238,0.961,1.0798,1.1237
aw-cql-weight1-seed1,cql,224000,12,224000,d690eb7471816671,-6001.687011719,33583,82841,5.2806,2.112,3.1686,39.6082,0.08,0.9423,1.029,1.092
aw-cql-weight1-seed1,cql,224000,13,224000,d690eb7471816671,-6001.687011719,29838,52509,8.8738,0.6112,8.2626,39.6082,0.20861,0.8983,1.0638,1.1842
aw-cql-weight1-seed1,cql,224000,14,224000,d690eb7471816671,-6001.687011719,36307,14110,15.8861,0.8347,15.0513,39.6082,0.38001,0.9452,1.2923,1.3673
aw-cql-weight1-seed1,cql,225000,0,225000,f77a2bf4b3236e3a,-6022.303222656,237311,68413,29.9199,15.4994,14.4205,39.207,0.3678,0.8474,1.4147,1.6694
aw-cql-weight1-seed1,cql,225000,2,225000,f77a2bf4b3236e3a,-6022.303222656,168808,33814,15.9529,6.0234,9.9295,39.207,0.25326,0.8952,1.118,1.2489
aw-cql-weight1-seed1,cql,225000,4,225000,f77a2bf4b3236e3a,-6022.303222656,35214,133999,7.3913,1.4836,5.9077,39.207,0.15068,0.8826,0.988,1.1194
aw-cql-weight1-seed1,cql,225000,5,225000,f77a2bf4b3236e3a,-6022.303222656,40938,30344,10.7193,-0.3444,11.0637,39.207,0.28219,0.9226,1.1353,1.2306
aw-cql-weight1-seed1,cql,225000,6,225000,f77a2bf4b3236e3a,-6022.303222656,51996,11915,14.4857,3.1525,11.3332,39.207,0.28906,0.9462,1.245,1.3158
aw-cql-weight1-seed1,cql,225000,7,225000,f77a2bf4b3236e3a,-6022.303222656,64933,19513,13.938,6.3973,7.5407,39.207,0.19233,0.9118,1.1769,1.2908
aw-cql-weight1-seed1,cql,225000,11,225000,f77a2bf4b3236e3a,-6022.303222656,76763,39227,7.3399,2.307,5.0329,39.207,0.12837,0.9589,1.0776,1.1239
aw-cql-weight1-seed1,cql,225000,12,225000,f77a2bf4b3236e3a,-6022.303222656,33583,82841,5.9101,2.414,3.496,39.207,0.08917,0.9415,1.0319,1.096
aw-cql-weight1-seed1,cql,225000,13,225000,f77a2bf4b3236e3a,-6022.303222656,29838,52509,8.8615,0.6466,8.2149,39.207,0.20953,0.8976,1.0614,1.1826
aw-cql-weight1-seed1,cql,225000,14,225000,f77a2bf4b3236e3a,-6022.303222656,36307,14110,15.518,0.7476,14.7704,39.207,0.37673,0.947,1.2927,1.365
aw-cql-weight1-seed1,cql,226000,0,226000,14876a24c0690509,-6044.91796875,237311,68413,30.1261,15.9047,14.2214,39.9298,0.35616,0.8485,1.4201,1.6736
aw-cql-weight1-seed1,cql,226000,2,226000,14876a24c0690509,-6044.91796875,168808,33814,16.1222,6.0707,10.0516,39.9298,0.25173,0.8948,1.1165,1.2478
aw-cql-weight1-seed1,cql,226000,4,226000,14876a24c0690509,-6044.91796875,35214,133999,8.1044,1.5251,6.5794,39.9298,0.16477,0.8816,0.9898,1.1227
aw-cql-weight1-seed1,cql,226000,5,226000,14876a24c0690509,-6044.91796875,40938,30344,10.7024,-0.3626,11.065,39.9298,0.27711,0.9216,1.1362,1.2329
aw-cql-weight1-seed1,cql,226000,6,226000,14876a24c0690509,-6044.91796875,51996,11915,14.0028,2.7708,11.232,39.9298,0.28129,0.9456,1.2402,1.3115
aw-cql-weight1-seed1,cql,226000,7,226000,14876a24c0690509,-6044.91796875,64933,19513,13.5129,6.0435,7.4694,39.9298,0.18706,0.9125,1.177,1.2899
aw-cql-weight1-seed1,cql,226000,11,226000,14876a24c0690509,-6044.91796875,76763,39227,6.895,2.0999,4.7952,39.9298,0.12009,0.9606,1.0798,1.1241
aw-cql-weight1-seed1,cql,226000,12,226000,14876a24c0690509,-6044.91796875,33583,82841,5.3622,2.0164,3.3458,39.9298,0.08379,0.942,1.03,1.0935
aw-cql-weight1-seed1,cql,226000,13,226000,14876a24c0690509,-6044.91796875,29838,52509,8.577,0.4239,8.153,39.9298,0.20418,0.8971,1.0651,1.1873
aw-cql-weight1-seed1,cql,226000,14,226000,14876a24c0690509,-6044.91796875,36307,14110,15.9092,0.9394,14.9698,39.9298,0.3749,0.9467,1.3024,1.3757
aw-cql-weight1-seed1,cql,227000,0,227000,88885d5aa74c0908,-6064.94140625,237311,68413,29.7665,15.6465,14.12,39.2953,0.35933,0.8492,1.43,1.684
aw-cql-weight1-seed1,cql,227000,2,227000,88885d5aa74c0908,-6064.94140625,168808,33814,15.934,5.9996,9.9343,39.2953,0.25281,0.8944,1.1155,1.2471
aw-cql-weight1-seed1,cql,227000,4,227000,88885d5aa74c0908,-6064.94140625,35214,133999,7.1163,1.5267,5.5896,39.2953,0.14225,0.8819,0.9899,1.1224
aw-cql-weight1-seed1,cql,227000,5,227000,88885d5aa74c0908,-6064.94140625,40938,30344,11.0238,-0.2926,11.3164,39.2953,0.28798,0.9256,1.1357,1.2269
aw-cql-weight1-seed1,cql,227000,6,227000,88885d5aa74c0908,-6064.94140625,51996,11915,14.3015,2.4732,11.8283,39.2953,0.30101,0.9498,1.246,1.3118
aw-cql-weight1-seed1,cql,227000,7,227000,88885d5aa74c0908,-6064.94140625,64933,19513,13.4629,5.7878,7.6751,39.2953,0.19532,0.9161,1.1758,1.2834
aw-cql-weight1-seed1,cql,227000,11,227000,88885d5aa74c0908,-6064.94140625,76763,39227,6.5193,2.0233,4.496,39.2953,0.11442,0.9592,1.0782,1.1241
aw-cql-weight1-seed1,cql,227000,12,227000,88885d5aa74c0908,-6064.94140625,33583,82841,5.4857,2.0642,3.4216,39.2953,0.08707,0.9426,1.0307,1.0935
aw-cql-weight1-seed1,cql,227000,13,227000,88885d5aa74c0908,-6064.94140625,29838,52509,8.8892,0.5919,8.2973,39.2953,0.21115,0.8987,1.0651,1.1851
aw-cql-weight1-seed1,cql,227000,14,227000,88885d5aa74c0908,-6064.94140625,36307,14110,15.6494,0.9591,14.6904,39.2953,0.37384,0.951,1.3012,1.3682
aw-cql-weight1-seed1,cql,228000,0,228000,8eb341e625b32dae,-6084.875976562,237311,68413,29.7571,15.6475,14.1096,38.9959,0.36182,0.848,1.4162,1.6701
aw-cql-weight1-seed1,cql,228000,2,228000,8eb341e625b32dae,-6084.875976562,168808,33814,15.897,5.8809,10.0161,38.9959,0.25685,0.895,1.1148,1.2456
aw-cql-weight1-seed1,cql,228000,4,228000,8eb341e625b32dae,-6084.875976562,35214,133999,7.9007,1.4999,6.4009,38.9959,0.16414,0.878,0.9908,1.1284
aw-cql-weight1-seed1,cql,228000,5,228000,8eb341e625b32dae,-6084.875976562,40938,30344,11.1544,-0.3364,11.4908,38.9959,0.29467,0.9243,1.1366,1.2298
aw-cql-weight1-seed1,cql,228000,6,228000,8eb341e625b32dae,-6084.875976562,51996,11915,14.5038,3.0322,11.4716,38.9959,0.29417,0.948,1.2457,1.3141
aw-cql-weight1-seed1,cql,228000,7,228000,8eb341e625b32dae,-6084.875976562,64933,19513,13.9255,6.2004,7.7251,38.9959,0.1981,0.9149,1.1847,1.2949
aw-cql-weight1-seed1,cql,228000,11,228000,8eb341e625b32dae,-6084.875976562,76763,39227,6.9067,2.1511,4.7556,38.9959,0.12195,0.9604,1.0799,1.1245
aw-cql-weight1-seed1,cql,228000,12,228000,8eb341e625b32dae,-6084.875976562,33583,82841,6.5133,2.4938,4.0195,38.9959,0.10307,0.9439,1.0335,1.0948
aw-cql-weight1-seed1,cql,228000,13,228000,8eb341e625b32dae,-6084.875976562,29838,52509,9.3327,0.6017,8.731,38.9959,0.2239,0.8986,1.0667,1.1871
aw-cql-weight1-seed1,cql,228000,14,228000,8eb341e625b32dae,-6084.875976562,36307,14110,15.9532,0.9449,15.0083,38.9959,0.38487,0.9494,1.299,1.3683
aw-cql-weight1-seed1,cql,229000,0,229000,8bc4bf822b044c20,-6112.731445312,237311,68413,30.0406,15.6138,14.4269,39.5513,0.36476,0.8486,1.4086,1.66
aw-cql-weight1-seed1,cql,229000,2,229000,8bc4bf822b044c20,-6112.731445312,168808,33814,16.4364,6.2253,10.2111,39.5513,0.25817,0.8951,1.1094,1.2395
aw-cql-weight1-seed1,cql,229000,4,229000,8bc4bf822b044c20,-6112.731445312,35214,133999,6.9331,1.3205,5.6126,39.5513,0.14191,0.8815,0.9884,1.1213
aw-cql-weight1-seed1,cql,229000,5,229000,8bc4bf822b044c20,-6112.731445312,40938,30344,10.7091,-0.2336,10.9427,39.5513,0.27667,0.9212,1.136,1.2332
aw-cql-weight1-seed1,cql,229000,6,229000,8bc4bf822b044c20,-6112.731445312,51996,11915,13.8387,2.8778,10.9609,39.5513,0.27713,0.9475,1.243,1.3118
aw-cql-weight1-seed1,cql,229000,7,229000,8bc4bf822b044c20,-6112.731445312,64933,19513,13.2997,6.0372,7.2625,39.5513,0.18362,0.9165,1.1814,1.289
aw-cql-weight1-seed1,cql,229000,11,229000,8bc4bf822b044c20,-6112.731445312,76763,39227,7.0409,2.2748,4.7661,39.5513,0.1205,0.9604,1.0786,1.1231
aw-cql-weight1-seed1,cql,229000,12,229000,8bc4bf822b044c20,-6112.731445312,33583,82841,5.4582,2.0692,3.3889,39.5513,0.08568,0.9422,1.0304,1.0937
aw-cql-weight1-seed1,cql,229000,13,229000,8bc4bf822b044c20,-6112.731445312,29838,52509,8.7425,0.5941,8.1483,39.5513,0.20602,0.8979,1.0653,1.1864
aw-cql-weight1-seed1,cql,229000,14,229000,8bc4bf822b044c20,-6112.731445312,36307,14110,15.5124,0.8258,14.6866,39.5513,0.37133,0.9458,1.2879,1.3617
aw-cql-weight1-seed1,cql,230000,0,230000,8cb3fb6454d7d144,-6134.82421875,237311,68413,29.5496,15.765,13.7846,38.7252,0.35596,0.8491,1.4266,1.6802
aw-cql-weight1-seed1,cql,230000,2,230000,8cb3fb6454d7d144,-6134.82421875,168808,33814,15.7816,5.8883,9.8933,38.7252,0.25548,0.8949,1.1118,1.2424
aw-cql-weight1-seed1,cql,230000,4,230000,8cb3fb6454d7d144,-6134.82421875,35214,133999,8.0305,1.5415,6.489,38.7252,0.16757,0.879,0.989,1.1251
aw-cql-weight1-seed1,cql,230000,5,230000,8cb3fb6454d7d144,-6134.82421875,40938,30344,10.8464,-0.4595,11.3059,38.7252,0.29195,0.9218,1.1351,1.2315
aw-cql-weight1-seed1,cql,230000,6,230000,8cb3fb6454d7d144,-6134.82421875,51996,11915,13.8263,2.6501,11.1762,38.7252,0.2886,0.9462,1.2412,1.3118
aw-cql-weight1-seed1,cql,230000,7,230000,8cb3fb6454d7d144,-6134.82421875,64933,19513,13.37,5.8653,7.5046,38.7252,0.19379,0.9138,1.1803,1.2916
aw-cql-weight1-seed1,cql,230000,11,230000,8cb3fb6454d7d144,-6134.82421875,76763,39227,6.9054,1.9975,4.9079,38.7252,0.12674,0.9595,1.0768,1.1223
aw-cql-weight1-seed1,cql,230000,12,230000,8cb3fb6454d7d144,-6134.82421875,33583,82841,6.1568,2.2863,3.8705,38.7252,0.09995,0.9411,1.0303,1.0949
aw-cql-weight1-seed1,cql,230000,13,230000,8cb3fb6454d7d144,-6134.82421875,29838,52509,8.8903,0.4443,8.4459,38.7252,0.2181,0.8974,1.0647,1.1865
aw-cql-weight1-seed1,cql,230000,14,230000,8cb3fb6454d7d144,-6134.82421875,36307,14110,15.3671,0.7113,14.6558,38.7252,0.37846,0.9456,1.2887,1.3629
aw-cql-weight1-seed1,cql,231000,0,231000,c8ae851701f50dc8,-6163.23828125,237311,68413,30.1979,15.752,14.4459,39.5184,0.36555,0.8504,1.4213,1.6714
aw-cql-weight1-seed1,cql,231000,2,231000,c8ae851701f50dc8,-6163.23828125,168808,33814,15.7535,5.9252,9.8284,39.5184,0.2487,0.8955,1.1162,1.2465
aw-cql-weight1-seed1,cql,231000,4,231000,c8ae851701f50dc8,-6163.23828125,35214,133999,7.3476,1.4237,5.9239,39.5184,0.1499,0.8782,0.9898,1.127
aw-cql-weight1-seed1,cql,231000,5,231000,c8ae851701f50dc8,-6163.23828125,40938,30344,10.8611,-0.3509,11.2121,39.5184,0.28372,0.9221,1.132,1.2276
aw-cql-weight1-seed1,cql,231000,6,231000,c8ae851701f50dc8,-6163.23828125,51996,11915,13.691,2.5171,11.1739,39.5184,0.28275,0.9466,1.2364,1.3061
aw-cql-weight1-seed1,cql,231000,7,231000,c8ae851701f50dc8,-6163.23828125,64933,19513,13.7478,6.1719,7.5759,39.5184,0.19171,0.9123,1.1801,1.2935
aw-cql-weight1-seed1,cql,231000,11,231000,c8ae851701f50dc8,-6163.23828125,76763,39227,7.1475,2.2285,4.9189,39.5184,0.12447,0.9589,1.0759,1.122
aw-cql-weight1-seed1,cql,231000,12,231000,c8ae851701f50dc8,-6163.23828125,33583,82841,6.3027,2.4335,3.8693,39.5184,0.09791,0.94,1.0307,1.0965
aw-cql-weight1-seed1,cql,231000,13,231000,c8ae851701f50dc8,-6163.23828125,29838,52509,9.2788,0.6348,8.6439,39.5184,0.21873,0.8975,1.0655,1.1871
aw-cql-weight1-seed1,cql,231000,14,231000,c8ae851701f50dc8,-6163.23828125,36307,14110,15.1514,0.5984,14.553,39.5184,0.36826,0.9475,1.2935,1.3652
aw-cql-weight1-seed1,cql,232000,0,232000,8af8d35539d23a54,-6192.851074219,237311,68413,29.8957,15.7753,14.1204,39.1346,0.36082,0.8483,1.4197,1.6735
aw-cql-weight1-seed1,cql,232000,2,232000,8af8d35539d23a54,-6192.851074219,168808,33814,16.2413,5.9435,10.2977,39.1346,0.26314,0.8945,1.1129,1.2442
aw-cql-weight1-seed1,cql,232000,4,232000,8af8d35539d23a54,-6192.851074219,35214,133999,8.0283,1.6274,6.4009,39.1346,0.16356,0.8803,0.9897,1.1243
aw-cql-weight1-seed1,cql,232000,5,232000,8af8d35539d23a54,-6192.851074219,40938,30344,10.8822,-0.1972,11.0794,39.1346,0.28311,0.9225,1.1333,1.2285
aw-cql-weight1-seed1,cql,232000,6,232000,8af8d35539d23a54,-6192.851074219,51996,11915,14.4203,3.3482,11.0721,39.1346,0.28292,0.9492,1.2494,1.3162
aw-cql-weight1-seed1,cql,232000,7,232000,8af8d35539d23a54,-6192.851074219,64933,19513,13.7566,6.2026,7.5539,39.1346,0.19302,0.9176,1.1803,1.2862
aw-cql-weight1-seed1,cql,232000,11,232000,8af8d35539d23a54,-6192.851074219,76763,39227,6.9801,2.2662,4.7139,39.1346,0.12045,0.9605,1.0785,1.1228
aw-cql-weight1-seed1,cql,232000,12,232000,8af8d35539d23a54,-6192.851074219,33583,82841,6.0289,2.417,3.6119,39.1346,0.0923,0.9416,1.0314,1.0954
aw-cql-weight1-seed1,cql,232000,13,232000,8af8d35539d23a54,-6192.851074219,29838,52509,9.3038,0.754,8.5498,39.1346,0.21847,0.8985,1.067,1.1875
aw-cql-weight1-seed1,cql,232000,14,232000,8af8d35539d23a54,-6192.851074219,36307,14110,15.3969,0.6737,14.7232,39.1346,0.37622,0.9475,1.2942,1.3659
aw-cql-weight1-seed1,cql,233000,0,233000,2f1db6192e36f376,-6210.597167969,237311,68413,29.904,15.4222,14.4818,39.2513,0.36895,0.8478,1.4045,1.6567
aw-cql-weight1-seed1,cql,233000,2,233000,2f1db6192e36f376,-6210.597167969,168808,33814,16.1019,5.8236,10.2783,39.2513,0.26186,0.8947,1.1115,1.2423
aw-cql-weight1-seed1,cql,233000,4,233000,2f1db6192e36f376,-6210.597167969,35214,133999,8.0508,1.5051,6.5457,39.2513,0.16676,0.8796,0.9914,1.127
aw-cql-weight1-seed1,cql,233000,5,233000,2f1db6192e36f376,-6210.597167969,40938,30344,11.0259,-0.3245,11.3503,39.2513,0.28917,0.9235,1.1374,1.2316
aw-cql-weight1-seed1,cql,233000,6,233000,2f1db6192e36f376,-6210.597167969,51996,11915,14.2302,3.0421,11.188,39.2513,0.28504,0.9458,1.2479,1.3195
aw-cql-weight1-seed1,cql,233000,7,233000,2f1db6192e36f376,-6210.597167969,64933,19513,14.0324,6.3284,7.704,39.2513,0.19627,0.9108,1.1812,1.2968
aw-cql-weight1-seed1,cql,233000,11,233000,2f1db6192e36f376,-6210.597167969,76763,39227,7.2895,2.3145,4.9751,39.2513,0.12675,0.9609,1.0831,1.1272
aw-cql-weight1-seed1,cql,233000,12,233000,2f1db6192e36f376,-6210.597167969,33583,82841,6.0712,2.3301,3.7411,39.2513,0.09531,0.9404,1.0314,1.0968
aw-cql-weight1-seed1,cql,233000,13,233000,2f1db6192e36f376,-6210.597167969,29838,52509,8.9303,0.6004,8.3298,39.2513,0.21222,0.8957,1.067,1.1912
aw-cql-weight1-seed1,cql,233000,14,233000,2f1db6192e36f376,-6210.597167969,36307,14110,15.6761,1.0,14.6761,39.2513,0.3739,0.9482,1.3031,1.3743
aw-cql-weight1-seed1,cql,234000,0,234000,b93b77d422f51a8d,-6242.425292969,237311,68413,29.7189,15.7417,13.9772,39.0511,0.35792,0.8479,1.4146,1.6683
aw-cql-weight1-seed1,cql,234000,2,234000,b93b77d422f51a8d,-6242.425292969,168808,33814,16.1114,5.9095,10.2019,39.0511,0.26125,0.894,1.109,1.2405
aw-cql-weight1-seed1,cql,234000,4,234000,b93b77d422f51a8d,-6242.425292969,35214,133999,7.8675,1.4967,6.3708,39.0511,0.16314,0.8807,0.9884,1.1222
aw-cql-weight1-seed1,cql,234000,5,234000,b93b77d422f51a8d,-6242.425292969,40938,30344,10.9005,-0.377,11.2775,39.0511,0.28879,0.9212,1.1336,1.2305
aw-cql-weight1-seed1,cql,234000,6,234000,b93b77d422f51a8d,-6242.425292969,51996,11915,14.3946,2.9939,11.4007,39.0511,0.29194,0.9457,1.2417,1.313
aw-cql-weight1-seed1,cql,234000,7,234000,b93b77d422f51a8d,-6242.425292969,64933,19513,13.9291,6.0874,7.8417,39.0511,0.20081,0.9136,1.1806,1.2922
aw-cql-weight1-seed1,cql,234000,11,234000,b93b77d422f51a8d,-6242.425292969,76763,39227,7.0257,2.2735,4.7522,39.0511,0.12169,0.9617,1.0807,1.1237
aw-cql-weight1-seed1,cql,234000,12,234000,b93b77d422f51a8d,-6242.425292969,33583,82841,5.937,2.3921,3.5448,39.0511,0.09077,0.9418,1.0308,1.0946
aw-cql-weight1-seed1,cql,234000,13,234000,b93b77d422f51a8d,-6242.425292969,29838,52509,9.0489,0.5793,8.4696,39.0511,0.21689,0.8982,1.0642,1.1849
aw-cql-weight1-seed1,cql,234000,14,234000,b93b77d422f51a8d,-6242.425292969,36307,14110,15.8188,0.7589,15.06,39.0511,0.38565,0.9448,1.2905,1.3659
aw-cql-weight1-seed1,cql,235000,0,235000,e550a7a1b34fd63c,-6270.71875,237311,68413,29.6942,15.6801,14.0141,39.1499,0.35796,0.849,1.4175,1.6696
aw-cql-weight1-seed1,cql,235000,2,235000,e550a7a1b34fd63c,-6270.71875,168808,33814,15.7508,5.7317,10.0191,39.1499,0.25592,0.8949,1.1129,1.2436
aw-cql-weight1-seed1,cql,235000,4,235000,e550a7a1b34fd63c,-6270.71875,35214,133999,7.6469,1.4907,6.1562,39.1499,0.15725,0.8807,0.9906,1.1248
aw-cql-weight1-seed1,cql,235000,5,235000,e550a7a1b34fd63c,-6270.71875,40938,30344,10.8879,-0.3945,11.2824,39.1499,0.28818,0.9247,1.1381,1.2307
aw-cql-weight1-seed1,cql,235000,6,235000,e550a7a1b34fd63c,-6270.71875,51996,11915,14.3055,2.8381,11.4674,39.1499,0.29291,0.948,1.2474,1.3158
aw-cql-weight1-seed1,cql,235000,7,235000,e550a7a1b34fd63c,-6270.71875,64933,19513,13.5634,5.8289,7.7345,39.1499,0.19756,0.9116,1.178,1.2923
aw-cql-weight1-seed1,cql,235000,11,235000,e550a7a1b34fd63c,-6270.71875,76763,39227,7.0505,2.2913,4.7592,39.1499,0.12156,0.9593,1.0783,1.124
aw-cql-weight1-seed1,cql,235000,12,235000,e550a7a1b34fd63c,-6270.71875,33583,82841,6.3924,2.4479,3.9445,39.1499,0.10075,0.9414,1.0308,1.095
aw-cql-weight1-seed1,cql,235000,13,235000,e550a7a1b34fd63c,-6270.71875,29838,52509,8.761,0.419,8.342,39.1499,0.21308,0.899,1.0673,1.1872
aw-cql-weight1-seed1,cql,235000,14,235000,e550a7a1b34fd63c,-6270.71875,36307,14110,15.6554,0.8483,14.8071,39.1499,0.37822,0.9488,1.3031,1.3734
aw-cql-weight1-seed1,cql,236000,0,236000,9a8ee4f2633f5281,-6284.002929688,237311,68413,29.7699,15.6343,14.1356,39.1122,0.36141,0.8481,1.4127,1.6658
aw-cql-weight1-seed1,cql,236000,2,236000,9a8ee4f2633f5281,-6284.002929688,168808,33814,15.9898,5.9446,10.0452,39.1122,0.25683,0.8963,1.113,1.2417
aw-cql-weight1-seed1,cql,236000,4,236000,9a8ee4f2633f5281,-6284.002929688,35214,133999,7.1916,1.5455,5.6461,39.1122,0.14436,0.8798,0.9868,1.1216
aw-cql-weight1-seed1,cql,236000,5,236000,9a8ee4f2633f5281,-6284.002929688,40938,30344,10.7602,-0.3733,11.1335,39.1122,0.28466,0.9211,1.1321,1.2291
aw-cql-weight1-seed1,cql,236000,6,236000,9a8ee4f2633f5281,-6284.002929688,51996,11915,14.0769,2.5461,11.5308,39.1122,0.29481,0.9454,1.2395,1.3111
aw-cql-weight1-seed1,cql,236000,7,236000,9a8ee4f2633f5281,-6284.002929688,64933,19513,13.5143,5.6788,7.8355,39.1122,0.20033,0.9106,1.1752,1.2906
aw-cql-weight1-seed1,cql,236000,11,236000,9a8ee4f2633f5281,-6284.002929688,76763,39227,6.4751,1.8773,4.5978,39.1122,0.11755,0.9594,1.0771,1.1227
aw-cql-weight1-seed1,cql,236000,12,236000,9a8ee4f2633f5281,-6284.002929688,33583,82841,6.3208,2.4782,3.8425,39.1122,0.09824,0.9413,1.029,1.0933
aw-cql-weight1-seed1,cql,236000,13,236000,9a8ee4f2633f5281,-6284.002929688,29838,52509,9.2179,0.7324,8.4855,39.1122,0.21695,0.8977,1.0619,1.1829
aw-cql-weight1-seed1,cql,236000,14,236000,9a8ee4f2633f5281,-6284.002929688,36307,14110,15.3209,0.5899,14.731,39.1122,0.37663,0.9465,1.2896,1.3624
aw-cql-weight1-seed1,cql,237000,0,237000,ea5aee07fc4c6604,-6313.10546875,237311,68413,29.5379,15.6354,13.9025,38.8452,0.35789,0.8481,1.4232,1.6781
aw-cql-weight1-seed1,cql,237000,2,237000,ea5aee07fc4c6604,-6313.10546875,168808,33814,15.7653,5.9577,9.8076,38.8452,0.25248,0.8936,1.1103,1.2425
aw-cql-weight1-seed1,cql,237000,4,237000,ea5aee07fc4c6604,-6313.10546875,35214,133999,7.049,1.3564,5.6926,38.8452,0.14655,0.8825,0.9879,1.1195
aw-cql-weight1-seed1,cql,237000,5,237000,ea5aee07fc4c6604,-6313.10546875,40938,30344,10.8574,-0.3929,11.2503,38.8452,0.28962,0.9262,1.1358,1.2264
aw-cql-weight1-seed1,cql,237000,6,237000,ea5aee07fc4c6604,-6313.10546875,51996,11915,14.001,2.6513,11.3498,38.8452,0.29218,0.947,1.2481,1.3179
aw-cql-weight1-seed1,cql,237000,7,237000,ea5aee07fc4c6604,-6313.10546875,64933,19513,13.633,5.9991,7.6339,38.8452,0.19652,0.9125,1.1781,1.2911
aw-cql-weight1-seed1,cql,237000,11,237000,ea5aee07fc4c6604,-6313.10546875,76763,39227,6.7046,2.0719,4.6327,38.8452,0.11926,0.9605,1.0775,1.1219
aw-cql-weight1-seed1,cql,237000,12,237000,ea5aee07fc4c6604,-6313.10546875,33583,82841,5.1382,1.9451,3.1931,38.8452,0.0822,0.9431,1.0289,1.091
aw-cql-weight1-seed1,cql,237000,13,237000,ea5aee07fc4c6604,-6313.10546875,29838,52509,8.3075,0.3106,7.9969,38.8452,0.20587,0.9018,1.0634,1.1792
aw-cql-weight1-seed1,cql,237000,14,237000,ea5aee07fc4c6604,-6313.10546875,36307,14110,15.6264,0.9574,14.669,38.8452,0.37763,0.9521,1.2986,1.3639
aw-cql-weight1-seed1,cql,238000,0,238000,85a68f42f12578ce,-6341.539550781,237311,68413,29.6685,15.577,14.0915,39.3943,0.3577,0.8485,1.423,1.677
aw-cql-weight1-seed1,cql,238000,2,238000,85a68f42f12578ce,-6341.539550781,168808,33814,15.8095,5.9882,9.8213,39.3943,0.24931,0.8945,1.1147,1.2462
aw-cql-weight1-seed1,cql,238000,4,238000,85a68f42f12578ce,-6341.539550781,35214,133999,7.7488,1.5385,6.2103,39.3943,0.15764,0.881,0.9893,1.123
aw-cql-weight1-seed1,cql,238000,5,238000,85a68f42f12578ce,-6341.539550781,40938,30344,11.1473,-0.246,11.3933,39.3943,0.28921,0.9234,1.1352,1.2294
aw-cql-weight1-seed1,cql,238000,6,238000,85a68f42f12578ce,-6341.539550781,51996,11915,14.1131,2.7256,11.3875,39.3943,0.28907,0.9464,1.2427,1.3131
aw-cql-weight1-seed1,cql,238000,7,238000,85a68f42f12578ce,-6341.539550781,64933,19513,13.513,6.0205,7.4925,39.3943,0.19019,0.9118,1.1769,1.2907
aw-cql-weight1-seed1,cql,238000,11,238000,85a68f42f12578ce,-6341.539550781,76763,39227,7.3187,2.1978,5.1209,39.3943,0.12999,0.9604,1.0784,1.1229
aw-cql-weight1-seed1,cql,238000,12,238000,85a68f42f12578ce,-6341.539550781,33583,82841,5.9389,2.2753,3.6635,39.3943,0.093,0.9434,1.0302,1.092
aw-cql-weight1-seed1,cql,238000,13,238000,85a68f42f12578ce,-6341.539550781,29838,52509,8.9388,0.5961,8.3427,39.3943,0.21177,0.9007,1.0648,1.1822
aw-cql-weight1-seed1,cql,238000,14,238000,85a68f42f12578ce,-6341.539550781,36307,14110,15.9161,0.7138,15.2022,39.3943,0.3859,0.9479,1.2954,1.3665
aw-cql-weight1-seed1,cql,239000,0,239000,42f247531f7148e8,-6371.568847656,237311,68413,29.3472,15.3359,14.0113,38.7477,0.3616,0.8496,1.4282,1.681
aw-cql-weight1-seed1,cql,239000,2,239000,42f247531f7148e8,-6371.568847656,168808,33814,15.7201,5.7079,10.0122,38.7477,0.2584,0.8943,1.1135,1.2451
aw-cql-weight1-seed1,cql,239000,4,239000,42f247531f7148e8,-6371.568847656,35214,133999,7.5826,1.5391,6.0435,38.7477,0.15597,0.8794,0.9874,1.1228
aw-cql-weight1-seed1,cql,239000,5,239000,42f247531f7148e8,-6371.568847656,40938,30344,10.7795,-0.2868,11.0663,38.7477,0.2856,0.9224,1.1319,1.2272
aw-cql-weight1-seed1,cql,239000,6,239000,42f247531f7148e8,-6371.568847656,51996,11915,13.9398,2.4285,11.5114,38.7477,0.29709,0.9459,1.2391,1.3099
aw-cql-weight1-seed1,cql,239000,7,239000,42f247531f7148e8,-6371.568847656,64933,19513,13.3841,5.9519,7.4322,38.7477,0.19181,0.9106,1.178,1.2936
aw-cql-weight1-seed1,cql,239000,11,239000,42f247531f7148e8,-6371.568847656,76763,39227,6.6505,2.0552,4.5954,38.7477,0.1186,0.9598,1.0773,1.1224
aw-cql-weight1-seed1,cql,239000,12,239000,42f247531f7148e8,-6371.568847656,33583,82841,5.4965,2.066,3.4305,38.7477,0.08853,0.9423,1.0296,1.0927
aw-cql-weight1-seed1,cql,239000,13,239000,42f247531f7148e8,-6371.568847656,29838,52509,9.007,0.6585,8.3485,38.7477,0.21546,0.8981,1.0619,1.1824
aw-cql-weight1-seed1,cql,239000,14,239000,42f247531f7148e8,-6371.568847656,36307,14110,15.5278,0.6736,14.8542,38.7477,0.38336,0.9467,1.2867,1.3592
aw-cql-weight1-seed1,cql,240000,0,240000,7b3b4f30da8a7e5f,-6392.898925781,237311,68413,29.3662,15.5038,13.8624,38.8451,0.35686,0.8479,1.4212,1.6761
aw-cql-weight1-seed1,cql,240000,2,240000,7b3b4f30da8a7e5f,-6392.898925781,168808,33814,15.6522,5.607,10.0452,38.8451,0.2586,0.8933,1.1106,1.2433
aw-cql-weight1-seed1,cql,240000,4,240000,7b3b4f30da8a7e5f,-6392.898925781,35214,133999,8.0831,1.6345,6.4486,38.8451,0.16601,0.8794,0.9912,1.1272
aw-cql-weight1-seed1,cql,240000,5,240000,7b3b4f30da8a7e5f,-6392.898925781,40938,30344,10.4707,-0.4169,10.8876,38.8451,0.28028,0.9235,1.1391,1.2335
aw-cql-weight1-seed1,cql,240000,6,240000,7b3b4f30da8a7e5f,-6392.898925781,51996,11915,13.8711,2.2591,11.612,38.8451,0.29893,0.9456,1.2446,1.3162
aw-cql-weight1-seed1,cql,240000,7,240000,7b3b4f30da8a7e5f,-6392.898925781,64933,19513,13.1632,5.8068,7.3564,38.8451,0.18938,0.9106,1.1736,1.2888
aw-cql-weight1-seed1,cql,240000,11,240000,7b3b4f30da8a7e5f,-6392.898925781,76763,39227,6.5148,1.9237,4.5911,38.8451,0.11819,0.959,1.0779,1.124
aw-cql-weight1-seed1,cql,240000,12,240000,7b3b4f30da8a7e5f,-6392.898925781,33583,82841,5.5639,2.1482,3.4157,38.8451,0.08793,0.9403,1.0282,1.0935
aw-cql-weight1-seed1,cql,240000,13,240000,7b3b4f30da8a7e5f,-6392.898925781,29838,52509,8.4157,0.4927,7.923,38.8451,0.20396,0.9003,1.067,1.1851
aw-cql-weight1-seed1,cql,240000,14,240000,7b3b4f30da8a7e5f,-6392.898925781,36307,14110,15.2193,0.5129,14.7064,38.8451,0.37859,0.9509,1.3022,1.3695
aw-cql-weight1-seed1,cql,241000,0,241000,4292bc8040859051,-6424.733398438,237311,68413,29.4602,15.5596,13.9006,38.9691,0.35671,0.8493,1.415,1.6661
aw-cql-weight1-seed1,cql,241000,2,241000,4292bc8040859051,-6424.733398438,168808,33814,15.3728,5.3971,9.9757,38.9691,0.25599,0.8942,1.11,1.2413
aw-cql-weight1-seed1,cql,241000,4,241000,4292bc8040859051,-6424.733398438,35214,133999,7.8277,1.4753,6.3524,38.9691,0.16301,0.8795,0.9908,1.1266
aw-cql-weight1-seed1,cql,241000,5,241000,4292bc8040859051,-6424.733398438,40938,30344,10.6599,-0.5011,11.161,38.9691,0.28641,0.9197,1.1325,1.2314
aw-cql-weight1-seed1,cql,241000,6,241000,4292bc8040859051,-6424.733398438,51996,11915,14.1769,2.327,11.8499,38.9691,0.30408,0.946,1.2397,1.3105
aw-cql-weight1-seed1,cql,241000,7,241000,4292bc8040859051,-6424.733398438,64933,19513,13.5355,5.8377,7.6978,38.9691,0.19754,0.9113,1.1743,1.2887
aw-cql-weight1-seed1,cql,241000,11,241000,4292bc8040859051,-6424.733398438,76763,39227,6.0898,1.7802,4.3095,38.9691,0.11059,0.9595,1.0766,1.122
aw-cql-weight1-seed1,cql,241000,12,241000,4292bc8040859051,-6424.733398438,33583,82841,5.72,2.0949,3.6251,38.9691,0.09303,0.9423,1.0299,1.093
aw-cql-weight1-seed1,cql,241000,13,241000,4292bc8040859051,-6424.733398438,29838,52509,8.9479,0.4688,8.4791,38.9691,0.21759,0.897,1.0648,1.187
aw-cql-weight1-seed1,cql,241000,14,241000,4292bc8040859051,-6424.733398438,36307,14110,15.4632,0.5894,14.8738,38.9691,0.38168,0.9462,1.2948,1.3685
aw-cql-weight1-seed1,cql,242000,0,242000,de0559f8e5eee01a,-6461.416992188,237311,68413,29.3062,15.061,14.2452,38.7024,0.36807,0.8491,1.4206,1.673
aw-cql-weight1-seed1,cql,242000,2,242000,de0559f8e5eee01a,-6461.416992188,168808,33814,15.7278,5.8108,9.917,38.7024,0.25624,0.895,1.1071,1.237
aw-cql-weight1-seed1,cql,242000,4,242000,de0559f8e5eee01a,-6461.416992188,35214,133999,6.9693,1.4229,5.5464,38.7024,0.14331,0.8818,0.9889,1.1215
aw-cql-weight1-seed1,cql,242000,5,242000,de0559f8e5eee01a,-6461.416992188,40938,30344,10.1512,-0.4829,10.6341,38.7024,0.27477,0.9253,1.1364,1.2281
aw-cql-weight1-seed1,cql,242000,6,242000,de0559f8e5eee01a,-6461.416992188,51996,11915,13.9456,2.6784,11.2671,38.7024,0.29112,0.9451,1.2382,1.3102
aw-cql-weight1-seed1,cql,242000,7,242000,de0559f8e5eee01a,-6461.416992188,64933,19513,13.1626,5.8001,7.3625,38.7024,0.19023,0.9128,1.1736,1.2858
aw-cql-weight1-seed1,cql,242000,11,242000,de0559f8e5eee01a,-6461.416992188,76763,39227,6.6003,2.0483,4.552,38.7024,0.11762,0.9601,1.0771,1.122
aw-cql-weight1-seed1,cql,242000,12,242000,de0559f8e5eee01a,-6461.416992188,33583,82841,5.5139,2.1557,3.3582,38.7024,0.08677,0.942,1.0296,1.093
aw-cql-weight1-seed1,cql,242000,13,242000,de0559f8e5eee01a,-6461.416992188,29838,52509,8.2014,0.4288,7.7726,38.7024,0.20083,0.9011,1.0647,1.1816
aw-cql-weight1-seed1,cql,242000,14,242000,de0559f8e5eee01a,-6461.416992188,36307,14110,14.8725,0.4822,14.3903,38.7024,0.37182,0.9516,1.2921,1.3578
aw-cql-weight1-seed1,cql,243000,0,243000,b73a34ff59c5af44,-6491.350097656,237311,68413,29.8553,15.2746,14.5806,39.2489,0.37149,0.848,1.4123,1.6654
aw-cql-weight1-seed1,cql,243000,2,243000,b73a34ff59c5af44,-6491.350097656,168808,33814,15.5258,5.7777,9.7481,39.2489,0.24837,0.8938,1.1123,1.2444
aw-cql-weight1-seed1,cql,243000,4,243000,b73a34ff59c5af44,-6491.350097656,35214,133999,7.4996,1.5468,5.9528,39.2489,0.15167,0.882,0.9888,1.1212
aw-cql-weight1-seed1,cql,243000,5,243000,b73a34ff59c5af44,-6491.350097656,40938,30344,11.1122,-0.3094,11.4216,39.2489,0.291,0.923,1.1338,1.2284
aw-cql-weight1-seed1,cql,243000,6,243000,b73a34ff59c5af44,-6491.350097656,51996,11915,13.8281,2.6027,11.2255,39.2489,0.28601,0.9467,1.2408,1.3106
aw-cql-weight1-seed1,cql,243000,7,243000,b73a34ff59c5af44,-6491.350097656,64933,19513,13.3126,5.9769,7.3357,39.2489,0.1869,0.9133,1.175,1.2865
aw-cql-weight1-seed1,cql,243000,11,243000,b73a34ff59c5af44,-6491.350097656,76763,39227,6.9045,2.2471,4.6574,39.2489,0.11866,0.9594,1.0763,1.1219
aw-cql-weight1-seed1,cql,243000,12,243000,b73a34ff59c5af44,-6491.350097656,33583,82841,5.4965,2.1713,3.3252,39.2489,0.08472,0.9409,1.0288,1.0934
aw-cql-weight1-seed1,cql,243000,13,243000,b73a34ff59c5af44,-6491.350097656,29838,52509,8.4445,0.487,7.9575,39.2489,0.20275,0.8982,1.0638,1.1844
aw-cql-weight1-seed1,cql,243000,14,243000,b73a34ff59c5af44,-6491.350097656,36307,14110,15.7511,1.0268,14.7243,39.2489,0.37515,0.9479,1.2966,1.3679
aw-cql-weight1-seed1,cql,244000,0,244000,213aa6cab8ddd67a,-6512.933105469,237311,68413,29.6938,15.5386,14.1552,39.1203,0.36184,0.8481,1.4169,1.6708
aw-cql-weight1-seed1,cql,244000,2,244000,213aa6cab8ddd67a,-6512.933105469,168808,33814,15.7812,5.7338,10.0474,39.1203,0.25683,0.8944,1.1094,1.2404
aw-cql-weight1-seed1,cql,244000,4,244000,213aa6cab8ddd67a,-6512.933105469,35214,133999,7.499,1.3731,6.126,39.1203,0.15659,0.8809,0.987,1.1204
aw-cql-weight1-seed1,cql,244000,5,244000,213aa6cab8ddd67a,-6512.933105469,40938,30344,10.3534,-0.4873,10.8407,39.1203,0.27711,0.9221,1.1297,1.2251
aw-cql-weight1-seed1,cql,244000,6,244000,213aa6cab8ddd67a,-6512.933105469,51996,11915,14.2077,2.894,11.3137,39.1203,0.2892,0.9456,1.2417,1.3132
aw-cql-weight1-seed1,cql,244000,7,244000,213aa6cab8ddd67a,-6512.933105469,64933,19513,13.3407,5.8717,7.469,39.1203,0.19092,0.9116,1.1786,1.2929
aw-cql-weight1-seed1,cql,244000,11,244000,213aa6cab8ddd67a,-6512.933105469,76763,39227,6.6659,2.1212,4.5447,39.1203,0.11617,0.9609,1.0794,1.1234
aw-cql-weight1-seed1,cql,244000,12,244000,213aa6cab8ddd67a,-6512.933105469,33583,82841,4.8508,1.9459,2.9049,39.1203,0.07426,0.9421,1.027,1.0901
aw-cql-weight1-seed1,cql,244000,13,244000,213aa6cab8ddd67a,-6512.933105469,29838,52509,8.1016,0.4441,7.6575,39.1203,0.19574,0.8987,1.0615,1.1812
aw-cql-weight1-seed1,cql,244000,14,244000,213aa6cab8ddd67a,-6512.933105469,36307,14110,15.2691,0.8275,14.4416,39.1203,0.36916,0.9475,1.2923,1.3638
aw-cql-weight1-seed1,cql,245000,0,245000,307c9dec86379f40,-6544.28515625,237311,68413,29.3273,15.2044,14.1229,38.5968,0.36591,0.8485,1.4173,1.6703
aw-cql-weight1-seed1,cql,245000,2,245000,307c9dec86379f40,-6544.28515625,168808,33814,15.4394,5.4913,9.9481,38.5968,0.25774,0.8937,1.1079,1.2397
aw-cql-weight1-seed1,cql,245000,4,245000,307c9dec86379f40,-6544.28515625,35214,133999,8.0294,1.6377,6.3917,38.5968,0.1656,0.8784,0.9895,1.1265
aw-cql-weight1-seed1,cql,245000,5,245000,307c9dec86379f40,-6544.28515625,40938,30344,11.3087,-0.2168,11.5254,38.5968,0.29861,0.9225,1.1332,1.2285
aw-cql-weight1-seed1,cql,245000,6,245000,307c9dec86379f40,-6544.28515625,51996,11915,14.2056,2.6536,11.552,38.5968,0.2993,0.9479,1.2454,1.3138
aw-cql-weight1-seed1,cql,245000,7,245000,307c9dec86379f40,-6544.28515625,64933,19513,13.6414,5.9091,7.7323,38.5968,0.20033,0.9122,1.1758,1.2889
aw-cql-weight1-seed1,cql,245000,11,245000,307c9dec86379f40,-6544.28515625,76763,39227,6.0423,1.8636,4.1787,38.5968,0.10827,0.9603,1.0775,1.1221
aw-cql-weight1-seed1,cql,245000,12,245000,307c9dec86379f40,-6544.28515625,33583,82841,5.2427,2.0389,3.2038,38.5968,0.08301,0.9431,1.0301,1.0923
aw-cql-weight1-seed1,cql,245000,13,245000,307c9dec86379f40,-6544.28515625,29838,52509,8.9074,0.5273,8.3801,38.5968,0.21712,0.8974,1.0624,1.1838
aw-cql-weight1-seed1,cql,245000,14,245000,307c9dec86379f40,-6544.28515625,36307,14110,15.9397,1.1268,14.8129,38.5968,0.38379,0.9492,1.2904,1.3595
aw-cql-weight1-seed1,cql,246000,0,246000,bde323e418f61fbb,-6567.044433594,237311,68413,29.2904,15.2423,14.0481,38.5383,0.36452,0.8479,1.4209,1.6757
aw-cql-weight1-seed1,cql,246000,2,246000,bde323e418f61fbb,-6567.044433594,168808,33814,15.481,5.5927,9.8883,38.5383,0.25658,0.8938,1.1071,1.2387
aw-cql-weight1-seed1,cql,246000,4,246000,bde323e418f61fbb,-6567.044433594,35214,133999,6.8698,1.3789,5.4909,38.5383,0.14248,0.8801,0.9867,1.1211
aw-cql-weight1-seed1,cql,246000,5,246000,bde323e418f61fbb,-6567.044433594,40938,30344,10.3268,-0.3752,10.702,38.5383,0.2777,0.9228,1.1296,1.2241
aw-cql-weight1-seed1,cql,246000,6,246000,bde323e418f61fbb,-6567.044433594,51996,11915,13.8618,2.4747,11.3871,38.5383,0.29548,0.9468,1.2455,1.3154
aw-cql-weight1-seed1,cql,246000,7,246000,bde323e418f61fbb,-6567.044433594,64933,19513,13.7834,6.0865,7.6969,38.5383,0.19972,0.9116,1.1781,1.2922
aw-cql-weight1-seed1,cql,246000,11,246000,bde323e418f61fbb,-6567.044433594,76763,39227,6.8219,2.0609,4.7611,38.5383,0.12354,0.9632,1.0814,1.1227
aw-cql-weight1-seed1,cql,246000,12,246000,bde323e418f61fbb,-6567.044433594,33583,82841,5.5023,2.1468,3.3555,38.5383,0.08707,0.9427,1.0298,1.0924
aw-cql-weight1-seed1,cql,246000,13,246000,bde323e418f61fbb,-6567.044433594,29838,52509,8.0078,0.4174,7.5904,38.5383,0.19696,0.8967,1.0611,1.1834
aw-cql-weight1-seed1,cql,246000,14,246000,bde323e418f61fbb,-6567.044433594,36307,14110,15.489,0.7041,14.7849,38.5383,0.38364,0.946,1.2913,1.365
aw-cql-weight1-seed1,cql,247000,0,247000,31851769f60a5b6a,-6602.618164062,237311,68413,29.4295,15.425,14.0045,38.5312,0.36346,0.8475,1.4039,1.6566
aw-cql-weight1-seed1,cql,247000,2,247000,31851769f60a5b6a,-6602.618164062,168808,33814,15.5732,5.7519,9.8212,38.5312,0.25489,0.8936,1.1093,1.2413
aw-cql-weight1-seed1,cql,247000,4,247000,31851769f60a5b6a,-6602.618164062,35214,133999,7.7659,1.6335,6.1324,38.5312,0.15915,0.8789,0.9878,1.1238
aw-cql-weight1-seed1,cql,247000,5,247000,31851769f60a5b6a,-6602.618164062,40938,30344,11.1504,-0.1469,11.2973,38.5312,0.2932,0.9229,1.1331,1.2278
aw-cql-weight1-seed1,cql,247000,6,247000,31851769f60a5b6a,-6602.618164062,51996,11915,14.5924,2.7175,11.875,38.5312,0.30819,0.9472,1.2432,1.3125
aw-cql-weight1-seed1,cql,247000,7,247000,31851769f60a5b6a,-6602.618164062,64933,19513,13.5423,5.9044,7.6378,38.5312,0.19822,0.9121,1.1777,1.2911
aw-cql-weight1-seed1,cql,247000,11,247000,31851769f60a5b6a,-6602.618164062,76763,39227,6.623,2.0827,4.5403,38.5312,0.11783,0.9608,1.0787,1.1227
aw-cql-weight1-seed1,cql,247000,12,247000,31851769f60a5b6a,-6602.618164062,33583,82841,5.3909,2.1069,3.284,38.5312,0.08523,0.9407,1.0289,1.0937
aw-cql-weight1-seed1,cql,247000,13,247000,31851769f60a5b6a,-6602.618164062,29838,52509,8.7209,0.5755,8.1454,38.5312,0.2114,0.8988,1.0642,1.184
aw-cql-weight1-seed1,cql,247000,14,247000,31851769f60a5b6a,-6602.618164062,36307,14110,15.5941,0.8235,14.7706,38.5312,0.38334,0.946,1.2904,1.3641
aw-cql-weight1-seed1,cql,248000,0,248000,eb0ca1171c3c5fd3,-6626.409667969,237311,68413,29.613,15.4566,14.1564,39.0298,0.36271,0.8481,1.4126,1.6655
aw-cql-weight1-seed1,cql,248000,2,248000,eb0ca1171c3c5fd3,-6626.409667969,168808,33814,15.637,5.6993,9.9377,39.0298,0.25462,0.8937,1.1073,1.2389
aw-cql-weight1-seed1,cql,248000,4,248000,eb0ca1171c3c5fd3,-6626.409667969,35214,133999,7.1612,1.6011,5.56,39.0298,0.14246,0.8801,0.9863,1.1206
aw-cql-weight1-seed1,cql,248000,5,248000,eb0ca1171c3c5fd3,-6626.409667969,40938,30344,10.5984,-0.2048,10.8032,39.0298,0.27679,0.9223,1.1294,1.2245
aw-cql-weight1-seed1,cql,248000,6,248000,eb0ca1171c3c5fd3,-6626.409667969,51996,11915,14.378,2.818,11.56,39.0298,0.29618,0.9451,1.2412,1.3133
aw-cql-weight1-seed1,cql,248000,7,248000,eb0ca1171c3c5fd3,-6626.409667969,64933,19513,13.7565,5.9138,7.8427,39.0298,0.20094,0.9122,1.1758,1.2891
aw-cql-weight1-seed1,cql,248000,11,248000,eb0ca1171c3c5fd3,-6626.409667969,76763,39227,6.6224,2.0377,4.5847,39.0298,0.11747,0.9591,1.076,1.1218
aw-cql-weight1-seed1,cql,248000,12,248000,eb0ca1171c3c5fd3,-6626.409667969,33583,82841,5.2122,2.0945,3.1176,39.0298,0.07988,0.9408,1.0269,1.0914
aw-cql-weight1-seed1,cql,248000,13,248000,eb0ca1171c3c5fd3,-6626.409667969,29838,52509,8.1953,0.6536,7.5416,39.0298,0.19323,0.8989,1.0615,1.1809
aw-cql-weight1-seed1,cql,248000,14,248000,eb0ca1171c3c5fd3,-6626.409667969,36307,14110,15.0067,0.5008,14.506,39.0298,0.37166,0.9466,1.2856,1.3581
aw-cql-weight1-seed1,cql,249000,0,249000,f3808a95edd9a7aa,-6648.819335938,237311,68413,29.3355,15.3016,14.0339,38.7808,0.36188,0.8485,1.4045,1.6552
aw-cql-weight1-seed1,cql,249000,2,249000,f3808a95edd9a7aa,-6648.819335938,168808,33814,15.604,5.6465,9.9575,38.7808,0.25676,0.8934,1.1064,1.2383
aw-cql-weight1-seed1,cql,249000,4,249000,f3808a95edd9a7aa,-6648.819335938,35214,133999,6.6966,1.2675,5.4291,38.7808,0.13999,0.8797,0.988,1.123
aw-cql-weight1-seed1,cql,249000,5,249000,f3808a95edd9a7aa,-6648.819335938,40938,30344,9.8138,-0.5209,10.3347,38.7808,0.26649,0.9208,1.1328,1.2302
aw-cql-weight1-seed1,cql,249000,6,249000,f3808a95edd9a7aa,-6648.819335938,51996,11915,13.6096,2.4029,11.2067,38.7808,0.28898,0.9451,1.2398,1.3118
aw-cql-weight1-seed1,cql,249000,7,249000,f3808a95edd9a7aa,-6648.819335938,64933,19513,13.0487,5.7033,7.3454,38.7808,0.18941,0.9124,1.1727,1.2852
aw-cql-weight1-seed1,cql,249000,11,249000,f3808a95edd9a7aa,-6648.819335938,76763,39227,6.511,1.8886,4.6224,38.7808,0.11919,0.9583,1.0755,1.1222
aw-cql-weight1-seed1,cql,249000,12,249000,f3808a95edd9a7aa,-6648.819335938,33583,82841,5.1167,1.9704,3.1463,38.7808,0.08113,0.9429,1.0284,1.0907
aw-cql-weight1-seed1,cql,249000,13,249000,f3808a95edd9a7aa,-6648.819335938,29838,52509,7.7813,0.3174,7.4638,38.7808,0.19246,0.896,1.0621,1.1853
aw-cql-weight1-seed1,cql,249000,14,249000,f3808a95edd9a7aa,-6648.819335938,36307,14110,14.7981,0.4629,14.3352,38.7808,0.36965,0.9454,1.2904,1.3649
aw-cql-weight1-seed1,cql,250000,0,250000,872f5c48d7bc3c60,-6679.961425781,237311,68413,29.2593,15.074,14.1852,38.6389,0.36712,0.848,1.4051,1.657
aw-cql-weight1-seed1,cql,250000,2,250000,872f5c48d7bc3c60,-6679.961425781,168808,33814,15.4233,5.6387,9.7846,38.6389,0.25323,0.8937,1.1091,1.241
aw-cql-weight1-seed1,cql,250000,4,250000,872f5c48d7bc3c60,-6679.961425781,35214,133999,6.9626,1.5033,5.4593,38.6389,0.14129,0.8789,0.9876,1.1237
aw-cql-weight1-seed1,cql,250000,5,250000,872f5c48d7bc3c60,-6679.961425781,40938,30344,10.3108,-0.3489,10.6597,38.6389,0.27588,0.9213,1.1315,1.2281
aw-cql-weight1-seed1,cql,250000,6,250000,872f5c48d7bc3c60,-6679.961425781,51996,11915,13.8489,2.6059,11.243,38.6389,0.29098,0.9444,1.2419,1.315
aw-cql-weight1-seed1,cql,250000,7,250000,872f5c48d7bc3c60,-6679.961425781,64933,19513,13.4659,5.8678,7.5982,38.6389,0.19665,0.9116,1.1776,1.2917
aw-cql-weight1-seed1,cql,250000,11,250000,872f5c48d7bc3c60,-6679.961425781,76763,39227,6.6476,2.0747,4.5728,38.6389,0.11835,0.9609,1.0788,1.1227
aw-cql-weight1-seed1,cql,250000,12,250000,872f5c48d7bc3c60,-6679.961425781,33583,82841,5.5332,2.1321,3.4011,38.6389,0.08802,0.9414,1.0313,1.0954
aw-cql-weight1-seed1,cql,250000,13,250000,872f5c48d7bc3c60,-6679.961425781,29838,52509,7.7997,0.3862,7.4135,38.6389,0.19187,0.8973,1.0626,1.1843
aw-cql-weight1-seed1,cql,250000,14,250000,872f5c48d7bc3c60,-6679.961425781,36307,14110,14.9219,0.4287,14.4932,38.6389,0.37509,0.9459,1.2894,1.3631
aw-cql-weight1-seed1,cql,251000,0,251000,cf21953b15d62b39,-6707.204589844,237311,68413,29.6918,15.5943,14.0975,39.2279,0.35937,0.8488,1.4286,1.6831
aw-cql-weight1-seed1,cql,251000,2,251000,cf21953b15d62b39,-6707.204589844,168808,33814,15.8943,5.7497,10.1445,39.2279,0.25861,0.8935,1.1103,1.2426
aw-cql-weight1-seed1,cql,251000,4,251000,cf21953b15d62b39,-6707.204589844,35214,133999,7.5071,1.4462,6.0609,39.2279,0.1545,0.8781,0.9858,1.1227
aw-cql-weight1-seed1,cql,251000,5,251000,cf21953b15d62b39,-6707.204589844,40938,30344,10.4226,-0.4498,10.8724,39.2279,0.27716,0.9202,1.1263,1.2239
aw-cql-weight1-seed1,cql,251000,6,251000,cf21953b15d62b39,-6707.204589844,51996,11915,13.7722,2.5028,11.2694,39.2279,0.28728,0.9454,1.2367,1.3082
aw-cql-weight1-seed1,cql,251000,7,251000,cf21953b15d62b39,-6707.204589844,64933,19513,13.8441,6.2657,7.5784,39.2279,0.19319,0.9102,1.1777,1.294
aw-cql-weight1-seed1,cql,251000,11,251000,cf21953b15d62b39,-6707.204589844,76763,39227,7.207,2.2052,5.0019,39.2279,0.12751,0.96,1.0784,1.1233
aw-cql-weight1-seed1,cql,251000,12,251000,cf21953b15d62b39,-6707.204589844,33583,82841,5.7159,2.3004,3.4155,39.2279,0.08707,0.9397,1.0292,1.0953
aw-cql-weight1-seed1,cql,251000,13,251000,cf21953b15d62b39,-6707.204589844,29838,52509,8.3843,0.4607,7.9236,39.2279,0.20199,0.8967,1.0603,1.1825
aw-cql-weight1-seed1,cql,251000,14,251000,cf21953b15d62b39,-6707.204589844,36307,14110,15.1591,0.5409,14.6182,39.2279,0.37265,0.9462,1.2887,1.3619
aw-cql-weight1-seed1,cql,252000,0,252000,a59e93386fdc3662,-6731.234863281,237311,68413,29.5771,15.6847,13.8924,38.6393,0.35954,0.8477,1.4071,1.6599
aw-cql-weight1-seed1,cql,252000,2,252000,a59e93386fdc3662,-6731.234863281,168808,33814,15.6559,5.6668,9.9891,38.6393,0.25852,0.8938,1.1125,1.2448
aw-cql-weight1-seed1,cql,252000,4,252000,a59e93386fdc3662,-6731.234863281,35214,133999,7.4698,1.5577,5.9121,38.6393,0.15301,0.8783,0.9866,1.1233
aw-cql-weight1-seed1,cql,252000,5,252000,a59e93386fdc3662,-6731.234863281,40938,30344,10.5709,-0.3567,10.9276,38.6393,0.28281,0.9217,1.133,1.2293
aw-cql-weight1-seed1,cql,252000,6,252000,a59e93386fdc3662,-6731.234863281,51996,11915,13.9234,2.6295,11.2939,38.6393,0.29229,0.9446,1.2407,1.3135
aw-cql-weight1-seed1,cql,252000,7,252000,a59e93386fdc3662,-6731.234863281,64933,19513,13.1053,5.8342,7.2711,38.6393,0.18818,0.9113,1.1764,1.2909
aw-cql-weight1-seed1,cql,252000,11,252000,a59e93386fdc3662,-6731.234863281,76763,39227,6.2918,2.0186,4.2732,38.6393,0.11059,0.9588,1.0757,1.122
aw-cql-weight1-seed1,cql,252000,12,252000,a59e93386fdc3662,-6731.234863281,33583,82841,4.8358,2.0225,2.8133,38.6393,0.07281,0.9415,1.0273,1.0911
aw-cql-weight1-seed1,cql,252000,13,252000,a59e93386fdc3662,-6731.234863281,29838,52509,8.1289,0.4612,7.6677,38.6393,0.19844,0.8974,1.0619,1.1833
aw-cql-weight1-seed1,cql,252000,14,252000,a59e93386fdc3662,-6731.234863281,36307,14110,15.4091,0.6614,14.7477,38.6393,0.38168,0.9469,1.2973,1.37
aw-cql-weight1-seed1,cql,253000,0,253000,639cd58961eade10,-6763.461425781,237311,68413,29.2302,15.0888,14.1414,39.0881,0.36178,0.8475,1.4207,1.6763
aw-cql-weight1-seed1,cql,253000,2,253000,639cd58961eade10,-6763.461425781,168808,33814,15.069,5.354,9.715,39.0881,0.24854,0.8925,1.1051,1.2382
aw-cql-weight1-seed1,cql,253000,4,253000,639cd58961eade10,-6763.461425781,35214,133999,6.9802,1.3544,5.6258,39.0881,0.14393,0.8784,0.989,1.1259
aw-cql-weight1-seed1,cql,253000,5,253000,639cd58961eade10,-6763.461425781,40938,30344,10.2741,-0.4596,10.7336,39.0881,0.2746,0.9208,1.1336,1.2311
aw-cql-weight1-seed1,cql,253000,6,253000,639cd58961eade10,-6763.461425781,51996,11915,13.5898,2.44,11.1498,39.0881,0.28525,0.9458,1.2418,1.313
aw-cql-weight1-seed1,cql,253000,7,253000,639cd58961eade10,-6763.461425781,64933,19513,12.9985,5.6558,7.3427,39.0881,0.18785,0.9105,1.1705,1.2856
aw-cql-weight1-seed1,cql,253000,11,253000,639cd58961eade10,-6763.461425781,76763,39227,6.0445,1.8314,4.2131,39.0881,0.10778,0.9584,1.0747,1.1214
aw-cql-weight1-seed1,cql,253000,12,253000,639cd58961eade10,-6763.461425781,33583,82841,5.3206,1.9356,3.385,39.0881,0.0866,0.9422,1.0292,1.0923
aw-cql-weight1-seed1,cql,253000,13,253000,639cd58961eade10,-6763.461425781,29838,52509,8.2617,0.4392,7.8224,39.0881,0.20012,0.898,1.0627,1.1834
aw-cql-weight1-seed1,cql,253000,14,253000,639cd58961eade10,-6763.461425781,36307,14110,15.2538,0.5755,14.6783,39.0881,0.37552,0.95,1.2948,1.3629
aw-cql-weight1-seed1,cql,254000,0,254000,e70853bc7ba69a4d,-6787.388183594,237311,68413,29.6291,15.4433,14.1858,39.0134,0.36361,0.8488,1.4294,1.6841
aw-cql-weight1-seed1,cql,254000,2,254000,e70853bc7ba69a4d,-6787.388183594,168808,33814,15.5477,5.8637,9.6839,39.0134,0.24822,0.8933,1.1135,1.2464
aw-cql-weight1-seed1,cql,254000,4,254000,e70853bc7ba69a4d,-6787.388183594,35214,133999,7.0868,1.3871,5.6997,39.0134,0.14609,0.8808,0.9881,1.1218
aw-cql-weight1-seed1,cql,254000,5,254000,e70853bc7ba69a4d,-6787.388183594,40938,30344,10.3237,-0.4189,10.7425,39.0134,0.27536,0.9213,1.1328,1.2295
aw-cql-weight1-seed1,cql,254000,6,254000,e70853bc7ba69a4d,-6787.388183594,51996,11915,13.5795,2.3305,11.249,39.0134,0.28834,0.9451,1.2407,1.3127
aw-cql-weight1-seed1,cql,254000,7,254000,e70853bc7ba69a4d,-6787.388183594,64933,19513,13.2692,5.6378,7.6314,39.0134,0.19561,0.9129,1.1744,1.2864
aw-cql-weight1-seed1,cql,254000,11,254000,e70853bc7ba69a4d,-6787.388183594,76763,39227,6.8075,2.134,4.6735,39.0134,0.11979,0.9597,1.0759,1.121
aw-cql-weight1-seed1,cql,254000,12,254000,e70853bc7ba69a4d,-6787.388183594,33583,82841,4.9852,1.9749,3.0103,39.0134,0.07716,0.9405,1.028,1.093
aw-cql-weight1-seed1,cql,254000,13,254000,e70853bc7ba69a4d,-6787.388183594,29838,52509,7.8369,0.4113,7.4256,39.0134,0.19034,0.8964,1.0613,1.184
aw-cql-weight1-seed1,cql,254000,14,254000,e70853bc7ba69a4d,-6787.388183594,36307,14110,14.976,0.608,14.368,39.0134,0.36828,0.9474,1.2952,1.367
aw-cql-weight1-seed1,cql,255000,0,255000,2929d6b68683b80a,-6816.66015625,237311,68413,29.6979,15.6101,14.0878,39.2762,0.35869,0.8487,1.43,1.6849
aw-cql-weight1-seed1,cql,255000,2,255000,2929d6b68683b80a,-6816.66015625,168808,33814,15.5206,5.671,9.8496,39.2762,0.25078,0.8936,1.1135,1.2461
aw-cql-weight1-seed1,cql,255000,4,255000,2929d6b68683b80a,-6816.66015625,35214,133999,7.6716,1.6093,6.0623,39.2762,0.15435,0.8805,0.9881,1.1222
aw-cql-weight1-seed1,cql,255000,5,255000,2929d6b68683b80a,-6816.66015625,40938,30344,10.361,-0.3879,10.7489,39.2762,0.27368,0.9223,1.127,1.222
aw-cql-weight1-seed1,cql,255000,6,255000,2929d6b68683b80a,-6816.66015625,51996,11915,13.828,2.3212,11.5069,39.2762,0.29297,0.9462,1.2379,1.3083
aw-cql-weight1-seed1,cql,255000,7,255000,2929d6b68683b80a,-6816.66015625,64933,19513,13.3773,5.6432,7.7341,39.2762,0.19692,0.9113,1.1692,1.2829
aw-cql-weight1-seed1,cql,255000,11,255000,2929d6b68683b80a,-6816.66015625,76763,39227,6.1889,1.9723,4.2166,39.2762,0.10736,0.9605,1.0759,1.1202
aw-cql-weight1-seed1,cql,255000,12,255000,2929d6b68683b80a,-6816.66015625,33583,82841,5.2308,2.079,3.1518,39.2762,0.08025,0.9407,1.0265,1.0912
aw-cql-weight1-seed1,cql,255000,13,255000,2929d6b68683b80a,-6816.66015625,29838,52509,8.9452,0.6224,8.3229,39.2762,0.21191,0.8977,1.0591,1.1797
aw-cql-weight1-seed1,cql,255000,14,255000,2929d6b68683b80a,-6816.66015625,36307,14110,15.4982,0.6315,14.8667,39.2762,0.37852,0.9476,1.2814,1.3522
aw-cql-weight1-seed1,cql,256000,0,256000,27c546c8d88ba58d,-6847.048339844,237311,68413,29.1736,15.0194,14.1542,38.7374,0.36539,0.8488,1.4228,1.6762
aw-cql-weight1-seed1,cql,256000,2,256000,27c546c8d88ba58d,-6847.048339844,168808,33814,15.4338,5.4783,9.9555,38.7374,0.257,0.8948,1.109,1.2395
aw-cql-weight1-seed1,cql,256000,4,256000,27c546c8d88ba58d,-6847.048339844,35214,133999,7.2568,1.4647,5.7921,38.7374,0.14952,0.8801,0.9897,1.1244
aw-cql-weight1-seed1,cql,256000,5,256000,27c546c8d88ba58d,-6847.048339844,40938,30344,10.5194,-0.4113,10.9307,38.7374,0.28217,0.9267,1.1368,1.2267
aw-cql-weight1-seed1,cql,256000,6,256000,27c546c8d88ba58d,-6847.048339844,51996,11915,14.1234,2.36,11.7634,38.7374,0.30367,0.9467,1.2446,1.3146
aw-cql-weight1-seed1,cql,256000,7,256000,27c546c8d88ba58d,-6847.048339844,64933,19513,13.3874,5.6125,7.7748,38.7374,0.20071,0.9124,1.1745,1.2873
aw-cql-weight1-seed1,cql,256000,11,256000,27c546c8d88ba58d,-6847.048339844,76763,39227,6.1342,1.9662,4.168,38.7374,0.1076,0.9613,1.0764,1.1197
aw-cql-weight1-seed1,cql,256000,12,256000,27c546c8d88ba58d,-6847.048339844,33583,82841,5.3399,2.0087,3.3312,38.7374,0.08599,0.9447,1.0306,1.091
aw-cql-weight1-seed1,cql,256000,13,256000,27c546c8d88ba58d,-6847.048339844,29838,52509,9.0282,0.5806,8.4476,38.7374,0.21807,0.9047,1.0695,1.1822
aw-cql-weight1-seed1,cql,256000,14,256000,27c546c8d88ba58d,-6847.048339844,36307,14110,15.8492,0.807,15.0422,38.7374,0.38831,0.9546,1.3053,1.3674
aw-cql-weight1-seed1,cql,257000,0,257000,41df84f2450847d4,-6871.323242188,237311,68413,29.0885,14.9744,14.1141,38.9387,0.36247,0.8489,1.4233,1.6767
aw-cql-weight1-seed1,cql,257000,2,257000,41df84f2450847d4,-6871.323242188,168808,33814,15.4116,5.5907,9.8209,38.9387,0.25222,0.8932,1.1083,1.2408
aw-cql-weight1-seed1,cql,257000,4,257000,41df84f2450847d4,-6871.323242188,35214,133999,7.2233,1.4002,5.823,38.9387,0.14954,0.8787,0.9859,1.1219
aw-cql-weight1-seed1,cql,257000,5,257000,41df84f2450847d4,-6871.323242188,40938,30344,10.0362,-0.5422,10.5784,38.9387,0.27167,0.92,1.1283,1.2263
aw-cql-weight1-seed1,cql,257000,6,257000,41df84f2450847d4,-6871.323242188,51996,11915,13.9705,2.2754,11.6952,38.9387,0.30035,0.9439,1.2345,1.3079
aw-cql-weight1-seed1,cql,257000,7,257000,41df84f2450847d4,-6871.323242188,64933,19513,13.2086,5.5175,7.6911,38.9387,0.19752,0.913,1.1716,1.2832
aw-cql-weight1-seed1,cql,257000,11,257000,41df84f2450847d4,-6871.323242188,76763,39227,6.0914,1.7696,4.3218,38.9387,0.11099,0.9591,1.0756,1.1215
aw-cql-weight1-seed1,cql,257000,12,257000,41df84f2450847d4,-6871.323242188,33583,82841,5.1052,1.931,3.1741,38.9387,0.08152,0.9414,1.0255,1.0894
aw-cql-weight1-seed1,cql,257000,13,257000,41df84f2450847d4,-6871.323242188,29838,52509,7.9647,0.333,7.6317,38.9387,0.19599,0.8955,1.0583,1.1818
aw-cql-weight1-seed1,cql,257000,14,257000,41df84f2450847d4,-6871.323242188,36307,14110,14.489,0.1403,14.3487,38.9387,0.36849,0.945,1.2785,1.3529
aw-cql-weight1-seed1,cql,258000,0,258000,24ff32f65c4b2259,-6895.497070312,237311,68413,29.4738,15.0132,14.4606,38.9585,0.37118,0.8487,1.4166,1.6692
aw-cql-weight1-seed1,cql,258000,2,258000,24ff32f65c4b2259,-6895.497070312,168808,33814,15.4872,5.6698,9.8174,38.9585,0.252,0.8936,1.1085,1.2404
aw-cql-weight1-seed1,cql,258000,4,258000,24ff32f65c4b2259,-6895.497070312,35214,133999,6.5751,1.3169,5.2582,38.9585,0.13497,0.8835,0.9866,1.1167
aw-cql-weight1-seed1,cql,258000,5,258000,24ff32f65c4b2259,-6895.497070312,40938,30344,9.9026,-0.4223,10.3249,38.9585,0.26502,0.9231,1.1291,1.2232
aw-cql-weight1-seed1,cql,258000,6,258000,24ff32f65c4b2259,-6895.497070312,51996,11915,13.5742,2.5128,11.0613,38.9585,0.28393,0.9447,1.2366,1.309
aw-cql-weight1-seed1,cql,258000,7,258000,24ff32f65c4b2259,-6895.497070312,64933,19513,13.0682,5.5826,7.4856,38.9585,0.19214,0.9105,1.173,1.2883
aw-cql-weight1-seed1,cql,258000,11,258000,24ff32f65c4b2259,-6895.497070312,76763,39227,6.3544,1.9887,4.3657,38.9585,0.11206,0.9597,1.0757,1.1208
aw-cql-weight1-seed1,cql,258000,12,258000,24ff32f65c4b2259,-6895.497070312,33583,82841,4.6323,1.7991,2.8333,38.9585,0.07273,0.9423,1.0263,1.089
aw-cql-weight1-seed1,cql,258000,13,258000,24ff32f65c4b2259,-6895.497070312,29838,52509,7.6348,0.4316,7.2032,38.9585,0.18489,0.8995,1.0603,1.1788
aw-cql-weight1-seed1,cql,258000,14,258000,24ff32f65c4b2259,-6895.497070312,36307,14110,14.9155,0.6284,14.2871,38.9585,0.36673,0.9456,1.2825,1.3563
aw-cql-weight1-seed1,cql,259000,0,259000,f21ff5c6cdfeb447,-6919.253417969,237311,68413,29.0662,15.1518,13.9144,38.3345,0.36297,0.8492,1.4197,1.6718
aw-cql-weight1-seed1,cql,259000,2,259000,f21ff5c6cdfeb447,-6919.253417969,168808,33814,15.1072,5.4714,9.6358,38.3345,0.25136,0.8944,1.1086,1.2395
aw-cql-weight1-seed1,cql,259000,4,259000,f21ff5c6cdfeb447,-6919.253417969,35214,133999,7.0071,1.4972,5.51,38.3345,0.14373,0.8782,0.9873,1.1242
aw-cql-weight1-seed1,cql,259000,5,259000,f21ff5c6cdfeb447,-6919.253417969,40938,30344,10.1372,-0.4302,10.5675,38.3345,0.27566,0.9209,1.1296,1.2266
aw-cql-weight1-seed1,cql,259000,6,259000,f21ff5c6cdfeb447,-6919.253417969,51996,11915,13.9431,2.4515,11.4916,38.3345,0.29977,0.9465,1.2404,1.3106
aw-cql-weight1-seed1,cql,259000,7,259000,f21ff5c6cdfeb447,-6919.253417969,64933,19513,12.9144,5.4462,7.4683,38.3345,0.19482,0.9124,1.1743,1.287
aw-cql-weight1-seed1,cql,259000,11,259000,f21ff5c6cdfeb447,-6919.253417969,76763,39227,6.549,2.1378,4.4113,38.3345,0.11507,0.9602,1.0771,1.1217
aw-cql-weight1-seed1,cql,259000,12,259000,f21ff5c6cdfeb447,-6919.253417969,33583,82841,5.6898,2.2471,3.4427,38.3345,0.08981,0.9417,1.0286,1.0923
aw-cql-weight1-seed1,cql,259000,13,259000,f21ff5c6cdfeb447,-6919.253417969,29838,52509,8.7016,0.4516,8.25,38.3345,0.21521,0.8983,1.0611,1.1812
aw-cql-weight1-seed1,cql,259000,14,259000,f21ff5c6cdfeb447,-6919.253417969,36307,14110,15.2257,0.4601,14.7657,38.3345,0.38518,0.9475,1.2868,1.358
aw-cql-weight1-seed1,cql,260000,0,260000,a40314e828c7bfbf,-6951.269042969,237311,68413,29.1642,15.0463,14.1179,38.8871,0.36305,0.8492,1.4332,1.6877
aw-cql-weight1-seed1,cql,260000,2,260000,a40314e828c7bfbf,-6951.269042969,168808,33814,15.4873,5.4924,9.9949,38.8871,0.25702,0.8941,1.1098,1.2413
aw-cql-weight1-seed1,cql,260000,4,260000,a40314e828c7bfbf,-6951.269042969,35214,133999,6.9516,1.4041,5.5474,38.8871,0.14265,0.8777,0.9876,1.1252
aw-cql-weight1-seed1,cql,260000,5,260000,a40314e828c7bfbf,-6951.269042969,40938,30344,10.4096,-0.4401,10.8497,38.8871,0.27901,0.9209,1.1333,1.2305
aw-cql-weight1-seed1,cql,260000,6,260000,a40314e828c7bfbf,-6951.269042969,51996,11915,14.0097,2.3264,11.6833,38.8871,0.30044,0.9449,1.2407,1.313
aw-cql-weight1-seed1,cql,260000,7,260000,a40314e828c7bfbf,-6951.269042969,64933,19513,13.1876,5.7076,7.48,38.8871,0.19235,0.9117,1.1755,1.2893
aw-cql-weight1-seed1,cql,260000,11,260000,a40314e828c7bfbf,-6951.269042969,76763,39227,6.596,1.9939,4.6021,38.8871,0.11834,0.9603,1.0751,1.1195
aw-cql-weight1-seed1,cql,260000,12,260000,a40314e828c7bfbf,-6951.269042969,33583,82841,5.7697,2.1995,3.5702,38.8871,0.09181,0.9425,1.029,1.0918
aw-cql-weight1-seed1,cql,260000,13,260000,a40314e828c7bfbf,-6951.269042969,29838,52509,7.9448,0.3685,7.5763,38.8871,0.19483,0.8955,1.0621,1.186
aw-cql-weight1-seed1,cql,260000,14,260000,a40314e828c7bfbf,-6951.269042969,36307,14110,15.0898,0.5157,14.5741,38.8871,0.37478,0.9438,1.2899,1.3668
aw-cql-weight1-seed1,cql,261000,0,261000,35e011ffe07403c4,-6977.215820312,237311,68413,29.6865,15.6138,14.0727,38.85,0.36223,0.8488,1.43,1.6847
aw-cql-weight1-seed1,cql,261000,2,261000,35e011ffe07403c4,-6977.215820312,168808,33814,15.1673,5.4194,9.7479,38.85,0.25091,0.8941,1.1042,1.2349
aw-cql-weight1-seed1,cql,261000,4,261000,35e011ffe07403c4,-6977.215820312,35214,133999,6.9219,1.6017,5.3202,38.85,0.13694,0.8823,0.9859,1.1173
aw-cql-weight1-seed1,cql,261000,5,261000,35e011ffe07403c4,-6977.215820312,40938,30344,10.4894,-0.3999,10.8893,38.85,0.28029,0.9207,1.1304,1.2277
aw-cql-weight1-seed1,cql,261000,6,261000,35e011ffe07403c4,-6977.215820312,51996,11915,13.884,2.4835,11.4005,38.85,0.29345,0.945,1.2436,1.3159
aw-cql-weight1-seed1,cql,261000,7,261000,35e011ffe07403c4,-6977.215820312,64933,19513,13.3558,5.9124,7.4434,38.85,0.19159,0.9115,1.1751,1.2892
aw-cql-weight1-seed1,cql,261000,11,261000,35e011ffe07403c4,-6977.215820312,76763,39227,6.0494,1.8687,4.1806,38.85,0.10761,0.9601,1.0756,1.1204
aw-cql-weight1-seed1,cql,261000,12,261000,35e011ffe07403c4,-6977.215820312,33583,82841,4.981,2.0146,2.9664,38.85,0.07636,0.9423,1.0265,1.0894
aw-cql-weight1-seed1,cql,261000,13,261000,35e011ffe07403c4,-6977.215820312,29838,52509,8.6543,0.6588,7.9955,38.85,0.20581,0.8976,1.0609,1.1819
aw-cql-weight1-seed1,cql,261000,14,261000,35e011ffe07403c4,-6977.215820312,36307,14110,15.4219,0.7546,14.6673,38.85,0.37754,0.9466,1.2957,1.3688
aw-cql-weight1-seed1,cql,262000,0,262000,05109743478786a2,-7011.248046875,237311,68413,29.0682,15.3929,13.6752,38.5628,0.35462,0.8491,1.429,1.683
aw-cql-weight1-seed1,cql,262000,2,262000,05109743478786a2,-7011.248046875,168808,33814,14.7977,5.2871,9.5106,38.5628,0.24663,0.8928,1.107,1.24
aw-cql-weight1-seed1,cql,262000,4,262000,05109743478786a2,-7011.248046875,35214,133999,7.3646,1.5668,5.7978,38.5628,0.15035,0.8763,0.9861,1.1253
aw-cql-weight1-seed1,cql,262000,5,262000,05109743478786a2,-7011.248046875,40938,30344,10.5051,-0.4372,10.9423,38.5628,0.28375,0.9185,1.1309,1.2313
aw-cql-weight1-seed1,cql,262000,6,262000,05109743478786a2,-7011.248046875,51996,11915,13.8531,2.4211,11.432,38.5628,0.29645,0.9444,1.2383,1.3113
aw-cql-weight1-seed1,cql,262000,7,262000,05109743478786a2,-7011.248046875,64933,19513,13.0398,5.6748,7.365,38.5628,0.19099,0.9107,1.1756,1.2909
aw-cql-weight1-seed1,cql,262000,11,262000,05109743478786a2,-7011.248046875,76763,39227,6.3773,1.9032,4.4742,38.5628,0.11602,0.9596,1.078,1.1234
aw-cql-weight1-seed1,cql,262000,12,262000,05109743478786a2,-7011.248046875,33583,82841,5.2534,1.9742,3.2792,38.5628,0.08504,0.9417,1.0279,1.0916
aw-cql-weight1-seed1,cql,262000,13,262000,05109743478786a2,-7011.248046875,29838,52509,8.515,0.4815,8.0335,38.5628,0.20832,0.8955,1.0639,1.188
aw-cql-weight1-seed1,cql,262000,14,262000,05109743478786a2,-7011.248046875,36307,14110,15.3485,0.8461,14.5024,38.5628,0.37607,0.9426,1.2939,1.3727
aw-cql-weight1-seed1,cql,263000,0,263000,abd0662a83944789,-7032.927246094,237311,68413,29.2324,15.2204,14.012,38.794,0.36119,0.8487,1.417,1.6697
aw-cql-weight1-seed1,cql,263000,2,263000,abd0662a83944789,-7032.927246094,168808,33814,15.503,5.6617,9.8413,38.794,0.25368,0.8937,1.1071,1.2388
aw-cql-weight1-seed1,cql,263000,4,263000,abd0662a83944789,-7032.927246094,35214,133999,7.1641,1.6278,5.5363,38.794,0.14271,0.8765,0.9859,1.1249
aw-cql-weight1-seed1,cql,263000,5,263000,abd0662a83944789,-7032.927246094,40938,30344,10.4291,-0.2464,10.6755,38.794,0.27518,0.9181,1.1248,1.2252
aw-cql-weight1-seed1,cql,263000,6,263000,abd0662a83944789,-7032.927246094,51996,11915,14.1967,2.5921,11.6046,38.794,0.29913,0.9452,1.2386,1.3104
aw-cql-weight1-seed1,cql,263000,7,263000,abd0662a83944789,-7032.927246094,64933,19513,13.0689,5.6332,7.4356,38.794,0.19167,0.9121,1.1765,1.2898
aw-cql-weight1-seed1,cql,263000,11,263000,abd0662a83944789,-7032.927246094,76763,39227,6.6548,2.0185,4.6364,38.794,0.11951,0.9582,1.0741,1.1209
aw-cql-weight1-seed1,cql,263000,12,263000,abd0662a83944789,-7032.927246094,33583,82841,5.3975,2.1619,3.2356,38.794,0.0834,0.9417,1.0277,1.0913
aw-cql-weight1-seed1,cql,263000,13,263000,abd0662a83944789,-7032.927246094,29838,52509,8.4535,0.6816,7.7719,38.794,0.20034,0.8965,1.0601,1.1825
aw-cql-weight1-seed1,cql,263000,14,263000,abd0662a83944789,-7032.927246094,36307,14110,14.8754,0.4702,14.4052,38.794,0.37133,0.9466,1.2892,1.362
aw-cql-weight1-seed1,cql,264000,0,264000,7021fa3aef2ff685,-7056.755371094,237311,68413,28.9091,14.8642,14.0449,38.4994,0.36481,0.8479,1.4099,1.6629
aw-cql-weight1-seed1,cql,264000,2,264000,7021fa3aef2ff685,-7056.755371094,168808,33814,15.5401,5.5929,9.9473,38.4994,0.25837,0.8936,1.1056,1.2373
aw-cql-weight1-seed1,cql,264000,4,264000,7021fa3aef2ff685,-7056.755371094,35214,133999,7.3384,1.4295,5.9089,38.4994,0.15348,0.8774,0.9867,1.1246
aw-cql-weight1-seed1,cql,264000,5,264000,7021fa3aef2ff685,-7056.755371094,40938,30344,10.4764,-0.4732,10.9496,38.4994,0.28441,0.9215,1.1287,1.2248
aw-cql-weight1-seed1,cql,264000,6,264000,7021fa3aef2ff685,-7056.755371094,51996,11915,13.7921,2.464,11.328,38.4994,0.29424,0.9453,1.2385,1.3102
aw-cql-weight1-seed1,cql,264000,7,264000,7021fa3aef2ff685,-7056.755371094,64933,19513,13.186,5.6516,7.5344,38.4994,0.1957,0.9115,1.1749,1.289
aw-cql-weight1-seed1,cql,264000,11,264000,7021fa3aef2ff685,-7056.755371094,76763,39227,6.8022,2.1999,4.6023,38.4994,0.11954,0.9594,1.0758,1.1213
aw-cql-weight1-seed1,cql,264000,12,264000,7021fa3aef2ff685,-7056.755371094,33583,82841,5.4248,2.1992,3.2256,38.4994,0.08378,0.9417,1.0276,1.0912
aw-cql-weight1-seed1,cql,264000,13,264000,7021fa3aef2ff685,-7056.755371094,29838,52509,8.3134,0.4487,7.8647,38.4994,0.20428,0.8962,1.0634,1.1865
aw-cql-weight1-seed1,cql,264000,14,264000,7021fa3aef2ff685,-7056.755371094,36307,14110,15.4643,0.7837,14.6807,38.4994,0.38132,0.9455,1.2948,1.3695
aw-cql-weight1-seed1,cql,265000,0,265000,cbdfb3de99ea2cc0,-7082.434082031,237311,68413,29.1594,14.7528,14.4067,38.9985,0.36942,0.8491,1.4257,1.6791
aw-cql-weight1-seed1,cql,265000,2,265000,cbdfb3de99ea2cc0,-7082.434082031,168808,33814,15.7052,5.6688,10.0364,38.9985,0.25735,0.8947,1.108,1.2384
aw-cql-weight1-seed1,cql,265000,4,265000,cbdfb3de99ea2cc0,-7082.434082031,35214,133999,6.6718,1.1997,5.4721,38.9985,0.14032,0.8808,0.9858,1.1192
aw-cql-weight1-seed1,cql,265000,5,265000,cbdfb3de99ea2cc0,-7082.434082031,40938,30344,10.1822,-0.5337,10.7158,38.9985,0.27478,0.9208,1.1265,1.2233
aw-cql-weight1-seed1,cql,265000,6,265000,cbdfb3de99ea2cc0,-7082.434082031,51996,11915,13.7235,2.4613,11.2622,38.9985,0.28879,0.9443,1.2335,1.3063
aw-cql-weight1-seed1,cql,265000,7,265000,cbdfb3de99ea2cc0,-7082.434082031,64933,19513,13.296,5.8779,7.4181,38.9985,0.19022,0.9108,1.1712,1.2858
aw-cql-weight1-seed1,cql,265000,11,265000,cbdfb3de99ea2cc0,-7082.434082031,76763,39227,6.4676,2.0199,4.4477,38.9985,0.11405,0.9582,1.0733,1.1201
aw-cql-weight1-seed1,cql,265000,12,265000,cbdfb3de99ea2cc0,-7082.434082031,33583,82841,4.8373,1.8199,3.0173,38.9985,0.07737,0.9417,1.0282,1.0919
aw-cql-weight1-seed1,cql,265000,13,265000,cbdfb3de99ea2cc0,-7082.434082031,29838,52509,7.2489,0.1339,7.1151,38.9985,0.18244,0.8975,1.0605,1.1816
aw-cql-weight1-seed1,cql,265000,14,265000,cbdfb3de99ea2cc0,-7082.434082031,36307,14110,14.8035,0.4582,14.3453,38.9985,0.36784,0.9477,1.2908,1.3621
aw-cql-weight1-seed1,cql,266000,0,266000,a2be64945b93f3d5,-7106.420898438,237311,68413,29.0127,15.1148,13.8979,38.5506,0.36051,0.8482,1.4251,1.6801
aw-cql-weight1-seed1,cql,266000,2,266000,a2be64945b93f3d5,-7106.420898438,168808,33814,15.3116,5.6115,9.7001,38.5506,0.25162,0.8938,1.1106,1.2426
aw-cql-weight1-seed1,cql,266000,4,266000,a2be64945b93f3d5,-7106.420898438,35214,133999,6.8341,1.3973,5.4368,38.5506,0.14103,0.8784,0.9853,1.1216
aw-cql-weight1-seed1,cql,266000,5,266000,a2be64945b93f3d5,-7106.420898438,40938,30344,9.918,-0.4004,10.3184,38.5506,0.26766,0.9193,1.1267,1.2256
aw-cql-weight1-seed1,cql,266000,6,266000,a2be64945b93f3d5,-7106.420898438,51996,11915,13.1677,2.2591,10.9086,38.5506,0.28297,0.9444,1.238,1.3109
aw-cql-weight1-seed1,cql,266000,7,266000,a2be64945b93f3d5,-7106.420898438,64933,19513,12.8326,5.4157,7.4168,38.5506,0.19239,0.9098,1.1708,1.2868
aw-cql-weight1-seed1,cql,266000,11,266000,a2be64945b93f3d5,-7106.420898438,76763,39227,5.6394,1.7105,3.9289,38.5506,0.10191,0.9589,1.0734,1.1194
aw-cql-weight1-seed1,cql,266000,12,266000,a2be64945b93f3d5,-7106.420898438,33583,82841,4.8258,1.9235,2.9022,38.5506,0.07528,0.9419,1.026,1.0893
aw-cql-weight1-seed1,cql,266000,13,266000,a2be64945b93f3d5,-7106.420898438,29838,52509,7.7001,0.4009,7.2992,38.5506,0.18934,0.8949,1.0596,1.1841
aw-cql-weight1-seed1,cql,266000,14,266000,a2be64945b93f3d5,-7106.420898438,36307,14110,14.2832,0.3684,13.9148,38.5506,0.36095,0.9448,1.2892,1.3646
aw-cql-weight1-seed1,cql,267000,0,267000,799dae9609b69f0f,-7131.918945312,237311,68413,29.0925,15.1353,13.9572,38.602,0.36157,0.8481,1.4243,1.6794
aw-cql-weight1-seed1,cql,267000,2,267000,799dae9609b69f0f,-7131.918945312,168808,33814,15.15,5.3189,9.8311,38.602,0.25468,0.8942,1.1126,1.2442
aw-cql-weight1-seed1,cql,267000,4,267000,799dae9609b69f0f,-7131.918945312,35214,133999,6.4546,1.3081,5.1466,38.602,0.13332,0.8793,0.9856,1.1209
aw-cql-weight1-seed1,cql,267000,5,267000,799dae9609b69f0f,-7131.918945312,40938,30344,10.1122,-0.4464,10.5586,38.602,0.27353,0.9193,1.1277,1.2267
aw-cql-weight1-seed1,cql,267000,6,267000,799dae9609b69f0f,-7131.918945312,51996,11915,13.9867,2.38,11.6067,38.602,0.30068,0.9431,1.2343,1.3088
aw-cql-weight1-seed1,cql,267000,7,267000,799dae9609b69f0f,-7131.918945312,64933,19513,13.1898,5.7769,7.4129,38.602,0.19204,0.9096,1.1705,1.2868
aw-cql-weight1-seed1,cql,267000,11,267000,799dae9609b69f0f,-7131.918945312,76763,39227,6.3643,1.937,4.4273,38.602,0.11469,0.9589,1.0753,1.1214
aw-cql-weight1-seed1,cql,267000,12,267000,799dae9609b69f0f,-7131.918945312,33583,82841,5.1223,1.9593,3.163,38.602,0.08194,0.9419,1.0281,1.0915
aw-cql-weight1-seed1,cql,267000,13,267000,799dae9609b69f0f,-7131.918945312,29838,52509,7.887,0.4542,7.4327,38.602,0.19255,0.8963,1.0608,1.1835
aw-cql-weight1-seed1,cql,267000,14,267000,799dae9609b69f0f,-7131.918945312,36307,14110,15.0422,0.5373,14.5049,38.602,0.37576,0.9457,1.2863,1.3602
aw-cql-weight1-seed1,cql,268000,0,268000,684f9cf1f30aa564,-7167.133789062,237311,68413,29.3127,15.042,14.2707,38.9675,0.36622,0.8473,1.4226,1.679
aw-cql-weight1-seed1,cql,268000,2,268000,684f9cf1f30aa564,-7167.133789062,168808,33814,14.825,5.278,9.547,38.9675,0.245,0.8922,1.1037,1.2371
aw-cql-weight1-seed1,cql,268000,4,268000,684f9cf1f30aa564,-7167.133789062,35214,133999,7.0782,1.4239,5.6543,38.9675,0.1451,0.8831,0.9887,1.1197
aw-cql-weight1-seed1,cql,268000,5,268000,684f9cf1f30aa564,-7167.133789062,40938,30344,10.4724,-0.4456,10.918,38.9675,0.28018,0.9238,1.133,1.2265
aw-cql-weight1-seed1,cql,268000,6,268000,684f9cf1f30aa564,-7167.133789062,51996,11915,13.466,2.3757,11.0902,38.9675,0.2846,0.9461,1.2393,1.3099
aw-cql-weight1-seed1,cql,268000,7,268000,684f9cf1f30aa564,-7167.133789062,64933,19513,12.9172,5.5211,7.3962,38.9675,0.1898,0.9108,1.1668,1.2812
aw-cql-weight1-seed1,cql,268000,11,268000,684f9cf1f30aa564,-7167.133789062,76763,39227,6.466,1.977,4.4891,38.9675,0.1152,0.9587,1.0731,1.1193
aw-cql-weight1-seed1,cql,268000,12,268000,684f9cf1f30aa564,-7167.133789062,33583,82841,5.1265,2.0443,3.0822,38.9675,0.0791,0.9414,1.027,1.0909
aw-cql-weight1-seed1,cql,268000,13,268000,684f9cf1f30aa564,-7167.133789062,29838,52509,8.8293,0.5362,8.2931,38.9675,0.21282,0.8973,1.0644,1.1863
aw-cql-weight1-seed1,cql,268000,14,268000,684f9cf1f30aa564,-7167.133789062,36307,14110,15.6534,0.7984,14.8549,38.9675,0.38121,0.9501,1.2996,1.3679
aw-cql-weight1-seed1,cql,269000,0,269000,b97361739a9fbfd4,-7189.720214844,237311,68413,29.3266,15.0101,14.3165,39.3853,0.3635,0.8489,1.4348,1.6902
aw-cql-weight1-seed1,cql,269000,2,269000,b97361739a9fbfd4,-7189.720214844,168808,33814,14.9144,5.4115,9.5028,39.3853,0.24128,0.8933,1.107,1.2392
aw-cql-weight1-seed1,cql,269000,4,269000,b97361739a9fbfd4,-7189.720214844,35214,133999,6.3191,1.3596,4.9596,39.3853,0.12592,0.8812,0.9878,1.1211
aw-cql-weight1-seed1,cql,269000,5,269000,b97361739a9fbfd4,-7189.720214844,40938,30344,9.6542,-0.5087,10.1628,39.3853,0.25804,0.9213,1.1291,1.2255
aw-cql-weight1-seed1,cql,269000,6,269000,b97361739a9fbfd4,-7189.720214844,51996,11915,13.4794,2.3647,11.1147,39.3853,0.2822,0.9442,1.2345,1.3074
aw-cql-weight1-seed1,cql,269000,7,269000,b97361739a9fbfd4,-7189.720214844,64933,19513,13.2995,5.6241,7.6754,39.3853,0.19488,0.9119,1.181,1.2952
aw-cql-weight1-seed1,cql,269000,11,269000,b97361739a9fbfd4,-7189.720214844,76763,39227,6.3101,1.8969,4.4132,39.3853,0.11205,0.9583,1.0732,1.1199
aw-cql-weight1-seed1,cql,269000,12,269000,b97361739a9fbfd4,-7189.720214844,33583,82841,5.0407,1.9944,3.0463,39.3853,0.07735,0.9399,1.0266,1.0922
aw-cql-weight1-seed1,cql,269000,13,269000,b97361739a9fbfd4,-7189.720214844,29838,52509,7.5192,0.3548,7.1644,39.3853,0.1819,0.8988,1.0634,1.1831
aw-cql-weight1-seed1,cql,269000,14,269000,b97361739a9fbfd4,-7189.720214844,36307,14110,14.7959,0.6017,14.1943,39.3853,0.36039,0.9465,1.2937,1.3669
aw-cql-weight1-seed1,cql,270000,0,270000,48576a41749ebb41,-7214.797851562,237311,68413,28.9702,14.7503,14.22,38.5627,0.36875,0.8468,1.3951,1.6476
aw-cql-weight1-seed1,cql,270000,2,270000,48576a41749ebb41,-7214.797851562,168808,33814,15.1639,5.4357,9.7282,38.5627,0.25227,0.8935,1.1053,1.237
aw-cql-weight1-seed1,cql,270000,4,270000,48576a41749ebb41,-7214.797851562,35214,133999,6.0656,1.3038,4.7618,38.5627,0.12348,0.8801,0.9851,1.1193
aw-cql-weight1-seed1,cql,270000,5,270000,48576a41749ebb41,-7214.797851562,40938,30344,9.6515,-0.5673,10.2189,38.5627,0.26499,0.9196,1.1275,1.226
aw-cql-weight1-seed1,cql,270000,6,270000,48576a41749ebb41,-7214.797851562,51996,11915,13.4937,2.5313,10.9623,38.5627,0.28427,0.9438,1.2377,1.3114
aw-cql-weight1-seed1,cql,270000,7,270000,48576a41749ebb41,-7214.797851562,64933,19513,13.3382,5.7092,7.629,38.5627,0.19783,0.9106,1.1724,1.2875
aw-cql-weight1-seed1,cql,270000,11,270000,48576a41749ebb41,-7214.797851562,76763,39227,6.1364,1.8481,4.2883,38.5627,0.1112,0.9587,1.0729,1.1192
aw-cql-weight1-seed1,cql,270000,12,270000,48576a41749ebb41,-7214.797851562,33583,82841,4.689,1.956,2.7331,38.5627,0.07087,0.9413,1.0264,1.0904
aw-cql-weight1-seed1,cql,270000,13,270000,48576a41749ebb41,-7214.797851562,29838,52509,7.2186,0.3844,6.8343,38.5627,0.17722,0.8969,1.061,1.1829
aw-cql-weight1-seed1,cql,270000,14,270000,48576a41749ebb41,-7214.797851562,36307,14110,14.4463,0.3269,14.1195,38.5627,0.36614,0.9464,1.2937,1.367
aw-cql-weight1-seed1,cql,271000,0,271000,283c38581148e2a3,-7250.056640625,237311,68413,29.232,14.908,14.324,39.0256,0.36704,0.8483,1.4102,1.6624
aw-cql-weight1-seed1,cql,271000,2,271000,283c38581148e2a3,-7250.056640625,168808,33814,14.9552,5.3905,9.5647,39.0256,0.24509,0.8937,1.1059,1.2374
aw-cql-weight1-seed1,cql,271000,4,271000,283c38581148e2a3,-7250.056640625,35214,133999,6.4895,1.2813,5.2082,39.0256,0.13346,0.8806,0.9869,1.1207
aw-cql-weight1-seed1,cql,271000,5,271000,283c38581148e2a3,-7250.056640625,40938,30344,10.3128,-0.3357,10.6485,39.0256,0.27286,0.9212,1.1293,1.2259
aw-cql-weight1-seed1,cql,271000,6,271000,283c38581148e2a3,-7250.056640625,51996,11915,14.0304,2.6934,11.3371,39.0256,0.2905,0.9449,1.2353,1.3073
aw-cql-weight1-seed1,cql,271000,7,271000,283c38581148e2a3,-7250.056640625,64933,19513,13.3084,5.9537,7.3547,39.0256,0.18846,0.9101,1.175,1.291
aw-cql-weight1-seed1,cql,271000,11,271000,283c38581148e2a3,-7250.056640625,76763,39227,6.0013,1.7525,4.2488,39.0256,0.10887,0.9585,1.0721,1.1185
aw-cql-weight1-seed1,cql,271000,12,271000,283c38581148e2a3,-7250.056640625,33583,82841,4.66,1.841,2.819,39.0256,0.07223,0.9414,1.0264,1.0903
aw-cql-weight1-seed1,cql,271000,13,271000,283c38581148e2a3,-7250.056640625,29838,52509,7.8068,0.4343,7.3725,39.0256,0.18892,0.8968,1.0621,1.1843
aw-cql-weight1-seed1,cql,271000,14,271000,283c38581148e2a3,-7250.056640625,36307,14110,14.9496,0.435,14.5145,39.0256,0.37192,0.9457,1.2896,1.3636
aw-cql-weight1-seed1,cql,272000,0,272000,5d8d91472381b4f5,-7281.717285156,237311,68413,29.1865,14.9928,14.1938,39.0678,0.36331,0.8479,1.4074,1.6599
aw-cql-weight1-seed1,cql,272000,2,272000,5d8d91472381b4f5,-7281.717285156,168808,33814,15.3317,5.6657,9.666,39.0678,0.24742,0.8932,1.105,1.2371
aw-cql-weight1-seed1,cql,272000,4,272000,5d8d91472381b4f5,-7281.717285156,35214,133999,6.9639,1.3948,5.5691,39.0678,0.14255,0.8801,0.9866,1.121
aw-cql-weight1-seed1,cql,272000,5,272000,5d8d91472381b4f5,-7281.717285156,40938,30344,10.4083,-0.4573,10.8656,39.0678,0.27812,0.9221,1.1283,1.2236
aw-cql-weight1-seed1,cql,272000,6,272000,5d8d91472381b4f5,-7281.717285156,51996,11915,13.6984,2.2981,11.4003,39.0678,0.29181,0.945,1.2336,1.3055
aw-cql-weight1-seed1,cql,272000,7,272000,5d8d91472381b4f5,-7281.717285156,64933,19513,12.8942,5.5604,7.3338,39.0678,0.18772,0.9109,1.1721,1.2868
aw-cql-weight1-seed1,cql,272000,11,272000,5d8d91472381b4f5,-7281.717285156,76763,39227,5.9356,1.6826,4.253,39.0678,0.10886,0.9599,1.0761,1.121
aw-cql-weight1-seed1,cql,272000,12,272000,5d8d91472381b4f5,-7281.717285156,33583,82841,4.982,1.968,3.014,39.0678,0.07715,0.9417,1.0274,1.091
aw-cql-weight1-seed1,cql,272000,13,272000,5d8d91472381b4f5,-7281.717285156,29838,52509,7.9386,0.4425,7.4961,39.0678,0.19187,0.8984,1.0618,1.1819
aw-cql-weight1-seed1,cql,272000,14,272000,5d8d91472381b4f5,-7281.717285156,36307,14110,15.1806,0.4027,14.7779,39.0678,0.37826,0.9468,1.286,1.3583
aw-cql-weight1-seed1,cql,273000,0,273000,c66ae590f82ae12b,-7297.325683594,237311,68413,29.0924,15.2118,13.8806,38.4844,0.36068,0.8479,1.4117,1.6648
aw-cql-weight1-seed1,cql,273000,2,273000,c66ae590f82ae12b,-7297.325683594,168808,33814,15.2915,5.4096,9.8819,38.4844,0.25678,0.8933,1.1067,1.2389
aw-cql-weight1-seed1,cql,273000,4,273000,c66ae590f82ae12b,-7297.325683594,35214,133999,7.1151,1.4305,5.6846,38.4844,0.14771,0.8808,0.9884,1.1222
aw-cql-weight1-seed1,cql,273000,5,273000,c66ae590f82ae12b,-7297.325683594,40938,30344,9.7875,-0.5469,10.3344,38.4844,0.26853,0.9241,1.13,1.2229
aw-cql-weight1-seed1,cql,273000,6,273000,c66ae590f82ae12b,-7297.325683594,51996,11915,13.5529,2.4382,11.1147,38.4844,0.28881,0.9447,1.2384,1.3109
aw-cql-weight1-seed1,cql,273000,7,273000,c66ae590f82ae12b,-7297.325683594,64933,19513,12.9348,5.6594,7.2754,38.4844,0.18905,0.9102,1.1728,1.2885
aw-cql-weight1-seed1,cql,273000,11,273000,c66ae590f82ae12b,-7297.325683594,76763,39227,6.6548,2.0933,4.5615,38.4844,0.11853,0.9589,1.0751,1.1211
aw-cql-weight1-seed1,cql,273000,12,273000,c66ae590f82ae12b,-7297.325683594,33583,82841,5.4775,2.1907,3.2868,38.4844,0.08541,0.9403,1.0283,1.0935
aw-cql-weight1-seed1,cql,273000,13,273000,c66ae590f82ae12b,-7297.325683594,29838,52509,8.2522,0.4396,7.8126,38.4844,0.20301,0.9017,1.0638,1.1797
aw-cql-weight1-seed1,cql,273000,14,273000,c66ae590f82ae12b,-7297.325683594,36307,14110,14.925,0.5379,14.3871,38.4844,0.37384,0.9507,1.2968,1.3641
aw-cql-weight1-seed1,cql,274000,0,274000,135af22e9bd4e77d,-7319.941894531,237311,68413,29.2549,15.0226,14.2323,38.8174,0.36665,0.8487,1.404,1.6542
aw-cql-weight1-seed1,cql,274000,2,274000,135af22e9bd4e77d,-7319.941894531,168808,33814,15.0637,5.4881,9.5756,38.8174,0.24668,0.8942,1.1023,1.2327
aw-cql-weight1-seed1,cql,274000,4,274000,135af22e9bd4e77d,-7319.941894531,35214,133999,6.3589,1.5025,4.8564,38.8174,0.12511,0.8792,0.9864,1.1219
aw-cql-weight1-seed1,cql,274000,5,274000,135af22e9bd4e77d,-7319.941894531,40938,30344,10.0527,-0.3076,10.3603,38.8174,0.2669,0.9211,1.1301,1.2269
aw-cql-weight1-seed1,cql,274000,6,274000,135af22e9bd4e77d,-7319.941894531,51996,11915,13.5864,2.7198,10.8666,38.8174,0.27994,0.9487,1.2453,1.3126
aw-cql-weight1-seed1,cql,274000,7,274000,135af22e9bd4e77d,-7319.941894531,64933,19513,12.8881,5.4373,7.4508,38.8174,0.19195,0.9117,1.1757,1.2895
aw-cql-weight1-seed1,cql,274000,11,274000,135af22e9bd4e77d,-7319.941894531,76763,39227,6.4794,2.0991,4.3802,38.8174,0.11284,0.9601,1.0755,1.1202
aw-cql-weight1-seed1,cql,274000,12,274000,135af22e9bd4e77d,-7319.941894531,33583,82841,4.7355,1.9821,2.7534,38.8174,0.07093,0.9431,1.0285,1.0905
aw-cql-weight1-seed1,cql,274000,13,274000,135af22e9bd4e77d,-7319.941894531,29838,52509,8.0143,0.4988,7.5155,38.8174,0.19361,0.8958,1.063,1.1866
aw-cql-weight1-seed1,cql,274000,14,274000,135af22e9bd4e77d,-7319.941894531,36307,14110,15.0342,0.9113,14.1228,38.8174,0.36383,0.9453,1.2958,1.3708
aw-cql-weight1-seed1,cql,275000,0,275000,12ddf8796ee6d8b4,-7347.104980469,237311,68413,29.2489,14.7028,14.5461,39.0803,0.37221,0.8481,1.4042,1.6557
aw-cql-weight1-seed1,cql,275000,2,275000,12ddf8796ee6d8b4,-7347.104980469,168808,33814,15.1439,5.2923,9.8516,39.0803,0.25209,0.8943,1.1059,1.2366
aw-cql-weight1-seed1,cql,275000,4,275000,12ddf8796ee6d8b4,-7347.104980469,35214,133999,6.4328,1.3236,5.1092,39.0803,0.13074,0.876,0.9871,1.1268
aw-cql-weight1-seed1,cql,275000,5,275000,12ddf8796ee6d8b4,-7347.104980469,40938,30344,9.481,-0.6541,10.135,39.0803,0.25934,0.9199,1.1287,1.227
aw-cql-weight1-seed1,cql,275000,6,275000,12ddf8796ee6d8b4,-7347.104980469,51996,11915,13.4308,2.2606,11.1702,39.0803,0.28583,0.9453,1.2423,1.3141
aw-cql-weight1-seed1,cql,275000,7,275000,12ddf8796ee6d8b4,-7347.104980469,64933,19513,13.2084,5.6208,7.5877,39.0803,0.19416,0.9106,1.1695,1.2844
aw-cql-weight1-seed1,cql,275000,11,275000,12ddf8796ee6d8b4,-7347.104980469,76763,39227,6.3048,1.9302,4.3746,39.0803,0.11194,0.9598,1.0743,1.1193
aw-cql-weight1-seed1,cql,275000,12,275000,12ddf8796ee6d8b4,-7347.104980469,33583,82841,5.1499,2.0739,3.0759,39.0803,0.07871,0.9408,1.0266,1.0912
aw-cql-weight1-seed1,cql,275000,13,275000,12ddf8796ee6d8b4,-7347.104980469,29838,52509,7.5593,0.2701,7.2892,39.0803,0.18652,0.8961,1.0631,1.1863
aw-cql-weight1-seed1,cql,275000,14,275000,12ddf8796ee6d8b4,-7347.104980469,36307,14110,14.4506,0.4576,13.993,39.0803,0.35806,0.9483,1.2983,1.3692
aw-cql-weight1-seed1,cql,276000,0,276000,0b67f89ee9452b26,-7371.881347656,237311,68413,29.0011,14.9474,14.0537,38.4273,0.36572,0.8484,1.4091,1.6609
aw-cql-weight1-seed1,cql,276000,2,276000,0b67f89ee9452b26,-7371.881347656,168808,33814,14.7026,5.0779,9.6247,38.4273,0.25047,0.8938,1.1068,1.2383
aw-cql-weight1-seed1,cql,276000,4,276000,0b67f89ee9452b26,-7371.881347656,35214,133999,6.7177,1.3814,5.3363,38.4273,0.13887,0.8778,0.9845,1.1215
aw-cql-weight1-seed1,cql,276000,5,276000,0b67f89ee9452b26,-7371.881347656,40938,30344,9.99,-0.4115,10.4015,38.4273,0.27068,0.9217,1.1268,1.2225
aw-cql-weight1-seed1,cql,276000,6,276000,0b67f89ee9452b26,-7371.881347656,51996,11915,13.3421,2.1504,11.1917,38.4273,0.29124,0.9446,1.2379,1.3105
aw-cql-weight1-seed1,cql,276000,7,276000,0b67f89ee9452b26,-7371.881347656,64933,19513,12.8836,5.4871,7.3965,38.4273,0.19248,0.9107,1.1734,1.2885
aw-cql-weight1-seed1,cql,276000,11,276000,0b67f89ee9452b26,-7371.881347656,76763,39227,5.9526,1.7206,4.2321,38.4273,0.11013,0.9593,1.0725,1.118
aw-cql-weight1-seed1,cql,276000,12,276000,0b67f89ee9452b26,-7371.881347656,33583,82841,4.7369,1.8128,2.9241,38.4273,0.07609,0.9409,1.0258,1.0903
aw-cql-weight1-seed1,cql,276000,13,276000,0b67f89ee9452b26,-7371.881347656,29838,52509,7.7861,0.4394,7.3467,38.4273,0.19119,0.8965,1.0592,1.1814
aw-cql-weight1-seed1,cql,276000,14,276000,0b67f89ee9452b26,-7371.881347656,36307,14110,15.0432,0.5444,14.4988,38.4273,0.37731,0.946,1.2904,1.3641
aw-cql-weight1-seed1,cql,277000,0,277000,fb5cc53aa625cbb3,-7392.41796875,237311,68413,28.7086,14.8231,13.8856,38.4208,0.36141,0.8484,1.4136,1.6661
aw-cql-weight1-seed1,cql,277000,2,277000,fb5cc53aa625cbb3,-7392.41796875,168808,33814,14.9025,5.3892,9.5133,38.4208,0.24761,0.895,1.1081,1.2381
aw-cql-weight1-seed1,cql,277000,4,277000,fb5cc53aa625cbb3,-7392.41796875,35214,133999,6.9132,1.396,5.5172,38.4208,0.1436,0.881,0.9866,1.1199
aw-cql-weight1-seed1,cql,277000,5,277000,fb5cc53aa625cbb3,-7392.41796875,40938,30344,9.9244,-0.5676,10.492,38.4208,0.27308,0.9222,1.124,1.2188
aw-cql-weight1-seed1,cql,277000,6,277000,fb5cc53aa625cbb3,-7392.41796875,51996,11915,13.7536,2.3317,11.4219,38.4208,0.29728,0.945,1.2352,1.307
aw-cql-weight1-seed1,cql,277000,7,277000,fb5cc53aa625cbb3,-7392.41796875,64933,19513,12.8392,5.5903,7.2489,38.4208,0.18867,0.911,1.176,1.291
aw-cql-weight1-seed1,cql,277000,11,277000,fb5cc53aa625cbb3,-7392.41796875,76763,39227,5.7732,1.7513,4.0219,38.4208,0.10468,0.9608,1.0767,1.1205
aw-cql-weight1-seed1,cql,277000,12,277000,fb5cc53aa625cbb3,-7392.41796875,33583,82841,4.2279,1.6243,2.6036,38.4208,0.06777,0.9432,1.0274,1.0893
aw-cql-weight1-seed1,cql,277000,13,277000,fb5cc53aa625cbb3,-7392.41796875,29838,52509,7.5554,0.3692,7.1862,38.4208,0.18704,0.8994,1.0618,1.1805
aw-cql-weight1-seed1,cql,277000,14,277000,fb5cc53aa625cbb3,-7392.41796875,36307,14110,14.6263,0.4488,14.1774,38.4208,0.369,0.9468,1.2889,1.3613
aw-cql-weight1-seed1,cql,278000,0,278000,e59080ff9c8160da,-7415.140625,237311,68413,29.1457,15.1234,14.0223,39.0244,0.35932,0.8484,1.4072,1.6587
aw-cql-weight1-seed1,cql,278000,2,278000,e59080ff9c8160da,-7415.140625,168808,33814,14.9547,5.4383,9.5164,39.0244,0.24386,0.8934,1.1065,1.2386
aw-cql-weight1-seed1,cql,278000,4,278000,e59080ff9c8160da,-7415.140625,35214,133999,6.8971,1.4386,5.4585,39.0244,0.13987,0.8784,0.9856,1.1221
aw-cql-weight1-seed1,cql,278000,5,278000,e59080ff9c8160da,-7415.140625,40938,30344,10.1362,-0.4702,10.6064,39.0244,0.27179,0.9202,1.1265,1.2242
aw-cql-weight1-seed1,cql,278000,6,278000,e59080ff9c8160da,-7415.140625,51996,11915,13.3975,1.9495,11.448,39.0244,0.29336,0.9451,1.2388,1.3108
aw-cql-weight1-seed1,cql,278000,7,278000,e59080ff9c8160da,-7415.140625,64933,19513,13.0574,5.5577,7.4997,39.0244,0.19218,0.9125,1.1703,1.2826
aw-cql-weight1-seed1,cql,278000,11,278000,e59080ff9c8160da,-7415.140625,76763,39227,5.8666,1.7933,4.0733,39.0244,0.10438,0.9606,1.0733,1.1174
aw-cql-weight1-seed1,cql,278000,12,278000,e59080ff9c8160da,-7415.140625,33583,82841,4.5217,1.7543,2.7674,39.0244,0.07091,0.943,1.0277,1.0898
aw-cql-weight1-seed1,cql,278000,13,278000,e59080ff9c8160da,-7415.140625,29838,52509,7.6242,0.4081,7.2161,39.0244,0.18491,0.8973,1.0605,1.1819
aw-cql-weight1-seed1,cql,278000,14,278000,e59080ff9c8160da,-7415.140625,36307,14110,14.9566,0.5991,14.3575,39.0244,0.36791,0.9482,1.2919,1.3624
aw-cql-weight1-seed1,cql,279000,0,279000,171adb3f99a2321c,-7436.94921875,237311,68413,28.7615,14.9392,13.8224,38.2768,0.36112,0.849,1.4232,1.6764
aw-cql-weight1-seed1,cql,279000,2,279000,171adb3f99a2321c,-7436.94921875,168808,33814,14.7672,5.1916,9.5756,38.2768,0.25017,0.8938,1.1071,1.2386
aw-cql-weight1-seed1,cql,279000,4,279000,171adb3f99a2321c,-7436.94921875,35214,133999,6.7155,1.4349,5.2805,38.2768,0.13796,0.8781,0.9876,1.1246
aw-cql-weight1-seed1,cql,279000,5,279000,171adb3f99a2321c,-7436.94921875,40938,30344,9.485,-0.5352,10.0201,38.2768,0.26178,0.9202,1.126,1.2237
aw-cql-weight1-seed1,cql,279000,6,279000,171adb3f99a2321c,-7436.94921875,51996,11915,13.3992,2.2103,11.1889,38.2768,0.29232,0.9444,1.2388,1.3118
aw-cql-weight1-seed1,cql,279000,7,279000,171adb3f99a2321c,-7436.94921875,64933,19513,12.7794,5.3938,7.3855,38.2768,0.19295,0.9116,1.172,1.2856
aw-cql-weight1-seed1,cql,279000,11,279000,171adb3f99a2321c,-7436.94921875,76763,39227,6.0744,1.7647,4.3097,38.2768,0.11259,0.9584,1.0729,1.1196
aw-cql-weight1-seed1,cql,279000,12,279000,171adb3f99a2321c,-7436.94921875,33583,82841,5.0572,2.0609,2.9963,38.2768,0.07828,0.9414,1.0273,1.0912
aw-cql-weight1-seed1,cql,279000,13,279000,171adb3f99a2321c,-7436.94921875,29838,52509,7.5246,0.3767,7.1479,38.2768,0.18674,0.8974,1.0606,1.1819
aw-cql-weight1-seed1,cql,279000,14,279000,171adb3f99a2321c,-7436.94921875,36307,14110,14.2912,0.2223,14.0689,38.2768,0.36756,0.9465,1.2864,1.3591
aw-cql-weight1-seed1,cql,280000,0,280000,fb51821b7a58b63d,-7474.283691406,237311,68413,28.7711,14.6738,14.0973,38.476,0.36639,0.8469,1.4028,1.6563
aw-cql-weight1-seed1,cql,280000,2,280000,fb51821b7a58b63d,-7474.283691406,168808,33814,15.1066,5.3605,9.7461,38.476,0.2533,0.8943,1.1073,1.2382
aw-cql-weight1-seed1,cql,280000,4,280000,fb51821b7a58b63d,-7474.283691406,35214,133999,6.916,1.3985,5.5175,38.476,0.1434,0.8828,0.9864,1.1174
aw-cql-weight1-seed1,cql,280000,5,280000,fb51821b7a58b63d,-7474.283691406,40938,30344,9.4782,-0.4785,9.9568,38.476,0.25878,0.9226,1.128,1.2226
aw-cql-weight1-seed1,cql,280000,6,280000,fb51821b7a58b63d,-7474.283691406,51996,11915,12.2131,1.7203,10.4928,38.476,0.27271,0.9461,1.2429,1.3136
aw-cql-weight1-seed1,cql,280000,7,280000,fb51821b7a58b63d,-7474.283691406,64933,19513,12.5689,5.2355,7.3334,38.476,0.1906,0.9106,1.1738,1.2892
aw-cql-weight1-seed1,cql,280000,11,280000,fb51821b7a58b63d,-7474.283691406,76763,39227,5.9905,1.8515,4.139,38.476,0.10757,0.9586,1.0734,1.1198
aw-cql-weight1-seed1,cql,280000,12,280000,fb51821b7a58b63d,-7474.283691406,33583,82841,4.6713,1.8343,2.837,38.476,0.07373,0.9406,1.0252,1.0899
aw-cql-weight1-seed1,cql,280000,13,280000,fb51821b7a58b63d,-7474.283691406,29838,52509,7.5261,0.4274,7.0987,38.476,0.1845,0.9002,1.0607,1.1784
aw-cql-weight1-seed1,cql,280000,14,280000,fb51821b7a58b63d,-7474.283691406,36307,14110,14.0619,0.3696,13.6923,38.476,0.35587,0.9476,1.2879,1.3591
aw-cql-weight1-seed1,cql,281000,0,281000,4356f265289ac2f9,-7494.211425781,237311,68413,28.9058,14.63,14.2758,38.6318,0.36953,0.8491,1.4122,1.6631
aw-cql-weight1-seed1,cql,281000,2,281000,4356f265289ac2f9,-7494.211425781,168808,33814,14.8711,5.308,9.5631,38.6318,0.24755,0.8928,1.1036,1.2362
aw-cql-weight1-seed1,cql,281000,4,281000,4356f265289ac2f9,-7494.211425781,35214,133999,6.7478,1.4047,5.3431,38.6318,0.13831,0.8782,0.9857,1.1225
aw-cql-weight1-seed1,cql,281000,5,281000,4356f265289ac2f9,-7494.211425781,40938,30344,9.7352,-0.5541,10.2893,38.6318,0.26634,0.9193,1.1306,1.2299
aw-cql-weight1-seed1,cql,281000,6,281000,4356f265289ac2f9,-7494.211425781,51996,11915,13.3319,2.2232,11.1087,38.6318,0.28755,0.9445,1.2394,1.3122
aw-cql-weight1-seed1,cql,281000,7,281000,4356f265289ac2f9,-7494.211425781,64933,19513,12.4545,5.1854,7.2692,38.6318,0.18817,0.9125,1.1703,1.2826
aw-cql-weight1-seed1,cql,281000,11,281000,4356f265289ac2f9,-7494.211425781,76763,39227,5.5954,1.6719,3.9235,38.6318,0.10156,0.9596,1.0738,1.119
aw-cql-weight1-seed1,cql,281000,12,281000,4356f265289ac2f9,-7494.211425781,33583,82841,4.7498,1.8658,2.884,38.6318,0.07465,0.9405,1.0252,1.0901
aw-cql-weight1-seed1,cql,281000,13,281000,4356f265289ac2f9,-7494.211425781,29838,52509,8.2573,0.5295,7.7278,38.6318,0.20004,0.895,1.0605,1.185
aw-cql-weight1-seed1,cql,281000,14,281000,4356f265289ac2f9,-7494.211425781,36307,14110,14.974,0.7271,14.2468,38.6318,0.36879,0.943,1.2855,1.3633
aw-cql-weight1-seed1,cql,282000,0,282000,4c2f32db5fc77bfb,-7517.804199219,237311,68413,29.0519,14.9152,14.1366,38.7751,0.36458,0.8491,1.4164,1.668
aw-cql-weight1-seed1,cql,282000,2,282000,4c2f32db5fc77bfb,-7517.804199219,168808,33814,15.3765,5.5555,9.821,38.7751,0.25328,0.893,1.1048,1.2371
aw-cql-weight1-seed1,cql,282000,4,282000,4c2f32db5fc77bfb,-7517.804199219,35214,133999,6.3983,1.2213,5.177,38.7751,0.13351,0.8769,0.9871,1.1257
aw-cql-weight1-seed1,cql,282000,5,282000,4c2f32db5fc77bfb,-7517.804199219,40938,30344,9.8255,-0.492,10.3175,38.7751,0.26609,0.9194,1.1314,1.2305
aw-cql-weight1-seed1,cql,282000,6,282000,4c2f32db5fc77bfb,-7517.804199219,51996,11915,13.4625,2.546,10.9166,38.7751,0.28154,0.9438,1.2434,1.3175
aw-cql-weight1-seed1,cql,282000,7,282000,4c2f32db5fc77bfb,-7517.804199219,64933,19513,13.0403,5.6431,7.3972,38.7751,0.19077,0.9097,1.1702,1.2863
aw-cql-weight1-seed1,cql,282000,11,282000,4c2f32db5fc77bfb,-7517.804199219,76763,39227,6.3328,2.0276,4.3053,38.7751,0.11103,0.9597,1.0736,1.1187
aw-cql-weight1-seed1,cql,282000,12,282000,4c2f32db5fc77bfb,-7517.804199219,33583,82841,5.8732,2.2981,3.5751,38.7751,0.0922,0.9404,1.0284,1.0936
aw-cql-weight1-seed1,cql,282000,13,282000,4c2f32db5fc77bfb,-7517.804199219,29838,52509,7.9208,0.4083,7.5124,38.7751,0.19374,0.8963,1.0638,1.1869
aw-cql-weight1-seed1,cql,282000,14,282000,4c2f32db5fc77bfb,-7517.804199219,36307,14110,14.398,0.5541,13.844,38.7751,0.35703,0.9441,1.2944,1.371
aw-cql-weight1-seed1,cql,283000,0,283000,2c7fad4510d1c613,-7546.9296875,237311,68413,28.9582,14.86,14.0982,38.552,0.36569,0.8484,1.4139,1.6666
aw-cql-weight1-seed1,cql,283000,2,283000,2c7fad4510d1c613,-7546.9296875,168808,33814,14.7921,5.2531,9.5391,38.552,0.24743,0.8936,1.106,1.2376
aw-cql-weight1-seed1,cql,283000,4,283000,2c7fad4510d1c613,-7546.9296875,35214,133999,6.7571,1.4132,5.3439,38.552,0.13862,0.8826,0.9853,1.1164
aw-cql-weight1-seed1,cql,283000,5,283000,2c7fad4510d1c613,-7546.9296875,40938,30344,9.85,-0.5209,10.3709,38.552,0.26901,0.9268,1.1272,1.2162
aw-cql-weight1-seed1,cql,283000,6,283000,2c7fad4510d1c613,-7546.9296875,51996,11915,12.9844,2.026,10.9584,38.552,0.28425,0.9465,1.2403,1.3104
aw-cql-weight1-seed1,cql,283000,7,283000,2c7fad4510d1c613,-7546.9296875,64933,19513,13.2927,6.0742,7.2185,38.552,0.18724,0.9101,1.1735,1.2894
aw-cql-weight1-seed1,cql,283000,11,283000,2c7fad4510d1c613,-7546.9296875,76763,39227,6.6381,2.1475,4.4906,38.552,0.11648,0.9613,1.0753,1.1186
aw-cql-weight1-seed1,cql,283000,12,283000,2c7fad4510d1c613,-7546.9296875,33583,82841,5.3297,2.2242,3.1055,38.552,0.08055,0.9417,1.0288,1.0925
aw-cql-weight1-seed1,cql,283000,13,283000,2c7fad4510d1c613,-7546.9296875,29838,52509,7.8204,0.3614,7.459,38.552,0.19348,0.8989,1.0601,1.1794
aw-cql-weight1-seed1,cql,283000,14,283000,2c7fad4510d1c613,-7546.9296875,36307,14110,14.6539,0.3519,14.3019,38.552,0.37098,0.9502,1.2872,1.3547
aw-cql-weight1-seed1,cql,284000,0,284000,0c450de2b72855d5,-7566.4375,237311,68413,29.031,15.1193,13.9117,38.7255,0.35924,0.8485,1.417,1.67
aw-cql-weight1-seed1,cql,284000,2,284000,0c450de2b72855d5,-7566.4375,168808,33814,14.9142,5.1629,9.7513,38.7255,0.25181,0.8939,1.1051,1.2362
aw-cql-weight1-seed1,cql,284000,4,284000,0c450de2b72855d5,-7566.4375,35214,133999,6.1866,1.323,4.8636,38.7255,0.12559,0.8792,0.9838,1.1189
aw-cql-weight1-seed1,cql,284000,5,284000,0c450de2b72855d5,-7566.4375,40938,30344,9.5872,-0.5392,10.1264,38.7255,0.26149,0.9225,1.1231,1.2174
aw-cql-weight1-seed1,cql,284000,6,284000,0c450de2b72855d5,-7566.4375,51996,11915,13.1936,1.9367,11.2569,38.7255,0.29068,0.947,1.24,1.3095
aw-cql-weight1-seed1,cql,284000,7,284000,0c450de2b72855d5,-7566.4375,64933,19513,12.8411,5.4797,7.3614,38.7255,0.19009,0.9117,1.1731,1.2867
aw-cql-weight1-seed1,cql,284000,11,284000,0c450de2b72855d5,-7566.4375,76763,39227,6.2022,1.8275,4.3747,38.7255,0.11297,0.9594,1.0738,1.1192
aw-cql-weight1-seed1,cql,284000,12,284000,0c450de2b72855d5,-7566.4375,33583,82841,4.7856,1.8365,2.9491,38.7255,0.07615,0.9416,1.0265,1.0902
aw-cql-weight1-seed1,cql,284000,13,284000,0c450de2b72855d5,-7566.4375,29838,52509,7.9076,0.455,7.4526,38.7255,0.19245,0.8987,1.0594,1.1788
aw-cql-weight1-seed1,cql,284000,14,284000,0c450de2b72855d5,-7566.4375,36307,14110,15.145,0.6288,14.5161,38.7255,0.37485,0.95,1.2897,1.3575
aw-cql-weight1-seed1,cql,285000,0,285000,23580013ef051a38,-7588.087890625,237311,68413,28.8501,14.4085,14.4415,38.8886,0.37136,0.8481,1.4108,1.6636
aw-cql-weight1-seed1,cql,285000,2,285000,23580013ef051a38,-7588.087890625,168808,33814,15.2324,5.2631,9.9692,38.8886,0.25635,0.8944,1.1053,1.2359
aw-cql-weight1-seed1,cql,285000,4,285000,23580013ef051a38,-7588.087890625,35214,133999,6.7341,1.2225,5.5115,38.8886,0.14173,0.8795,0.9853,1.1203
aw-cql-weight1-seed1,cql,285000,5,285000,23580013ef051a38,-7588.087890625,40938,30344,9.5193,-0.6214,10.1408,38.8886,0.26076,0.9209,1.1207,1.2169
aw-cql-weight1-seed1,cql,285000,6,285000,23580013ef051a38,-7588.087890625,51996,11915,13.4072,2.2585,11.1487,38.8886,0.28668,0.9462,1.2364,1.3066
aw-cql-weight1-seed1,cql,285000,7,285000,23580013ef051a38,-7588.087890625,64933,19513,12.6719,5.2385,7.4334,38.8886,0.19115,0.9112,1.1732,1.2876
aw-cql-weight1-seed1,cql,285000,11,285000,23580013ef051a38,-7588.087890625,76763,39227,5.9861,1.7475,4.2386,38.8886,0.10899,0.9595,1.0747,1.12
aw-cql-weight1-seed1,cql,285000,12,285000,23580013ef051a38,-7588.087890625,33583,82841,5.0757,1.9439,3.1318,38.8886,0.08053,0.9413,1.0268,1.0908
aw-cql-weight1-seed1,cql,285000,13,285000,23580013ef051a38,-7588.087890625,29838,52509,7.2968,0.231,7.0658,38.8886,0.18169,0.8964,1.0579,1.1802
aw-cql-weight1-seed1,cql,285000,14,285000,23580013ef051a38,-7588.087890625,36307,14110,13.9467,0.0277,13.919,38.8886,0.35792,0.9462,1.2837,1.3567
aw-cql-weight1-seed1,cql,286000,0,286000,d202cdbab400cb77,-7608.718261719,237311,68413,28.9287,14.8033,14.1253,38.7954,0.3641,0.8483,1.4077,1.6594
aw-cql-weight1-seed1,cql,286000,2,286000,d202cdbab400cb77,-7608.718261719,168808,33814,14.9616,5.0634,9.8982,38.7954,0.25514,0.8937,1.1048,1.2362
aw-cql-weight1-seed1,cql,286000,4,286000,d202cdbab400cb77,-7608.718261719,35214,133999,6.2143,1.2578,4.9565,38.7954,0.12776,0.8789,0.9847,1.1203
aw-cql-weight1-seed1,cql,286000,5,286000,d202cdbab400cb77,-7608.718261719,40938,30344,8.8646,-0.6178,9.4824,38.7954,0.24442,0.922,1.1267,1.222
aw-cql-weight1-seed1,cql,286000,6,286000,d202cdbab400cb77,-7608.718261719,51996,11915,13.0394,2.1816,10.8578,38.7954,0.27987,0.945,1.2379,1.3099
aw-cql-weight1-seed1,cql,286000,7,286000,d202cdbab400cb77,-7608.718261719,64933,19513,12.3996,5.1787,7.2209,38.7954,0.18613,0.9105,1.1717,1.2869
aw-cql-weight1-seed1,cql,286000,11,286000,d202cdbab400cb77,-7608.718261719,76763,39227,5.8525,1.7599,4.0926,38.7954,0.10549,0.9585,1.0737,1.1202
aw-cql-weight1-seed1,cql,286000,12,286000,d202cdbab400cb77,-7608.718261719,33583,82841,4.417,1.7934,2.6236,38.7954,0.06763,0.9414,1.0261,1.0899
aw-cql-weight1-seed1,cql,286000,13,286000,d202cdbab400cb77,-7608.718261719,29838,52509,7.0625,0.2684,6.7941,38.7954,0.17513,0.8978,1.0607,1.1814
aw-cql-weight1-seed1,cql,286000,14,286000,d202cdbab400cb77,-7608.718261719,36307,14110,14.1269,0.3843,13.7427,38.7954,0.35423,0.9471,1.2943,1.3666
aw-cql-weight1-seed1,cql,287000,0,287000,8b99d97212e870e1,-7632.202148438,237311,68413,28.983,14.9133,14.0696,38.3918,0.36647,0.8484,1.4107,1.6629
aw-cql-weight1-seed1,cql,287000,2,287000,8b99d97212e870e1,-7632.202148438,168808,33814,15.1598,5.2861,9.8738,38.3918,0.25718,0.8932,1.1039,1.2358
aw-cql-weight1-seed1,cql,287000,4,287000,8b99d97212e870e1,-7632.202148438,35214,133999,6.7286,1.5126,5.2161,38.3918,0.13586,0.8784,0.9863,1.1229
aw-cql-weight1-seed1,cql,287000,5,287000,8b99d97212e870e1,-7632.202148438,40938,30344,9.6616,-0.3871,10.0487,38.3918,0.26174,0.9207,1.1254,1.2223
aw-cql-weight1-seed1,cql,287000,6,287000,8b99d97212e870e1,-7632.202148438,51996,11915,13.3013,2.2116,11.0897,38.3918,0.28886,0.9468,1.2449,1.3148
aw-cql-weight1-seed1,cql,287000,7,287000,8b99d97212e870e1,-7632.202148438,64933,19513,12.8404,5.4332,7.4071,38.3918,0.19294,0.9114,1.1681,1.2816
aw-cql-weight1-seed1,cql,287000,11,287000,8b99d97212e870e1,-7632.202148438,76763,39227,6.2609,1.9279,4.333,38.3918,0.11286,0.9589,1.0735,1.1195
aw-cql-weight1-seed1,cql,287000,12,287000,8b99d97212e870e1,-7632.202148438,33583,82841,4.9119,1.9181,2.9938,38.3918,0.07798,0.9419,1.0269,1.0903
aw-cql-weight1-seed1,cql,287000,13,287000,8b99d97212e870e1,-7632.202148438,29838,52509,7.0614,0.3502,6.7113,38.3918,0.17481,0.8983,1.0606,1.1808
aw-cql-weight1-seed1,cql,287000,14,287000,8b99d97212e870e1,-7632.202148438,36307,14110,14.2542,0.4383,13.8158,38.3918,0.35986,0.9479,1.2907,1.3617
aw-cql-weight1-seed1,cql,288000,0,288000,823d6daa47c2acf8,-7666.764160156,237311,68413,28.6769,14.7023,13.9745,37.9144,0.36858,0.8474,1.402,1.6545
aw-cql-weight1-seed1,cql,288000,2,288000,823d6daa47c2acf8,-7666.764160156,168808,33814,14.8927,5.288,9.6047,37.9144,0.25333,0.894,1.1029,1.2336
aw-cql-weight1-seed1,cql,288000,4,288000,823d6daa47c2acf8,-7666.764160156,35214,133999,6.87,1.4448,5.4252,37.9144,0.14309,0.8833,0.9868,1.1171
aw-cql-weight1-seed1,cql,288000,5,288000,823d6daa47c2acf8,-7666.764160156,40938,30344,9.8497,-0.4015,10.2512,37.9144,0.27038,0.9236,1.1262,1.2193
aw-cql-weight1-seed1,cql,288000,6,288000,823d6daa47c2acf8,-7666.764160156,51996,11915,13.0169,2.0074,11.0095,37.9144,0.29038,0.9473,1.242,1.3111
aw-cql-weight1-seed1,cql,288000,7,288000,823d6daa47c2acf8,-7666.764160156,64933,19513,12.7089,5.407,7.3019,37.9144,0.19259,0.9136,1.1688,1.2794
aw-cql-weight1-seed1,cql,288000,11,288000,823d6daa47c2acf8,-7666.764160156,76763,39227,5.6979,1.7992,3.8986,37.9144,0.10283,0.96,1.0731,1.1178
aw-cql-weight1-seed1,cql,288000,12,288000,823d6daa47c2acf8,-7666.764160156,33583,82841,4.9415,1.9791,2.9624,37.9144,0.07813,0.9433,1.0278,1.0895
aw-cql-weight1-seed1,cql,288000,13,288000,823d6daa47c2acf8,-7666.764160156,29838,52509,8.2879,0.5669,7.7211,37.9144,0.20364,0.8992,1.0605,1.1794
aw-cql-weight1-seed1,cql,288000,14,288000,823d6daa47c2acf8,-7666.764160156,36307,14110,14.7695,0.4214,14.3482,37.9144,0.37844,0.9479,1.2937,1.3648
aw-cql-weight1-seed1,cql,289000,0,289000,b51b8515be7b66eb,-7689.845703125,237311,68413,28.4908,14.5818,13.909,38.1195,0.36488,0.8481,1.4175,1.6714
aw-cql-weight1-seed1,cql,289000,2,289000,b51b8515be7b66eb,-7689.845703125,168808,33814,14.3785,4.9424,9.4361,38.1195,0.24754,0.8929,1.1025,1.2347
aw-cql-weight1-seed1,cql,289000,4,289000,b51b8515be7b66eb,-7689.845703125,35214,133999,6.4771,1.1709,5.3062,38.1195,0.1392,0.8785,0.9848,1.121
aw-cql-weight1-seed1,cql,289000,5,289000,b51b8515be7b66eb,-7689.845703125,40938,30344,9.6267,-0.6522,10.2789,38.1195,0.26965,0.9212,1.1248,1.2211
aw-cql-weight1-seed1,cql,289000,6,289000,b51b8515be7b66eb,-7689.845703125,51996,11915,13.0156,1.5616,11.454,38.1195,0.30048,0.9476,1.2452,1.3141
aw-cql-weight1-seed1,cql,289000,7,289000,b51b8515be7b66eb,-7689.845703125,64933,19513,12.6109,5.1949,7.4159,38.1195,0.19454,0.9113,1.1677,1.2814
aw-cql-weight1-seed1,cql,289000,11,289000,b51b8515be7b66eb,-7689.845703125,76763,39227,6.1765,1.9599,4.2166,38.1195,0.11061,0.9587,1.074,1.1202
aw-cql-weight1-seed1,cql,289000,12,289000,b51b8515be7b66eb,-7689.845703125,33583,82841,4.6572,1.9562,2.7011,38.1195,0.07086,0.9408,1.0255,1.0901
aw-cql-weight1-seed1,cql,289000,13,289000,b51b8515be7b66eb,-7689.845703125,29838,52509,7.4921,0.3302,7.1619,38.1195,0.18788,0.8957,1.059,1.1823
aw-cql-weight1-seed1,cql,289000,14,289000,b51b8515be7b66eb,-7689.845703125,36307,14110,14.3914,0.1598,14.2317,38.1195,0.37334,0.9465,1.2889,1.3618
aw-cql-weight1-seed1,cql,290000,0,290000,c25303b25f99c9cd,-7716.399902344,237311,68413,28.6567,14.7211,13.9356,38.0753,0.366,0.8482,1.4105,1.663
aw-cql-weight1-seed1,cql,290000,2,290000,c25303b25f99c9cd,-7716.399902344,168808,33814,15.0045,5.232,9.7725,38.0753,0.25666,0.893,1.0999,1.2317
aw-cql-weight1-seed1,cql,290000,4,290000,c25303b25f99c9cd,-7716.399902344,35214,133999,6.4628,1.3086,5.1543,38.0753,0.13537,0.8778,0.9843,1.1214
aw-cql-weight1-seed1,cql,290000,5,290000,c25303b25f99c9cd,-7716.399902344,40938,30344,9.2168,-0.6359,9.8527,38.0753,0.25877,0.9183,1.1242,1.2242
aw-cql-weight1-seed1,cql,290000,6,290000,c25303b25f99c9cd,-7716.399902344,51996,11915,13.0592,2.1735,10.8857,38.0753,0.2859,0.9446,1.2381,1.3107
aw-cql-weight1-seed1,cql,290000,7,290000,c25303b25f99c9cd,-7716.399902344,64933,19513,12.3791,5.2521,7.1271,38.0753,0.18718,0.9111,1.1688,1.2828
aw-cql-weight1-seed1,cql,290000,11,290000,c25303b25f99c9cd,-7716.399902344,76763,39227,5.7869,1.8874,3.8995,38.0753,0.10242,0.9601,1.0729,1.1175
aw-cql-weight1-seed1,cql,290000,12,290000,c25303b25f99c9cd,-7716.399902344,33583,82841,3.9864,1.672,2.3144,38.0753,0.06078,0.9414,1.0256,1.0894
aw-cql-weight1-seed1,cql,290000,13,290000,c25303b25f99c9cd,-7716.399902344,29838,52509,6.8294,0.2084,6.621,38.0753,0.17389,0.8954,1.0598,1.1837
aw-cql-weight1-seed1,cql,290000,14,290000,c25303b25f99c9cd,-7716.399902344,36307,14110,14.7861,0.3141,14.472,38.0753,0.38009,0.9439,1.2868,1.3633
aw-cql-weight1-seed1,cql,291000,0,291000,04c5af09b8b0b3bb,-7740.487304688,237311,68413,28.8123,14.7106,14.1017,38.2395,0.36877,0.8476,1.4025,1.6547
aw-cql-weight1-seed1,cql,291000,2,291000,04c5af09b8b0b3bb,-7740.487304688,168808,33814,14.8967,5.179,9.7177,38.2395,0.25413,0.893,1.1014,1.2333
aw-cql-weight1-seed1,cql,291000,4,291000,04c5af09b8b0b3bb,-7740.487304688,35214,133999,6.1894,1.1356,5.0538,38.2395,0.13216,0.8782,0.9842,1.1208
aw-cql-weight1-seed1,cql,291000,5,291000,04c5af09b8b0b3bb,-7740.487304688,40938,30344,9.41,-0.7567,10.1667,38.2395,0.26587,0.9196,1.1262,1.2247
aw-cql-weight1-seed1,cql,291000,6,291000,04c5af09b8b0b3bb,-7740.487304688,51996,11915,13.0182,2.0287,10.9895,38.2395,0.28739,0.9441,1.2321,1.305
aw-cql-weight1-seed1,cql,291000,7,291000,04c5af09b8b0b3bb,-7740.487304688,64933,19513,12.2484,5.1339,7.1145,38.2395,0.18605,0.9098,1.1675,1.2832
aw-cql-weight1-seed1,cql,291000,11,291000,04c5af09b8b0b3bb,-7740.487304688,76763,39227,5.7033,1.7078,3.9954,38.2395,0.10448,0.9592,1.0734,1.1191
aw-cql-weight1-seed1,cql,291000,12,291000,04c5af09b8b0b3bb,-7740.487304688,33583,82841,4.3378,1.7417,2.5961,38.2395,0.06789,0.9414,1.0253,1.0891
aw-cql-weight1-seed1,cql,291000,13,291000,04c5af09b8b0b3bb,-7740.487304688,29838,52509,6.8471,0.0905,6.7566,38.2395,0.17669,0.8961,1.0599,1.1827
aw-cql-weight1-seed1,cql,291000,14,291000,04c5af09b8b0b3bb,-7740.487304688,36307,14110,14.7492,0.2034,14.5458,38.2395,0.38039,0.9441,1.2821,1.358
aw-cql-weight1-seed1,cql,292000,0,292000,6a17a6f801615269,-7773.735839844,237311,68413,28.944,14.4388,14.5052,38.748,0.37435,0.8485,1.4082,1.6596
aw-cql-weight1-seed1,cql,292000,2,292000,6a17a6f801615269,-7773.735839844,168808,33814,14.993,5.329,9.6639,38.748,0.2494,0.8931,1.1014,1.2332
aw-cql-weight1-seed1,cql,292000,4,292000,6a17a6f801615269,-7773.735839844,35214,133999,6.7098,1.4854,5.2244,38.748,0.13483,0.8788,0.9858,1.1218
aw-cql-weight1-seed1,cql,292000,5,292000,6a17a6f801615269,-7773.735839844,40938,30344,9.5673,-0.446,10.0133,38.748,0.25842,0.9197,1.1299,1.2285
aw-cql-weight1-seed1,cql,292000,6,292000,6a17a6f801615269,-7773.735839844,51996,11915,12.7984,2.0367,10.7617,38.748,0.27774,0.9472,1.2396,1.3087
aw-cql-weight1-seed1,cql,292000,7,292000,6a17a6f801615269,-7773.735839844,64933,19513,12.4798,5.1903,7.2895,38.748,0.18813,0.912,1.1693,1.2821
aw-cql-weight1-seed1,cql,292000,11,292000,6a17a6f801615269,-7773.735839844,76763,39227,6.0956,1.9297,4.1659,38.748,0.10751,0.9604,1.0757,1.1201
aw-cql-weight1-seed1,cql,292000,12,292000,6a17a6f801615269,-7773.735839844,33583,82841,4.3054,1.7578,2.5476,38.748,0.06575,0.9418,1.0258,1.0892
aw-cql-weight1-seed1,cql,292000,13,292000,6a17a6f801615269,-7773.735839844,29838,52509,7.524,0.4946,7.0294,38.748,0.18141,0.8974,1.0644,1.1861
aw-cql-weight1-seed1,cql,292000,14,292000,6a17a6f801615269,-7773.735839844,36307,14110,14.5263,0.402,14.1243,38.748,0.36452,0.9447,1.2908,1.3663
aw-cql-weight1-seed1,cql,293000,0,293000,18b544df117db188,-7801.978027344,237311,68413,28.8238,14.8321,13.9917,38.452,0.36388,0.8491,1.4042,1.6537
aw-cql-weight1-seed1,cql,293000,2,293000,18b544df117db188,-7801.978027344,168808,33814,14.8466,5.1613,9.6853,38.452,0.25188,0.8932,1.104,1.236
aw-cql-weight1-seed1,cql,293000,4,293000,18b544df117db188,-7801.978027344,35214,133999,6.5133,1.3504,5.1629,38.452,0.13427,0.8775,0.9857,1.1233
aw-cql-weight1-seed1,cql,293000,5,293000,18b544df117db188,-7801.978027344,40938,30344,9.6276,-0.5281,10.1557,38.452,0.26411,0.9222,1.1285,1.2236
aw-cql-weight1-seed1,cql,293000,6,293000,18b544df117db188,-7801.978027344,51996,11915,13.1989,2.1834,11.0155,38.452,0.28647,0.9456,1.2401,1.3114
aw-cql-weight1-seed1,cql,293000,7,293000,18b544df117db188,-7801.978027344,64933,19513,12.6887,5.1137,7.575,38.452,0.197,0.9122,1.171,1.2836
aw-cql-weight1-seed1,cql,293000,11,293000,18b544df117db188,-7801.978027344,76763,39227,5.5092,1.6725,3.8367,38.452,0.09978,0.9592,1.0734,1.1191
aw-cql-weight1-seed1,cql,293000,12,293000,18b544df117db188,-7801.978027344,33583,82841,4.2384,1.7037,2.5348,38.452,0.06592,0.943,1.0258,1.0878
aw-cql-weight1-seed1,cql,293000,13,293000,18b544df117db188,-7801.978027344,29838,52509,7.3686,0.4348,6.9338,38.452,0.18032,0.8979,1.0616,1.1824
aw-cql-weight1-seed1,cql,293000,14,293000,18b544df117db188,-7801.978027344,36307,14110,14.8267,0.5119,14.3148,38.452,0.37228,0.9478,1.295,1.3664
aw-cql-weight1-seed1,cql,294000,0,294000,98207ad8dcd36a15,-7834.513671875,237311,68413,28.7847,14.4722,14.3125,38.4706,0.37204,0.8476,1.4023,1.6544
aw-cql-weight1-seed1,cql,294000,2,294000,98207ad8dcd36a15,-7834.513671875,168808,33814,15.011,5.243,9.768,38.4706,0.25391,0.8955,1.1044,1.2333
aw-cql-weight1-seed1,cql,294000,4,294000,98207ad8dcd36a15,-7834.513671875,35214,133999,6.0983,1.2439,4.8544,38.4706,0.12618,0.8808,0.9832,1.1163
aw-cql-weight1-seed1,cql,294000,5,294000,98207ad8dcd36a15,-7834.513671875,40938,30344,8.953,-0.6287,9.5817,38.4706,0.24907,0.921,1.1257,1.2223
aw-cql-weight1-seed1,cql,294000,6,294000,98207ad8dcd36a15,-7834.513671875,51996,11915,13.1881,1.8821,11.306,38.4706,0.29389,0.9439,1.2408,1.3145
aw-cql-weight1-seed1,cql,294000,7,294000,98207ad8dcd36a15,-7834.513671875,64933,19513,12.7319,5.1854,7.5465,38.4706,0.19616,0.9111,1.1651,1.2788
aw-cql-weight1-seed1,cql,294000,11,294000,98207ad8dcd36a15,-7834.513671875,76763,39227,5.8324,1.7824,4.05,38.4706,0.10528,0.96,1.0745,1.1193
aw-cql-weight1-seed1,cql,294000,12,294000,98207ad8dcd36a15,-7834.513671875,33583,82841,3.9273,1.6097,2.3176,38.4706,0.06024,0.9427,1.025,1.0873
aw-cql-weight1-seed1,cql,294000,13,294000,98207ad8dcd36a15,-7834.513671875,29838,52509,6.7721,0.2623,6.5097,38.4706,0.16921,0.8979,1.0603,1.1809
aw-cql-weight1-seed1,cql,294000,14,294000,98207ad8dcd36a15,-7834.513671875,36307,14110,14.0889,0.0317,14.0572,38.4706,0.3654,0.9433,1.2899,1.3675
aw-cql-weight1-seed1,cql,295000,0,295000,417b1dc93a3f34d6,-7866.624511719,237311,68413,28.8076,14.7952,14.0125,38.1968,0.36685,0.8482,1.4121,1.6648
aw-cql-weight1-seed1,cql,295000,2,295000,417b1dc93a3f34d6,-7866.624511719,168808,33814,15.5211,5.5631,9.9581,38.1968,0.2607,0.8934,1.1034,1.235
aw-cql-weight1-seed1,cql,295000,4,295000,417b1dc93a3f34d6,-7866.624511719,35214,133999,6.5646,1.3161,5.2485,38.1968,0.13741,0.8771,0.9846,1.1226
aw-cql-weight1-seed1,cql,295000,5,295000,417b1dc93a3f34d6,-7866.624511719,40938,30344,9.739,-0.4343,10.1733,38.1968,0.26634,0.9189,1.1247,1.224
aw-cql-weight1-seed1,cql,295000,6,295000,417b1dc93a3f34d6,-7866.624511719,51996,11915,13.1025,2.2058,10.8967,38.1968,0.28528,0.9445,1.2354,1.308
aw-cql-weight1-seed1,cql,295000,7,295000,417b1dc93a3f34d6,-7866.624511719,64933,19513,12.6362,5.267,7.3692,38.1968,0.19293,0.9118,1.1715,1.2847
aw-cql-weight1-seed1,cql,295000,11,295000,417b1dc93a3f34d6,-7866.624511719,76763,39227,5.8337,1.7718,4.0619,38.1968,0.10634,0.9593,1.0734,1.1189
aw-cql-weight1-seed1,cql,295000,12,295000,417b1dc93a3f34d6,-7866.624511719,33583,82841,4.3538,1.7093,2.6446,38.1968,0.06923,0.9423,1.0254,1.0883
aw-cql-weight1-seed1,cql,295000,13,295000,417b1dc93a3f34d6,-7866.624511719,29838,52509,7.6315,0.4424,7.1891,38.1968,0.18821,0.8942,1.06,1.1854
aw-cql-weight1-seed1,cql,295000,14,295000,417b1dc93a3f34d6,-7866.624511719,36307,14110,14.7359,0.6325,14.1033,38.1968,0.36923,0.9451,1.2862,1.3608
aw-cql-weight1-seed1,cql,296000,0,296000,8b038303d8c44d7f,-7893.69921875,237311,68413,28.5058,14.2685,14.2373,38.6337,0.36852,0.8472,1.3996,1.652
aw-cql-weight1-seed1,cql,296000,2,296000,8b038303d8c44d7f,-7893.69921875,168808,33814,14.5746,5.0569,9.5177,38.6337,0.24636,0.8939,1.1035,1.2345
aw-cql-weight1-seed1,cql,296000,4,296000,8b038303d8c44d7f,-7893.69921875,35214,133999,6.5088,1.3531,5.1557,38.6337,0.13345,0.88,0.9855,1.1199
aw-cql-weight1-seed1,cql,296000,5,296000,8b038303d8c44d7f,-7893.69921875,40938,30344,9.9359,-0.5687,10.5046,38.6337,0.2719,0.921,1.1253,1.2218
aw-cql-weight1-seed1,cql,296000,6,296000,8b038303d8c44d7f,-7893.69921875,51996,11915,13.0534,1.5951,11.4584,38.6337,0.29659,0.9464,1.2409,1.3111
aw-cql-weight1-seed1,cql,296000,7,296000,8b038303d8c44d7f,-7893.69921875,64933,19513,12.4491,4.9309,7.5182,38.6337,0.1946,0.912,1.1721,1.2852
aw-cql-weight1-seed1,cql,296000,11,296000,8b038303d8c44d7f,-7893.69921875,76763,39227,5.807,1.8491,3.958,38.6337,0.10245,0.9606,1.074,1.118
aw-cql-weight1-seed1,cql,296000,12,296000,8b038303d8c44d7f,-7893.69921875,33583,82841,4.2784,1.7434,2.5351,38.6337,0.06562,0.9429,1.0263,1.0884
aw-cql-weight1-seed1,cql,296000,13,296000,8b038303d8c44d7f,-7893.69921875,29838,52509,7.5555,0.3742,7.1814,38.6337,0.18588,0.8975,1.0604,1.1816
aw-cql-weight1-seed1,cql,296000,14,296000,8b038303d8c44d7f,-7893.69921875,36307,14110,14.5792,0.2826,14.2966,38.6337,0.37005,0.9459,1.2916,1.3654
aw-cql-weight1-seed1,cql,297000,0,297000,438d839a1d34f4bc,-7906.189453125,237311,68413,28.6371,14.3025,14.3345,38.4824,0.3725,0.8482,1.4034,1.6546
aw-cql-weight1-seed1,cql,297000,2,297000,438d839a1d34f4bc,-7906.189453125,168808,33814,14.8316,5.2298,9.6019,38.4824,0.24951,0.894,1.1058,1.2369
aw-cql-weight1-seed1,cql,297000,4,297000,438d839a1d34f4bc,-7906.189453125,35214,133999,6.314,1.3389,4.9751,38.4824,0.12928,0.8785,0.9845,1.1206
aw-cql-weight1-seed1,cql,297000,5,297000,438d839a1d34f4bc,-7906.189453125,40938,30344,9.6912,-0.5335,10.2247,38.4824,0.2657,0.9213,1.1256,1.2218
aw-cql-weight1-seed1,cql,297000,6,297000,438d839a1d34f4bc,-7906.189453125,51996,11915,13.7009,2.1392,11.5617,38.4824,0.30044,0.9454,1.2411,1.3127
aw-cql-weight1-seed1,cql,297000,7,297000,438d839a1d34f4bc,-7906.189453125,64933,19513,12.8137,5.3494,7.4644,38.4824,0.19397,0.9099,1.1758,1.2922
aw-cql-weight1-seed1,cql,297000,11,297000,438d839a1d34f4bc,-7906.189453125,76763,39227,5.9752,1.8253,4.1499,38.4824,0.10784,0.9586,1.0725,1.1188
aw-cql-weight1-seed1,cql,297000,12,297000,438d839a1d34f4bc,-7906.189453125,33583,82841,4.3047,1.7462,2.5585,38.4824,0.06649,0.9452,1.0287,1.0884
aw-cql-weight1-seed1,cql,297000,13,297000,438d839a1d34f4bc,-7906.189453125,29838,52509,6.8195,0.2773,6.5422,38.4824,0.17001,0.8971,1.0587,1.1802
aw-cql-weight1-seed1,cql,297000,14,297000,438d839a1d34f4bc,-7906.189453125,36307,14110,14.8816,0.2675,14.6141,38.4824,0.37976,0.9459,1.2862,1.3598
aw-cql-weight1-seed1,cql,298000,0,298000,db9586edaaab0e78,-7936.971191406,237311,68413,28.9203,14.6467,14.2737,38.9154,0.36679,0.8481,1.411,1.6638
aw-cql-weight1-seed1,cql,298000,2,298000,db9586edaaab0e78,-7936.971191406,168808,33814,14.7402,5.0523,9.688,38.9154,0.24895,0.8937,1.104,1.2353
aw-cql-weight1-seed1,cql,298000,4,298000,db9586edaaab0e78,-7936.971191406,35214,133999,6.4172,1.3238,5.0934,38.9154,0.13088,0.878,0.9847,1.1216
aw-cql-weight1-seed1,cql,298000,5,298000,db9586edaaab0e78,-7936.971191406,40938,30344,9.3982,-0.5734,9.9716,38.9154,0.25624,0.9212,1.1251,1.2213
aw-cql-weight1-seed1,cql,298000,6,298000,db9586edaaab0e78,-7936.971191406,51996,11915,12.7324,2.0242,10.7082,38.9154,0.27517,0.9445,1.2349,1.3075
aw-cql-weight1-seed1,cql,298000,7,298000,db9586edaaab0e78,-7936.971191406,64933,19513,12.8681,5.5528,7.3153,38.9154,0.18798,0.9125,1.171,1.2833
aw-cql-weight1-seed1,cql,298000,11,298000,db9586edaaab0e78,-7936.971191406,76763,39227,5.5845,1.5777,4.0068,38.9154,0.10296,0.9593,1.0713,1.1167
aw-cql-weight1-seed1,cql,298000,12,298000,db9586edaaab0e78,-7936.971191406,33583,82841,3.5787,1.4845,2.0942,38.9154,0.05381,0.9434,1.0256,1.0872
aw-cql-weight1-seed1,cql,298000,13,298000,db9586edaaab0e78,-7936.971191406,29838,52509,6.8495,0.2925,6.557,38.9154,0.16849,0.8968,1.0586,1.1804
aw-cql-weight1-seed1,cql,298000,14,298000,db9586edaaab0e78,-7936.971191406,36307,14110,14.72,0.4218,14.2982,38.9154,0.36742,0.9445,1.2877,1.3634
aw-cql-weight1-seed1,cql,299000,0,299000,fd190c8c8d8e96c2,-7977.655273438,237311,68413,28.5206,14.4998,14.0208,38.4747,0.36442,0.8483,1.408,1.6598
aw-cql-weight1-seed1,cql,299000,2,299000,fd190c8c8d8e96c2,-7977.655273438,168808,33814,14.6463,5.0412,9.6052,38.4747,0.24965,0.8938,1.1037,1.2349
aw-cql-weight1-seed1,cql,299000,4,299000,fd190c8c8d8e96c2,-7977.655273438,35214,133999,6.2926,1.3662,4.9264,38.4747,0.12804,0.8783,0.9842,1.1206
aw-cql-weight1-seed1,cql,299000,5,299000,fd190c8c8d8e96c2,-7977.655273438,40938,30344,9.5562,-0.5743,10.1305,38.4747,0.2633,0.9208,1.126,1.2228
aw-cql-weight1-seed1,cql,299000,6,299000,fd190c8c8d8e96c2,-7977.655273438,51996,11915,12.7633,1.7994,10.9639,38.4747,0.28496,0.9449,1.238,1.3102
aw-cql-weight1-seed1,cql,299000,7,299000,fd190c8c8d8e96c2,-7977.655273438,64933,19513,12.6476,5.2455,7.4022,38.4747,0.19239,0.9114,1.1712,1.285
aw-cql-weight1-seed1,cql,299000,11,299000,fd190c8c8d8e96c2,-7977.655273438,76763,39227,6.0251,1.8142,4.2109,38.4747,0.10944,0.9597,1.0718,1.1168
aw-cql-weight1-seed1,cql,299000,12,299000,fd190c8c8d8e96c2,-7977.655273438,33583,82841,4.8371,2.0283,2.8087,38.4747,0.073,0.9425,1.0267,1.0893
aw-cql-weight1-seed1,cql,299000,13,299000,fd190c8c8d8e96c2,-7977.655273438,29838,52509,7.6349,0.3198,7.3152,38.4747,0.19013,0.8952,1.0605,1.1846
aw-cql-weight1-seed1,cql,299000,14,299000,fd190c8c8d8e96c2,-7977.655273438,36307,14110,14.6314,0.2623,14.369,38.4747,0.37347,0.9448,1.2905,1.366
aw-cql-weight1-seed1,cql,300000,0,300000,1f936881c19bc7a1,-7995.061523438,237311,68413,28.4544,14.7794,13.675,38.0328,0.35956,0.8486,1.4167,1.6695
aw-cql-weight1-seed1,cql,300000,2,300000,1f936881c19bc7a1,-7995.061523438,168808,33814,14.7874,5.1801,9.6073,38.0328,0.25261,0.8926,1.1039,1.2367
aw-cql-weight1-seed1,cql,300000,4,300000,1f936881c19bc7a1,-7995.061523438,35214,133999,6.5537,1.4792,5.0744,38.0328,0.13342,0.8799,0.9837,1.118
aw-cql-weight1-seed1,cql,300000,5,300000,1f936881c19bc7a1,-7995.061523438,40938,30344,9.7739,-0.3542,10.1281,38.0328,0.2663,0.9195,1.1254,1.224
aw-cql-weight1-seed1,cql,300000,6,300000,1f936881c19bc7a1,-7995.061523438,51996,11915,13.5795,2.4614,11.1182,38.0328,0.29233,0.9428,1.2327,1.3075
aw-cql-weight1-seed1,cql,300000,7,300000,1f936881c19bc7a1,-7995.061523438,64933,19513,12.6607,5.3262,7.3346,38.0328,0.19285,0.9106,1.1746,1.2899
aw-cql-weight1-seed1,cql,300000,11,300000,1f936881c19bc7a1,-7995.061523438,76763,39227,5.844,1.7221,4.1219,38.0328,0.10838,0.959,1.0724,1.1182
aw-cql-weight1-seed1,cql,300000,12,300000,1f936881c19bc7a1,-7995.061523438,33583,82841,4.3129,1.8168,2.4961,38.0328,0.06563,0.9419,1.0251,1.0884
aw-cql-weight1-seed1,cql,300000,13,300000,1f936881c19bc7a1,-7995.061523438,29838,52509,7.3469,0.5241,6.8228,38.0328,0.17939,0.8985,1.0592,1.1789
aw-cql-weight1-seed1,cql,300000,14,300000,1f936881c19bc7a1,-7995.061523438,36307,14110,14.7152,0.591,14.1242,38.0328,0.37137,0.9438,1.286,1.3626
