run,algo,step,bin,checkpoint_global_step,critic_checksum,first_layer_sum,n_surv,n_fail,Q_surv,Q_fail,Delta,span,Delta_hat,d_surv,d_fail,d_ratio
cql-weight1-seed1,cql,1000,0,1000,d5949ed7f6860592,-50.364959717,237311,68413,14.7291,6.8987,7.8304,25.7043,0.30464,1.0131,1.2933,1.2766
cql-weight1-seed1,cql,1000,2,1000,d5949ed7f6860592,-50.364959717,168808,33814,12.0643,6.405,5.6593,25.7043,0.22017,1.0807,1.198,1.1086
cql-weight1-seed1,cql,1000,4,1000,d5949ed7f6860592,-50.364959717,35214,133999,-1.7455,1.5528,-3.2983,25.7043,-0.12832,1.2874,1.2603,0.979
cql-weight1-seed1,cql,1000,5,1000,d5949ed7f6860592,-50.364959717,40938,30344,0.2868,-1.1184,1.4052,25.7043,0.05467,1.3685,1.429,1.0442
cql-weight1-seed1,cql,1000,6,1000,d5949ed7f6860592,-50.364959717,51996,11915,2.6951,-0.2919,2.987,25.7043,0.11621,1.2926,1.4759,1.1418
cql-weight1-seed1,cql,1000,7,1000,d5949ed7f6860592,-50.364959717,64933,19513,1.7579,0.506,1.2519,25.7043,0.0487,1.2353,1.3369,1.0823
cql-weight1-seed1,cql,1000,11,1000,d5949ed7f6860592,-50.364959717,76763,39227,2.3875,1.1461,1.2414,25.7043,0.04829,1.271,1.3413,1.0553
cql-weight1-seed1,cql,1000,12,1000,d5949ed7f6860592,-50.364959717,33583,82841,-0.163,1.4495,-1.6124,25.7043,-0.06273,1.2855,1.2878,1.0018
cql-weight1-seed1,cql,1000,13,1000,d5949ed7f6860592,-50.364959717,29838,52509,-4.0197,-0.4944,-3.5253,25.7043,-0.13715,1.3274,1.3565,1.0219
cql-weight1-seed1,cql,1000,14,1000,d5949ed7f6860592,-50.364959717,36307,14110,-0.2674,-3.2955,3.0281,25.7043,0.1178,1.4102,1.5989,1.1338
cql-weight1-seed1,cql,2000,0,2000,6444d82ed4012eb6,-199.531814575,237311,68413,30.2623,13.1798,17.0826,39.4413,0.43311,0.9701,1.4,1.4431
cql-weight1-seed1,cql,2000,2,2000,6444d82ed4012eb6,-199.531814575,168808,33814,17.3672,7.9373,9.4299,39.4413,0.23909,1.0189,1.2078,1.1853
cql-weight1-seed1,cql,2000,4,2000,6444d82ed4012eb6,-199.531814575,35214,133999,10.7103,3.9086,6.8018,39.4413,0.17245,1.1374,1.1955,1.0511
cql-weight1-seed1,cql,2000,5,2000,6444d82ed4012eb6,-199.531814575,40938,30344,12.8396,0.9685,11.8712,39.4413,0.30098,1.18,1.3391,1.1349
cql-weight1-seed1,cql,2000,6,2000,6444d82ed4012eb6,-199.531814575,51996,11915,16.4497,6.2872,10.1625,39.4413,0.25766,1.1793,1.4268,1.2099
cql-weight1-seed1,cql,2000,7,2000,6444d82ed4012eb6,-199.531814575,64933,19513,15.4422,8.4698,6.9724,39.4413,0.17678,1.1273,1.3465,1.1944
cql-weight1-seed1,cql,2000,11,2000,6444d82ed4012eb6,-199.531814575,76763,39227,12.3712,6.4817,5.8895,39.4413,0.14932,1.1633,1.2898,1.1088
cql-weight1-seed1,cql,2000,12,2000,6444d82ed4012eb6,-199.531814575,33583,82841,11.016,6.2459,4.77,39.4413,0.12094,1.1679,1.2551,1.0746
cql-weight1-seed1,cql,2000,13,2000,6444d82ed4012eb6,-199.531814575,29838,52509,13.0632,2.0833,10.9799,39.4413,0.27839,1.1712,1.2737,1.0876
cql-weight1-seed1,cql,2000,14,2000,6444d82ed4012eb6,-199.531814575,36307,14110,19.4589,1.1631,18.2958,39.4413,0.46387,1.2072,1.472,1.2193
cql-weight1-seed1,cql,3000,0,3000,f30b8e6d4b5bda93,-263.330535889,237311,68413,30.4502,12.7071,17.7432,40.5186,0.4379,0.9042,1.373,1.5185
cql-weight1-seed1,cql,3000,2,3000,f30b8e6d4b5bda93,-263.330535889,168808,33814,20.1044,8.6157,11.4888,40.5186,0.28354,0.9415,1.1415,1.2124
cql-weight1-seed1,cql,3000,4,3000,f30b8e6d4b5bda93,-263.330535889,35214,133999,12.8995,4.0426,8.8568,40.5186,0.21859,1.0194,1.0979,1.0771
cql-weight1-seed1,cql,3000,5,3000,f30b8e6d4b5bda93,-263.330535889,40938,30344,15.0159,1.8511,13.1647,40.5186,0.32491,1.0783,1.2406,1.1505
cql-weight1-seed1,cql,3000,6,3000,f30b8e6d4b5bda93,-263.330535889,51996,11915,18.0959,6.9566,11.1393,40.5186,0.27492,1.0523,1.3162,1.2508
cql-weight1-seed1,cql,3000,7,3000,f30b8e6d4b5bda93,-263.330535889,64933,19513,16.8329,8.4238,8.4091,40.5186,0.20754,1.0245,1.2491,1.2193
cql-weight1-seed1,cql,3000,11,3000,f30b8e6d4b5bda93,-263.330535889,76763,39227,13.3844,6.6515,6.7329,40.5186,0.16617,1.0712,1.1885,1.1095
cql-weight1-seed1,cql,3000,12,3000,f30b8e6d4b5bda93,-263.330535889,33583,82841,12.9007,7.0653,5.8354,40.5186,0.14402,1.0338,1.1277,1.0908
cql-weight1-seed1,cql,3000,13,3000,f30b8e6d4b5bda93,-263.330535889,29838,52509,13.9991,2.467,11.5321,40.5186,0.28461,1.0548,1.1702,1.1095
cql-weight1-seed1,cql,3000,14,3000,f30b8e6d4b5bda93,-263.330535889,36307,14110,19.5566,3.1017,16.455,40.5186,0.40611,1.1138,1.3941,1.2517
cql-weight1-seed1,cql,4000,0,4000,5e4061b354a1acfe,-318.727966309,237311,68413,32.9764,14.8077,18.1687,42.0773,0.43179,0.8823,1.3559,1.5368
cql-weight1-seed1,cql,4000,2,4000,5e4061b354a1acfe,-318.727966309,168808,33814,24.3086,11.2546,13.054,42.0773,0.31024,0.9322,1.1449,1.2281
cql-weight1-seed1,cql,4000,4,4000,5e4061b354a1acfe,-318.727966309,35214,133999,16.6148,5.0862,11.5286,42.0773,0.27399,0.9874,1.0799,1.0937
cql-weight1-seed1,cql,4000,5,4000,5e4061b354a1acfe,-318.727966309,40938,30344,17.5731,2.0543,15.5188,42.0773,0.36882,1.0627,1.2334,1.1606
cql-weight1-seed1,cql,4000,6,4000,5e4061b354a1acfe,-318.727966309,51996,11915,20.1984,7.4542,12.7443,42.0773,0.30288,1.0578,1.3035,1.2323
cql-weight1-seed1,cql,4000,7,4000,5e4061b354a1acfe,-318.727966309,64933,19513,20.1934,10.4289,9.7645,42.0773,0.23206,0.9988,1.2319,1.2333
cql-weight1-seed1,cql,4000,11,4000,5e4061b354a1acfe,-318.727966309,76763,39227,16.8307,8.2174,8.6133,42.0773,0.2047,1.035,1.1562,1.1171
cql-weight1-seed1,cql,4000,12,4000,5e4061b354a1acfe,-318.727966309,33583,82841,15.2917,8.1055,7.1862,42.0773,0.17079,1.0241,1.1152,1.089
cql-weight1-seed1,cql,4000,13,4000,5e4061b354a1acfe,-318.727966309,29838,52509,16.1776,2.6431,13.5345,42.0773,0.32166,1.0402,1.1523,1.1078
cql-weight1-seed1,cql,4000,14,4000,5e4061b354a1acfe,-318.727966309,36307,14110,20.1443,3.3846,16.7598,42.0773,0.39831,1.1065,1.3903,1.2565
cql-weight1-seed1,cql,5000,0,5000,d2bab451184d6c72,-371.27835083,237311,68413,35.6816,16.7674,18.9142,44.086,0.42903,0.8761,1.338,1.5272
cql-weight1-seed1,cql,5000,2,5000,d2bab451184d6c72,-371.27835083,168808,33814,25.9359,12.4019,13.5341,44.086,0.30699,0.9358,1.1405,1.2187
cql-weight1-seed1,cql,5000,4,5000,d2bab451184d6c72,-371.27835083,35214,133999,18.4613,6.3105,12.1509,44.086,0.27562,0.9519,1.0665,1.1205
cql-weight1-seed1,cql,5000,5,5000,d2bab451184d6c72,-371.27835083,40938,30344,19.6633,2.866,16.7973,44.086,0.38101,1.0179,1.2068,1.1856
cql-weight1-seed1,cql,5000,6,5000,d2bab451184d6c72,-371.27835083,51996,11915,22.2652,9.0992,13.166,44.086,0.29864,1.0101,1.2908,1.2778
cql-weight1-seed1,cql,5000,7,5000,d2bab451184d6c72,-371.27835083,64933,19513,21.31,11.4764,9.8336,44.086,0.22305,0.9816,1.2147,1.2375
cql-weight1-seed1,cql,5000,11,5000,d2bab451184d6c72,-371.27835083,76763,39227,17.5207,8.6723,8.8485,44.086,0.20071,1.0361,1.1581,1.1177
cql-weight1-seed1,cql,5000,12,5000,d2bab451184d6c72,-371.27835083,33583,82841,17.2092,9.7039,7.5053,44.086,0.17024,1.0007,1.1046,1.1038
cql-weight1-seed1,cql,5000,13,5000,d2bab451184d6c72,-371.27835083,29838,52509,17.3515,3.6285,13.723,44.086,0.31128,0.9919,1.1349,1.1442
cql-weight1-seed1,cql,5000,14,5000,d2bab451184d6c72,-371.27835083,36307,14110,20.9183,4.4899,16.4284,44.086,0.37264,1.0384,1.3444,1.2946
cql-weight1-seed1,cql,6000,0,6000,5a8c38a34693ff9d,-408.72668457,237311,68413,37.0,17.3352,19.6648,45.6051,0.4312,0.8738,1.3405,1.5341
cql-weight1-seed1,cql,6000,2,6000,5a8c38a34693ff9d,-408.72668457,168808,33814,26.3213,12.8783,13.4431,45.6051,0.29477,0.9163,1.1209,1.2233
cql-weight1-seed1,cql,6000,4,6000,5a8c38a34693ff9d,-408.72668457,35214,133999,18.8411,6.3649,12.4762,45.6051,0.27357,0.9469,1.0616,1.1212
cql-weight1-seed1,cql,6000,5,6000,5a8c38a34693ff9d,-408.72668457,40938,30344,20.7598,2.9384,17.8215,45.6051,0.39078,1.012,1.2106,1.1963
cql-weight1-seed1,cql,6000,6,6000,5a8c38a34693ff9d,-408.72668457,51996,11915,22.9711,8.877,14.0941,45.6051,0.30905,0.9994,1.2665,1.2672
cql-weight1-seed1,cql,6000,7,6000,5a8c38a34693ff9d,-408.72668457,64933,19513,22.5199,13.4119,9.108,45.6051,0.19972,0.9607,1.2145,1.2641
cql-weight1-seed1,cql,6000,11,6000,5a8c38a34693ff9d,-408.72668457,76763,39227,18.347,9.1566,9.1904,45.6051,0.20152,1.0054,1.1324,1.1264
cql-weight1-seed1,cql,6000,12,6000,5a8c38a34693ff9d,-408.72668457,33583,82841,17.1696,9.4068,7.7629,45.6051,0.17022,0.9882,1.0973,1.1104
cql-weight1-seed1,cql,6000,13,6000,5a8c38a34693ff9d,-408.72668457,29838,52509,17.8865,3.2467,14.6399,45.6051,0.32101,0.9829,1.1385,1.1583
cql-weight1-seed1,cql,6000,14,6000,5a8c38a34693ff9d,-408.72668457,36307,14110,21.3472,4.5966,16.7506,45.6051,0.3673,1.0304,1.3468,1.3071
cql-weight1-seed1,cql,7000,0,7000,0e464d35ff1017ca,-441.794189453,237311,68413,38.0628,19.2128,18.85,45.8908,0.41076,0.8744,1.3477,1.5412
cql-weight1-seed1,cql,7000,2,7000,0e464d35ff1017ca,-441.794189453,168808,33814,27.0473,13.539,13.5083,45.8908,0.29436,0.9224,1.1329,1.2281
cql-weight1-seed1,cql,7000,4,7000,0e464d35ff1017ca,-441.794189453,35214,133999,19.3828,5.9895,13.3933,45.8908,0.29185,0.9538,1.051,1.1019
cql-weight1-seed1,cql,7000,5,7000,0e464d35ff1017ca,-441.794189453,40938,30344,21.3743,2.9479,18.4264,45.8908,0.40153,1.0119,1.1901,1.1761
cql-weight1-seed1,cql,7000,6,7000,0e464d35ff1017ca,-441.794189453,51996,11915,23.7676,9.198,14.5695,45.8908,0.31748,1.0022,1.2531,1.2503
cql-weight1-seed1,cql,7000,7,7000,0e464d35ff1017ca,-441.794189453,64933,19513,22.5835,12.9768,9.6067,45.8908,0.20934,0.9586,1.2064,1.2586
cql-weight1-seed1,cql,7000,11,7000,0e464d35ff1017ca,-441.794189453,76763,39227,18.8729,9.2466,9.6263,45.8908,0.20977,1.0121,1.1318,1.1183
cql-weight1-seed1,cql,7000,12,7000,0e464d35ff1017ca,-441.794189453,33583,82841,17.9764,9.6064,8.37,45.8908,0.18239,0.9827,1.0902,1.1094
cql-weight1-seed1,cql,7000,13,7000,0e464d35ff1017ca,-441.794189453,29838,52509,18.4959,3.5369,14.959,45.8908,0.32597,0.9849,1.1216,1.1388
cql-weight1-seed1,cql,7000,14,7000,0e464d35ff1017ca,-441.794189453,36307,14110,21.9329,5.1052,16.8276,45.8908,0.36669,1.0317,1.3395,1.2983
cql-weight1-seed1,cql,8000,0,8000,2002ca95088eb004,-470.103424072,237311,68413,38.2004,19.7229,18.4775,45.4445,0.40659,0.87,1.3322,1.5312
cql-weight1-seed1,cql,8000,2,8000,2002ca95088eb004,-470.103424072,168808,33814,27.6427,13.996,13.6468,45.4445,0.30029,0.9181,1.1202,1.2201
cql-weight1-seed1,cql,8000,4,8000,2002ca95088eb004,-470.103424072,35214,133999,20.01,6.6925,13.3175,45.4445,0.29305,0.9301,1.0408,1.119
cql-weight1-seed1,cql,8000,5,8000,2002ca95088eb004,-470.103424072,40938,30344,21.8783,3.0913,18.787,45.4445,0.41341,0.9928,1.1724,1.1809
cql-weight1-seed1,cql,8000,6,8000,2002ca95088eb004,-470.103424072,51996,11915,24.4983,8.6176,15.8807,45.4445,0.34945,0.9924,1.2333,1.2427
cql-weight1-seed1,cql,8000,7,8000,2002ca95088eb004,-470.103424072,64933,19513,24.0599,13.8842,10.1757,45.4445,0.22391,0.9501,1.1883,1.2506
cql-weight1-seed1,cql,8000,11,8000,2002ca95088eb004,-470.103424072,76763,39227,18.7067,9.1612,9.5455,45.4445,0.21005,1.0013,1.1241,1.1226
cql-weight1-seed1,cql,8000,12,8000,2002ca95088eb004,-470.103424072,33583,82841,17.4207,9.2183,8.2025,45.4445,0.18049,0.9744,1.0845,1.113
cql-weight1-seed1,cql,8000,13,8000,2002ca95088eb004,-470.103424072,29838,52509,19.5677,4.0293,15.5384,45.4445,0.34192,0.9609,1.109,1.1542
cql-weight1-seed1,cql,8000,14,8000,2002ca95088eb004,-470.103424072,36307,14110,23.5981,5.2404,18.3577,45.4445,0.40396,1.0195,1.3231,1.2979
cql-weight1-seed1,cql,9000,0,9000,5ddf7ffb81c44934,-495.054351807,237311,68413,38.8546,20.7344,18.1202,45.982,0.39407,0.8694,1.3309,1.5307
cql-weight1-seed1,cql,9000,2,9000,5ddf7ffb81c44934,-495.054351807,168808,33814,27.6805,13.8199,13.8605,45.982,0.30143,0.9091,1.119,1.2308
cql-weight1-seed1,cql,9000,4,9000,5ddf7ffb81c44934,-495.054351807,35214,133999,20.1245,6.706,13.4185,45.982,0.29182,0.9202,1.0325,1.122
cql-weight1-seed1,cql,9000,5,9000,5ddf7ffb81c44934,-495.054351807,40938,30344,22.3789,3.5334,18.8455,45.982,0.40984,0.973,1.1655,1.1978
cql-weight1-seed1,cql,9000,6,9000,5ddf7ffb81c44934,-495.054351807,51996,11915,24.8748,8.7858,16.089,45.982,0.3499,0.9798,1.2315,1.2569
cql-weight1-seed1,cql,9000,7,9000,5ddf7ffb81c44934,-495.054351807,64933,19513,24.2992,13.7365,10.5627,45.982,0.22971,0.9546,1.1977,1.2546
cql-weight1-seed1,cql,9000,11,9000,5ddf7ffb81c44934,-495.054351807,76763,39227,19.3779,9.7184,9.6595,45.982,0.21007,0.9931,1.1152,1.1229
cql-weight1-seed1,cql,9000,12,9000,5ddf7ffb81c44934,-495.054351807,33583,82841,18.5323,9.9217,8.6106,45.982,0.18726,0.9713,1.0828,1.1149
cql-weight1-seed1,cql,9000,13,9000,5ddf7ffb81c44934,-495.054351807,29838,52509,19.9351,4.2175,15.7175,45.982,0.34182,0.9477,1.1068,1.1679
cql-weight1-seed1,cql,9000,14,9000,5ddf7ffb81c44934,-495.054351807,36307,14110,23.9441,5.3375,18.6066,45.982,0.40465,0.9925,1.2875,1.2972
cql-weight1-seed1,cql,10000,0,10000,6c5b5dfbd1eaa764,-519.389160156,237311,68413,39.2827,21.241,18.0417,46.3682,0.3891,0.8683,1.3179,1.5178
cql-weight1-seed1,cql,10000,2,10000,6c5b5dfbd1eaa764,-519.389160156,168808,33814,27.3087,14.1898,13.1189,46.3682,0.28293,0.9107,1.1169,1.2265
cql-weight1-seed1,cql,10000,4,10000,6c5b5dfbd1eaa764,-519.389160156,35214,133999,20.2016,6.5257,13.6758,46.3682,0.29494,0.9304,1.0367,1.1144
cql-weight1-seed1,cql,10000,5,10000,6c5b5dfbd1eaa764,-519.389160156,40938,30344,22.627,3.4272,19.1998,46.3682,0.41407,0.9912,1.1621,1.1724
cql-weight1-seed1,cql,10000,6,10000,6c5b5dfbd1eaa764,-519.389160156,51996,11915,24.6771,9.6292,15.0479,46.3682,0.32453,0.981,1.2165,1.2401
cql-weight1-seed1,cql,10000,7,10000,6c5b5dfbd1eaa764,-519.389160156,64933,19513,23.825,13.65,10.175,46.3682,0.21944,0.942,1.1741,1.2464
cql-weight1-seed1,cql,10000,11,10000,6c5b5dfbd1eaa764,-519.389160156,76763,39227,19.2724,9.5569,9.7154,46.3682,0.20953,0.9933,1.1151,1.1226
cql-weight1-seed1,cql,10000,12,10000,6c5b5dfbd1eaa764,-519.389160156,33583,82841,17.8342,9.4043,8.4299,46.3682,0.1818,0.9681,1.0729,1.1083
cql-weight1-seed1,cql,10000,13,10000,6c5b5dfbd1eaa764,-519.389160156,29838,52509,19.5733,3.7169,15.8564,46.3682,0.34197,0.9579,1.1051,1.1537
cql-weight1-seed1,cql,10000,14,10000,6c5b5dfbd1eaa764,-519.389160156,36307,14110,23.8325,5.527,18.3055,46.3682,0.39478,1.0045,1.2845,1.2787
cql-weight1-seed1,cql,11000,0,11000,c18419a457711c5a,-531.413574219,237311,68413,39.5781,19.3696,20.2085,47.1885,0.42825,0.8666,1.3228,1.5265
cql-weight1-seed1,cql,11000,2,11000,c18419a457711c5a,-531.413574219,168808,33814,26.8801,13.2087,13.6714,47.1885,0.28972,0.9091,1.1172,1.229
cql-weight1-seed1,cql,11000,4,11000,c18419a457711c5a,-531.413574219,35214,133999,20.3548,6.603,13.7517,47.1885,0.29142,0.9096,1.0276,1.1297
cql-weight1-seed1,cql,11000,5,11000,c18419a457711c5a,-531.413574219,40938,30344,21.901,3.2019,18.6991,47.1885,0.39626,0.9674,1.1538,1.1928
cql-weight1-seed1,cql,11000,6,11000,c18419a457711c5a,-531.413574219,51996,11915,24.3416,9.8166,14.525,47.1885,0.30781,0.9794,1.2118,1.2373
cql-weight1-seed1,cql,11000,7,11000,c18419a457711c5a,-531.413574219,64933,19513,23.8959,13.9241,9.9718,47.1885,0.21132,0.9446,1.1853,1.2548
cql-weight1-seed1,cql,11000,11,11000,c18419a457711c5a,-531.413574219,76763,39227,19.38,9.6046,9.7753,47.1885,0.20715,0.9939,1.1196,1.1266
cql-weight1-seed1,cql,11000,12,11000,c18419a457711c5a,-531.413574219,33583,82841,18.75,10.0317,8.7183,47.1885,0.18475,0.9684,1.0847,1.12
cql-weight1-seed1,cql,11000,13,11000,c18419a457711c5a,-531.413574219,29838,52509,20.0628,4.0865,15.9763,47.1885,0.33856,0.9412,1.1024,1.1713
cql-weight1-seed1,cql,11000,14,11000,c18419a457711c5a,-531.413574219,36307,14110,23.4468,5.3301,18.1167,47.1885,0.38392,0.9929,1.2884,1.2975
cql-weight1-seed1,cql,12000,0,12000,a4adf5b30befb779,-551.106750488,237311,68413,39.0498,19.4415,19.6083,46.6574,0.42026,0.8637,1.3191,1.5272
cql-weight1-seed1,cql,12000,2,12000,a4adf5b30befb779,-551.106750488,168808,33814,26.9586,13.6458,13.3128,46.6574,0.28533,0.9104,1.1249,1.2357
cql-weight1-seed1,cql,12000,4,12000,a4adf5b30befb779,-551.106750488,35214,133999,20.9288,7.1617,13.7672,46.6574,0.29507,0.9142,1.0272,1.1237
cql-weight1-seed1,cql,12000,5,12000,a4adf5b30befb779,-551.106750488,40938,30344,22.3654,3.4424,18.923,46.6574,0.40557,0.9715,1.157,1.191
cql-weight1-seed1,cql,12000,6,12000,a4adf5b30befb779,-551.106750488,51996,11915,24.6524,9.3399,15.3126,46.6574,0.32819,0.9764,1.2143,1.2437
cql-weight1-seed1,cql,12000,7,12000,a4adf5b30befb779,-551.106750488,64933,19513,23.7253,13.282,10.4434,46.6574,0.22383,0.9385,1.1784,1.2556
cql-weight1-seed1,cql,12000,11,12000,a4adf5b30befb779,-551.106750488,76763,39227,19.6041,9.6703,9.9338,46.6574,0.21291,0.9899,1.1114,1.1227
cql-weight1-seed1,cql,12000,12,12000,a4adf5b30befb779,-551.106750488,33583,82841,18.4275,10.0909,8.3366,46.6574,0.17868,0.9608,1.0709,1.1147
cql-weight1-seed1,cql,12000,13,12000,a4adf5b30befb779,-551.106750488,29838,52509,19.9856,4.2997,15.6859,46.6574,0.33619,0.9479,1.0983,1.1587
cql-weight1-seed1,cql,12000,14,12000,a4adf5b30befb779,-551.106750488,36307,14110,24.8253,5.6343,19.191,46.6574,0.41132,0.996,1.2846,1.2898
cql-weight1-seed1,cql,13000,0,13000,b60599937fe33904,-576.318786621,237311,68413,38.5862,19.59,18.9963,45.6003,0.41658,0.8609,1.3091,1.5207
cql-weight1-seed1,cql,13000,2,13000,b60599937fe33904,-576.318786621,168808,33814,26.3118,13.1652,13.1466,45.6003,0.2883,0.9114,1.1235,1.2327
cql-weight1-seed1,cql,13000,4,13000,b60599937fe33904,-576.318786621,35214,133999,20.3355,6.5663,13.7692,45.6003,0.30195,0.9213,1.0408,1.1297
cql-weight1-seed1,cql,13000,5,13000,b60599937fe33904,-576.318786621,40938,30344,22.9363,3.5819,19.3543,45.6003,0.42443,0.9738,1.1603,1.1915
cql-weight1-seed1,cql,13000,6,13000,b60599937fe33904,-576.318786621,51996,11915,23.988,8.5366,15.4514,45.6003,0.33885,0.9838,1.2225,1.2426
cql-weight1-seed1,cql,13000,7,13000,b60599937fe33904,-576.318786621,64933,19513,23.2237,12.3787,10.8449,45.6003,0.23783,0.9472,1.1829,1.2488
cql-weight1-seed1,cql,13000,11,13000,b60599937fe33904,-576.318786621,76763,39227,19.3817,9.81,9.5717,45.6003,0.2099,0.9898,1.1082,1.1196
cql-weight1-seed1,cql,13000,12,13000,b60599937fe33904,-576.318786621,33583,82841,18.6583,10.3218,8.3366,45.6003,0.18282,0.9668,1.0839,1.1211
cql-weight1-seed1,cql,13000,13,13000,b60599937fe33904,-576.318786621,29838,52509,20.5427,4.1303,16.4124,45.6003,0.35992,0.9505,1.103,1.1604
cql-weight1-seed1,cql,13000,14,13000,b60599937fe33904,-576.318786621,36307,14110,24.8838,6.0704,18.8135,45.6003,0.41257,0.9999,1.2835,1.2836
cql-weight1-seed1,cql,14000,0,14000,4c39a26a1839ff1d,-594.442749023,237311,68413,38.161,19.4067,18.7544,44.7255,0.41932,0.8611,1.2993,1.5088
cql-weight1-seed1,cql,14000,2,14000,4c39a26a1839ff1d,-594.442749023,168808,33814,25.7316,13.4419,12.2897,44.7255,0.27478,0.9086,1.1121,1.224
cql-weight1-seed1,cql,14000,4,14000,4c39a26a1839ff1d,-594.442749023,35214,133999,19.4293,6.8991,12.5301,44.7255,0.28016,0.912,1.0337,1.1334
cql-weight1-seed1,cql,14000,5,14000,4c39a26a1839ff1d,-594.442749023,40938,30344,21.4135,3.2421,18.1714,44.7255,0.40629,0.9675,1.159,1.1979
cql-weight1-seed1,cql,14000,6,14000,4c39a26a1839ff1d,-594.442749023,51996,11915,23.5942,9.382,14.2122,44.7255,0.31777,0.9796,1.2291,1.2547
cql-weight1-seed1,cql,14000,7,14000,4c39a26a1839ff1d,-594.442749023,64933,19513,22.959,12.8291,10.1298,44.7255,0.22649,0.9423,1.1848,1.2573
cql-weight1-seed1,cql,14000,11,14000,4c39a26a1839ff1d,-594.442749023,76763,39227,19.2865,9.6667,9.6198,44.7255,0.21508,0.982,1.1051,1.1253
cql-weight1-seed1,cql,14000,12,14000,4c39a26a1839ff1d,-594.442749023,33583,82841,18.7935,10.7674,8.0261,44.7255,0.17945,0.9657,1.0797,1.1181
cql-weight1-seed1,cql,14000,13,14000,4c39a26a1839ff1d,-594.442749023,29838,52509,19.545,4.2531,15.2919,44.7255,0.3419,0.9409,1.1,1.1691
cql-weight1-seed1,cql,14000,14,14000,4c39a26a1839ff1d,-594.442749023,36307,14110,23.8862,5.563,18.3231,44.7255,0.40968,0.9877,1.2827,1.2987
cql-weight1-seed1,cql,15000,0,15000,0ef5a5b93dd4b0e7,-625.907592773,237311,68413,37.2425,18.9321,18.3104,44.104,0.41516,0.8605,1.298,1.5084
cql-weight1-seed1,cql,15000,2,15000,0ef5a5b93dd4b0e7,-625.907592773,168808,33814,25.4837,13.0055,12.4782,44.104,0.28293,0.9025,1.1045,1.2238
cql-weight1-seed1,cql,15000,4,15000,0ef5a5b93dd4b0e7,-625.907592773,35214,133999,19.1125,6.6899,12.4226,44.104,0.28167,0.9097,1.0299,1.1321
cql-weight1-seed1,cql,15000,5,15000,0ef5a5b93dd4b0e7,-625.907592773,40938,30344,20.8387,2.8799,17.9588,44.104,0.40719,0.9678,1.1424,1.1804
cql-weight1-seed1,cql,15000,6,15000,0ef5a5b93dd4b0e7,-625.907592773,51996,11915,23.6279,8.8667,14.7612,44.104,0.33469,0.9716,1.2104,1.2457
cql-weight1-seed1,cql,15000,7,15000,0ef5a5b93dd4b0e7,-625.907592773,64933,19513,23.615,12.7876,10.8274,44.104,0.2455,0.938,1.1832,1.2614
cql-weight1-seed1,cql,15000,11,15000,0ef5a5b93dd4b0e7,-625.907592773,76763,39227,18.7705,9.2378,9.5327,44.104,0.21614,0.9869,1.1082,1.1229
cql-weight1-seed1,cql,15000,12,15000,0ef5a5b93dd4b0e7,-625.907592773,33583,82841,17.4953,9.91,7.5853,44.104,0.17199,0.9629,1.0791,1.1207
cql-weight1-seed1,cql,15000,13,15000,0ef5a5b93dd4b0e7,-625.907592773,29838,52509,19.362,3.8698,15.4922,44.104,0.35126,0.9472,1.0938,1.1548
cql-weight1-seed1,cql,15000,14,15000,0ef5a5b93dd4b0e7,-625.907592773,36307,14110,23.9564,5.5359,18.4205,44.104,0.41766,0.9874,1.2626,1.2787
cql-weight1-seed1,cql,16000,0,16000,feed513b50a4cf75,-644.997192383,237311,68413,37.1107,18.613,18.4978,43.7348,0.42295,0.8592,1.2908,1.5023
cql-weight1-seed1,cql,16000,2,16000,feed513b50a4cf75,-644.997192383,168808,33814,25.761,13.1464,12.6146,43.7348,0.28843,0.9027,1.1047,1.2238
cql-weight1-seed1,cql,16000,4,16000,feed513b50a4cf75,-644.997192383,35214,133999,18.9755,6.4699,12.5056,43.7348,0.28594,0.9087,1.0317,1.1354
cql-weight1-seed1,cql,16000,5,16000,feed513b50a4cf75,-644.997192383,40938,30344,20.7195,2.7383,17.9811,43.7348,0.41114,0.9624,1.1602,1.2055
cql-weight1-seed1,cql,16000,6,16000,feed513b50a4cf75,-644.997192383,51996,11915,23.8446,8.1639,15.6807,43.7348,0.35854,0.973,1.2145,1.2482
cql-weight1-seed1,cql,16000,7,16000,feed513b50a4cf75,-644.997192383,64933,19513,23.5271,12.9202,10.6069,43.7348,0.24253,0.9372,1.1747,1.2534
cql-weight1-seed1,cql,16000,11,16000,feed513b50a4cf75,-644.997192383,76763,39227,18.9959,9.3115,9.6844,43.7348,0.22143,0.9867,1.1075,1.1224
cql-weight1-seed1,cql,16000,12,16000,feed513b50a4cf75,-644.997192383,33583,82841,17.4491,9.8387,7.6104,43.7348,0.17401,0.9608,1.0753,1.1192
cql-weight1-seed1,cql,16000,13,16000,feed513b50a4cf75,-644.997192383,29838,52509,18.7626,3.8269,14.9357,43.7348,0.34151,0.931,1.0995,1.1809
cql-weight1-seed1,cql,16000,14,16000,feed513b50a4cf75,-644.997192383,36307,14110,23.3921,4.8536,18.5384,43.7348,0.42388,0.9768,1.2797,1.3101
cql-weight1-seed1,cql,17000,0,17000,fed68dd5f9212e58,-657.496826172,237311,68413,37.0143,18.38,18.6343,43.568,0.42771,0.8591,1.2864,1.4974
cql-weight1-seed1,cql,17000,2,17000,fed68dd5f9212e58,-657.496826172,168808,33814,25.101,12.4988,12.6022,43.568,0.28925,0.9043,1.104,1.2208
cql-weight1-seed1,cql,17000,4,17000,fed68dd5f9212e58,-657.496826172,35214,133999,18.8473,6.3471,12.5002,43.568,0.28691,0.9118,1.0278,1.1272
cql-weight1-seed1,cql,17000,5,17000,fed68dd5f9212e58,-657.496826172,40938,30344,20.4112,2.7413,17.6699,43.568,0.40557,0.9854,1.1589,1.1761
cql-weight1-seed1,cql,17000,6,17000,fed68dd5f9212e58,-657.496826172,51996,11915,23.2953,8.1106,15.1847,43.568,0.34853,0.976,1.2132,1.243
cql-weight1-seed1,cql,17000,7,17000,fed68dd5f9212e58,-657.496826172,64933,19513,23.652,12.6929,10.9591,43.568,0.25154,0.9359,1.1715,1.2517
cql-weight1-seed1,cql,17000,11,17000,fed68dd5f9212e58,-657.496826172,76763,39227,18.5171,8.8009,9.7162,43.568,0.22301,0.9834,1.1039,1.1225
cql-weight1-seed1,cql,17000,12,17000,fed68dd5f9212e58,-657.496826172,33583,82841,17.3149,9.4485,7.8664,43.568,0.18056,0.9629,1.0714,1.1126
cql-weight1-seed1,cql,17000,13,17000,fed68dd5f9212e58,-657.496826172,29838,52509,19.1243,4.0791,15.0452,43.568,0.34533,0.9543,1.1038,1.1567
cql-weight1-seed1,cql,17000,14,17000,fed68dd5f9212e58,-657.496826172,36307,14110,23.2569,5.2563,18.0006,43.568,0.41316,0.9958,1.284,1.2894
cql-weight1-seed1,cql,18000,0,18000,9b8aed980153ab89,-679.679016113,237311,68413,36.3235,18.2077,18.1157,42.9763,0.42153,0.8595,1.2902,1.5012
cql-weight1-seed1,cql,18000,2,18000,9b8aed980153ab89,-679.679016113,168808,33814,25.0695,12.2557,12.8138,42.9763,0.29816,0.9041,1.1028,1.2197
cql-weight1-seed1,cql,18000,4,18000,9b8aed980153ab89,-679.679016113,35214,133999,19.1038,6.777,12.3268,42.9763,0.28683,0.9026,1.0278,1.1387
cql-weight1-seed1,cql,18000,5,18000,9b8aed980153ab89,-679.679016113,40938,30344,20.9449,2.9315,18.0135,42.9763,0.41915,0.9588,1.1523,1.2019
cql-weight1-seed1,cql,18000,6,18000,9b8aed980153ab89,-679.679016113,51996,11915,23.4513,7.9776,15.4737,42.9763,0.36005,0.9706,1.2158,1.2527
cql-weight1-seed1,cql,18000,7,18000,9b8aed980153ab89,-679.679016113,64933,19513,23.132,12.9271,10.2049,42.9763,0.23745,0.9362,1.1731,1.2531
cql-weight1-seed1,cql,18000,11,18000,9b8aed980153ab89,-679.679016113,76763,39227,18.2886,8.7905,9.4981,42.9763,0.22101,0.9829,1.1033,1.1226
cql-weight1-seed1,cql,18000,12,18000,9b8aed980153ab89,-679.679016113,33583,82841,17.0238,9.5186,7.5052,42.9763,0.17464,0.9639,1.0721,1.1122
cql-weight1-seed1,cql,18000,13,18000,9b8aed980153ab89,-679.679016113,29838,52509,19.0766,3.89,15.1866,42.9763,0.35337,0.9374,1.0995,1.1729
cql-weight1-seed1,cql,18000,14,18000,9b8aed980153ab89,-679.679016113,36307,14110,23.3202,5.1946,18.1256,42.9763,0.42176,0.9819,1.2725,1.2959
cql-weight1-seed1,cql,19000,0,19000,6b67137315ac5e1c,-695.61730957,237311,68413,36.1457,17.9696,18.1762,42.8502,0.42418,0.8619,1.2916,1.4986
cql-weight1-seed1,cql,19000,2,19000,6b67137315ac5e1c,-695.61730957,168808,33814,25.0178,12.53,12.4878,42.8502,0.29143,0.9041,1.1082,1.2257
cql-weight1-seed1,cql,19000,4,19000,6b67137315ac5e1c,-695.61730957,35214,133999,18.9088,6.4977,12.411,42.8502,0.28964,0.9113,1.0349,1.1357
cql-weight1-seed1,cql,19000,5,19000,6b67137315ac5e1c,-695.61730957,40938,30344,21.4015,3.2738,18.1277,42.8502,0.42305,0.9733,1.1649,1.1969
cql-weight1-seed1,cql,19000,6,19000,6b67137315ac5e1c,-695.61730957,51996,11915,23.6299,8.9391,14.6907,42.8502,0.34284,0.9765,1.2224,1.2518
cql-weight1-seed1,cql,19000,7,19000,6b67137315ac5e1c,-695.61730957,64933,19513,22.9768,12.3475,10.6293,42.8502,0.24806,0.9272,1.1618,1.253
cql-weight1-seed1,cql,19000,11,19000,6b67137315ac5e1c,-695.61730957,76763,39227,18.1902,8.7632,9.427,42.8502,0.22,0.983,1.103,1.1221
cql-weight1-seed1,cql,19000,12,19000,6b67137315ac5e1c,-695.61730957,33583,82841,16.8834,9.4642,7.4192,42.8502,0.17314,0.9614,1.0741,1.1172
cql-weight1-seed1,cql,19000,13,19000,6b67137315ac5e1c,-695.61730957,29838,52509,18.9292,4.0191,14.9101,42.8502,0.34796,0.9376,1.1004,1.1737
cql-weight1-seed1,cql,19000,14,19000,6b67137315ac5e1c,-695.61730957,36307,14110,23.3663,5.1987,18.1676,42.8502,0.42398,0.9871,1.2855,1.3022
cql-weight1-seed1,cql,20000,0,20000,1dd938482cbd344d,-714.820251465,237311,68413,36.1037,18.0057,18.098,42.6478,0.42436,0.8579,1.2823,1.4948
cql-weight1-seed1,cql,20000,2,20000,1dd938482cbd344d,-714.820251465,168808,33814,24.8682,12.3404,12.5278,42.6478,0.29375,0.902,1.0964,1.2155
cql-weight1-seed1,cql,20000,4,20000,1dd938482cbd344d,-714.820251465,35214,133999,19.5599,6.8933,12.6666,42.6478,0.297,0.917,1.0333,1.1269
cql-weight1-seed1,cql,20000,5,20000,1dd938482cbd344d,-714.820251465,40938,30344,21.0301,3.0009,18.0292,42.6478,0.42275,0.9782,1.1588,1.1847
cql-weight1-seed1,cql,20000,6,20000,1dd938482cbd344d,-714.820251465,51996,11915,23.2054,8.0113,15.1941,42.6478,0.35627,0.9741,1.2069,1.239
cql-weight1-seed1,cql,20000,7,20000,1dd938482cbd344d,-714.820251465,64933,19513,22.7955,11.9647,10.8308,42.6478,0.25396,0.9318,1.16,1.2449
cql-weight1-seed1,cql,20000,11,20000,1dd938482cbd344d,-714.820251465,76763,39227,17.8915,8.4431,9.4483,42.6478,0.22154,0.9806,1.1003,1.1221
cql-weight1-seed1,cql,20000,12,20000,1dd938482cbd344d,-714.820251465,33583,82841,17.3609,9.9988,7.3621,42.6478,0.17263,0.9575,1.0685,1.1159
cql-weight1-seed1,cql,20000,13,20000,1dd938482cbd344d,-714.820251465,29838,52509,19.0813,4.2763,14.805,42.6478,0.34715,0.9521,1.0997,1.1549
cql-weight1-seed1,cql,20000,14,20000,1dd938482cbd344d,-714.820251465,36307,14110,23.1616,5.4742,17.6874,42.6478,0.41473,0.9934,1.2723,1.2807
cql-weight1-seed1,cql,21000,0,21000,5bda9b18991518d2,-737.215637207,237311,68413,35.7279,17.6348,18.0931,42.3173,0.42756,0.857,1.2766,1.4897
cql-weight1-seed1,cql,21000,2,21000,5bda9b18991518d2,-737.215637207,168808,33814,24.5632,11.9025,12.6607,42.3173,0.29919,0.9,1.0906,1.2117
cql-weight1-seed1,cql,21000,4,21000,5bda9b18991518d2,-737.215637207,35214,133999,18.1631,6.5471,11.616,42.3173,0.2745,0.9166,1.0418,1.1366
cql-weight1-seed1,cql,21000,5,21000,5bda9b18991518d2,-737.215637207,40938,30344,20.3253,2.8208,17.5044,42.3173,0.41365,0.9624,1.1545,1.1996
cql-weight1-seed1,cql,21000,6,21000,5bda9b18991518d2,-737.215637207,51996,11915,23.2824,8.8421,14.4403,42.3173,0.34124,0.9669,1.2036,1.2449
cql-weight1-seed1,cql,21000,7,21000,5bda9b18991518d2,-737.215637207,64933,19513,22.3572,12.1519,10.2053,42.3173,0.24116,0.9269,1.1511,1.2419
cql-weight1-seed1,cql,21000,11,21000,5bda9b18991518d2,-737.215637207,76763,39227,17.75,8.5911,9.1589,42.3173,0.21643,0.9898,1.105,1.1164
cql-weight1-seed1,cql,21000,12,21000,5bda9b18991518d2,-737.215637207,33583,82841,16.648,9.5478,7.1002,42.3173,0.16779,0.9613,1.0797,1.1232
cql-weight1-seed1,cql,21000,13,21000,5bda9b18991518d2,-737.215637207,29838,52509,17.8851,3.8346,14.0505,42.3173,0.33203,0.9437,1.1056,1.1716
cql-weight1-seed1,cql,21000,14,21000,5bda9b18991518d2,-737.215637207,36307,14110,22.6828,4.9232,17.7596,42.3173,0.41968,0.9872,1.2697,1.2861
cql-weight1-seed1,cql,22000,0,22000,978a6d026df2a828,-755.978027344,237311,68413,35.5895,17.7117,17.8778,42.0166,0.42549,0.8573,1.2784,1.4911
cql-weight1-seed1,cql,22000,2,22000,978a6d026df2a828,-755.978027344,168808,33814,24.5583,12.122,12.4363,42.0166,0.29598,0.9036,1.0931,1.2097
cql-weight1-seed1,cql,22000,4,22000,978a6d026df2a828,-755.978027344,35214,133999,18.3101,6.1212,12.1889,42.0166,0.2901,0.904,1.0186,1.1268
cql-weight1-seed1,cql,22000,5,22000,978a6d026df2a828,-755.978027344,40938,30344,20.3655,2.5567,17.8088,42.0166,0.42385,0.9615,1.148,1.194
cql-weight1-seed1,cql,22000,6,22000,978a6d026df2a828,-755.978027344,51996,11915,23.013,7.9406,15.0724,42.0166,0.35872,0.9682,1.1991,1.2384
cql-weight1-seed1,cql,22000,7,22000,978a6d026df2a828,-755.978027344,64933,19513,22.6829,10.9381,11.7449,42.0166,0.27953,0.9349,1.1596,1.2403
cql-weight1-seed1,cql,22000,11,22000,978a6d026df2a828,-755.978027344,76763,39227,17.2748,8.2467,9.0281,42.0166,0.21487,0.9773,1.0944,1.1198
cql-weight1-seed1,cql,22000,12,22000,978a6d026df2a828,-755.978027344,33583,82841,16.0781,9.0283,7.0498,42.0166,0.16779,0.9562,1.0639,1.1127
cql-weight1-seed1,cql,22000,13,22000,978a6d026df2a828,-755.978027344,29838,52509,18.0298,3.5641,14.4657,42.0166,0.34429,0.9325,1.0919,1.1709
cql-weight1-seed1,cql,22000,14,22000,978a6d026df2a828,-755.978027344,36307,14110,23.0954,4.9379,18.1575,42.0166,0.43215,0.9808,1.2752,1.3001
cql-weight1-seed1,cql,23000,0,23000,5cbd36e4f952c0ea,-780.918334961,237311,68413,35.267,17.2463,18.0208,41.4777,0.43447,0.8578,1.2749,1.4862
cql-weight1-seed1,cql,23000,2,23000,5cbd36e4f952c0ea,-780.918334961,168808,33814,24.2751,11.704,12.5711,41.4777,0.30308,0.8994,1.0891,1.211
cql-weight1-seed1,cql,23000,4,23000,5cbd36e4f952c0ea,-780.918334961,35214,133999,17.9529,6.1645,11.7885,41.4777,0.28421,0.9198,1.0326,1.1226
cql-weight1-seed1,cql,23000,5,23000,5cbd36e4f952c0ea,-780.918334961,40938,30344,19.9648,2.5942,17.3706,41.4777,0.41879,0.9711,1.1581,1.1926
cql-weight1-seed1,cql,23000,6,23000,5cbd36e4f952c0ea,-780.918334961,51996,11915,23.2375,7.4459,15.7916,41.4777,0.38072,0.973,1.2051,1.2386
cql-weight1-seed1,cql,23000,7,23000,5cbd36e4f952c0ea,-780.918334961,64933,19513,22.5384,11.8075,10.7309,41.4777,0.25872,0.9322,1.1559,1.24
cql-weight1-seed1,cql,23000,11,23000,5cbd36e4f952c0ea,-780.918334961,76763,39227,17.5427,8.0718,9.4709,41.4777,0.22834,0.9864,1.1036,1.1189
cql-weight1-seed1,cql,23000,12,23000,5cbd36e4f952c0ea,-780.918334961,33583,82841,16.4333,9.2276,7.2057,41.4777,0.17372,0.9615,1.076,1.119
cql-weight1-seed1,cql,23000,13,23000,5cbd36e4f952c0ea,-780.918334961,29838,52509,17.297,3.502,13.795,41.4777,0.33259,0.9486,1.0997,1.1593
cql-weight1-seed1,cql,23000,14,23000,5cbd36e4f952c0ea,-780.918334961,36307,14110,22.293,4.3835,17.9094,41.4777,0.43178,0.9893,1.2726,1.2864
cql-weight1-seed1,cql,24000,0,24000,1c082c3c780ffcac,-798.778076172,237311,68413,34.9432,17.2131,17.7301,41.205,0.43029,0.8595,1.2766,1.4852
cql-weight1-seed1,cql,24000,2,24000,1c082c3c780ffcac,-798.778076172,168808,33814,24.5027,12.5049,11.9979,41.205,0.29118,0.9007,1.0925,1.2129
cql-weight1-seed1,cql,24000,4,24000,1c082c3c780ffcac,-798.778076172,35214,133999,17.5696,6.3615,11.2081,41.205,0.27201,0.8964,1.0221,1.1402
cql-weight1-seed1,cql,24000,5,24000,1c082c3c780ffcac,-798.778076172,40938,30344,19.8994,2.6477,17.2517,41.205,0.41868,0.9486,1.1429,1.2049
cql-weight1-seed1,cql,24000,6,24000,1c082c3c780ffcac,-798.778076172,51996,11915,22.6736,7.7873,14.8862,41.205,0.36127,0.9646,1.1973,1.2413
cql-weight1-seed1,cql,24000,7,24000,1c082c3c780ffcac,-798.778076172,64933,19513,22.4674,11.9916,10.4758,41.205,0.25424,0.9289,1.1555,1.2439
cql-weight1-seed1,cql,24000,11,24000,1c082c3c780ffcac,-798.778076172,76763,39227,17.5339,8.4375,9.0963,41.205,0.22076,0.9778,1.0922,1.1169
cql-weight1-seed1,cql,24000,12,24000,1c082c3c780ffcac,-798.778076172,33583,82841,15.9834,9.3019,6.6816,41.205,0.16215,0.9533,1.0612,1.1133
cql-weight1-seed1,cql,24000,13,24000,1c082c3c780ffcac,-798.778076172,29838,52509,17.0743,3.6957,13.3785,41.205,0.32468,0.9158,1.0848,1.1846
cql-weight1-seed1,cql,24000,14,24000,1c082c3c780ffcac,-798.778076172,36307,14110,22.5538,4.7255,17.8283,41.205,0.43267,0.9669,1.2648,1.3082
cql-weight1-seed1,cql,25000,0,25000,a0ecdfb1d809d1b1,-822.744445801,237311,68413,35.0833,16.6508,18.4325,41.3522,0.44574,0.8589,1.2729,1.482
cql-weight1-seed1,cql,25000,2,25000,a0ecdfb1d809d1b1,-822.744445801,168808,33814,24.6306,11.8518,12.7788,41.3522,0.30902,0.903,1.0924,1.2098
cql-weight1-seed1,cql,25000,4,25000,a0ecdfb1d809d1b1,-822.744445801,35214,133999,17.2908,5.6996,11.5912,41.3522,0.2803,0.9027,1.0159,1.1255
cql-weight1-seed1,cql,25000,5,25000,a0ecdfb1d809d1b1,-822.744445801,40938,30344,19.5523,2.3795,17.1729,41.3522,0.41528,0.9526,1.1405,1.1973
cql-weight1-seed1,cql,25000,6,25000,a0ecdfb1d809d1b1,-822.744445801,51996,11915,22.5849,7.063,15.522,41.3522,0.37536,0.965,1.1916,1.2349
cql-weight1-seed1,cql,25000,7,25000,a0ecdfb1d809d1b1,-822.744445801,64933,19513,22.1187,11.5857,10.533,41.3522,0.25471,0.9291,1.1533,1.2414
cql-weight1-seed1,cql,25000,11,25000,a0ecdfb1d809d1b1,-822.744445801,76763,39227,17.5078,8.4436,9.0641,41.3522,0.21919,0.9789,1.0906,1.1142
cql-weight1-seed1,cql,25000,12,25000,a0ecdfb1d809d1b1,-822.744445801,33583,82841,16.2744,9.0833,7.191,41.3522,0.1739,0.9518,1.06,1.1137
cql-weight1-seed1,cql,25000,13,25000,a0ecdfb1d809d1b1,-822.744445801,29838,52509,16.7754,3.4097,13.3657,41.3522,0.32322,0.9374,1.0864,1.1589
cql-weight1-seed1,cql,25000,14,25000,a0ecdfb1d809d1b1,-822.744445801,36307,14110,21.9712,3.9754,17.9958,41.3522,0.43518,0.9795,1.2679,1.2944
cql-weight1-seed1,cql,26000,0,26000,fe1f3a1ae477a02f,-857.674926758,237311,68413,35.114,16.2352,18.8789,41.4061,0.45594,0.8589,1.2684,1.4767
cql-weight1-seed1,cql,26000,2,26000,fe1f3a1ae477a02f,-857.674926758,168808,33814,23.9463,11.5024,12.4439,41.4061,0.30053,0.9017,1.0944,1.2136
cql-weight1-seed1,cql,26000,4,26000,fe1f3a1ae477a02f,-857.674926758,35214,133999,17.9623,6.4662,11.4961,41.4061,0.27764,0.9005,1.0225,1.1355
cql-weight1-seed1,cql,26000,5,26000,fe1f3a1ae477a02f,-857.674926758,40938,30344,20.2981,2.8455,17.4526,41.4061,0.4215,0.9561,1.1412,1.1936
cql-weight1-seed1,cql,26000,6,26000,fe1f3a1ae477a02f,-857.674926758,51996,11915,22.679,7.2501,15.4288,41.4061,0.37262,0.964,1.187,1.2313
cql-weight1-seed1,cql,26000,7,26000,fe1f3a1ae477a02f,-857.674926758,64933,19513,21.6292,10.8162,10.813,41.4061,0.26115,0.9292,1.1489,1.2364
cql-weight1-seed1,cql,26000,11,26000,fe1f3a1ae477a02f,-857.674926758,76763,39227,17.2392,7.9795,9.2597,41.4061,0.22363,0.9826,1.0963,1.1158
cql-weight1-seed1,cql,26000,12,26000,fe1f3a1ae477a02f,-857.674926758,33583,82841,16.3162,9.0895,7.2267,41.4061,0.17453,0.9593,1.066,1.1111
cql-weight1-seed1,cql,26000,13,26000,fe1f3a1ae477a02f,-857.674926758,29838,52509,18.1692,3.9654,14.2037,41.4061,0.34303,0.9263,1.0858,1.1722
cql-weight1-seed1,cql,26000,14,26000,fe1f3a1ae477a02f,-857.674926758,36307,14110,22.9972,5.1039,17.8933,41.4061,0.43214,0.9709,1.2563,1.2939
cql-weight1-seed1,cql,27000,0,27000,170491d64662292b,-873.18145752,237311,68413,34.8916,16.4291,18.4625,41.5245,0.44462,0.8542,1.2659,1.4819
cql-weight1-seed1,cql,27000,2,27000,170491d64662292b,-873.18145752,168808,33814,23.8675,11.3079,12.5597,41.5245,0.30246,0.9012,1.0881,1.2074
cql-weight1-seed1,cql,27000,4,27000,170491d64662292b,-873.18145752,35214,133999,17.4597,6.2765,11.1833,41.5245,0.26932,0.9031,1.0247,1.1347
cql-weight1-seed1,cql,27000,5,27000,170491d64662292b,-873.18145752,40938,30344,19.5434,2.687,16.8563,41.5245,0.40594,0.9486,1.1424,1.2044
cql-weight1-seed1,cql,27000,6,27000,170491d64662292b,-873.18145752,51996,11915,22.545,7.4197,15.1253,41.5245,0.36425,0.9691,1.2008,1.2391
cql-weight1-seed1,cql,27000,7,27000,170491d64662292b,-873.18145752,64933,19513,21.9247,10.512,11.4127,41.5245,0.27484,0.9274,1.1492,1.2393
cql-weight1-seed1,cql,27000,11,27000,170491d64662292b,-873.18145752,76763,39227,16.7142,7.74,8.9742,41.5245,0.21612,0.9729,1.0909,1.1213
cql-weight1-seed1,cql,27000,12,27000,170491d64662292b,-873.18145752,33583,82841,15.8926,8.9561,6.9365,41.5245,0.16704,0.9539,1.063,1.1143
cql-weight1-seed1,cql,27000,13,27000,170491d64662292b,-873.18145752,29838,52509,17.525,3.5841,13.9409,41.5245,0.33573,0.9186,1.0842,1.1803
cql-weight1-seed1,cql,27000,14,27000,170491d64662292b,-873.18145752,36307,14110,22.5687,4.5885,17.9802,41.5245,0.433,0.9702,1.2591,1.2977
cql-weight1-seed1,cql,28000,0,28000,74288bf10a832050,-898.123413086,237311,68413,34.728,16.0687,18.6593,41.071,0.45432,0.8539,1.2652,1.4817
cql-weight1-seed1,cql,28000,2,28000,74288bf10a832050,-898.123413086,168808,33814,23.6756,11.3467,12.3288,41.071,0.30018,0.8988,1.0819,1.2036
cql-weight1-seed1,cql,28000,4,28000,74288bf10a832050,-898.123413086,35214,133999,17.2148,6.07,11.1448,41.071,0.27136,0.8976,1.0111,1.1264
cql-weight1-seed1,cql,28000,5,28000,74288bf10a832050,-898.123413086,40938,30344,19.8701,2.7502,17.1199,41.071,0.41684,0.9519,1.1397,1.1973
cql-weight1-seed1,cql,28000,6,28000,74288bf10a832050,-898.123413086,51996,11915,21.9876,6.6647,15.3229,41.071,0.37308,0.9655,1.1926,1.2351
cql-weight1-seed1,cql,28000,7,28000,74288bf10a832050,-898.123413086,64933,19513,21.236,10.4306,10.8053,41.071,0.26309,0.9234,1.1469,1.242
cql-weight1-seed1,cql,28000,11,28000,74288bf10a832050,-898.123413086,76763,39227,16.4022,7.4341,8.9681,41.071,0.21836,0.9748,1.0886,1.1168
cql-weight1-seed1,cql,28000,12,28000,74288bf10a832050,-898.123413086,33583,82841,15.5936,8.6387,6.9549,41.071,0.16934,0.9527,1.0577,1.1101
cql-weight1-seed1,cql,28000,13,28000,74288bf10a832050,-898.123413086,29838,52509,17.5714,3.7222,13.8492,41.071,0.3372,0.924,1.081,1.1698
cql-weight1-seed1,cql,28000,14,28000,74288bf10a832050,-898.123413086,36307,14110,22.3177,4.5403,17.7774,41.071,0.43285,0.9763,1.2664,1.2972
cql-weight1-seed1,cql,29000,0,29000,57ef15e29ce0462d,-924.41607666,237311,68413,34.7251,15.8664,18.8587,41.1176,0.45865,0.857,1.2631,1.474
cql-weight1-seed1,cql,29000,2,29000,57ef15e29ce0462d,-924.41607666,168808,33814,23.3393,10.7998,12.5396,41.1176,0.30497,0.9,1.0804,1.2005
cql-weight1-seed1,cql,29000,4,29000,57ef15e29ce0462d,-924.41607666,35214,133999,17.6908,6.0983,11.5924,41.1176,0.28193,0.9015,1.0224,1.134
cql-weight1-seed1,cql,29000,5,29000,57ef15e29ce0462d,-924.41607666,40938,30344,19.2001,2.3746,16.8255,41.1176,0.4092,0.9499,1.1365,1.1964
cql-weight1-seed1,cql,29000,6,29000,57ef15e29ce0462d,-924.41607666,51996,11915,21.8707,6.7382,15.1325,41.1176,0.36803,0.9658,1.1969,1.2394
cql-weight1-seed1,cql,29000,7,29000,57ef15e29ce0462d,-924.41607666,64933,19513,21.7238,10.792,10.9318,41.1176,0.26587,0.9232,1.1503,1.246
cql-weight1-seed1,cql,29000,11,29000,57ef15e29ce0462d,-924.41607666,76763,39227,16.8999,8.0164,8.8836,41.1176,0.21605,0.9751,1.0881,1.1159
cql-weight1-seed1,cql,29000,12,29000,57ef15e29ce0462d,-924.41607666,33583,82841,16.295,9.1715,7.1235,41.1176,0.17325,0.9518,1.0578,1.1114
cql-weight1-seed1,cql,29000,13,29000,57ef15e29ce0462d,-924.41607666,29838,52509,17.1794,3.4232,13.7562,41.1176,0.33456,0.9221,1.0842,1.1757
cql-weight1-seed1,cql,29000,14,29000,57ef15e29ce0462d,-924.41607666,36307,14110,22.3491,4.4,17.9491,41.1176,0.43653,0.9701,1.2588,1.2976
cql-weight1-seed1,cql,30000,0,30000,7aa086076376342c,-953.84552002,237311,68413,34.4513,15.8754,18.5759,40.4537,0.45919,0.8569,1.2664,1.4779
cql-weight1-seed1,cql,30000,2,30000,7aa086076376342c,-953.84552002,168808,33814,23.369,10.9927,12.3764,40.4537,0.30594,0.9004,1.0847,1.2047
cql-weight1-seed1,cql,30000,4,30000,7aa086076376342c,-953.84552002,35214,133999,16.818,5.8151,11.0029,40.4537,0.27199,0.8989,1.0218,1.1368
cql-weight1-seed1,cql,30000,5,30000,7aa086076376342c,-953.84552002,40938,30344,19.1682,2.5606,16.6076,40.4537,0.41053,0.9406,1.138,1.2099
cql-weight1-seed1,cql,30000,6,30000,7aa086076376342c,-953.84552002,51996,11915,22.2847,7.1467,15.138,40.4537,0.37421,0.9602,1.1967,1.2463
cql-weight1-seed1,cql,30000,7,30000,7aa086076376342c,-953.84552002,64933,19513,21.474,10.9795,10.4945,40.4537,0.25942,0.9257,1.1533,1.2459
cql-weight1-seed1,cql,30000,11,30000,7aa086076376342c,-953.84552002,76763,39227,16.722,7.7091,9.0129,40.4537,0.2228,0.984,1.0933,1.1111
cql-weight1-seed1,cql,30000,12,30000,7aa086076376342c,-953.84552002,33583,82841,15.4152,8.7413,6.6738,40.4537,0.16497,0.9573,1.065,1.1126
cql-weight1-seed1,cql,30000,13,30000,7aa086076376342c,-953.84552002,29838,52509,16.2363,3.3353,12.901,40.4537,0.31891,0.9195,1.0869,1.182
cql-weight1-seed1,cql,30000,14,30000,7aa086076376342c,-953.84552002,36307,14110,21.5953,4.0177,17.5776,40.4537,0.43451,0.9656,1.2644,1.3094
cql-weight1-seed1,cql,31000,0,31000,bb636bc087647afa,-978.289794922,237311,68413,34.3838,16.0226,18.3612,40.6822,0.45133,0.8549,1.2577,1.4711
cql-weight1-seed1,cql,31000,2,31000,bb636bc087647afa,-978.289794922,168808,33814,23.591,11.3136,12.2774,40.6822,0.30179,0.9003,1.0829,1.2029
cql-weight1-seed1,cql,31000,4,31000,bb636bc087647afa,-978.289794922,35214,133999,16.8154,5.9409,10.8745,40.6822,0.2673,0.8938,1.0127,1.1331
cql-weight1-seed1,cql,31000,5,31000,bb636bc087647afa,-978.289794922,40938,30344,19.2766,2.7021,16.5746,40.6822,0.40742,0.9466,1.1345,1.1986
cql-weight1-seed1,cql,31000,6,31000,bb636bc087647afa,-978.289794922,51996,11915,22.1734,7.0341,15.1393,40.6822,0.37214,0.961,1.185,1.2331
cql-weight1-seed1,cql,31000,7,31000,bb636bc087647afa,-978.289794922,64933,19513,21.4979,10.7342,10.7637,40.6822,0.26458,0.9222,1.1359,1.2317
cql-weight1-seed1,cql,31000,11,31000,bb636bc087647afa,-978.289794922,76763,39227,16.7437,7.7562,8.9875,40.6822,0.22092,0.9709,1.084,1.1164
cql-weight1-seed1,cql,31000,12,31000,bb636bc087647afa,-978.289794922,33583,82841,15.42,8.6993,6.7207,40.6822,0.1652,0.9476,1.0525,1.1107
cql-weight1-seed1,cql,31000,13,31000,bb636bc087647afa,-978.289794922,29838,52509,16.4054,3.3637,13.0417,40.6822,0.32058,0.9172,1.0799,1.1773
cql-weight1-seed1,cql,31000,14,31000,bb636bc087647afa,-978.289794922,36307,14110,21.5252,3.9497,17.5755,40.6822,0.43202,0.9701,1.2529,1.2916
cql-weight1-seed1,cql,32000,0,32000,98dcb84b91358771,-1004.664306641,237311,68413,34.0884,16.229,17.8594,40.0919,0.44546,0.8556,1.2584,1.4708
cql-weight1-seed1,cql,32000,2,32000,98dcb84b91358771,-1004.664306641,168808,33814,23.6944,11.1204,12.574,40.0919,0.31363,0.9013,1.0836,1.2022
cql-weight1-seed1,cql,32000,4,32000,98dcb84b91358771,-1004.664306641,35214,133999,16.99,5.7486,11.2414,40.0919,0.28039,0.8991,1.0141,1.1279
cql-weight1-seed1,cql,32000,5,32000,98dcb84b91358771,-1004.664306641,40938,30344,19.2252,2.433,16.7922,40.0919,0.41884,0.9524,1.1334,1.1901
cql-weight1-seed1,cql,32000,6,32000,98dcb84b91358771,-1004.664306641,51996,11915,21.8971,6.5756,15.3215,40.0919,0.38216,0.9611,1.1839,1.2319
cql-weight1-seed1,cql,32000,7,32000,98dcb84b91358771,-1004.664306641,64933,19513,21.3998,10.5956,10.8043,40.0919,0.26949,0.9243,1.1348,1.2277
cql-weight1-seed1,cql,32000,11,32000,98dcb84b91358771,-1004.664306641,76763,39227,16.047,7.4349,8.6121,40.0919,0.21481,0.9736,1.0839,1.1133
cql-weight1-seed1,cql,32000,12,32000,98dcb84b91358771,-1004.664306641,33583,82841,14.5798,7.8852,6.6945,40.0919,0.16698,0.9558,1.0552,1.104
cql-weight1-seed1,cql,32000,13,32000,98dcb84b91358771,-1004.664306641,29838,52509,16.2656,3.2624,13.0032,40.0919,0.32433,0.9296,1.0816,1.1636
cql-weight1-seed1,cql,32000,14,32000,98dcb84b91358771,-1004.664306641,36307,14110,21.4924,3.9869,17.5055,40.0919,0.43663,0.9708,1.2496,1.2871
cql-weight1-seed1,cql,33000,0,33000,349d04450daf3968,-1026.898803711,237311,68413,34.1903,15.6086,18.5817,40.4236,0.45967,0.8548,1.2538,1.4667
cql-weight1-seed1,cql,33000,2,33000,349d04450daf3968,-1026.898803711,168808,33814,22.9275,11.0379,11.8896,40.4236,0.29412,0.9002,1.0863,1.2067
cql-weight1-seed1,cql,33000,4,33000,349d04450daf3968,-1026.898803711,35214,133999,16.5451,5.5842,10.9608,40.4236,0.27115,0.9072,1.0192,1.1234
cql-weight1-seed1,cql,33000,5,33000,349d04450daf3968,-1026.898803711,40938,30344,18.9191,2.2796,16.6395,40.4236,0.41163,0.9512,1.1373,1.1956
cql-weight1-seed1,cql,33000,6,33000,349d04450daf3968,-1026.898803711,51996,11915,21.8045,5.9632,15.8413,40.4236,0.39188,0.9695,1.1921,1.2296
cql-weight1-seed1,cql,33000,7,33000,349d04450daf3968,-1026.898803711,64933,19513,20.9926,10.2604,10.7323,40.4236,0.26549,0.93,1.1435,1.2295
cql-weight1-seed1,cql,33000,11,33000,349d04450daf3968,-1026.898803711,76763,39227,15.913,7.2713,8.6417,40.4236,0.21378,0.9764,1.0828,1.1089
cql-weight1-seed1,cql,33000,12,33000,349d04450daf3968,-1026.898803711,33583,82841,14.317,7.9016,6.4154,40.4236,0.1587,0.955,1.0558,1.1056
cql-weight1-seed1,cql,33000,13,33000,349d04450daf3968,-1026.898803711,29838,52509,16.1975,3.2138,12.9838,40.4236,0.32119,0.9284,1.0821,1.1655
cql-weight1-seed1,cql,33000,14,33000,349d04450daf3968,-1026.898803711,36307,14110,21.7201,3.8901,17.83,40.4236,0.44108,0.971,1.2512,1.2886
cql-weight1-seed1,cql,34000,0,34000,eaec16720b98a367,-1060.766967773,237311,68413,33.5641,15.6409,17.9232,39.7376,0.45104,0.8556,1.2591,1.4716
cql-weight1-seed1,cql,34000,2,34000,eaec16720b98a367,-1060.766967773,168808,33814,22.8361,10.6312,12.205,39.7376,0.30714,0.9011,1.0771,1.1953
cql-weight1-seed1,cql,34000,4,34000,eaec16720b98a367,-1060.766967773,35214,133999,16.4337,5.4086,11.0251,39.7376,0.27745,0.8971,1.0118,1.1278
cql-weight1-seed1,cql,34000,5,34000,eaec16720b98a367,-1060.766967773,40938,30344,18.9431,2.332,16.6111,39.7376,0.41802,0.945,1.1353,1.2014
cql-weight1-seed1,cql,34000,6,34000,eaec16720b98a367,-1060.766967773,51996,11915,22.3698,7.1707,15.1991,39.7376,0.38249,0.9664,1.1877,1.2289
cql-weight1-seed1,cql,34000,7,34000,eaec16720b98a367,-1060.766967773,64933,19513,21.111,10.4965,10.6144,39.7376,0.26711,0.924,1.1397,1.2335
cql-weight1-seed1,cql,34000,11,34000,eaec16720b98a367,-1060.766967773,76763,39227,15.821,7.1955,8.6255,39.7376,0.21706,0.9723,1.0835,1.1144
cql-weight1-seed1,cql,34000,12,34000,eaec16720b98a367,-1060.766967773,33583,82841,14.9072,8.3586,6.5486,39.7376,0.16479,0.9544,1.0522,1.1025
cql-weight1-seed1,cql,34000,13,34000,eaec16720b98a367,-1060.766967773,29838,52509,16.3191,3.3412,12.9779,39.7376,0.32659,0.9188,1.0804,1.1758
cql-weight1-seed1,cql,34000,14,34000,eaec16720b98a367,-1060.766967773,36307,14110,21.4193,3.6032,17.8161,39.7376,0.44834,0.9676,1.2525,1.2945
cql-weight1-seed1,cql,35000,0,35000,83a3c85faa365175,-1089.091918945,237311,68413,33.6615,15.5209,18.1406,39.7647,0.4562,0.8549,1.2549,1.4678
cql-weight1-seed1,cql,35000,2,35000,83a3c85faa365175,-1089.091918945,168808,33814,22.831,11.1545,11.6766,39.7647,0.29364,0.8977,1.0736,1.1959
cql-weight1-seed1,cql,35000,4,35000,83a3c85faa365175,-1089.091918945,35214,133999,15.6969,5.3476,10.3493,39.7647,0.26026,0.9013,1.0151,1.1263
cql-weight1-seed1,cql,35000,5,35000,83a3c85faa365175,-1089.091918945,40938,30344,17.9449,1.925,16.0199,39.7647,0.40287,0.9446,1.1351,1.2016
cql-weight1-seed1,cql,35000,6,35000,83a3c85faa365175,-1089.091918945,51996,11915,21.652,6.5432,15.1088,39.7647,0.37995,0.9617,1.1888,1.2362
cql-weight1-seed1,cql,35000,7,35000,83a3c85faa365175,-1089.091918945,64933,19513,20.6669,10.0306,10.6362,39.7647,0.26748,0.9227,1.1411,1.2367
cql-weight1-seed1,cql,35000,11,35000,83a3c85faa365175,-1089.091918945,76763,39227,15.6774,7.2636,8.4138,39.7647,0.21159,0.9741,1.0823,1.1111
cql-weight1-seed1,cql,35000,12,35000,83a3c85faa365175,-1089.091918945,33583,82841,14.1446,7.8253,6.3194,39.7647,0.15892,0.954,1.0576,1.1087
cql-weight1-seed1,cql,35000,13,35000,83a3c85faa365175,-1089.091918945,29838,52509,15.3182,2.952,12.3662,39.7647,0.31098,0.9154,1.0822,1.1821
cql-weight1-seed1,cql,35000,14,35000,83a3c85faa365175,-1089.091918945,36307,14110,20.8664,3.221,17.6454,39.7647,0.44374,0.9654,1.2489,1.2937
cql-weight1-seed1,cql,36000,0,36000,46903520cc7561ac,-1123.322143555,237311,68413,33.5026,14.6467,18.8559,39.9216,0.47232,0.8533,1.2434,1.4572
cql-weight1-seed1,cql,36000,2,36000,46903520cc7561ac,-1123.322143555,168808,33814,22.9792,10.4941,12.485,39.9216,0.31274,0.9006,1.0705,1.1886
cql-weight1-seed1,cql,36000,4,36000,46903520cc7561ac,-1123.322143555,35214,133999,16.2451,5.261,10.984,39.9216,0.27514,0.8939,1.0112,1.1312
cql-weight1-seed1,cql,36000,5,36000,46903520cc7561ac,-1123.322143555,40938,30344,18.3475,1.8799,16.4675,39.9216,0.4125,0.9383,1.1288,1.2031
cql-weight1-seed1,cql,36000,6,36000,46903520cc7561ac,-1123.322143555,51996,11915,21.7183,6.1437,15.5746,39.9216,0.39013,0.9598,1.1873,1.237
cql-weight1-seed1,cql,36000,7,36000,46903520cc7561ac,-1123.322143555,64933,19513,20.9093,9.9603,10.9491,39.9216,0.27426,0.9233,1.1322,1.2263
cql-weight1-seed1,cql,36000,11,36000,46903520cc7561ac,-1123.322143555,76763,39227,14.9704,6.8077,8.1627,39.9216,0.20447,0.9725,1.0818,1.1124
cql-weight1-seed1,cql,36000,12,36000,46903520cc7561ac,-1123.322143555,33583,82841,14.3003,7.7122,6.5881,39.9216,0.16503,0.95,1.0518,1.1072
cql-weight1-seed1,cql,36000,13,36000,46903520cc7561ac,-1123.322143555,29838,52509,16.5185,3.2412,13.2773,39.9216,0.33258,0.9135,1.077,1.179
cql-weight1-seed1,cql,36000,14,36000,46903520cc7561ac,-1123.322143555,36307,14110,21.2405,3.5058,17.7348,39.9216,0.44424,0.9611,1.2481,1.2986
cql-weight1-seed1,cql,37000,0,37000,5a24bec49b7f505f,-1158.993530273,237311,68413,33.3674,15.2994,18.068,39.1914,0.46102,0.8534,1.2519,1.4669
cql-weight1-seed1,cql,37000,2,37000,5a24bec49b7f505f,-1158.993530273,168808,33814,23.0093,10.9031,12.1062,39.1914,0.3089,0.9018,1.0699,1.1863
cql-weight1-seed1,cql,37000,4,37000,5a24bec49b7f505f,-1158.993530273,35214,133999,15.655,5.3883,10.2667,39.1914,0.26196,0.8959,1.0066,1.1236
cql-weight1-seed1,cql,37000,5,37000,5a24bec49b7f505f,-1158.993530273,40938,30344,17.9937,2.2742,15.7195,39.1914,0.4011,0.9435,1.1269,1.1945
cql-weight1-seed1,cql,37000,6,37000,5a24bec49b7f505f,-1158.993530273,51996,11915,21.1902,6.1513,15.0389,39.1914,0.38373,0.9605,1.1846,1.2333
cql-weight1-seed1,cql,37000,7,37000,5a24bec49b7f505f,-1158.993530273,64933,19513,20.7707,9.7706,11.0001,39.1914,0.28068,0.9194,1.1383,1.2381
cql-weight1-seed1,cql,37000,11,37000,5a24bec49b7f505f,-1158.993530273,76763,39227,15.098,6.7127,8.3853,39.1914,0.21396,0.9686,1.0777,1.1126
cql-weight1-seed1,cql,37000,12,37000,5a24bec49b7f505f,-1158.993530273,33583,82841,13.5125,7.5428,5.9697,39.1914,0.15232,0.9516,1.0498,1.1032
cql-weight1-seed1,cql,37000,13,37000,5a24bec49b7f505f,-1158.993530273,29838,52509,15.1804,3.1895,11.9909,39.1914,0.30596,0.9185,1.0743,1.1696
cql-weight1-seed1,cql,37000,14,37000,5a24bec49b7f505f,-1158.993530273,36307,14110,21.2314,3.5572,17.6742,39.1914,0.45097,0.9663,1.2458,1.2893
cql-weight1-seed1,cql,38000,0,38000,09e83b821c7fff60,-1188.963867188,237311,68413,33.3394,14.6489,18.6905,39.6896,0.47092,0.8534,1.247,1.4612
cql-weight1-seed1,cql,38000,2,38000,09e83b821c7fff60,-1188.963867188,168808,33814,22.7373,10.2454,12.4919,39.6896,0.31474,0.9002,1.0762,1.1955
cql-weight1-seed1,cql,38000,4,38000,09e83b821c7fff60,-1188.963867188,35214,133999,16.3036,5.3735,10.9301,39.6896,0.27539,0.8942,1.0147,1.1348
cql-weight1-seed1,cql,38000,5,38000,09e83b821c7fff60,-1188.963867188,40938,30344,18.2005,2.0641,16.1364,39.6896,0.40656,0.9436,1.1306,1.1982
cql-weight1-seed1,cql,38000,6,38000,09e83b821c7fff60,-1188.963867188,51996,11915,21.3365,6.4266,14.9099,39.6896,0.37566,0.9599,1.1794,1.2286
cql-weight1-seed1,cql,38000,7,38000,09e83b821c7fff60,-1188.963867188,64933,19513,20.0912,9.4969,10.5943,39.6896,0.26693,0.9224,1.1326,1.2279
cql-weight1-seed1,cql,38000,11,38000,09e83b821c7fff60,-1188.963867188,76763,39227,15.7102,7.0915,8.6187,39.6896,0.21715,0.9713,1.0812,1.1132
cql-weight1-seed1,cql,38000,12,38000,09e83b821c7fff60,-1188.963867188,33583,82841,14.0276,7.5516,6.476,39.6896,0.16317,0.9509,1.0529,1.1073
cql-weight1-seed1,cql,38000,13,38000,09e83b821c7fff60,-1188.963867188,29838,52509,15.7941,3.1074,12.6868,39.6896,0.31965,0.9139,1.0788,1.1804
cql-weight1-seed1,cql,38000,14,38000,09e83b821c7fff60,-1188.963867188,36307,14110,21.2488,3.4834,17.7655,39.6896,0.44761,0.9653,1.2506,1.2955
cql-weight1-seed1,cql,39000,0,39000,aad908cdf7144126,-1221.306152344,237311,68413,33.0974,14.7508,18.3466,39.2109,0.4679,0.8521,1.2469,1.4632
cql-weight1-seed1,cql,39000,2,39000,aad908cdf7144126,-1221.306152344,168808,33814,22.1852,10.344,11.8412,39.2109,0.30199,0.8985,1.0745,1.196
cql-weight1-seed1,cql,39000,4,39000,aad908cdf7144126,-1221.306152344,35214,133999,15.6591,5.34,10.319,39.2109,0.26317,0.9,1.0137,1.1263
cql-weight1-seed1,cql,39000,5,39000,aad908cdf7144126,-1221.306152344,40938,30344,17.845,1.8797,15.9653,39.2109,0.40716,0.9426,1.1291,1.1978
cql-weight1-seed1,cql,39000,6,39000,aad908cdf7144126,-1221.306152344,51996,11915,21.1497,6.3652,14.7845,39.2109,0.37705,0.9598,1.1831,1.2327
cql-weight1-seed1,cql,39000,7,39000,aad908cdf7144126,-1221.306152344,64933,19513,20.2457,9.503,10.7427,39.2109,0.27397,0.9222,1.1321,1.2276
cql-weight1-seed1,cql,39000,11,39000,aad908cdf7144126,-1221.306152344,76763,39227,15.0349,6.8696,8.1653,39.2109,0.20824,0.9735,1.0807,1.1101
cql-weight1-seed1,cql,39000,12,39000,aad908cdf7144126,-1221.306152344,33583,82841,13.4489,7.4411,6.0079,39.2109,0.15322,0.9547,1.0546,1.1047
cql-weight1-seed1,cql,39000,13,39000,aad908cdf7144126,-1221.306152344,29838,52509,15.3585,2.9435,12.415,39.2109,0.31662,0.9228,1.078,1.1682
cql-weight1-seed1,cql,39000,14,39000,aad908cdf7144126,-1221.306152344,36307,14110,21.3336,3.5497,17.7839,39.2109,0.45354,0.9654,1.2402,1.2846
cql-weight1-seed1,cql,40000,0,40000,5a4ea8cc20bd92e4,-1262.978759766,237311,68413,33.0955,14.3895,18.706,39.4811,0.4738,0.8523,1.2417,1.4568
cql-weight1-seed1,cql,40000,2,40000,5a4ea8cc20bd92e4,-1262.978759766,168808,33814,22.4625,10.2138,12.2487,39.4811,0.31024,0.8993,1.0725,1.1927
cql-weight1-seed1,cql,40000,4,40000,5a4ea8cc20bd92e4,-1262.978759766,35214,133999,15.5567,5.2035,10.3532,39.4811,0.26223,0.8946,1.0095,1.1283
cql-weight1-seed1,cql,40000,5,40000,5a4ea8cc20bd92e4,-1262.978759766,40938,30344,17.9468,2.0921,15.8547,39.4811,0.40158,0.9374,1.1304,1.2059
cql-weight1-seed1,cql,40000,6,40000,5a4ea8cc20bd92e4,-1262.978759766,51996,11915,20.7348,5.9457,14.7891,39.4811,0.37459,0.9617,1.1858,1.2329
cql-weight1-seed1,cql,40000,7,40000,5a4ea8cc20bd92e4,-1262.978759766,64933,19513,20.0527,9.4209,10.6317,39.4811,0.26929,0.9212,1.1328,1.2296
cql-weight1-seed1,cql,40000,11,40000,5a4ea8cc20bd92e4,-1262.978759766,76763,39227,15.0228,6.859,8.1637,39.4811,0.20678,0.9721,1.0777,1.1087
cql-weight1-seed1,cql,40000,12,40000,5a4ea8cc20bd92e4,-1262.978759766,33583,82841,13.9013,7.7806,6.1207,39.4811,0.15503,0.9507,1.0511,1.1056
cql-weight1-seed1,cql,40000,13,40000,5a4ea8cc20bd92e4,-1262.978759766,29838,52509,15.9213,3.2065,12.7148,39.4811,0.32205,0.9168,1.0782,1.176
cql-weight1-seed1,cql,40000,14,40000,5a4ea8cc20bd92e4,-1262.978759766,36307,14110,21.1889,3.4261,17.7628,39.4811,0.44991,0.9604,1.2441,1.2954
cql-weight1-seed1,cql,41000,0,41000,d3607d567c583343,-1301.064331055,237311,68413,32.9653,13.9818,18.9835,39.6452,0.47883,0.8532,1.2412,1.4548
cql-weight1-seed1,cql,41000,2,41000,d3607d567c583343,-1301.064331055,168808,33814,22.1365,9.8286,12.3078,39.6452,0.31045,0.8969,1.0677,1.1905
cql-weight1-seed1,cql,41000,4,41000,d3607d567c583343,-1301.064331055,35214,133999,15.8467,5.5095,10.3372,39.6452,0.26074,0.893,1.0099,1.1309
cql-weight1-seed1,cql,41000,5,41000,d3607d567c583343,-1301.064331055,40938,30344,18.0777,2.1115,15.9662,39.6452,0.40273,0.9425,1.1246,1.1932
cql-weight1-seed1,cql,41000,6,41000,d3607d567c583343,-1301.064331055,51996,11915,21.2836,6.0243,15.2593,39.6452,0.3849,0.9552,1.1757,1.2309
cql-weight1-seed1,cql,41000,7,41000,d3607d567c583343,-1301.064331055,64933,19513,20.5527,9.8212,10.7316,39.6452,0.27069,0.9204,1.1308,1.2285
cql-weight1-seed1,cql,41000,11,41000,d3607d567c583343,-1301.064331055,76763,39227,15.1466,6.8177,8.329,39.6452,0.21009,0.9706,1.078,1.1107
cql-weight1-seed1,cql,41000,12,41000,d3607d567c583343,-1301.064331055,33583,82841,14.321,7.9819,6.3391,39.6452,0.1599,0.9479,1.0486,1.1062
cql-weight1-seed1,cql,41000,13,41000,d3607d567c583343,-1301.064331055,29838,52509,15.7297,3.17,12.5597,39.6452,0.3168,0.9114,1.0702,1.1742
cql-weight1-seed1,cql,41000,14,41000,d3607d567c583343,-1301.064331055,36307,14110,21.1956,3.4996,17.696,39.6452,0.44636,0.9622,1.2402,1.2889
cql-weight1-seed1,cql,42000,0,42000,498e73386bf7aaac,-1336.646118164,237311,68413,33.1247,14.3677,18.7569,39.414,0.47589,0.8526,1.2416,1.4562
cql-weight1-seed1,cql,42000,2,42000,498e73386bf7aaac,-1336.646118164,168808,33814,22.2431,9.9797,12.2635,39.414,0.31114,0.8978,1.0649,1.1861
cql-weight1-seed1,cql,42000,4,42000,498e73386bf7aaac,-1336.646118164,35214,133999,15.4377,5.2279,10.2098,39.414,0.25904,0.8994,1.0093,1.1222
cql-weight1-seed1,cql,42000,5,42000,498e73386bf7aaac,-1336.646118164,40938,30344,17.7674,1.9481,15.8193,39.414,0.40136,0.9467,1.1332,1.197
cql-weight1-seed1,cql,42000,6,42000,498e73386bf7aaac,-1336.646118164,51996,11915,21.2742,5.9525,15.3217,39.414,0.38874,0.9575,1.1803,1.2327
cql-weight1-seed1,cql,42000,7,42000,498e73386bf7aaac,-1336.646118164,64933,19513,20.3852,9.4989,10.8863,39.414,0.2762,0.9209,1.1342,1.2316
cql-weight1-seed1,cql,42000,11,42000,498e73386bf7aaac,-1336.646118164,76763,39227,14.9039,6.7019,8.202,39.414,0.2081,0.9705,1.0771,1.1099
cql-weight1-seed1,cql,42000,12,42000,498e73386bf7aaac,-1336.646118164,33583,82841,13.4399,7.3189,6.121,39.414,0.1553,0.9519,1.0503,1.1033
cql-weight1-seed1,cql,42000,13,42000,498e73386bf7aaac,-1336.646118164,29838,52509,15.3889,3.1528,12.2361,39.414,0.31045,0.9214,1.0796,1.1717
cql-weight1-seed1,cql,42000,14,42000,498e73386bf7aaac,-1336.646118164,36307,14110,20.588,3.0453,17.5427,39.414,0.44509,0.9667,1.2499,1.293
cql-weight1-seed1,cql,43000,0,43000,9e3895f5419dc62d,-1372.155395508,237311,68413,32.6083,14.0958,18.5124,39.1936,0.47233,0.8517,1.2406,1.4565
cql-weight1-seed1,cql,43000,2,43000,9e3895f5419dc62d,-1372.155395508,168808,33814,21.9023,9.9983,11.904,39.1936,0.30372,0.8992,1.0693,1.1892
cql-weight1-seed1,cql,43000,4,43000,9e3895f5419dc62d,-1372.155395508,35214,133999,15.5465,5.1852,10.3613,39.1936,0.26436,0.8894,1.0034,1.1282
cql-weight1-seed1,cql,43000,5,43000,9e3895f5419dc62d,-1372.155395508,40938,30344,17.7957,1.8452,15.9505,39.1936,0.40697,0.9388,1.1242,1.1975
cql-weight1-seed1,cql,43000,6,43000,9e3895f5419dc62d,-1372.155395508,51996,11915,21.162,5.8068,15.3553,39.1936,0.39178,0.957,1.1808,1.2338
cql-weight1-seed1,cql,43000,7,43000,9e3895f5419dc62d,-1372.155395508,64933,19513,20.0213,9.3748,10.6465,39.1936,0.27164,0.9206,1.1258,1.2229
cql-weight1-seed1,cql,43000,11,43000,9e3895f5419dc62d,-1372.155395508,76763,39227,15.0297,6.6888,8.3409,39.1936,0.21281,0.9707,1.0763,1.1088
cql-weight1-seed1,cql,43000,12,43000,9e3895f5419dc62d,-1372.155395508,33583,82841,13.925,7.682,6.2429,39.1936,0.15928,0.9482,1.0466,1.1038
cql-weight1-seed1,cql,43000,13,43000,9e3895f5419dc62d,-1372.155395508,29838,52509,15.1069,2.9372,12.1698,39.1936,0.3105,0.9104,1.0705,1.1759
cql-weight1-seed1,cql,43000,14,43000,9e3895f5419dc62d,-1372.155395508,36307,14110,20.9731,3.0032,17.9699,39.1936,0.45849,0.9597,1.2388,1.2909
cql-weight1-seed1,cql,44000,0,44000,3a8c47fe9342cf1d,-1408.547607422,237311,68413,32.4331,14.7517,17.6813,38.7725,0.45603,0.8544,1.2421,1.4538
cql-weight1-seed1,cql,44000,2,44000,3a8c47fe9342cf1d,-1408.547607422,168808,33814,21.5356,9.9469,11.5888,38.7725,0.29889,0.8992,1.0698,1.1896
cql-weight1-seed1,cql,44000,4,44000,3a8c47fe9342cf1d,-1408.547607422,35214,133999,15.1721,5.1538,10.0183,38.7725,0.25839,0.893,1.0092,1.1302
cql-weight1-seed1,cql,44000,5,44000,3a8c47fe9342cf1d,-1408.547607422,40938,30344,17.3162,2.0333,15.283,38.7725,0.39417,0.9409,1.1311,1.2022
cql-weight1-seed1,cql,44000,6,44000,3a8c47fe9342cf1d,-1408.547607422,51996,11915,20.7231,5.9735,14.7495,38.7725,0.38041,0.9582,1.1828,1.2345
cql-weight1-seed1,cql,44000,7,44000,3a8c47fe9342cf1d,-1408.547607422,64933,19513,19.7804,9.0601,10.7203,38.7725,0.27649,0.9214,1.1308,1.2272
cql-weight1-seed1,cql,44000,11,44000,3a8c47fe9342cf1d,-1408.547607422,76763,39227,14.3405,6.3234,8.0171,38.7725,0.20677,0.9683,1.0757,1.1109
cql-weight1-seed1,cql,44000,12,44000,3a8c47fe9342cf1d,-1408.547607422,33583,82841,13.0037,7.0482,5.9555,38.7725,0.1536,0.9494,1.0499,1.1059
cql-weight1-seed1,cql,44000,13,44000,3a8c47fe9342cf1d,-1408.547607422,29838,52509,14.922,3.2109,11.7111,38.7725,0.30205,0.9144,1.0771,1.178
cql-weight1-seed1,cql,44000,14,44000,3a8c47fe9342cf1d,-1408.547607422,36307,14110,19.9339,3.1664,16.7675,38.7725,0.43246,0.9636,1.2468,1.2939
cql-weight1-seed1,cql,45000,0,45000,1b76b79538fc65e1,-1452.818237305,237311,68413,32.6641,14.263,18.4011,39.1397,0.47014,0.852,1.2386,1.4537
cql-weight1-seed1,cql,45000,2,45000,1b76b79538fc65e1,-1452.818237305,168808,33814,21.9428,9.9697,11.9731,39.1397,0.30591,0.8972,1.067,1.1893
cql-weight1-seed1,cql,45000,4,45000,1b76b79538fc65e1,-1452.818237305,35214,133999,15.0465,5.0646,9.9819,39.1397,0.25503,0.8926,1.0045,1.1253
cql-weight1-seed1,cql,45000,5,45000,1b76b79538fc65e1,-1452.818237305,40938,30344,17.5777,1.9645,15.6133,39.1397,0.39891,0.9379,1.1245,1.199
cql-weight1-seed1,cql,45000,6,45000,1b76b79538fc65e1,-1452.818237305,51996,11915,20.7764,5.2916,15.4848,39.1397,0.39563,0.9583,1.1797,1.231
cql-weight1-seed1,cql,45000,7,45000,1b76b79538fc65e1,-1452.818237305,64933,19513,19.6424,9.169,10.4735,39.1397,0.26759,0.9215,1.1334,1.23
cql-weight1-seed1,cql,45000,11,45000,1b76b79538fc65e1,-1452.818237305,76763,39227,14.7602,6.6465,8.1136,39.1397,0.2073,0.9736,1.0775,1.1067
cql-weight1-seed1,cql,45000,12,45000,1b76b79538fc65e1,-1452.818237305,33583,82841,13.77,7.4449,6.3251,39.1397,0.1616,0.9504,1.0515,1.1063
cql-weight1-seed1,cql,45000,13,45000,1b76b79538fc65e1,-1452.818237305,29838,52509,15.4313,2.9614,12.4699,39.1397,0.3186,0.9119,1.0735,1.1772
cql-weight1-seed1,cql,45000,14,45000,1b76b79538fc65e1,-1452.818237305,36307,14110,20.2813,2.8858,17.3954,39.1397,0.44444,0.9611,1.2433,1.2936
cql-weight1-seed1,cql,46000,0,46000,a90802f64acd76b9,-1492.175170898,237311,68413,32.4423,13.6267,18.8156,39.1683,0.48038,0.8545,1.2404,1.4515
cql-weight1-seed1,cql,46000,2,46000,a90802f64acd76b9,-1492.175170898,168808,33814,21.241,9.6419,11.599,39.1683,0.29613,0.9006,1.0729,1.1913
cql-weight1-seed1,cql,46000,4,46000,a90802f64acd76b9,-1492.175170898,35214,133999,14.4152,4.8432,9.5719,39.1683,0.24438,0.8952,1.0069,1.1247
cql-weight1-seed1,cql,46000,5,46000,a90802f64acd76b9,-1492.175170898,40938,30344,17.3243,1.7897,15.5345,39.1683,0.39661,0.9498,1.1316,1.1914
cql-weight1-seed1,cql,46000,6,46000,a90802f64acd76b9,-1492.175170898,51996,11915,20.4211,5.4211,15.0001,39.1683,0.38296,0.9628,1.1837,1.2293
cql-weight1-seed1,cql,46000,7,46000,a90802f64acd76b9,-1492.175170898,64933,19513,20.1371,9.5285,10.6086,39.1683,0.27085,0.9235,1.1301,1.2237
cql-weight1-seed1,cql,46000,11,46000,a90802f64acd76b9,-1492.175170898,76763,39227,14.538,6.4927,8.0453,39.1683,0.2054,0.9711,1.0773,1.1094
cql-weight1-seed1,cql,46000,12,46000,a90802f64acd76b9,-1492.175170898,33583,82841,12.6899,7.054,5.6359,39.1683,0.14389,0.9513,1.0448,1.0982
cql-weight1-seed1,cql,46000,13,46000,a90802f64acd76b9,-1492.175170898,29838,52509,14.6605,2.7517,11.9088,39.1683,0.30404,0.9203,1.0747,1.1677
cql-weight1-seed1,cql,46000,14,46000,a90802f64acd76b9,-1492.175170898,36307,14110,20.4418,3.0966,17.3452,39.1683,0.44284,0.9685,1.2543,1.2952
cql-weight1-seed1,cql,47000,0,47000,9fa23b2b6b010792,-1524.888671875,237311,68413,32.2227,13.98,18.2427,38.3608,0.47556,0.8516,1.2297,1.4441
cql-weight1-seed1,cql,47000,2,47000,9fa23b2b6b010792,-1524.888671875,168808,33814,21.361,9.4864,11.8746,38.3608,0.30955,0.8963,1.0602,1.1829
cql-weight1-seed1,cql,47000,4,47000,9fa23b2b6b010792,-1524.888671875,35214,133999,14.4115,5.0623,9.3492,38.3608,0.24372,0.8955,1.0053,1.1227
cql-weight1-seed1,cql,47000,5,47000,9fa23b2b6b010792,-1524.888671875,40938,30344,17.4887,1.877,15.6117,38.3608,0.40697,0.9417,1.1232,1.1926
cql-weight1-seed1,cql,47000,6,47000,9fa23b2b6b010792,-1524.888671875,51996,11915,20.7077,5.5339,15.1738,38.3608,0.39556,0.9545,1.1696,1.2253
cql-weight1-seed1,cql,47000,7,47000,9fa23b2b6b010792,-1524.888671875,64933,19513,20.0161,9.0622,10.9539,38.3608,0.28555,0.9228,1.1274,1.2217
cql-weight1-seed1,cql,47000,11,47000,9fa23b2b6b010792,-1524.888671875,76763,39227,14.654,6.5274,8.1266,38.3608,0.21185,0.9694,1.0731,1.1069
cql-weight1-seed1,cql,47000,12,47000,9fa23b2b6b010792,-1524.888671875,33583,82841,12.8698,6.9328,5.937,38.3608,0.15477,0.9473,1.0419,1.0999
cql-weight1-seed1,cql,47000,13,47000,9fa23b2b6b010792,-1524.888671875,29838,52509,14.8972,3.0216,11.8756,38.3608,0.30958,0.9148,1.0705,1.1702
cql-weight1-seed1,cql,47000,14,47000,9fa23b2b6b010792,-1524.888671875,36307,14110,20.5409,3.2648,17.2761,38.3608,0.45036,0.9621,1.2376,1.2864
cql-weight1-seed1,cql,48000,0,48000,7bc6016988f8c8b8,-1573.098144531,237311,68413,32.2454,13.6263,18.6191,38.8266,0.47955,0.8526,1.2393,1.4536
cql-weight1-seed1,cql,48000,2,48000,7bc6016988f8c8b8,-1573.098144531,168808,33814,21.3792,9.4347,11.9446,38.8266,0.30764,0.896,1.0606,1.1837
cql-weight1-seed1,cql,48000,4,48000,7bc6016988f8c8b8,-1573.098144531,35214,133999,14.5899,4.8592,9.7308,38.8266,0.25062,0.8892,1.0035,1.1285
cql-weight1-seed1,cql,48000,5,48000,7bc6016988f8c8b8,-1573.098144531,40938,30344,17.2097,1.7962,15.4135,38.8266,0.39698,0.933,1.1259,1.2067
cql-weight1-seed1,cql,48000,6,48000,7bc6016988f8c8b8,-1573.098144531,51996,11915,20.4554,5.2005,15.2549,38.8266,0.3929,0.9553,1.1769,1.2319
cql-weight1-seed1,cql,48000,7,48000,7bc6016988f8c8b8,-1573.098144531,64933,19513,19.5446,8.6872,10.8574,38.8266,0.27964,0.9206,1.1298,1.2272
cql-weight1-seed1,cql,48000,11,48000,7bc6016988f8c8b8,-1573.098144531,76763,39227,14.0975,6.4234,7.6741,38.8266,0.19765,0.9682,1.0722,1.1074
cql-weight1-seed1,cql,48000,12,48000,7bc6016988f8c8b8,-1573.098144531,33583,82841,13.0546,7.0767,5.9779,38.8266,0.15396,0.9482,1.0476,1.1048
cql-weight1-seed1,cql,48000,13,48000,7bc6016988f8c8b8,-1573.098144531,29838,52509,14.7072,2.8063,11.9009,38.8266,0.30652,0.9104,1.073,1.1785
cql-weight1-seed1,cql,48000,14,48000,7bc6016988f8c8b8,-1573.098144531,36307,14110,20.5183,3.268,17.2503,38.8266,0.44429,0.96,1.2404,1.292
cql-weight1-seed1,cql,49000,0,49000,06eee4886590149b,-1599.137084961,237311,68413,32.2872,13.7543,18.5329,38.8013,0.47763,0.8506,1.2319,1.4483
cql-weight1-seed1,cql,49000,2,49000,06eee4886590149b,-1599.137084961,168808,33814,21.4714,9.3149,12.1565,38.8013,0.3133,0.898,1.0631,1.1839
cql-weight1-seed1,cql,49000,4,49000,06eee4886590149b,-1599.137084961,35214,133999,14.2131,4.6071,9.606,38.8013,0.24757,0.8887,1.0048,1.1305
cql-weight1-seed1,cql,49000,5,49000,06eee4886590149b,-1599.137084961,40938,30344,16.8832,1.6415,15.2418,38.8013,0.39282,0.9334,1.1226,1.2027
cql-weight1-seed1,cql,49000,6,49000,06eee4886590149b,-1599.137084961,51996,11915,20.4721,5.7286,14.7435,38.8013,0.37998,0.9554,1.1683,1.2228
cql-weight1-seed1,cql,49000,7,49000,06eee4886590149b,-1599.137084961,64933,19513,19.6324,9.1202,10.5122,38.8013,0.27092,0.9213,1.126,1.2222
cql-weight1-seed1,cql,49000,11,49000,06eee4886590149b,-1599.137084961,76763,39227,14.2102,6.1331,8.0771,38.8013,0.20817,0.9672,1.0699,1.1061
cql-weight1-seed1,cql,49000,12,49000,06eee4886590149b,-1599.137084961,33583,82841,12.6612,6.7263,5.9349,38.8013,0.15296,0.9477,1.0449,1.1025
cql-weight1-seed1,cql,49000,13,49000,06eee4886590149b,-1599.137084961,29838,52509,14.3643,2.8599,11.5044,38.8013,0.29649,0.9075,1.0683,1.1772
cql-weight1-seed1,cql,49000,14,49000,06eee4886590149b,-1599.137084961,36307,14110,20.3252,3.2311,17.0941,38.8013,0.44055,0.9599,1.2417,1.2935
cql-weight1-seed1,cql,50000,0,50000,b635c297591d615b,-1638.418457031,237311,68413,31.9859,13.4723,18.5136,38.5335,0.48045,0.8515,1.2361,1.4516
cql-weight1-seed1,cql,50000,2,50000,b635c297591d615b,-1638.418457031,168808,33814,20.9294,9.3029,11.6265,38.5335,0.30172,0.8973,1.0667,1.1887
cql-weight1-seed1,cql,50000,4,50000,b635c297591d615b,-1638.418457031,35214,133999,14.3216,4.5631,9.7585,38.5335,0.25325,0.8959,1.005,1.1218
cql-weight1-seed1,cql,50000,5,50000,b635c297591d615b,-1638.418457031,40938,30344,16.8106,1.4377,15.3729,38.5335,0.39895,0.9396,1.1243,1.1965
cql-weight1-seed1,cql,50000,6,50000,b635c297591d615b,-1638.418457031,51996,11915,20.2256,5.157,15.0686,38.5335,0.39105,0.9566,1.1695,1.2226
cql-weight1-seed1,cql,50000,7,50000,b635c297591d615b,-1638.418457031,64933,19513,19.4065,9.0034,10.403,38.5335,0.26997,0.9186,1.1253,1.225
cql-weight1-seed1,cql,50000,11,50000,b635c297591d615b,-1638.418457031,76763,39227,14.1672,6.3061,7.8611,38.5335,0.20401,0.9701,1.074,1.107
cql-weight1-seed1,cql,50000,12,50000,b635c297591d615b,-1638.418457031,33583,82841,13.1892,7.0422,6.147,38.5335,0.15952,0.9505,1.046,1.1004
cql-weight1-seed1,cql,50000,13,50000,b635c297591d615b,-1638.418457031,29838,52509,14.9056,2.7021,12.2034,38.5335,0.3167,0.9165,1.0712,1.1687
cql-weight1-seed1,cql,50000,14,50000,b635c297591d615b,-1638.418457031,36307,14110,20.0092,2.4509,17.5583,38.5335,0.45566,0.9625,1.2442,1.2926
cql-weight1-seed1,cql,51000,0,51000,3da58120c98eda2d,-1672.761230469,237311,68413,31.927,13.6162,18.3107,38.3274,0.47775,0.8506,1.2343,1.451
cql-weight1-seed1,cql,51000,2,51000,3da58120c98eda2d,-1672.761230469,168808,33814,20.7632,8.9088,11.8543,38.3274,0.30929,0.8969,1.0619,1.1839
cql-weight1-seed1,cql,51000,4,51000,3da58120c98eda2d,-1672.761230469,35214,133999,14.1019,4.7497,9.3522,38.3274,0.24401,0.8939,1.0072,1.1267
cql-weight1-seed1,cql,51000,5,51000,3da58120c98eda2d,-1672.761230469,40938,30344,16.6692,1.5923,15.0769,38.3274,0.39337,0.936,1.1259,1.2029
cql-weight1-seed1,cql,51000,6,51000,3da58120c98eda2d,-1672.761230469,51996,11915,20.5014,5.6472,14.8542,38.3274,0.38756,0.9529,1.1734,1.2313
cql-weight1-seed1,cql,51000,7,51000,3da58120c98eda2d,-1672.761230469,64933,19513,19.4122,9.0479,10.3643,38.3274,0.27041,0.92,1.1279,1.226
cql-weight1-seed1,cql,51000,11,51000,3da58120c98eda2d,-1672.761230469,76763,39227,13.6954,5.973,7.7224,38.3274,0.20148,0.9686,1.0692,1.1038
cql-weight1-seed1,cql,51000,12,51000,3da58120c98eda2d,-1672.761230469,33583,82841,12.6124,6.6093,6.0031,38.3274,0.15663,0.9522,1.0491,1.1017
cql-weight1-seed1,cql,51000,13,51000,3da58120c98eda2d,-1672.761230469,29838,52509,14.337,2.7808,11.5563,38.3274,0.30152,0.9112,1.0737,1.1784
cql-weight1-seed1,cql,51000,14,51000,3da58120c98eda2d,-1672.761230469,36307,14110,19.5033,2.743,16.7602,38.3274,0.43729,0.9589,1.2386,1.2916
cql-weight1-seed1,cql,52000,0,52000,347031ea9f3aa239,-1720.701049805,237311,68413,32.0734,13.1449,18.9285,38.5585,0.4909,0.8521,1.2367,1.4515
cql-weight1-seed1,cql,52000,2,52000,347031ea9f3aa239,-1720.701049805,168808,33814,20.62,8.8593,11.7607,38.5585,0.30501,0.8978,1.0635,1.1845
cql-weight1-seed1,cql,52000,4,52000,347031ea9f3aa239,-1720.701049805,35214,133999,13.1272,4.316,8.8112,38.5585,0.22852,0.8937,1.0048,1.1242
cql-weight1-seed1,cql,52000,5,52000,347031ea9f3aa239,-1720.701049805,40938,30344,16.2831,1.4945,14.7886,38.5585,0.38354,0.9369,1.1276,1.2035
cql-weight1-seed1,cql,52000,6,52000,347031ea9f3aa239,-1720.701049805,51996,11915,20.3099,5.3839,14.926,38.5585,0.3871,0.9553,1.1746,1.2295
cql-weight1-seed1,cql,52000,7,52000,347031ea9f3aa239,-1720.701049805,64933,19513,19.4643,8.8923,10.572,38.5585,0.27418,0.9176,1.1205,1.221
cql-weight1-seed1,cql,52000,11,52000,347031ea9f3aa239,-1720.701049805,76763,39227,14.0368,5.9825,8.0543,38.5585,0.20889,0.9679,1.0714,1.1069
cql-weight1-seed1,cql,52000,12,52000,347031ea9f3aa239,-1720.701049805,33583,82841,12.3732,6.5102,5.863,38.5585,0.15205,0.9482,1.0448,1.1019
cql-weight1-seed1,cql,52000,13,52000,347031ea9f3aa239,-1720.701049805,29838,52509,13.7396,2.4997,11.2398,38.5585,0.2915,0.9136,1.0767,1.1784
cql-weight1-seed1,cql,52000,14,52000,347031ea9f3aa239,-1720.701049805,36307,14110,19.5016,2.7498,16.7519,38.5585,0.43445,0.9577,1.2447,1.2997
cql-weight1-seed1,cql,53000,0,53000,6da37fb19132d899,-1755.539672852,237311,68413,31.782,13.2394,18.5426,38.4453,0.48231,0.8493,1.2279,1.4457
cql-weight1-seed1,cql,53000,2,53000,6da37fb19132d899,-1755.539672852,168808,33814,20.7994,8.86,11.9394,38.4453,0.31056,0.8979,1.0633,1.1841
cql-weight1-seed1,cql,53000,4,53000,6da37fb19132d899,-1755.539672852,35214,133999,13.4531,4.2316,9.2215,38.4453,0.23986,0.8892,1.0013,1.126
cql-weight1-seed1,cql,53000,5,53000,6da37fb19132d899,-1755.539672852,40938,30344,16.4998,1.5138,14.986,38.4453,0.3898,0.9314,1.1242,1.207
cql-weight1-seed1,cql,53000,6,53000,6da37fb19132d899,-1755.539672852,51996,11915,20.2347,5.0379,15.1968,38.4453,0.39528,0.9558,1.1744,1.2288
cql-weight1-seed1,cql,53000,7,53000,6da37fb19132d899,-1755.539672852,64933,19513,19.3786,8.3759,11.0027,38.4453,0.28619,0.919,1.1184,1.217
cql-weight1-seed1,cql,53000,11,53000,6da37fb19132d899,-1755.539672852,76763,39227,13.9595,5.9525,8.007,38.4453,0.20827,0.9688,1.0711,1.1056
cql-weight1-seed1,cql,53000,12,53000,6da37fb19132d899,-1755.539672852,33583,82841,12.3319,6.5565,5.7754,38.4453,0.15022,0.9484,1.0417,1.0984
cql-weight1-seed1,cql,53000,13,53000,6da37fb19132d899,-1755.539672852,29838,52509,13.7892,2.516,11.2733,38.4453,0.29323,0.9125,1.0708,1.1735
cql-weight1-seed1,cql,53000,14,53000,6da37fb19132d899,-1755.539672852,36307,14110,19.5273,2.6612,16.866,38.4453,0.4387,0.9569,1.2424,1.2983
cql-weight1-seed1,cql,54000,0,54000,b9cebc56316f3260,-1801.200195312,237311,68413,31.5438,12.9809,18.5629,38.4238,0.48311,0.8512,1.2241,1.4381
cql-weight1-seed1,cql,54000,2,54000,b9cebc56316f3260,-1801.200195312,168808,33814,20.6274,8.6423,11.9852,38.4238,0.31192,0.8956,1.0541,1.1771
cql-weight1-seed1,cql,54000,4,54000,b9cebc56316f3260,-1801.200195312,35214,133999,13.8642,4.4842,9.38,38.4238,0.24412,0.9006,1.0059,1.1168
cql-weight1-seed1,cql,54000,5,54000,b9cebc56316f3260,-1801.200195312,40938,30344,17.135,1.6381,15.4968,38.4238,0.40331,0.9408,1.1278,1.1987
cql-weight1-seed1,cql,54000,6,54000,b9cebc56316f3260,-1801.200195312,51996,11915,20.2475,5.298,14.9495,38.4238,0.38907,0.9582,1.1745,1.2257
cql-weight1-seed1,cql,54000,7,54000,b9cebc56316f3260,-1801.200195312,64933,19513,19.2586,8.76,10.4986,38.4238,0.27323,0.9211,1.1258,1.2222
cql-weight1-seed1,cql,54000,11,54000,b9cebc56316f3260,-1801.200195312,76763,39227,13.5529,5.7874,7.7655,38.4238,0.2021,0.9693,1.0678,1.1016
cql-weight1-seed1,cql,54000,12,54000,b9cebc56316f3260,-1801.200195312,33583,82841,12.2059,6.4906,5.7153,38.4238,0.14874,0.9501,1.0444,1.0992
cql-weight1-seed1,cql,54000,13,54000,b9cebc56316f3260,-1801.200195312,29838,52509,14.1542,2.3976,11.7565,38.4238,0.30597,0.9231,1.0731,1.1625
cql-weight1-seed1,cql,54000,14,54000,b9cebc56316f3260,-1801.200195312,36307,14110,19.8566,2.5717,17.285,38.4238,0.44985,0.9652,1.2388,1.2835
cql-weight1-seed1,cql,55000,0,55000,aacf192647ad574a,-1838.441894531,237311,68413,31.8812,13.1448,18.7363,38.5892,0.48553,0.852,1.2354,1.4501
cql-weight1-seed1,cql,55000,2,55000,aacf192647ad574a,-1838.441894531,168808,33814,20.4928,9.0329,11.4599,38.5892,0.29697,0.8971,1.0613,1.1831
cql-weight1-seed1,cql,55000,4,55000,aacf192647ad574a,-1838.441894531,35214,133999,13.2557,4.3206,8.9351,38.5892,0.23154,0.8865,1.0023,1.1307
cql-weight1-seed1,cql,55000,5,55000,aacf192647ad574a,-1838.441894531,40938,30344,16.5572,1.6607,14.8965,38.5892,0.38603,0.9351,1.123,1.201
cql-weight1-seed1,cql,55000,6,55000,aacf192647ad574a,-1838.441894531,51996,11915,19.9743,5.2879,14.6864,38.5892,0.38058,0.9541,1.1683,1.2246
cql-weight1-seed1,cql,55000,7,55000,aacf192647ad574a,-1838.441894531,64933,19513,19.7764,9.2833,10.4931,38.5892,0.27192,0.9179,1.1313,1.2325
cql-weight1-seed1,cql,55000,11,55000,aacf192647ad574a,-1838.441894531,76763,39227,13.8034,6.1626,7.6407,38.5892,0.198,0.9681,1.0687,1.1039
cql-weight1-seed1,cql,55000,12,55000,aacf192647ad574a,-1838.441894531,33583,82841,11.9563,6.3902,5.5662,38.5892,0.14424,0.9471,1.0445,1.1029
cql-weight1-seed1,cql,55000,13,55000,aacf192647ad574a,-1838.441894531,29838,52509,14.3954,2.635,11.7604,38.5892,0.30476,0.9114,1.0711,1.1752
cql-weight1-seed1,cql,55000,14,55000,aacf192647ad574a,-1838.441894531,36307,14110,19.8258,2.7327,17.0931,38.5892,0.44295,0.9593,1.2376,1.2901
cql-weight1-seed1,cql,56000,0,56000,0419fcae2cb95d26,-1885.282958984,237311,68413,31.3007,12.5139,18.7868,37.9108,0.49555,0.8496,1.2272,1.4443
cql-weight1-seed1,cql,56000,2,56000,0419fcae2cb95d26,-1885.282958984,168808,33814,20.5821,8.9781,11.604,37.9108,0.30609,0.8958,1.0583,1.1814
cql-weight1-seed1,cql,56000,4,56000,0419fcae2cb95d26,-1885.282958984,35214,133999,14.203,4.6453,9.5577,37.9108,0.25211,0.8898,1.0069,1.1317
cql-weight1-seed1,cql,56000,5,56000,0419fcae2cb95d26,-1885.282958984,40938,30344,16.8163,1.5985,15.2178,37.9108,0.40141,0.9325,1.1251,1.2066
cql-weight1-seed1,cql,56000,6,56000,0419fcae2cb95d26,-1885.282958984,51996,11915,20.3245,5.1102,15.2143,37.9108,0.40132,0.954,1.1723,1.2289
cql-weight1-seed1,cql,56000,7,56000,0419fcae2cb95d26,-1885.282958984,64933,19513,19.2744,8.6619,10.6125,37.9108,0.27993,0.9184,1.1296,1.2299
cql-weight1-seed1,cql,56000,11,56000,0419fcae2cb95d26,-1885.282958984,76763,39227,13.4428,5.8137,7.6291,37.9108,0.20124,0.9697,1.0716,1.1051
cql-weight1-seed1,cql,56000,12,56000,0419fcae2cb95d26,-1885.282958984,33583,82841,12.2733,6.4648,5.8085,37.9108,0.15322,0.9488,1.0433,1.0996
cql-weight1-seed1,cql,56000,13,56000,0419fcae2cb95d26,-1885.282958984,29838,52509,14.1171,2.6188,11.4983,37.9108,0.3033,0.9082,1.0707,1.1789
cql-weight1-seed1,cql,56000,14,56000,0419fcae2cb95d26,-1885.282958984,36307,14110,19.2208,2.2863,16.9345,37.9108,0.44669,0.9546,1.2386,1.2975
cql-weight1-seed1,cql,57000,0,57000,868e6ab7939eb16c,-1925.818603516,237311,68413,31.7274,13.2745,18.4529,38.494,0.47937,0.8504,1.2316,1.4483
cql-weight1-seed1,cql,57000,2,57000,868e6ab7939eb16c,-1925.818603516,168808,33814,20.4346,8.6908,11.7437,38.494,0.30508,0.896,1.0575,1.1802
cql-weight1-seed1,cql,57000,4,57000,868e6ab7939eb16c,-1925.818603516,35214,133999,13.5414,4.3692,9.1722,38.494,0.23828,0.8945,1.0031,1.1214
cql-weight1-seed1,cql,57000,5,57000,868e6ab7939eb16c,-1925.818603516,40938,30344,16.5715,1.6845,14.887,38.494,0.38674,0.9374,1.1245,1.1996
cql-weight1-seed1,cql,57000,6,57000,868e6ab7939eb16c,-1925.818603516,51996,11915,19.9945,5.4989,14.4956,38.494,0.37657,0.9545,1.1692,1.2249
cql-weight1-seed1,cql,57000,7,57000,868e6ab7939eb16c,-1925.818603516,64933,19513,19.1595,8.445,10.7145,38.494,0.27834,0.9208,1.1255,1.2223
cql-weight1-seed1,cql,57000,11,57000,868e6ab7939eb16c,-1925.818603516,76763,39227,13.2843,5.6187,7.6656,38.494,0.19914,0.9679,1.0694,1.1048
cql-weight1-seed1,cql,57000,12,57000,868e6ab7939eb16c,-1925.818603516,33583,82841,11.4586,6.0683,5.3903,38.494,0.14003,0.9467,1.0426,1.1012
cql-weight1-seed1,cql,57000,13,57000,868e6ab7939eb16c,-1925.818603516,29838,52509,13.2658,2.4339,10.8319,38.494,0.28139,0.9106,1.0704,1.1755
cql-weight1-seed1,cql,57000,14,57000,868e6ab7939eb16c,-1925.818603516,36307,14110,19.3081,2.4645,16.8436,38.494,0.43756,0.9587,1.24,1.2934
cql-weight1-seed1,cql,58000,0,58000,7403c47a4e357b08,-1968.79675293,237311,68413,31.1416,12.9451,18.1966,37.8911,0.48023,0.8495,1.2248,1.4418
cql-weight1-seed1,cql,58000,2,58000,7403c47a4e357b08,-1968.79675293,168808,33814,19.8604,8.4421,11.4184,37.8911,0.30135,0.8949,1.0538,1.1776
cql-weight1-seed1,cql,58000,4,58000,7403c47a4e357b08,-1968.79675293,35214,133999,12.9353,4.2697,8.6656,37.8911,0.2287,0.8878,1.0,1.1264
cql-weight1-seed1,cql,58000,5,58000,7403c47a4e357b08,-1968.79675293,40938,30344,16.0836,1.3792,14.7044,37.8911,0.38807,0.9336,1.1203,1.1999
cql-weight1-seed1,cql,58000,6,58000,7403c47a4e357b08,-1968.79675293,51996,11915,19.6562,4.7163,14.9399,37.8911,0.39428,0.9529,1.1639,1.2215
cql-weight1-seed1,cql,58000,7,58000,7403c47a4e357b08,-1968.79675293,64933,19513,18.943,8.186,10.757,37.8911,0.28389,0.921,1.1227,1.219
cql-weight1-seed1,cql,58000,11,58000,7403c47a4e357b08,-1968.79675293,76763,39227,13.3023,5.7451,7.5571,37.8911,0.19944,0.9662,1.0681,1.1055
cql-weight1-seed1,cql,58000,12,58000,7403c47a4e357b08,-1968.79675293,33583,82841,11.7241,6.3527,5.3714,37.8911,0.14176,0.9454,1.0414,1.1015
cql-weight1-seed1,cql,58000,13,58000,7403c47a4e357b08,-1968.79675293,29838,52509,12.993,2.3613,10.6317,37.8911,0.28059,0.9133,1.0725,1.1742
cql-weight1-seed1,cql,58000,14,58000,7403c47a4e357b08,-1968.79675293,36307,14110,19.0759,2.3028,16.7731,37.8911,0.44267,0.9583,1.2337,1.2873
cql-weight1-seed1,cql,59000,0,59000,a6fa88cbe8a61ef5,-2004.666381836,237311,68413,31.4026,12.6037,18.7989,38.1223,0.49312,0.85,1.2219,1.4375
cql-weight1-seed1,cql,59000,2,59000,a6fa88cbe8a61ef5,-2004.666381836,168808,33814,20.4686,8.8791,11.5895,38.1223,0.30401,0.8977,1.0599,1.1807
cql-weight1-seed1,cql,59000,4,59000,a6fa88cbe8a61ef5,-2004.666381836,35214,133999,13.7412,4.5569,9.1843,38.1223,0.24092,0.89,1.0015,1.1252
cql-weight1-seed1,cql,59000,5,59000,a6fa88cbe8a61ef5,-2004.666381836,40938,30344,16.3009,1.5348,14.7661,38.1223,0.38733,0.9324,1.1212,1.2025
cql-weight1-seed1,cql,59000,6,59000,a6fa88cbe8a61ef5,-2004.666381836,51996,11915,19.8799,5.3977,14.4822,38.1223,0.37989,0.953,1.1695,1.2272
cql-weight1-seed1,cql,59000,7,59000,a6fa88cbe8a61ef5,-2004.666381836,64933,19513,19.128,8.8376,10.2904,38.1223,0.26993,0.9168,1.1261,1.2284
cql-weight1-seed1,cql,59000,11,59000,a6fa88cbe8a61ef5,-2004.666381836,76763,39227,13.2205,5.7219,7.4985,38.1223,0.1967,0.9669,1.0685,1.1051
cql-weight1-seed1,cql,59000,12,59000,a6fa88cbe8a61ef5,-2004.666381836,33583,82841,11.5523,6.3243,5.228,38.1223,0.13714,0.9454,1.0405,1.1006
cql-weight1-seed1,cql,59000,13,59000,a6fa88cbe8a61ef5,-2004.666381836,29838,52509,13.3679,2.5243,10.8436,38.1223,0.28444,0.9106,1.0715,1.1767
cql-weight1-seed1,cql,59000,14,59000,a6fa88cbe8a61ef5,-2004.666381836,36307,14110,19.4128,2.3363,17.0765,38.1223,0.44794,0.9551,1.2298,1.2876
cql-weight1-seed1,cql,60000,0,60000,e58bcc2510047e50,-2050.073730469,237311,68413,31.4926,12.8757,18.6168,38.1805,0.4876,0.8497,1.229,1.4465
cql-weight1-seed1,cql,60000,2,60000,e58bcc2510047e50,-2050.073730469,168808,33814,20.4298,8.6451,11.7847,38.1805,0.30866,0.8953,1.0543,1.1776
cql-weight1-seed1,cql,60000,4,60000,e58bcc2510047e50,-2050.073730469,35214,133999,13.3747,4.3247,9.05,38.1805,0.23703,0.8882,0.9958,1.1211
cql-weight1-seed1,cql,60000,5,60000,e58bcc2510047e50,-2050.073730469,40938,30344,16.0836,1.5102,14.5735,38.1805,0.3817,0.9337,1.1203,1.1998
cql-weight1-seed1,cql,60000,6,60000,e58bcc2510047e50,-2050.073730469,51996,11915,19.3959,4.6351,14.7608,38.1805,0.38661,0.9522,1.166,1.2245
cql-weight1-seed1,cql,60000,7,60000,e58bcc2510047e50,-2050.073730469,64933,19513,18.5981,8.3944,10.2036,38.1805,0.26725,0.9176,1.1237,1.2246
cql-weight1-seed1,cql,60000,11,60000,e58bcc2510047e50,-2050.073730469,76763,39227,12.665,5.4656,7.1994,38.1805,0.18856,0.9665,1.0646,1.1015
cql-weight1-seed1,cql,60000,12,60000,e58bcc2510047e50,-2050.073730469,33583,82841,11.5016,6.1401,5.3615,38.1805,0.14043,0.9462,1.0378,1.0968
cql-weight1-seed1,cql,60000,13,60000,e58bcc2510047e50,-2050.073730469,29838,52509,13.3116,2.3269,10.9847,38.1805,0.28771,0.9121,1.0692,1.1723
cql-weight1-seed1,cql,60000,14,60000,e58bcc2510047e50,-2050.073730469,36307,14110,19.2798,2.1663,17.1135,38.1805,0.44823,0.9578,1.2347,1.2891
cql-weight1-seed1,cql,61000,0,61000,eb2d7bce176c822f,-2087.932128906,237311,68413,31.1579,12.4261,18.7318,37.772,0.49592,0.8509,1.2261,1.441
cql-weight1-seed1,cql,61000,2,61000,eb2d7bce176c822f,-2087.932128906,168808,33814,20.1937,8.7653,11.4284,37.772,0.30256,0.897,1.0549,1.1761
cql-weight1-seed1,cql,61000,4,61000,eb2d7bce176c822f,-2087.932128906,35214,133999,12.7547,4.2282,8.5264,37.772,0.22573,0.8931,1.0027,1.1227
cql-weight1-seed1,cql,61000,5,61000,eb2d7bce176c822f,-2087.932128906,40938,30344,15.8284,1.3892,14.4392,37.772,0.38227,0.9365,1.1256,1.202
cql-weight1-seed1,cql,61000,6,61000,eb2d7bce176c822f,-2087.932128906,51996,11915,19.1142,4.3765,14.7377,37.772,0.39018,0.9544,1.1734,1.2295
cql-weight1-seed1,cql,61000,7,61000,eb2d7bce176c822f,-2087.932128906,64933,19513,18.9098,8.1024,10.8075,37.772,0.28612,0.9217,1.1275,1.2233
cql-weight1-seed1,cql,61000,11,61000,eb2d7bce176c822f,-2087.932128906,76763,39227,12.9647,5.5912,7.3735,37.772,0.19521,0.9672,1.0697,1.1061
cql-weight1-seed1,cql,61000,12,61000,eb2d7bce176c822f,-2087.932128906,33583,82841,10.882,5.6697,5.2123,37.772,0.13799,0.9453,1.0394,1.0996
cql-weight1-seed1,cql,61000,13,61000,eb2d7bce176c822f,-2087.932128906,29838,52509,13.2124,2.2227,10.9897,37.772,0.29095,0.9092,1.0702,1.1771
cql-weight1-seed1,cql,61000,14,61000,eb2d7bce176c822f,-2087.932128906,36307,14110,19.4947,2.2114,17.2833,37.772,0.45757,0.9582,1.2398,1.2939
cql-weight1-seed1,cql,62000,0,62000,79634b1a786a3cf8,-2137.979003906,237311,68413,31.0711,12.7622,18.3089,37.8212,0.48409,0.8495,1.2255,1.4426
cql-weight1-seed1,cql,62000,2,62000,79634b1a786a3cf8,-2137.979003906,168808,33814,20.3202,8.6801,11.6402,37.8212,0.30777,0.8954,1.0549,1.1782
cql-weight1-seed1,cql,62000,4,62000,79634b1a786a3cf8,-2137.979003906,35214,133999,13.4949,4.3103,9.1846,37.8212,0.24284,0.8864,1.0,1.1281
cql-weight1-seed1,cql,62000,5,62000,79634b1a786a3cf8,-2137.979003906,40938,30344,16.572,1.5691,15.0029,37.8212,0.39668,0.9346,1.1234,1.2021
cql-weight1-seed1,cql,62000,6,62000,79634b1a786a3cf8,-2137.979003906,51996,11915,19.6054,5.0729,14.5325,37.8212,0.38424,0.9568,1.1737,1.2266
cql-weight1-seed1,cql,62000,7,62000,79634b1a786a3cf8,-2137.979003906,64933,19513,18.9308,8.4519,10.4789,37.8212,0.27706,0.9198,1.1249,1.2229
cql-weight1-seed1,cql,62000,11,62000,79634b1a786a3cf8,-2137.979003906,76763,39227,13.0769,5.4764,7.6005,37.8212,0.20096,0.966,1.0641,1.1016
cql-weight1-seed1,cql,62000,12,62000,79634b1a786a3cf8,-2137.979003906,33583,82841,11.26,5.9145,5.3454,37.8212,0.14133,0.9471,1.0398,1.0979
cql-weight1-seed1,cql,62000,13,62000,79634b1a786a3cf8,-2137.979003906,29838,52509,13.6404,2.4707,11.1697,37.8212,0.29533,0.9092,1.0679,1.1746
cql-weight1-seed1,cql,62000,14,62000,79634b1a786a3cf8,-2137.979003906,36307,14110,19.4851,2.3607,17.1244,37.8212,0.45277,0.9566,1.2436,1.3
cql-weight1-seed1,cql,63000,0,63000,c11593c2a722626c,-2184.535888672,237311,68413,30.9136,12.211,18.7026,37.6444,0.49682,0.8503,1.2245,1.44
cql-weight1-seed1,cql,63000,2,63000,c11593c2a722626c,-2184.535888672,168808,33814,20.0381,8.3558,11.6823,37.6444,0.31033,0.894,1.0534,1.1783
cql-weight1-seed1,cql,63000,4,63000,c11593c2a722626c,-2184.535888672,35214,133999,13.2932,4.2572,9.036,37.6444,0.24004,0.8903,1.0047,1.1286
cql-weight1-seed1,cql,63000,5,63000,c11593c2a722626c,-2184.535888672,40938,30344,15.7023,1.2754,14.427,37.6444,0.38324,0.9317,1.1257,1.2082
cql-weight1-seed1,cql,63000,6,63000,c11593c2a722626c,-2184.535888672,51996,11915,19.7953,4.8026,14.9927,37.6444,0.39827,0.9541,1.173,1.2295
cql-weight1-seed1,cql,63000,7,63000,c11593c2a722626c,-2184.535888672,64933,19513,19.0115,8.0522,10.9594,37.6444,0.29113,0.9198,1.1204,1.2181
cql-weight1-seed1,cql,63000,11,63000,c11593c2a722626c,-2184.535888672,76763,39227,13.3025,5.7831,7.5194,37.6444,0.19975,0.9657,1.0655,1.1033
cql-weight1-seed1,cql,63000,12,63000,c11593c2a722626c,-2184.535888672,33583,82841,11.5591,6.0101,5.549,37.6444,0.14741,0.947,1.043,1.1014
cql-weight1-seed1,cql,63000,13,63000,c11593c2a722626c,-2184.535888672,29838,52509,12.7449,2.2202,10.5247,37.6444,0.27958,0.9056,1.0707,1.1823
cql-weight1-seed1,cql,63000,14,63000,c11593c2a722626c,-2184.535888672,36307,14110,19.0101,2.0044,17.0056,37.6444,0.45174,0.9535,1.2334,1.2936
cql-weight1-seed1,cql,64000,0,64000,30815873c32a61e1,-2236.770996094,237311,68413,30.998,12.3295,18.6685,37.8859,0.49276,0.8486,1.2206,1.4385
cql-weight1-seed1,cql,64000,2,64000,30815873c32a61e1,-2236.770996094,168808,33814,20.1565,8.5484,11.6081,37.8859,0.3064,0.8946,1.0527,1.1767
cql-weight1-seed1,cql,64000,4,64000,30815873c32a61e1,-2236.770996094,35214,133999,13.2878,4.3775,8.9103,37.8859,0.23519,0.8981,0.9989,1.1123
cql-weight1-seed1,cql,64000,5,64000,30815873c32a61e1,-2236.770996094,40938,30344,15.8131,1.4062,14.4069,37.8859,0.38027,0.9401,1.1224,1.1939
cql-weight1-seed1,cql,64000,6,64000,30815873c32a61e1,-2236.770996094,51996,11915,19.2218,4.5159,14.7059,37.8859,0.38816,0.9593,1.1692,1.2188
cql-weight1-seed1,cql,64000,7,64000,30815873c32a61e1,-2236.770996094,64933,19513,18.4869,8.0814,10.4054,37.8859,0.27465,0.9209,1.1236,1.2201
cql-weight1-seed1,cql,64000,11,64000,30815873c32a61e1,-2236.770996094,76763,39227,12.7801,5.4519,7.3282,37.8859,0.19343,0.9697,1.0678,1.1011
cql-weight1-seed1,cql,64000,12,64000,30815873c32a61e1,-2236.770996094,33583,82841,11.1625,6.0915,5.0711,37.8859,0.13385,0.9496,1.0362,1.0912
cql-weight1-seed1,cql,64000,13,64000,30815873c32a61e1,-2236.770996094,29838,52509,13.5193,2.503,11.0163,37.8859,0.29078,0.9106,1.0674,1.1722
cql-weight1-seed1,cql,64000,14,64000,30815873c32a61e1,-2236.770996094,36307,14110,19.6953,2.3593,17.3361,37.8859,0.45759,0.9583,1.2326,1.2863
cql-weight1-seed1,cql,65000,0,65000,89b2be99af8fde41,-2280.010009766,237311,68413,31.025,12.5381,18.4869,37.3554,0.49489,0.8506,1.2252,1.4404
cql-weight1-seed1,cql,65000,2,65000,89b2be99af8fde41,-2280.010009766,168808,33814,19.8556,8.3564,11.4992,37.3554,0.30783,0.8949,1.0511,1.1745
cql-weight1-seed1,cql,65000,4,65000,89b2be99af8fde41,-2280.010009766,35214,133999,13.2239,4.3022,8.9218,37.3554,0.23883,0.8912,0.9988,1.1208
cql-weight1-seed1,cql,65000,5,65000,89b2be99af8fde41,-2280.010009766,40938,30344,15.876,1.3957,14.4803,37.3554,0.38764,0.9329,1.1169,1.1973
cql-weight1-seed1,cql,65000,6,65000,89b2be99af8fde41,-2280.010009766,51996,11915,19.3408,4.5622,14.7786,37.3554,0.39562,0.9521,1.1666,1.2252
cql-weight1-seed1,cql,65000,7,65000,89b2be99af8fde41,-2280.010009766,64933,19513,18.449,7.8092,10.6399,37.3554,0.28483,0.9169,1.1181,1.2195
cql-weight1-seed1,cql,65000,11,65000,89b2be99af8fde41,-2280.010009766,76763,39227,12.5184,5.3494,7.169,37.3554,0.19191,0.9628,1.0644,1.1055
cql-weight1-seed1,cql,65000,12,65000,89b2be99af8fde41,-2280.010009766,33583,82841,10.9284,5.6766,5.2518,37.3554,0.14059,0.9443,1.0345,1.0956
cql-weight1-seed1,cql,65000,13,65000,89b2be99af8fde41,-2280.010009766,29838,52509,13.5709,2.4524,11.1185,37.3554,0.29764,0.9066,1.0635,1.173
cql-weight1-seed1,cql,65000,14,65000,89b2be99af8fde41,-2280.010009766,36307,14110,19.2272,2.1997,17.0275,37.3554,0.45583,0.9519,1.2263,1.2882
cql-weight1-seed1,cql,66000,0,66000,61715cb558edade9,-2334.872558594,237311,68413,31.0354,12.1979,18.8374,37.9972,0.49576,0.8501,1.2261,1.4423
cql-weight1-seed1,cql,66000,2,66000,61715cb558edade9,-2334.872558594,168808,33814,20.0436,8.1652,11.8783,37.9972,0.31261,0.8952,1.0525,1.1756
cql-weight1-seed1,cql,66000,4,66000,61715cb558edade9,-2334.872558594,35214,133999,12.8922,4.0595,8.8327,37.9972,0.23246,0.894,1.0001,1.1187
cql-weight1-seed1,cql,66000,5,66000,61715cb558edade9,-2334.872558594,40938,30344,15.859,1.3742,14.4848,37.9972,0.38121,0.9369,1.1238,1.1995
cql-weight1-seed1,cql,66000,6,66000,61715cb558edade9,-2334.872558594,51996,11915,19.2287,4.6167,14.612,37.9972,0.38455,0.952,1.1662,1.2251
cql-weight1-seed1,cql,66000,7,66000,61715cb558edade9,-2334.872558594,64933,19513,18.4657,8.1964,10.2693,37.9972,0.27027,0.9168,1.1254,1.2276
cql-weight1-seed1,cql,66000,11,66000,61715cb558edade9,-2334.872558594,76763,39227,12.7034,5.2884,7.415,37.9972,0.19514,0.9628,1.0622,1.1032
cql-weight1-seed1,cql,66000,12,66000,61715cb558edade9,-2334.872558594,33583,82841,10.4779,5.4458,5.0322,37.9972,0.13244,0.9465,1.0365,1.0952
cql-weight1-seed1,cql,66000,13,66000,61715cb558edade9,-2334.872558594,29838,52509,13.0134,2.1719,10.8415,37.9972,0.28532,0.91,1.0681,1.1738
cql-weight1-seed1,cql,66000,14,66000,61715cb558edade9,-2334.872558594,36307,14110,18.8187,1.6948,17.1239,37.9972,0.45066,0.9578,1.2346,1.289
cql-weight1-seed1,cql,67000,0,67000,c8b111953ea77d5f,-2375.676513672,237311,68413,30.7568,12.0547,18.7022,37.6238,0.49708,0.8486,1.2227,1.4408
cql-weight1-seed1,cql,67000,2,67000,c8b111953ea77d5f,-2375.676513672,168808,33814,19.8546,8.482,11.3726,37.6238,0.30227,0.8934,1.0499,1.1752
cql-weight1-seed1,cql,67000,4,67000,c8b111953ea77d5f,-2375.676513672,35214,133999,12.587,4.1296,8.4574,37.6238,0.22479,0.8903,0.9981,1.1211
cql-weight1-seed1,cql,67000,5,67000,c8b111953ea77d5f,-2375.676513672,40938,30344,14.9937,1.1217,13.872,37.6238,0.3687,0.9318,1.1193,1.2013
cql-weight1-seed1,cql,67000,6,67000,c8b111953ea77d5f,-2375.676513672,51996,11915,18.601,4.3279,14.273,37.6238,0.37936,0.9524,1.1615,1.2195
cql-weight1-seed1,cql,67000,7,67000,c8b111953ea77d5f,-2375.676513672,64933,19513,18.3398,7.8421,10.4977,37.6238,0.27902,0.9153,1.1156,1.2187
cql-weight1-seed1,cql,67000,11,67000,c8b111953ea77d5f,-2375.676513672,76763,39227,12.7518,5.6327,7.1191,37.6238,0.18922,0.964,1.0618,1.1015
cql-weight1-seed1,cql,67000,12,67000,c8b111953ea77d5f,-2375.676513672,33583,82841,10.5195,5.5125,5.007,37.6238,0.13308,0.9436,1.0367,1.0986
cql-weight1-seed1,cql,67000,13,67000,c8b111953ea77d5f,-2375.676513672,29838,52509,12.1335,2.1687,9.9647,37.6238,0.26485,0.9091,1.0686,1.1755
cql-weight1-seed1,cql,67000,14,67000,c8b111953ea77d5f,-2375.676513672,36307,14110,18.4844,1.7394,16.745,37.6238,0.44506,0.9555,1.2353,1.2929
cql-weight1-seed1,cql,68000,0,68000,faab9a2f7c296adc,-2423.783447266,237311,68413,30.873,11.9772,18.8958,37.4215,0.50495,0.8504,1.2229,1.4381
cql-weight1-seed1,cql,68000,2,68000,faab9a2f7c296adc,-2423.783447266,168808,33814,19.6925,8.2465,11.446,37.4215,0.30587,0.8954,1.0506,1.1734
cql-weight1-seed1,cql,68000,4,68000,faab9a2f7c296adc,-2423.783447266,35214,133999,12.7198,4.1495,8.5703,37.4215,0.22902,0.8879,0.9971,1.123
cql-weight1-seed1,cql,68000,5,68000,faab9a2f7c296adc,-2423.783447266,40938,30344,15.8315,1.3284,14.5031,37.4215,0.38756,0.9327,1.1212,1.2021
cql-weight1-seed1,cql,68000,6,68000,faab9a2f7c296adc,-2423.783447266,51996,11915,19.2914,4.6693,14.622,37.4215,0.39074,0.952,1.1669,1.2257
cql-weight1-seed1,cql,68000,7,68000,faab9a2f7c296adc,-2423.783447266,64933,19513,18.5781,7.7635,10.8146,37.4215,0.28899,0.9174,1.118,1.2187
cql-weight1-seed1,cql,68000,11,68000,faab9a2f7c296adc,-2423.783447266,76763,39227,12.3465,5.2881,7.0584,37.4215,0.18862,0.9658,1.0638,1.1015
cql-weight1-seed1,cql,68000,12,68000,faab9a2f7c296adc,-2423.783447266,33583,82841,10.9459,5.7076,5.2383,37.4215,0.13998,0.9467,1.0371,1.0955
cql-weight1-seed1,cql,68000,13,68000,faab9a2f7c296adc,-2423.783447266,29838,52509,13.7466,2.5168,11.2298,37.4215,0.30009,0.9049,1.067,1.1792
cql-weight1-seed1,cql,68000,14,68000,faab9a2f7c296adc,-2423.783447266,36307,14110,19.2376,2.0984,17.1392,37.4215,0.458,0.9538,1.2387,1.2986
cql-weight1-seed1,cql,69000,0,69000,fc4cc7c036ac47ab,-2471.945800781,237311,68413,30.7415,12.3164,18.4251,37.5085,0.49122,0.8501,1.2277,1.4441
cql-weight1-seed1,cql,69000,2,69000,fc4cc7c036ac47ab,-2471.945800781,168808,33814,19.3707,8.1291,11.2417,37.5085,0.29971,0.8973,1.0517,1.172
cql-weight1-seed1,cql,69000,4,69000,fc4cc7c036ac47ab,-2471.945800781,35214,133999,12.3472,3.9505,8.3967,37.5085,0.22386,0.8965,1.0017,1.1174
cql-weight1-seed1,cql,69000,5,69000,fc4cc7c036ac47ab,-2471.945800781,40938,30344,15.3513,1.1788,14.1725,37.5085,0.37785,0.9358,1.1203,1.1972
cql-weight1-seed1,cql,69000,6,69000,fc4cc7c036ac47ab,-2471.945800781,51996,11915,18.5633,4.003,14.5603,37.5085,0.38819,0.9561,1.1648,1.2183
cql-weight1-seed1,cql,69000,7,69000,fc4cc7c036ac47ab,-2471.945800781,64933,19513,18.1648,7.7939,10.3709,37.5085,0.27649,0.9185,1.1194,1.2188
cql-weight1-seed1,cql,69000,11,69000,fc4cc7c036ac47ab,-2471.945800781,76763,39227,12.2863,5.2182,7.0681,37.5085,0.18844,0.9639,1.0624,1.1022
cql-weight1-seed1,cql,69000,12,69000,fc4cc7c036ac47ab,-2471.945800781,33583,82841,10.8919,5.8134,5.0786,37.5085,0.1354,0.9489,1.0389,1.0948
cql-weight1-seed1,cql,69000,13,69000,fc4cc7c036ac47ab,-2471.945800781,29838,52509,12.7954,2.2669,10.5285,37.5085,0.2807,0.9148,1.0694,1.1691
cql-weight1-seed1,cql,69000,14,69000,fc4cc7c036ac47ab,-2471.945800781,36307,14110,18.6107,2.0023,16.6083,37.5085,0.44279,0.9609,1.2377,1.2881
cql-weight1-seed1,cql,70000,0,70000,7a76839f032db3e4,-2518.081054688,237311,68413,30.7657,12.3048,18.4609,37.2969,0.49497,0.8501,1.2155,1.43
cql-weight1-seed1,cql,70000,2,70000,7a76839f032db3e4,-2518.081054688,168808,33814,19.7156,8.5769,11.1387,37.2969,0.29865,0.8952,1.0485,1.1713
cql-weight1-seed1,cql,70000,4,70000,7a76839f032db3e4,-2518.081054688,35214,133999,11.9709,4.0455,7.9255,37.2969,0.2125,0.8844,0.9911,1.1206
cql-weight1-seed1,cql,70000,5,70000,7a76839f032db3e4,-2518.081054688,40938,30344,15.242,1.1897,14.0522,37.2969,0.37677,0.927,1.11,1.1974
cql-weight1-seed1,cql,70000,6,70000,7a76839f032db3e4,-2518.081054688,51996,11915,19.1569,4.9623,14.1946,37.2969,0.38058,0.9506,1.1571,1.2172
cql-weight1-seed1,cql,70000,7,70000,7a76839f032db3e4,-2518.081054688,64933,19513,17.8567,7.8611,9.9956,37.2969,0.268,0.9164,1.1136,1.2151
cql-weight1-seed1,cql,70000,11,70000,7a76839f032db3e4,-2518.081054688,76763,39227,12.1747,5.2491,6.9256,37.2969,0.18569,0.9648,1.0622,1.1009
cql-weight1-seed1,cql,70000,12,70000,7a76839f032db3e4,-2518.081054688,33583,82841,10.4323,5.6347,4.7975,37.2969,0.12863,0.9434,1.0342,1.0963
cql-weight1-seed1,cql,70000,13,70000,7a76839f032db3e4,-2518.081054688,29838,52509,12.6437,2.2392,10.4045,37.2969,0.27896,0.9028,1.0598,1.1739
cql-weight1-seed1,cql,70000,14,70000,7a76839f032db3e4,-2518.081054688,36307,14110,18.8535,1.9766,16.877,37.2969,0.4525,0.9497,1.2237,1.2885
cql-weight1-seed1,cql,71000,0,71000,48936359c134e310,-2560.677734375,237311,68413,30.3515,11.8256,18.526,37.0669,0.4998,0.8495,1.2207,1.4369
cql-weight1-seed1,cql,71000,2,71000,48936359c134e310,-2560.677734375,168808,33814,19.7644,8.3521,11.4123,37.0669,0.30788,0.8959,1.0531,1.1754
cql-weight1-seed1,cql,71000,4,71000,48936359c134e310,-2560.677734375,35214,133999,12.5052,3.9353,8.5699,37.0669,0.2312,0.8868,0.9933,1.12
cql-weight1-seed1,cql,71000,5,71000,48936359c134e310,-2560.677734375,40938,30344,15.6909,1.1971,14.4938,37.0669,0.39102,0.9332,1.1159,1.1957
cql-weight1-seed1,cql,71000,6,71000,48936359c134e310,-2560.677734375,51996,11915,19.2143,4.6888,14.5255,37.0669,0.39187,0.9524,1.1559,1.2137
cql-weight1-seed1,cql,71000,7,71000,48936359c134e310,-2560.677734375,64933,19513,18.3625,7.6584,10.7041,37.0669,0.28878,0.9171,1.1147,1.2154
cql-weight1-seed1,cql,71000,11,71000,48936359c134e310,-2560.677734375,76763,39227,12.1218,5.1189,7.0029,37.0669,0.18892,0.9629,1.0616,1.1025
cql-weight1-seed1,cql,71000,12,71000,48936359c134e310,-2560.677734375,33583,82841,9.9373,5.3121,4.6251,37.0669,0.12478,0.9443,1.0356,1.0967
cql-weight1-seed1,cql,71000,13,71000,48936359c134e310,-2560.677734375,29838,52509,12.6007,2.2279,10.3727,37.0669,0.27984,0.9069,1.0637,1.1729
cql-weight1-seed1,cql,71000,14,71000,48936359c134e310,-2560.677734375,36307,14110,18.5357,1.9752,16.5605,37.0669,0.44677,0.9564,1.2312,1.2873
cql-weight1-seed1,cql,72000,0,72000,f78fdd1128e22b4a,-2602.964599609,237311,68413,30.577,11.6396,18.9373,37.6837,0.50253,0.8497,1.2209,1.4369
cql-weight1-seed1,cql,72000,2,72000,f78fdd1128e22b4a,-2602.964599609,168808,33814,19.422,8.3214,11.1006,37.6837,0.29457,0.8955,1.052,1.1748
cql-weight1-seed1,cql,72000,4,72000,f78fdd1128e22b4a,-2602.964599609,35214,133999,12.6536,4.0005,8.6531,37.6837,0.22962,0.8935,0.9979,1.1168
cql-weight1-seed1,cql,72000,5,72000,f78fdd1128e22b4a,-2602.964599609,40938,30344,15.6028,1.2,14.4028,37.6837,0.3822,0.9426,1.1246,1.193
cql-weight1-seed1,cql,72000,6,72000,f78fdd1128e22b4a,-2602.964599609,51996,11915,18.8718,4.4353,14.4365,37.6837,0.3831,0.9539,1.1638,1.2201
cql-weight1-seed1,cql,72000,7,72000,f78fdd1128e22b4a,-2602.964599609,64933,19513,17.801,7.4682,10.3328,37.6837,0.2742,0.9158,1.1141,1.2165
cql-weight1-seed1,cql,72000,11,72000,f78fdd1128e22b4a,-2602.964599609,76763,39227,11.982,5.2726,6.7094,37.6837,0.17805,0.9629,1.0609,1.1018
cql-weight1-seed1,cql,72000,12,72000,f78fdd1128e22b4a,-2602.964599609,33583,82841,11.1097,5.764,5.3457,37.6837,0.14186,0.9455,1.0375,1.0974
cql-weight1-seed1,cql,72000,13,72000,f78fdd1128e22b4a,-2602.964599609,29838,52509,13.139,2.2809,10.8581,37.6837,0.28814,0.9179,1.0679,1.1634
cql-weight1-seed1,cql,72000,14,72000,f78fdd1128e22b4a,-2602.964599609,36307,14110,18.6142,1.6781,16.9361,37.6837,0.44943,0.9649,1.2401,1.2852
cql-weight1-seed1,cql,73000,0,73000,d4b85cf79ec4a243,-2655.502197266,237311,68413,30.3269,11.6244,18.7025,36.9535,0.50611,0.8496,1.2203,1.4363
cql-weight1-seed1,cql,73000,2,73000,d4b85cf79ec4a243,-2655.502197266,168808,33814,19.6012,8.3136,11.2876,36.9535,0.30545,0.8937,1.053,1.1783
cql-weight1-seed1,cql,73000,4,73000,d4b85cf79ec4a243,-2655.502197266,35214,133999,12.7827,4.2852,8.4975,36.9535,0.22995,0.8907,1.0012,1.124
cql-weight1-seed1,cql,73000,5,73000,d4b85cf79ec4a243,-2655.502197266,40938,30344,15.601,1.5242,14.0768,36.9535,0.38093,0.9355,1.1225,1.1998
cql-weight1-seed1,cql,73000,6,73000,d4b85cf79ec4a243,-2655.502197266,51996,11915,18.6488,4.6142,14.0346,36.9535,0.37979,0.9518,1.1592,1.2179
cql-weight1-seed1,cql,73000,7,73000,d4b85cf79ec4a243,-2655.502197266,64933,19513,17.7626,7.6162,10.1464,36.9535,0.27457,0.915,1.1112,1.2145
cql-weight1-seed1,cql,73000,11,73000,d4b85cf79ec4a243,-2655.502197266,76763,39227,11.8389,4.9869,6.8521,36.9535,0.18542,0.9646,1.0606,1.0994
cql-weight1-seed1,cql,73000,12,73000,d4b85cf79ec4a243,-2655.502197266,33583,82841,10.2274,5.3695,4.8578,36.9535,0.13146,0.9446,1.0354,1.0961
cql-weight1-seed1,cql,73000,13,73000,d4b85cf79ec4a243,-2655.502197266,29838,52509,13.001,2.4138,10.5872,36.9535,0.2865,0.9108,1.067,1.1714
cql-weight1-seed1,cql,73000,14,73000,d4b85cf79ec4a243,-2655.502197266,36307,14110,19.2149,2.2114,17.0036,36.9535,0.46013,0.9581,1.2281,1.2818
cql-weight1-seed1,cql,74000,0,74000,3b3618e40763e2a0,-2708.343505859,237311,68413,30.3373,11.7377,18.5996,37.0062,0.50261,0.85,1.2226,1.4384
cql-weight1-seed1,cql,74000,2,74000,3b3618e40763e2a0,-2708.343505859,168808,33814,19.1484,8.0724,11.076,37.0062,0.2993,0.894,1.0471,1.1712
cql-weight1-seed1,cql,74000,4,74000,3b3618e40763e2a0,-2708.343505859,35214,133999,12.2111,4.1173,8.0938,37.0062,0.21871,0.8917,0.9972,1.1184
cql-weight1-seed1,cql,74000,5,74000,3b3618e40763e2a0,-2708.343505859,40938,30344,15.0967,1.2298,13.8669,37.0062,0.37472,0.9351,1.1228,1.2007
cql-weight1-seed1,cql,74000,6,74000,3b3618e40763e2a0,-2708.343505859,51996,11915,18.8631,4.9496,13.9135,37.0062,0.37598,0.9502,1.157,1.2177
cql-weight1-seed1,cql,74000,7,74000,3b3618e40763e2a0,-2708.343505859,64933,19513,17.7629,7.7738,9.989,37.0062,0.26993,0.9169,1.1182,1.2195
cql-weight1-seed1,cql,74000,11,74000,3b3618e40763e2a0,-2708.343505859,76763,39227,11.9638,5.1751,6.7887,37.0062,0.18345,0.9638,1.0609,1.1007
cql-weight1-seed1,cql,74000,12,74000,3b3618e40763e2a0,-2708.343505859,33583,82841,9.9359,5.3598,4.5761,37.0062,0.12366,0.9471,1.0363,1.0942
cql-weight1-seed1,cql,74000,13,74000,3b3618e40763e2a0,-2708.343505859,29838,52509,11.9287,2.2133,9.7155,37.0062,0.26254,0.9137,1.0675,1.1683
cql-weight1-seed1,cql,74000,14,74000,3b3618e40763e2a0,-2708.343505859,36307,14110,18.3858,1.7873,16.5985,37.0062,0.44853,0.9587,1.2348,1.2881
cql-weight1-seed1,cql,75000,0,75000,a201a6e633db22fc,-2747.383056641,237311,68413,30.0303,11.0874,18.9429,36.9695,0.51239,0.8479,1.2166,1.4349
cql-weight1-seed1,cql,75000,2,75000,a201a6e633db22fc,-2747.383056641,168808,33814,19.4925,7.8563,11.6362,36.9695,0.31475,0.8964,1.0495,1.1709
cql-weight1-seed1,cql,75000,4,75000,a201a6e633db22fc,-2747.383056641,35214,133999,12.3011,3.957,8.3441,36.9695,0.2257,0.8905,0.999,1.1218
cql-weight1-seed1,cql,75000,5,75000,a201a6e633db22fc,-2747.383056641,40938,30344,15.4402,1.0665,14.3737,36.9695,0.3888,0.932,1.1218,1.2037
cql-weight1-seed1,cql,75000,6,75000,a201a6e633db22fc,-2747.383056641,51996,11915,19.0898,4.474,14.6158,36.9695,0.39535,0.9509,1.1619,1.2218
cql-weight1-seed1,cql,75000,7,75000,a201a6e633db22fc,-2747.383056641,64933,19513,18.1792,7.4769,10.7023,36.9695,0.28949,0.916,1.1113,1.2132
cql-weight1-seed1,cql,75000,11,75000,a201a6e633db22fc,-2747.383056641,76763,39227,12.23,5.2887,6.9414,36.9695,0.18776,0.9629,1.061,1.1018
cql-weight1-seed1,cql,75000,12,75000,a201a6e633db22fc,-2747.383056641,33583,82841,10.7691,5.7794,4.9898,36.9695,0.13497,0.9442,1.0353,1.0965
cql-weight1-seed1,cql,75000,13,75000,a201a6e633db22fc,-2747.383056641,29838,52509,12.3583,2.1187,10.2396,36.9695,0.27698,0.9068,1.0677,1.1774
cql-weight1-seed1,cql,75000,14,75000,a201a6e633db22fc,-2747.383056641,36307,14110,18.4123,1.592,16.8202,36.9695,0.45498,0.9541,1.2321,1.2914
cql-weight1-seed1,cql,76000,0,76000,1f36422971823a2b,-2795.763916016,237311,68413,30.1683,10.9702,19.1981,36.9341,0.51979,0.8504,1.2188,1.4333
cql-weight1-seed1,cql,76000,2,76000,1f36422971823a2b,-2795.763916016,168808,33814,18.823,7.7674,11.0556,36.9341,0.29933,0.8965,1.056,1.1779
cql-weight1-seed1,cql,76000,4,76000,1f36422971823a2b,-2795.763916016,35214,133999,12.1943,3.9964,8.1979,36.9341,0.22196,0.8923,0.9946,1.1146
cql-weight1-seed1,cql,76000,5,76000,1f36422971823a2b,-2795.763916016,40938,30344,15.3342,1.2482,14.086,36.9341,0.38138,0.9332,1.1141,1.1938
cql-weight1-seed1,cql,76000,6,76000,1f36422971823a2b,-2795.763916016,51996,11915,18.5031,3.975,14.5282,36.9341,0.39335,0.953,1.1596,1.2168
cql-weight1-seed1,cql,76000,7,76000,1f36422971823a2b,-2795.763916016,64933,19513,17.627,7.8358,9.7912,36.9341,0.2651,0.9166,1.113,1.2143
cql-weight1-seed1,cql,76000,11,76000,1f36422971823a2b,-2795.763916016,76763,39227,11.7899,5.1113,6.6785,36.9341,0.18082,0.9642,1.0611,1.1005
cql-weight1-seed1,cql,76000,12,76000,1f36422971823a2b,-2795.763916016,33583,82841,9.9573,5.413,4.5443,36.9341,0.12304,0.9454,1.0348,1.0946
cql-weight1-seed1,cql,76000,13,76000,1f36422971823a2b,-2795.763916016,29838,52509,11.6868,2.0185,9.6683,36.9341,0.26177,0.9087,1.0631,1.1699
cql-weight1-seed1,cql,76000,14,76000,1f36422971823a2b,-2795.763916016,36307,14110,18.0854,1.6686,16.4168,36.9341,0.44449,0.9539,1.2238,1.283
cql-weight1-seed1,cql,77000,0,77000,71cd702a4edb61bd,-2847.929443359,237311,68413,30.2189,11.5308,18.6882,37.3895,0.49982,0.849,1.2159,1.4321
cql-weight1-seed1,cql,77000,2,77000,71cd702a4edb61bd,-2847.929443359,168808,33814,18.9717,7.5694,11.4023,37.3895,0.30496,0.8951,1.0533,1.1768
cql-weight1-seed1,cql,77000,4,77000,71cd702a4edb61bd,-2847.929443359,35214,133999,12.0088,3.5861,8.4227,37.3895,0.22527,0.8863,0.9947,1.1224
cql-weight1-seed1,cql,77000,5,77000,71cd702a4edb61bd,-2847.929443359,40938,30344,14.9384,0.8919,14.0464,37.3895,0.37568,0.931,1.1202,1.2033
cql-weight1-seed1,cql,77000,6,77000,71cd702a4edb61bd,-2847.929443359,51996,11915,18.3723,4.1441,14.2282,37.3895,0.38054,0.9502,1.1588,1.2195
cql-weight1-seed1,cql,77000,7,77000,71cd702a4edb61bd,-2847.929443359,64933,19513,17.7884,7.3663,10.4221,37.3895,0.27875,0.9175,1.1102,1.2099
cql-weight1-seed1,cql,77000,11,77000,71cd702a4edb61bd,-2847.929443359,76763,39227,11.8504,5.0401,6.8104,37.3895,0.18215,0.9644,1.0595,1.0986
cql-weight1-seed1,cql,77000,12,77000,71cd702a4edb61bd,-2847.929443359,33583,82841,9.9515,5.4266,4.525,37.3895,0.12102,0.9446,1.0342,1.0948
cql-weight1-seed1,cql,77000,13,77000,71cd702a4edb61bd,-2847.929443359,29838,52509,11.6528,1.9557,9.6971,37.3895,0.25935,0.9087,1.0657,1.1727
cql-weight1-seed1,cql,77000,14,77000,71cd702a4edb61bd,-2847.929443359,36307,14110,18.0878,1.6178,16.47,37.3895,0.4405,0.9539,1.2314,1.2909
cql-weight1-seed1,cql,78000,0,78000,7f68fa9424c13170,-2896.606689453,237311,68413,30.1303,11.1708,18.9596,37.298,0.50833,0.8485,1.2137,1.4303
cql-weight1-seed1,cql,78000,2,78000,7f68fa9424c13170,-2896.606689453,168808,33814,19.1238,7.8113,11.3125,37.298,0.3033,0.8931,1.0485,1.1739
cql-weight1-seed1,cql,78000,4,78000,7f68fa9424c13170,-2896.606689453,35214,133999,11.8177,3.8375,7.9802,37.298,0.21396,0.8834,0.9929,1.124
cql-weight1-seed1,cql,78000,5,78000,7f68fa9424c13170,-2896.606689453,40938,30344,14.5355,0.9471,13.5884,37.298,0.36432,0.9304,1.1173,1.2009
cql-weight1-seed1,cql,78000,6,78000,7f68fa9424c13170,-2896.606689453,51996,11915,18.2052,3.5823,14.6229,37.298,0.39206,0.9516,1.1605,1.2195
cql-weight1-seed1,cql,78000,7,78000,7f68fa9424c13170,-2896.606689453,64933,19513,17.4686,6.8167,10.6519,37.298,0.28559,0.916,1.1091,1.2108
cql-weight1-seed1,cql,78000,11,78000,7f68fa9424c13170,-2896.606689453,76763,39227,11.7509,4.9708,6.78,37.298,0.18178,0.9652,1.0613,1.0995
cql-weight1-seed1,cql,78000,12,78000,7f68fa9424c13170,-2896.606689453,33583,82841,9.8308,5.2055,4.6253,37.298,0.12401,0.9444,1.0339,1.0947
cql-weight1-seed1,cql,78000,13,78000,7f68fa9424c13170,-2896.606689453,29838,52509,11.922,2.1132,9.8088,37.298,0.26299,0.9045,1.064,1.1763
cql-weight1-seed1,cql,78000,14,78000,7f68fa9424c13170,-2896.606689453,36307,14110,18.041,1.6463,16.3947,37.298,0.43956,0.952,1.2243,1.286
cql-weight1-seed1,cql,79000,0,79000,b25e954c3a0c8811,-2948.846191406,237311,68413,30.1341,11.1152,19.019,37.5783,0.50612,0.8485,1.2141,1.4309
cql-weight1-seed1,cql,79000,2,79000,b25e954c3a0c8811,-2948.846191406,168808,33814,18.927,7.4288,11.4981,37.5783,0.30598,0.8936,1.0477,1.1724
cql-weight1-seed1,cql,79000,4,79000,b25e954c3a0c8811,-2948.846191406,35214,133999,11.5187,3.807,7.7117,37.5783,0.20522,0.8844,0.9905,1.12
cql-weight1-seed1,cql,79000,5,79000,b25e954c3a0c8811,-2948.846191406,40938,30344,14.7408,1.1197,13.6211,37.5783,0.36247,0.929,1.1138,1.199
cql-weight1-seed1,cql,79000,6,79000,b25e954c3a0c8811,-2948.846191406,51996,11915,18.5523,4.288,14.2643,37.5783,0.37959,0.9499,1.1618,1.223
cql-weight1-seed1,cql,79000,7,79000,b25e954c3a0c8811,-2948.846191406,64933,19513,17.7616,7.3866,10.375,37.5783,0.27609,0.9171,1.1134,1.214
cql-weight1-seed1,cql,79000,11,79000,b25e954c3a0c8811,-2948.846191406,76763,39227,11.6606,4.9632,6.6974,37.5783,0.17823,0.9626,1.0598,1.101
cql-weight1-seed1,cql,79000,12,79000,b25e954c3a0c8811,-2948.846191406,33583,82841,9.5492,5.1172,4.432,37.5783,0.11794,0.9457,1.0366,1.0962
cql-weight1-seed1,cql,79000,13,79000,b25e954c3a0c8811,-2948.846191406,29838,52509,12.1242,2.1036,10.0206,37.5783,0.26666,0.9045,1.0637,1.176
cql-weight1-seed1,cql,79000,14,79000,b25e954c3a0c8811,-2948.846191406,36307,14110,18.3873,1.6316,16.7557,37.5783,0.44589,0.9509,1.2274,1.2907
cql-weight1-seed1,cql,80000,0,80000,3d07c2beed6d19b0,-2994.882568359,237311,68413,30.0647,11.0994,18.9653,37.4783,0.50603,0.8489,1.2116,1.4272
cql-weight1-seed1,cql,80000,2,80000,3d07c2beed6d19b0,-2994.882568359,168808,33814,18.8063,7.5186,11.2878,37.4783,0.30118,0.894,1.046,1.1701
cql-weight1-seed1,cql,80000,4,80000,3d07c2beed6d19b0,-2994.882568359,35214,133999,11.7574,3.9785,7.7789,37.4783,0.20756,0.8826,0.9908,1.1226
cql-weight1-seed1,cql,80000,5,80000,3d07c2beed6d19b0,-2994.882568359,40938,30344,14.704,0.9743,13.7297,37.4783,0.36634,0.9271,1.1122,1.1997
cql-weight1-seed1,cql,80000,6,80000,3d07c2beed6d19b0,-2994.882568359,51996,11915,18.4044,3.9491,14.4553,37.4783,0.3857,0.9494,1.157,1.2186
cql-weight1-seed1,cql,80000,7,80000,3d07c2beed6d19b0,-2994.882568359,64933,19513,17.7285,7.4038,10.3247,37.4783,0.27548,0.9157,1.1124,1.2148
cql-weight1-seed1,cql,80000,11,80000,3d07c2beed6d19b0,-2994.882568359,76763,39227,11.1609,4.8332,6.3276,37.4783,0.16883,0.9625,1.0585,1.0997
cql-weight1-seed1,cql,80000,12,80000,3d07c2beed6d19b0,-2994.882568359,33583,82841,10.2753,5.4979,4.7774,37.4783,0.12747,0.9423,1.0318,1.095
cql-weight1-seed1,cql,80000,13,80000,3d07c2beed6d19b0,-2994.882568359,29838,52509,11.8384,2.0107,9.8278,37.4783,0.26223,0.9022,1.0599,1.1748
cql-weight1-seed1,cql,80000,14,80000,3d07c2beed6d19b0,-2994.882568359,36307,14110,17.7572,1.0543,16.703,37.4783,0.44567,0.9484,1.2206,1.287
cql-weight1-seed1,cql,81000,0,81000,2f2ba210beaf5ff1,-3054.044433594,237311,68413,30.2683,11.437,18.8312,36.8229,0.5114,0.848,1.2165,1.4345
cql-weight1-seed1,cql,81000,2,81000,2f2ba210beaf5ff1,-3054.044433594,168808,33814,19.0151,7.5997,11.4154,36.8229,0.31001,0.8944,1.0453,1.1688
cql-weight1-seed1,cql,81000,4,81000,2f2ba210beaf5ff1,-3054.044433594,35214,133999,11.713,3.9993,7.7137,36.8229,0.20948,0.8802,0.9885,1.1231
cql-weight1-seed1,cql,81000,5,81000,2f2ba210beaf5ff1,-3054.044433594,40938,30344,15.0806,1.3548,13.7258,36.8229,0.37275,0.9257,1.1102,1.1993
cql-weight1-seed1,cql,81000,6,81000,2f2ba210beaf5ff1,-3054.044433594,51996,11915,18.7562,4.4905,14.2657,36.8229,0.38741,0.9506,1.1563,1.2164
cql-weight1-seed1,cql,81000,7,81000,2f2ba210beaf5ff1,-3054.044433594,64933,19513,17.5082,7.4373,10.0708,36.8229,0.27349,0.9146,1.1092,1.2127
cql-weight1-seed1,cql,81000,11,81000,2f2ba210beaf5ff1,-3054.044433594,76763,39227,11.55,4.8486,6.7014,36.8229,0.18199,0.9644,1.0599,1.099
cql-weight1-seed1,cql,81000,12,81000,2f2ba210beaf5ff1,-3054.044433594,33583,82841,9.9159,5.3331,4.5828,36.8229,0.12446,0.9443,1.0314,1.0922
cql-weight1-seed1,cql,81000,13,81000,2f2ba210beaf5ff1,-3054.044433594,29838,52509,12.3128,2.4295,9.8833,36.8229,0.2684,0.901,1.0586,1.1749
cql-weight1-seed1,cql,81000,14,81000,2f2ba210beaf5ff1,-3054.044433594,36307,14110,18.0759,1.8394,16.2365,36.8229,0.44093,0.9485,1.2167,1.2827
cql-weight1-seed1,cql,82000,0,82000,1b2e610ecebc2936,-3103.4453125,237311,68413,30.1105,10.9958,19.1146,37.3097,0.51232,0.848,1.2056,1.4218
cql-weight1-seed1,cql,82000,2,82000,1b2e610ecebc2936,-3103.4453125,168808,33814,19.1992,7.7599,11.4393,37.3097,0.30661,0.893,1.0472,1.1727
cql-weight1-seed1,cql,82000,4,82000,1b2e610ecebc2936,-3103.4453125,35214,133999,11.7692,3.6669,8.1023,37.3097,0.21716,0.8833,0.9943,1.1256
cql-weight1-seed1,cql,82000,5,82000,1b2e610ecebc2936,-3103.4453125,40938,30344,14.5017,0.8214,13.6803,37.3097,0.36667,0.9285,1.1159,1.2018
cql-weight1-seed1,cql,82000,6,82000,1b2e610ecebc2936,-3103.4453125,51996,11915,18.1886,3.8746,14.314,37.3097,0.38366,0.952,1.1595,1.218
cql-weight1-seed1,cql,82000,7,82000,1b2e610ecebc2936,-3103.4453125,64933,19513,17.3459,7.0989,10.247,37.3097,0.27465,0.9145,1.1077,1.2113
cql-weight1-seed1,cql,82000,11,82000,1b2e610ecebc2936,-3103.4453125,76763,39227,11.7229,5.0184,6.7046,37.3097,0.1797,0.9635,1.0585,1.0986
cql-weight1-seed1,cql,82000,12,82000,1b2e610ecebc2936,-3103.4453125,33583,82841,9.87,5.1525,4.7175,37.3097,0.12644,0.942,1.0319,1.0954
cql-weight1-seed1,cql,82000,13,82000,1b2e610ecebc2936,-3103.4453125,29838,52509,12.0432,1.8841,10.1591,37.3097,0.27229,0.9016,1.062,1.1779
cql-weight1-seed1,cql,82000,14,82000,1b2e610ecebc2936,-3103.4453125,36307,14110,17.8137,1.3904,16.4233,37.3097,0.44019,0.95,1.2235,1.288
cql-weight1-seed1,cql,83000,0,83000,b0539689244f7694,-3158.810546875,237311,68413,29.9306,10.9644,18.9662,37.0475,0.51194,0.8479,1.2086,1.4254
cql-weight1-seed1,cql,83000,2,83000,b0539689244f7694,-3158.810546875,168808,33814,19.0505,7.6824,11.368,37.0475,0.30685,0.8934,1.0466,1.1716
cql-weight1-seed1,cql,83000,4,83000,b0539689244f7694,-3158.810546875,35214,133999,11.9317,3.7035,8.2282,37.0475,0.2221,0.8886,0.9954,1.1202
cql-weight1-seed1,cql,83000,5,83000,b0539689244f7694,-3158.810546875,40938,30344,14.7888,1.0625,13.7263,37.0475,0.37051,0.9339,1.1169,1.1959
cql-weight1-seed1,cql,83000,6,83000,b0539689244f7694,-3158.810546875,51996,11915,18.277,3.833,14.444,37.0475,0.38988,0.9526,1.159,1.2166
cql-weight1-seed1,cql,83000,7,83000,b0539689244f7694,-3158.810546875,64933,19513,17.4926,7.1252,10.3675,37.0475,0.27984,0.9166,1.1086,1.2094
cql-weight1-seed1,cql,83000,11,83000,b0539689244f7694,-3158.810546875,76763,39227,11.0641,4.5478,6.5163,37.0475,0.17589,0.9629,1.0579,1.0986
cql-weight1-seed1,cql,83000,12,83000,b0539689244f7694,-3158.810546875,33583,82841,9.6864,5.1132,4.5732,37.0475,0.12344,0.9448,1.0335,1.0939
cql-weight1-seed1,cql,83000,13,83000,b0539689244f7694,-3158.810546875,29838,52509,12.3398,2.1749,10.165,37.0475,0.27438,0.9048,1.0631,1.175
cql-weight1-seed1,cql,83000,14,83000,b0539689244f7694,-3158.810546875,36307,14110,18.3553,1.5798,16.7755,37.0475,0.45281,0.9526,1.2264,1.2875
cql-weight1-seed1,cql,84000,0,84000,e2d47469fb2e3716,-3211.272949219,237311,68413,29.9016,10.6489,19.2527,37.1957,0.51761,0.8501,1.2135,1.4275
cql-weight1-seed1,cql,84000,2,84000,e2d47469fb2e3716,-3211.272949219,168808,33814,19.0985,7.7543,11.3442,37.1957,0.30499,0.8956,1.0475,1.1696
cql-weight1-seed1,cql,84000,4,84000,e2d47469fb2e3716,-3211.272949219,35214,133999,11.6088,3.9473,7.6614,37.1957,0.20598,0.8826,0.9928,1.1248
cql-weight1-seed1,cql,84000,5,84000,e2d47469fb2e3716,-3211.272949219,40938,30344,14.7308,1.2852,13.4457,37.1957,0.36148,0.9282,1.1138,1.2
cql-weight1-seed1,cql,84000,6,84000,e2d47469fb2e3716,-3211.272949219,51996,11915,18.2929,4.082,14.2109,37.1957,0.38206,0.9507,1.1573,1.2173
cql-weight1-seed1,cql,84000,7,84000,e2d47469fb2e3716,-3211.272949219,64933,19513,17.3634,7.1269,10.2365,37.1957,0.27521,0.9151,1.1077,1.2105
cql-weight1-seed1,cql,84000,11,84000,e2d47469fb2e3716,-3211.272949219,76763,39227,11.5053,5.04,6.4654,37.1957,0.17382,0.9631,1.057,1.0976
cql-weight1-seed1,cql,84000,12,84000,e2d47469fb2e3716,-3211.272949219,33583,82841,9.8751,5.2904,4.5846,37.1957,0.12326,0.9441,1.0316,1.0927
cql-weight1-seed1,cql,84000,13,84000,e2d47469fb2e3716,-3211.272949219,29838,52509,12.0908,2.2984,9.7924,37.1957,0.26327,0.9025,1.0602,1.1748
cql-weight1-seed1,cql,84000,14,84000,e2d47469fb2e3716,-3211.272949219,36307,14110,18.1337,1.6402,16.4935,37.1957,0.44342,0.951,1.2255,1.2886
cql-weight1-seed1,cql,85000,0,85000,3e94f97f2f806bfa,-3261.947021484,237311,68413,29.8056,11.0459,18.7597,37.0136,0.50683,0.8473,1.2108,1.429
cql-weight1-seed1,cql,85000,2,85000,3e94f97f2f806bfa,-3261.947021484,168808,33814,18.6836,7.3593,11.3242,37.0136,0.30595,0.8933,1.0425,1.1671
cql-weight1-seed1,cql,85000,4,85000,3e94f97f2f806bfa,-3261.947021484,35214,133999,11.6328,3.8287,7.8041,37.0136,0.21084,0.885,0.9945,1.1238
cql-weight1-seed1,cql,85000,5,85000,3e94f97f2f806bfa,-3261.947021484,40938,30344,14.2892,0.7925,13.4967,37.0136,0.36464,0.9283,1.1183,1.2047
cql-weight1-seed1,cql,85000,6,85000,3e94f97f2f806bfa,-3261.947021484,51996,11915,17.792,3.3116,14.4805,37.0136,0.39122,0.9489,1.1518,1.2138
cql-weight1-seed1,cql,85000,7,85000,3e94f97f2f806bfa,-3261.947021484,64933,19513,17.0341,6.8724,10.1617,37.0136,0.27454,0.9155,1.1046,1.2067
cql-weight1-seed1,cql,85000,11,85000,3e94f97f2f806bfa,-3261.947021484,76763,39227,10.8577,4.6109,6.2468,37.0136,0.16877,0.9634,1.0581,1.0983
cql-weight1-seed1,cql,85000,12,85000,3e94f97f2f806bfa,-3261.947021484,33583,82841,9.1671,4.8761,4.2911,37.0136,0.11593,0.9436,1.0302,1.0918
cql-weight1-seed1,cql,85000,13,85000,3e94f97f2f806bfa,-3261.947021484,29838,52509,11.6665,1.9027,9.7638,37.0136,0.26379,0.9018,1.062,1.1776
cql-weight1-seed1,cql,85000,14,85000,3e94f97f2f806bfa,-3261.947021484,36307,14110,17.8297,1.1844,16.6452,37.0136,0.44971,0.9488,1.2204,1.2862
cql-weight1-seed1,cql,86000,0,86000,13c11a1a16b4ea3d,-3314.950683594,237311,68413,29.8906,10.5195,19.3711,37.0902,0.52227,0.8486,1.2126,1.4289
cql-weight1-seed1,cql,86000,2,86000,13c11a1a16b4ea3d,-3314.950683594,168808,33814,19.1775,7.6247,11.5528,37.0902,0.31148,0.8962,1.0508,1.1725
cql-weight1-seed1,cql,86000,4,86000,13c11a1a16b4ea3d,-3314.950683594,35214,133999,11.3805,3.6973,7.6832,37.0902,0.20715,0.8853,0.9893,1.1176
cql-weight1-seed1,cql,86000,5,86000,13c11a1a16b4ea3d,-3314.950683594,40938,30344,14.4021,1.0494,13.3527,37.0902,0.36001,0.9343,1.1184,1.197
cql-weight1-seed1,cql,86000,6,86000,13c11a1a16b4ea3d,-3314.950683594,51996,11915,18.0416,3.8572,14.1844,37.0902,0.38243,0.9519,1.1603,1.2189
cql-weight1-seed1,cql,86000,7,86000,13c11a1a16b4ea3d,-3314.950683594,64933,19513,17.3083,7.0077,10.3006,37.0902,0.27772,0.9154,1.1064,1.2088
cql-weight1-seed1,cql,86000,11,86000,13c11a1a16b4ea3d,-3314.950683594,76763,39227,11.3593,4.8143,6.5449,37.0902,0.17646,0.961,1.0546,1.0974
cql-weight1-seed1,cql,86000,12,86000,13c11a1a16b4ea3d,-3314.950683594,33583,82841,9.7019,5.1086,4.5933,37.0902,0.12384,0.9432,1.0315,1.0937
cql-weight1-seed1,cql,86000,13,86000,13c11a1a16b4ea3d,-3314.950683594,29838,52509,12.0091,2.0292,9.9798,37.0902,0.26907,0.9109,1.0626,1.1666
cql-weight1-seed1,cql,86000,14,86000,13c11a1a16b4ea3d,-3314.950683594,36307,14110,17.8101,1.3747,16.4353,37.0902,0.44312,0.9615,1.2315,1.2808
cql-weight1-seed1,cql,87000,0,87000,3ac18eda812ab3ec,-3361.867675781,237311,68413,29.7,10.8624,18.8376,37.0013,0.50911,0.8474,1.2114,1.4296
cql-weight1-seed1,cql,87000,2,87000,3ac18eda812ab3ec,-3361.867675781,168808,33814,18.7078,7.6636,11.0442,37.0013,0.29848,0.8932,1.0447,1.1696
cql-weight1-seed1,cql,87000,4,87000,3ac18eda812ab3ec,-3361.867675781,35214,133999,11.5772,3.6417,7.9355,37.0013,0.21447,0.8815,0.9896,1.1227
cql-weight1-seed1,cql,87000,5,87000,3ac18eda812ab3ec,-3361.867675781,40938,30344,14.3196,0.8965,13.4231,37.0013,0.36277,0.9237,1.1067,1.1981
cql-weight1-seed1,cql,87000,6,87000,3ac18eda812ab3ec,-3361.867675781,51996,11915,17.9922,3.9876,14.0046,37.0013,0.37849,0.9489,1.1507,1.2127
cql-weight1-seed1,cql,87000,7,87000,3ac18eda812ab3ec,-3361.867675781,64933,19513,16.8758,7.069,9.8068,37.0013,0.26504,0.914,1.1064,1.2105
cql-weight1-seed1,cql,87000,11,87000,3ac18eda812ab3ec,-3361.867675781,76763,39227,11.1891,4.5192,6.6699,37.0013,0.18026,0.9609,1.0543,1.0972
cql-weight1-seed1,cql,87000,12,87000,3ac18eda812ab3ec,-3361.867675781,33583,82841,9.2,4.8537,4.3463,37.0013,0.11746,0.9443,1.0324,1.0934
cql-weight1-seed1,cql,87000,13,87000,3ac18eda812ab3ec,-3361.867675781,29838,52509,10.8639,1.7451,9.1188,37.0013,0.24645,0.9006,1.0573,1.174
cql-weight1-seed1,cql,87000,14,87000,3ac18eda812ab3ec,-3361.867675781,36307,14110,17.5337,1.3951,16.1386,37.0013,0.43616,0.9467,1.2171,1.2856
cql-weight1-seed1,cql,88000,0,88000,516d8f0e330184e4,-3416.181640625,237311,68413,29.7633,10.3161,19.4471,36.8522,0.52771,0.8472,1.2149,1.4339
cql-weight1-seed1,cql,88000,2,88000,516d8f0e330184e4,-3416.181640625,168808,33814,18.829,7.5078,11.3212,36.8522,0.3072,0.8926,1.0437,1.1693
cql-weight1-seed1,cql,88000,4,88000,516d8f0e330184e4,-3416.181640625,35214,133999,11.552,3.56,7.992,36.8522,0.21687,0.8873,0.9943,1.1207
cql-weight1-seed1,cql,88000,5,88000,516d8f0e330184e4,-3416.181640625,40938,30344,14.2759,0.7591,13.5168,36.8522,0.36678,0.9364,1.1202,1.1963
cql-weight1-seed1,cql,88000,6,88000,516d8f0e330184e4,-3416.181640625,51996,11915,17.931,4.1068,13.8242,36.8522,0.37513,0.9535,1.1579,1.2143
cql-weight1-seed1,cql,88000,7,88000,516d8f0e330184e4,-3416.181640625,64933,19513,16.9218,6.9878,9.934,36.8522,0.26956,0.9147,1.1042,1.2071
cql-weight1-seed1,cql,88000,11,88000,516d8f0e330184e4,-3416.181640625,76763,39227,11.0761,4.654,6.4221,36.8522,0.17427,0.9616,1.0562,1.0984
cql-weight1-seed1,cql,88000,12,88000,516d8f0e330184e4,-3416.181640625,33583,82841,9.5249,5.0464,4.4785,36.8522,0.12153,0.9433,1.0312,1.0931
cql-weight1-seed1,cql,88000,13,88000,516d8f0e330184e4,-3416.181640625,29838,52509,11.5794,1.8359,9.7435,36.8522,0.26439,0.9072,1.0643,1.1732
cql-weight1-seed1,cql,88000,14,88000,516d8f0e330184e4,-3416.181640625,36307,14110,17.5954,1.2704,16.3251,36.8522,0.44299,0.9576,1.2283,1.2827
cql-weight1-seed1,cql,89000,0,89000,d4ddc49d6f41a0eb,-3466.376953125,237311,68413,29.6502,10.3396,19.3107,37.111,0.52035,0.8497,1.2084,1.4221
cql-weight1-seed1,cql,89000,2,89000,d4ddc49d6f41a0eb,-3466.376953125,168808,33814,18.5629,7.3525,11.2103,37.111,0.30208,0.8942,1.0448,1.1683
cql-weight1-seed1,cql,89000,4,89000,d4ddc49d6f41a0eb,-3466.376953125,35214,133999,11.3054,3.6827,7.6227,37.111,0.2054,0.8873,0.9919,1.1179
cql-weight1-seed1,cql,89000,5,89000,d4ddc49d6f41a0eb,-3466.376953125,40938,30344,14.5703,0.9456,13.6247,37.111,0.36713,0.9278,1.1125,1.1991
cql-weight1-seed1,cql,89000,6,89000,d4ddc49d6f41a0eb,-3466.376953125,51996,11915,17.6761,3.5979,14.0783,37.111,0.37936,0.9479,1.1516,1.215
cql-weight1-seed1,cql,89000,7,89000,d4ddc49d6f41a0eb,-3466.376953125,64933,19513,17.1171,6.9832,10.1339,37.111,0.27307,0.9159,1.1061,1.2076
cql-weight1-seed1,cql,89000,11,89000,d4ddc49d6f41a0eb,-3466.376953125,76763,39227,11.0969,4.772,6.3249,37.111,0.17043,0.9607,1.0564,1.0996
cql-weight1-seed1,cql,89000,12,89000,d4ddc49d6f41a0eb,-3466.376953125,33583,82841,9.4506,5.0563,4.3943,37.111,0.11841,0.9426,1.0302,1.0929
cql-weight1-seed1,cql,89000,13,89000,d4ddc49d6f41a0eb,-3466.376953125,29838,52509,11.7346,1.9985,9.7362,37.111,0.26235,0.9027,1.0601,1.1744
cql-weight1-seed1,cql,89000,14,89000,d4ddc49d6f41a0eb,-3466.376953125,36307,14110,18.3318,1.718,16.6138,37.111,0.44768,0.9503,1.223,1.2869
cql-weight1-seed1,cql,90000,0,90000,7384f9d3144b7c5f,-3514.460205078,237311,68413,29.4384,10.0418,19.3965,36.6766,0.52885,0.8501,1.2119,1.4256
cql-weight1-seed1,cql,90000,2,90000,7384f9d3144b7c5f,-3514.460205078,168808,33814,18.6992,7.3338,11.3653,36.6766,0.30988,0.8928,1.0435,1.1687
cql-weight1-seed1,cql,90000,4,90000,7384f9d3144b7c5f,-3514.460205078,35214,133999,10.9445,3.4849,7.4595,36.6766,0.20339,0.8886,0.9919,1.1163
cql-weight1-seed1,cql,90000,5,90000,7384f9d3144b7c5f,-3514.460205078,40938,30344,14.1472,0.8232,13.324,36.6766,0.36328,0.9317,1.1164,1.1981
cql-weight1-seed1,cql,90000,6,90000,7384f9d3144b7c5f,-3514.460205078,51996,11915,17.575,3.2373,14.3377,36.6766,0.39092,0.9532,1.1588,1.2157
cql-weight1-seed1,cql,90000,7,90000,7384f9d3144b7c5f,-3514.460205078,64933,19513,16.854,7.015,9.839,36.6766,0.26826,0.9161,1.1117,1.2135
cql-weight1-seed1,cql,90000,11,90000,7384f9d3144b7c5f,-3514.460205078,76763,39227,10.9628,4.7158,6.247,36.6766,0.17033,0.965,1.0569,1.0952
cql-weight1-seed1,cql,90000,12,90000,7384f9d3144b7c5f,-3514.460205078,33583,82841,9.2652,4.9723,4.2929,36.6766,0.11705,0.9442,1.0313,1.0922
cql-weight1-seed1,cql,90000,13,90000,7384f9d3144b7c5f,-3514.460205078,29838,52509,11.0362,1.8358,9.2005,36.6766,0.25085,0.9062,1.0626,1.1726
cql-weight1-seed1,cql,90000,14,90000,7384f9d3144b7c5f,-3514.460205078,36307,14110,17.4875,1.0779,16.4095,36.6766,0.44741,0.952,1.2244,1.2861
cql-weight1-seed1,cql,91000,0,91000,94137539437a4233,-3559.913818359,237311,68413,29.3035,10.4084,18.8951,36.557,0.51687,0.8485,1.2136,1.4303
cql-weight1-seed1,cql,91000,2,91000,94137539437a4233,-3559.913818359,168808,33814,18.2505,7.231,11.0195,36.557,0.30143,0.893,1.0432,1.1683
cql-weight1-seed1,cql,91000,4,91000,94137539437a4233,-3559.913818359,35214,133999,11.2083,3.808,7.4003,36.557,0.20243,0.8822,0.995,1.1279
cql-weight1-seed1,cql,91000,5,91000,94137539437a4233,-3559.913818359,40938,30344,14.0296,0.936,13.0936,36.557,0.35817,0.9285,1.1176,1.2036
cql-weight1-seed1,cql,91000,6,91000,94137539437a4233,-3559.913818359,51996,11915,17.4728,3.3462,14.1267,36.557,0.38643,0.9515,1.1551,1.214
cql-weight1-seed1,cql,91000,7,91000,94137539437a4233,-3559.913818359,64933,19513,17.0429,6.8849,10.1581,36.557,0.27787,0.9141,1.1024,1.206
cql-weight1-seed1,cql,91000,11,91000,94137539437a4233,-3559.913818359,76763,39227,10.9879,4.836,6.1519,36.557,0.16828,0.9638,1.0555,1.0951
cql-weight1-seed1,cql,91000,12,91000,94137539437a4233,-3559.913818359,33583,82841,9.1401,4.8935,4.2466,36.557,0.11616,0.942,1.0299,1.0933
cql-weight1-seed1,cql,91000,13,91000,94137539437a4233,-3559.913818359,29838,52509,10.8785,1.739,9.1395,36.557,0.25001,0.9006,1.0613,1.1784
cql-weight1-seed1,cql,91000,14,91000,94137539437a4233,-3559.913818359,36307,14110,17.1881,1.3376,15.8505,36.557,0.43358,0.9495,1.224,1.2892
cql-weight1-seed1,cql,92000,0,92000,69c2a3b68f51776b,-3610.439941406,237311,68413,29.4504,10.398,19.0524,36.8961,0.51638,0.848,1.2083,1.425
cql-weight1-seed1,cql,92000,2,92000,69c2a3b68f51776b,-3610.439941406,168808,33814,18.4724,7.2342,11.2382,36.8961,0.30459,0.895,1.0439,1.1664
cql-weight1-seed1,cql,92000,4,92000,69c2a3b68f51776b,-3610.439941406,35214,133999,11.2878,3.5649,7.7229,36.8961,0.20932,0.8847,0.992,1.1212
cql-weight1-seed1,cql,92000,5,92000,69c2a3b68f51776b,-3610.439941406,40938,30344,14.3712,0.8816,13.4896,36.8961,0.36561,0.928,1.1116,1.1978
cql-weight1-seed1,cql,92000,6,92000,69c2a3b68f51776b,-3610.439941406,51996,11915,17.7642,3.5979,14.1663,36.8961,0.38395,0.95,1.153,1.2136
cql-weight1-seed1,cql,92000,7,92000,69c2a3b68f51776b,-3610.439941406,64933,19513,17.0899,6.6131,10.4768,36.8961,0.28395,0.9169,1.1039,1.204
cql-weight1-seed1,cql,92000,11,92000,69c2a3b68f51776b,-3610.439941406,76763,39227,11.1358,4.7695,6.3663,36.8961,0.17255,0.9623,1.0561,1.0975
cql-weight1-seed1,cql,92000,12,92000,69c2a3b68f51776b,-3610.439941406,33583,82841,8.9914,4.8088,4.1826,36.8961,0.11336,0.9442,1.0304,1.0913
cql-weight1-seed1,cql,92000,13,92000,69c2a3b68f51776b,-3610.439941406,29838,52509,11.2764,1.8563,9.4201,36.8961,0.25531,0.9053,1.059,1.1698
cql-weight1-seed1,cql,92000,14,92000,69c2a3b68f51776b,-3610.439941406,36307,14110,18.1483,1.3997,16.7486,36.8961,0.45394,0.9509,1.218,1.2809
cql-weight1-seed1,cql,93000,0,93000,79861cc3850ca152,-3656.222167969,237311,68413,29.5371,10.55,18.9871,36.1747,0.52487,0.8479,1.207,1.4235
cql-weight1-seed1,cql,93000,2,93000,79861cc3850ca152,-3656.222167969,168808,33814,18.3835,7.3646,11.0189,36.1747,0.3046,0.8934,1.0387,1.1626
cql-weight1-seed1,cql,93000,4,93000,79861cc3850ca152,-3656.222167969,35214,133999,11.4128,3.7359,7.6769,36.1747,0.21222,0.8858,0.9923,1.1202
cql-weight1-seed1,cql,93000,5,93000,79861cc3850ca152,-3656.222167969,40938,30344,14.3752,1.0642,13.311,36.1747,0.36796,0.9297,1.1146,1.1989
cql-weight1-seed1,cql,93000,6,93000,79861cc3850ca152,-3656.222167969,51996,11915,17.5573,3.6999,13.8573,36.1747,0.38307,0.9545,1.1587,1.2139
cql-weight1-seed1,cql,93000,7,93000,79861cc3850ca152,-3656.222167969,64933,19513,16.8998,7.0923,9.8075,36.1747,0.27112,0.9164,1.1096,1.2109
cql-weight1-seed1,cql,93000,11,93000,79861cc3850ca152,-3656.222167969,76763,39227,10.4526,4.5447,5.9079,36.1747,0.16332,0.9623,1.0561,1.0975
cql-weight1-seed1,cql,93000,12,93000,79861cc3850ca152,-3656.222167969,33583,82841,9.3053,5.087,4.2182,36.1747,0.11661,0.9434,1.0305,1.0924
cql-weight1-seed1,cql,93000,13,93000,79861cc3850ca152,-3656.222167969,29838,52509,11.2696,1.9638,9.3058,36.1747,0.25725,0.9045,1.0605,1.1725
cql-weight1-seed1,cql,93000,14,93000,79861cc3850ca152,-3656.222167969,36307,14110,17.3864,1.4269,15.9595,36.1747,0.44118,0.9548,1.2208,1.2785
cql-weight1-seed1,cql,94000,0,94000,3366cc1fb5b4643d,-3708.953613281,237311,68413,29.2736,10.5444,18.7291,36.5504,0.51242,0.8477,1.2106,1.4282
cql-weight1-seed1,cql,94000,2,94000,3366cc1fb5b4643d,-3708.953613281,168808,33814,18.3728,7.4443,10.9285,36.5504,0.299,0.8921,1.0438,1.17
cql-weight1-seed1,cql,94000,4,94000,3366cc1fb5b4643d,-3708.953613281,35214,133999,11.1422,3.7079,7.4343,36.5504,0.2034,0.8858,0.9909,1.1187
cql-weight1-seed1,cql,94000,5,94000,3366cc1fb5b4643d,-3708.953613281,40938,30344,13.678,0.879,12.799,36.5504,0.35017,0.9313,1.1126,1.1947
cql-weight1-seed1,cql,94000,6,94000,3366cc1fb5b4643d,-3708.953613281,51996,11915,17.5128,3.6071,13.9057,36.5504,0.38045,0.9504,1.1533,1.2135
cql-weight1-seed1,cql,94000,7,94000,3366cc1fb5b4643d,-3708.953613281,64933,19513,16.7094,6.8326,9.8768,36.5504,0.27022,0.9143,1.1025,1.2058
cql-weight1-seed1,cql,94000,11,94000,3366cc1fb5b4643d,-3708.953613281,76763,39227,10.5701,4.5627,6.0074,36.5504,0.16436,0.9621,1.0565,1.0981
cql-weight1-seed1,cql,94000,12,94000,3366cc1fb5b4643d,-3708.953613281,33583,82841,8.8201,4.7144,4.1057,36.5504,0.11233,0.9424,1.028,1.0908
cql-weight1-seed1,cql,94000,13,94000,3366cc1fb5b4643d,-3708.953613281,29838,52509,11.2656,1.9133,9.3523,36.5504,0.25587,0.9088,1.0606,1.167
cql-weight1-seed1,cql,94000,14,94000,3366cc1fb5b4643d,-3708.953613281,36307,14110,17.4011,1.2479,16.1531,36.5504,0.44194,0.9525,1.2252,1.2862
cql-weight1-seed1,cql,95000,0,95000,00acc03a14932738,-3768.392822266,237311,68413,29.1851,9.8966,19.2885,36.4248,0.52954,0.8474,1.2083,1.4258
cql-weight1-seed1,cql,95000,2,95000,00acc03a14932738,-3768.392822266,168808,33814,18.44,7.1726,11.2675,36.4248,0.30934,0.8934,1.0425,1.1668
cql-weight1-seed1,cql,95000,4,95000,00acc03a14932738,-3768.392822266,35214,133999,11.2614,3.5292,7.7323,36.4248,0.21228,0.8854,0.991,1.1192
cql-weight1-seed1,cql,95000,5,95000,00acc03a14932738,-3768.392822266,40938,30344,14.0738,0.8222,13.2516,36.4248,0.36381,0.9286,1.1132,1.1988
cql-weight1-seed1,cql,95000,6,95000,00acc03a14932738,-3768.392822266,51996,11915,17.6579,3.7609,13.897,36.4248,0.38153,0.9487,1.1482,1.2103
cql-weight1-seed1,cql,95000,7,95000,00acc03a14932738,-3768.392822266,64933,19513,16.9406,6.9187,10.022,36.4248,0.27514,0.9138,1.1019,1.2058
cql-weight1-seed1,cql,95000,11,95000,00acc03a14932738,-3768.392822266,76763,39227,11.0228,4.7323,6.2906,36.4248,0.1727,0.9637,1.0552,1.095
cql-weight1-seed1,cql,95000,12,95000,00acc03a14932738,-3768.392822266,33583,82841,8.9881,4.6744,4.3137,36.4248,0.11843,0.9415,1.028,1.0919
cql-weight1-seed1,cql,95000,13,95000,00acc03a14932738,-3768.392822266,29838,52509,11.191,1.7189,9.4721,36.4248,0.26005,0.9034,1.0584,1.1716
cql-weight1-seed1,cql,95000,14,95000,00acc03a14932738,-3768.392822266,36307,14110,17.1616,1.2258,15.9359,36.4248,0.4375,0.954,1.223,1.2819
cql-weight1-seed1,cql,96000,0,96000,4732166b7137452e,-3804.734130859,237311,68413,29.246,10.2354,19.0106,36.5458,0.52019,0.8479,1.2052,1.4215
cql-weight1-seed1,cql,96000,2,96000,4732166b7137452e,-3804.734130859,168808,33814,18.1899,7.1651,11.0248,36.5458,0.30167,0.8918,1.0429,1.1693
cql-weight1-seed1,cql,96000,4,96000,4732166b7137452e,-3804.734130859,35214,133999,10.9134,3.7051,7.2082,36.5458,0.19724,0.8829,0.9872,1.1181
cql-weight1-seed1,cql,96000,5,96000,4732166b7137452e,-3804.734130859,40938,30344,14.1539,0.9722,13.1817,36.5458,0.36069,0.9273,1.1079,1.1948
cql-weight1-seed1,cql,96000,6,96000,4732166b7137452e,-3804.734130859,51996,11915,17.6175,3.3879,14.2296,36.5458,0.38936,0.9469,1.1449,1.2091
cql-weight1-seed1,cql,96000,7,96000,4732166b7137452e,-3804.734130859,64933,19513,16.5747,6.4864,10.0883,36.5458,0.27605,0.9157,1.1074,1.2092
cql-weight1-seed1,cql,96000,11,96000,4732166b7137452e,-3804.734130859,76763,39227,10.9976,4.5282,6.4693,36.5458,0.17702,0.9636,1.0579,1.0979
cql-weight1-seed1,cql,96000,12,96000,4732166b7137452e,-3804.734130859,33583,82841,9.2841,5.0004,4.2838,36.5458,0.11722,0.9425,1.0307,1.0936
cql-weight1-seed1,cql,96000,13,96000,4732166b7137452e,-3804.734130859,29838,52509,11.2996,1.7988,9.5008,36.5458,0.25997,0.8994,1.0566,1.1749
cql-weight1-seed1,cql,96000,14,96000,4732166b7137452e,-3804.734130859,36307,14110,17.2234,1.0065,16.2169,36.5458,0.44374,0.9484,1.2166,1.2828
cql-weight1-seed1,cql,97000,0,97000,140fa53150d75b31,-3868.613769531,237311,68413,29.1916,9.5935,19.598,36.9585,0.53027,0.8486,1.2058,1.421
cql-weight1-seed1,cql,97000,2,97000,140fa53150d75b31,-3868.613769531,168808,33814,18.0159,7.0054,11.0105,36.9585,0.29791,0.8932,1.0413,1.1658
cql-weight1-seed1,cql,97000,4,97000,140fa53150d75b31,-3868.613769531,35214,133999,10.7663,3.6357,7.1306,36.9585,0.19294,0.8807,0.9875,1.1213
cql-weight1-seed1,cql,97000,5,97000,140fa53150d75b31,-3868.613769531,40938,30344,13.9114,0.7376,13.1738,36.9585,0.35645,0.9234,1.1091,1.2011
cql-weight1-seed1,cql,97000,6,97000,140fa53150d75b31,-3868.613769531,51996,11915,17.6284,3.5527,14.0758,36.9585,0.38085,0.9476,1.1482,1.2116
cql-weight1-seed1,cql,97000,7,97000,140fa53150d75b31,-3868.613769531,64933,19513,16.3864,6.1737,10.2127,36.9585,0.27633,0.9139,1.0991,1.2027
cql-weight1-seed1,cql,97000,11,97000,140fa53150d75b31,-3868.613769531,76763,39227,10.5505,4.4131,6.1373,36.9585,0.16606,0.9609,1.0536,1.0964
cql-weight1-seed1,cql,97000,12,97000,140fa53150d75b31,-3868.613769531,33583,82841,9.4648,4.9747,4.4902,36.9585,0.12149,0.9429,1.0301,1.0925
cql-weight1-seed1,cql,97000,13,97000,140fa53150d75b31,-3868.613769531,29838,52509,11.4015,1.8385,9.563,36.9585,0.25875,0.8986,1.0578,1.1771
cql-weight1-seed1,cql,97000,14,97000,140fa53150d75b31,-3868.613769531,36307,14110,17.225,0.8328,16.3922,36.9585,0.44353,0.9457,1.2134,1.2831
cql-weight1-seed1,cql,98000,0,98000,09ea9517f93a75d8,-3925.640136719,237311,68413,28.7868,9.6473,19.1395,36.3019,0.52723,0.8475,1.2063,1.4233
cql-weight1-seed1,cql,98000,2,98000,09ea9517f93a75d8,-3925.640136719,168808,33814,18.1724,7.1102,11.0622,36.3019,0.30473,0.8928,1.0406,1.1656
cql-weight1-seed1,cql,98000,4,98000,09ea9517f93a75d8,-3925.640136719,35214,133999,11.1237,3.6607,7.463,36.3019,0.20558,0.8841,0.9905,1.1203
cql-weight1-seed1,cql,98000,5,98000,09ea9517f93a75d8,-3925.640136719,40938,30344,13.8,0.8203,12.9797,36.3019,0.35755,0.9255,1.1091,1.1984
cql-weight1-seed1,cql,98000,6,98000,09ea9517f93a75d8,-3925.640136719,51996,11915,17.2307,3.2408,13.9898,36.3019,0.38538,0.9475,1.1466,1.2101
cql-weight1-seed1,cql,98000,7,98000,09ea9517f93a75d8,-3925.640136719,64933,19513,16.6756,6.6398,10.0358,36.3019,0.27645,0.9142,1.1047,1.2084
cql-weight1-seed1,cql,98000,11,98000,09ea9517f93a75d8,-3925.640136719,76763,39227,11.0475,4.6877,6.3599,36.3019,0.17519,0.9623,1.0551,1.0964
cql-weight1-seed1,cql,98000,12,98000,09ea9517f93a75d8,-3925.640136719,33583,82841,9.5544,5.0521,4.5024,36.3019,0.12403,0.9437,1.0289,1.0904
cql-weight1-seed1,cql,98000,13,98000,09ea9517f93a75d8,-3925.640136719,29838,52509,11.3066,1.8686,9.438,36.3019,0.25999,0.8997,1.0579,1.1758
cql-weight1-seed1,cql,98000,14,98000,09ea9517f93a75d8,-3925.640136719,36307,14110,17.4994,1.181,16.3184,36.3019,0.44952,0.9464,1.2125,1.2811
cql-weight1-seed1,cql,99000,0,99000,53cb645a1ded12c8,-3972.283691406,237311,68413,28.845,9.5342,19.3108,36.35,0.53125,0.8491,1.2098,1.4248
cql-weight1-seed1,cql,99000,2,99000,53cb645a1ded12c8,-3972.283691406,168808,33814,18.3618,7.0659,11.2959,36.35,0.31076,0.8926,1.0428,1.1682
cql-weight1-seed1,cql,99000,4,99000,53cb645a1ded12c8,-3972.283691406,35214,133999,11.2024,3.8768,7.3256,36.35,0.20153,0.8784,0.988,1.1248
cql-weight1-seed1,cql,99000,5,99000,53cb645a1ded12c8,-3972.283691406,40938,30344,13.9331,0.9506,12.9825,36.35,0.35715,0.9241,1.1069,1.1978
cql-weight1-seed1,cql,99000,6,99000,53cb645a1ded12c8,-3972.283691406,51996,11915,17.6314,3.1387,14.4927,36.35,0.3987,0.9519,1.1518,1.21
cql-weight1-seed1,cql,99000,7,99000,53cb645a1ded12c8,-3972.283691406,64933,19513,16.8672,6.375,10.4922,36.35,0.28864,0.9163,1.0979,1.1982
cql-weight1-seed1,cql,99000,11,99000,53cb645a1ded12c8,-3972.283691406,76763,39227,10.4543,4.3657,6.0886,36.35,0.1675,0.9613,1.054,1.0964
cql-weight1-seed1,cql,99000,12,99000,53cb645a1ded12c8,-3972.283691406,33583,82841,8.9317,4.7915,4.1401,36.35,0.1139,0.9428,1.0278,1.0902
cql-weight1-seed1,cql,99000,13,99000,53cb645a1ded12c8,-3972.283691406,29838,52509,10.9248,1.9686,8.9562,36.35,0.24639,0.9012,1.0564,1.1722
cql-weight1-seed1,cql,99000,14,99000,53cb645a1ded12c8,-3972.283691406,36307,14110,17.3232,1.2148,16.1085,36.35,0.44315,0.9488,1.2183,1.284
cql-weight1-seed1,cql,100000,0,100000,6df51dd27266c373,-4024.409667969,237311,68413,29.0821,9.6356,19.4465,36.5509,0.53204,0.8483,1.2064,1.4222
cql-weight1-seed1,cql,100000,2,100000,6df51dd27266c373,-4024.409667969,168808,33814,17.944,6.8705,11.0735,36.5509,0.30296,0.8918,1.0406,1.1669
cql-weight1-seed1,cql,100000,4,100000,6df51dd27266c373,-4024.409667969,35214,133999,11.0973,3.7717,7.3257,36.5509,0.20042,0.8848,0.9894,1.1182
cql-weight1-seed1,cql,100000,5,100000,6df51dd27266c373,-4024.409667969,40938,30344,13.839,0.8277,13.0114,36.5509,0.35598,0.929,1.1088,1.1935
cql-weight1-seed1,cql,100000,6,100000,6df51dd27266c373,-4024.409667969,51996,11915,17.452,3.5422,13.9098,36.5509,0.38056,0.9477,1.147,1.2102
cql-weight1-seed1,cql,100000,7,100000,6df51dd27266c373,-4024.409667969,64933,19513,16.6003,6.5619,10.0384,36.5509,0.27464,0.9135,1.1043,1.2088
cql-weight1-seed1,cql,100000,11,100000,6df51dd27266c373,-4024.409667969,76763,39227,10.9059,4.5554,6.3504,36.5509,0.17374,0.9615,1.0543,1.0965
cql-weight1-seed1,cql,100000,12,100000,6df51dd27266c373,-4024.409667969,33583,82841,9.2254,4.9642,4.2612,36.5509,0.11658,0.942,1.0296,1.093
cql-weight1-seed1,cql,100000,13,100000,6df51dd27266c373,-4024.409667969,29838,52509,11.2568,1.8447,9.4122,36.5509,0.25751,0.9059,1.0589,1.169
cql-weight1-seed1,cql,100000,14,100000,6df51dd27266c373,-4024.409667969,36307,14110,17.4271,1.1634,16.2638,36.5509,0.44496,0.9509,1.2199,1.2829
cql-weight1-seed1,cql,101000,0,101000,9e5bbd7b84907147,-4090.240722656,237311,68413,29.2158,9.7991,19.4167,36.9526,0.52545,0.8471,1.2004,1.4172
cql-weight1-seed1,cql,101000,2,101000,9e5bbd7b84907147,-4090.240722656,168808,33814,17.7324,6.9067,10.8257,36.9526,0.29296,0.8924,1.0403,1.1658
cql-weight1-seed1,cql,101000,4,101000,9e5bbd7b84907147,-4090.240722656,35214,133999,10.468,3.6842,6.7838,36.9526,0.18358,0.881,0.9902,1.124
cql-weight1-seed1,cql,101000,5,101000,9e5bbd7b84907147,-4090.240722656,40938,30344,13.4412,0.8525,12.5887,36.9526,0.34067,0.927,1.1125,1.2002
cql-weight1-seed1,cql,101000,6,101000,9e5bbd7b84907147,-4090.240722656,51996,11915,17.0996,3.5237,13.5759,36.9526,0.36739,0.9462,1.1464,1.2115
cql-weight1-seed1,cql,101000,7,101000,9e5bbd7b84907147,-4090.240722656,64933,19513,16.8307,6.9296,9.9011,36.9526,0.26794,0.9125,1.0998,1.2053
cql-weight1-seed1,cql,101000,11,101000,9e5bbd7b84907147,-4090.240722656,76763,39227,10.4835,4.3527,6.1308,36.9526,0.16591,0.9618,1.0536,1.0954
cql-weight1-seed1,cql,101000,12,101000,9e5bbd7b84907147,-4090.240722656,33583,82841,8.1523,4.4309,3.7214,36.9526,0.10071,0.9407,1.025,1.0896
cql-weight1-seed1,cql,101000,13,101000,9e5bbd7b84907147,-4090.240722656,29838,52509,10.2141,1.802,8.4121,36.9526,0.22765,0.9033,1.0581,1.1715
cql-weight1-seed1,cql,101000,14,101000,9e5bbd7b84907147,-4090.240722656,36307,14110,16.4368,0.7583,15.6785,36.9526,0.42429,0.9515,1.22,1.2822
cql-weight1-seed1,cql,102000,0,102000,ef17db6ad50d69dc,-4152.41796875,237311,68413,28.7395,9.8113,18.9282,35.9575,0.52641,0.8475,1.2051,1.4219
cql-weight1-seed1,cql,102000,2,102000,ef17db6ad50d69dc,-4152.41796875,168808,33814,18.0684,7.0396,11.0288,35.9575,0.30672,0.8932,1.0409,1.1654
cql-weight1-seed1,cql,102000,4,102000,ef17db6ad50d69dc,-4152.41796875,35214,133999,10.2003,3.4743,6.7259,35.9575,0.18705,0.8795,0.9831,1.1177
cql-weight1-seed1,cql,102000,5,102000,ef17db6ad50d69dc,-4152.41796875,40938,30344,13.3844,0.7722,12.6122,35.9575,0.35075,0.924,1.1057,1.1966
cql-weight1-seed1,cql,102000,6,102000,ef17db6ad50d69dc,-4152.41796875,51996,11915,16.8878,3.3267,13.5612,35.9575,0.37715,0.9472,1.1456,1.2095
cql-weight1-seed1,cql,102000,7,102000,ef17db6ad50d69dc,-4152.41796875,64933,19513,16.3515,6.6297,9.7218,35.9575,0.27037,0.9132,1.1014,1.2061
cql-weight1-seed1,cql,102000,11,102000,ef17db6ad50d69dc,-4152.41796875,76763,39227,10.148,4.3041,5.8438,35.9575,0.16252,0.9612,1.0522,1.0946
cql-weight1-seed1,cql,102000,12,102000,ef17db6ad50d69dc,-4152.41796875,33583,82841,8.2414,4.538,3.7034,35.9575,0.10299,0.9417,1.0255,1.089
cql-weight1-seed1,cql,102000,13,102000,ef17db6ad50d69dc,-4152.41796875,29838,52509,10.4011,1.7952,8.6059,35.9575,0.23934,0.8989,1.0547,1.1734
cql-weight1-seed1,cql,102000,14,102000,ef17db6ad50d69dc,-4152.41796875,36307,14110,17.1027,1.1998,15.9029,35.9575,0.44227,0.9459,1.2105,1.2796
cql-weight1-seed1,cql,103000,0,103000,ea3a6cf2b0be05bd,-4205.068847656,237311,68413,28.9499,9.3341,19.6158,36.5958,0.53601,0.8479,1.2036,1.4195
cql-weight1-seed1,cql,103000,2,103000,ea3a6cf2b0be05bd,-4205.068847656,168808,33814,17.767,6.8653,10.9017,36.5958,0.29789,0.8938,1.0396,1.1632
cql-weight1-seed1,cql,103000,4,103000,ea3a6cf2b0be05bd,-4205.068847656,35214,133999,10.3788,3.5364,6.8424,36.5958,0.18697,0.8838,0.9872,1.117
cql-weight1-seed1,cql,103000,5,103000,ea3a6cf2b0be05bd,-4205.068847656,40938,30344,13.5424,0.7472,12.7952,36.5958,0.34964,0.9266,1.1085,1.1963
cql-weight1-seed1,cql,103000,6,103000,ea3a6cf2b0be05bd,-4205.068847656,51996,11915,16.7223,2.9802,13.7422,36.5958,0.37551,0.9485,1.1498,1.2123
cql-weight1-seed1,cql,103000,7,103000,ea3a6cf2b0be05bd,-4205.068847656,64933,19513,16.1329,6.0331,10.0998,36.5958,0.27598,0.9144,1.1025,1.2057
cql-weight1-seed1,cql,103000,11,103000,ea3a6cf2b0be05bd,-4205.068847656,76763,39227,10.3151,4.2861,6.0289,36.5958,0.16474,0.9601,1.0499,1.0935
cql-weight1-seed1,cql,103000,12,103000,ea3a6cf2b0be05bd,-4205.068847656,33583,82841,8.123,4.4289,3.6941,36.5958,0.10094,0.9418,1.0252,1.0885
cql-weight1-seed1,cql,103000,13,103000,ea3a6cf2b0be05bd,-4205.068847656,29838,52509,10.6701,1.7088,8.9613,36.5958,0.24487,0.9033,1.0553,1.1683
cql-weight1-seed1,cql,103000,14,103000,ea3a6cf2b0be05bd,-4205.068847656,36307,14110,16.9856,0.8364,16.1492,36.5958,0.44129,0.9484,1.2156,1.2818
cql-weight1-seed1,cql,104000,0,104000,e20860f964de4aee,-4258.815429688,237311,68413,28.6518,9.2558,19.396,36.1458,0.5366,0.8473,1.206,1.4233
cql-weight1-seed1,cql,104000,2,104000,e20860f964de4aee,-4258.815429688,168808,33814,17.6409,6.6112,11.0297,36.1458,0.30514,0.8926,1.0417,1.167
cql-weight1-seed1,cql,104000,4,104000,e20860f964de4aee,-4258.815429688,35214,133999,10.19,3.4934,6.6967,36.1458,0.18527,0.8769,0.9867,1.1252
cql-weight1-seed1,cql,104000,5,104000,e20860f964de4aee,-4258.815429688,40938,30344,12.9374,0.6737,12.2637,36.1458,0.33928,0.9243,1.1105,1.2014
cql-weight1-seed1,cql,104000,6,104000,e20860f964de4aee,-4258.815429688,51996,11915,17.1595,3.5474,13.612,36.1458,0.37659,0.9482,1.1477,1.2103
cql-weight1-seed1,cql,104000,7,104000,e20860f964de4aee,-4258.815429688,64933,19513,16.0425,6.2248,9.8177,36.1458,0.27161,0.9157,1.1029,1.2044
cql-weight1-seed1,cql,104000,11,104000,e20860f964de4aee,-4258.815429688,76763,39227,10.4558,4.3744,6.0814,36.1458,0.16824,0.9601,1.0536,1.0974
cql-weight1-seed1,cql,104000,12,104000,e20860f964de4aee,-4258.815429688,33583,82841,8.6811,4.6735,4.0076,36.1458,0.11087,0.9411,1.0269,1.0911
cql-weight1-seed1,cql,104000,13,104000,e20860f964de4aee,-4258.815429688,29838,52509,10.0415,1.6913,8.3502,36.1458,0.23101,0.8968,1.0567,1.1783
cql-weight1-seed1,cql,104000,14,104000,e20860f964de4aee,-4258.815429688,36307,14110,16.8495,1.0242,15.8253,36.1458,0.43782,0.9477,1.2195,1.2868
cql-weight1-seed1,cql,105000,0,105000,5ef8f10ae4cc2ebb,-4314.574707031,237311,68413,28.6498,9.5962,19.0536,36.2335,0.52585,0.8465,1.2017,1.4196
cql-weight1-seed1,cql,105000,2,105000,5ef8f10ae4cc2ebb,-4314.574707031,168808,33814,18.067,6.8421,11.2249,36.2335,0.30979,0.8921,1.0377,1.1632
cql-weight1-seed1,cql,105000,4,105000,5ef8f10ae4cc2ebb,-4314.574707031,35214,133999,10.6699,3.5312,7.1388,36.2335,0.19702,0.8838,0.9881,1.118
cql-weight1-seed1,cql,105000,5,105000,5ef8f10ae4cc2ebb,-4314.574707031,40938,30344,13.0608,0.7314,12.3294,36.2335,0.34028,0.927,1.1075,1.1947
cql-weight1-seed1,cql,105000,6,105000,5ef8f10ae4cc2ebb,-4314.574707031,51996,11915,17.0497,3.3767,13.6731,36.2335,0.37736,0.9493,1.1469,1.2082
cql-weight1-seed1,cql,105000,7,105000,5ef8f10ae4cc2ebb,-4314.574707031,64933,19513,16.6595,6.3639,10.2955,36.2335,0.28414,0.913,1.1024,1.2074
cql-weight1-seed1,cql,105000,11,105000,5ef8f10ae4cc2ebb,-4314.574707031,76763,39227,10.4263,4.4049,6.0213,36.2335,0.16618,0.9604,1.0525,1.096
cql-weight1-seed1,cql,105000,12,105000,5ef8f10ae4cc2ebb,-4314.574707031,33583,82841,8.8127,4.6356,4.1771,36.2335,0.11528,0.9433,1.0281,1.09
cql-weight1-seed1,cql,105000,13,105000,5ef8f10ae4cc2ebb,-4314.574707031,29838,52509,10.7541,1.6205,9.1336,36.2335,0.25208,0.9037,1.0573,1.17
cql-weight1-seed1,cql,105000,14,105000,5ef8f10ae4cc2ebb,-4314.574707031,36307,14110,16.9978,0.9572,16.0406,36.2335,0.4427,0.9505,1.2143,1.2775
cql-weight1-seed1,cql,106000,0,106000,140c977e9c5710a5,-4364.287597656,237311,68413,28.6483,9.2924,19.3558,36.0974,0.53621,0.8481,1.2013,1.4164
cql-weight1-seed1,cql,106000,2,106000,140c977e9c5710a5,-4364.287597656,168808,33814,17.6486,6.6912,10.9574,36.0974,0.30355,0.8916,1.0354,1.1613
cql-weight1-seed1,cql,106000,4,106000,140c977e9c5710a5,-4364.287597656,35214,133999,9.8366,3.2974,6.5393,36.0974,0.18116,0.8798,0.9853,1.12
cql-weight1-seed1,cql,106000,5,106000,140c977e9c5710a5,-4364.287597656,40938,30344,13.317,0.6777,12.6393,36.0974,0.35015,0.9233,1.1074,1.1994
cql-weight1-seed1,cql,106000,6,106000,140c977e9c5710a5,-4364.287597656,51996,11915,16.9496,3.2756,13.6739,36.0974,0.37881,0.9448,1.1449,1.2117
cql-weight1-seed1,cql,106000,7,106000,140c977e9c5710a5,-4364.287597656,64933,19513,16.5288,6.511,10.0177,36.0974,0.27752,0.9141,1.1008,1.2042
cql-weight1-seed1,cql,106000,11,106000,140c977e9c5710a5,-4364.287597656,76763,39227,10.4604,4.3701,6.0902,36.0974,0.16872,0.961,1.0533,1.0961
cql-weight1-seed1,cql,106000,12,106000,140c977e9c5710a5,-4364.287597656,33583,82841,8.4495,4.4501,3.9994,36.0974,0.11079,0.9406,1.0268,1.0917
cql-weight1-seed1,cql,106000,13,106000,140c977e9c5710a5,-4364.287597656,29838,52509,10.594,1.6552,8.9388,36.0974,0.24763,0.8995,1.0589,1.1773
cql-weight1-seed1,cql,106000,14,106000,140c977e9c5710a5,-4364.287597656,36307,14110,16.8274,0.8025,16.0249,36.0974,0.44393,0.945,1.2158,1.2865
cql-weight1-seed1,cql,107000,0,107000,11e1d54ea607364d,-4416.388671875,237311,68413,28.8582,9.5474,19.3108,36.5494,0.52835,0.8463,1.2024,1.4207
cql-weight1-seed1,cql,107000,2,107000,11e1d54ea607364d,-4416.388671875,168808,33814,18.1513,7.0494,11.1019,36.5494,0.30375,0.8939,1.0389,1.1622
cql-weight1-seed1,cql,107000,4,107000,11e1d54ea607364d,-4416.388671875,35214,133999,10.1551,3.3325,6.8226,36.5494,0.18667,0.8858,0.9895,1.1171
cql-weight1-seed1,cql,107000,5,107000,11e1d54ea607364d,-4416.388671875,40938,30344,13.3399,0.587,12.7528,36.5494,0.34892,0.9264,1.1099,1.1981
cql-weight1-seed1,cql,107000,6,107000,11e1d54ea607364d,-4416.388671875,51996,11915,16.9918,3.0036,13.9883,36.5494,0.38272,0.9482,1.1469,1.2096
cql-weight1-seed1,cql,107000,7,107000,11e1d54ea607364d,-4416.388671875,64933,19513,16.2225,6.0217,10.2008,36.5494,0.2791,0.913,1.1016,1.2065
cql-weight1-seed1,cql,107000,11,107000,11e1d54ea607364d,-4416.388671875,76763,39227,10.3907,4.3967,5.9939,36.5494,0.164,0.9607,1.0523,1.0953
cql-weight1-seed1,cql,107000,12,107000,11e1d54ea607364d,-4416.388671875,33583,82841,8.5394,4.5452,3.9942,36.5494,0.10928,0.944,1.0291,1.0902
cql-weight1-seed1,cql,107000,13,107000,11e1d54ea607364d,-4416.388671875,29838,52509,10.4606,1.5958,8.8648,36.5494,0.24254,0.905,1.0591,1.1702
cql-weight1-seed1,cql,107000,14,107000,11e1d54ea607364d,-4416.388671875,36307,14110,16.5002,0.774,15.7262,36.5494,0.43027,0.9477,1.2112,1.278
cql-weight1-seed1,cql,108000,0,108000,308f3fa706377ed7,-4464.063964844,237311,68413,28.512,9.2427,19.2693,35.7923,0.53836,0.8481,1.202,1.4173
cql-weight1-seed1,cql,108000,2,108000,308f3fa706377ed7,-4464.063964844,168808,33814,17.3346,6.4923,10.8423,35.7923,0.30292,0.8927,1.0406,1.1656
cql-weight1-seed1,cql,108000,4,108000,308f3fa706377ed7,-4464.063964844,35214,133999,10.279,3.5092,6.7699,35.7923,0.18914,0.8867,0.9892,1.1156
cql-weight1-seed1,cql,108000,5,108000,308f3fa706377ed7,-4464.063964844,40938,30344,13.3726,0.7716,12.601,35.7923,0.35206,0.9301,1.1136,1.1973
cql-weight1-seed1,cql,108000,6,108000,308f3fa706377ed7,-4464.063964844,51996,11915,16.6219,3.0488,13.5731,35.7923,0.37922,0.9494,1.1528,1.2143
cql-weight1-seed1,cql,108000,7,108000,308f3fa706377ed7,-4464.063964844,64933,19513,16.1519,6.1786,9.9733,35.7923,0.27864,0.914,1.1008,1.2044
cql-weight1-seed1,cql,108000,11,108000,308f3fa706377ed7,-4464.063964844,76763,39227,9.6628,4.1864,5.4764,35.7923,0.153,0.9623,1.0517,1.0929
cql-weight1-seed1,cql,108000,12,108000,308f3fa706377ed7,-4464.063964844,33583,82841,7.8397,4.3267,3.513,35.7923,0.09815,0.9439,1.0259,1.0869
cql-weight1-seed1,cql,108000,13,108000,308f3fa706377ed7,-4464.063964844,29838,52509,10.1009,1.7563,8.3446,35.7923,0.23314,0.9041,1.0585,1.1707
cql-weight1-seed1,cql,108000,14,108000,308f3fa706377ed7,-4464.063964844,36307,14110,16.5828,0.7967,15.7861,35.7923,0.44105,0.952,1.2201,1.2816
cql-weight1-seed1,cql,109000,0,109000,7cc65e6c41d1329f,-4531.796386719,237311,68413,28.3242,9.1133,19.2109,35.7043,0.53806,0.8471,1.2036,1.4209
cql-weight1-seed1,cql,109000,2,109000,7cc65e6c41d1329f,-4531.796386719,168808,33814,17.4824,6.823,10.6594,35.7043,0.29855,0.8927,1.0378,1.1625
cql-weight1-seed1,cql,109000,4,109000,7cc65e6c41d1329f,-4531.796386719,35214,133999,10.4539,3.6449,6.809,35.7043,0.1907,0.8826,0.9895,1.1211
cql-weight1-seed1,cql,109000,5,109000,7cc65e6c41d1329f,-4531.796386719,40938,30344,13.1937,0.8828,12.3109,35.7043,0.3448,0.9241,1.1079,1.1989
cql-weight1-seed1,cql,109000,6,109000,7cc65e6c41d1329f,-4531.796386719,51996,11915,16.699,3.3622,13.3367,35.7043,0.37353,0.947,1.1414,1.2052
cql-weight1-seed1,cql,109000,7,109000,7cc65e6c41d1329f,-4531.796386719,64933,19513,16.1277,6.3516,9.7761,35.7043,0.27381,0.9141,1.0985,1.2017
cql-weight1-seed1,cql,109000,11,109000,7cc65e6c41d1329f,-4531.796386719,76763,39227,9.864,4.2978,5.5662,35.7043,0.1559,0.9603,1.0493,1.0927
cql-weight1-seed1,cql,109000,12,109000,7cc65e6c41d1329f,-4531.796386719,33583,82841,8.1862,4.5935,3.5927,35.7043,0.10062,0.9431,1.025,1.0869
cql-weight1-seed1,cql,109000,13,109000,7cc65e6c41d1329f,-4531.796386719,29838,52509,10.2768,1.9102,8.3666,35.7043,0.23433,0.8992,1.056,1.1743
cql-weight1-seed1,cql,109000,14,109000,7cc65e6c41d1329f,-4531.796386719,36307,14110,16.0509,1.0061,15.0448,35.7043,0.42137,0.946,1.2099,1.279
cql-weight1-seed1,cql,110000,0,110000,51f19e7e554cb45e,-4577.465332031,237311,68413,28.6332,9.6961,18.9371,36.2987,0.5217,0.8472,1.1989,1.4152
cql-weight1-seed1,cql,110000,2,110000,51f19e7e554cb45e,-4577.465332031,168808,33814,17.6543,6.7705,10.8838,36.2987,0.29984,0.8916,1.0363,1.1624
cql-weight1-seed1,cql,110000,4,110000,51f19e7e554cb45e,-4577.465332031,35214,133999,10.7276,3.5336,7.194,36.2987,0.19819,0.882,0.988,1.1202
cql-weight1-seed1,cql,110000,5,110000,51f19e7e554cb45e,-4577.465332031,40938,30344,13.6417,0.8211,12.8206,36.2987,0.3532,0.9246,1.1071,1.1974
cql-weight1-seed1,cql,110000,6,110000,51f19e7e554cb45e,-4577.465332031,51996,11915,16.6161,3.1557,13.4604,36.2987,0.37082,0.9494,1.1495,1.2108
cql-weight1-seed1,cql,110000,7,110000,51f19e7e554cb45e,-4577.465332031,64933,19513,16.1372,6.3572,9.7799,36.2987,0.26943,0.9126,1.1022,1.2077
cql-weight1-seed1,cql,110000,11,110000,51f19e7e554cb45e,-4577.465332031,76763,39227,9.8814,4.2267,5.6546,36.2987,0.15578,0.9595,1.0515,1.0959
cql-weight1-seed1,cql,110000,12,110000,51f19e7e554cb45e,-4577.465332031,33583,82841,8.2057,4.3166,3.8891,36.2987,0.10714,0.9428,1.029,1.0915
cql-weight1-seed1,cql,110000,13,110000,51f19e7e554cb45e,-4577.465332031,29838,52509,10.4237,1.5521,8.8716,36.2987,0.24441,0.9032,1.057,1.1703
cql-weight1-seed1,cql,110000,14,110000,51f19e7e554cb45e,-4577.465332031,36307,14110,16.6344,0.934,15.7004,36.2987,0.43253,0.9484,1.2117,1.2776
cql-weight1-seed1,cql,111000,0,111000,6733cada971b1078,-4629.1640625,237311,68413,28.5783,9.4921,19.0862,36.1866,0.52744,0.8473,1.2021,1.4187
cql-weight1-seed1,cql,111000,2,111000,6733cada971b1078,-4629.1640625,168808,33814,17.6465,6.7929,10.8536,36.1866,0.29993,0.8913,1.0381,1.1647
cql-weight1-seed1,cql,111000,4,111000,6733cada971b1078,-4629.1640625,35214,133999,10.3863,3.6238,6.7624,36.1866,0.18688,0.8819,0.9866,1.1188
cql-weight1-seed1,cql,111000,5,111000,6733cada971b1078,-4629.1640625,40938,30344,13.3104,0.9742,12.3362,36.1866,0.34091,0.9264,1.1082,1.1962
cql-weight1-seed1,cql,111000,6,111000,6733cada971b1078,-4629.1640625,51996,11915,16.5705,3.3181,13.2524,36.1866,0.36622,0.9466,1.1429,1.2073
cql-weight1-seed1,cql,111000,7,111000,6733cada971b1078,-4629.1640625,64933,19513,15.9896,6.2149,9.7746,36.1866,0.27012,0.9132,1.1031,1.2081
cql-weight1-seed1,cql,111000,11,111000,6733cada971b1078,-4629.1640625,76763,39227,10.1686,4.2646,5.904,36.1866,0.16315,0.9587,1.0504,1.0956
cql-weight1-seed1,cql,111000,12,111000,6733cada971b1078,-4629.1640625,33583,82841,8.2138,4.5595,3.6543,36.1866,0.10099,0.941,1.0256,1.0899
cql-weight1-seed1,cql,111000,13,111000,6733cada971b1078,-4629.1640625,29838,52509,10.22,1.7947,8.4253,36.1866,0.23283,0.9062,1.0574,1.1668
cql-weight1-seed1,cql,111000,14,111000,6733cada971b1078,-4629.1640625,36307,14110,16.3588,0.7952,15.5636,36.1866,0.43009,0.9529,1.2132,1.2732
cql-weight1-seed1,cql,112000,0,112000,e90ca5f32d8cb996,-4682.603515625,237311,68413,28.4473,8.9932,19.4541,36.3702,0.53489,0.8473,1.2011,1.4177
cql-weight1-seed1,cql,112000,2,112000,e90ca5f32d8cb996,-4682.603515625,168808,33814,17.491,6.5513,10.9398,36.3702,0.30079,0.8921,1.0382,1.1638
cql-weight1-seed1,cql,112000,4,112000,e90ca5f32d8cb996,-4682.603515625,35214,133999,10.3514,3.4648,6.8867,36.3702,0.18935,0.8835,0.9909,1.1215
cql-weight1-seed1,cql,112000,5,112000,e90ca5f32d8cb996,-4682.603515625,40938,30344,13.5483,0.8254,12.7229,36.3702,0.34982,0.9284,1.1112,1.197
cql-weight1-seed1,cql,112000,6,112000,e90ca5f32d8cb996,-4682.603515625,51996,11915,16.3526,2.868,13.4846,36.3702,0.37076,0.9472,1.1483,1.2122
cql-weight1-seed1,cql,112000,7,112000,e90ca5f32d8cb996,-4682.603515625,64933,19513,15.6261,5.9214,9.7046,36.3702,0.26683,0.9138,1.0997,1.2034
cql-weight1-seed1,cql,112000,11,112000,e90ca5f32d8cb996,-4682.603515625,76763,39227,9.8956,4.0951,5.8006,36.3702,0.15949,0.9594,1.0513,1.0957
cql-weight1-seed1,cql,112000,12,112000,e90ca5f32d8cb996,-4682.603515625,33583,82841,8.5409,4.5548,3.9861,36.3702,0.1096,0.9432,1.0289,1.0909
cql-weight1-seed1,cql,112000,13,112000,e90ca5f32d8cb996,-4682.603515625,29838,52509,10.0685,1.6953,8.3732,36.3702,0.23022,0.9038,1.0597,1.1725
cql-weight1-seed1,cql,112000,14,112000,e90ca5f32d8cb996,-4682.603515625,36307,14110,16.3135,0.8478,15.4657,36.3702,0.42523,0.9465,1.2154,1.284
cql-weight1-seed1,cql,113000,0,113000,fc26bd5f4b632c61,-4733.429199219,237311,68413,28.638,9.517,19.121,36.3612,0.52586,0.8493,1.2038,1.4174
cql-weight1-seed1,cql,113000,2,113000,fc26bd5f4b632c61,-4733.429199219,168808,33814,16.9981,6.5007,10.4974,36.3612,0.2887,0.8924,1.04,1.1654
cql-weight1-seed1,cql,113000,4,113000,fc26bd5f4b632c61,-4733.429199219,35214,133999,9.8512,3.3527,6.4986,36.3612,0.17872,0.881,0.9869,1.1202
cql-weight1-seed1,cql,113000,5,113000,fc26bd5f4b632c61,-4733.429199219,40938,30344,13.4113,0.802,12.6092,36.3612,0.34678,0.9235,1.1072,1.1989
cql-weight1-seed1,cql,113000,6,113000,fc26bd5f4b632c61,-4733.429199219,51996,11915,16.7171,3.2915,13.4256,36.3612,0.36923,0.9485,1.1447,1.2068
cql-weight1-seed1,cql,113000,7,113000,fc26bd5f4b632c61,-4733.429199219,64933,19513,16.2244,6.4775,9.7468,36.3612,0.26806,0.9125,1.1003,1.2057
cql-weight1-seed1,cql,113000,11,113000,fc26bd5f4b632c61,-4733.429199219,76763,39227,9.8633,4.2738,5.5895,36.3612,0.15372,0.9601,1.0496,1.0932
cql-weight1-seed1,cql,113000,12,113000,fc26bd5f4b632c61,-4733.429199219,33583,82841,7.8795,4.3002,3.5793,36.3612,0.09844,0.9411,1.0236,1.0876
cql-weight1-seed1,cql,113000,13,113000,fc26bd5f4b632c61,-4733.429199219,29838,52509,10.0896,1.512,8.5775,36.3612,0.2359,0.9014,1.055,1.1703
cql-weight1-seed1,cql,113000,14,113000,fc26bd5f4b632c61,-4733.429199219,36307,14110,16.7859,1.1291,15.6568,36.3612,0.43059,0.9508,1.2103,1.273
cql-weight1-seed1,cql,114000,0,114000,1d2f2a4b67bc0e40,-4771.424316406,237311,68413,28.2589,8.9262,19.3328,36.3783,0.53144,0.8481,1.2021,1.4174
cql-weight1-seed1,cql,114000,2,114000,1d2f2a4b67bc0e40,-4771.424316406,168808,33814,17.1667,6.3426,10.8241,36.3783,0.29754,0.8925,1.0404,1.1657
cql-weight1-seed1,cql,114000,4,114000,1d2f2a4b67bc0e40,-4771.424316406,35214,133999,9.9796,3.2915,6.6881,36.3783,0.18385,0.8822,0.9856,1.1173
cql-weight1-seed1,cql,114000,5,114000,1d2f2a4b67bc0e40,-4771.424316406,40938,30344,12.9701,0.7212,12.2488,36.3783,0.33671,0.9262,1.1072,1.1954
cql-weight1-seed1,cql,114000,6,114000,1d2f2a4b67bc0e40,-4771.424316406,51996,11915,16.3734,2.8008,13.5726,36.3783,0.3731,0.9503,1.1495,1.2097
cql-weight1-seed1,cql,114000,7,114000,1d2f2a4b67bc0e40,-4771.424316406,64933,19513,15.7302,6.0274,9.7028,36.3783,0.26672,0.9149,1.1068,1.2098
cql-weight1-seed1,cql,114000,11,114000,1d2f2a4b67bc0e40,-4771.424316406,76763,39227,9.9083,4.1432,5.7651,36.3783,0.15848,0.9598,1.0492,1.0932
cql-weight1-seed1,cql,114000,12,114000,1d2f2a4b67bc0e40,-4771.424316406,33583,82841,7.8428,4.2933,3.5495,36.3783,0.09757,0.9409,1.0248,1.0891
cql-weight1-seed1,cql,114000,13,114000,1d2f2a4b67bc0e40,-4771.424316406,29838,52509,10.1327,1.6311,8.5016,36.3783,0.2337,0.9017,1.0546,1.1696
cql-weight1-seed1,cql,114000,14,114000,1d2f2a4b67bc0e40,-4771.424316406,36307,14110,16.5562,0.6427,15.9136,36.3783,0.43745,0.9515,1.2089,1.2706
cql-weight1-seed1,cql,115000,0,115000,915dba595bd94931,-4808.702636719,237311,68413,28.1527,9.2643,18.8884,35.5429,0.53143,0.8467,1.1989,1.416
cql-weight1-seed1,cql,115000,2,115000,915dba595bd94931,-4808.702636719,168808,33814,17.0359,6.4074,10.6285,35.5429,0.29903,0.8911,1.0374,1.1642
cql-weight1-seed1,cql,115000,4,115000,915dba595bd94931,-4808.702636719,35214,133999,10.1024,3.332,6.7704,35.5429,0.19048,0.8812,0.9873,1.1205
cql-weight1-seed1,cql,115000,5,115000,915dba595bd94931,-4808.702636719,40938,30344,13.255,0.7877,12.4672,35.5429,0.35077,0.9252,1.1076,1.1972
cql-weight1-seed1,cql,115000,6,115000,915dba595bd94931,-4808.702636719,51996,11915,16.3667,2.9611,13.4057,35.5429,0.37717,0.9472,1.1459,1.2098
cql-weight1-seed1,cql,115000,7,115000,915dba595bd94931,-4808.702636719,64933,19513,15.7652,5.9973,9.7679,35.5429,0.27482,0.9161,1.1005,1.2013
cql-weight1-seed1,cql,115000,11,115000,915dba595bd94931,-4808.702636719,76763,39227,9.7195,4.1126,5.6068,35.5429,0.15775,0.9622,1.0512,1.0925
cql-weight1-seed1,cql,115000,12,115000,915dba595bd94931,-4808.702636719,33583,82841,7.5987,4.0903,3.5085,35.5429,0.09871,0.9433,1.0242,1.0858
cql-weight1-seed1,cql,115000,13,115000,915dba595bd94931,-4808.702636719,29838,52509,9.8416,1.5642,8.2775,35.5429,0.23289,0.901,1.0548,1.1707
cql-weight1-seed1,cql,115000,14,115000,915dba595bd94931,-4808.702636719,36307,14110,16.4833,0.8209,15.6624,35.5429,0.44066,0.9461,1.2087,1.2776
cql-weight1-seed1,cql,116000,0,116000,957c0b47cb2db36b,-4871.119140625,237311,68413,28.2846,9.2036,19.0809,36.3411,0.52505,0.8485,1.2021,1.4168
cql-weight1-seed1,cql,116000,2,116000,957c0b47cb2db36b,-4871.119140625,168808,33814,17.271,6.4382,10.8329,36.3411,0.29809,0.8918,1.0367,1.1624
cql-weight1-seed1,cql,116000,4,116000,957c0b47cb2db36b,-4871.119140625,35214,133999,9.749,3.1675,6.5815,36.3411,0.1811,0.8804,0.9831,1.1166
cql-weight1-seed1,cql,116000,5,116000,957c0b47cb2db36b,-4871.119140625,40938,30344,12.7883,0.6392,12.1491,36.3411,0.33431,0.9259,1.1062,1.1948
cql-weight1-seed1,cql,116000,6,116000,957c0b47cb2db36b,-4871.119140625,51996,11915,16.2764,2.871,13.4054,36.3411,0.36888,0.947,1.144,1.208
cql-weight1-seed1,cql,116000,7,116000,957c0b47cb2db36b,-4871.119140625,64933,19513,16.1713,6.4676,9.7037,36.3411,0.26702,0.9135,1.1001,1.2043
cql-weight1-seed1,cql,116000,11,116000,957c0b47cb2db36b,-4871.119140625,76763,39227,9.9119,4.1385,5.7734,36.3411,0.15887,0.9599,1.0494,1.0933
cql-weight1-seed1,cql,116000,12,116000,957c0b47cb2db36b,-4871.119140625,33583,82841,8.3683,4.4499,3.9184,36.3411,0.10782,0.941,1.0241,1.0883
cql-weight1-seed1,cql,116000,13,116000,957c0b47cb2db36b,-4871.119140625,29838,52509,9.5407,1.4772,8.0635,36.3411,0.22188,0.9015,1.0532,1.1684
cql-weight1-seed1,cql,116000,14,116000,957c0b47cb2db36b,-4871.119140625,36307,14110,15.8054,0.6221,15.1833,36.3411,0.4178,0.9468,1.2105,1.2785
cql-weight1-seed1,cql,117000,0,117000,6c43655d0b815545,-4916.817871094,237311,68413,28.418,9.4303,18.9878,36.3627,0.52218,0.8472,1.2034,1.4205
cql-weight1-seed1,cql,117000,2,117000,6c43655d0b815545,-4916.817871094,168808,33814,16.88,6.3208,10.5592,36.3627,0.29038,0.8915,1.0374,1.1637
cql-weight1-seed1,cql,117000,4,117000,6c43655d0b815545,-4916.817871094,35214,133999,9.8014,3.2406,6.5608,36.3627,0.18043,0.8833,0.9842,1.1142
cql-weight1-seed1,cql,117000,5,117000,6c43655d0b815545,-4916.817871094,40938,30344,13.0716,0.6785,12.3931,36.3627,0.34082,0.9273,1.1108,1.1979
cql-weight1-seed1,cql,117000,6,117000,6c43655d0b815545,-4916.817871094,51996,11915,16.5797,3.3233,13.2564,36.3627,0.36456,0.9487,1.1493,1.2115
cql-weight1-seed1,cql,117000,7,117000,6c43655d0b815545,-4916.817871094,64933,19513,15.7297,6.009,9.7207,36.3627,0.26733,0.9138,1.0982,1.2018
cql-weight1-seed1,cql,117000,11,117000,6c43655d0b815545,-4916.817871094,76763,39227,9.6849,4.098,5.5869,36.3627,0.15364,0.9602,1.0503,1.0938
cql-weight1-seed1,cql,117000,12,117000,6c43655d0b815545,-4916.817871094,33583,82841,8.0184,4.3048,3.7136,36.3627,0.10213,0.9411,1.0221,1.0861
cql-weight1-seed1,cql,117000,13,117000,6c43655d0b815545,-4916.817871094,29838,52509,10.0613,1.5867,8.4746,36.3627,0.23306,0.9049,1.0566,1.1676
cql-weight1-seed1,cql,117000,14,117000,6c43655d0b815545,-4916.817871094,36307,14110,16.5476,0.8399,15.7077,36.3627,0.43197,0.9493,1.2151,1.28
cql-weight1-seed1,cql,118000,0,118000,6e88935d51d012b0,-4968.798828125,237311,68413,28.2064,9.2157,18.9907,36.0009,0.52751,0.848,1.1965,1.411
cql-weight1-seed1,cql,118000,2,118000,6e88935d51d012b0,-4968.798828125,168808,33814,16.9147,6.5397,10.375,36.0009,0.28819,0.8924,1.0374,1.1625
cql-weight1-seed1,cql,118000,4,118000,6e88935d51d012b0,-4968.798828125,35214,133999,9.556,3.2428,6.3132,36.0009,0.17536,0.8778,0.984,1.1209
cql-weight1-seed1,cql,118000,5,118000,6e88935d51d012b0,-4968.798828125,40938,30344,12.5974,0.6424,11.9551,36.0009,0.33208,0.9228,1.1066,1.1992
cql-weight1-seed1,cql,118000,6,118000,6e88935d51d012b0,-4968.798828125,51996,11915,16.191,2.7575,13.4335,36.0009,0.37314,0.949,1.1457,1.2072
cql-weight1-seed1,cql,118000,7,118000,6e88935d51d012b0,-4968.798828125,64933,19513,15.4692,5.717,9.7522,36.0009,0.27089,0.9142,1.0963,1.1992
cql-weight1-seed1,cql,118000,11,118000,6e88935d51d012b0,-4968.798828125,76763,39227,9.5827,4.0303,5.5523,36.0009,0.15423,0.9593,1.0481,1.0925
cql-weight1-seed1,cql,118000,12,118000,6e88935d51d012b0,-4968.798828125,33583,82841,7.6901,4.1927,3.4975,36.0009,0.09715,0.9396,1.0219,1.0875
cql-weight1-seed1,cql,118000,13,118000,6e88935d51d012b0,-4968.798828125,29838,52509,9.5166,1.5182,7.9984,36.0009,0.22217,0.899,1.0561,1.1747
cql-weight1-seed1,cql,118000,14,118000,6e88935d51d012b0,-4968.798828125,36307,14110,15.8643,0.4769,15.3875,36.0009,0.42742,0.9468,1.2134,1.2815
cql-weight1-seed1,cql,119000,0,119000,985f908addb344cb,-5024.4453125,237311,68413,28.241,8.5357,19.7053,36.2054,0.54426,0.8472,1.1958,1.4115
cql-weight1-seed1,cql,119000,2,119000,985f908addb344cb,-5024.4453125,168808,33814,17.2108,6.6012,10.6096,36.2054,0.29304,0.8928,1.0393,1.1641
cql-weight1-seed1,cql,119000,4,119000,985f908addb344cb,-5024.4453125,35214,133999,9.4737,3.422,6.0517,36.2054,0.16715,0.8793,0.982,1.1168
cql-weight1-seed1,cql,119000,5,119000,985f908addb344cb,-5024.4453125,40938,30344,13.0193,0.862,12.1573,36.2054,0.33579,0.9207,1.1037,1.1988
cql-weight1-seed1,cql,119000,6,119000,985f908addb344cb,-5024.4453125,51996,11915,16.5875,3.1123,13.4753,36.2054,0.37219,0.9462,1.1433,1.2083
cql-weight1-seed1,cql,119000,7,119000,985f908addb344cb,-5024.4453125,64933,19513,15.7456,6.1626,9.5829,36.2054,0.26468,0.9137,1.1015,1.2055
cql-weight1-seed1,cql,119000,11,119000,985f908addb344cb,-5024.4453125,76763,39227,9.7935,4.1001,5.6934,36.2054,0.15725,0.9609,1.0491,1.0917
cql-weight1-seed1,cql,119000,12,119000,985f908addb344cb,-5024.4453125,33583,82841,7.3707,4.1585,3.2122,36.2054,0.08872,0.9403,1.0216,1.0864
cql-weight1-seed1,cql,119000,13,119000,985f908addb344cb,-5024.4453125,29838,52509,9.5849,1.6493,7.9356,36.2054,0.21918,0.8977,1.0515,1.1713
cql-weight1-seed1,cql,119000,14,119000,985f908addb344cb,-5024.4453125,36307,14110,16.689,0.8922,15.7968,36.2054,0.43631,0.946,1.2079,1.2769
cql-weight1-seed1,cql,120000,0,120000,9b06d7e47e20ee81,-5086.720214844,237311,68413,28.0905,8.8148,19.2757,36.0252,0.53506,0.8461,1.1971,1.4147
cql-weight1-seed1,cql,120000,2,120000,9b06d7e47e20ee81,-5086.720214844,168808,33814,17.3029,6.3631,10.9398,36.0252,0.30367,0.891,1.0339,1.1604
cql-weight1-seed1,cql,120000,4,120000,9b06d7e47e20ee81,-5086.720214844,35214,133999,9.4497,3.0284,6.4213,36.0252,0.17825,0.8802,0.9841,1.118
cql-weight1-seed1,cql,120000,5,120000,9b06d7e47e20ee81,-5086.720214844,40938,30344,12.5786,0.5224,12.0562,36.0252,0.33466,0.9236,1.1049,1.1963
cql-weight1-seed1,cql,120000,6,120000,9b06d7e47e20ee81,-5086.720214844,51996,11915,16.1052,2.7625,13.3427,36.0252,0.37037,0.9481,1.1456,1.2083
cql-weight1-seed1,cql,120000,7,120000,9b06d7e47e20ee81,-5086.720214844,64933,19513,15.678,5.8647,9.8133,36.0252,0.2724,0.9127,1.0987,1.2038
cql-weight1-seed1,cql,120000,11,120000,9b06d7e47e20ee81,-5086.720214844,76763,39227,9.5725,3.9264,5.6461,36.0252,0.15673,0.9601,1.0493,1.0929
cql-weight1-seed1,cql,120000,12,120000,9b06d7e47e20ee81,-5086.720214844,33583,82841,7.8056,4.2198,3.5858,36.0252,0.09954,0.9401,1.0241,1.0894
cql-weight1-seed1,cql,120000,13,120000,9b06d7e47e20ee81,-5086.720214844,29838,52509,9.5575,1.3549,8.2026,36.0252,0.22769,0.8979,1.053,1.1727
cql-weight1-seed1,cql,120000,14,120000,9b06d7e47e20ee81,-5086.720214844,36307,14110,15.945,0.4331,15.5118,36.0252,0.43058,0.9507,1.2117,1.2745
cql-weight1-seed1,cql,121000,0,121000,653e1918476045f6,-5142.22265625,237311,68413,28.0968,8.9802,19.1166,36.0437,0.53037,0.8479,1.2018,1.4174
cql-weight1-seed1,cql,121000,2,121000,653e1918476045f6,-5142.22265625,168808,33814,17.1112,6.4714,10.6398,36.0437,0.29519,0.892,1.0394,1.1652
cql-weight1-seed1,cql,121000,4,121000,653e1918476045f6,-5142.22265625,35214,133999,10.3523,3.5517,6.8005,36.0437,0.18867,0.8809,0.9867,1.1201
cql-weight1-seed1,cql,121000,5,121000,653e1918476045f6,-5142.22265625,40938,30344,13.124,0.7662,12.3578,36.0437,0.34286,0.9244,1.1079,1.1985
cql-weight1-seed1,cql,121000,6,121000,653e1918476045f6,-5142.22265625,51996,11915,15.7328,2.8667,12.8661,36.0437,0.35696,0.9492,1.1505,1.212
cql-weight1-seed1,cql,121000,7,121000,653e1918476045f6,-5142.22265625,64933,19513,15.2967,5.8156,9.481,36.0437,0.26304,0.9133,1.0988,1.2031
cql-weight1-seed1,cql,121000,11,121000,653e1918476045f6,-5142.22265625,76763,39227,9.6163,3.9846,5.6317,36.0437,0.15625,0.9599,1.0503,1.0942
cql-weight1-seed1,cql,121000,12,121000,653e1918476045f6,-5142.22265625,33583,82841,8.3202,4.465,3.8552,36.0437,0.10696,0.9424,1.0251,1.0877
cql-weight1-seed1,cql,121000,13,121000,653e1918476045f6,-5142.22265625,29838,52509,10.1347,1.6919,8.4428,36.0437,0.23424,0.9015,1.0572,1.1727
cql-weight1-seed1,cql,121000,14,121000,653e1918476045f6,-5142.22265625,36307,14110,16.4283,0.7599,15.6684,36.0437,0.4347,0.9534,1.2268,1.2868
cql-weight1-seed1,cql,122000,0,122000,e01a541c18f0027e,-5179.735351562,237311,68413,27.7619,8.7603,19.0015,35.5328,0.53476,0.848,1.1991,1.414
cql-weight1-seed1,cql,122000,2,122000,e01a541c18f0027e,-5179.735351562,168808,33814,17.0737,6.3559,10.7178,35.5328,0.30163,0.8922,1.038,1.1634
cql-weight1-seed1,cql,122000,4,122000,e01a541c18f0027e,-5179.735351562,35214,133999,9.6257,3.3435,6.2822,35.5328,0.1768,0.8813,0.9873,1.1203
cql-weight1-seed1,cql,122000,5,122000,e01a541c18f0027e,-5179.735351562,40938,30344,12.4795,0.6836,11.796,35.5328,0.33197,0.9251,1.1089,1.1987
cql-weight1-seed1,cql,122000,6,122000,e01a541c18f0027e,-5179.735351562,51996,11915,16.4312,2.9383,13.4929,35.5328,0.37973,0.946,1.144,1.2094
cql-weight1-seed1,cql,122000,7,122000,e01a541c18f0027e,-5179.735351562,64933,19513,15.7154,5.97,9.7454,35.5328,0.27426,0.9123,1.0987,1.2043
cql-weight1-seed1,cql,122000,11,122000,e01a541c18f0027e,-5179.735351562,76763,39227,9.5365,4.119,5.4175,35.5328,0.15247,0.9589,1.05,1.095
cql-weight1-seed1,cql,122000,12,122000,e01a541c18f0027e,-5179.735351562,33583,82841,7.7146,4.2691,3.4455,35.5328,0.09697,0.9412,1.0244,1.0885
cql-weight1-seed1,cql,122000,13,122000,e01a541c18f0027e,-5179.735351562,29838,52509,9.2524,1.5348,7.7175,35.5328,0.21719,0.8997,1.0569,1.1747
cql-weight1-seed1,cql,122000,14,122000,e01a541c18f0027e,-5179.735351562,36307,14110,16.009,0.7276,15.2814,35.5328,0.43007,0.9468,1.2112,1.2793
cql-weight1-seed1,cql,123000,0,123000,ae96a623621371d5,-5237.884277344,237311,68413,27.8814,8.914,18.9673,35.9144,0.52813,0.846,1.1974,1.4155
cql-weight1-seed1,cql,123000,2,123000,ae96a623621371d5,-5237.884277344,168808,33814,17.0162,6.437,10.5792,35.9144,0.29457,0.8919,1.0345,1.1599
cql-weight1-seed1,cql,123000,4,123000,ae96a623621371d5,-5237.884277344,35214,133999,9.1379,2.9564,6.1815,35.9144,0.17212,0.8849,0.9831,1.111
cql-weight1-seed1,cql,123000,5,123000,ae96a623621371d5,-5237.884277344,40938,30344,12.0467,0.5404,11.5063,35.9144,0.32038,0.9254,1.1061,1.1952
cql-weight1-seed1,cql,123000,6,123000,ae96a623621371d5,-5237.884277344,51996,11915,15.4893,2.7257,12.7636,35.9144,0.35539,0.9483,1.1455,1.208
cql-weight1-seed1,cql,123000,7,123000,ae96a623621371d5,-5237.884277344,64933,19513,15.1074,5.6344,9.473,35.9144,0.26377,0.9142,1.1031,1.2066
cql-weight1-seed1,cql,123000,11,123000,ae96a623621371d5,-5237.884277344,76763,39227,9.6439,3.9122,5.7317,35.9144,0.15959,0.9615,1.0514,1.0934
cql-weight1-seed1,cql,123000,12,123000,ae96a623621371d5,-5237.884277344,33583,82841,7.9546,4.2309,3.7238,35.9144,0.10368,0.9412,1.0255,1.0896
cql-weight1-seed1,cql,123000,13,123000,ae96a623621371d5,-5237.884277344,29838,52509,9.2679,1.4321,7.8357,35.9144,0.21818,0.904,1.0548,1.1668
cql-weight1-seed1,cql,123000,14,123000,ae96a623621371d5,-5237.884277344,36307,14110,15.2199,0.3573,14.8626,35.9144,0.41383,0.9507,1.21,1.2727
cql-weight1-seed1,cql,124000,0,124000,b62ad763ad73839e,-5292.025390625,237311,68413,27.7698,8.7345,19.0353,35.305,0.53917,0.8465,1.193,1.4094
cql-weight1-seed1,cql,124000,2,124000,b62ad763ad73839e,-5292.025390625,168808,33814,17.0224,6.249,10.7734,35.305,0.30515,0.8941,1.0344,1.1569
cql-weight1-seed1,cql,124000,4,124000,b62ad763ad73839e,-5292.025390625,35214,133999,8.9338,2.919,6.0148,35.305,0.17037,0.8789,0.9826,1.118
cql-weight1-seed1,cql,124000,5,124000,b62ad763ad73839e,-5292.025390625,40938,30344,12.3876,0.3221,12.0656,35.305,0.34175,0.9229,1.1053,1.1976
cql-weight1-seed1,cql,124000,6,124000,b62ad763ad73839e,-5292.025390625,51996,11915,15.9535,2.9294,13.0241,35.305,0.3689,0.9478,1.146,1.2091
cql-weight1-seed1,cql,124000,7,124000,b62ad763ad73839e,-5292.025390625,64933,19513,15.4253,5.659,9.7663,35.305,0.27663,0.9154,1.0999,1.2015
cql-weight1-seed1,cql,124000,11,124000,b62ad763ad73839e,-5292.025390625,76763,39227,9.1355,3.8716,5.2639,35.305,0.1491,0.9608,1.0484,1.0913
cql-weight1-seed1,cql,124000,12,124000,b62ad763ad73839e,-5292.025390625,33583,82841,6.9028,3.8104,3.0924,35.305,0.08759,0.9443,1.0238,1.0842
cql-weight1-seed1,cql,124000,13,124000,b62ad763ad73839e,-5292.025390625,29838,52509,9.0496,1.1952,7.8544,35.305,0.22247,0.8993,1.0541,1.1722
cql-weight1-seed1,cql,124000,14,124000,b62ad763ad73839e,-5292.025390625,36307,14110,16.2665,0.6286,15.6379,35.305,0.44294,0.9481,1.2138,1.2803
cql-weight1-seed1,cql,125000,0,125000,29677ec9af3fb3a1,-5349.343261719,237311,68413,27.9361,8.8771,19.059,35.5815,0.53564,0.8472,1.1929,1.4081
cql-weight1-seed1,cql,125000,2,125000,29677ec9af3fb3a1,-5349.343261719,168808,33814,16.9441,6.5195,10.4246,35.5815,0.29298,0.893,1.0355,1.1596
cql-weight1-seed1,cql,125000,4,125000,29677ec9af3fb3a1,-5349.343261719,35214,133999,9.446,3.2682,6.1778,35.5815,0.17362,0.8797,0.9854,1.1202
cql-weight1-seed1,cql,125000,5,125000,29677ec9af3fb3a1,-5349.343261719,40938,30344,12.627,0.7238,11.9031,35.5815,0.33453,0.9218,1.1076,1.2016
cql-weight1-seed1,cql,125000,6,125000,29677ec9af3fb3a1,-5349.343261719,51996,11915,16.4223,3.3221,13.1002,35.5815,0.36817,0.9466,1.146,1.2106
cql-weight1-seed1,cql,125000,7,125000,29677ec9af3fb3a1,-5349.343261719,64933,19513,15.5666,5.8559,9.7108,35.5815,0.27292,0.9133,1.0983,1.2025
cql-weight1-seed1,cql,125000,11,125000,29677ec9af3fb3a1,-5349.343261719,76763,39227,9.4899,4.1043,5.3856,35.5815,0.15136,0.9615,1.0505,1.0925
cql-weight1-seed1,cql,125000,12,125000,29677ec9af3fb3a1,-5349.343261719,33583,82841,7.7545,4.2693,3.4852,35.5815,0.09795,0.9414,1.0252,1.089
cql-weight1-seed1,cql,125000,13,125000,29677ec9af3fb3a1,-5349.343261719,29838,52509,9.4648,1.5137,7.9512,35.5815,0.22346,0.8995,1.057,1.1751
cql-weight1-seed1,cql,125000,14,125000,29677ec9af3fb3a1,-5349.343261719,36307,14110,16.0469,0.6477,15.3992,35.5815,0.43279,0.9471,1.2158,1.2837
cql-weight1-seed1,cql,126000,0,126000,2ae2672da09c5b73,-5390.867675781,237311,68413,27.9512,8.6892,19.262,36.1047,0.5335,0.8465,1.199,1.4164
cql-weight1-seed1,cql,126000,2,126000,2ae2672da09c5b73,-5390.867675781,168808,33814,16.6921,6.3671,10.3251,36.1047,0.28598,0.8918,1.0356,1.1613
cql-weight1-seed1,cql,126000,4,126000,2ae2672da09c5b73,-5390.867675781,35214,133999,9.3078,3.1788,6.1289,36.1047,0.16975,0.8808,0.9871,1.1207
cql-weight1-seed1,cql,126000,5,126000,2ae2672da09c5b73,-5390.867675781,40938,30344,12.5208,0.6082,11.9126,36.1047,0.32995,0.9245,1.1074,1.1979
cql-weight1-seed1,cql,126000,6,126000,2ae2672da09c5b73,-5390.867675781,51996,11915,15.7612,2.9431,12.8181,36.1047,0.35502,0.9462,1.1434,1.2084
cql-weight1-seed1,cql,126000,7,126000,2ae2672da09c5b73,-5390.867675781,64933,19513,14.9131,5.6121,9.301,36.1047,0.25761,0.9145,1.0986,1.2013
cql-weight1-seed1,cql,126000,11,126000,2ae2672da09c5b73,-5390.867675781,76763,39227,9.1709,3.7749,5.3959,36.1047,0.14945,0.9601,1.0477,1.0912
cql-weight1-seed1,cql,126000,12,126000,2ae2672da09c5b73,-5390.867675781,33583,82841,7.1373,3.9129,3.2243,36.1047,0.08931,0.944,1.0254,1.0862
cql-weight1-seed1,cql,126000,13,126000,2ae2672da09c5b73,-5390.867675781,29838,52509,9.2812,1.4448,7.8364,36.1047,0.21705,0.9029,1.0577,1.1713
cql-weight1-seed1,cql,126000,14,126000,2ae2672da09c5b73,-5390.867675781,36307,14110,15.7476,0.601,15.1467,36.1047,0.41952,0.9467,1.2129,1.2811
cql-weight1-seed1,cql,127000,0,127000,7dc2ee3c5fbcf6c3,-5440.703125,237311,68413,27.6886,8.47,19.2186,35.4399,0.54229,0.8472,1.1916,1.4066
cql-weight1-seed1,cql,127000,2,127000,7dc2ee3c5fbcf6c3,-5440.703125,168808,33814,17.1369,6.3915,10.7454,35.4399,0.3032,0.892,1.0347,1.16
cql-weight1-seed1,cql,127000,4,127000,7dc2ee3c5fbcf6c3,-5440.703125,35214,133999,9.2754,3.015,6.2604,35.4399,0.17665,0.8798,0.9833,1.1176
cql-weight1-seed1,cql,127000,5,127000,7dc2ee3c5fbcf6c3,-5440.703125,40938,30344,11.9006,0.369,11.5317,35.4399,0.32539,0.9217,1.1053,1.1992
cql-weight1-seed1,cql,127000,6,127000,7dc2ee3c5fbcf6c3,-5440.703125,51996,11915,15.6556,3.0572,12.5985,35.4399,0.35549,0.9444,1.1448,1.2122
cql-weight1-seed1,cql,127000,7,127000,7dc2ee3c5fbcf6c3,-5440.703125,64933,19513,15.3241,5.6502,9.674,35.4399,0.27297,0.9125,1.0978,1.203
cql-weight1-seed1,cql,127000,11,127000,7dc2ee3c5fbcf6c3,-5440.703125,76763,39227,9.6034,4.0425,5.5609,35.4399,0.15691,0.9594,1.0488,1.0932
cql-weight1-seed1,cql,127000,12,127000,7dc2ee3c5fbcf6c3,-5440.703125,33583,82841,7.6013,4.0995,3.5019,35.4399,0.09881,0.9408,1.024,1.0884
cql-weight1-seed1,cql,127000,13,127000,7dc2ee3c5fbcf6c3,-5440.703125,29838,52509,9.3959,1.2915,8.1044,35.4399,0.22868,0.8965,1.0532,1.1748
cql-weight1-seed1,cql,127000,14,127000,7dc2ee3c5fbcf6c3,-5440.703125,36307,14110,15.814,0.5842,15.2297,35.4399,0.42973,0.9436,1.2099,1.2822
cql-weight1-seed1,cql,128000,0,128000,30c1199846b2477e,-5485.486328125,237311,68413,27.7465,8.5451,19.2014,35.6145,0.53914,0.8464,1.1992,1.4168
cql-weight1-seed1,cql,128000,2,128000,30c1199846b2477e,-5485.486328125,168808,33814,16.645,5.8799,10.765,35.6145,0.30227,0.8912,1.0344,1.1607
cql-weight1-seed1,cql,128000,4,128000,30c1199846b2477e,-5485.486328125,35214,133999,9.3454,2.9879,6.3575,35.6145,0.17851,0.8838,0.9847,1.1142
cql-weight1-seed1,cql,128000,5,128000,30c1199846b2477e,-5485.486328125,40938,30344,12.8119,0.5917,12.2202,35.6145,0.34312,0.9277,1.1084,1.1948
cql-weight1-seed1,cql,128000,6,128000,30c1199846b2477e,-5485.486328125,51996,11915,15.7042,2.7545,12.9498,35.6145,0.36361,0.9486,1.1457,1.2077
cql-weight1-seed1,cql,128000,7,128000,30c1199846b2477e,-5485.486328125,64933,19513,15.2454,5.9062,9.3391,35.6145,0.26223,0.9122,1.0972,1.2028
cql-weight1-seed1,cql,128000,11,128000,30c1199846b2477e,-5485.486328125,76763,39227,9.3612,3.9006,5.4606,35.6145,0.15333,0.9589,1.0489,1.0939
cql-weight1-seed1,cql,128000,12,128000,30c1199846b2477e,-5485.486328125,33583,82841,7.6084,4.1347,3.4738,35.6145,0.09754,0.9405,1.0229,1.0876
cql-weight1-seed1,cql,128000,13,128000,30c1199846b2477e,-5485.486328125,29838,52509,9.6845,1.3695,8.315,35.6145,0.23347,0.9001,1.0544,1.1714
cql-weight1-seed1,cql,128000,14,128000,30c1199846b2477e,-5485.486328125,36307,14110,16.2464,0.5022,15.7442,35.6145,0.44207,0.9498,1.2135,1.2776
cql-weight1-seed1,cql,129000,0,129000,23977c4835c3ffd4,-5543.013183594,237311,68413,27.5891,8.589,19.0001,35.3886,0.5369,0.8468,1.1989,1.4157
cql-weight1-seed1,cql,129000,2,129000,23977c4835c3ffd4,-5543.013183594,168808,33814,16.973,6.4097,10.5633,35.3886,0.2985,0.8901,1.0358,1.1638
cql-weight1-seed1,cql,129000,4,129000,23977c4835c3ffd4,-5543.013183594,35214,133999,9.5992,3.2057,6.3935,35.3886,0.18067,0.8795,0.9859,1.121
cql-weight1-seed1,cql,129000,5,129000,23977c4835c3ffd4,-5543.013183594,40938,30344,12.6451,0.82,11.825,35.3886,0.33415,0.9221,1.1031,1.1963
cql-weight1-seed1,cql,129000,6,129000,23977c4835c3ffd4,-5543.013183594,51996,11915,16.0958,3.2432,12.8526,35.3886,0.36319,0.9465,1.1444,1.209
cql-weight1-seed1,cql,129000,7,129000,23977c4835c3ffd4,-5543.013183594,64933,19513,15.1986,5.919,9.2796,35.3886,0.26222,0.9126,1.0974,1.2026
cql-weight1-seed1,cql,129000,11,129000,23977c4835c3ffd4,-5543.013183594,76763,39227,9.1272,3.9413,5.186,35.3886,0.14654,0.9585,1.0477,1.0931
cql-weight1-seed1,cql,129000,12,129000,23977c4835c3ffd4,-5543.013183594,33583,82841,7.3704,3.9934,3.377,35.3886,0.09543,0.9409,1.0219,1.086
cql-weight1-seed1,cql,129000,13,129000,23977c4835c3ffd4,-5543.013183594,29838,52509,9.5786,1.513,8.0656,35.3886,0.22792,0.8995,1.0529,1.1704
cql-weight1-seed1,cql,129000,14,129000,23977c4835c3ffd4,-5543.013183594,36307,14110,16.0718,0.7688,15.303,35.3886,0.43243,0.946,1.2067,1.2756
cql-weight1-seed1,cql,130000,0,130000,4cac985281519d24,-5583.229492188,237311,68413,27.6194,8.2478,19.3715,35.6162,0.5439,0.8461,1.1997,1.4178
cql-weight1-seed1,cql,130000,2,130000,4cac985281519d24,-5583.229492188,168808,33814,16.7714,6.3721,10.3993,35.6162,0.29198,0.8921,1.0351,1.1603
cql-weight1-seed1,cql,130000,4,130000,4cac985281519d24,-5583.229492188,35214,133999,9.679,3.1004,6.5786,35.6162,0.18471,0.8824,0.9849,1.1163
cql-weight1-seed1,cql,130000,5,130000,4cac985281519d24,-5583.229492188,40938,30344,12.3481,0.4941,11.854,35.6162,0.33283,0.9232,1.1056,1.1976
cql-weight1-seed1,cql,130000,6,130000,4cac985281519d24,-5583.229492188,51996,11915,15.9445,2.9218,13.0226,35.6162,0.36564,0.9466,1.1457,1.2103
cql-weight1-seed1,cql,130000,7,130000,4cac985281519d24,-5583.229492188,64933,19513,15.4366,5.7482,9.6884,35.6162,0.27202,0.915,1.0983,1.2003
cql-weight1-seed1,cql,130000,11,130000,4cac985281519d24,-5583.229492188,76763,39227,9.2596,3.7853,5.4743,35.6162,0.1537,0.9585,1.0476,1.0929
cql-weight1-seed1,cql,130000,12,130000,4cac985281519d24,-5583.229492188,33583,82841,7.8811,4.2402,3.6409,35.6162,0.10223,0.9418,1.0225,1.0857
cql-weight1-seed1,cql,130000,13,130000,4cac985281519d24,-5583.229492188,29838,52509,10.1844,1.4089,8.7755,35.6162,0.24639,0.9021,1.0536,1.1678
cql-weight1-seed1,cql,130000,14,130000,4cac985281519d24,-5583.229492188,36307,14110,16.338,0.7208,15.6172,35.6162,0.43849,0.9463,1.2115,1.2802
cql-weight1-seed1,cql,131000,0,131000,c2ada2bb1066a318,-5632.302734375,237311,68413,27.6462,8.3701,19.276,35.3505,0.54528,0.8481,1.1985,1.4132
cql-weight1-seed1,cql,131000,2,131000,c2ada2bb1066a318,-5632.302734375,168808,33814,16.6438,6.1206,10.5232,35.3505,0.29768,0.8913,1.0336,1.1596
cql-weight1-seed1,cql,131000,4,131000,c2ada2bb1066a318,-5632.302734375,35214,133999,8.8771,2.994,5.8831,35.3505,0.16642,0.8818,0.9842,1.1161
cql-weight1-seed1,cql,131000,5,131000,c2ada2bb1066a318,-5632.302734375,40938,30344,12.2197,0.6062,11.6135,35.3505,0.32853,0.9259,1.107,1.1955
cql-weight1-seed1,cql,131000,6,131000,c2ada2bb1066a318,-5632.302734375,51996,11915,15.8316,2.7459,13.0857,35.3505,0.37017,0.9488,1.1489,1.2109
cql-weight1-seed1,cql,131000,7,131000,c2ada2bb1066a318,-5632.302734375,64933,19513,15.1371,5.7982,9.3388,35.3505,0.26418,0.9108,1.0966,1.204
cql-weight1-seed1,cql,131000,11,131000,c2ada2bb1066a318,-5632.302734375,76763,39227,9.6676,4.1571,5.5106,35.3505,0.15588,0.9583,1.0472,1.0928
cql-weight1-seed1,cql,131000,12,131000,c2ada2bb1066a318,-5632.302734375,33583,82841,7.3156,4.0347,3.2809,35.3505,0.09281,0.9399,1.0208,1.086
cql-weight1-seed1,cql,131000,13,131000,c2ada2bb1066a318,-5632.302734375,29838,52509,9.5669,1.4842,8.0827,35.3505,0.22865,0.9004,1.053,1.1696
cql-weight1-seed1,cql,131000,14,131000,c2ada2bb1066a318,-5632.302734375,36307,14110,16.1967,0.6046,15.5921,35.3505,0.44107,0.9501,1.2151,1.2789
cql-weight1-seed1,cql,132000,0,132000,48c4ddbb58c62daa,-5675.145019531,237311,68413,27.6325,8.368,19.2645,35.6127,0.54094,0.8461,1.1942,1.4114
cql-weight1-seed1,cql,132000,2,132000,48c4ddbb58c62daa,-5675.145019531,168808,33814,16.6212,6.0278,10.5934,35.6127,0.29746,0.8908,1.0317,1.1582
cql-weight1-seed1,cql,132000,4,132000,48c4ddbb58c62daa,-5675.145019531,35214,133999,9.0724,3.1318,5.9406,35.6127,0.16681,0.8811,0.9799,1.1121
cql-weight1-seed1,cql,132000,5,132000,48c4ddbb58c62daa,-5675.145019531,40938,30344,12.1354,0.6705,11.4649,35.6127,0.32193,0.922,1.1023,1.1955
cql-weight1-seed1,cql,132000,6,132000,48c4ddbb58c62daa,-5675.145019531,51996,11915,15.8107,2.8922,12.9185,35.6127,0.36275,0.9447,1.1405,1.2073
cql-weight1-seed1,cql,132000,7,132000,48c4ddbb58c62daa,-5675.145019531,64933,19513,15.3128,5.8132,9.4995,35.6127,0.26675,0.9128,1.0944,1.1989
cql-weight1-seed1,cql,132000,11,132000,48c4ddbb58c62daa,-5675.145019531,76763,39227,9.4058,3.9697,5.436,35.6127,0.15264,0.9624,1.0491,1.0901
cql-weight1-seed1,cql,132000,12,132000,48c4ddbb58c62daa,-5675.145019531,33583,82841,7.4618,4.1084,3.3534,35.6127,0.09416,0.9431,1.0209,1.0825
cql-weight1-seed1,cql,132000,13,132000,48c4ddbb58c62daa,-5675.145019531,29838,52509,9.4389,1.4702,7.9687,35.6127,0.22376,0.9008,1.0512,1.1669
cql-weight1-seed1,cql,132000,14,132000,48c4ddbb58c62daa,-5675.145019531,36307,14110,15.8041,0.3533,15.4508,35.6127,0.43386,0.9465,1.2071,1.2752
cql-weight1-seed1,cql,133000,0,133000,987c05b21bc16546,-5734.276855469,237311,68413,27.546,8.3676,19.1784,35.6057,0.53863,0.8475,1.2,1.416
cql-weight1-seed1,cql,133000,2,133000,987c05b21bc16546,-5734.276855469,168808,33814,16.6782,6.2294,10.4488,35.6057,0.29346,0.8922,1.0354,1.1606
cql-weight1-seed1,cql,133000,4,133000,987c05b21bc16546,-5734.276855469,35214,133999,8.3964,3.0253,5.3711,35.6057,0.15085,0.8806,0.9824,1.1155
cql-weight1-seed1,cql,133000,5,133000,987c05b21bc16546,-5734.276855469,40938,30344,11.7504,0.4336,11.3168,35.6057,0.31784,0.9236,1.1063,1.1977
cql-weight1-seed1,cql,133000,6,133000,987c05b21bc16546,-5734.276855469,51996,11915,15.6077,2.6111,12.9965,35.6057,0.36501,0.948,1.147,1.2099
cql-weight1-seed1,cql,133000,7,133000,987c05b21bc16546,-5734.276855469,64933,19513,14.7042,5.287,9.4172,35.6057,0.26448,0.9146,1.0993,1.202
cql-weight1-seed1,cql,133000,11,133000,987c05b21bc16546,-5734.276855469,76763,39227,9.0317,3.8726,5.1591,35.6057,0.1449,0.9601,1.0472,1.0907
cql-weight1-seed1,cql,133000,12,133000,987c05b21bc16546,-5734.276855469,33583,82841,7.1388,4.0019,3.1368,35.6057,0.0881,0.9428,1.0226,1.0847
cql-weight1-seed1,cql,133000,13,133000,987c05b21bc16546,-5734.276855469,29838,52509,8.6956,1.3302,7.3655,35.6057,0.20686,0.8997,1.0548,1.1724
cql-weight1-seed1,cql,133000,14,133000,987c05b21bc16546,-5734.276855469,36307,14110,15.4717,0.3275,15.1443,35.6057,0.42533,0.9484,1.2153,1.2814
cql-weight1-seed1,cql,134000,0,134000,10ad66ac569c14c7,-5785.172851562,237311,68413,27.4983,7.8272,19.671,36.1348,0.54438,0.8474,1.1966,1.412
cql-weight1-seed1,cql,134000,2,134000,10ad66ac569c14c7,-5785.172851562,168808,33814,16.7484,6.0745,10.6739,36.1348,0.29539,0.8916,1.0335,1.1591
cql-weight1-seed1,cql,134000,4,134000,10ad66ac569c14c7,-5785.172851562,35214,133999,9.0488,2.8926,6.1562,36.1348,0.17037,0.8776,0.9821,1.119
cql-weight1-seed1,cql,134000,5,134000,10ad66ac569c14c7,-5785.172851562,40938,30344,12.2113,0.3688,11.8425,36.1348,0.32773,0.9217,1.1048,1.1987
cql-weight1-seed1,cql,134000,6,134000,10ad66ac569c14c7,-5785.172851562,51996,11915,15.6811,2.7014,12.9797,36.1348,0.3592,0.9466,1.1443,1.2088
cql-weight1-seed1,cql,134000,7,134000,10ad66ac569c14c7,-5785.172851562,64933,19513,15.1569,5.6209,9.5359,36.1348,0.2639,0.9131,1.0956,1.1998
cql-weight1-seed1,cql,134000,11,134000,10ad66ac569c14c7,-5785.172851562,76763,39227,9.2246,3.8337,5.391,36.1348,0.14919,0.9615,1.0491,1.0912
cql-weight1-seed1,cql,134000,12,134000,10ad66ac569c14c7,-5785.172851562,33583,82841,7.2384,3.8972,3.3412,36.1348,0.09246,0.9412,1.0214,1.0851
cql-weight1-seed1,cql,134000,13,134000,10ad66ac569c14c7,-5785.172851562,29838,52509,8.7091,1.2278,7.4813,36.1348,0.20704,0.8983,1.0538,1.1731
cql-weight1-seed1,cql,134000,14,134000,10ad66ac569c14c7,-5785.172851562,36307,14110,15.6168,0.4266,15.1902,36.1348,0.42038,0.9453,1.212,1.2821
cql-weight1-seed1,cql,135000,0,135000,08ffabf879b12c5e,-5832.515625,237311,68413,27.457,8.3176,19.1394,35.5317,0.53866,0.846,1.1927,1.4098
cql-weight1-seed1,cql,135000,2,135000,08ffabf879b12c5e,-5832.515625,168808,33814,16.3719,5.9664,10.4054,35.5317,0.29285,0.8907,1.0321,1.1587
cql-weight1-seed1,cql,135000,4,135000,08ffabf879b12c5e,-5832.515625,35214,133999,9.0961,3.0347,6.0614,35.5317,0.17059,0.8821,0.9845,1.1162
cql-weight1-seed1,cql,135000,5,135000,08ffabf879b12c5e,-5832.515625,40938,30344,12.6589,0.5811,12.0777,35.5317,0.33991,0.9235,1.1081,1.1999
cql-weight1-seed1,cql,135000,6,135000,08ffabf879b12c5e,-5832.515625,51996,11915,15.7287,2.5393,13.1893,35.5317,0.3712,0.9496,1.1493,1.2103
cql-weight1-seed1,cql,135000,7,135000,08ffabf879b12c5e,-5832.515625,64933,19513,14.9891,5.3677,9.6214,35.5317,0.27078,0.9141,1.0966,1.1996
cql-weight1-seed1,cql,135000,11,135000,08ffabf879b12c5e,-5832.515625,76763,39227,9.0135,3.7582,5.2552,35.5317,0.1479,0.9592,1.0488,1.0934
cql-weight1-seed1,cql,135000,12,135000,08ffabf879b12c5e,-5832.515625,33583,82841,7.346,4.0405,3.3055,35.5317,0.09303,0.9426,1.0234,1.0858
cql-weight1-seed1,cql,135000,13,135000,08ffabf879b12c5e,-5832.515625,29838,52509,9.5165,1.3685,8.148,35.5317,0.22932,0.9019,1.0546,1.1693
cql-weight1-seed1,cql,135000,14,135000,08ffabf879b12c5e,-5832.515625,36307,14110,16.1415,0.6652,15.4763,35.5317,0.43557,0.9493,1.2169,1.2819
cql-weight1-seed1,cql,136000,0,136000,fbc993952fd94a26,-5884.96484375,237311,68413,27.5954,7.8909,19.7044,35.8496,0.54964,0.8483,1.193,1.4064
cql-weight1-seed1,cql,136000,2,136000,fbc993952fd94a26,-5884.96484375,168808,33814,16.3577,6.2094,10.1483,35.8496,0.28308,0.8915,1.0348,1.1607
cql-weight1-seed1,cql,136000,4,136000,fbc993952fd94a26,-5884.96484375,35214,133999,8.6414,2.9742,5.6673,35.8496,0.15808,0.8827,0.9833,1.1139
cql-weight1-seed1,cql,136000,5,136000,fbc993952fd94a26,-5884.96484375,40938,30344,11.8795,0.5027,11.3768,35.8496,0.31735,0.924,1.1056,1.1965
cql-weight1-seed1,cql,136000,6,136000,fbc993952fd94a26,-5884.96484375,51996,11915,15.5893,2.6708,12.9185,35.8496,0.36035,0.9452,1.1418,1.208
cql-weight1-seed1,cql,136000,7,136000,fbc993952fd94a26,-5884.96484375,64933,19513,15.0981,5.6221,9.476,35.8496,0.26433,0.9137,1.096,1.1995
cql-weight1-seed1,cql,136000,11,136000,fbc993952fd94a26,-5884.96484375,76763,39227,9.1441,3.8118,5.3323,35.8496,0.14874,0.9603,1.0473,1.0906
cql-weight1-seed1,cql,136000,12,136000,fbc993952fd94a26,-5884.96484375,33583,82841,7.2964,4.0013,3.295,35.8496,0.09191,0.9403,1.0221,1.087
cql-weight1-seed1,cql,136000,13,136000,fbc993952fd94a26,-5884.96484375,29838,52509,9.043,1.4055,7.6374,35.8496,0.21304,0.902,1.0548,1.1693
cql-weight1-seed1,cql,136000,14,136000,fbc993952fd94a26,-5884.96484375,36307,14110,15.9423,0.5236,15.4187,35.8496,0.43009,0.9464,1.2095,1.278
cql-weight1-seed1,cql,137000,0,137000,ca6de8142a6563f8,-5935.136230469,237311,68413,27.4412,8.2971,19.1441,35.3784,0.54112,0.8464,1.1918,1.4081
cql-weight1-seed1,cql,137000,2,137000,ca6de8142a6563f8,-5935.136230469,168808,33814,16.2626,5.8089,10.4537,35.3784,0.29548,0.8912,1.0326,1.1587
cql-weight1-seed1,cql,137000,4,137000,ca6de8142a6563f8,-5935.136230469,35214,133999,9.0672,3.0845,5.9828,35.3784,0.16911,0.8776,0.9828,1.1199
cql-weight1-seed1,cql,137000,5,137000,ca6de8142a6563f8,-5935.136230469,40938,30344,12.1625,0.5039,11.6586,35.3784,0.32954,0.9224,1.1042,1.197
cql-weight1-seed1,cql,137000,6,137000,ca6de8142a6563f8,-5935.136230469,51996,11915,15.4664,2.6217,12.8447,35.3784,0.36307,0.9466,1.1396,1.2039
cql-weight1-seed1,cql,137000,7,137000,ca6de8142a6563f8,-5935.136230469,64933,19513,14.8705,5.7344,9.1361,35.3784,0.25824,0.9131,1.0933,1.1973
cql-weight1-seed1,cql,137000,11,137000,ca6de8142a6563f8,-5935.136230469,76763,39227,8.7824,3.6189,5.1635,35.3784,0.14595,0.9597,1.0476,1.0916
cql-weight1-seed1,cql,137000,12,137000,ca6de8142a6563f8,-5935.136230469,33583,82841,7.2269,3.9431,3.2837,35.3784,0.09282,0.9404,1.0209,1.0856
cql-weight1-seed1,cql,137000,13,137000,ca6de8142a6563f8,-5935.136230469,29838,52509,9.6257,1.4483,8.1774,35.3784,0.23114,0.8975,1.0513,1.1714
cql-weight1-seed1,cql,137000,14,137000,ca6de8142a6563f8,-5935.136230469,36307,14110,16.0766,0.5791,15.4975,35.3784,0.43805,0.9463,1.2078,1.2764
cql-weight1-seed1,cql,138000,0,138000,b610fd6240785fdb,-5986.81640625,237311,68413,27.637,8.2739,19.3631,35.6604,0.54299,0.8468,1.1916,1.4072
cql-weight1-seed1,cql,138000,2,138000,b610fd6240785fdb,-5986.81640625,168808,33814,16.6643,6.0636,10.6007,35.6604,0.29727,0.8904,1.0335,1.1607
cql-weight1-seed1,cql,138000,4,138000,b610fd6240785fdb,-5986.81640625,35214,133999,8.437,2.8996,5.5374,35.6604,0.15528,0.8792,0.9842,1.1195
cql-weight1-seed1,cql,138000,5,138000,b610fd6240785fdb,-5986.81640625,40938,30344,11.795,0.5395,11.2554,35.6604,0.31563,0.9221,1.1089,1.2026
cql-weight1-seed1,cql,138000,6,138000,b610fd6240785fdb,-5986.81640625,51996,11915,15.6433,2.6812,12.9621,35.6604,0.36349,0.9473,1.1445,1.2082
cql-weight1-seed1,cql,138000,7,138000,b610fd6240785fdb,-5986.81640625,64933,19513,14.8741,5.375,9.499,35.6604,0.26637,0.9136,1.0908,1.1939
cql-weight1-seed1,cql,138000,11,138000,b610fd6240785fdb,-5986.81640625,76763,39227,8.8367,3.611,5.2257,35.6604,0.14654,0.96,1.0471,1.0908
cql-weight1-seed1,cql,138000,12,138000,b610fd6240785fdb,-5986.81640625,33583,82841,6.602,3.6965,2.9055,35.6604,0.08148,0.9422,1.0216,1.0842
cql-weight1-seed1,cql,138000,13,138000,b610fd6240785fdb,-5986.81640625,29838,52509,8.4679,1.2049,7.263,35.6604,0.20367,0.8998,1.056,1.1736
cql-weight1-seed1,cql,138000,14,138000,b610fd6240785fdb,-5986.81640625,36307,14110,15.3027,0.2108,15.0919,35.6604,0.42321,0.9465,1.2132,1.2819
cql-weight1-seed1,cql,139000,0,139000,41b8c71e8603b953,-6050.144042969,237311,68413,27.097,7.965,19.132,35.2174,0.54325,0.8477,1.1944,1.4091
cql-weight1-seed1,cql,139000,2,139000,41b8c71e8603b953,-6050.144042969,168808,33814,16.2031,6.0028,10.2003,35.2174,0.28964,0.8923,1.0316,1.1561
cql-weight1-seed1,cql,139000,4,139000,41b8c71e8603b953,-6050.144042969,35214,133999,8.9351,2.925,6.01,35.2174,0.17065,0.8793,0.9831,1.118
cql-weight1-seed1,cql,139000,5,139000,41b8c71e8603b953,-6050.144042969,40938,30344,12.1978,0.4005,11.7972,35.2174,0.33498,0.9225,1.105,1.1978
cql-weight1-seed1,cql,139000,6,139000,41b8c71e8603b953,-6050.144042969,51996,11915,15.1027,2.3411,12.7616,35.2174,0.36236,0.9481,1.1445,1.2072
cql-weight1-seed1,cql,139000,7,139000,41b8c71e8603b953,-6050.144042969,64933,19513,14.5344,5.5324,9.0019,35.2174,0.25561,0.9134,1.0953,1.1992
cql-weight1-seed1,cql,139000,11,139000,41b8c71e8603b953,-6050.144042969,76763,39227,8.8065,3.6929,5.1136,35.2174,0.1452,0.9609,1.0485,1.0912
cql-weight1-seed1,cql,139000,12,139000,41b8c71e8603b953,-6050.144042969,33583,82841,6.716,3.697,3.0189,35.2174,0.08572,0.9411,1.0206,1.0845
cql-weight1-seed1,cql,139000,13,139000,41b8c71e8603b953,-6050.144042969,29838,52509,9.2448,1.2707,7.9741,35.2174,0.22643,0.8984,1.0536,1.1729
cql-weight1-seed1,cql,139000,14,139000,41b8c71e8603b953,-6050.144042969,36307,14110,15.5312,0.2809,15.2504,35.2174,0.43303,0.9461,1.2082,1.2771
cql-weight1-seed1,cql,140000,0,140000,ebde3c374e4e4559,-6101.019042969,237311,68413,27.1323,7.8746,19.2577,35.4811,0.54276,0.8464,1.1896,1.4055
cql-weight1-seed1,cql,140000,2,140000,ebde3c374e4e4559,-6101.019042969,168808,33814,16.205,5.8497,10.3553,35.4811,0.29185,0.891,1.0315,1.1577
cql-weight1-seed1,cql,140000,4,140000,ebde3c374e4e4559,-6101.019042969,35214,133999,9.1742,3.2337,5.9405,35.4811,0.16743,0.8786,0.9824,1.1181
cql-weight1-seed1,cql,140000,5,140000,ebde3c374e4e4559,-6101.019042969,40938,30344,12.2322,0.4612,11.771,35.4811,0.33175,0.9239,1.1036,1.1944
cql-weight1-seed1,cql,140000,6,140000,ebde3c374e4e4559,-6101.019042969,51996,11915,15.3513,2.4772,12.8742,35.4811,0.36285,0.9457,1.1366,1.2018
cql-weight1-seed1,cql,140000,7,140000,ebde3c374e4e4559,-6101.019042969,64933,19513,14.5558,5.2172,9.3386,35.4811,0.2632,0.9117,1.0928,1.1986
cql-weight1-seed1,cql,140000,11,140000,ebde3c374e4e4559,-6101.019042969,76763,39227,8.6973,3.6135,5.0838,35.4811,0.14328,0.9597,1.0494,1.0934
cql-weight1-seed1,cql,140000,12,140000,ebde3c374e4e4559,-6101.019042969,33583,82841,6.7426,3.7875,2.955,35.4811,0.08329,0.9401,1.0218,1.0868
cql-weight1-seed1,cql,140000,13,140000,ebde3c374e4e4559,-6101.019042969,29838,52509,8.5358,1.196,7.3398,35.4811,0.20687,0.9011,1.0533,1.1688
cql-weight1-seed1,cql,140000,14,140000,ebde3c374e4e4559,-6101.019042969,36307,14110,15.4672,0.3438,15.1234,35.4811,0.42624,0.9449,1.203,1.2731
cql-weight1-seed1,cql,141000,0,141000,fa1567974ef68bf8,-6150.296875,237311,68413,27.4339,8.0617,19.3723,35.5883,0.54434,0.8462,1.1936,1.4105
cql-weight1-seed1,cql,141000,2,141000,fa1567974ef68bf8,-6150.296875,168808,33814,16.4377,6.0828,10.3549,35.5883,0.29096,0.891,1.0327,1.1591
cql-weight1-seed1,cql,141000,4,141000,fa1567974ef68bf8,-6150.296875,35214,133999,8.6959,2.9361,5.7598,35.5883,0.16184,0.8822,0.9845,1.1159
cql-weight1-seed1,cql,141000,5,141000,fa1567974ef68bf8,-6150.296875,40938,30344,11.7841,0.4719,11.3122,35.5883,0.31786,0.9218,1.1023,1.1958
cql-weight1-seed1,cql,141000,6,141000,fa1567974ef68bf8,-6150.296875,51996,11915,15.4068,2.519,12.8878,35.5883,0.36214,0.9472,1.1429,1.2066
cql-weight1-seed1,cql,141000,7,141000,fa1567974ef68bf8,-6150.296875,64933,19513,14.8907,5.7447,9.146,35.5883,0.257,0.9125,1.0959,1.201
cql-weight1-seed1,cql,141000,11,141000,fa1567974ef68bf8,-6150.296875,76763,39227,8.7659,3.7852,4.9807,35.5883,0.13995,0.9597,1.0481,1.0921
cql-weight1-seed1,cql,141000,12,141000,fa1567974ef68bf8,-6150.296875,33583,82841,6.9286,3.9263,3.0023,35.5883,0.08436,0.9409,1.0234,1.0876
cql-weight1-seed1,cql,141000,13,141000,fa1567974ef68bf8,-6150.296875,29838,52509,9.1381,1.3855,7.7526,35.5883,0.21784,0.9008,1.0534,1.1694
cql-weight1-seed1,cql,141000,14,141000,fa1567974ef68bf8,-6150.296875,36307,14110,15.3859,0.4016,14.9843,35.5883,0.42104,0.9489,1.209,1.2741
cql-weight1-seed1,cql,142000,0,142000,eb31602a1c982276,-6201.064453125,237311,68413,27.1345,7.9629,19.1715,35.5882,0.5387,0.845,1.191,1.4094
cql-weight1-seed1,cql,142000,2,142000,eb31602a1c982276,-6201.064453125,168808,33814,15.939,5.9511,9.9879,35.5882,0.28065,0.8906,1.0314,1.1581
cql-weight1-seed1,cql,142000,4,142000,eb31602a1c982276,-6201.064453125,35214,133999,8.4693,2.9877,5.4816,35.5882,0.15403,0.8793,0.982,1.1168
cql-weight1-seed1,cql,142000,5,142000,eb31602a1c982276,-6201.064453125,40938,30344,11.4278,0.2524,11.1754,35.5882,0.31402,0.9219,1.1025,1.196
cql-weight1-seed1,cql,142000,6,142000,eb31602a1c982276,-6201.064453125,51996,11915,14.7718,2.3697,12.4021,35.5882,0.34849,0.9458,1.1412,1.2066
cql-weight1-seed1,cql,142000,7,142000,eb31602a1c982276,-6201.064453125,64933,19513,14.6204,5.1119,9.5085,35.5882,0.26718,0.9132,1.0941,1.1981
cql-weight1-seed1,cql,142000,11,142000,eb31602a1c982276,-6201.064453125,76763,39227,8.3495,3.4707,4.8788,35.5882,0.13709,0.9606,1.0477,1.0907
cql-weight1-seed1,cql,142000,12,142000,eb31602a1c982276,-6201.064453125,33583,82841,6.226,3.5816,2.6444,35.5882,0.07431,0.9423,1.0199,1.0823
cql-weight1-seed1,cql,142000,13,142000,eb31602a1c982276,-6201.064453125,29838,52509,8.4444,1.1747,7.2696,35.5882,0.20427,0.8985,1.0517,1.1705
cql-weight1-seed1,cql,142000,14,142000,eb31602a1c982276,-6201.064453125,36307,14110,15.0065,0.2344,14.7721,35.5882,0.41508,0.9439,1.2057,1.2774
cql-weight1-seed1,cql,143000,0,143000,f8dd1a6ac2946ece,-6245.397460938,237311,68413,27.0523,8.0554,18.9969,35.4243,0.53627,0.8457,1.1941,1.4119
cql-weight1-seed1,cql,143000,2,143000,f8dd1a6ac2946ece,-6245.397460938,168808,33814,16.1275,6.2066,9.9209,35.4243,0.28006,0.8908,1.0319,1.1584
cql-weight1-seed1,cql,143000,4,143000,f8dd1a6ac2946ece,-6245.397460938,35214,133999,8.8478,2.9428,5.9051,35.4243,0.1667,0.8768,0.9813,1.1191
cql-weight1-seed1,cql,143000,5,143000,f8dd1a6ac2946ece,-6245.397460938,40938,30344,12.0326,0.5096,11.523,35.4243,0.32529,0.9217,1.1045,1.1983
cql-weight1-seed1,cql,143000,6,143000,f8dd1a6ac2946ece,-6245.397460938,51996,11915,15.3864,2.7183,12.6682,35.4243,0.35761,0.9453,1.1401,1.2061
cql-weight1-seed1,cql,143000,7,143000,f8dd1a6ac2946ece,-6245.397460938,64933,19513,14.757,5.5172,9.2399,35.4243,0.26084,0.9133,1.0973,1.2015
cql-weight1-seed1,cql,143000,11,143000,f8dd1a6ac2946ece,-6245.397460938,76763,39227,8.3636,3.4815,4.8821,35.4243,0.13782,0.959,1.0457,1.0903
cql-weight1-seed1,cql,143000,12,143000,f8dd1a6ac2946ece,-6245.397460938,33583,82841,7.1357,3.8026,3.3332,35.4243,0.09409,0.9417,1.0211,1.0842
cql-weight1-seed1,cql,143000,13,143000,f8dd1a6ac2946ece,-6245.397460938,29838,52509,8.8593,1.2327,7.6266,35.4243,0.21529,0.898,1.0517,1.1712
cql-weight1-seed1,cql,143000,14,143000,f8dd1a6ac2946ece,-6245.397460938,36307,14110,15.2489,0.3295,14.9195,35.4243,0.42116,0.9449,1.2092,1.2798
cql-weight1-seed1,cql,144000,0,144000,2469c718ac2666c3,-6301.203613281,237311,68413,26.944,7.9064,19.0376,35.1968,0.54089,0.8471,1.1944,1.4099
cql-weight1-seed1,cql,144000,2,144000,2469c718ac2666c3,-6301.203613281,168808,33814,16.0268,5.8412,10.1856,35.1968,0.28939,0.8901,1.0317,1.1591
cql-weight1-seed1,cql,144000,4,144000,2469c718ac2666c3,-6301.203613281,35214,133999,8.2833,2.8307,5.4526,35.1968,0.15492,0.8786,0.982,1.1178
cql-weight1-seed1,cql,144000,5,144000,2469c718ac2666c3,-6301.203613281,40938,30344,11.3211,0.3429,10.9781,35.1968,0.31191,0.9228,1.1043,1.1968
cql-weight1-seed1,cql,144000,6,144000,2469c718ac2666c3,-6301.203613281,51996,11915,15.373,2.7156,12.6574,35.1968,0.35962,0.9449,1.1422,1.2088
cql-weight1-seed1,cql,144000,7,144000,2469c718ac2666c3,-6301.203613281,64933,19513,14.625,5.3686,9.2564,35.1968,0.26299,0.9126,1.095,1.1998
cql-weight1-seed1,cql,144000,11,144000,2469c718ac2666c3,-6301.203613281,76763,39227,8.581,3.5905,4.9905,35.1968,0.14179,0.9606,1.0466,1.0896
cql-weight1-seed1,cql,144000,12,144000,2469c718ac2666c3,-6301.203613281,33583,82841,7.0305,3.8468,3.1837,35.1968,0.09045,0.9411,1.0199,1.0837
cql-weight1-seed1,cql,144000,13,144000,2469c718ac2666c3,-6301.203613281,29838,52509,8.6836,1.1697,7.5138,35.1968,0.21348,0.9003,1.0522,1.1688
cql-weight1-seed1,cql,144000,14,144000,2469c718ac2666c3,-6301.203613281,36307,14110,15.3777,0.3413,15.0364,35.1968,0.42721,0.9447,1.2032,1.2736
cql-weight1-seed1,cql,145000,0,145000,878f3d4afdeb338f,-6339.179199219,237311,68413,27.0785,7.9738,19.1047,35.139,0.54369,0.8454,1.1934,1.4117
cql-weight1-seed1,cql,145000,2,145000,878f3d4afdeb338f,-6339.179199219,168808,33814,16.1244,6.1328,9.9916,35.139,0.28435,0.8908,1.0347,1.1616
cql-weight1-seed1,cql,145000,4,145000,878f3d4afdeb338f,-6339.179199219,35214,133999,8.4964,2.9228,5.5737,35.139,0.15862,0.8779,0.981,1.1175
cql-weight1-seed1,cql,145000,5,145000,878f3d4afdeb338f,-6339.179199219,40938,30344,11.3419,0.3962,10.9457,35.139,0.3115,0.925,1.105,1.1945
cql-weight1-seed1,cql,145000,6,145000,878f3d4afdeb338f,-6339.179199219,51996,11915,14.9874,2.2289,12.7585,35.139,0.36309,0.9489,1.1488,1.2106
cql-weight1-seed1,cql,145000,7,145000,878f3d4afdeb338f,-6339.179199219,64933,19513,14.4725,5.3594,9.113,35.139,0.25934,0.9129,1.0957,1.2003
cql-weight1-seed1,cql,145000,11,145000,878f3d4afdeb338f,-6339.179199219,76763,39227,8.3441,3.6013,4.7428,35.139,0.13497,0.9589,1.0453,1.0901
cql-weight1-seed1,cql,145000,12,145000,878f3d4afdeb338f,-6339.179199219,33583,82841,6.5498,3.6088,2.941,35.139,0.0837,0.9399,1.0191,1.0843
cql-weight1-seed1,cql,145000,13,145000,878f3d4afdeb338f,-6339.179199219,29838,52509,8.4923,1.2529,7.2393,35.139,0.20602,0.9012,1.0521,1.1674
cql-weight1-seed1,cql,145000,14,145000,878f3d4afdeb338f,-6339.179199219,36307,14110,14.9588,0.1615,14.7973,35.139,0.42111,0.9515,1.2126,1.2744
cql-weight1-seed1,cql,146000,0,146000,6ca6f0204643c57e,-6387.21875,237311,68413,27.0039,7.8479,19.156,35.2803,0.54297,0.8466,1.1909,1.4068
cql-weight1-seed1,cql,146000,2,146000,6ca6f0204643c57e,-6387.21875,168808,33814,15.5747,5.6784,9.8963,35.2803,0.2805,0.8904,1.0318,1.1588
cql-weight1-seed1,cql,146000,4,146000,6ca6f0204643c57e,-6387.21875,35214,133999,8.4904,3.0512,5.4392,35.2803,0.15417,0.8812,0.9843,1.117
cql-weight1-seed1,cql,146000,5,146000,6ca6f0204643c57e,-6387.21875,40938,30344,11.57,0.3786,11.1914,35.2803,0.31721,0.9245,1.1022,1.1923
cql-weight1-seed1,cql,146000,6,146000,6ca6f0204643c57e,-6387.21875,51996,11915,15.0662,2.2251,12.8411,35.2803,0.36397,0.9475,1.1426,1.2059
cql-weight1-seed1,cql,146000,7,146000,6ca6f0204643c57e,-6387.21875,64933,19513,14.4318,4.9388,9.493,35.2803,0.26907,0.9121,1.0939,1.1993
cql-weight1-seed1,cql,146000,11,146000,6ca6f0204643c57e,-6387.21875,76763,39227,8.3771,3.5322,4.8448,35.2803,0.13732,0.9598,1.0455,1.0893
cql-weight1-seed1,cql,146000,12,146000,6ca6f0204643c57e,-6387.21875,33583,82841,6.5112,3.6812,2.83,35.2803,0.08021,0.9418,1.0198,1.0827
cql-weight1-seed1,cql,146000,13,146000,6ca6f0204643c57e,-6387.21875,29838,52509,8.9717,1.3884,7.5833,35.2803,0.21494,0.9005,1.0536,1.17
cql-weight1-seed1,cql,146000,14,146000,6ca6f0204643c57e,-6387.21875,36307,14110,15.3739,0.3057,15.0682,35.2803,0.4271,0.9488,1.2077,1.2728
cql-weight1-seed1,cql,147000,0,147000,816ba0ecf2c6c553,-6451.517578125,237311,68413,27.2815,8.2201,19.0614,35.0522,0.5438,0.8459,1.1918,1.4089
cql-weight1-seed1,cql,147000,2,147000,816ba0ecf2c6c553,-6451.517578125,168808,33814,16.2959,6.0722,10.2237,35.0522,0.29167,0.8912,1.032,1.158
cql-weight1-seed1,cql,147000,4,147000,816ba0ecf2c6c553,-6451.517578125,35214,133999,8.2052,2.8573,5.3479,35.0522,0.15257,0.8778,0.9808,1.1174
cql-weight1-seed1,cql,147000,5,147000,816ba0ecf2c6c553,-6451.517578125,40938,30344,11.6173,0.449,11.1683,35.0522,0.31862,0.922,1.1039,1.1973
cql-weight1-seed1,cql,147000,6,147000,816ba0ecf2c6c553,-6451.517578125,51996,11915,15.537,2.9018,12.6352,35.0522,0.36047,0.9452,1.1417,1.2079
cql-weight1-seed1,cql,147000,7,147000,816ba0ecf2c6c553,-6451.517578125,64933,19513,14.4952,5.4808,9.0145,35.0522,0.25717,0.9121,1.0922,1.1975
cql-weight1-seed1,cql,147000,11,147000,816ba0ecf2c6c553,-6451.517578125,76763,39227,8.6824,3.7455,4.9369,35.0522,0.14084,0.9607,1.0476,1.0904
cql-weight1-seed1,cql,147000,12,147000,816ba0ecf2c6c553,-6451.517578125,33583,82841,6.986,3.8623,3.1237,35.0522,0.08912,0.9395,1.0182,1.0838
cql-weight1-seed1,cql,147000,13,147000,816ba0ecf2c6c553,-6451.517578125,29838,52509,8.7968,1.2727,7.5242,35.0522,0.21466,0.8993,1.0525,1.1704
cql-weight1-seed1,cql,147000,14,147000,816ba0ecf2c6c553,-6451.517578125,36307,14110,15.2895,0.384,14.9055,35.0522,0.42524,0.9466,1.2058,1.2738
cql-weight1-seed1,cql,148000,0,148000,b8db35c950a9f890,-6499.06640625,237311,68413,26.848,7.4114,19.4366,35.5664,0.54649,0.8446,1.1916,1.4109
cql-weight1-seed1,cql,148000,2,148000,b8db35c950a9f890,-6499.06640625,168808,33814,16.1931,5.8241,10.369,35.5664,0.29154,0.8906,1.0329,1.1598
cql-weight1-seed1,cql,148000,4,148000,b8db35c950a9f890,-6499.06640625,35214,133999,8.6875,2.9063,5.7812,35.5664,0.16255,0.8807,0.9805,1.1133
cql-weight1-seed1,cql,148000,5,148000,b8db35c950a9f890,-6499.06640625,40938,30344,11.4139,0.4432,10.9708,35.5664,0.30846,0.9212,1.0996,1.1936
cql-weight1-seed1,cql,148000,6,148000,b8db35c950a9f890,-6499.06640625,51996,11915,15.1214,2.6034,12.518,35.5664,0.35196,0.9458,1.1426,1.2081
cql-weight1-seed1,cql,148000,7,148000,b8db35c950a9f890,-6499.06640625,64933,19513,14.6686,5.4168,9.2518,35.5664,0.26013,0.9122,1.0949,1.2003
cql-weight1-seed1,cql,148000,11,148000,b8db35c950a9f890,-6499.06640625,76763,39227,8.8507,3.7354,5.1153,35.5664,0.14382,0.9591,1.0464,1.0911
cql-weight1-seed1,cql,148000,12,148000,b8db35c950a9f890,-6499.06640625,33583,82841,6.9368,3.793,3.1438,35.5664,0.08839,0.9405,1.0195,1.084
cql-weight1-seed1,cql,148000,13,148000,b8db35c950a9f890,-6499.06640625,29838,52509,8.806,1.2672,7.5388,35.5664,0.21196,0.8965,1.0484,1.1694
cql-weight1-seed1,cql,148000,14,148000,b8db35c950a9f890,-6499.06640625,36307,14110,14.9911,0.2059,14.7851,35.5664,0.4157,0.9475,1.2093,1.2764
cql-weight1-seed1,cql,149000,0,149000,801b7dc4d43df53c,-6544.095214844,237311,68413,26.9572,7.4454,19.5119,35.2436,0.55363,0.8454,1.1889,1.4063
cql-weight1-seed1,cql,149000,2,149000,801b7dc4d43df53c,-6544.095214844,168808,33814,15.8629,5.8072,10.0557,35.2436,0.28532,0.89,1.0311,1.1585
cql-weight1-seed1,cql,149000,4,149000,801b7dc4d43df53c,-6544.095214844,35214,133999,8.0173,2.9237,5.0937,35.2436,0.14453,0.88,0.9811,1.115
cql-weight1-seed1,cql,149000,5,149000,801b7dc4d43df53c,-6544.095214844,40938,30344,11.5322,0.5829,10.9494,35.2436,0.31068,0.9268,1.1043,1.1916
cql-weight1-seed1,cql,149000,6,149000,801b7dc4d43df53c,-6544.095214844,51996,11915,14.4215,2.2316,12.1899,35.2436,0.34588,0.9471,1.1425,1.2064
cql-weight1-seed1,cql,149000,7,149000,801b7dc4d43df53c,-6544.095214844,64933,19513,14.016,4.9273,9.0887,35.2436,0.25788,0.9114,1.0875,1.1932
cql-weight1-seed1,cql,149000,11,149000,801b7dc4d43df53c,-6544.095214844,76763,39227,8.4589,3.472,4.9868,35.2436,0.1415,0.9592,1.0468,1.0913
cql-weight1-seed1,cql,149000,12,149000,801b7dc4d43df53c,-6544.095214844,33583,82841,6.8482,3.8077,3.0405,35.2436,0.08627,0.9407,1.02,1.0844
cql-weight1-seed1,cql,149000,13,149000,801b7dc4d43df53c,-6544.095214844,29838,52509,9.1173,1.3803,7.737,35.2436,0.21953,0.8992,1.0517,1.1695
cql-weight1-seed1,cql,149000,14,149000,801b7dc4d43df53c,-6544.095214844,36307,14110,15.4164,0.4726,14.9439,35.2436,0.42402,0.9485,1.2088,1.2745
cql-weight1-seed1,cql,150000,0,150000,7d9b9e5a050d5a4d,-6594.930664062,237311,68413,26.9084,7.7519,19.1565,35.5129,0.53942,0.8453,1.1944,1.413
cql-weight1-seed1,cql,150000,2,150000,7d9b9e5a050d5a4d,-6594.930664062,168808,33814,15.6571,5.4869,10.1703,35.5129,0.28638,0.8901,1.0315,1.1589
cql-weight1-seed1,cql,150000,4,150000,7d9b9e5a050d5a4d,-6594.930664062,35214,133999,8.0011,2.9056,5.0955,35.5129,0.14348,0.8772,0.9799,1.1171
cql-weight1-seed1,cql,150000,5,150000,7d9b9e5a050d5a4d,-6594.930664062,40938,30344,11.4425,0.4832,10.9593,35.5129,0.3086,0.9209,1.0988,1.1932
cql-weight1-seed1,cql,150000,6,150000,7d9b9e5a050d5a4d,-6594.930664062,51996,11915,14.8191,2.2945,12.5246,35.5129,0.35268,0.9437,1.1392,1.2072
cql-weight1-seed1,cql,150000,7,150000,7d9b9e5a050d5a4d,-6594.930664062,64933,19513,14.0466,4.9169,9.1297,35.5129,0.25708,0.9117,1.0937,1.1996
cql-weight1-seed1,cql,150000,11,150000,7d9b9e5a050d5a4d,-6594.930664062,76763,39227,8.8895,3.8537,5.0358,35.5129,0.1418,0.9607,1.0474,1.0903
cql-weight1-seed1,cql,150000,12,150000,7d9b9e5a050d5a4d,-6594.930664062,33583,82841,6.6574,3.8617,2.7957,35.5129,0.07872,0.9404,1.0198,1.0844
cql-weight1-seed1,cql,150000,13,150000,7d9b9e5a050d5a4d,-6594.930664062,29838,52509,8.3464,1.2405,7.1059,35.5129,0.20009,0.8968,1.0506,1.1715
cql-weight1-seed1,cql,150000,14,150000,7d9b9e5a050d5a4d,-6594.930664062,36307,14110,15.198,0.3429,14.8551,35.5129,0.4183,0.9448,1.2045,1.275
cql-weight1-seed1,cql,151000,0,151000,2d0a7fe052019bf1,-6633.750488281,237311,68413,26.9357,7.4731,19.4625,35.0913,0.55463,0.8461,1.1932,1.4103
cql-weight1-seed1,cql,151000,2,151000,2d0a7fe052019bf1,-6633.750488281,168808,33814,15.9698,5.5448,10.4251,35.0913,0.29708,0.8914,1.0327,1.1586
cql-weight1-seed1,cql,151000,4,151000,2d0a7fe052019bf1,-6633.750488281,35214,133999,8.7638,3.0699,5.6938,35.0913,0.16226,0.8786,0.9804,1.1159
cql-weight1-seed1,cql,151000,5,151000,2d0a7fe052019bf1,-6633.750488281,40938,30344,11.3888,0.4861,10.9028,35.0913,0.3107,0.9197,1.0985,1.1944
cql-weight1-seed1,cql,151000,6,151000,2d0a7fe052019bf1,-6633.750488281,51996,11915,14.9696,2.497,12.4727,35.0913,0.35544,0.9447,1.1412,1.2079
cql-weight1-seed1,cql,151000,7,151000,2d0a7fe052019bf1,-6633.750488281,64933,19513,14.275,5.0658,9.2091,35.0913,0.26243,0.9109,1.0906,1.1973
cql-weight1-seed1,cql,151000,11,151000,2d0a7fe052019bf1,-6633.750488281,76763,39227,8.5781,3.6251,4.953,35.0913,0.14115,0.9584,1.0463,1.0917
cql-weight1-seed1,cql,151000,12,151000,2d0a7fe052019bf1,-6633.750488281,33583,82841,7.1789,3.9628,3.2161,35.0913,0.09165,0.9415,1.0202,1.0835
cql-weight1-seed1,cql,151000,13,151000,2d0a7fe052019bf1,-6633.750488281,29838,52509,8.6247,1.2137,7.411,35.0913,0.21119,0.8992,1.0512,1.169
cql-weight1-seed1,cql,151000,14,151000,2d0a7fe052019bf1,-6633.750488281,36307,14110,15.235,0.2527,14.9823,35.0913,0.42695,0.9473,1.2109,1.2782
cql-weight1-seed1,cql,152000,0,152000,51da9976260c4ff2,-6688.143554688,237311,68413,26.7936,7.5356,19.2581,35.2808,0.54585,0.8462,1.1969,1.4145
cql-weight1-seed1,cql,152000,2,152000,51da9976260c4ff2,-6688.143554688,168808,33814,15.6989,5.7877,9.9113,35.2808,0.28093,0.8924,1.0331,1.1577
cql-weight1-seed1,cql,152000,4,152000,51da9976260c4ff2,-6688.143554688,35214,133999,8.3257,3.0182,5.3075,35.2808,0.15043,0.8797,0.982,1.1162
cql-weight1-seed1,cql,152000,5,152000,51da9976260c4ff2,-6688.143554688,40938,30344,11.578,0.4432,11.1347,35.2808,0.3156,0.9201,1.1035,1.1994
cql-weight1-seed1,cql,152000,6,152000,51da9976260c4ff2,-6688.143554688,51996,11915,15.0736,2.5262,12.5474,35.2808,0.35564,0.9465,1.1407,1.2052
cql-weight1-seed1,cql,152000,7,152000,51da9976260c4ff2,-6688.143554688,64933,19513,14.2353,5.1402,9.0951,35.2808,0.25779,0.9116,1.0902,1.196
cql-weight1-seed1,cql,152000,11,152000,51da9976260c4ff2,-6688.143554688,76763,39227,8.6228,3.8218,4.801,35.2808,0.13608,0.9581,1.0455,1.0912
cql-weight1-seed1,cql,152000,12,152000,51da9976260c4ff2,-6688.143554688,33583,82841,6.1937,3.7259,2.4678,35.2808,0.06995,0.9417,1.0189,1.0819
cql-weight1-seed1,cql,152000,13,152000,51da9976260c4ff2,-6688.143554688,29838,52509,7.9463,1.1841,6.7622,35.2808,0.19167,0.8961,1.0508,1.1727
cql-weight1-seed1,cql,152000,14,152000,51da9976260c4ff2,-6688.143554688,36307,14110,14.8876,0.0213,14.8663,35.2808,0.42137,0.949,1.2065,1.2713
cql-weight1-seed1,cql,153000,0,153000,38f30c85f26c880b,-6737.636230469,237311,68413,26.9074,7.5709,19.3365,35.332,0.54728,0.8471,1.1947,1.4103
cql-weight1-seed1,cql,153000,2,153000,38f30c85f26c880b,-6737.636230469,168808,33814,15.5328,5.5627,9.9702,35.332,0.28219,0.8915,1.0284,1.1535
cql-weight1-seed1,cql,153000,4,153000,38f30c85f26c880b,-6737.636230469,35214,133999,8.3284,3.0569,5.2716,35.332,0.1492,0.8809,0.9797,1.1121
cql-weight1-seed1,cql,153000,5,153000,38f30c85f26c880b,-6737.636230469,40938,30344,11.2275,0.576,10.6515,35.332,0.30147,0.9264,1.1036,1.1913
cql-weight1-seed1,cql,153000,6,153000,38f30c85f26c880b,-6737.636230469,51996,11915,15.1059,2.6789,12.427,35.332,0.35172,0.9451,1.1404,1.2066
cql-weight1-seed1,cql,153000,7,153000,38f30c85f26c880b,-6737.636230469,64933,19513,14.1927,5.037,9.1556,35.332,0.25913,0.9105,1.0946,1.2023
cql-weight1-seed1,cql,153000,11,153000,38f30c85f26c880b,-6737.636230469,76763,39227,8.1064,3.4199,4.6865,35.332,0.13264,0.9581,1.0465,1.0923
cql-weight1-seed1,cql,153000,12,153000,38f30c85f26c880b,-6737.636230469,33583,82841,6.57,3.6676,2.9024,35.332,0.08215,0.9412,1.0198,1.0835
cql-weight1-seed1,cql,153000,13,153000,38f30c85f26c880b,-6737.636230469,29838,52509,8.649,1.3616,7.2874,35.332,0.20625,0.9026,1.0527,1.1663
cql-weight1-seed1,cql,153000,14,153000,38f30c85f26c880b,-6737.636230469,36307,14110,14.7938,0.2088,14.585,35.332,0.4128,0.9487,1.21,1.2755
cql-weight1-seed1,cql,154000,0,154000,e969fba57eec2623,-6781.937988281,237311,68413,26.835,7.748,19.0871,35.2961,0.54077,0.8455,1.1962,1.4148
cql-weight1-seed1,cql,154000,2,154000,e969fba57eec2623,-6781.937988281,168808,33814,15.8541,5.5301,10.3239,35.2961,0.2925,0.8901,1.0297,1.1567
cql-weight1-seed1,cql,154000,4,154000,e969fba57eec2623,-6781.937988281,35214,133999,7.8414,2.6873,5.1541,35.2961,0.14602,0.8774,0.9778,1.1144
cql-weight1-seed1,cql,154000,5,154000,e969fba57eec2623,-6781.937988281,40938,30344,11.1787,0.2341,10.9446,35.2961,0.31008,0.9208,1.1017,1.1964
cql-weight1-seed1,cql,154000,6,154000,e969fba57eec2623,-6781.937988281,51996,11915,15.0055,2.2802,12.7254,35.2961,0.36053,0.9457,1.1409,1.2064
cql-weight1-seed1,cql,154000,7,154000,e969fba57eec2623,-6781.937988281,64933,19513,14.4028,5.0846,9.3182,35.2961,0.264,0.9117,1.0953,1.2014
cql-weight1-seed1,cql,154000,11,154000,e969fba57eec2623,-6781.937988281,76763,39227,8.3777,3.4855,4.8922,35.2961,0.1386,0.9618,1.0494,1.0911
cql-weight1-seed1,cql,154000,12,154000,e969fba57eec2623,-6781.937988281,33583,82841,6.2843,3.5943,2.69,35.2961,0.07621,0.9418,1.0197,1.0827
cql-weight1-seed1,cql,154000,13,154000,e969fba57eec2623,-6781.937988281,29838,52509,7.279,1.0005,6.2785,35.2961,0.17788,0.8965,1.0494,1.1706
cql-weight1-seed1,cql,154000,14,154000,e969fba57eec2623,-6781.937988281,36307,14110,14.2396,-0.1481,14.3877,35.2961,0.40763,0.9434,1.2028,1.275
cql-weight1-seed1,cql,155000,0,155000,c86cc86c62a832cd,-6823.034667969,237311,68413,26.8226,7.7178,19.1048,35.1193,0.544,0.8453,1.1884,1.4059
cql-weight1-seed1,cql,155000,2,155000,c86cc86c62a832cd,-6823.034667969,168808,33814,15.8271,5.7759,10.0512,35.1193,0.2862,0.8917,1.0332,1.1587
cql-weight1-seed1,cql,155000,4,155000,c86cc86c62a832cd,-6823.034667969,35214,133999,8.1984,2.7162,5.4821,35.1193,0.1561,0.8794,0.9818,1.1165
cql-weight1-seed1,cql,155000,5,155000,c86cc86c62a832cd,-6823.034667969,40938,30344,10.9624,0.283,10.6794,35.1193,0.30409,0.9236,1.1028,1.1941
cql-weight1-seed1,cql,155000,6,155000,c86cc86c62a832cd,-6823.034667969,51996,11915,14.7076,1.9842,12.7234,35.1193,0.36229,0.9481,1.146,1.2088
cql-weight1-seed1,cql,155000,7,155000,c86cc86c62a832cd,-6823.034667969,64933,19513,14.2132,4.822,9.3912,35.1193,0.26741,0.9123,1.0936,1.1986
cql-weight1-seed1,cql,155000,11,155000,c86cc86c62a832cd,-6823.034667969,76763,39227,8.5461,3.5851,4.9611,35.1193,0.14126,0.9599,1.0471,1.0909
cql-weight1-seed1,cql,155000,12,155000,c86cc86c62a832cd,-6823.034667969,33583,82841,6.6888,3.6437,3.045,35.1193,0.08671,0.9439,1.0207,1.0815
cql-weight1-seed1,cql,155000,13,155000,c86cc86c62a832cd,-6823.034667969,29838,52509,8.2332,0.9478,7.2854,35.1193,0.20745,0.9039,1.05,1.1617
cql-weight1-seed1,cql,155000,14,155000,c86cc86c62a832cd,-6823.034667969,36307,14110,14.8653,0.0321,14.8332,35.1193,0.42237,0.9488,1.2054,1.2704
cql-weight1-seed1,cql,156000,0,156000,1c541e720c6320d3,-6866.571777344,237311,68413,26.7639,7.5674,19.1965,35.2977,0.54385,0.8452,1.1969,1.4162
cql-weight1-seed1,cql,156000,2,156000,1c541e720c6320d3,-6866.571777344,168808,33814,15.3653,5.5058,9.8595,35.2977,0.27932,0.8899,1.0304,1.1579
cql-weight1-seed1,cql,156000,4,156000,1c541e720c6320d3,-6866.571777344,35214,133999,7.9869,2.825,5.1619,35.2977,0.14624,0.8777,0.9791,1.1155
cql-weight1-seed1,cql,156000,5,156000,1c541e720c6320d3,-6866.571777344,40938,30344,11.1465,0.3849,10.7616,35.2977,0.30488,0.9199,1.1024,1.1983
cql-weight1-seed1,cql,156000,6,156000,1c541e720c6320d3,-6866.571777344,51996,11915,14.4118,1.889,12.5228,35.2977,0.35478,0.9453,1.1456,1.2119
cql-weight1-seed1,cql,156000,7,156000,1c541e720c6320d3,-6866.571777344,64933,19513,14.3476,5.1506,9.197,35.2977,0.26056,0.9117,1.0955,1.2016
cql-weight1-seed1,cql,156000,11,156000,1c541e720c6320d3,-6866.571777344,76763,39227,8.6438,3.5886,5.0552,35.2977,0.14322,0.9591,1.0472,1.0919
cql-weight1-seed1,cql,156000,12,156000,1c541e720c6320d3,-6866.571777344,33583,82841,6.5095,3.7244,2.785,35.2977,0.0789,0.9413,1.0207,1.0844
cql-weight1-seed1,cql,156000,13,156000,1c541e720c6320d3,-6866.571777344,29838,52509,8.643,1.2461,7.3969,35.2977,0.20956,0.8957,1.0493,1.1715
cql-weight1-seed1,cql,156000,14,156000,1c541e720c6320d3,-6866.571777344,36307,14110,14.8339,0.1057,14.7282,35.2977,0.41726,0.9438,1.204,1.2757
cql-weight1-seed1,cql,157000,0,157000,f3eb5d80c7982d5d,-6915.518066406,237311,68413,26.5793,7.3992,19.18,34.8641,0.55014,0.8454,1.1942,1.4126
cql-weight1-seed1,cql,157000,2,157000,f3eb5d80c7982d5d,-6915.518066406,168808,33814,15.7237,5.8559,9.8678,34.8641,0.28304,0.8916,1.0343,1.1601
cql-weight1-seed1,cql,157000,4,157000,f3eb5d80c7982d5d,-6915.518066406,35214,133999,7.6179,2.7176,4.9004,34.8641,0.14056,0.8768,0.9791,1.1166
cql-weight1-seed1,cql,157000,5,157000,f3eb5d80c7982d5d,-6915.518066406,40938,30344,10.7064,0.3672,10.3393,34.8641,0.29656,0.9232,1.1017,1.1933
cql-weight1-seed1,cql,157000,6,157000,f3eb5d80c7982d5d,-6915.518066406,51996,11915,14.5667,2.1628,12.4039,34.8641,0.35578,0.9452,1.1415,1.2077
cql-weight1-seed1,cql,157000,7,157000,f3eb5d80c7982d5d,-6915.518066406,64933,19513,14.27,5.422,8.848,34.8641,0.25378,0.9133,1.0929,1.1966
cql-weight1-seed1,cql,157000,11,157000,f3eb5d80c7982d5d,-6915.518066406,76763,39227,8.1032,3.3348,4.7684,34.8641,0.13677,0.9612,1.0459,1.0882
cql-weight1-seed1,cql,157000,12,157000,f3eb5d80c7982d5d,-6915.518066406,33583,82841,6.2121,3.5692,2.6429,34.8641,0.07581,0.9414,1.0182,1.0816
cql-weight1-seed1,cql,157000,13,157000,f3eb5d80c7982d5d,-6915.518066406,29838,52509,7.9167,1.1892,6.7275,34.8641,0.19296,0.8981,1.0485,1.1674
cql-weight1-seed1,cql,157000,14,157000,f3eb5d80c7982d5d,-6915.518066406,36307,14110,14.2889,0.0157,14.2732,34.8641,0.4094,0.944,1.2032,1.2746
cql-weight1-seed1,cql,158000,0,158000,e346fb14d2227148,-6961.20703125,237311,68413,26.4871,7.3116,19.1755,34.8568,0.55012,0.8457,1.193,1.4108
cql-weight1-seed1,cql,158000,2,158000,e346fb14d2227148,-6961.20703125,168808,33814,15.4392,5.6709,9.7683,34.8568,0.28024,0.8898,1.0316,1.1594
cql-weight1-seed1,cql,158000,4,158000,e346fb14d2227148,-6961.20703125,35214,133999,8.2173,2.7269,5.4904,34.8568,0.15751,0.8819,0.9807,1.112
cql-weight1-seed1,cql,158000,5,158000,e346fb14d2227148,-6961.20703125,40938,30344,11.2176,0.3314,10.8861,34.8568,0.31231,0.9241,1.1,1.1903
cql-weight1-seed1,cql,158000,6,158000,e346fb14d2227148,-6961.20703125,51996,11915,14.924,2.3446,12.5794,34.8568,0.36089,0.9459,1.1395,1.2046
cql-weight1-seed1,cql,158000,7,158000,e346fb14d2227148,-6961.20703125,64933,19513,14.2435,5.2144,9.0291,34.8568,0.25904,0.9129,1.0915,1.1957
cql-weight1-seed1,cql,158000,11,158000,e346fb14d2227148,-6961.20703125,76763,39227,8.2643,3.5537,4.7106,34.8568,0.13514,0.9605,1.0476,1.0907
cql-weight1-seed1,cql,158000,12,158000,e346fb14d2227148,-6961.20703125,33583,82841,6.1721,3.5699,2.6022,34.8568,0.07465,0.9415,1.0184,1.0816
cql-weight1-seed1,cql,158000,13,158000,e346fb14d2227148,-6961.20703125,29838,52509,8.3619,1.0335,7.3284,34.8568,0.21024,0.898,1.0499,1.1692
cql-weight1-seed1,cql,158000,14,158000,e346fb14d2227148,-6961.20703125,36307,14110,15.0658,0.1241,14.9417,34.8568,0.42866,0.9449,1.2018,1.2719
cql-weight1-seed1,cql,159000,0,159000,86bb7d596079d19a,-7009.727539062,237311,68413,26.9364,7.5417,19.3947,35.4598,0.54695,0.8468,1.1942,1.4103
cql-weight1-seed1,cql,159000,2,159000,86bb7d596079d19a,-7009.727539062,168808,33814,15.6588,5.4214,10.2374,35.4598,0.28871,0.8908,1.0288,1.1549
cql-weight1-seed1,cql,159000,4,159000,86bb7d596079d19a,-7009.727539062,35214,133999,7.9891,2.9052,5.0838,35.4598,0.14337,0.8812,0.9807,1.1129
cql-weight1-seed1,cql,159000,5,159000,86bb7d596079d19a,-7009.727539062,40938,30344,11.0815,0.2595,10.822,35.4598,0.30519,0.9217,1.1027,1.1963
cql-weight1-seed1,cql,159000,6,159000,86bb7d596079d19a,-7009.727539062,51996,11915,14.8339,2.5146,12.3192,35.4598,0.34741,0.9437,1.1408,1.2088
cql-weight1-seed1,cql,159000,7,159000,86bb7d596079d19a,-7009.727539062,64933,19513,14.1592,5.3066,8.8526,35.4598,0.24965,0.9114,1.0947,1.201
cql-weight1-seed1,cql,159000,11,159000,86bb7d596079d19a,-7009.727539062,76763,39227,8.3533,3.648,4.7052,35.4598,0.13269,0.9586,1.0455,1.0906
cql-weight1-seed1,cql,159000,12,159000,86bb7d596079d19a,-7009.727539062,33583,82841,6.4567,3.6923,2.7644,35.4598,0.07796,0.9392,1.0185,1.0844
cql-weight1-seed1,cql,159000,13,159000,86bb7d596079d19a,-7009.727539062,29838,52509,8.2236,1.0311,7.1925,35.4598,0.20283,0.902,1.0508,1.1649
cql-weight1-seed1,cql,159000,14,159000,86bb7d596079d19a,-7009.727539062,36307,14110,15.0042,-0.0073,15.0116,35.4598,0.42334,0.9483,1.2079,1.2738
cql-weight1-seed1,cql,160000,0,160000,9875a7a2c8375f65,-7064.469726562,237311,68413,26.3524,7.5372,18.8152,34.5602,0.54442,0.8458,1.1924,1.4097
cql-weight1-seed1,cql,160000,2,160000,9875a7a2c8375f65,-7064.469726562,168808,33814,15.4928,5.5427,9.95,34.5602,0.2879,0.8905,1.0302,1.1569
cql-weight1-seed1,cql,160000,4,160000,9875a7a2c8375f65,-7064.469726562,35214,133999,7.7893,2.6105,5.1789,34.5602,0.14985,0.8794,0.9789,1.1132
cql-weight1-seed1,cql,160000,5,160000,9875a7a2c8375f65,-7064.469726562,40938,30344,11.2866,0.2763,11.0103,34.5602,0.31858,0.919,1.1007,1.1977
cql-weight1-seed1,cql,160000,6,160000,9875a7a2c8375f65,-7064.469726562,51996,11915,14.6661,1.8886,12.7775,34.5602,0.36972,0.9448,1.1418,1.2086
cql-weight1-seed1,cql,160000,7,160000,9875a7a2c8375f65,-7064.469726562,64933,19513,14.355,5.1074,9.2476,34.5602,0.26758,0.9109,1.0936,1.2006
cql-weight1-seed1,cql,160000,11,160000,9875a7a2c8375f65,-7064.469726562,76763,39227,8.3911,3.4944,4.8967,34.5602,0.14169,0.9599,1.047,1.0907
cql-weight1-seed1,cql,160000,12,160000,9875a7a2c8375f65,-7064.469726562,33583,82841,6.3469,3.5435,2.8034,34.5602,0.08112,0.9422,1.0194,1.0819
cql-weight1-seed1,cql,160000,13,160000,9875a7a2c8375f65,-7064.469726562,29838,52509,7.976,0.9611,7.0149,34.5602,0.20298,0.9006,1.0505,1.1665
cql-weight1-seed1,cql,160000,14,160000,9875a7a2c8375f65,-7064.469726562,36307,14110,14.9098,-0.0278,14.9376,34.5602,0.43222,0.9473,1.208,1.2752
cql-weight1-seed1,cql,161000,0,161000,897a09da580a087e,-7109.336914062,237311,68413,26.5104,7.5968,18.9136,35.0344,0.53986,0.8472,1.1988,1.415
cql-weight1-seed1,cql,161000,2,161000,897a09da580a087e,-7109.336914062,168808,33814,15.8647,5.8822,9.9825,35.0344,0.28493,0.8902,1.0333,1.1607
cql-weight1-seed1,cql,161000,4,161000,897a09da580a087e,-7109.336914062,35214,133999,7.9383,2.6503,5.288,35.0344,0.15094,0.8805,0.9799,1.1129
cql-weight1-seed1,cql,161000,5,161000,897a09da580a087e,-7109.336914062,40938,30344,10.702,0.1253,10.5767,35.0344,0.3019,0.9243,1.1037,1.1942
cql-weight1-seed1,cql,161000,6,161000,897a09da580a087e,-7109.336914062,51996,11915,14.6752,2.2374,12.4379,35.0344,0.35502,0.9456,1.141,1.2067
cql-weight1-seed1,cql,161000,7,161000,897a09da580a087e,-7109.336914062,64933,19513,13.9394,5.0965,8.8428,35.0344,0.2524,0.9101,1.0937,1.2018
cql-weight1-seed1,cql,161000,11,161000,897a09da580a087e,-7109.336914062,76763,39227,8.1922,3.4289,4.7633,35.0344,0.13596,0.9597,1.0472,1.0912
cql-weight1-seed1,cql,161000,12,161000,897a09da580a087e,-7109.336914062,33583,82841,6.3441,3.4873,2.8568,35.0344,0.08154,0.9418,1.0193,1.0823
cql-weight1-seed1,cql,161000,13,161000,897a09da580a087e,-7109.336914062,29838,52509,8.0205,1.0727,6.9478,35.0344,0.19831,0.9007,1.0506,1.1664
cql-weight1-seed1,cql,161000,14,161000,897a09da580a087e,-7109.336914062,36307,14110,14.2604,-0.3484,14.6089,35.0344,0.41699,0.9504,1.2077,1.2707
cql-weight1-seed1,cql,162000,0,162000,f631c9202372a208,-7153.186035156,237311,68413,26.7485,7.6624,19.0861,34.9795,0.54564,0.845,1.1909,1.4094
cql-weight1-seed1,cql,162000,2,162000,f631c9202372a208,-7153.186035156,168808,33814,15.8965,5.8593,10.0372,34.9795,0.28694,0.8913,1.031,1.1567
cql-weight1-seed1,cql,162000,4,162000,f631c9202372a208,-7153.186035156,35214,133999,7.9558,2.7049,5.251,34.9795,0.15012,0.8778,0.9796,1.1159
cql-weight1-seed1,cql,162000,5,162000,f631c9202372a208,-7153.186035156,40938,30344,11.4495,0.4719,10.9775,34.9795,0.31383,0.9211,1.1021,1.1966
cql-weight1-seed1,cql,162000,6,162000,f631c9202372a208,-7153.186035156,51996,11915,15.0093,2.5617,12.4477,34.9795,0.35586,0.9451,1.1399,1.2062
cql-weight1-seed1,cql,162000,7,162000,f631c9202372a208,-7153.186035156,64933,19513,14.4608,5.4782,8.9826,34.9795,0.2568,0.9107,1.0924,1.1995
cql-weight1-seed1,cql,162000,11,162000,f631c9202372a208,-7153.186035156,76763,39227,8.3324,3.5433,4.7891,34.9795,0.13691,0.9587,1.0449,1.0899
cql-weight1-seed1,cql,162000,12,162000,f631c9202372a208,-7153.186035156,33583,82841,6.1644,3.5398,2.6246,34.9795,0.07503,0.9399,1.0171,1.0821
cql-weight1-seed1,cql,162000,13,162000,f631c9202372a208,-7153.186035156,29838,52509,8.2362,1.1683,7.068,34.9795,0.20206,0.8967,1.0491,1.17
cql-weight1-seed1,cql,162000,14,162000,f631c9202372a208,-7153.186035156,36307,14110,14.814,0.3317,14.4823,34.9795,0.41402,0.9454,1.2025,1.272
cql-weight1-seed1,cql,163000,0,163000,982f6062e6c3173a,-7201.532226562,237311,68413,26.3183,7.1018,19.2165,34.7887,0.55238,0.8458,1.1882,1.4048
cql-weight1-seed1,cql,163000,2,163000,982f6062e6c3173a,-7201.532226562,168808,33814,15.4682,5.32,10.1482,34.7887,0.29171,0.8918,1.0315,1.1566
cql-weight1-seed1,cql,163000,4,163000,982f6062e6c3173a,-7201.532226562,35214,133999,7.8046,2.6887,5.1159,34.7887,0.14706,0.8798,0.9797,1.1135
cql-weight1-seed1,cql,163000,5,163000,982f6062e6c3173a,-7201.532226562,40938,30344,11.2922,0.3113,10.9809,34.7887,0.31564,0.9248,1.0996,1.189
cql-weight1-seed1,cql,163000,6,163000,982f6062e6c3173a,-7201.532226562,51996,11915,15.029,2.0182,13.0109,34.7887,0.374,0.9469,1.1401,1.204
cql-weight1-seed1,cql,163000,7,163000,982f6062e6c3173a,-7201.532226562,64933,19513,14.1054,4.8068,9.2987,34.7887,0.26729,0.9109,1.0903,1.197
cql-weight1-seed1,cql,163000,11,163000,982f6062e6c3173a,-7201.532226562,76763,39227,8.0321,3.1843,4.8478,34.7887,0.13935,0.9597,1.0449,1.0887
cql-weight1-seed1,cql,163000,12,163000,982f6062e6c3173a,-7201.532226562,33583,82841,6.6617,3.6476,3.0141,34.7887,0.08664,0.9412,1.019,1.0827
cql-weight1-seed1,cql,163000,13,163000,982f6062e6c3173a,-7201.532226562,29838,52509,8.2558,1.0804,7.1754,34.7887,0.20626,0.9016,1.0488,1.1632
cql-weight1-seed1,cql,163000,14,163000,982f6062e6c3173a,-7201.532226562,36307,14110,14.976,0.1476,14.8285,34.7887,0.42624,0.9517,1.2042,1.2653
cql-weight1-seed1,cql,164000,0,164000,1f9ad9aa4072e001,-7248.404296875,237311,68413,26.4936,7.38,19.1137,34.9589,0.54675,0.8452,1.1889,1.4066
cql-weight1-seed1,cql,164000,2,164000,1f9ad9aa4072e001,-7248.404296875,168808,33814,15.5118,5.6263,9.8855,34.9589,0.28278,0.8913,1.031,1.1567
cql-weight1-seed1,cql,164000,4,164000,1f9ad9aa4072e001,-7248.404296875,35214,133999,7.8798,2.6732,5.2066,34.9589,0.14894,0.878,0.9794,1.1155
cql-weight1-seed1,cql,164000,5,164000,1f9ad9aa4072e001,-7248.404296875,40938,30344,10.7549,0.2865,10.4685,34.9589,0.29945,0.9198,1.1008,1.1967
cql-weight1-seed1,cql,164000,6,164000,1f9ad9aa4072e001,-7248.404296875,51996,11915,14.3863,2.0283,12.358,34.9589,0.3535,0.9443,1.1396,1.2069
cql-weight1-seed1,cql,164000,7,164000,1f9ad9aa4072e001,-7248.404296875,64933,19513,14.1236,5.0817,9.0419,34.9589,0.25864,0.911,1.0945,1.2015
cql-weight1-seed1,cql,164000,11,164000,1f9ad9aa4072e001,-7248.404296875,76763,39227,7.8347,3.2453,4.5894,34.9589,0.13128,0.9601,1.0461,1.0896
cql-weight1-seed1,cql,164000,12,164000,1f9ad9aa4072e001,-7248.404296875,33583,82841,6.1819,3.5619,2.6199,34.9589,0.07494,0.941,1.0179,1.0817
cql-weight1-seed1,cql,164000,13,164000,1f9ad9aa4072e001,-7248.404296875,29838,52509,8.1073,1.0982,7.009,34.9589,0.20049,0.896,1.0464,1.1679
cql-weight1-seed1,cql,164000,14,164000,1f9ad9aa4072e001,-7248.404296875,36307,14110,14.0849,-0.2854,14.3703,34.9589,0.41106,0.9445,1.2037,1.2744
cql-weight1-seed1,cql,165000,0,165000,a7eae33574960d73,-7286.446289062,237311,68413,26.0037,7.4185,18.5852,33.8485,0.54907,0.8474,1.1977,1.4133
cql-weight1-seed1,cql,165000,2,165000,a7eae33574960d73,-7286.446289062,168808,33814,15.33,5.517,9.813,33.8485,0.28991,0.8932,1.0337,1.1573
cql-weight1-seed1,cql,165000,4,165000,a7eae33574960d73,-7286.446289062,35214,133999,7.984,2.7138,5.2701,33.8485,0.1557,0.8841,0.9823,1.1111
cql-weight1-seed1,cql,165000,5,165000,a7eae33574960d73,-7286.446289062,40938,30344,11.1437,0.3001,10.8436,33.8485,0.32036,0.92,1.0991,1.1948
cql-weight1-seed1,cql,165000,6,165000,a7eae33574960d73,-7286.446289062,51996,11915,14.3896,2.1778,12.2118,33.8485,0.36078,0.9441,1.1366,1.204
cql-weight1-seed1,cql,165000,7,165000,a7eae33574960d73,-7286.446289062,64933,19513,13.5391,4.7975,8.7416,33.8485,0.25826,0.9105,1.0933,1.2009
cql-weight1-seed1,cql,165000,11,165000,a7eae33574960d73,-7286.446289062,76763,39227,8.0281,3.3118,4.7164,33.8485,0.13934,0.9604,1.0475,1.0907
cql-weight1-seed1,cql,165000,12,165000,a7eae33574960d73,-7286.446289062,33583,82841,6.3528,3.5411,2.8117,33.8485,0.08307,0.9424,1.0192,1.0814
cql-weight1-seed1,cql,165000,13,165000,a7eae33574960d73,-7286.446289062,29838,52509,8.5557,1.1335,7.4222,33.8485,0.21928,0.8993,1.049,1.1665
cql-weight1-seed1,cql,165000,14,165000,a7eae33574960d73,-7286.446289062,36307,14110,14.5327,0.1054,14.4274,33.8485,0.42623,0.9462,1.2029,1.2713
cql-weight1-seed1,cql,166000,0,166000,9f64af61ecd82c75,-7340.218261719,237311,68413,26.5005,6.9538,19.5467,35.1021,0.55685,0.8459,1.189,1.4056
cql-weight1-seed1,cql,166000,2,166000,9f64af61ecd82c75,-7340.218261719,168808,33814,15.454,5.5744,9.8797,35.1021,0.28146,0.8918,1.0297,1.1546
cql-weight1-seed1,cql,166000,4,166000,9f64af61ecd82c75,-7340.218261719,35214,133999,8.2357,2.8319,5.4038,35.1021,0.15394,0.8772,0.979,1.116
cql-weight1-seed1,cql,166000,5,166000,9f64af61ecd82c75,-7340.218261719,40938,30344,10.9395,0.3483,10.5912,35.1021,0.30173,0.9194,1.0985,1.1948
cql-weight1-seed1,cql,166000,6,166000,9f64af61ecd82c75,-7340.218261719,51996,11915,14.3743,2.0964,12.278,35.1021,0.34978,0.9438,1.1391,1.2068
cql-weight1-seed1,cql,166000,7,166000,9f64af61ecd82c75,-7340.218261719,64933,19513,13.7974,4.8019,8.9955,35.1021,0.25627,0.9106,1.0898,1.1968
cql-weight1-seed1,cql,166000,11,166000,9f64af61ecd82c75,-7340.218261719,76763,39227,7.8241,3.2055,4.6186,35.1021,0.13158,0.9584,1.0437,1.089
cql-weight1-seed1,cql,166000,12,166000,9f64af61ecd82c75,-7340.218261719,33583,82841,5.9281,3.4503,2.4778,35.1021,0.07059,0.9399,1.0175,1.0826
cql-weight1-seed1,cql,166000,13,166000,9f64af61ecd82c75,-7340.218261719,29838,52509,7.7193,1.0587,6.6606,35.1021,0.18975,0.8958,1.0478,1.1696
cql-weight1-seed1,cql,166000,14,166000,9f64af61ecd82c75,-7340.218261719,36307,14110,14.1091,-0.2411,14.3501,35.1021,0.40881,0.9427,1.2027,1.2759
cql-weight1-seed1,cql,167000,0,167000,eaa20ab55fca644f,-7384.215332031,237311,68413,26.3605,7.3348,19.0257,34.7844,0.54696,0.8451,1.188,1.4058
cql-weight1-seed1,cql,167000,2,167000,eaa20ab55fca644f,-7384.215332031,168808,33814,15.6045,5.5921,10.0125,34.7844,0.28784,0.8896,1.0281,1.1556
cql-weight1-seed1,cql,167000,4,167000,eaa20ab55fca644f,-7384.215332031,35214,133999,8.0894,2.6852,5.4042,34.7844,0.15536,0.8754,0.978,1.1171
cql-weight1-seed1,cql,167000,5,167000,eaa20ab55fca644f,-7384.215332031,40938,30344,11.0785,0.3814,10.6971,34.7844,0.30753,0.9184,1.101,1.1988
cql-weight1-seed1,cql,167000,6,167000,eaa20ab55fca644f,-7384.215332031,51996,11915,14.1933,1.9332,12.26,34.7844,0.35246,0.9453,1.1425,1.2085
cql-weight1-seed1,cql,167000,7,167000,eaa20ab55fca644f,-7384.215332031,64933,19513,14.0524,4.9842,9.0682,34.7844,0.2607,0.9118,1.0891,1.1944
cql-weight1-seed1,cql,167000,11,167000,eaa20ab55fca644f,-7384.215332031,76763,39227,8.0598,3.3862,4.6737,34.7844,0.13436,0.9588,1.0444,1.0893
cql-weight1-seed1,cql,167000,12,167000,eaa20ab55fca644f,-7384.215332031,33583,82841,6.1545,3.4834,2.6711,34.7844,0.07679,0.9408,1.0173,1.0813
cql-weight1-seed1,cql,167000,13,167000,eaa20ab55fca644f,-7384.215332031,29838,52509,7.7024,1.0225,6.6799,34.7844,0.19204,0.8966,1.0483,1.1693
cql-weight1-seed1,cql,167000,14,167000,eaa20ab55fca644f,-7384.215332031,36307,14110,14.441,-0.0565,14.4975,34.7844,0.41678,0.9425,1.2032,1.2766
cql-weight1-seed1,cql,168000,0,168000,44fc94fbac247d15,-7422.187011719,237311,68413,26.3165,7.1384,19.1781,35.0883,0.54657,0.8456,1.1888,1.406
cql-weight1-seed1,cql,168000,2,168000,44fc94fbac247d15,-7422.187011719,168808,33814,15.5396,5.6318,9.9078,35.0883,0.28237,0.8893,1.0294,1.1575
cql-weight1-seed1,cql,168000,4,168000,44fc94fbac247d15,-7422.187011719,35214,133999,7.8896,2.7688,5.1208,35.0883,0.14594,0.879,0.9777,1.1122
cql-weight1-seed1,cql,168000,5,168000,44fc94fbac247d15,-7422.187011719,40938,30344,10.5975,0.1632,10.4343,35.0883,0.29737,0.9221,1.1026,1.1958
cql-weight1-seed1,cql,168000,6,168000,44fc94fbac247d15,-7422.187011719,51996,11915,14.4013,2.1342,12.2671,35.0883,0.34961,0.944,1.1406,1.2082
cql-weight1-seed1,cql,168000,7,168000,44fc94fbac247d15,-7422.187011719,64933,19513,13.9515,4.8229,9.1285,35.0883,0.26016,0.9125,1.0939,1.1988
cql-weight1-seed1,cql,168000,11,168000,44fc94fbac247d15,-7422.187011719,76763,39227,7.6302,3.2832,4.347,35.0883,0.12389,0.9583,1.0459,1.0914
cql-weight1-seed1,cql,168000,12,168000,44fc94fbac247d15,-7422.187011719,33583,82841,6.2269,3.4841,2.7428,35.0883,0.07817,0.9412,1.0187,1.0824
cql-weight1-seed1,cql,168000,13,168000,44fc94fbac247d15,-7422.187011719,29838,52509,8.2568,1.0333,7.2234,35.0883,0.20586,0.8977,1.049,1.1686
cql-weight1-seed1,cql,168000,14,168000,44fc94fbac247d15,-7422.187011719,36307,14110,14.4942,-0.0716,14.5658,35.0883,0.41512,0.9454,1.2053,1.275
cql-weight1-seed1,cql,169000,0,169000,a5cc8aa9a6393680,-7468.74609375,237311,68413,26.5149,7.2777,19.2372,34.9539,0.55036,0.846,1.1911,1.408
cql-weight1-seed1,cql,169000,2,169000,a5cc8aa9a6393680,-7468.74609375,168808,33814,15.4054,5.7737,9.6317,34.9539,0.27555,0.8901,1.0314,1.1587
cql-weight1-seed1,cql,169000,4,169000,a5cc8aa9a6393680,-7468.74609375,35214,133999,7.3477,2.675,4.6727,34.9539,0.13368,0.8781,0.979,1.1148
cql-weight1-seed1,cql,169000,5,169000,a5cc8aa9a6393680,-7468.74609375,40938,30344,10.2157,0.1456,10.0701,34.9539,0.2881,0.921,1.1036,1.1983
cql-weight1-seed1,cql,169000,6,169000,a5cc8aa9a6393680,-7468.74609375,51996,11915,14.3866,2.2643,12.1223,34.9539,0.34681,0.9454,1.1401,1.2061
cql-weight1-seed1,cql,169000,7,169000,a5cc8aa9a6393680,-7468.74609375,64933,19513,13.9919,4.9666,9.0253,34.9539,0.2582,0.9119,1.0887,1.1939
cql-weight1-seed1,cql,169000,11,169000,a5cc8aa9a6393680,-7468.74609375,76763,39227,8.3607,3.674,4.6866,34.9539,0.13408,0.9584,1.0451,1.0905
cql-weight1-seed1,cql,169000,12,169000,a5cc8aa9a6393680,-7468.74609375,33583,82841,5.9641,3.4819,2.4822,34.9539,0.07101,0.9421,1.0186,1.0811
cql-weight1-seed1,cql,169000,13,169000,a5cc8aa9a6393680,-7468.74609375,29838,52509,7.3851,1.0221,6.363,34.9539,0.18204,0.8978,1.0523,1.1722
cql-weight1-seed1,cql,169000,14,169000,a5cc8aa9a6393680,-7468.74609375,36307,14110,13.9885,-0.0677,14.0562,34.9539,0.40213,0.9459,1.2098,1.279
cql-weight1-seed1,cql,170000,0,170000,41bbaa13dcaac867,-7514.974609375,237311,68413,26.1978,7.1469,19.051,34.6596,0.54966,0.8462,1.1942,1.4112
cql-weight1-seed1,cql,170000,2,170000,41bbaa13dcaac867,-7514.974609375,168808,33814,14.9467,5.4881,9.4586,34.6596,0.2729,0.8903,1.0275,1.1542
cql-weight1-seed1,cql,170000,4,170000,41bbaa13dcaac867,-7514.974609375,35214,133999,7.7049,2.6182,5.0867,34.6596,0.14676,0.8768,0.9779,1.1154
cql-weight1-seed1,cql,170000,5,170000,41bbaa13dcaac867,-7514.974609375,40938,30344,10.5446,0.07,10.4745,34.6596,0.30221,0.9198,1.1008,1.1968
cql-weight1-seed1,cql,170000,6,170000,41bbaa13dcaac867,-7514.974609375,51996,11915,13.998,1.9442,12.0538,34.6596,0.34778,0.9441,1.1415,1.2091
cql-weight1-seed1,cql,170000,7,170000,41bbaa13dcaac867,-7514.974609375,64933,19513,13.3772,4.4633,8.9139,34.6596,0.25718,0.912,1.094,1.1995
cql-weight1-seed1,cql,170000,11,170000,41bbaa13dcaac867,-7514.974609375,76763,39227,7.8488,3.3525,4.4963,34.6596,0.12973,0.9588,1.0452,1.0901
cql-weight1-seed1,cql,170000,12,170000,41bbaa13dcaac867,-7514.974609375,33583,82841,5.913,3.4924,2.4206,34.6596,0.06984,0.9412,1.017,1.0805
cql-weight1-seed1,cql,170000,13,170000,41bbaa13dcaac867,-7514.974609375,29838,52509,7.3026,0.8946,6.408,34.6596,0.18488,0.8959,1.0492,1.171
cql-weight1-seed1,cql,170000,14,170000,41bbaa13dcaac867,-7514.974609375,36307,14110,14.0919,-0.2197,14.3116,34.6596,0.41292,0.9439,1.2055,1.2772
cql-weight1-seed1,cql,171000,0,171000,a807ef988e581a8a,-7552.652832031,237311,68413,26.4765,7.2371,19.2394,35.1302,0.54766,0.8463,1.1898,1.4059
cql-weight1-seed1,cql,171000,2,171000,a807ef988e581a8a,-7552.652832031,168808,33814,15.3982,5.6145,9.7837,35.1302,0.2785,0.8915,1.0287,1.1538
cql-weight1-seed1,cql,171000,4,171000,a807ef988e581a8a,-7552.652832031,35214,133999,7.8409,2.8895,4.9514,35.1302,0.14094,0.8884,0.9802,1.1033
cql-weight1-seed1,cql,171000,5,171000,a807ef988e581a8a,-7552.652832031,40938,30344,10.6415,0.3144,10.327,35.1302,0.29397,0.9259,1.1057,1.1943
cql-weight1-seed1,cql,171000,6,171000,a807ef988e581a8a,-7552.652832031,51996,11915,14.0215,1.9366,12.0849,35.1302,0.344,0.9471,1.145,1.2089
cql-weight1-seed1,cql,171000,7,171000,a807ef988e581a8a,-7552.652832031,64933,19513,13.6665,4.655,9.0115,35.1302,0.25652,0.9101,1.0906,1.1984
cql-weight1-seed1,cql,171000,11,171000,a807ef988e581a8a,-7552.652832031,76763,39227,8.1963,3.4081,4.7881,35.1302,0.1363,0.9597,1.0444,1.0882
cql-weight1-seed1,cql,171000,12,171000,a807ef988e581a8a,-7552.652832031,33583,82841,6.0102,3.5385,2.4716,35.1302,0.07036,0.9428,1.0182,1.0799
cql-weight1-seed1,cql,171000,13,171000,a807ef988e581a8a,-7552.652832031,29838,52509,7.6351,1.1836,6.4515,35.1302,0.18365,0.9029,1.0496,1.1625
cql-weight1-seed1,cql,171000,14,171000,a807ef988e581a8a,-7552.652832031,36307,14110,14.5347,0.0425,14.4922,35.1302,0.41253,0.9498,1.2086,1.2725
cql-weight1-seed1,cql,172000,0,172000,48b4ef54fd9b703c,-7594.319824219,237311,68413,26.4411,7.4279,19.0132,35.1321,0.54119,0.8463,1.1893,1.4054
cql-weight1-seed1,cql,172000,2,172000,48b4ef54fd9b703c,-7594.319824219,168808,33814,15.4551,5.6679,9.7873,35.1321,0.27858,0.8912,1.0295,1.1553
cql-weight1-seed1,cql,172000,4,172000,48b4ef54fd9b703c,-7594.319824219,35214,133999,7.7756,2.6921,5.0835,35.1321,0.1447,0.8792,0.9781,1.1125
cql-weight1-seed1,cql,172000,5,172000,48b4ef54fd9b703c,-7594.319824219,40938,30344,10.8176,0.2754,10.5421,35.1321,0.30007,0.9212,1.0979,1.1918
cql-weight1-seed1,cql,172000,6,172000,48b4ef54fd9b703c,-7594.319824219,51996,11915,14.1376,1.9453,12.1923,35.1321,0.34704,0.9431,1.1374,1.206
cql-weight1-seed1,cql,172000,7,172000,48b4ef54fd9b703c,-7594.319824219,64933,19513,13.6752,4.7889,8.8863,35.1321,0.25294,0.9105,1.0893,1.1964
cql-weight1-seed1,cql,172000,11,172000,48b4ef54fd9b703c,-7594.319824219,76763,39227,8.1492,3.5038,4.6455,35.1321,0.13223,0.9587,1.045,1.09
cql-weight1-seed1,cql,172000,12,172000,48b4ef54fd9b703c,-7594.319824219,33583,82841,6.0857,3.5261,2.5596,35.1321,0.07286,0.9412,1.0176,1.0812
cql-weight1-seed1,cql,172000,13,172000,48b4ef54fd9b703c,-7594.319824219,29838,52509,7.6401,1.0424,6.5977,35.1321,0.1878,0.8964,1.0469,1.168
cql-weight1-seed1,cql,172000,14,172000,48b4ef54fd9b703c,-7594.319824219,36307,14110,14.2295,-0.2281,14.4576,35.1321,0.41152,0.9426,1.1968,1.2697
cql-weight1-seed1,cql,173000,0,173000,272b4a36fa4c8908,-7641.04296875,237311,68413,26.0127,6.7331,19.2796,34.6308,0.55672,0.846,1.1893,1.4057
cql-weight1-seed1,cql,173000,2,173000,272b4a36fa4c8908,-7641.04296875,168808,33814,15.1804,5.2519,9.9285,34.6308,0.2867,0.891,1.0299,1.1558
cql-weight1-seed1,cql,173000,4,173000,272b4a36fa4c8908,-7641.04296875,35214,133999,7.4847,2.5424,4.9424,34.6308,0.14272,0.8793,0.9798,1.1142
cql-weight1-seed1,cql,173000,5,173000,272b4a36fa4c8908,-7641.04296875,40938,30344,10.5308,0.1093,10.4215,34.6308,0.30093,0.9232,1.1036,1.1954
cql-weight1-seed1,cql,173000,6,173000,272b4a36fa4c8908,-7641.04296875,51996,11915,14.2491,2.0699,12.1792,34.6308,0.35169,0.947,1.141,1.2049
cql-weight1-seed1,cql,173000,7,173000,272b4a36fa4c8908,-7641.04296875,64933,19513,13.9911,5.0071,8.9841,34.6308,0.25942,0.9104,1.0894,1.1967
cql-weight1-seed1,cql,173000,11,173000,272b4a36fa4c8908,-7641.04296875,76763,39227,7.8418,3.215,4.6268,34.6308,0.1336,0.9572,1.0433,1.09
cql-weight1-seed1,cql,173000,12,173000,272b4a36fa4c8908,-7641.04296875,33583,82841,5.8601,3.2914,2.5686,34.6308,0.07417,0.9399,1.0152,1.08
cql-weight1-seed1,cql,173000,13,173000,272b4a36fa4c8908,-7641.04296875,29838,52509,7.8423,0.8649,6.9774,34.6308,0.20148,0.8989,1.0485,1.1665
cql-weight1-seed1,cql,173000,14,173000,272b4a36fa4c8908,-7641.04296875,36307,14110,14.6119,-0.1947,14.8066,34.6308,0.42755,0.9485,1.2089,1.2745
cql-weight1-seed1,cql,174000,0,174000,42fdc037ed141a2f,-7685.817382812,237311,68413,26.4066,7.3964,19.0103,35.2291,0.53962,0.8454,1.1896,1.4071
cql-weight1-seed1,cql,174000,2,174000,42fdc037ed141a2f,-7685.817382812,168808,33814,14.999,5.2979,9.701,35.2291,0.27537,0.8904,1.029,1.1556
cql-weight1-seed1,cql,174000,4,174000,42fdc037ed141a2f,-7685.817382812,35214,133999,7.8615,2.7279,5.1335,35.2291,0.14572,0.8791,0.9769,1.1112
cql-weight1-seed1,cql,174000,5,174000,42fdc037ed141a2f,-7685.817382812,40938,30344,10.9463,0.4471,10.4991,35.2291,0.29802,0.9182,1.0993,1.1973
cql-weight1-seed1,cql,174000,6,174000,42fdc037ed141a2f,-7685.817382812,51996,11915,14.3129,1.9799,12.3329,35.2291,0.35008,0.9456,1.1409,1.2065
cql-weight1-seed1,cql,174000,7,174000,42fdc037ed141a2f,-7685.817382812,64933,19513,13.8279,4.8584,8.9695,35.2291,0.25461,0.912,1.0892,1.1943
cql-weight1-seed1,cql,174000,11,174000,42fdc037ed141a2f,-7685.817382812,76763,39227,8.2044,3.5299,4.6745,35.2291,0.13269,0.9598,1.047,1.0909
cql-weight1-seed1,cql,174000,12,174000,42fdc037ed141a2f,-7685.817382812,33583,82841,6.0621,3.5006,2.5615,35.2291,0.07271,0.9421,1.0185,1.0811
cql-weight1-seed1,cql,174000,13,174000,42fdc037ed141a2f,-7685.817382812,29838,52509,8.169,1.2014,6.9676,35.2291,0.19778,0.8967,1.0469,1.1676
cql-weight1-seed1,cql,174000,14,174000,42fdc037ed141a2f,-7685.817382812,36307,14110,14.3167,-0.037,14.3536,35.2291,0.40744,0.9445,1.204,1.2747
cql-weight1-seed1,cql,175000,0,175000,d680306ef2653040,-7732.280273438,237311,68413,26.4678,7.6273,18.8405,35.0966,0.53682,0.8451,1.1897,1.4078
cql-weight1-seed1,cql,175000,2,175000,d680306ef2653040,-7732.280273438,168808,33814,14.9095,5.1083,9.8011,35.0966,0.27926,0.8901,1.0267,1.1535
cql-weight1-seed1,cql,175000,4,175000,d680306ef2653040,-7732.280273438,35214,133999,7.2814,2.5639,4.7175,35.0966,0.13441,0.8803,0.978,1.111
cql-weight1-seed1,cql,175000,5,175000,d680306ef2653040,-7732.280273438,40938,30344,10.3775,0.3939,9.9836,35.0966,0.28446,0.9214,1.0996,1.1934
cql-weight1-seed1,cql,175000,6,175000,d680306ef2653040,-7732.280273438,51996,11915,14.2166,1.9447,12.272,35.0966,0.34966,0.9471,1.1431,1.207
cql-weight1-seed1,cql,175000,7,175000,d680306ef2653040,-7732.280273438,64933,19513,13.5619,4.8871,8.6748,35.0966,0.24717,0.9121,1.0907,1.1958
cql-weight1-seed1,cql,175000,11,175000,d680306ef2653040,-7732.280273438,76763,39227,7.8444,3.2475,4.597,35.0966,0.13098,0.9586,1.0433,1.0884
cql-weight1-seed1,cql,175000,12,175000,d680306ef2653040,-7732.280273438,33583,82841,5.8055,3.2884,2.5171,35.0966,0.07172,0.9419,1.0162,1.079
cql-weight1-seed1,cql,175000,13,175000,d680306ef2653040,-7732.280273438,29838,52509,8.1633,0.998,7.1653,35.0966,0.20416,0.8995,1.0481,1.1652
cql-weight1-seed1,cql,175000,14,175000,d680306ef2653040,-7732.280273438,36307,14110,14.5231,0.0631,14.46,35.0966,0.412,0.9459,1.2044,1.2734
cql-weight1-seed1,cql,176000,0,176000,a29c639cce6d27a0,-7781.728515625,237311,68413,26.1196,6.4134,19.7061,35.1752,0.56023,0.8466,1.1885,1.4038
cql-weight1-seed1,cql,176000,2,176000,a29c639cce6d27a0,-7781.728515625,168808,33814,14.8918,5.3364,9.5554,35.1752,0.27165,0.8894,1.0282,1.1561
cql-weight1-seed1,cql,176000,4,176000,a29c639cce6d27a0,-7781.728515625,35214,133999,7.3754,2.8293,4.546,35.1752,0.12924,0.878,0.9779,1.1137
cql-weight1-seed1,cql,176000,5,176000,a29c639cce6d27a0,-7781.728515625,40938,30344,10.396,0.2847,10.1113,35.1752,0.28746,0.9199,1.1002,1.1959
cql-weight1-seed1,cql,176000,6,176000,a29c639cce6d27a0,-7781.728515625,51996,11915,14.5196,2.2544,12.2652,35.1752,0.34869,0.9467,1.1419,1.2062
cql-weight1-seed1,cql,176000,7,176000,a29c639cce6d27a0,-7781.728515625,64933,19513,13.9509,5.0559,8.8951,35.1752,0.25288,0.9121,1.091,1.1961
cql-weight1-seed1,cql,176000,11,176000,a29c639cce6d27a0,-7781.728515625,76763,39227,7.7145,3.3361,4.3784,35.1752,0.12447,0.9592,1.0461,1.0906
cql-weight1-seed1,cql,176000,12,176000,a29c639cce6d27a0,-7781.728515625,33583,82841,6.3885,3.6854,2.7031,35.1752,0.07685,0.9401,1.0173,1.0822
cql-weight1-seed1,cql,176000,13,176000,a29c639cce6d27a0,-7781.728515625,29838,52509,8.0366,1.1901,6.8466,35.1752,0.19464,0.8966,1.0481,1.169
cql-weight1-seed1,cql,176000,14,176000,a29c639cce6d27a0,-7781.728515625,36307,14110,14.5735,0.1891,14.3844,35.1752,0.40894,0.9435,1.2015,1.2734
cql-weight1-seed1,cql,177000,0,177000,c6cc2c967e104b3b,-7822.844726562,237311,68413,25.8915,6.8501,19.0413,34.8469,0.54643,0.846,1.1937,1.411
cql-weight1-seed1,cql,177000,2,177000,c6cc2c967e104b3b,-7822.844726562,168808,33814,14.8188,5.1948,9.624,34.8469,0.27618,0.8893,1.0272,1.155
cql-weight1-seed1,cql,177000,4,177000,c6cc2c967e104b3b,-7822.844726562,35214,133999,7.2227,2.6942,4.5285,34.8469,0.12995,0.8787,0.9804,1.1157
cql-weight1-seed1,cql,177000,5,177000,c6cc2c967e104b3b,-7822.844726562,40938,30344,10.5362,0.3433,10.193,34.8469,0.29251,0.919,1.1026,1.1998
cql-weight1-seed1,cql,177000,6,177000,c6cc2c967e104b3b,-7822.844726562,51996,11915,14.5765,2.1594,12.4171,34.8469,0.35633,0.9441,1.1415,1.2091
cql-weight1-seed1,cql,177000,7,177000,c6cc2c967e104b3b,-7822.844726562,64933,19513,13.8775,4.8293,9.0482,34.8469,0.25965,0.9105,1.0898,1.197
cql-weight1-seed1,cql,177000,11,177000,c6cc2c967e104b3b,-7822.844726562,76763,39227,7.8991,3.3116,4.5875,34.8469,0.13165,0.9585,1.0443,1.0896
cql-weight1-seed1,cql,177000,12,177000,c6cc2c967e104b3b,-7822.844726562,33583,82841,6.1092,3.5226,2.5866,34.8469,0.07423,0.94,1.0178,1.0828
cql-weight1-seed1,cql,177000,13,177000,c6cc2c967e104b3b,-7822.844726562,29838,52509,7.7862,1.0491,6.7371,34.8469,0.19333,0.8964,1.0501,1.1714
cql-weight1-seed1,cql,177000,14,177000,c6cc2c967e104b3b,-7822.844726562,36307,14110,14.0603,-0.2097,14.2701,34.8469,0.40951,0.9439,1.2045,1.2761
cql-weight1-seed1,cql,178000,0,178000,537200f4700ee55f,-7863.591796875,237311,68413,25.5426,6.2126,19.3301,34.5287,0.55983,0.8447,1.1865,1.4046
cql-weight1-seed1,cql,178000,2,178000,537200f4700ee55f,-7863.591796875,168808,33814,14.521,5.1425,9.3785,34.5287,0.27162,0.8898,1.0255,1.1525
cql-weight1-seed1,cql,178000,4,178000,537200f4700ee55f,-7863.591796875,35214,133999,7.3411,2.6977,4.6433,34.5287,0.13448,0.8781,0.9774,1.1131
cql-weight1-seed1,cql,178000,5,178000,537200f4700ee55f,-7863.591796875,40938,30344,10.4104,0.3041,10.1063,34.5287,0.29269,0.9181,1.1017,1.2
cql-weight1-seed1,cql,178000,6,178000,537200f4700ee55f,-7863.591796875,51996,11915,13.6908,1.8744,11.8164,34.5287,0.34222,0.9447,1.1397,1.2065
cql-weight1-seed1,cql,178000,7,178000,537200f4700ee55f,-7863.591796875,64933,19513,13.5257,4.9586,8.5672,34.5287,0.24812,0.9105,1.0916,1.1988
cql-weight1-seed1,cql,178000,11,178000,537200f4700ee55f,-7863.591796875,76763,39227,7.8231,3.288,4.5352,34.5287,0.13134,0.9592,1.0446,1.0891
cql-weight1-seed1,cql,178000,12,178000,537200f4700ee55f,-7863.591796875,33583,82841,5.8953,3.4845,2.4108,34.5287,0.06982,0.9411,1.0176,1.0813
cql-weight1-seed1,cql,178000,13,178000,537200f4700ee55f,-7863.591796875,29838,52509,7.6584,1.0882,6.5702,34.5287,0.19028,0.8953,1.0479,1.1703
cql-weight1-seed1,cql,178000,14,178000,537200f4700ee55f,-7863.591796875,36307,14110,14.4697,0.1064,14.3633,34.5287,0.41598,0.9426,1.2042,1.2775
cql-weight1-seed1,cql,179000,0,179000,b62db6ec3e5be1b6,-7904.259765625,237311,68413,25.7896,6.9881,18.8014,34.4383,0.54594,0.845,1.19,1.4083
cql-weight1-seed1,cql,179000,2,179000,b62db6ec3e5be1b6,-7904.259765625,168808,33814,15.0959,5.181,9.9149,34.4383,0.2879,0.8912,1.0315,1.1575
cql-weight1-seed1,cql,179000,4,179000,b62db6ec3e5be1b6,-7904.259765625,35214,133999,6.9506,2.5333,4.4173,34.4383,0.12827,0.8777,0.9778,1.114
cql-weight1-seed1,cql,179000,5,179000,b62db6ec3e5be1b6,-7904.259765625,40938,30344,9.7576,0.1454,9.6122,34.4383,0.27911,0.922,1.1028,1.1961
cql-weight1-seed1,cql,179000,6,179000,b62db6ec3e5be1b6,-7904.259765625,51996,11915,14.1382,2.3182,11.82,34.4383,0.34322,0.944,1.1393,1.2068
cql-weight1-seed1,cql,179000,7,179000,b62db6ec3e5be1b6,-7904.259765625,64933,19513,13.8715,5.0773,8.7942,34.4383,0.25536,0.911,1.0897,1.1961
cql-weight1-seed1,cql,179000,11,179000,b62db6ec3e5be1b6,-7904.259765625,76763,39227,7.7833,3.2899,4.4934,34.4383,0.13048,0.9582,1.0451,1.0906
cql-weight1-seed1,cql,179000,12,179000,b62db6ec3e5be1b6,-7904.259765625,33583,82841,5.9793,3.5531,2.4262,34.4383,0.07045,0.9409,1.0177,1.0816
cql-weight1-seed1,cql,179000,13,179000,b62db6ec3e5be1b6,-7904.259765625,29838,52509,6.9969,0.8672,6.1297,34.4383,0.17799,0.8995,1.0493,1.1665
cql-weight1-seed1,cql,179000,14,179000,b62db6ec3e5be1b6,-7904.259765625,36307,14110,13.543,-0.09,13.633,34.4383,0.39587,0.9462,1.2074,1.276
cql-weight1-seed1,cql,180000,0,180000,cdb7c27a46c997ee,-7946.62890625,237311,68413,25.7286,6.8701,18.8584,34.4252,0.54781,0.845,1.1926,1.4114
cql-weight1-seed1,cql,180000,2,180000,cdb7c27a46c997ee,-7946.62890625,168808,33814,14.8305,5.2116,9.6188,34.4252,0.27941,0.8892,1.028,1.156
cql-weight1-seed1,cql,180000,4,180000,cdb7c27a46c997ee,-7946.62890625,35214,133999,7.181,2.4801,4.7009,34.4252,0.13655,0.8786,0.9782,1.1134
cql-weight1-seed1,cql,180000,5,180000,cdb7c27a46c997ee,-7946.62890625,40938,30344,10.1678,0.0372,10.1306,34.4252,0.29428,0.9233,1.1006,1.1921
cql-weight1-seed1,cql,180000,6,180000,cdb7c27a46c997ee,-7946.62890625,51996,11915,14.0694,1.7378,12.3316,34.4252,0.35821,0.9494,1.1436,1.2045
cql-weight1-seed1,cql,180000,7,180000,cdb7c27a46c997ee,-7946.62890625,64933,19513,13.418,4.8049,8.6131,34.4252,0.2502,0.9111,1.0904,1.1969
cql-weight1-seed1,cql,180000,11,180000,cdb7c27a46c997ee,-7946.62890625,76763,39227,7.5584,3.1406,4.4178,34.4252,0.12833,0.9587,1.0446,1.0896
cql-weight1-seed1,cql,180000,12,180000,cdb7c27a46c997ee,-7946.62890625,33583,82841,5.4745,3.1502,2.3243,34.4252,0.06752,0.941,1.0153,1.079
cql-weight1-seed1,cql,180000,13,180000,cdb7c27a46c997ee,-7946.62890625,29838,52509,7.4698,0.7876,6.6822,34.4252,0.19411,0.8983,1.0467,1.1652
cql-weight1-seed1,cql,180000,14,180000,cdb7c27a46c997ee,-7946.62890625,36307,14110,13.9958,-0.4144,14.4102,34.4252,0.41859,0.9501,1.2039,1.2672
cql-weight1-seed1,cql,181000,0,181000,42ad1736a37d3983,-7997.376953125,237311,68413,25.6179,6.9406,18.6773,34.2884,0.54471,0.8444,1.1877,1.4066
cql-weight1-seed1,cql,181000,2,181000,42ad1736a37d3983,-7997.376953125,168808,33814,14.7578,5.1957,9.5621,34.2884,0.27887,0.8893,1.0246,1.1522
cql-weight1-seed1,cql,181000,4,181000,42ad1736a37d3983,-7997.376953125,35214,133999,7.3326,2.472,4.8606,34.2884,0.14176,0.8785,0.9755,1.1104
cql-weight1-seed1,cql,181000,5,181000,42ad1736a37d3983,-7997.376953125,40938,30344,10.7059,0.1436,10.5624,34.2884,0.30804,0.9199,1.0968,1.1924
cql-weight1-seed1,cql,181000,6,181000,42ad1736a37d3983,-7997.376953125,51996,11915,14.0443,2.0243,12.02,34.2884,0.35055,0.9422,1.1336,1.2031
cql-weight1-seed1,cql,181000,7,181000,42ad1736a37d3983,-7997.376953125,64933,19513,13.5847,4.9104,8.6743,34.2884,0.25298,0.9121,1.0934,1.1988
cql-weight1-seed1,cql,181000,11,181000,42ad1736a37d3983,-7997.376953125,76763,39227,7.4307,3.1382,4.2924,34.2884,0.12519,0.9584,1.0436,1.0889
cql-weight1-seed1,cql,181000,12,181000,42ad1736a37d3983,-7997.376953125,33583,82841,5.5597,3.2494,2.3103,34.2884,0.06738,0.9413,1.0155,1.0788
cql-weight1-seed1,cql,181000,13,181000,42ad1736a37d3983,-7997.376953125,29838,52509,7.5611,0.7754,6.7857,34.2884,0.1979,0.8973,1.0447,1.1642
cql-weight1-seed1,cql,181000,14,181000,42ad1736a37d3983,-7997.376953125,36307,14110,14.3323,-0.0828,14.4151,34.2884,0.42041,0.9453,1.1982,1.2676
cql-weight1-seed1,cql,182000,0,182000,1f6194872a4d226a,-8058.643554688,237311,68413,26.1237,6.8583,19.2653,35.0074,0.55032,0.846,1.1899,1.4064
cql-weight1-seed1,cql,182000,2,182000,1f6194872a4d226a,-8058.643554688,168808,33814,14.7848,5.3036,9.4812,35.0074,0.27083,0.8915,1.0274,1.1525
cql-weight1-seed1,cql,182000,4,182000,1f6194872a4d226a,-8058.643554688,35214,133999,7.1043,2.6356,4.4687,35.0074,0.12765,0.8774,0.9783,1.115
cql-weight1-seed1,cql,182000,5,182000,1f6194872a4d226a,-8058.643554688,40938,30344,10.4465,0.2235,10.223,35.0074,0.29202,0.9177,1.0981,1.1966
cql-weight1-seed1,cql,182000,6,182000,1f6194872a4d226a,-8058.643554688,51996,11915,13.404,1.4171,11.9869,35.0074,0.34241,0.9443,1.1378,1.2049
cql-weight1-seed1,cql,182000,7,182000,1f6194872a4d226a,-8058.643554688,64933,19513,13.4873,4.5623,8.925,35.0074,0.25495,0.912,1.089,1.1942
cql-weight1-seed1,cql,182000,11,182000,1f6194872a4d226a,-8058.643554688,76763,39227,7.3173,3.1195,4.1978,35.0074,0.11991,0.9588,1.0429,1.0877
cql-weight1-seed1,cql,182000,12,182000,1f6194872a4d226a,-8058.643554688,33583,82841,5.2193,3.224,1.9953,35.0074,0.057,0.9394,1.0152,1.0807
cql-weight1-seed1,cql,182000,13,182000,1f6194872a4d226a,-8058.643554688,29838,52509,7.3954,0.9505,6.445,35.0074,0.1841,0.8942,1.0469,1.1707
cql-weight1-seed1,cql,182000,14,182000,1f6194872a4d226a,-8058.643554688,36307,14110,13.9354,-0.1727,14.1081,35.0074,0.403,0.9407,1.1959,1.2713
cql-weight1-seed1,cql,183000,0,183000,18c1567280095165,-8114.752441406,237311,68413,25.6745,7.104,18.5705,33.9723,0.54664,0.8444,1.19,1.4093
cql-weight1-seed1,cql,183000,2,183000,18c1567280095165,-8114.752441406,168808,33814,14.915,5.2355,9.6795,33.9723,0.28492,0.8896,1.0303,1.1581
cql-weight1-seed1,cql,183000,4,183000,18c1567280095165,-8114.752441406,35214,133999,7.2536,2.6353,4.6182,33.9723,0.13594,0.8779,0.9784,1.1146
cql-weight1-seed1,cql,183000,5,183000,18c1567280095165,-8114.752441406,40938,30344,10.5088,0.3376,10.1711,33.9723,0.29939,0.9198,1.0989,1.1946
cql-weight1-seed1,cql,183000,6,183000,18c1567280095165,-8114.752441406,51996,11915,14.0302,1.9828,12.0474,33.9723,0.35462,0.9439,1.1369,1.2044
cql-weight1-seed1,cql,183000,7,183000,18c1567280095165,-8114.752441406,64933,19513,13.5023,4.8141,8.6882,33.9723,0.25574,0.9102,1.091,1.1986
cql-weight1-seed1,cql,183000,11,183000,18c1567280095165,-8114.752441406,76763,39227,7.3745,3.0772,4.2973,33.9723,0.12649,0.9576,1.0424,1.0885
cql-weight1-seed1,cql,183000,12,183000,18c1567280095165,-8114.752441406,33583,82841,5.6368,3.2738,2.363,33.9723,0.06956,0.9411,1.0165,1.0801
cql-weight1-seed1,cql,183000,13,183000,18c1567280095165,-8114.752441406,29838,52509,7.963,1.0925,6.8705,33.9723,0.20224,0.8972,1.0481,1.1682
cql-weight1-seed1,cql,183000,14,183000,18c1567280095165,-8114.752441406,36307,14110,14.4164,0.0142,14.4022,33.9723,0.42394,0.9438,1.2004,1.2718
cql-weight1-seed1,cql,184000,0,184000,b4bba76db3471586,-8156.377441406,237311,68413,26.0052,6.6123,19.3929,34.7327,0.55835,0.8455,1.1888,1.4061
cql-weight1-seed1,cql,184000,2,184000,b4bba76db3471586,-8156.377441406,168808,33814,15.1577,5.4458,9.7119,34.7327,0.27962,0.8903,1.0274,1.1541
cql-weight1-seed1,cql,184000,4,184000,b4bba76db3471586,-8156.377441406,35214,133999,7.4937,2.7292,4.7645,34.7327,0.13718,0.8793,0.977,1.1111
cql-weight1-seed1,cql,184000,5,184000,b4bba76db3471586,-8156.377441406,40938,30344,10.6038,0.2726,10.3312,34.7327,0.29745,0.9194,1.1012,1.1978
cql-weight1-seed1,cql,184000,6,184000,b4bba76db3471586,-8156.377441406,51996,11915,13.6734,2.0603,11.6131,34.7327,0.33436,0.9447,1.1356,1.202
cql-weight1-seed1,cql,184000,7,184000,b4bba76db3471586,-8156.377441406,64933,19513,13.3985,4.8285,8.57,34.7327,0.24674,0.9108,1.0869,1.1933
cql-weight1-seed1,cql,184000,11,184000,b4bba76db3471586,-8156.377441406,76763,39227,7.791,3.4045,4.3865,34.7327,0.12629,0.9597,1.0454,1.0893
cql-weight1-seed1,cql,184000,12,184000,b4bba76db3471586,-8156.377441406,33583,82841,5.569,3.2626,2.3064,34.7327,0.06641,0.9413,1.0154,1.0788
cql-weight1-seed1,cql,184000,13,184000,b4bba76db3471586,-8156.377441406,29838,52509,7.6369,0.9526,6.6844,34.7327,0.19245,0.8988,1.0471,1.1649
cql-weight1-seed1,cql,184000,14,184000,b4bba76db3471586,-8156.377441406,36307,14110,14.1171,-0.3494,14.4665,34.7327,0.41651,0.9441,1.1981,1.269
cql-weight1-seed1,cql,185000,0,185000,ad4c5b8ff39e23c6,-8198.102539062,237311,68413,26.1113,7.004,19.1073,34.7943,0.54915,0.8458,1.1912,1.4083
cql-weight1-seed1,cql,185000,2,185000,ad4c5b8ff39e23c6,-8198.102539062,168808,33814,14.8528,5.2846,9.5682,34.7943,0.27499,0.8914,1.028,1.1532
cql-weight1-seed1,cql,185000,4,185000,ad4c5b8ff39e23c6,-8198.102539062,35214,133999,7.4738,2.6493,4.8245,34.7943,0.13866,0.8799,0.976,1.1093
cql-weight1-seed1,cql,185000,5,185000,ad4c5b8ff39e23c6,-8198.102539062,40938,30344,10.3697,0.2737,10.096,34.7943,0.29016,0.9221,1.1004,1.1933
cql-weight1-seed1,cql,185000,6,185000,ad4c5b8ff39e23c6,-8198.102539062,51996,11915,13.7959,1.8901,11.9058,34.7943,0.34218,0.9434,1.1399,1.2083
cql-weight1-seed1,cql,185000,7,185000,ad4c5b8ff39e23c6,-8198.102539062,64933,19513,13.55,4.7081,8.8418,34.7943,0.25412,0.9109,1.0916,1.1983
cql-weight1-seed1,cql,185000,11,185000,ad4c5b8ff39e23c6,-8198.102539062,76763,39227,7.6217,3.1787,4.443,34.7943,0.12769,0.9587,1.0438,1.0888
cql-weight1-seed1,cql,185000,12,185000,ad4c5b8ff39e23c6,-8198.102539062,33583,82841,5.8071,3.517,2.2901,34.7943,0.06582,0.9404,1.0152,1.0796
cql-weight1-seed1,cql,185000,13,185000,ad4c5b8ff39e23c6,-8198.102539062,29838,52509,7.7501,1.1142,6.6358,34.7943,0.19072,0.8969,1.046,1.1662
cql-weight1-seed1,cql,185000,14,185000,ad4c5b8ff39e23c6,-8198.102539062,36307,14110,14.1035,-0.2057,14.3091,34.7943,0.41125,0.9432,1.1979,1.2701
cql-weight1-seed1,cql,186000,0,186000,add639fd01e969ff,-8239.1171875,237311,68413,25.6929,6.4122,19.2806,34.4071,0.56037,0.8464,1.1921,1.4084
cql-weight1-seed1,cql,186000,2,186000,add639fd01e969ff,-8239.1171875,168808,33814,14.727,5.1537,9.5733,34.4071,0.27824,0.8905,1.0303,1.1569
cql-weight1-seed1,cql,186000,4,186000,add639fd01e969ff,-8239.1171875,35214,133999,6.9384,2.663,4.2753,34.4071,0.12426,0.8795,0.9768,1.1107
cql-weight1-seed1,cql,186000,5,186000,add639fd01e969ff,-8239.1171875,40938,30344,9.9538,0.1867,9.7671,34.4071,0.28387,0.9221,1.1006,1.1936
cql-weight1-seed1,cql,186000,6,186000,add639fd01e969ff,-8239.1171875,51996,11915,14.0423,2.1327,11.9096,34.4071,0.34614,0.9464,1.1361,1.2004
cql-weight1-seed1,cql,186000,7,186000,add639fd01e969ff,-8239.1171875,64933,19513,13.6029,4.8727,8.7302,34.4071,0.25373,0.9107,1.0897,1.1965
cql-weight1-seed1,cql,186000,11,186000,add639fd01e969ff,-8239.1171875,76763,39227,7.4797,3.0705,4.4092,34.4071,0.12815,0.9575,1.0436,1.0899
cql-weight1-seed1,cql,186000,12,186000,add639fd01e969ff,-8239.1171875,33583,82841,5.6193,3.307,2.3122,34.4071,0.0672,0.9401,1.015,1.0796
cql-weight1-seed1,cql,186000,13,186000,add639fd01e969ff,-8239.1171875,29838,52509,7.5407,0.9585,6.5823,34.4071,0.19131,0.9009,1.0471,1.1623
cql-weight1-seed1,cql,186000,14,186000,add639fd01e969ff,-8239.1171875,36307,14110,14.0963,-0.1588,14.2551,34.4071,0.41431,0.9481,1.2001,1.2657
cql-weight1-seed1,cql,187000,0,187000,df25759c99532314,-8288.758789062,237311,68413,25.6894,6.7554,18.934,34.2785,0.55236,0.845,1.1896,1.4078
cql-weight1-seed1,cql,187000,2,187000,df25759c99532314,-8288.758789062,168808,33814,14.7177,5.4166,9.3011,34.2785,0.27134,0.889,1.0262,1.1543
cql-weight1-seed1,cql,187000,4,187000,df25759c99532314,-8288.758789062,35214,133999,7.1449,2.7034,4.4415,34.2785,0.12957,0.8808,0.977,1.1092
cql-weight1-seed1,cql,187000,5,187000,df25759c99532314,-8288.758789062,40938,30344,9.9514,0.33,9.6214,34.2785,0.28068,0.9196,1.0986,1.1947
cql-weight1-seed1,cql,187000,6,187000,df25759c99532314,-8288.758789062,51996,11915,13.7701,2.0311,11.739,34.2785,0.34246,0.9428,1.1351,1.2039
cql-weight1-seed1,cql,187000,7,187000,df25759c99532314,-8288.758789062,64933,19513,13.3203,4.854,8.4663,34.2785,0.24699,0.9111,1.0846,1.1904
cql-weight1-seed1,cql,187000,11,187000,df25759c99532314,-8288.758789062,76763,39227,7.4282,3.1944,4.2338,34.2785,0.12351,0.9583,1.0434,1.0888
cql-weight1-seed1,cql,187000,12,187000,df25759c99532314,-8288.758789062,33583,82841,5.354,3.2952,2.0588,34.2785,0.06006,0.941,1.0141,1.0776
cql-weight1-seed1,cql,187000,13,187000,df25759c99532314,-8288.758789062,29838,52509,7.595,1.1925,6.4025,34.2785,0.18678,0.8962,1.0457,1.1668
cql-weight1-seed1,cql,187000,14,187000,df25759c99532314,-8288.758789062,36307,14110,14.2106,0.0185,14.1921,34.2785,0.41402,0.9424,1.1988,1.272
cql-weight1-seed1,cql,188000,0,188000,dbf1bf4a1aca9962,-8329.228515625,237311,68413,25.5003,6.1091,19.3913,34.6503,0.55963,0.8446,1.1844,1.4022
cql-weight1-seed1,cql,188000,2,188000,dbf1bf4a1aca9962,-8329.228515625,168808,33814,14.8768,5.279,9.5977,34.6503,0.27699,0.8897,1.0265,1.1538
cql-weight1-seed1,cql,188000,4,188000,dbf1bf4a1aca9962,-8329.228515625,35214,133999,7.2439,2.5699,4.6739,34.6503,0.13489,0.8783,0.9768,1.1121
cql-weight1-seed1,cql,188000,5,188000,dbf1bf4a1aca9962,-8329.228515625,40938,30344,10.2135,0.3057,9.9078,34.6503,0.28594,0.921,1.0956,1.1896
cql-weight1-seed1,cql,188000,6,188000,dbf1bf4a1aca9962,-8329.228515625,51996,11915,13.9458,1.8543,12.0915,34.6503,0.34896,0.9438,1.1366,1.2043
cql-weight1-seed1,cql,188000,7,188000,dbf1bf4a1aca9962,-8329.228515625,64933,19513,13.4436,4.7947,8.6489,34.6503,0.24961,0.9106,1.0894,1.1964
cql-weight1-seed1,cql,188000,11,188000,dbf1bf4a1aca9962,-8329.228515625,76763,39227,7.767,3.2003,4.5667,34.6503,0.13179,0.9575,1.0426,1.0889
cql-weight1-seed1,cql,188000,12,188000,dbf1bf4a1aca9962,-8329.228515625,33583,82841,5.7409,3.3843,2.3566,34.6503,0.06801,0.9412,1.0162,1.0797
cql-weight1-seed1,cql,188000,13,188000,dbf1bf4a1aca9962,-8329.228515625,29838,52509,7.341,0.9783,6.3628,34.6503,0.18363,0.8977,1.0463,1.1656
cql-weight1-seed1,cql,188000,14,188000,dbf1bf4a1aca9962,-8329.228515625,36307,14110,13.8499,-0.2391,14.089,34.6503,0.40661,0.9446,1.2005,1.2709
cql-weight1-seed1,cql,189000,0,189000,70b50f4aff7dddcf,-8373.850585938,237311,68413,25.9619,6.6885,19.2733,34.6106,0.55686,0.8452,1.1861,1.4033
cql-weight1-seed1,cql,189000,2,189000,70b50f4aff7dddcf,-8373.850585938,168808,33814,14.992,5.2336,9.7584,34.6106,0.28195,0.8898,1.027,1.1541
cql-weight1-seed1,cql,189000,4,189000,70b50f4aff7dddcf,-8373.850585938,35214,133999,7.0228,2.587,4.4357,34.6106,0.12816,0.8816,0.9756,1.1066
cql-weight1-seed1,cql,189000,5,189000,70b50f4aff7dddcf,-8373.850585938,40938,30344,9.7482,0.2505,9.4977,34.6106,0.27442,0.9234,1.1004,1.1917
cql-weight1-seed1,cql,189000,6,189000,70b50f4aff7dddcf,-8373.850585938,51996,11915,13.9877,1.9386,12.0491,34.6106,0.34813,0.9477,1.1403,1.2032
cql-weight1-seed1,cql,189000,7,189000,70b50f4aff7dddcf,-8373.850585938,64933,19513,13.3742,4.6237,8.7505,34.6106,0.25283,0.9109,1.0871,1.1934
cql-weight1-seed1,cql,189000,11,189000,70b50f4aff7dddcf,-8373.850585938,76763,39227,7.5915,3.2816,4.3099,34.6106,0.12453,0.9583,1.0446,1.0901
cql-weight1-seed1,cql,189000,12,189000,70b50f4aff7dddcf,-8373.850585938,33583,82841,5.7948,3.4162,2.3786,34.6106,0.06873,0.943,1.0166,1.0781
cql-weight1-seed1,cql,189000,13,189000,70b50f4aff7dddcf,-8373.850585938,29838,52509,6.9498,0.9579,5.9919,34.6106,0.17312,0.9008,1.0461,1.1613
cql-weight1-seed1,cql,189000,14,189000,70b50f4aff7dddcf,-8373.850585938,36307,14110,13.5138,-0.2693,13.7832,34.6106,0.39824,0.9484,1.2031,1.2685
cql-weight1-seed1,cql,190000,0,190000,f8ac84210d848056,-8425.247070312,237311,68413,25.72,6.5986,19.1214,34.5642,0.55321,0.8453,1.1859,1.4029
cql-weight1-seed1,cql,190000,2,190000,f8ac84210d848056,-8425.247070312,168808,33814,14.9462,5.2312,9.715,34.5642,0.28107,0.8899,1.027,1.154
cql-weight1-seed1,cql,190000,4,190000,f8ac84210d848056,-8425.247070312,35214,133999,6.3407,2.4481,3.8926,34.5642,0.11262,0.879,0.9747,1.1089
cql-weight1-seed1,cql,190000,5,190000,f8ac84210d848056,-8425.247070312,40938,30344,9.6153,0.166,9.4492,34.5642,0.27338,0.9213,1.0969,1.1906
cql-weight1-seed1,cql,190000,6,190000,f8ac84210d848056,-8425.247070312,51996,11915,13.5657,1.6515,11.9142,34.5642,0.3447,0.9444,1.1347,1.2015
cql-weight1-seed1,cql,190000,7,190000,f8ac84210d848056,-8425.247070312,64933,19513,13.1915,4.4568,8.7347,34.5642,0.25271,0.9123,1.0864,1.1909
cql-weight1-seed1,cql,190000,11,190000,f8ac84210d848056,-8425.247070312,76763,39227,7.3067,2.9238,4.3829,34.5642,0.1268,0.9577,1.0419,1.0879
cql-weight1-seed1,cql,190000,12,190000,f8ac84210d848056,-8425.247070312,33583,82841,5.268,3.1572,2.1108,34.5642,0.06107,0.9401,1.0153,1.0799
cql-weight1-seed1,cql,190000,13,190000,f8ac84210d848056,-8425.247070312,29838,52509,6.5213,0.8056,5.7157,34.5642,0.16537,0.8976,1.0446,1.1638
cql-weight1-seed1,cql,190000,14,190000,f8ac84210d848056,-8425.247070312,36307,14110,13.2491,-0.3324,13.5814,34.5642,0.39293,0.9467,1.197,1.2645
cql-weight1-seed1,cql,191000,0,191000,e55b33075775d3a0,-8469.990234375,237311,68413,25.768,6.2993,19.4687,34.9781,0.5566,0.8445,1.1846,1.4026
cql-weight1-seed1,cql,191000,2,191000,e55b33075775d3a0,-8469.990234375,168808,33814,14.8033,5.1249,9.6784,34.9781,0.2767,0.8914,1.0285,1.1538
cql-weight1-seed1,cql,191000,4,191000,e55b33075775d3a0,-8469.990234375,35214,133999,6.9441,2.5976,4.3466,34.9781,0.12427,0.8781,0.9761,1.1116
cql-weight1-seed1,cql,191000,5,191000,e55b33075775d3a0,-8469.990234375,40938,30344,9.9214,0.2567,9.6647,34.9781,0.27631,0.9189,1.0978,1.1947
cql-weight1-seed1,cql,191000,6,191000,e55b33075775d3a0,-8469.990234375,51996,11915,14.0136,1.9886,12.0251,34.9781,0.34379,0.9449,1.1396,1.2061
cql-weight1-seed1,cql,191000,7,191000,e55b33075775d3a0,-8469.990234375,64933,19513,13.5103,4.6596,8.8507,34.9781,0.25304,0.9101,1.0869,1.1943
cql-weight1-seed1,cql,191000,11,191000,e55b33075775d3a0,-8469.990234375,76763,39227,7.2442,3.0181,4.2261,34.9781,0.12082,0.9577,1.042,1.088
cql-weight1-seed1,cql,191000,12,191000,e55b33075775d3a0,-8469.990234375,33583,82841,5.2189,3.2251,1.9939,34.9781,0.057,0.9409,1.0143,1.078
cql-weight1-seed1,cql,191000,13,191000,e55b33075775d3a0,-8469.990234375,29838,52509,7.0813,0.9722,6.1091,34.9781,0.17465,0.8957,1.0451,1.1667
cql-weight1-seed1,cql,191000,14,191000,e55b33075775d3a0,-8469.990234375,36307,14110,13.8414,-0.1782,14.0196,34.9781,0.40081,0.9429,1.1961,1.2685
cql-weight1-seed1,cql,192000,0,192000,0e9fa53b7624bfa8,-8516.311523438,237311,68413,25.6802,6.6996,18.9806,34.4924,0.55028,0.845,1.189,1.4072
cql-weight1-seed1,cql,192000,2,192000,0e9fa53b7624bfa8,-8516.311523438,168808,33814,14.6195,5.1648,9.4547,34.4924,0.27411,0.8898,1.027,1.1542
cql-weight1-seed1,cql,192000,4,192000,0e9fa53b7624bfa8,-8516.311523438,35214,133999,6.5906,2.3539,4.2367,34.4924,0.12283,0.8818,0.9754,1.1062
cql-weight1-seed1,cql,192000,5,192000,0e9fa53b7624bfa8,-8516.311523438,40938,30344,10.0446,0.1445,9.9001,34.4924,0.28702,0.9221,1.0997,1.1926
cql-weight1-seed1,cql,192000,6,192000,0e9fa53b7624bfa8,-8516.311523438,51996,11915,13.5598,1.4926,12.0673,34.4924,0.34985,0.9451,1.1422,1.2086
cql-weight1-seed1,cql,192000,7,192000,0e9fa53b7624bfa8,-8516.311523438,64933,19513,13.4787,4.5693,8.9093,34.4924,0.2583,0.9128,1.0871,1.1909
cql-weight1-seed1,cql,192000,11,192000,0e9fa53b7624bfa8,-8516.311523438,76763,39227,7.4972,3.0975,4.3997,34.4924,0.12756,0.9582,1.0435,1.089
cql-weight1-seed1,cql,192000,12,192000,0e9fa53b7624bfa8,-8516.311523438,33583,82841,5.0458,3.1271,1.9187,34.4924,0.05563,0.9429,1.0153,1.0768
cql-weight1-seed1,cql,192000,13,192000,0e9fa53b7624bfa8,-8516.311523438,29838,52509,7.2277,0.876,6.3517,34.4924,0.18415,0.9022,1.0477,1.1613
cql-weight1-seed1,cql,192000,14,192000,0e9fa53b7624bfa8,-8516.311523438,36307,14110,14.2712,-0.1171,14.3883,34.4924,0.41714,0.9498,1.2115,1.2755
cql-weight1-seed1,cql,193000,0,193000,a89ac09373c8abec,-8564.231445312,237311,68413,25.3673,6.1726,19.1947,34.0703,0.56339,0.8443,1.1892,1.4084
cql-weight1-seed1,cql,193000,2,193000,a89ac09373c8abec,-8564.231445312,168808,33814,14.5685,5.061,9.5075,34.0703,0.27905,0.8897,1.0281,1.1556
cql-weight1-seed1,cql,193000,4,193000,a89ac09373c8abec,-8564.231445312,35214,133999,7.1602,2.4643,4.696,34.0703,0.13783,0.878,0.9745,1.1099
cql-weight1-seed1,cql,193000,5,193000,a89ac09373c8abec,-8564.231445312,40938,30344,9.8279,0.1305,9.6974,34.0703,0.28463,0.9196,1.0971,1.193
cql-weight1-seed1,cql,193000,6,193000,a89ac09373c8abec,-8564.231445312,51996,11915,13.4603,1.7927,11.6676,34.0703,0.34246,0.9448,1.1377,1.2042
cql-weight1-seed1,cql,193000,7,193000,a89ac09373c8abec,-8564.231445312,64933,19513,13.501,4.8408,8.6602,34.0703,0.25419,0.9108,1.0905,1.1973
cql-weight1-seed1,cql,193000,11,193000,a89ac09373c8abec,-8564.231445312,76763,39227,7.3093,3.1556,4.1537,34.0703,0.12192,0.9581,1.0423,1.0879
cql-weight1-seed1,cql,193000,12,193000,a89ac09373c8abec,-8564.231445312,33583,82841,5.4796,3.2883,2.1913,34.0703,0.06432,0.942,1.0155,1.078
cql-weight1-seed1,cql,193000,13,193000,a89ac09373c8abec,-8564.231445312,29838,52509,7.1781,0.7929,6.3852,34.0703,0.18741,0.8936,1.0437,1.168
cql-weight1-seed1,cql,193000,14,193000,a89ac09373c8abec,-8564.231445312,36307,14110,13.4368,-0.4699,13.9067,34.0703,0.40818,0.9428,1.1972,1.2697
cql-weight1-seed1,cql,194000,0,194000,642aa6885e0bc5cc,-8605.2890625,237311,68413,25.5679,6.6172,18.9507,33.9769,0.55775,0.8449,1.186,1.4037
cql-weight1-seed1,cql,194000,2,194000,642aa6885e0bc5cc,-8605.2890625,168808,33814,14.6287,5.1632,9.4655,33.9769,0.27859,0.89,1.0248,1.1515
cql-weight1-seed1,cql,194000,4,194000,642aa6885e0bc5cc,-8605.2890625,35214,133999,6.2586,2.3846,3.8741,33.9769,0.11402,0.8791,0.9753,1.1095
cql-weight1-seed1,cql,194000,5,194000,642aa6885e0bc5cc,-8605.2890625,40938,30344,9.8446,0.068,9.7767,33.9769,0.28774,0.9203,1.1012,1.1965
cql-weight1-seed1,cql,194000,6,194000,642aa6885e0bc5cc,-8605.2890625,51996,11915,13.6834,1.6883,11.9951,33.9769,0.35304,0.9454,1.1399,1.2057
cql-weight1-seed1,cql,194000,7,194000,642aa6885e0bc5cc,-8605.2890625,64933,19513,13.2921,4.6822,8.6098,33.9769,0.2534,0.9091,1.0862,1.1948
cql-weight1-seed1,cql,194000,11,194000,642aa6885e0bc5cc,-8605.2890625,76763,39227,7.3888,3.2628,4.1261,33.9769,0.12144,0.9583,1.043,1.0884
cql-weight1-seed1,cql,194000,12,194000,642aa6885e0bc5cc,-8605.2890625,33583,82841,4.9812,3.1916,1.7896,33.9769,0.05267,0.9429,1.0145,1.0759
cql-weight1-seed1,cql,194000,13,194000,642aa6885e0bc5cc,-8605.2890625,29838,52509,6.6331,0.8961,5.737,33.9769,0.16885,0.8994,1.0453,1.1622
cql-weight1-seed1,cql,194000,14,194000,642aa6885e0bc5cc,-8605.2890625,36307,14110,14.2689,-0.0874,14.3563,33.9769,0.42253,0.9442,1.1976,1.2684
cql-weight1-seed1,cql,195000,0,195000,6f1a8f64fb69ff04,-8662.568359375,237311,68413,25.8906,6.1918,19.6988,34.8453,0.56532,0.8453,1.1888,1.4063
cql-weight1-seed1,cql,195000,2,195000,6f1a8f64fb69ff04,-8662.568359375,168808,33814,14.7705,5.2622,9.5083,34.8453,0.27287,0.8901,1.0271,1.154
cql-weight1-seed1,cql,195000,4,195000,6f1a8f64fb69ff04,-8662.568359375,35214,133999,6.7389,2.6188,4.1201,34.8453,0.11824,0.8772,0.975,1.1115
cql-weight1-seed1,cql,195000,5,195000,6f1a8f64fb69ff04,-8662.568359375,40938,30344,10.033,0.2486,9.7845,34.8453,0.2808,0.9185,1.0975,1.1949
cql-weight1-seed1,cql,195000,6,195000,6f1a8f64fb69ff04,-8662.568359375,51996,11915,13.7581,1.5563,12.2018,34.8453,0.35017,0.9443,1.1418,1.2091
cql-weight1-seed1,cql,195000,7,195000,6f1a8f64fb69ff04,-8662.568359375,64933,19513,13.2505,4.7109,8.5395,34.8453,0.24507,0.9115,1.0891,1.1949
cql-weight1-seed1,cql,195000,11,195000,6f1a8f64fb69ff04,-8662.568359375,76763,39227,7.6066,3.1984,4.4082,34.8453,0.12651,0.9575,1.0433,1.0895
cql-weight1-seed1,cql,195000,12,195000,6f1a8f64fb69ff04,-8662.568359375,33583,82841,5.4054,3.3653,2.0402,34.8453,0.05855,0.9417,1.0145,1.0773
cql-weight1-seed1,cql,195000,13,195000,6f1a8f64fb69ff04,-8662.568359375,29838,52509,6.9383,0.9437,5.9946,34.8453,0.17203,0.8958,1.0443,1.1658
cql-weight1-seed1,cql,195000,14,195000,6f1a8f64fb69ff04,-8662.568359375,36307,14110,13.9864,-0.1627,14.1491,34.8453,0.40605,0.9433,1.2002,1.2724
cql-weight1-seed1,cql,196000,0,196000,6703bc83f19bd123,-8704.262695312,237311,68413,25.625,6.8185,18.8065,34.4756,0.5455,0.8447,1.189,1.4077
cql-weight1-seed1,cql,196000,2,196000,6703bc83f19bd123,-8704.262695312,168808,33814,14.5761,5.1987,9.3774,34.4756,0.272,0.8902,1.0273,1.154
cql-weight1-seed1,cql,196000,4,196000,6703bc83f19bd123,-8704.262695312,35214,133999,6.4284,2.4768,3.9516,34.4756,0.11462,0.8799,0.9752,1.1083
cql-weight1-seed1,cql,196000,5,196000,6703bc83f19bd123,-8704.262695312,40938,30344,9.8287,0.214,9.6148,34.4756,0.27889,0.9208,1.0967,1.191
cql-weight1-seed1,cql,196000,6,196000,6703bc83f19bd123,-8704.262695312,51996,11915,13.3578,1.6743,11.6835,34.4756,0.33889,0.944,1.137,1.2045
cql-weight1-seed1,cql,196000,7,196000,6703bc83f19bd123,-8704.262695312,64933,19513,13.0521,4.5027,8.5494,34.4756,0.24799,0.9106,1.0858,1.1924
cql-weight1-seed1,cql,196000,11,196000,6703bc83f19bd123,-8704.262695312,76763,39227,7.3811,3.1299,4.2512,34.4756,0.12331,0.9584,1.0427,1.0879
cql-weight1-seed1,cql,196000,12,196000,6703bc83f19bd123,-8704.262695312,33583,82841,4.8381,3.1537,1.6845,34.4756,0.04886,0.9413,1.0133,1.0765
cql-weight1-seed1,cql,196000,13,196000,6703bc83f19bd123,-8704.262695312,29838,52509,6.7463,0.8376,5.9087,34.4756,0.17139,0.8954,1.044,1.1659
cql-weight1-seed1,cql,196000,14,196000,6703bc83f19bd123,-8704.262695312,36307,14110,13.612,-0.2743,13.8864,34.4756,0.40279,0.9438,1.198,1.2693
cql-weight1-seed1,cql,197000,0,197000,bd5e914e1a15daa6,-8741.651367188,237311,68413,25.5712,6.2704,19.3008,34.5319,0.55893,0.8448,1.1864,1.4044
cql-weight1-seed1,cql,197000,2,197000,bd5e914e1a15daa6,-8741.651367188,168808,33814,14.1757,4.8507,9.325,34.5319,0.27004,0.8916,1.0271,1.1519
cql-weight1-seed1,cql,197000,4,197000,bd5e914e1a15daa6,-8741.651367188,35214,133999,6.2177,2.554,3.6637,34.5319,0.1061,0.8808,0.9747,1.1066
cql-weight1-seed1,cql,197000,5,197000,bd5e914e1a15daa6,-8741.651367188,40938,30344,9.5149,0.2487,9.2662,34.5319,0.26834,0.9197,1.0961,1.1917
cql-weight1-seed1,cql,197000,6,197000,bd5e914e1a15daa6,-8741.651367188,51996,11915,13.3417,1.6756,11.6661,34.5319,0.33784,0.9444,1.1388,1.2058
cql-weight1-seed1,cql,197000,7,197000,bd5e914e1a15daa6,-8741.651367188,64933,19513,13.2765,4.5553,8.7211,34.5319,0.25255,0.9094,1.0851,1.1932
cql-weight1-seed1,cql,197000,11,197000,bd5e914e1a15daa6,-8741.651367188,76763,39227,7.3502,3.1775,4.1727,34.5319,0.12084,0.9588,1.0433,1.0882
cql-weight1-seed1,cql,197000,12,197000,bd5e914e1a15daa6,-8741.651367188,33583,82841,4.9798,3.136,1.8437,34.5319,0.05339,0.9401,1.0142,1.0788
cql-weight1-seed1,cql,197000,13,197000,bd5e914e1a15daa6,-8741.651367188,29838,52509,6.4872,0.9561,5.531,34.5319,0.16017,0.8972,1.0444,1.1641
cql-weight1-seed1,cql,197000,14,197000,bd5e914e1a15daa6,-8741.651367188,36307,14110,13.4433,-0.4176,13.8609,34.5319,0.40139,0.9445,1.1976,1.268
cql-weight1-seed1,cql,198000,0,198000,ddc58e6b7971cbe2,-8777.671875,237311,68413,25.789,6.7076,19.0814,34.6299,0.55101,0.8449,1.1863,1.4041
cql-weight1-seed1,cql,198000,2,198000,ddc58e6b7971cbe2,-8777.671875,168808,33814,14.4544,5.1063,9.3481,34.6299,0.26994,0.8895,1.0261,1.1536
cql-weight1-seed1,cql,198000,4,198000,ddc58e6b7971cbe2,-8777.671875,35214,133999,6.9499,2.5773,4.3726,34.6299,0.12627,0.8798,0.9769,1.1104
cql-weight1-seed1,cql,198000,5,198000,ddc58e6b7971cbe2,-8777.671875,40938,30344,9.7823,0.2636,9.5187,34.6299,0.27487,0.9199,1.099,1.1947
cql-weight1-seed1,cql,198000,6,198000,ddc58e6b7971cbe2,-8777.671875,51996,11915,13.5973,1.8162,11.7811,34.6299,0.3402,0.945,1.1388,1.205
cql-weight1-seed1,cql,198000,7,198000,ddc58e6b7971cbe2,-8777.671875,64933,19513,13.5545,4.7914,8.7632,34.6299,0.25305,0.9128,1.0896,1.1937
cql-weight1-seed1,cql,198000,11,198000,ddc58e6b7971cbe2,-8777.671875,76763,39227,7.3358,3.1169,4.2189,34.6299,0.12183,0.9581,1.0424,1.088
cql-weight1-seed1,cql,198000,12,198000,ddc58e6b7971cbe2,-8777.671875,33583,82841,5.3262,3.1924,2.1338,34.6299,0.06162,0.9423,1.0161,1.0783
cql-weight1-seed1,cql,198000,13,198000,ddc58e6b7971cbe2,-8777.671875,29838,52509,6.4594,0.8838,5.5756,34.6299,0.16101,0.9,1.046,1.1623
cql-weight1-seed1,cql,198000,14,198000,ddc58e6b7971cbe2,-8777.671875,36307,14110,13.2522,-0.3432,13.5954,34.6299,0.39259,0.943,1.1958,1.268
cql-weight1-seed1,cql,199000,0,199000,ae7c42345fa62f30,-8814.068359375,237311,68413,25.3259,6.0826,19.2434,34.8833,0.55165,0.8451,1.1856,1.4029
cql-weight1-seed1,cql,199000,2,199000,ae7c42345fa62f30,-8814.068359375,168808,33814,14.4805,4.8815,9.599,34.8833,0.27518,0.8899,1.0281,1.1553
cql-weight1-seed1,cql,199000,4,199000,ae7c42345fa62f30,-8814.068359375,35214,133999,6.4243,2.5016,3.9227,34.8833,0.11245,0.8798,0.9742,1.1073
cql-weight1-seed1,cql,199000,5,199000,ae7c42345fa62f30,-8814.068359375,40938,30344,9.4253,0.1921,9.2332,34.8833,0.26469,0.9191,1.096,1.1924
cql-weight1-seed1,cql,199000,6,199000,ae7c42345fa62f30,-8814.068359375,51996,11915,14.1434,1.9076,12.2358,34.8833,0.35076,0.943,1.1364,1.2051
cql-weight1-seed1,cql,199000,7,199000,ae7c42345fa62f30,-8814.068359375,64933,19513,13.5403,4.4068,9.1335,34.8833,0.26183,0.9111,1.0868,1.1929
cql-weight1-seed1,cql,199000,11,199000,ae7c42345fa62f30,-8814.068359375,76763,39227,7.7549,3.3095,4.4454,34.8833,0.12744,0.9599,1.0437,1.0873
cql-weight1-seed1,cql,199000,12,199000,ae7c42345fa62f30,-8814.068359375,33583,82841,5.1427,3.1949,1.9477,34.8833,0.05584,0.9415,1.0143,1.0773
cql-weight1-seed1,cql,199000,13,199000,ae7c42345fa62f30,-8814.068359375,29838,52509,6.5119,0.8322,5.6797,34.8833,0.16282,0.8958,1.044,1.1655
cql-weight1-seed1,cql,199000,14,199000,ae7c42345fa62f30,-8814.068359375,36307,14110,13.2915,-0.3592,13.6507,34.8833,0.39133,0.9427,1.2005,1.2734
cql-weight1-seed1,cql,200000,0,200000,c5bb2cbf28cac6d5,-8856.024414062,237311,68413,25.4504,6.3291,19.1213,34.7262,0.55063,0.8445,1.1829,1.4007
cql-weight1-seed1,cql,200000,2,200000,c5bb2cbf28cac6d5,-8856.024414062,168808,33814,14.6295,5.1161,9.5134,34.7262,0.27395,0.8915,1.0267,1.1517
cql-weight1-seed1,cql,200000,4,200000,c5bb2cbf28cac6d5,-8856.024414062,35214,133999,6.4804,2.6074,3.873,34.7262,0.11153,0.8792,0.976,1.1101
cql-weight1-seed1,cql,200000,5,200000,c5bb2cbf28cac6d5,-8856.024414062,40938,30344,9.9052,0.2667,9.6385,34.7262,0.27756,0.9209,1.1001,1.1945
cql-weight1-seed1,cql,200000,6,200000,c5bb2cbf28cac6d5,-8856.024414062,51996,11915,13.2876,1.7108,11.5769,34.7262,0.33338,0.9457,1.1417,1.2072
cql-weight1-seed1,cql,200000,7,200000,c5bb2cbf28cac6d5,-8856.024414062,64933,19513,12.9288,4.2295,8.6994,34.7262,0.25051,0.9095,1.0892,1.1976
cql-weight1-seed1,cql,200000,11,200000,c5bb2cbf28cac6d5,-8856.024414062,76763,39227,7.4633,3.157,4.3063,34.7262,0.12401,0.9576,1.0433,1.0896
cql-weight1-seed1,cql,200000,12,200000,c5bb2cbf28cac6d5,-8856.024414062,33583,82841,5.3332,3.3177,2.0154,34.7262,0.05804,0.941,1.0148,1.0784
cql-weight1-seed1,cql,200000,13,200000,c5bb2cbf28cac6d5,-8856.024414062,29838,52509,6.6831,0.88,5.8031,34.7262,0.16711,0.8976,1.046,1.1654
cql-weight1-seed1,cql,200000,14,200000,c5bb2cbf28cac6d5,-8856.024414062,36307,14110,13.6141,-0.241,13.8551,34.7262,0.39898,0.9461,1.2013,1.2697
cql-weight1-seed1,cql,201000,0,201000,6f5a234a9cada5f5,-8915.489257812,237311,68413,25.5859,6.6341,18.9519,34.6403,0.5471,0.8444,1.1845,1.4029
cql-weight1-seed1,cql,201000,2,201000,6f5a234a9cada5f5,-8915.489257812,168808,33814,14.1201,4.9952,9.1249,34.6403,0.26342,0.8885,1.0234,1.1518
cql-weight1-seed1,cql,201000,4,201000,6f5a234a9cada5f5,-8915.489257812,35214,133999,6.5975,2.5164,4.0811,34.6403,0.11781,0.8778,0.9745,1.1103
cql-weight1-seed1,cql,201000,5,201000,6f5a234a9cada5f5,-8915.489257812,40938,30344,9.3167,0.0879,9.2289,34.6403,0.26642,0.9163,1.0967,1.1968
cql-weight1-seed1,cql,201000,6,201000,6f5a234a9cada5f5,-8915.489257812,51996,11915,12.8578,1.5795,11.2783,34.6403,0.32558,0.9434,1.1358,1.2039
cql-weight1-seed1,cql,201000,7,201000,6f5a234a9cada5f5,-8915.489257812,64933,19513,12.7241,4.4644,8.2597,34.6403,0.23844,0.9115,1.0867,1.1922
cql-weight1-seed1,cql,201000,11,201000,6f5a234a9cada5f5,-8915.489257812,76763,39227,7.0847,3.0139,4.0707,34.6403,0.11751,0.9583,1.0432,1.0886
cql-weight1-seed1,cql,201000,12,201000,6f5a234a9cada5f5,-8915.489257812,33583,82841,5.04,3.1611,1.8789,34.6403,0.05424,0.9414,1.0144,1.0775
cql-weight1-seed1,cql,201000,13,201000,6f5a234a9cada5f5,-8915.489257812,29838,52509,6.594,0.8336,5.7604,34.6403,0.16629,0.8955,1.0446,1.1665
cql-weight1-seed1,cql,201000,14,201000,6f5a234a9cada5f5,-8915.489257812,36307,14110,13.2872,-0.3739,13.6611,34.6403,0.39437,0.9422,1.1961,1.2694
cql-weight1-seed1,cql,202000,0,202000,cdbbe982d975ff96,-8961.547851562,237311,68413,25.3602,6.4691,18.8911,34.8096,0.5427,0.8443,1.1914,1.4112
cql-weight1-seed1,cql,202000,2,202000,cdbbe982d975ff96,-8961.547851562,168808,33814,14.4133,4.914,9.4992,34.8096,0.27289,0.8893,1.0253,1.1529
cql-weight1-seed1,cql,202000,4,202000,cdbbe982d975ff96,-8961.547851562,35214,133999,6.752,2.308,4.444,34.8096,0.12767,0.879,0.9758,1.1101
cql-weight1-seed1,cql,202000,5,202000,cdbbe982d975ff96,-8961.547851562,40938,30344,9.5306,-0.1083,9.6388,34.8096,0.2769,0.9214,1.1032,1.1974
cql-weight1-seed1,cql,202000,6,202000,cdbbe982d975ff96,-8961.547851562,51996,11915,13.3432,1.2787,12.0645,34.8096,0.34658,0.9449,1.1409,1.2075
cql-weight1-seed1,cql,202000,7,202000,cdbbe982d975ff96,-8961.547851562,64933,19513,12.913,4.2542,8.6588,34.8096,0.24875,0.9108,1.0881,1.1946
cql-weight1-seed1,cql,202000,11,202000,cdbbe982d975ff96,-8961.547851562,76763,39227,7.4937,3.141,4.3527,34.8096,0.12504,0.9601,1.0454,1.0888
cql-weight1-seed1,cql,202000,12,202000,cdbbe982d975ff96,-8961.547851562,33583,82841,5.364,3.2061,2.1578,34.8096,0.06199,0.9416,1.0167,1.0797
cql-weight1-seed1,cql,202000,13,202000,cdbbe982d975ff96,-8961.547851562,29838,52509,7.0197,0.7552,6.2644,34.8096,0.17996,0.897,1.0477,1.1681
cql-weight1-seed1,cql,202000,14,202000,cdbbe982d975ff96,-8961.547851562,36307,14110,13.397,-0.5422,13.9392,34.8096,0.40044,0.9432,1.2045,1.277
cql-weight1-seed1,cql,203000,0,203000,d233b0e56d1b429f,-8993.811523438,237311,68413,25.4471,7.0268,18.4203,34.2675,0.53754,0.844,1.1866,1.4059
cql-weight1-seed1,cql,203000,2,203000,d233b0e56d1b429f,-8993.811523438,168808,33814,13.8778,4.9001,8.9777,34.2675,0.26199,0.8892,1.0232,1.1508
cql-weight1-seed1,cql,203000,4,203000,d233b0e56d1b429f,-8993.811523438,35214,133999,6.3397,2.3671,3.9726,34.2675,0.11593,0.8774,0.9739,1.11
cql-weight1-seed1,cql,203000,5,203000,d233b0e56d1b429f,-8993.811523438,40938,30344,9.6964,-0.0338,9.7302,34.2675,0.28395,0.9214,1.0981,1.1918
cql-weight1-seed1,cql,203000,6,203000,d233b0e56d1b429f,-8993.811523438,51996,11915,13.178,1.4829,11.6951,34.2675,0.34129,0.9439,1.1386,1.2062
cql-weight1-seed1,cql,203000,7,203000,d233b0e56d1b429f,-8993.811523438,64933,19513,13.1364,4.6597,8.4767,34.2675,0.24737,0.9115,1.0864,1.1919
cql-weight1-seed1,cql,203000,11,203000,d233b0e56d1b429f,-8993.811523438,76763,39227,7.2911,3.1368,4.1544,34.2675,0.12123,0.9585,1.0435,1.0886
cql-weight1-seed1,cql,203000,12,203000,d233b0e56d1b429f,-8993.811523438,33583,82841,4.6916,3.0926,1.599,34.2675,0.04666,0.9405,1.0147,1.0788
cql-weight1-seed1,cql,203000,13,203000,d233b0e56d1b429f,-8993.811523438,29838,52509,6.7562,0.7722,5.984,34.2675,0.17463,0.8959,1.0445,1.1659
cql-weight1-seed1,cql,203000,14,203000,d233b0e56d1b429f,-8993.811523438,36307,14110,13.3767,-0.6451,14.0218,34.2675,0.40919,0.9436,1.203,1.2749
cql-weight1-seed1,cql,204000,0,204000,42a4154f403811c5,-9038.508789062,237311,68413,25.2205,6.0399,19.1806,34.4318,0.55706,0.8443,1.1843,1.4028
cql-weight1-seed1,cql,204000,2,204000,42a4154f403811c5,-9038.508789062,168808,33814,14.3514,5.0907,9.2607,34.4318,0.26896,0.8897,1.0268,1.1541
cql-weight1-seed1,cql,204000,4,204000,42a4154f403811c5,-9038.508789062,35214,133999,6.4967,2.5997,3.897,34.4318,0.11318,0.878,0.9759,1.1115
cql-weight1-seed1,cql,204000,5,204000,42a4154f403811c5,-9038.508789062,40938,30344,9.5251,0.1764,9.3487,34.4318,0.27151,0.9193,1.0981,1.1944
cql-weight1-seed1,cql,204000,6,204000,42a4154f403811c5,-9038.508789062,51996,11915,13.3657,1.6001,11.7656,34.4318,0.34171,0.9432,1.1403,1.2089
cql-weight1-seed1,cql,204000,7,204000,42a4154f403811c5,-9038.508789062,64933,19513,12.7329,4.378,8.3549,34.4318,0.24265,0.9099,1.0827,1.1898
cql-weight1-seed1,cql,204000,11,204000,42a4154f403811c5,-9038.508789062,76763,39227,7.1415,3.147,3.9945,34.4318,0.11601,0.9585,1.0425,1.0876
cql-weight1-seed1,cql,204000,12,204000,42a4154f403811c5,-9038.508789062,33583,82841,5.1657,3.3249,1.8408,34.4318,0.05346,0.9398,1.0134,1.0783
cql-weight1-seed1,cql,204000,13,204000,42a4154f403811c5,-9038.508789062,29838,52509,6.7108,1.0261,5.6846,34.4318,0.1651,0.8962,1.0455,1.1667
cql-weight1-seed1,cql,204000,14,204000,42a4154f403811c5,-9038.508789062,36307,14110,13.4146,-0.285,13.6997,34.4318,0.39788,0.9441,1.2043,1.2756
cql-weight1-seed1,cql,205000,0,205000,fae70455aa1cf7b3,-9071.934570312,237311,68413,25.4481,6.2565,19.1917,34.6092,0.55452,0.8451,1.1893,1.4072
cql-weight1-seed1,cql,205000,2,205000,fae70455aa1cf7b3,-9071.934570312,168808,33814,14.2537,4.8748,9.3789,34.6092,0.271,0.8895,1.0253,1.1527
cql-weight1-seed1,cql,205000,4,205000,fae70455aa1cf7b3,-9071.934570312,35214,133999,6.4483,2.3113,4.137,34.6092,0.11953,0.8803,0.9756,1.1082
cql-weight1-seed1,cql,205000,5,205000,fae70455aa1cf7b3,-9071.934570312,40938,30344,9.5533,-0.1125,9.6658,34.6092,0.27928,0.9237,1.0984,1.1891
cql-weight1-seed1,cql,205000,6,205000,fae70455aa1cf7b3,-9071.934570312,51996,11915,13.394,1.5694,11.8246,34.6092,0.34166,0.944,1.1348,1.2021
cql-weight1-seed1,cql,205000,7,205000,fae70455aa1cf7b3,-9071.934570312,64933,19513,13.0588,4.5589,8.4999,34.6092,0.2456,0.9082,1.0852,1.1948
cql-weight1-seed1,cql,205000,11,205000,fae70455aa1cf7b3,-9071.934570312,76763,39227,7.0806,3.0807,3.9999,34.6092,0.11557,0.9586,1.0422,1.0872
cql-weight1-seed1,cql,205000,12,205000,fae70455aa1cf7b3,-9071.934570312,33583,82841,4.7495,3.0303,1.7192,34.6092,0.04967,0.9409,1.0145,1.0783
cql-weight1-seed1,cql,205000,13,205000,fae70455aa1cf7b3,-9071.934570312,29838,52509,7.0889,0.804,6.2848,34.6092,0.18159,0.8992,1.0455,1.1627
cql-weight1-seed1,cql,205000,14,205000,fae70455aa1cf7b3,-9071.934570312,36307,14110,13.738,-0.3443,14.0823,34.6092,0.40689,0.9477,1.1981,1.2642
cql-weight1-seed1,cql,206000,0,206000,af3e8642744b9e2e,-9113.536132812,237311,68413,25.0693,6.0041,19.0652,34.3167,0.55557,0.8466,1.1863,1.4013
cql-weight1-seed1,cql,206000,2,206000,af3e8642744b9e2e,-9113.536132812,168808,33814,14.2454,4.7866,9.4588,34.3167,0.27563,0.891,1.0247,1.1502
cql-weight1-seed1,cql,206000,4,206000,af3e8642744b9e2e,-9113.536132812,35214,133999,6.0712,2.2142,3.857,34.3167,0.11239,0.8794,0.9749,1.1085
cql-weight1-seed1,cql,206000,5,206000,af3e8642744b9e2e,-9113.536132812,40938,30344,9.5001,-0.0514,9.5516,34.3167,0.27834,0.9194,1.0985,1.1948
cql-weight1-seed1,cql,206000,6,206000,af3e8642744b9e2e,-9113.536132812,51996,11915,13.6983,1.6381,12.0602,34.3167,0.35144,0.9436,1.1377,1.2057
cql-weight1-seed1,cql,206000,7,206000,af3e8642744b9e2e,-9113.536132812,64933,19513,12.9659,4.3657,8.6002,34.3167,0.25061,0.9105,1.0872,1.194
cql-weight1-seed1,cql,206000,11,206000,af3e8642744b9e2e,-9113.536132812,76763,39227,7.1986,2.9314,4.2672,34.3167,0.12435,0.9578,1.0422,1.0882
cql-weight1-seed1,cql,206000,12,206000,af3e8642744b9e2e,-9113.536132812,33583,82841,5.1214,2.9724,2.149,34.3167,0.06262,0.9408,1.014,1.0778
cql-weight1-seed1,cql,206000,13,206000,af3e8642744b9e2e,-9113.536132812,29838,52509,6.5807,0.7115,5.8692,34.3167,0.17103,0.897,1.0458,1.166
cql-weight1-seed1,cql,206000,14,206000,af3e8642744b9e2e,-9113.536132812,36307,14110,13.3891,-0.412,13.8011,34.3167,0.40217,0.9411,1.1953,1.2701
cql-weight1-seed1,cql,207000,0,207000,509f0cb25ce82348,-9158.873046875,237311,68413,25.2297,6.6382,18.5915,33.7075,0.55155,0.8447,1.1858,1.4038
cql-weight1-seed1,cql,207000,2,207000,509f0cb25ce82348,-9158.873046875,168808,33814,14.2917,4.9565,9.3352,33.7075,0.27695,0.8912,1.0252,1.1503
cql-weight1-seed1,cql,207000,4,207000,509f0cb25ce82348,-9158.873046875,35214,133999,6.2951,2.5925,3.7026,33.7075,0.10985,0.8807,0.9763,1.1085
cql-weight1-seed1,cql,207000,5,207000,509f0cb25ce82348,-9158.873046875,40938,30344,9.6371,0.2334,9.4037,33.7075,0.27898,0.9207,1.0975,1.192
cql-weight1-seed1,cql,207000,6,207000,509f0cb25ce82348,-9158.873046875,51996,11915,13.4747,1.6934,11.7813,33.7075,0.34952,0.9445,1.1356,1.2024
cql-weight1-seed1,cql,207000,7,207000,509f0cb25ce82348,-9158.873046875,64933,19513,12.9395,4.5856,8.354,33.7075,0.24784,0.9111,1.0877,1.1939
cql-weight1-seed1,cql,207000,11,207000,509f0cb25ce82348,-9158.873046875,76763,39227,7.3053,3.0759,4.2293,33.7075,0.12547,0.958,1.0427,1.0884
cql-weight1-seed1,cql,207000,12,207000,509f0cb25ce82348,-9158.873046875,33583,82841,5.1956,3.3043,1.8913,33.7075,0.05611,0.9416,1.014,1.0769
cql-weight1-seed1,cql,207000,13,207000,509f0cb25ce82348,-9158.873046875,29838,52509,6.8774,0.9511,5.9263,33.7075,0.17582,0.8981,1.0447,1.1632
cql-weight1-seed1,cql,207000,14,207000,509f0cb25ce82348,-9158.873046875,36307,14110,13.5642,-0.1524,13.7166,33.7075,0.40693,0.9445,1.1966,1.2669
cql-weight1-seed1,cql,208000,0,208000,5e68b2c260fe17e0,-9208.62109375,237311,68413,25.1273,6.031,19.0963,34.3276,0.55629,0.8448,1.1869,1.405
cql-weight1-seed1,cql,208000,2,208000,5e68b2c260fe17e0,-9208.62109375,168808,33814,14.081,4.8387,9.2422,34.3276,0.26924,0.8897,1.026,1.1532
cql-weight1-seed1,cql,208000,4,208000,5e68b2c260fe17e0,-9208.62109375,35214,133999,6.5488,2.4234,4.1254,34.3276,0.12018,0.8792,0.9752,1.1091
cql-weight1-seed1,cql,208000,5,208000,5e68b2c260fe17e0,-9208.62109375,40938,30344,9.5889,0.2191,9.3698,34.3276,0.27295,0.9203,1.0977,1.1927
cql-weight1-seed1,cql,208000,6,208000,5e68b2c260fe17e0,-9208.62109375,51996,11915,13.3761,1.7336,11.6426,34.3276,0.33916,0.9437,1.1366,1.2045
cql-weight1-seed1,cql,208000,7,208000,5e68b2c260fe17e0,-9208.62109375,64933,19513,12.645,4.2467,8.3983,34.3276,0.24465,0.9107,1.0841,1.1904
cql-weight1-seed1,cql,208000,11,208000,5e68b2c260fe17e0,-9208.62109375,76763,39227,7.2366,3.0149,4.2216,34.3276,0.12298,0.9593,1.0425,1.0867
cql-weight1-seed1,cql,208000,12,208000,5e68b2c260fe17e0,-9208.62109375,33583,82841,5.1268,3.2495,1.8773,34.3276,0.05469,0.9411,1.0146,1.0781
cql-weight1-seed1,cql,208000,13,208000,5e68b2c260fe17e0,-9208.62109375,29838,52509,6.7986,0.9994,5.7993,34.3276,0.16894,0.8973,1.0461,1.1658
cql-weight1-seed1,cql,208000,14,208000,5e68b2c260fe17e0,-9208.62109375,36307,14110,13.3878,-0.0634,13.4513,34.3276,0.39185,0.9438,1.2034,1.2751
cql-weight1-seed1,cql,209000,0,209000,1d757e1e5657b059,-9261.947265625,237311,68413,25.3258,6.266,19.0597,34.4691,0.55295,0.8434,1.1824,1.402
cql-weight1-seed1,cql,209000,2,209000,1d757e1e5657b059,-9261.947265625,168808,33814,14.0622,5.0227,9.0396,34.4691,0.26225,0.8893,1.0246,1.1522
cql-weight1-seed1,cql,209000,4,209000,1d757e1e5657b059,-9261.947265625,35214,133999,6.2986,2.3694,3.9292,34.4691,0.11399,0.8813,0.9734,1.1045
cql-weight1-seed1,cql,209000,5,209000,1d757e1e5657b059,-9261.947265625,40938,30344,9.6614,-0.0318,9.6933,34.4691,0.28122,0.9194,1.0948,1.1907
cql-weight1-seed1,cql,209000,6,209000,1d757e1e5657b059,-9261.947265625,51996,11915,13.4595,1.5654,11.8941,34.4691,0.34507,0.9433,1.1385,1.2069
cql-weight1-seed1,cql,209000,7,209000,1d757e1e5657b059,-9261.947265625,64933,19513,12.8565,4.4142,8.4423,34.4691,0.24493,0.9113,1.0845,1.1901
cql-weight1-seed1,cql,209000,11,209000,1d757e1e5657b059,-9261.947265625,76763,39227,7.0103,3.0623,3.948,34.4691,0.11454,0.9574,1.0418,1.0882
cql-weight1-seed1,cql,209000,12,209000,1d757e1e5657b059,-9261.947265625,33583,82841,4.5986,3.1048,1.4938,34.4691,0.04334,0.942,1.0128,1.0751
cql-weight1-seed1,cql,209000,13,209000,1d757e1e5657b059,-9261.947265625,29838,52509,6.4176,0.798,5.6196,34.4691,0.16303,0.8962,1.042,1.1628
cql-weight1-seed1,cql,209000,14,209000,1d757e1e5657b059,-9261.947265625,36307,14110,13.6704,-0.4615,14.1319,34.4691,0.40999,0.9414,1.1921,1.2663
cql-weight1-seed1,cql,210000,0,210000,e7ade8e7a6aa1b67,-9290.286132812,237311,68413,25.2148,6.5197,18.6951,34.087,0.54845,0.8439,1.1845,1.4035
cql-weight1-seed1,cql,210000,2,210000,e7ade8e7a6aa1b67,-9290.286132812,168808,33814,14.1282,4.8806,9.2476,34.087,0.27129,0.8893,1.0231,1.1504
cql-weight1-seed1,cql,210000,4,210000,e7ade8e7a6aa1b67,-9290.286132812,35214,133999,6.5488,2.5741,3.9747,34.087,0.11661,0.8789,0.9744,1.1087
cql-weight1-seed1,cql,210000,5,210000,e7ade8e7a6aa1b67,-9290.286132812,40938,30344,9.7826,0.3729,9.4097,34.087,0.27605,0.9194,1.1005,1.1969
cql-weight1-seed1,cql,210000,6,210000,e7ade8e7a6aa1b67,-9290.286132812,51996,11915,13.2393,1.7741,11.4652,34.087,0.33635,0.9423,1.1394,1.2091
cql-weight1-seed1,cql,210000,7,210000,e7ade8e7a6aa1b67,-9290.286132812,64933,19513,12.8764,4.5886,8.2878,34.087,0.24314,0.9105,1.0875,1.1944
cql-weight1-seed1,cql,210000,11,210000,e7ade8e7a6aa1b67,-9290.286132812,76763,39227,7.3282,3.2924,4.0358,34.087,0.1184,0.9585,1.0438,1.089
cql-weight1-seed1,cql,210000,12,210000,e7ade8e7a6aa1b67,-9290.286132812,33583,82841,4.8955,3.2122,1.6833,34.087,0.04938,0.9415,1.0139,1.0769
cql-weight1-seed1,cql,210000,13,210000,e7ade8e7a6aa1b67,-9290.286132812,29838,52509,6.6944,1.0334,5.661,34.087,0.16607,0.8971,1.0459,1.1659
cql-weight1-seed1,cql,210000,14,210000,e7ade8e7a6aa1b67,-9290.286132812,36307,14110,13.1429,-0.402,13.545,34.087,0.39736,0.9441,1.206,1.2774
cql-weight1-seed1,cql,211000,0,211000,dbda406df30d4cee,-9340.391601562,237311,68413,24.8262,6.1164,18.7098,33.7448,0.55445,0.8453,1.183,1.3996
cql-weight1-seed1,cql,211000,2,211000,dbda406df30d4cee,-9340.391601562,168808,33814,13.863,4.8317,9.0313,33.7448,0.26764,0.8904,1.0234,1.1494
cql-weight1-seed1,cql,211000,4,211000,dbda406df30d4cee,-9340.391601562,35214,133999,6.636,2.4991,4.1369,33.7448,0.12259,0.8807,0.9746,1.1066
cql-weight1-seed1,cql,211000,5,211000,dbda406df30d4cee,-9340.391601562,40938,30344,9.9271,0.2314,9.6957,33.7448,0.28732,0.9188,1.0958,1.1926
cql-weight1-seed1,cql,211000,6,211000,dbda406df30d4cee,-9340.391601562,51996,11915,13.2495,1.6142,11.6353,33.7448,0.3448,0.9432,1.136,1.2044
cql-weight1-seed1,cql,211000,7,211000,dbda406df30d4cee,-9340.391601562,64933,19513,12.9869,4.7358,8.2511,33.7448,0.24451,0.9107,1.088,1.1947
cql-weight1-seed1,cql,211000,11,211000,dbda406df30d4cee,-9340.391601562,76763,39227,6.9767,3.0964,3.8803,33.7448,0.11499,0.9584,1.0431,1.0884
cql-weight1-seed1,cql,211000,12,211000,dbda406df30d4cee,-9340.391601562,33583,82841,4.8201,3.1542,1.6659,33.7448,0.04937,0.9412,1.0134,1.0767
cql-weight1-seed1,cql,211000,13,211000,dbda406df30d4cee,-9340.391601562,29838,52509,6.9205,0.9539,5.9666,33.7448,0.17682,0.8949,1.0437,1.1663
cql-weight1-seed1,cql,211000,14,211000,dbda406df30d4cee,-9340.391601562,36307,14110,13.7213,-0.1981,13.9194,33.7448,0.41249,0.9431,1.1965,1.2687
cql-weight1-seed1,cql,212000,0,212000,25f948a0a1492e9d,-9384.224609375,237311,68413,25.053,6.157,18.896,33.8372,0.55844,0.8451,1.1872,1.4048
cql-weight1-seed1,cql,212000,2,212000,25f948a0a1492e9d,-9384.224609375,168808,33814,14.0054,4.9503,9.0551,33.8372,0.26761,0.8899,1.0245,1.1512
cql-weight1-seed1,cql,212000,4,212000,25f948a0a1492e9d,-9384.224609375,35214,133999,6.2358,2.5533,3.6825,33.8372,0.10883,0.8808,0.9749,1.1068
cql-weight1-seed1,cql,212000,5,212000,25f948a0a1492e9d,-9384.224609375,40938,30344,9.4184,0.0954,9.323,33.8372,0.27553,0.9198,1.0962,1.1918
cql-weight1-seed1,cql,212000,6,212000,25f948a0a1492e9d,-9384.224609375,51996,11915,13.3499,1.6012,11.7487,33.8372,0.34721,0.9454,1.137,1.2027
cql-weight1-seed1,cql,212000,7,212000,25f948a0a1492e9d,-9384.224609375,64933,19513,12.9345,4.4966,8.4379,33.8372,0.24937,0.9119,1.0862,1.1911
cql-weight1-seed1,cql,212000,11,212000,25f948a0a1492e9d,-9384.224609375,76763,39227,7.0216,3.0896,3.9321,33.8372,0.11621,0.9584,1.0431,1.0885
cql-weight1-seed1,cql,212000,12,212000,25f948a0a1492e9d,-9384.224609375,33583,82841,4.7934,3.157,1.6364,33.8372,0.04836,0.9421,1.0141,1.0764
cql-weight1-seed1,cql,212000,13,212000,25f948a0a1492e9d,-9384.224609375,29838,52509,6.3994,0.7534,5.646,33.8372,0.16686,0.8968,1.0445,1.1647
cql-weight1-seed1,cql,212000,14,212000,25f948a0a1492e9d,-9384.224609375,36307,14110,13.3111,-0.4597,13.7708,33.8372,0.40697,0.9443,1.1948,1.2652
cql-weight1-seed1,cql,213000,0,213000,bfb9c061f62e3b4b,-9431.572265625,237311,68413,25.2087,6.2325,18.9762,34.315,0.553,0.8446,1.1846,1.4025
cql-weight1-seed1,cql,213000,2,213000,bfb9c061f62e3b4b,-9431.572265625,168808,33814,14.003,4.8498,9.1531,34.315,0.26674,0.8891,1.0243,1.152
cql-weight1-seed1,cql,213000,4,213000,bfb9c061f62e3b4b,-9431.572265625,35214,133999,6.1123,2.4077,3.7046,34.315,0.10796,0.8807,0.9735,1.1053
cql-weight1-seed1,cql,213000,5,213000,bfb9c061f62e3b4b,-9431.572265625,40938,30344,8.9815,0.0096,8.9718,34.315,0.26146,0.9203,1.0946,1.1894
cql-weight1-seed1,cql,213000,6,213000,bfb9c061f62e3b4b,-9431.572265625,51996,11915,12.8752,1.6382,11.237,34.315,0.32746,0.9425,1.137,1.2064
cql-weight1-seed1,cql,213000,7,213000,bfb9c061f62e3b4b,-9431.572265625,64933,19513,12.7304,4.3852,8.3452,34.315,0.24319,0.9115,1.0863,1.1918
cql-weight1-seed1,cql,213000,11,213000,bfb9c061f62e3b4b,-9431.572265625,76763,39227,6.8735,2.8551,4.0184,34.315,0.1171,0.9584,1.0417,1.0869
cql-weight1-seed1,cql,213000,12,213000,bfb9c061f62e3b4b,-9431.572265625,33583,82841,4.5134,2.9008,1.6126,34.315,0.04699,0.9428,1.0137,1.0752
cql-weight1-seed1,cql,213000,13,213000,bfb9c061f62e3b4b,-9431.572265625,29838,52509,6.2788,0.7032,5.5755,34.315,0.16248,0.898,1.0435,1.1621
cql-weight1-seed1,cql,213000,14,213000,bfb9c061f62e3b4b,-9431.572265625,36307,14110,12.5252,-0.6152,13.1405,34.315,0.38294,0.9447,1.2028,1.2732
cql-weight1-seed1,cql,214000,0,214000,259081dc890bfbb1,-9485.935546875,237311,68413,25.2858,6.3302,18.9556,34.2731,0.55307,0.8448,1.1861,1.404
cql-weight1-seed1,cql,214000,2,214000,259081dc890bfbb1,-9485.935546875,168808,33814,14.21,4.8878,9.3222,34.2731,0.272,0.8899,1.0233,1.1499
cql-weight1-seed1,cql,214000,4,214000,259081dc890bfbb1,-9485.935546875,35214,133999,5.6971,2.1774,3.5197,34.2731,0.10269,0.8825,0.9745,1.1042
cql-weight1-seed1,cql,214000,5,214000,259081dc890bfbb1,-9485.935546875,40938,30344,9.1263,-0.1248,9.2511,34.2731,0.26992,0.919,1.0967,1.1933
cql-weight1-seed1,cql,214000,6,214000,259081dc890bfbb1,-9485.935546875,51996,11915,13.4747,1.7219,11.7528,34.2731,0.34291,0.944,1.1367,1.2042
cql-weight1-seed1,cql,214000,7,214000,259081dc890bfbb1,-9485.935546875,64933,19513,12.7204,4.4282,8.2922,34.2731,0.24194,0.9114,1.0884,1.1942
cql-weight1-seed1,cql,214000,11,214000,259081dc890bfbb1,-9485.935546875,76763,39227,6.5972,2.8011,3.7961,34.2731,0.11076,0.9598,1.043,1.0867
cql-weight1-seed1,cql,214000,12,214000,259081dc890bfbb1,-9485.935546875,33583,82841,4.1048,2.7821,1.3227,34.2731,0.03859,0.9423,1.0145,1.0765
cql-weight1-seed1,cql,214000,13,214000,259081dc890bfbb1,-9485.935546875,29838,52509,6.2954,0.5617,5.7337,34.2731,0.16729,0.8976,1.0462,1.1655
cql-weight1-seed1,cql,214000,14,214000,259081dc890bfbb1,-9485.935546875,36307,14110,13.5598,-0.4145,13.9742,34.2731,0.40773,0.9426,1.1991,1.2722
cql-weight1-seed1,cql,215000,0,215000,e587f324bd9fa1e0,-9522.083007812,237311,68413,25.22,5.9297,19.2903,34.5797,0.55785,0.8449,1.1869,1.4048
cql-weight1-seed1,cql,215000,2,215000,e587f324bd9fa1e0,-9522.083007812,168808,33814,14.0585,4.5667,9.4919,34.5797,0.27449,0.8902,1.023,1.1492
cql-weight1-seed1,cql,215000,4,215000,e587f324bd9fa1e0,-9522.083007812,35214,133999,6.3549,2.3493,4.0057,34.5797,0.11584,0.881,0.9749,1.1065
cql-weight1-seed1,cql,215000,5,215000,e587f324bd9fa1e0,-9522.083007812,40938,30344,9.2147,0.029,9.1857,34.5797,0.26564,0.9219,1.0957,1.1886
cql-weight1-seed1,cql,215000,6,215000,e587f324bd9fa1e0,-9522.083007812,51996,11915,13.2837,1.6299,11.6538,34.5797,0.33701,0.9443,1.1397,1.2069
cql-weight1-seed1,cql,215000,7,215000,e587f324bd9fa1e0,-9522.083007812,64933,19513,12.7527,4.4998,8.2529,34.5797,0.23866,0.9112,1.0891,1.1953
cql-weight1-seed1,cql,215000,11,215000,e587f324bd9fa1e0,-9522.083007812,76763,39227,6.9739,2.9321,4.0418,34.5797,0.11688,0.9576,1.0424,1.0885
cql-weight1-seed1,cql,215000,12,215000,e587f324bd9fa1e0,-9522.083007812,33583,82841,4.8087,3.0534,1.7553,34.5797,0.05076,0.941,1.0137,1.0773
cql-weight1-seed1,cql,215000,13,215000,e587f324bd9fa1e0,-9522.083007812,29838,52509,6.2891,0.7867,5.5024,34.5797,0.15912,0.8973,1.0435,1.1629
cql-weight1-seed1,cql,215000,14,215000,e587f324bd9fa1e0,-9522.083007812,36307,14110,13.1893,-0.4178,13.6071,34.5797,0.3935,0.9462,1.1979,1.266
cql-weight1-seed1,cql,216000,0,216000,8812e0095ace3d5c,-9572.321289062,237311,68413,25.3589,6.8584,18.5005,34.4433,0.53713,0.845,1.1921,1.4107
cql-weight1-seed1,cql,216000,2,216000,8812e0095ace3d5c,-9572.321289062,168808,33814,13.9998,4.8233,9.1765,34.4433,0.26642,0.8895,1.0249,1.1522
cql-weight1-seed1,cql,216000,4,216000,8812e0095ace3d5c,-9572.321289062,35214,133999,6.2838,2.3497,3.9341,34.4433,0.11422,0.881,0.9729,1.1044
cql-weight1-seed1,cql,216000,5,216000,8812e0095ace3d5c,-9572.321289062,40938,30344,9.5847,0.0245,9.5601,34.4433,0.27756,0.9212,1.0908,1.1841
cql-weight1-seed1,cql,216000,6,216000,8812e0095ace3d5c,-9572.321289062,51996,11915,13.27,1.4928,11.7771,34.4433,0.34193,0.9434,1.1363,1.2044
cql-weight1-seed1,cql,216000,7,216000,8812e0095ace3d5c,-9572.321289062,64933,19513,12.7568,4.5105,8.2464,34.4433,0.23942,0.9106,1.0862,1.1929
cql-weight1-seed1,cql,216000,11,216000,8812e0095ace3d5c,-9572.321289062,76763,39227,7.0759,2.9629,4.113,34.4433,0.11941,0.9595,1.0433,1.0873
cql-weight1-seed1,cql,216000,12,216000,8812e0095ace3d5c,-9572.321289062,33583,82841,4.5567,2.8927,1.6639,34.4433,0.04831,0.9424,1.0128,1.0747
cql-weight1-seed1,cql,216000,13,216000,8812e0095ace3d5c,-9572.321289062,29838,52509,6.3782,0.7104,5.6678,34.4433,0.16455,0.8976,1.0427,1.1617
cql-weight1-seed1,cql,216000,14,216000,8812e0095ace3d5c,-9572.321289062,36307,14110,12.9824,-0.5739,13.5563,34.4433,0.39358,0.9439,1.1948,1.2658
cql-weight1-seed1,cql,217000,0,217000,155532bc9c2476ce,-9618.205078125,237311,68413,24.8914,6.0721,18.8194,34.0023,0.55347,0.8447,1.1892,1.4078
cql-weight1-seed1,cql,217000,2,217000,155532bc9c2476ce,-9618.205078125,168808,33814,13.9965,4.7932,9.2034,34.0023,0.27067,0.8892,1.0252,1.153
cql-weight1-seed1,cql,217000,4,217000,155532bc9c2476ce,-9618.205078125,35214,133999,5.8932,2.3801,3.5131,34.0023,0.10332,0.8784,0.9745,1.1094
cql-weight1-seed1,cql,217000,5,217000,155532bc9c2476ce,-9618.205078125,40938,30344,9.4302,0.043,9.3872,34.0023,0.27607,0.9204,1.0969,1.1918
cql-weight1-seed1,cql,217000,6,217000,155532bc9c2476ce,-9618.205078125,51996,11915,12.8828,1.2316,11.6512,34.0023,0.34266,0.9437,1.1389,1.2069
cql-weight1-seed1,cql,217000,7,217000,155532bc9c2476ce,-9618.205078125,64933,19513,12.2735,4.087,8.1865,34.0023,0.24076,0.9095,1.0859,1.1939
cql-weight1-seed1,cql,217000,11,217000,155532bc9c2476ce,-9618.205078125,76763,39227,6.8818,3.0153,3.8665,34.0023,0.11371,0.9588,1.0432,1.088
cql-weight1-seed1,cql,217000,12,217000,155532bc9c2476ce,-9618.205078125,33583,82841,4.5006,2.9304,1.5702,34.0023,0.04618,0.9412,1.0134,1.0767
cql-weight1-seed1,cql,217000,13,217000,155532bc9c2476ce,-9618.205078125,29838,52509,6.2252,0.7726,5.4527,34.0023,0.16036,0.8977,1.0459,1.1651
cql-weight1-seed1,cql,217000,14,217000,155532bc9c2476ce,-9618.205078125,36307,14110,12.7457,-0.3947,13.1405,34.0023,0.38646,0.9481,1.2068,1.2728
cql-weight1-seed1,cql,218000,0,218000,02c077ad69fdc265,-9681.077148438,237311,68413,25.247,6.419,18.828,34.4668,0.54627,0.8437,1.1804,1.399
cql-weight1-seed1,cql,218000,2,218000,02c077ad69fdc265,-9681.077148438,168808,33814,13.7768,4.7157,9.061,34.4668,0.26289,0.8889,1.0238,1.1517
cql-weight1-seed1,cql,218000,4,218000,02c077ad69fdc265,-9681.077148438,35214,133999,5.8468,2.2578,3.589,34.4668,0.10413,0.8805,0.9741,1.1064
cql-weight1-seed1,cql,218000,5,218000,02c077ad69fdc265,-9681.077148438,40938,30344,9.0352,-0.0601,9.0953,34.4668,0.26389,0.9216,1.0968,1.1902
cql-weight1-seed1,cql,218000,6,218000,02c077ad69fdc265,-9681.077148438,51996,11915,13.0776,1.4513,11.6264,34.4668,0.33732,0.9448,1.1394,1.206
cql-weight1-seed1,cql,218000,7,218000,02c077ad69fdc265,-9681.077148438,64933,19513,12.6097,4.4978,8.1119,34.4668,0.23535,0.9109,1.0827,1.1887
cql-weight1-seed1,cql,218000,11,218000,02c077ad69fdc265,-9681.077148438,76763,39227,6.8962,2.8712,4.025,34.4668,0.11678,0.9584,1.042,1.0873
cql-weight1-seed1,cql,218000,12,218000,02c077ad69fdc265,-9681.077148438,33583,82841,4.8093,2.9567,1.8526,34.4668,0.05375,0.9413,1.014,1.0772
cql-weight1-seed1,cql,218000,13,218000,02c077ad69fdc265,-9681.077148438,29838,52509,6.3651,0.6513,5.7138,34.4668,0.16578,0.898,1.0466,1.1655
cql-weight1-seed1,cql,218000,14,218000,02c077ad69fdc265,-9681.077148438,36307,14110,12.8952,-0.4794,13.3746,34.4668,0.38804,0.9459,1.2027,1.2714
cql-weight1-seed1,cql,219000,0,219000,324ef312d6de8fff,-9717.095703125,237311,68413,24.8933,6.2695,18.6238,33.6133,0.55406,0.8447,1.1873,1.4055
cql-weight1-seed1,cql,219000,2,219000,324ef312d6de8fff,-9717.095703125,168808,33814,14.1165,5.1425,8.974,33.6133,0.26698,0.8887,1.0237,1.1519
cql-weight1-seed1,cql,219000,4,219000,324ef312d6de8fff,-9717.095703125,35214,133999,6.4791,2.4607,4.0185,33.6133,0.11955,0.8813,0.9746,1.1059
cql-weight1-seed1,cql,219000,5,219000,324ef312d6de8fff,-9717.095703125,40938,30344,9.2813,0.0677,9.2136,33.6133,0.2741,0.9202,1.0941,1.1889
cql-weight1-seed1,cql,219000,6,219000,324ef312d6de8fff,-9717.095703125,51996,11915,12.9978,1.5563,11.4415,33.6133,0.34039,0.9434,1.1344,1.2024
cql-weight1-seed1,cql,219000,7,219000,324ef312d6de8fff,-9717.095703125,64933,19513,12.7305,4.3624,8.3681,33.6133,0.24895,0.9097,1.0832,1.1908
cql-weight1-seed1,cql,219000,11,219000,324ef312d6de8fff,-9717.095703125,76763,39227,6.8459,3.061,3.7849,33.6133,0.1126,0.9576,1.0417,1.0878
cql-weight1-seed1,cql,219000,12,219000,324ef312d6de8fff,-9717.095703125,33583,82841,4.251,2.9493,1.3017,33.6133,0.03872,0.9425,1.0127,1.0745
cql-weight1-seed1,cql,219000,13,219000,324ef312d6de8fff,-9717.095703125,29838,52509,6.6393,0.9256,5.7137,33.6133,0.16998,0.8972,1.0439,1.1635
cql-weight1-seed1,cql,219000,14,219000,324ef312d6de8fff,-9717.095703125,36307,14110,13.1994,-0.487,13.6864,33.6133,0.40717,0.942,1.1971,1.2709
cql-weight1-seed1,cql,220000,0,220000,09682501f34d38f4,-9752.115234375,237311,68413,25.054,5.7729,19.2811,34.6615,0.55627,0.8449,1.1912,1.4099
cql-weight1-seed1,cql,220000,2,220000,09682501f34d38f4,-9752.115234375,168808,33814,14.1639,4.6876,9.4763,34.6615,0.2734,0.8899,1.025,1.1517
cql-weight1-seed1,cql,220000,4,220000,09682501f34d38f4,-9752.115234375,35214,133999,6.2389,2.3732,3.8657,34.6615,0.11153,0.8805,0.9745,1.1067
cql-weight1-seed1,cql,220000,5,220000,09682501f34d38f4,-9752.115234375,40938,30344,9.1698,-0.0351,9.2049,34.6615,0.26557,0.921,1.0958,1.1899
cql-weight1-seed1,cql,220000,6,220000,09682501f34d38f4,-9752.115234375,51996,11915,12.4883,1.1132,11.3752,34.6615,0.32818,0.9447,1.1362,1.2026
cql-weight1-seed1,cql,220000,7,220000,09682501f34d38f4,-9752.115234375,64933,19513,12.1556,3.9953,8.1603,34.6615,0.23543,0.9102,1.0891,1.1965
cql-weight1-seed1,cql,220000,11,220000,09682501f34d38f4,-9752.115234375,76763,39227,6.7629,2.8076,3.9553,34.6615,0.11411,0.9595,1.0437,1.0877
cql-weight1-seed1,cql,220000,12,220000,09682501f34d38f4,-9752.115234375,33583,82841,4.6201,2.9905,1.6296,34.6615,0.04701,0.9435,1.0161,1.0769
cql-weight1-seed1,cql,220000,13,220000,09682501f34d38f4,-9752.115234375,29838,52509,5.9942,0.5557,5.4385,34.6615,0.1569,0.8991,1.0452,1.1625
cql-weight1-seed1,cql,220000,14,220000,09682501f34d38f4,-9752.115234375,36307,14110,12.8663,-0.5814,13.4477,34.6615,0.38797,0.9467,1.1977,1.2651
cql-weight1-seed1,cql,221000,0,221000,c8fd3db517d616de,-9797.084960938,237311,68413,25.2044,6.0361,19.1683,34.3311,0.55834,0.8447,1.1853,1.4032
cql-weight1-seed1,cql,221000,2,221000,c8fd3db517d616de,-9797.084960938,168808,33814,13.8034,4.7216,9.0818,34.3311,0.26454,0.8884,1.023,1.1514
cql-weight1-seed1,cql,221000,4,221000,c8fd3db517d616de,-9797.084960938,35214,133999,6.4551,2.6731,3.782,34.3311,0.11016,0.883,0.9743,1.1033
cql-weight1-seed1,cql,221000,5,221000,c8fd3db517d616de,-9797.084960938,40938,30344,9.2931,0.2739,9.0192,34.3311,0.26271,0.922,1.0949,1.1875
cql-weight1-seed1,cql,221000,6,221000,c8fd3db517d616de,-9797.084960938,51996,11915,13.0823,1.7933,11.289,34.3311,0.32883,0.9416,1.1319,1.2021
cql-weight1-seed1,cql,221000,7,221000,c8fd3db517d616de,-9797.084960938,64933,19513,12.5284,4.524,8.0045,34.3311,0.23315,0.9109,1.0889,1.1954
cql-weight1-seed1,cql,221000,11,221000,c8fd3db517d616de,-9797.084960938,76763,39227,6.8046,2.962,3.8426,34.3311,0.11193,0.9583,1.0431,1.0885
cql-weight1-seed1,cql,221000,12,221000,c8fd3db517d616de,-9797.084960938,33583,82841,4.2883,3.0846,1.2038,34.3311,0.03506,0.943,1.0135,1.0747
cql-weight1-seed1,cql,221000,13,221000,c8fd3db517d616de,-9797.084960938,29838,52509,6.0068,0.954,5.0528,34.3311,0.14718,0.8982,1.0435,1.1617
cql-weight1-seed1,cql,221000,14,221000,c8fd3db517d616de,-9797.084960938,36307,14110,12.8571,-0.5492,13.4062,34.3311,0.3905,0.9411,1.1932,1.2678
cql-weight1-seed1,cql,222000,0,222000,6b2c74ff3cd71a6a,-9831.962890625,237311,68413,24.7637,6.0259,18.7378,33.7661,0.55493,0.8441,1.1843,1.403
cql-weight1-seed1,cql,222000,2,222000,6b2c74ff3cd71a6a,-9831.962890625,168808,33814,13.9619,4.8605,9.1014,33.7661,0.26954,0.8898,1.0248,1.1517
cql-weight1-seed1,cql,222000,4,222000,6b2c74ff3cd71a6a,-9831.962890625,35214,133999,5.715,2.3831,3.332,33.7661,0.09868,0.8822,0.9737,1.1036
cql-weight1-seed1,cql,222000,5,222000,6b2c74ff3cd71a6a,-9831.962890625,40938,30344,8.8122,0.1464,8.6658,33.7661,0.25664,0.9202,1.0939,1.1888
cql-weight1-seed1,cql,222000,6,222000,6b2c74ff3cd71a6a,-9831.962890625,51996,11915,12.9933,1.304,11.6893,33.7661,0.34618,0.9427,1.1378,1.2069
cql-weight1-seed1,cql,222000,7,222000,6b2c74ff3cd71a6a,-9831.962890625,64933,19513,12.8275,4.3074,8.5201,33.7661,0.25233,0.9101,1.084,1.1911
cql-weight1-seed1,cql,222000,11,222000,6b2c74ff3cd71a6a,-9831.962890625,76763,39227,7.0245,3.1362,3.8883,33.7661,0.11515,0.959,1.0432,1.0878
cql-weight1-seed1,cql,222000,12,222000,6b2c74ff3cd71a6a,-9831.962890625,33583,82841,4.5809,3.1151,1.4658,33.7661,0.04341,0.943,1.0129,1.0742
cql-weight1-seed1,cql,222000,13,222000,6b2c74ff3cd71a6a,-9831.962890625,29838,52509,5.6099,0.8129,4.797,33.7661,0.14206,0.898,1.044,1.1625
cql-weight1-seed1,cql,222000,14,222000,6b2c74ff3cd71a6a,-9831.962890625,36307,14110,12.5974,-0.3624,12.9598,33.7661,0.38381,0.9423,1.1968,1.27
cql-weight1-seed1,cql,223000,0,223000,0544d6c53c08e76e,-9871.265625,237311,68413,24.773,5.6679,19.105,34.3657,0.55593,0.8449,1.185,1.4025
cql-weight1-seed1,cql,223000,2,223000,0544d6c53c08e76e,-9871.265625,168808,33814,13.5923,4.4951,9.0973,34.3657,0.26472,0.8893,1.0227,1.15
cql-weight1-seed1,cql,223000,4,223000,0544d6c53c08e76e,-9871.265625,35214,133999,5.3566,2.3165,3.0402,34.3657,0.08846,0.8832,0.9733,1.102
cql-weight1-seed1,cql,223000,5,223000,0544d6c53c08e76e,-9871.265625,40938,30344,8.6915,0.1328,8.5587,34.3657,0.24905,0.9223,1.0971,1.1895
cql-weight1-seed1,cql,223000,6,223000,0544d6c53c08e76e,-9871.265625,51996,11915,12.6965,1.2634,11.4331,34.3657,0.33269,0.9444,1.1409,1.208
cql-weight1-seed1,cql,223000,7,223000,0544d6c53c08e76e,-9871.265625,64933,19513,12.4884,4.2196,8.2688,34.3657,0.24061,0.911,1.0852,1.1912
cql-weight1-seed1,cql,223000,11,223000,0544d6c53c08e76e,-9871.265625,76763,39227,7.1005,3.0167,4.0838,34.3657,0.11883,0.9584,1.0421,1.0873
cql-weight1-seed1,cql,223000,12,223000,0544d6c53c08e76e,-9871.265625,33583,82841,4.951,3.1612,1.7899,34.3657,0.05208,0.9411,1.014,1.0774
cql-weight1-seed1,cql,223000,13,223000,0544d6c53c08e76e,-9871.265625,29838,52509,6.1478,0.9378,5.21,34.3657,0.1516,0.8996,1.0458,1.1624
cql-weight1-seed1,cql,223000,14,223000,0544d6c53c08e76e,-9871.265625,36307,14110,12.8468,-0.6012,13.448,34.3657,0.39132,0.9461,1.1987,1.267
cql-weight1-seed1,cql,224000,0,224000,ba8c69cba0b069ac,-9919.5,237311,68413,24.5226,5.5765,18.9461,33.8586,0.55956,0.8449,1.1899,1.4083
cql-weight1-seed1,cql,224000,2,224000,ba8c69cba0b069ac,-9919.5,168808,33814,13.9944,4.752,9.2424,33.8586,0.27297,0.8894,1.0226,1.1497
cql-weight1-seed1,cql,224000,4,224000,ba8c69cba0b069ac,-9919.5,35214,133999,5.4976,2.3206,3.177,33.8586,0.09383,0.8811,0.9729,1.1043
cql-weight1-seed1,cql,224000,5,224000,ba8c69cba0b069ac,-9919.5,40938,30344,8.8345,0.0276,8.8069,33.8586,0.26011,0.9188,1.0925,1.1889
cql-weight1-seed1,cql,224000,6,224000,ba8c69cba0b069ac,-9919.5,51996,11915,12.9586,1.4353,11.5233,33.8586,0.34034,0.9397,1.1318,1.2044
cql-weight1-seed1,cql,224000,7,224000,ba8c69cba0b069ac,-9919.5,64933,19513,12.8506,4.5381,8.3125,33.8586,0.24551,0.9098,1.0853,1.1929
cql-weight1-seed1,cql,224000,11,224000,ba8c69cba0b069ac,-9919.5,76763,39227,7.0074,3.0229,3.9845,33.8586,0.11768,0.9591,1.0427,1.0871
cql-weight1-seed1,cql,224000,12,224000,ba8c69cba0b069ac,-9919.5,33583,82841,4.2004,2.876,1.3244,33.8586,0.03912,0.9431,1.0131,1.0742
cql-weight1-seed1,cql,224000,13,224000,ba8c69cba0b069ac,-9919.5,29838,52509,6.0415,0.7858,5.2557,33.8586,0.15523,0.8961,1.0426,1.1635
cql-weight1-seed1,cql,224000,14,224000,ba8c69cba0b069ac,-9919.5,36307,14110,13.1552,-0.4009,13.5561,33.8586,0.40037,0.941,1.1958,1.2707
cql-weight1-seed1,cql,225000,0,225000,b797adadc5a1fcfc,-9952.500976562,237311,68413,24.967,5.3209,19.6461,34.3499,0.57194,0.8447,1.1834,1.401
cql-weight1-seed1,cql,225000,2,225000,b797adadc5a1fcfc,-9952.500976562,168808,33814,14.1046,4.9131,9.1916,34.3499,0.26759,0.8896,1.0232,1.1502
cql-weight1-seed1,cql,225000,4,225000,b797adadc5a1fcfc,-9952.500976562,35214,133999,5.0823,1.9362,3.1461,34.3499,0.09159,0.8805,0.9733,1.1054
cql-weight1-seed1,cql,225000,5,225000,b797adadc5a1fcfc,-9952.500976562,40938,30344,8.6157,-0.1964,8.8122,34.3499,0.25654,0.9187,1.0976,1.1948
cql-weight1-seed1,cql,225000,6,225000,b797adadc5a1fcfc,-9952.500976562,51996,11915,12.8648,1.3294,11.5354,34.3499,0.33582,0.9432,1.1343,1.2027
cql-weight1-seed1,cql,225000,7,225000,b797adadc5a1fcfc,-9952.500976562,64933,19513,12.3914,4.1046,8.2868,34.3499,0.24125,0.9125,1.0871,1.1913
cql-weight1-seed1,cql,225000,11,225000,b797adadc5a1fcfc,-9952.500976562,76763,39227,7.0583,2.9993,4.059,34.3499,0.11817,0.9595,1.0438,1.0878
cql-weight1-seed1,cql,225000,12,225000,b797adadc5a1fcfc,-9952.500976562,33583,82841,4.5587,2.8075,1.7513,34.3499,0.05098,0.9424,1.015,1.077
cql-weight1-seed1,cql,225000,13,225000,b797adadc5a1fcfc,-9952.500976562,29838,52509,5.7054,0.5279,5.1775,34.3499,0.15073,0.8956,1.045,1.1669
cql-weight1-seed1,cql,225000,14,225000,b797adadc5a1fcfc,-9952.500976562,36307,14110,12.4673,-0.6209,13.0882,34.3499,0.38102,0.9413,1.1968,1.2714
cql-weight1-seed1,cql,226000,0,226000,553ae26aa331d1d2,-9996.892578125,237311,68413,24.7135,5.1731,19.5404,34.2548,0.57044,0.8462,1.1879,1.4039
cql-weight1-seed1,cql,226000,2,226000,553ae26aa331d1d2,-9996.892578125,168808,33814,13.8872,4.719,9.1682,34.2548,0.26765,0.8897,1.0243,1.1514
cql-weight1-seed1,cql,226000,4,226000,553ae26aa331d1d2,-9996.892578125,35214,133999,5.3807,2.239,3.1418,34.2548,0.09172,0.8849,0.9726,1.0992
cql-weight1-seed1,cql,226000,5,226000,553ae26aa331d1d2,-9996.892578125,40938,30344,8.4724,-0.0206,8.493,34.2548,0.24794,0.9224,1.0945,1.1867
cql-weight1-seed1,cql,226000,6,226000,553ae26aa331d1d2,-9996.892578125,51996,11915,12.6058,1.1757,11.4301,34.2548,0.33368,0.9439,1.1382,1.2059
cql-weight1-seed1,cql,226000,7,226000,553ae26aa331d1d2,-9996.892578125,64933,19513,12.7254,4.0779,8.6475,34.2548,0.25245,0.9098,1.0832,1.1907
cql-weight1-seed1,cql,226000,11,226000,553ae26aa331d1d2,-9996.892578125,76763,39227,6.6124,2.7585,3.854,34.2548,0.11251,0.9584,1.0423,1.0875
cql-weight1-seed1,cql,226000,12,226000,553ae26aa331d1d2,-9996.892578125,33583,82841,4.4317,2.906,1.5257,34.2548,0.04454,0.9417,1.013,1.0757
cql-weight1-seed1,cql,226000,13,226000,553ae26aa331d1d2,-9996.892578125,29838,52509,5.7765,0.6894,5.0871,34.2548,0.14851,0.9021,1.044,1.1573
cql-weight1-seed1,cql,226000,14,226000,553ae26aa331d1d2,-9996.892578125,36307,14110,12.2248,-0.6975,12.9223,34.2548,0.37724,0.9459,1.1973,1.2658
cql-weight1-seed1,cql,227000,0,227000,a63896250450c0a6,-10040.661132812,237311,68413,25.1095,6.1648,18.9447,34.5423,0.54845,0.8439,1.183,1.4018
cql-weight1-seed1,cql,227000,2,227000,a63896250450c0a6,-10040.661132812,168808,33814,13.9877,4.7272,9.2605,34.5423,0.26809,0.8894,1.0237,1.1509
cql-weight1-seed1,cql,227000,4,227000,a63896250450c0a6,-10040.661132812,35214,133999,6.0265,2.4473,3.5793,34.5423,0.10362,0.8802,0.9721,1.1044
cql-weight1-seed1,cql,227000,5,227000,a63896250450c0a6,-10040.661132812,40938,30344,8.9906,0.1089,8.8818,34.5423,0.25713,0.9213,1.0935,1.1869
cql-weight1-seed1,cql,227000,6,227000,a63896250450c0a6,-10040.661132812,51996,11915,12.8369,1.467,11.3699,34.5423,0.32916,0.9439,1.139,1.2067
cql-weight1-seed1,cql,227000,7,227000,a63896250450c0a6,-10040.661132812,64933,19513,12.7241,4.4023,8.3218,34.5423,0.24092,0.9101,1.0836,1.1906
cql-weight1-seed1,cql,227000,11,227000,a63896250450c0a6,-10040.661132812,76763,39227,6.5426,2.7917,3.7509,34.5423,0.10859,0.9587,1.0422,1.0871
cql-weight1-seed1,cql,227000,12,227000,a63896250450c0a6,-10040.661132812,33583,82841,4.0078,2.7395,1.2683,34.5423,0.03672,0.9419,1.0118,1.0742
cql-weight1-seed1,cql,227000,13,227000,a63896250450c0a6,-10040.661132812,29838,52509,5.7209,0.814,4.9069,34.5423,0.14205,0.8959,1.0439,1.1652
cql-weight1-seed1,cql,227000,14,227000,a63896250450c0a6,-10040.661132812,36307,14110,12.4777,-0.5081,12.9858,34.5423,0.37594,0.9436,1.1973,1.2689
cql-weight1-seed1,cql,228000,0,228000,5ad72ca24a3cc05a,-10080.322265625,237311,68413,24.7029,5.7962,18.9067,33.7323,0.56049,0.8445,1.1839,1.4019
cql-weight1-seed1,cql,228000,2,228000,5ad72ca24a3cc05a,-10080.322265625,168808,33814,13.8585,4.8024,9.0561,33.7323,0.26847,0.8897,1.022,1.1487
cql-weight1-seed1,cql,228000,4,228000,5ad72ca24a3cc05a,-10080.322265625,35214,133999,6.0357,2.395,3.6407,33.7323,0.10793,0.8799,0.9731,1.1059
cql-weight1-seed1,cql,228000,5,228000,5ad72ca24a3cc05a,-10080.322265625,40938,30344,8.9011,0.0799,8.8212,33.7323,0.26151,0.9214,1.0935,1.1868
cql-weight1-seed1,cql,228000,6,228000,5ad72ca24a3cc05a,-10080.322265625,51996,11915,12.4729,1.451,11.0219,33.7323,0.32674,0.9441,1.1348,1.202
cql-weight1-seed1,cql,228000,7,228000,5ad72ca24a3cc05a,-10080.322265625,64933,19513,12.5499,4.3449,8.205,33.7323,0.24324,0.9102,1.0846,1.1915
cql-weight1-seed1,cql,228000,11,228000,5ad72ca24a3cc05a,-10080.322265625,76763,39227,6.6339,2.8582,3.7757,33.7323,0.11193,0.9588,1.0414,1.0861
cql-weight1-seed1,cql,228000,12,228000,5ad72ca24a3cc05a,-10080.322265625,33583,82841,4.4112,2.9235,1.4877,33.7323,0.0441,0.9411,1.0126,1.076
cql-weight1-seed1,cql,228000,13,228000,5ad72ca24a3cc05a,-10080.322265625,29838,52509,6.2425,0.8296,5.4129,33.7323,0.16047,0.8976,1.0427,1.1617
cql-weight1-seed1,cql,228000,14,228000,5ad72ca24a3cc05a,-10080.322265625,36307,14110,13.032,-0.3873,13.4194,33.7323,0.39782,0.9456,1.1962,1.265
cql-weight1-seed1,cql,229000,0,229000,e54a893cecc11ab1,-10112.204101562,237311,68413,24.846,5.3911,19.4549,34.435,0.56498,0.8445,1.1834,1.4013
cql-weight1-seed1,cql,229000,2,229000,e54a893cecc11ab1,-10112.204101562,168808,33814,13.6972,4.6073,9.0899,34.435,0.26397,0.8899,1.0245,1.1512
cql-weight1-seed1,cql,229000,4,229000,e54a893cecc11ab1,-10112.204101562,35214,133999,6.179,2.4605,3.7186,34.435,0.10799,0.8821,0.9733,1.1034
cql-weight1-seed1,cql,229000,5,229000,e54a893cecc11ab1,-10112.204101562,40938,30344,8.8973,0.2035,8.6938,34.435,0.25247,0.921,1.0915,1.1852
cql-weight1-seed1,cql,229000,6,229000,e54a893cecc11ab1,-10112.204101562,51996,11915,12.5265,1.2973,11.2292,34.435,0.3261,0.9433,1.1305,1.1984
cql-weight1-seed1,cql,229000,7,229000,e54a893cecc11ab1,-10112.204101562,64933,19513,12.3505,4.2786,8.0719,34.435,0.23441,0.9097,1.0841,1.1917
cql-weight1-seed1,cql,229000,11,229000,e54a893cecc11ab1,-10112.204101562,76763,39227,6.7356,2.8946,3.8411,34.435,0.11155,0.9585,1.0423,1.0875
cql-weight1-seed1,cql,229000,12,229000,e54a893cecc11ab1,-10112.204101562,33583,82841,4.2248,2.9609,1.264,34.435,0.03671,0.9423,1.0131,1.0751
cql-weight1-seed1,cql,229000,13,229000,e54a893cecc11ab1,-10112.204101562,29838,52509,6.168,0.8054,5.3626,34.435,0.15573,0.8982,1.0428,1.1609
cql-weight1-seed1,cql,229000,14,229000,e54a893cecc11ab1,-10112.204101562,36307,14110,12.651,-0.5824,13.2334,34.435,0.3843,0.9411,1.1882,1.2626
cql-weight1-seed1,cql,230000,0,230000,234553b8394ec410,-10157.784179688,237311,68413,24.5491,5.4867,19.0624,33.867,0.56286,0.8439,1.1824,1.4012
cql-weight1-seed1,cql,230000,2,230000,234553b8394ec410,-10157.784179688,168808,33814,13.6655,4.7504,8.9151,33.867,0.26324,0.8887,1.0263,1.1548
cql-weight1-seed1,cql,230000,4,230000,234553b8394ec410,-10157.784179688,35214,133999,5.8005,2.3874,3.413,33.867,0.10078,0.8787,0.973,1.1074
cql-weight1-seed1,cql,230000,5,230000,234553b8394ec410,-10157.784179688,40938,30344,8.7475,0.055,8.6925,33.867,0.25666,0.919,1.0942,1.1907
cql-weight1-seed1,cql,230000,6,230000,234553b8394ec410,-10157.784179688,51996,11915,12.6351,1.4368,11.1983,33.867,0.33066,0.9427,1.1336,1.2025
cql-weight1-seed1,cql,230000,7,230000,234553b8394ec410,-10157.784179688,64933,19513,12.4067,4.4014,8.0052,33.867,0.23637,0.9098,1.0859,1.1936
cql-weight1-seed1,cql,230000,11,230000,234553b8394ec410,-10157.784179688,76763,39227,6.8586,2.9655,3.8932,33.867,0.11495,0.9598,1.044,1.0877
cql-weight1-seed1,cql,230000,12,230000,234553b8394ec410,-10157.784179688,33583,82841,4.551,3.0718,1.4793,33.867,0.04368,0.943,1.0142,1.0755
cql-weight1-seed1,cql,230000,13,230000,234553b8394ec410,-10157.784179688,29838,52509,5.9453,0.7728,5.1725,33.867,0.15273,0.8964,1.0423,1.1628
cql-weight1-seed1,cql,230000,14,230000,234553b8394ec410,-10157.784179688,36307,14110,12.2688,-0.6259,12.8947,33.867,0.38075,0.942,1.1972,1.2709
cql-weight1-seed1,cql,231000,0,231000,7c4c6e10c59c6468,-10214.801757812,237311,68413,24.7656,5.6904,19.0751,34.1304,0.55889,0.8443,1.1825,1.4005
cql-weight1-seed1,cql,231000,2,231000,7c4c6e10c59c6468,-10214.801757812,168808,33814,13.9588,4.8671,9.0917,34.1304,0.26638,0.8891,1.022,1.1494
cql-weight1-seed1,cql,231000,4,231000,7c4c6e10c59c6468,-10214.801757812,35214,133999,5.99,2.4564,3.5337,34.1304,0.10353,0.8796,0.9733,1.1065
cql-weight1-seed1,cql,231000,5,231000,7c4c6e10c59c6468,-10214.801757812,40938,30344,8.8006,0.0459,8.7547,34.1304,0.25651,0.919,1.094,1.1905
cql-weight1-seed1,cql,231000,6,231000,7c4c6e10c59c6468,-10214.801757812,51996,11915,12.6386,1.3129,11.3257,34.1304,0.33184,0.9418,1.134,1.2041
cql-weight1-seed1,cql,231000,7,231000,7c4c6e10c59c6468,-10214.801757812,64933,19513,12.3462,4.1682,8.1781,34.1304,0.23961,0.9115,1.0847,1.19
cql-weight1-seed1,cql,231000,11,231000,7c4c6e10c59c6468,-10214.801757812,76763,39227,6.8506,2.9344,3.9163,34.1304,0.11475,0.959,1.0424,1.087
cql-weight1-seed1,cql,231000,12,231000,7c4c6e10c59c6468,-10214.801757812,33583,82841,4.5784,3.1087,1.4697,34.1304,0.04306,0.9413,1.0133,1.0765
cql-weight1-seed1,cql,231000,13,231000,7c4c6e10c59c6468,-10214.801757812,29838,52509,5.7978,0.7968,5.001,34.1304,0.14653,0.8959,1.0435,1.1646
cql-weight1-seed1,cql,231000,14,231000,7c4c6e10c59c6468,-10214.801757812,36307,14110,12.2929,-0.5915,12.8844,34.1304,0.37751,0.9417,1.1958,1.2698
cql-weight1-seed1,cql,232000,0,232000,f953af6bb017f4c9,-10253.374023438,237311,68413,24.8147,5.426,19.3887,34.288,0.56547,0.8449,1.1864,1.4043
cql-weight1-seed1,cql,232000,2,232000,f953af6bb017f4c9,-10253.374023438,168808,33814,13.8491,4.6455,9.2036,34.288,0.26842,0.8896,1.0216,1.1483
cql-weight1-seed1,cql,232000,4,232000,f953af6bb017f4c9,-10253.374023438,35214,133999,5.4405,2.3594,3.0811,34.288,0.08986,0.8821,0.9737,1.1039
cql-weight1-seed1,cql,232000,5,232000,f953af6bb017f4c9,-10253.374023438,40938,30344,8.8355,0.039,8.7966,34.288,0.25655,0.9195,1.0874,1.1826
cql-weight1-seed1,cql,232000,6,232000,f953af6bb017f4c9,-10253.374023438,51996,11915,12.853,1.6561,11.197,34.288,0.32656,0.9431,1.1329,1.2013
cql-weight1-seed1,cql,232000,7,232000,f953af6bb017f4c9,-10253.374023438,64933,19513,12.6131,4.3898,8.2233,34.288,0.23983,0.91,1.0837,1.1909
cql-weight1-seed1,cql,232000,11,232000,f953af6bb017f4c9,-10253.374023438,76763,39227,6.593,2.9098,3.6832,34.288,0.10742,0.9619,1.0447,1.0861
cql-weight1-seed1,cql,232000,12,232000,f953af6bb017f4c9,-10253.374023438,33583,82841,3.9595,2.9879,0.9716,34.288,0.02834,0.9432,1.0134,1.0744
cql-weight1-seed1,cql,232000,13,232000,f953af6bb017f4c9,-10253.374023438,29838,52509,5.6295,0.6999,4.9296,34.288,0.14377,0.8964,1.0433,1.1638
cql-weight1-seed1,cql,232000,14,232000,f953af6bb017f4c9,-10253.374023438,36307,14110,12.6589,-0.5347,13.1936,34.288,0.38479,0.9425,1.1936,1.2664
cql-weight1-seed1,cql,233000,0,233000,238683a78025e929,-10300.665039062,237311,68413,24.353,5.5068,18.8462,33.994,0.5544,0.8446,1.187,1.4054
cql-weight1-seed1,cql,233000,2,233000,238683a78025e929,-10300.665039062,168808,33814,13.5091,4.345,9.1641,33.994,0.26958,0.8886,1.024,1.1524
cql-weight1-seed1,cql,233000,4,233000,238683a78025e929,-10300.665039062,35214,133999,5.7656,2.3351,3.4305,33.994,0.10092,0.8816,0.9735,1.1043
cql-weight1-seed1,cql,233000,5,233000,238683a78025e929,-10300.665039062,40938,30344,8.6823,-0.195,8.8773,33.994,0.26114,0.9233,1.0911,1.1818
cql-weight1-seed1,cql,233000,6,233000,238683a78025e929,-10300.665039062,51996,11915,11.8535,0.8714,10.982,33.994,0.32306,0.9444,1.137,1.2039
cql-weight1-seed1,cql,233000,7,233000,238683a78025e929,-10300.665039062,64933,19513,12.1066,3.9207,8.1859,33.994,0.2408,0.9101,1.0814,1.1882
cql-weight1-seed1,cql,233000,11,233000,238683a78025e929,-10300.665039062,76763,39227,6.4717,2.7502,3.7215,33.994,0.10948,0.9598,1.0431,1.0869
cql-weight1-seed1,cql,233000,12,233000,238683a78025e929,-10300.665039062,33583,82841,3.8609,2.8233,1.0376,33.994,0.03052,0.9432,1.0125,1.0734
cql-weight1-seed1,cql,233000,13,233000,238683a78025e929,-10300.665039062,29838,52509,5.8447,0.6986,5.1462,33.994,0.15138,0.8979,1.0435,1.1622
cql-weight1-seed1,cql,233000,14,233000,238683a78025e929,-10300.665039062,36307,14110,12.3449,-0.6893,13.0342,33.994,0.38343,0.9456,1.2005,1.2695
cql-weight1-seed1,cql,234000,0,234000,a2975d9cb95abd74,-10338.337890625,237311,68413,24.6058,5.882,18.7238,33.8555,0.55305,0.8442,1.1851,1.4038
cql-weight1-seed1,cql,234000,2,234000,a2975d9cb95abd74,-10338.337890625,168808,33814,13.7543,4.4768,9.2775,33.8555,0.27403,0.8898,1.0241,1.1509
cql-weight1-seed1,cql,234000,4,234000,a2975d9cb95abd74,-10338.337890625,35214,133999,5.4947,2.3333,3.1614,33.8555,0.09338,0.8822,0.9734,1.1033
cql-weight1-seed1,cql,234000,5,234000,a2975d9cb95abd74,-10338.337890625,40938,30344,8.4715,-0.0564,8.5279,33.8555,0.25189,0.9221,1.0908,1.183
cql-weight1-seed1,cql,234000,6,234000,a2975d9cb95abd74,-10338.337890625,51996,11915,12.7338,1.4538,11.28,33.8555,0.33318,0.9432,1.1328,1.2009
cql-weight1-seed1,cql,234000,7,234000,a2975d9cb95abd74,-10338.337890625,64933,19513,12.1944,4.0974,8.097,33.8555,0.23916,0.91,1.0824,1.1894
cql-weight1-seed1,cql,234000,11,234000,a2975d9cb95abd74,-10338.337890625,76763,39227,7.0006,2.9836,4.0171,33.8555,0.11865,0.9576,1.041,1.0871
cql-weight1-seed1,cql,234000,12,234000,a2975d9cb95abd74,-10338.337890625,33583,82841,4.3042,2.9609,1.3433,33.8555,0.03968,0.9423,1.0128,1.0748
cql-weight1-seed1,cql,234000,13,234000,a2975d9cb95abd74,-10338.337890625,29838,52509,5.6496,0.7751,4.8745,33.8555,0.14398,0.8985,1.0425,1.1603
cql-weight1-seed1,cql,234000,14,234000,a2975d9cb95abd74,-10338.337890625,36307,14110,12.4296,-0.615,13.0446,33.8555,0.3853,0.9424,1.1921,1.2649
cql-weight1-seed1,cql,235000,0,235000,9df430edb2746cf4,-10381.221679688,237311,68413,24.9813,6.1346,18.8467,34.2309,0.55057,0.844,1.1836,1.4024
cql-weight1-seed1,cql,235000,2,235000,9df430edb2746cf4,-10381.221679688,168808,33814,13.8293,4.8075,9.0219,34.2309,0.26356,0.8888,1.0218,1.1496
cql-weight1-seed1,cql,235000,4,235000,9df430edb2746cf4,-10381.221679688,35214,133999,5.661,2.4448,3.2163,34.2309,0.09396,0.8781,0.9726,1.1076
cql-weight1-seed1,cql,235000,5,235000,9df430edb2746cf4,-10381.221679688,40938,30344,9.152,0.0919,9.0601,34.2309,0.26468,0.9189,1.0921,1.1885
cql-weight1-seed1,cql,235000,6,235000,9df430edb2746cf4,-10381.221679688,51996,11915,12.7674,1.3557,11.4117,34.2309,0.33337,0.9438,1.1379,1.2056
cql-weight1-seed1,cql,235000,7,235000,9df430edb2746cf4,-10381.221679688,64933,19513,12.4311,4.2733,8.1578,34.2309,0.23832,0.9113,1.0829,1.1884
cql-weight1-seed1,cql,235000,11,235000,9df430edb2746cf4,-10381.221679688,76763,39227,6.9615,2.9852,3.9762,34.2309,0.11616,0.9594,1.0431,1.0872
cql-weight1-seed1,cql,235000,12,235000,9df430edb2746cf4,-10381.221679688,33583,82841,4.7219,3.2706,1.4513,34.2309,0.0424,0.9422,1.0127,1.0748
cql-weight1-seed1,cql,235000,13,235000,9df430edb2746cf4,-10381.221679688,29838,52509,5.9879,0.8393,5.1486,34.2309,0.15041,0.8954,1.0426,1.1644
cql-weight1-seed1,cql,235000,14,235000,9df430edb2746cf4,-10381.221679688,36307,14110,13.1882,-0.455,13.6432,34.2309,0.39856,0.9414,1.1974,1.2719
cql-weight1-seed1,cql,236000,0,236000,4b5ec3bfafa43996,-10427.864257812,237311,68413,24.7971,5.9584,18.8386,34.1524,0.5516,0.8445,1.189,1.4079
cql-weight1-seed1,cql,236000,2,236000,4b5ec3bfafa43996,-10427.864257812,168808,33814,13.7674,4.7895,8.9779,34.1524,0.26288,0.8889,1.0241,1.1522
cql-weight1-seed1,cql,236000,4,236000,4b5ec3bfafa43996,-10427.864257812,35214,133999,5.5148,2.3197,3.1951,34.1524,0.09356,0.8789,0.9723,1.1063
cql-weight1-seed1,cql,236000,5,236000,4b5ec3bfafa43996,-10427.864257812,40938,30344,9.0117,-0.0348,9.0465,34.1524,0.26489,0.9191,1.0931,1.1893
cql-weight1-seed1,cql,236000,6,236000,4b5ec3bfafa43996,-10427.864257812,51996,11915,12.7689,1.1632,11.6057,34.1524,0.33982,0.9432,1.1339,1.2022
cql-weight1-seed1,cql,236000,7,236000,4b5ec3bfafa43996,-10427.864257812,64933,19513,12.465,4.2655,8.1995,34.1524,0.24009,0.9101,1.0835,1.1905
cql-weight1-seed1,cql,236000,11,236000,4b5ec3bfafa43996,-10427.864257812,76763,39227,6.7574,2.8889,3.8685,34.1524,0.11327,0.9601,1.0431,1.0865
cql-weight1-seed1,cql,236000,12,236000,4b5ec3bfafa43996,-10427.864257812,33583,82841,4.3695,2.9497,1.4198,34.1524,0.04157,0.942,1.0127,1.0751
cql-weight1-seed1,cql,236000,13,236000,4b5ec3bfafa43996,-10427.864257812,29838,52509,5.9512,0.7038,5.2474,34.1524,0.15365,0.8961,1.0431,1.1641
cql-weight1-seed1,cql,236000,14,236000,4b5ec3bfafa43996,-10427.864257812,36307,14110,12.7885,-0.6558,13.4442,34.1524,0.39365,0.943,1.1967,1.2691
cql-weight1-seed1,cql,237000,0,237000,58826d3906ab6544,-10467.797851562,237311,68413,24.4624,5.7626,18.6998,34.0927,0.5485,0.8449,1.1846,1.4021
cql-weight1-seed1,cql,237000,2,237000,58826d3906ab6544,-10467.797851562,168808,33814,13.4015,4.4657,8.9358,34.0927,0.2621,0.889,1.0218,1.1494
cql-weight1-seed1,cql,237000,4,237000,58826d3906ab6544,-10467.797851562,35214,133999,4.8769,2.1262,2.7507,34.0927,0.08068,0.8815,0.9731,1.1039
cql-weight1-seed1,cql,237000,5,237000,58826d3906ab6544,-10467.797851562,40938,30344,8.0855,-0.146,8.2315,34.0927,0.24145,0.9188,1.0955,1.1923
cql-weight1-seed1,cql,237000,6,237000,58826d3906ab6544,-10467.797851562,51996,11915,12.0197,1.0312,10.9886,34.0927,0.32231,0.9423,1.1357,1.2053
cql-weight1-seed1,cql,237000,7,237000,58826d3906ab6544,-10467.797851562,64933,19513,11.857,3.9506,7.9064,34.0927,0.23191,0.9091,1.086,1.1946
cql-weight1-seed1,cql,237000,11,237000,58826d3906ab6544,-10467.797851562,76763,39227,6.3853,2.6411,3.7441,34.0927,0.10982,0.9585,1.042,1.0871
cql-weight1-seed1,cql,237000,12,237000,58826d3906ab6544,-10467.797851562,33583,82841,3.9495,2.7139,1.2356,34.0927,0.03624,0.9435,1.0131,1.0738
cql-weight1-seed1,cql,237000,13,237000,58826d3906ab6544,-10467.797851562,29838,52509,5.3648,0.6026,4.7622,34.0927,0.13968,0.8983,1.0427,1.1607
cql-weight1-seed1,cql,237000,14,237000,58826d3906ab6544,-10467.797851562,36307,14110,12.1558,-0.75,12.9058,34.0927,0.37855,0.9447,1.1954,1.2654
cql-weight1-seed1,cql,238000,0,238000,fd55ce44dd6f95e2,-10526.356445312,237311,68413,24.6543,5.6012,19.0531,33.9281,0.56157,0.845,1.1884,1.4063
cql-weight1-seed1,cql,238000,2,238000,fd55ce44dd6f95e2,-10526.356445312,168808,33814,13.6735,4.7623,8.9111,33.9281,0.26265,0.89,1.0237,1.1503
cql-weight1-seed1,cql,238000,4,238000,fd55ce44dd6f95e2,-10526.356445312,35214,133999,5.6364,2.1292,3.5072,33.9281,0.10337,0.8814,0.9717,1.1024
cql-weight1-seed1,cql,238000,5,238000,fd55ce44dd6f95e2,-10526.356445312,40938,30344,9.0245,0.0253,8.9992,33.9281,0.26524,0.9201,1.0927,1.1876
cql-weight1-seed1,cql,238000,6,238000,fd55ce44dd6f95e2,-10526.356445312,51996,11915,12.483,1.2702,11.2128,33.9281,0.33049,0.9434,1.1363,1.2045
cql-weight1-seed1,cql,238000,7,238000,fd55ce44dd6f95e2,-10526.356445312,64933,19513,12.3646,4.0498,8.3149,33.9281,0.24507,0.9112,1.0853,1.191
cql-weight1-seed1,cql,238000,11,238000,fd55ce44dd6f95e2,-10526.356445312,76763,39227,6.4499,2.6388,3.8112,33.9281,0.11233,0.9577,1.0408,1.0868
cql-weight1-seed1,cql,238000,12,238000,fd55ce44dd6f95e2,-10526.356445312,33583,82841,4.0532,2.6684,1.3848,33.9281,0.04082,0.9411,1.0121,1.0754
cql-weight1-seed1,cql,238000,13,238000,fd55ce44dd6f95e2,-10526.356445312,29838,52509,5.7695,0.5278,5.2417,33.9281,0.15449,0.8969,1.0434,1.1633
cql-weight1-seed1,cql,238000,14,238000,fd55ce44dd6f95e2,-10526.356445312,36307,14110,12.5526,-0.4929,13.0456,33.9281,0.38451,0.9431,1.1971,1.2693
cql-weight1-seed1,cql,239000,0,239000,0a6f489e52e096bb,-10562.609375,237311,68413,24.5545,5.938,18.6165,33.8356,0.55021,0.8444,1.1824,1.4002
cql-weight1-seed1,cql,239000,2,239000,0a6f489e52e096bb,-10562.609375,168808,33814,13.7775,4.6101,9.1675,33.8356,0.27094,0.8894,1.0231,1.1503
cql-weight1-seed1,cql,239000,4,239000,0a6f489e52e096bb,-10562.609375,35214,133999,5.5856,2.3043,3.2813,33.8356,0.09698,0.8792,0.9721,1.1057
cql-weight1-seed1,cql,239000,5,239000,0a6f489e52e096bb,-10562.609375,40938,30344,8.5082,-0.006,8.5142,33.8356,0.25164,0.9199,1.0932,1.1884
cql-weight1-seed1,cql,239000,6,239000,0a6f489e52e096bb,-10562.609375,51996,11915,12.703,1.4265,11.2765,33.8356,0.33327,0.9437,1.1367,1.2045
cql-weight1-seed1,cql,239000,7,239000,0a6f489e52e096bb,-10562.609375,64933,19513,12.0977,4.0451,8.0526,33.8356,0.23799,0.9113,1.0834,1.1889
cql-weight1-seed1,cql,239000,11,239000,0a6f489e52e096bb,-10562.609375,76763,39227,6.7518,2.715,4.0368,33.8356,0.11931,0.9594,1.0424,1.0865
cql-weight1-seed1,cql,239000,12,239000,0a6f489e52e096bb,-10562.609375,33583,82841,4.5022,2.7674,1.7349,33.8356,0.05127,0.9439,1.014,1.0744
cql-weight1-seed1,cql,239000,13,239000,0a6f489e52e096bb,-10562.609375,29838,52509,5.7321,0.6894,5.0427,33.8356,0.14903,0.8973,1.0435,1.1629
cql-weight1-seed1,cql,239000,14,239000,0a6f489e52e096bb,-10562.609375,36307,14110,12.1728,-0.6713,12.8441,33.8356,0.3796,0.9427,1.1975,1.2703
cql-weight1-seed1,cql,240000,0,240000,c5986f89d63f7a05,-10602.388671875,237311,68413,24.2304,5.4441,18.7863,34.0162,0.55227,0.8445,1.1845,1.4027
cql-weight1-seed1,cql,240000,2,240000,c5986f89d63f7a05,-10602.388671875,168808,33814,13.4029,4.4068,8.9961,34.0162,0.26447,0.8887,1.0223,1.1503
cql-weight1-seed1,cql,240000,4,240000,c5986f89d63f7a05,-10602.388671875,35214,133999,5.9683,2.1332,3.8351,34.0162,0.11274,0.8798,0.9712,1.1039
cql-weight1-seed1,cql,240000,5,240000,c5986f89d63f7a05,-10602.388671875,40938,30344,8.8886,-0.2185,9.1071,34.0162,0.26773,0.9177,1.0874,1.1849
cql-weight1-seed1,cql,240000,6,240000,c5986f89d63f7a05,-10602.388671875,51996,11915,12.8288,1.4514,11.3774,34.0162,0.33447,0.9424,1.1303,1.1994
cql-weight1-seed1,cql,240000,7,240000,c5986f89d63f7a05,-10602.388671875,64933,19513,11.9211,4.0917,7.8294,34.0162,0.23017,0.9101,1.0831,1.1901
cql-weight1-seed1,cql,240000,11,240000,c5986f89d63f7a05,-10602.388671875,76763,39227,6.47,2.7615,3.7084,34.0162,0.10902,0.9592,1.0426,1.0869
cql-weight1-seed1,cql,240000,12,240000,c5986f89d63f7a05,-10602.388671875,33583,82841,4.149,2.8651,1.284,34.0162,0.03775,0.9428,1.0122,1.0736
cql-weight1-seed1,cql,240000,13,240000,c5986f89d63f7a05,-10602.388671875,29838,52509,6.1537,0.5931,5.5606,34.0162,0.16347,0.8954,1.0414,1.1631
cql-weight1-seed1,cql,240000,14,240000,c5986f89d63f7a05,-10602.388671875,36307,14110,12.4383,-0.9651,13.4034,34.0162,0.39403,0.9412,1.1907,1.2651
cql-weight1-seed1,cql,241000,0,241000,5ec90b573b9f21bf,-10639.83203125,237311,68413,24.4066,5.5528,18.8538,34.0606,0.55354,0.8443,1.1825,1.4006
cql-weight1-seed1,cql,241000,2,241000,5ec90b573b9f21bf,-10639.83203125,168808,33814,13.3904,4.4822,8.9082,34.0606,0.26154,0.8896,1.0215,1.1483
cql-weight1-seed1,cql,241000,4,241000,5ec90b573b9f21bf,-10639.83203125,35214,133999,4.6486,2.2873,2.3613,34.0606,0.06933,0.8833,0.973,1.1016
cql-weight1-seed1,cql,241000,5,241000,5ec90b573b9f21bf,-10639.83203125,40938,30344,7.6636,-0.1458,7.8094,34.0606,0.22928,0.9206,1.0894,1.1834
cql-weight1-seed1,cql,241000,6,241000,5ec90b573b9f21bf,-10639.83203125,51996,11915,12.1767,1.4052,10.7714,34.0606,0.31624,0.9416,1.1332,1.2035
cql-weight1-seed1,cql,241000,7,241000,5ec90b573b9f21bf,-10639.83203125,64933,19513,11.9115,4.0177,7.8938,34.0606,0.23176,0.911,1.0853,1.1913
cql-weight1-seed1,cql,241000,11,241000,5ec90b573b9f21bf,-10639.83203125,76763,39227,6.5057,2.9221,3.5836,34.0606,0.10521,0.9601,1.043,1.0863
cql-weight1-seed1,cql,241000,12,241000,5ec90b573b9f21bf,-10639.83203125,33583,82841,4.3433,3.1727,1.1705,34.0606,0.03437,0.9446,1.0145,1.074
cql-weight1-seed1,cql,241000,13,241000,5ec90b573b9f21bf,-10639.83203125,29838,52509,5.339,0.7869,4.552,34.0606,0.13365,0.8967,1.0446,1.165
cql-weight1-seed1,cql,241000,14,241000,5ec90b573b9f21bf,-10639.83203125,36307,14110,11.8712,-0.8841,12.7553,34.0606,0.37449,0.9408,1.1968,1.2721
cql-weight1-seed1,cql,242000,0,242000,c07244e000890da5,-10684.899414062,237311,68413,24.5608,5.5735,18.9873,34.0296,0.55797,0.8439,1.1839,1.403
cql-weight1-seed1,cql,242000,2,242000,c07244e000890da5,-10684.899414062,168808,33814,13.5049,4.5704,8.9345,34.0296,0.26255,0.8884,1.0207,1.1489
cql-weight1-seed1,cql,242000,4,242000,c07244e000890da5,-10684.899414062,35214,133999,5.7639,2.5499,3.214,34.0296,0.09445,0.8812,0.9716,1.1025
cql-weight1-seed1,cql,242000,5,242000,c07244e000890da5,-10684.899414062,40938,30344,8.5885,0.0825,8.506,34.0296,0.24996,0.9207,1.0911,1.1851
cql-weight1-seed1,cql,242000,6,242000,c07244e000890da5,-10684.899414062,51996,11915,12.3899,1.085,11.3048,34.0296,0.33221,0.9444,1.1331,1.1998
cql-weight1-seed1,cql,242000,7,242000,c07244e000890da5,-10684.899414062,64933,19513,12.0639,4.0869,7.9771,34.0296,0.23442,0.9103,1.0832,1.19
cql-weight1-seed1,cql,242000,11,242000,c07244e000890da5,-10684.899414062,76763,39227,6.7135,2.8814,3.8321,34.0296,0.11261,0.9592,1.0424,1.0867
cql-weight1-seed1,cql,242000,12,242000,c07244e000890da5,-10684.899414062,33583,82841,4.3658,3.0431,1.3227,34.0296,0.03887,0.9428,1.0123,1.0737
cql-weight1-seed1,cql,242000,13,242000,c07244e000890da5,-10684.899414062,29838,52509,5.9251,0.9054,5.0197,34.0296,0.14751,0.8962,1.0404,1.1609
cql-weight1-seed1,cql,242000,14,242000,c07244e000890da5,-10684.899414062,36307,14110,12.3429,-0.4575,12.8004,34.0296,0.37616,0.9431,1.1948,1.2668
cql-weight1-seed1,cql,243000,0,243000,f30a15839c2ebb0b,-10733.473632812,237311,68413,24.4259,5.4162,19.0098,33.9948,0.5592,0.8439,1.1831,1.4019
cql-weight1-seed1,cql,243000,2,243000,f30a15839c2ebb0b,-10733.473632812,168808,33814,13.3152,4.557,8.7582,33.9948,0.25763,0.8886,1.0225,1.1508
cql-weight1-seed1,cql,243000,4,243000,f30a15839c2ebb0b,-10733.473632812,35214,133999,5.4787,2.2268,3.2519,33.9948,0.09566,0.8812,0.9723,1.1033
cql-weight1-seed1,cql,243000,5,243000,f30a15839c2ebb0b,-10733.473632812,40938,30344,8.6921,-0.1027,8.7948,33.9948,0.25871,0.9212,1.0936,1.1872
cql-weight1-seed1,cql,243000,6,243000,f30a15839c2ebb0b,-10733.473632812,51996,11915,12.1064,1.1004,11.0061,33.9948,0.32376,0.9435,1.1383,1.2064
cql-weight1-seed1,cql,243000,7,243000,f30a15839c2ebb0b,-10733.473632812,64933,19513,12.0355,3.9752,8.0603,33.9948,0.2371,0.911,1.082,1.1876
cql-weight1-seed1,cql,243000,11,243000,f30a15839c2ebb0b,-10733.473632812,76763,39227,6.3069,2.7042,3.6027,33.9948,0.10598,0.9591,1.0431,1.0876
cql-weight1-seed1,cql,243000,12,243000,f30a15839c2ebb0b,-10733.473632812,33583,82841,3.9586,2.7793,1.1793,33.9948,0.03469,0.944,1.0129,1.073
cql-weight1-seed1,cql,243000,13,243000,f30a15839c2ebb0b,-10733.473632812,29838,52509,5.8529,0.7537,5.0992,33.9948,0.15,0.8971,1.0438,1.1635
cql-weight1-seed1,cql,243000,14,243000,f30a15839c2ebb0b,-10733.473632812,36307,14110,12.0551,-0.7216,12.7767,33.9948,0.37584,0.9435,1.199,1.2708
cql-weight1-seed1,cql,244000,0,244000,20ba82a57140ece6,-10767.697265625,237311,68413,24.1669,5.0937,19.0732,33.9388,0.56199,0.8443,1.1825,1.4006
cql-weight1-seed1,cql,244000,2,244000,20ba82a57140ece6,-10767.697265625,168808,33814,13.2883,4.5036,8.7847,33.9388,0.25884,0.8889,1.0211,1.1487
cql-weight1-seed1,cql,244000,4,244000,20ba82a57140ece6,-10767.697265625,35214,133999,4.9737,2.1352,2.8385,33.9388,0.08363,0.8806,0.9729,1.1048
cql-weight1-seed1,cql,244000,5,244000,20ba82a57140ece6,-10767.697265625,40938,30344,8.1747,-0.2632,8.4379,33.9388,0.24862,0.9202,1.0922,1.1869
cql-weight1-seed1,cql,244000,6,244000,20ba82a57140ece6,-10767.697265625,51996,11915,12.2075,1.0984,11.109,33.9388,0.32733,0.9418,1.1328,1.2028
cql-weight1-seed1,cql,244000,7,244000,20ba82a57140ece6,-10767.697265625,64933,19513,11.9034,4.0319,7.8715,33.9388,0.23193,0.9102,1.0809,1.1875
cql-weight1-seed1,cql,244000,11,244000,20ba82a57140ece6,-10767.697265625,76763,39227,6.0069,2.4697,3.5372,33.9388,0.10422,0.9586,1.0418,1.0868
cql-weight1-seed1,cql,244000,12,244000,20ba82a57140ece6,-10767.697265625,33583,82841,3.8667,2.7666,1.1001,33.9388,0.03241,0.9435,1.0121,1.0726
cql-weight1-seed1,cql,244000,13,244000,20ba82a57140ece6,-10767.697265625,29838,52509,5.6086,0.6885,4.9201,33.9388,0.14497,0.8949,1.0441,1.1666
cql-weight1-seed1,cql,244000,14,244000,20ba82a57140ece6,-10767.697265625,36307,14110,12.8827,-0.6788,13.5614,33.9388,0.39959,0.9422,1.197,1.2704
cql-weight1-seed1,cql,245000,0,245000,f5a3e353daaa3837,-10813.48828125,237311,68413,24.2231,5.2305,18.9926,33.9372,0.55964,0.8444,1.1803,1.3978
cql-weight1-seed1,cql,245000,2,245000,f5a3e353daaa3837,-10813.48828125,168808,33814,13.4984,4.2013,9.2971,33.9372,0.27395,0.8895,1.0221,1.1491
cql-weight1-seed1,cql,245000,4,245000,f5a3e353daaa3837,-10813.48828125,35214,133999,5.5237,2.2749,3.2488,33.9372,0.09573,0.8794,0.9705,1.1036
cql-weight1-seed1,cql,245000,5,245000,f5a3e353daaa3837,-10813.48828125,40938,30344,8.5125,-0.0311,8.5436,33.9372,0.25175,0.9185,1.089,1.1856
cql-weight1-seed1,cql,245000,6,245000,f5a3e353daaa3837,-10813.48828125,51996,11915,12.384,1.2753,11.1086,33.9372,0.32733,0.9418,1.13,1.1998
cql-weight1-seed1,cql,245000,7,245000,f5a3e353daaa3837,-10813.48828125,64933,19513,12.252,4.0415,8.2105,33.9372,0.24193,0.9118,1.0851,1.19
cql-weight1-seed1,cql,245000,11,245000,f5a3e353daaa3837,-10813.48828125,76763,39227,6.6253,2.7574,3.8679,33.9372,0.11397,0.9584,1.0406,1.0857
cql-weight1-seed1,cql,245000,12,245000,f5a3e353daaa3837,-10813.48828125,33583,82841,4.211,2.8051,1.4059,33.9372,0.04143,0.9422,1.0123,1.0745
cql-weight1-seed1,cql,245000,13,245000,f5a3e353daaa3837,-10813.48828125,29838,52509,5.7784,0.6899,5.0885,33.9372,0.14994,0.8965,1.0404,1.1606
cql-weight1-seed1,cql,245000,14,245000,f5a3e353daaa3837,-10813.48828125,36307,14110,12.2085,-0.6742,12.8827,33.9372,0.37961,0.9426,1.1912,1.2636
cql-weight1-seed1,cql,246000,0,246000,a7f9709a487c6385,-10862.915039062,237311,68413,24.1111,4.955,19.1561,34.0347,0.56284,0.844,1.1823,1.4008
cql-weight1-seed1,cql,246000,2,246000,a7f9709a487c6385,-10862.915039062,168808,33814,13.8602,4.7156,9.1445,34.0347,0.26868,0.889,1.0215,1.1491
cql-weight1-seed1,cql,246000,4,246000,a7f9709a487c6385,-10862.915039062,35214,133999,5.6064,2.3678,3.2386,34.0347,0.09516,0.883,0.9726,1.1014
cql-weight1-seed1,cql,246000,5,246000,a7f9709a487c6385,-10862.915039062,40938,30344,8.1011,-0.2,8.3011,34.0347,0.2439,0.9209,1.0871,1.1806
cql-weight1-seed1,cql,246000,6,246000,a7f9709a487c6385,-10862.915039062,51996,11915,11.8418,1.0652,10.7766,34.0347,0.31664,0.943,1.1339,1.2025
cql-weight1-seed1,cql,246000,7,246000,a7f9709a487c6385,-10862.915039062,64933,19513,11.9624,4.0068,7.9556,34.0347,0.23375,0.9101,1.0818,1.1887
cql-weight1-seed1,cql,246000,11,246000,a7f9709a487c6385,-10862.915039062,76763,39227,6.3658,2.7323,3.6335,34.0347,0.10676,0.9618,1.0439,1.0854
cql-weight1-seed1,cql,246000,12,246000,a7f9709a487c6385,-10862.915039062,33583,82841,3.8052,2.7843,1.0209,34.0347,0.03,0.9438,1.0121,1.0723
cql-weight1-seed1,cql,246000,13,246000,a7f9709a487c6385,-10862.915039062,29838,52509,4.9013,0.5689,4.3324,34.0347,0.12729,0.8972,1.0422,1.1616
cql-weight1-seed1,cql,246000,14,246000,a7f9709a487c6385,-10862.915039062,36307,14110,11.3659,-1.1212,12.4871,34.0347,0.36689,0.9423,1.1947,1.2679
cql-weight1-seed1,cql,247000,0,247000,79eed196eb9a0dcc,-10899.796875,237311,68413,24.3654,5.4641,18.9013,34.2388,0.55204,0.8449,1.1818,1.3987
cql-weight1-seed1,cql,247000,2,247000,79eed196eb9a0dcc,-10899.796875,168808,33814,13.0978,4.527,8.5708,34.2388,0.25033,0.8903,1.02,1.1457
cql-weight1-seed1,cql,247000,4,247000,79eed196eb9a0dcc,-10899.796875,35214,133999,5.0568,2.2148,2.842,34.2388,0.08301,0.8817,0.9715,1.1019
cql-weight1-seed1,cql,247000,5,247000,79eed196eb9a0dcc,-10899.796875,40938,30344,8.6073,-0.0795,8.6868,34.2388,0.25371,0.9201,1.0857,1.18
cql-weight1-seed1,cql,247000,6,247000,79eed196eb9a0dcc,-10899.796875,51996,11915,12.2648,1.1902,11.0746,34.2388,0.32345,0.9441,1.1376,1.205
cql-weight1-seed1,cql,247000,7,247000,79eed196eb9a0dcc,-10899.796875,64933,19513,11.985,3.9689,8.016,34.2388,0.23412,0.9106,1.0824,1.1888
cql-weight1-seed1,cql,247000,11,247000,79eed196eb9a0dcc,-10899.796875,76763,39227,6.3347,2.658,3.6767,34.2388,0.10738,0.9591,1.0419,1.0864
cql-weight1-seed1,cql,247000,12,247000,79eed196eb9a0dcc,-10899.796875,33583,82841,3.6798,2.7197,0.9601,34.2388,0.02804,0.9438,1.0137,1.074
cql-weight1-seed1,cql,247000,13,247000,79eed196eb9a0dcc,-10899.796875,29838,52509,5.6261,0.6546,4.9715,34.2388,0.1452,0.8988,1.0421,1.1594
cql-weight1-seed1,cql,247000,14,247000,79eed196eb9a0dcc,-10899.796875,36307,14110,12.5186,-0.7954,13.314,34.2388,0.38886,0.9421,1.1946,1.268
cql-weight1-seed1,cql,248000,0,248000,4afd327c51e5e954,-10950.561523438,237311,68413,24.3828,5.2827,19.1001,34.1064,0.56002,0.8447,1.1842,1.4019
cql-weight1-seed1,cql,248000,2,248000,4afd327c51e5e954,-10950.561523438,168808,33814,13.2865,4.6958,8.5907,34.1064,0.25188,0.8891,1.0236,1.1514
cql-weight1-seed1,cql,248000,4,248000,4afd327c51e5e954,-10950.561523438,35214,133999,5.6449,2.0676,3.5773,34.1064,0.10489,0.8839,0.972,1.0997
cql-weight1-seed1,cql,248000,5,248000,4afd327c51e5e954,-10950.561523438,40938,30344,9.0369,-0.0935,9.1304,34.1064,0.2677,0.9219,1.087,1.179
cql-weight1-seed1,cql,248000,6,248000,4afd327c51e5e954,-10950.561523438,51996,11915,12.469,1.1246,11.3444,34.1064,0.33262,0.9427,1.134,1.203
cql-weight1-seed1,cql,248000,7,248000,4afd327c51e5e954,-10950.561523438,64933,19513,12.0898,3.9387,8.1511,34.1064,0.23899,0.9105,1.0854,1.1921
cql-weight1-seed1,cql,248000,11,248000,4afd327c51e5e954,-10950.561523438,76763,39227,6.3051,2.6511,3.654,34.1064,0.10714,0.959,1.0424,1.0869
cql-weight1-seed1,cql,248000,12,248000,4afd327c51e5e954,-10950.561523438,33583,82841,3.731,2.6103,1.1207,34.1064,0.03286,0.9434,1.0132,1.074
cql-weight1-seed1,cql,248000,13,248000,4afd327c51e5e954,-10950.561523438,29838,52509,5.3754,0.4878,4.8876,34.1064,0.14331,0.9004,1.0423,1.1576
cql-weight1-seed1,cql,248000,14,248000,4afd327c51e5e954,-10950.561523438,36307,14110,12.2835,-0.7025,12.9861,34.1064,0.38075,0.9419,1.1928,1.2664
cql-weight1-seed1,cql,249000,0,249000,599a62f7ea02327d,-10989.469726562,237311,68413,24.3427,5.3177,19.025,33.8632,0.56182,0.8448,1.1813,1.3983
cql-weight1-seed1,cql,249000,2,249000,599a62f7ea02327d,-10989.469726562,168808,33814,13.5804,4.6293,8.9511,33.8632,0.26433,0.8905,1.0233,1.1492
cql-weight1-seed1,cql,249000,4,249000,599a62f7ea02327d,-10989.469726562,35214,133999,5.1227,2.0911,3.0316,33.8632,0.08953,0.8806,0.972,1.1038
cql-weight1-seed1,cql,249000,5,249000,599a62f7ea02327d,-10989.469726562,40938,30344,8.8005,0.1423,8.6582,33.8632,0.25568,0.9229,1.0856,1.1763
cql-weight1-seed1,cql,249000,6,249000,599a62f7ea02327d,-10989.469726562,51996,11915,12.3686,1.3977,10.971,33.8632,0.32398,0.9438,1.1347,1.2022
cql-weight1-seed1,cql,249000,7,249000,599a62f7ea02327d,-10989.469726562,64933,19513,11.8942,3.8926,8.0017,33.8632,0.23629,0.9108,1.0834,1.1894
cql-weight1-seed1,cql,249000,11,249000,599a62f7ea02327d,-10989.469726562,76763,39227,6.5042,2.7649,3.7393,33.8632,0.11042,0.9593,1.0411,1.0852
cql-weight1-seed1,cql,249000,12,249000,599a62f7ea02327d,-10989.469726562,33583,82841,3.8191,2.796,1.0231,33.8632,0.03021,0.944,1.0127,1.0728
cql-weight1-seed1,cql,249000,13,249000,599a62f7ea02327d,-10989.469726562,29838,52509,5.4725,0.7051,4.7674,33.8632,0.14078,0.8968,1.0405,1.1603
cql-weight1-seed1,cql,249000,14,249000,599a62f7ea02327d,-10989.469726562,36307,14110,12.0014,-0.6365,12.638,33.8632,0.37321,0.9414,1.1917,1.2659
cql-weight1-seed1,cql,250000,0,250000,d796cfcb0f0b221c,-11020.6015625,237311,68413,24.3304,5.2306,19.0997,34.1053,0.56002,0.8453,1.1804,1.3964
cql-weight1-seed1,cql,250000,2,250000,d796cfcb0f0b221c,-11020.6015625,168808,33814,13.4018,4.4891,8.9127,34.1053,0.26133,0.8903,1.0226,1.1487
cql-weight1-seed1,cql,250000,4,250000,d796cfcb0f0b221c,-11020.6015625,35214,133999,5.1085,1.9713,3.1372,34.1053,0.09198,0.8828,0.9732,1.1025
cql-weight1-seed1,cql,250000,5,250000,d796cfcb0f0b221c,-11020.6015625,40938,30344,8.0812,-0.1706,8.2518,34.1053,0.24195,0.9213,1.095,1.1885
cql-weight1-seed1,cql,250000,6,250000,d796cfcb0f0b221c,-11020.6015625,51996,11915,12.2179,0.9083,11.3096,34.1053,0.33161,0.9415,1.135,1.2055
cql-weight1-seed1,cql,250000,7,250000,d796cfcb0f0b221c,-11020.6015625,64933,19513,11.9869,3.9365,8.0504,34.1053,0.23605,0.9092,1.0822,1.1903
cql-weight1-seed1,cql,250000,11,250000,d796cfcb0f0b221c,-11020.6015625,76763,39227,6.3641,2.5932,3.7709,34.1053,0.11057,0.9586,1.042,1.0871
cql-weight1-seed1,cql,250000,12,250000,d796cfcb0f0b221c,-11020.6015625,33583,82841,4.2389,2.7458,1.4931,34.1053,0.04378,0.9421,1.0136,1.0759
cql-weight1-seed1,cql,250000,13,250000,d796cfcb0f0b221c,-11020.6015625,29838,52509,5.734,0.5673,5.1666,34.1053,0.15149,0.8975,1.0453,1.1646
cql-weight1-seed1,cql,250000,14,250000,d796cfcb0f0b221c,-11020.6015625,36307,14110,12.0264,-0.9044,12.9307,34.1053,0.37914,0.942,1.1991,1.2729
cql-weight1-seed1,cql,251000,0,251000,a7b691fd4540c932,-11061.637695312,237311,68413,23.8981,4.9894,18.9086,33.9781,0.55649,0.8441,1.1845,1.4032
cql-weight1-seed1,cql,251000,2,251000,a7b691fd4540c932,-11061.637695312,168808,33814,13.2646,4.4131,8.8514,33.9781,0.2605,0.8891,1.0245,1.1523
cql-weight1-seed1,cql,251000,4,251000,a7b691fd4540c932,-11061.637695312,35214,133999,5.0306,2.2661,2.7646,33.9781,0.08136,0.8823,0.9712,1.1008
cql-weight1-seed1,cql,251000,5,251000,a7b691fd4540c932,-11061.637695312,40938,30344,8.5125,-0.3006,8.8131,33.9781,0.25938,0.9209,1.0902,1.1839
cql-weight1-seed1,cql,251000,6,251000,a7b691fd4540c932,-11061.637695312,51996,11915,11.916,0.7368,11.1792,33.9781,0.32901,0.9412,1.1292,1.1998
cql-weight1-seed1,cql,251000,7,251000,a7b691fd4540c932,-11061.637695312,64933,19513,11.5635,3.8417,7.7218,33.9781,0.22726,0.9116,1.0835,1.1887
cql-weight1-seed1,cql,251000,11,251000,a7b691fd4540c932,-11061.637695312,76763,39227,6.5297,2.7997,3.73,33.9781,0.10978,0.9585,1.0433,1.0884
cql-weight1-seed1,cql,251000,12,251000,a7b691fd4540c932,-11061.637695312,33583,82841,3.8165,2.837,0.9795,33.9781,0.02883,0.9438,1.0128,1.073
cql-weight1-seed1,cql,251000,13,251000,a7b691fd4540c932,-11061.637695312,29838,52509,5.2235,0.5961,4.6274,33.9781,0.13619,0.9,1.0425,1.1583
cql-weight1-seed1,cql,251000,14,251000,a7b691fd4540c932,-11061.637695312,36307,14110,11.996,-1.0107,13.0067,33.9781,0.3828,0.9444,1.1922,1.2624
cql-weight1-seed1,cql,252000,0,252000,917c692fc57b2eca,-11108.059570312,237311,68413,24.0322,5.2361,18.7961,33.6208,0.55906,0.8455,1.1855,1.4021
cql-weight1-seed1,cql,252000,2,252000,917c692fc57b2eca,-11108.059570312,168808,33814,13.3709,4.4207,8.9501,33.6208,0.26621,0.8892,1.0221,1.1495
cql-weight1-seed1,cql,252000,4,252000,917c692fc57b2eca,-11108.059570312,35214,133999,5.2305,2.2395,2.991,33.6208,0.08896,0.8808,0.9713,1.1027
cql-weight1-seed1,cql,252000,5,252000,917c692fc57b2eca,-11108.059570312,40938,30344,8.4206,-0.052,8.4726,33.6208,0.252,0.9199,1.0912,1.1862
cql-weight1-seed1,cql,252000,6,252000,917c692fc57b2eca,-11108.059570312,51996,11915,12.3559,1.07,11.2859,33.6208,0.33568,0.9418,1.1337,1.2037
cql-weight1-seed1,cql,252000,7,252000,917c692fc57b2eca,-11108.059570312,64933,19513,12.1368,3.8865,8.2502,33.6208,0.24539,0.9116,1.0844,1.1895
cql-weight1-seed1,cql,252000,11,252000,917c692fc57b2eca,-11108.059570312,76763,39227,6.1183,2.5696,3.5487,33.6208,0.10555,0.9585,1.043,1.0882
cql-weight1-seed1,cql,252000,12,252000,917c692fc57b2eca,-11108.059570312,33583,82841,3.2801,2.5545,0.7256,33.6208,0.02158,0.9433,1.0124,1.0733
cql-weight1-seed1,cql,252000,13,252000,917c692fc57b2eca,-11108.059570312,29838,52509,5.2357,0.6583,4.5774,33.6208,0.13615,0.8967,1.0422,1.1623
cql-weight1-seed1,cql,252000,14,252000,917c692fc57b2eca,-11108.059570312,36307,14110,12.1357,-0.7701,12.9058,33.6208,0.38386,0.9429,1.197,1.2694
cql-weight1-seed1,cql,253000,0,253000,f344ca958c4dd4b5,-11157.314453125,237311,68413,23.9503,5.0975,18.8528,33.8004,0.55777,0.8439,1.1862,1.4056
cql-weight1-seed1,cql,253000,2,253000,f344ca958c4dd4b5,-11157.314453125,168808,33814,13.3549,4.506,8.8489,33.8004,0.2618,0.8885,1.0206,1.1488
cql-weight1-seed1,cql,253000,4,253000,f344ca958c4dd4b5,-11157.314453125,35214,133999,5.2002,2.1144,3.0858,33.8004,0.0913,0.8817,0.9717,1.1021
cql-weight1-seed1,cql,253000,5,253000,f344ca958c4dd4b5,-11157.314453125,40938,30344,8.4327,-0.0297,8.4624,33.8004,0.25036,0.9196,1.0905,1.1859
cql-weight1-seed1,cql,253000,6,253000,f344ca958c4dd4b5,-11157.314453125,51996,11915,12.1275,0.9707,11.1568,33.8004,0.33008,0.942,1.1333,1.2031
cql-weight1-seed1,cql,253000,7,253000,f344ca958c4dd4b5,-11157.314453125,64933,19513,11.9228,3.9829,7.9399,33.8004,0.23491,0.9105,1.0835,1.1901
cql-weight1-seed1,cql,253000,11,253000,f344ca958c4dd4b5,-11157.314453125,76763,39227,6.145,2.5895,3.5555,33.8004,0.10519,0.9598,1.0435,1.0872
cql-weight1-seed1,cql,253000,12,253000,f344ca958c4dd4b5,-11157.314453125,33583,82841,3.4511,2.6009,0.8502,33.8004,0.02515,0.945,1.0133,1.0723
cql-weight1-seed1,cql,253000,13,253000,f344ca958c4dd4b5,-11157.314453125,29838,52509,4.9264,0.5698,4.3566,33.8004,0.12889,0.8983,1.043,1.1612
cql-weight1-seed1,cql,253000,14,253000,f344ca958c4dd4b5,-11157.314453125,36307,14110,11.484,-0.7936,12.2776,33.8004,0.36324,0.9432,1.1925,1.2643
cql-weight1-seed1,cql,254000,0,254000,f89aebb757e12fb7,-11205.092773438,237311,68413,24.402,5.3481,19.0539,34.1765,0.55751,0.8439,1.1854,1.4047
cql-weight1-seed1,cql,254000,2,254000,f89aebb757e12fb7,-11205.092773438,168808,33814,13.0973,4.2978,8.7995,34.1765,0.25747,0.8881,1.0216,1.1504
cql-weight1-seed1,cql,254000,4,254000,f89aebb757e12fb7,-11205.092773438,35214,133999,5.3657,2.2525,3.1132,34.1765,0.09109,0.8829,0.972,1.1008
cql-weight1-seed1,cql,254000,5,254000,f89aebb757e12fb7,-11205.092773438,40938,30344,8.1936,-0.0843,8.2779,34.1765,0.24221,0.9199,1.086,1.1806
cql-weight1-seed1,cql,254000,6,254000,f89aebb757e12fb7,-11205.092773438,51996,11915,11.9568,0.9546,11.0022,34.1765,0.32192,0.943,1.1301,1.1985
cql-weight1-seed1,cql,254000,7,254000,f89aebb757e12fb7,-11205.092773438,64933,19513,11.4143,3.5558,7.8585,34.1765,0.22994,0.9118,1.0855,1.1905
cql-weight1-seed1,cql,254000,11,254000,f89aebb757e12fb7,-11205.092773438,76763,39227,6.3888,2.7028,3.686,34.1765,0.10785,0.9592,1.0415,1.0858
cql-weight1-seed1,cql,254000,12,254000,f89aebb757e12fb7,-11205.092773438,33583,82841,3.5422,2.7398,0.8024,34.1765,0.02348,0.9446,1.0126,1.0721
cql-weight1-seed1,cql,254000,13,254000,f89aebb757e12fb7,-11205.092773438,29838,52509,5.1947,0.5068,4.6879,34.1765,0.13717,0.8973,1.0416,1.1609
cql-weight1-seed1,cql,254000,14,254000,f89aebb757e12fb7,-11205.092773438,36307,14110,11.9322,-0.9083,12.8405,34.1765,0.37571,0.9416,1.1893,1.263
cql-weight1-seed1,cql,255000,0,255000,8e9cc99bd3c8413b,-11248.655273438,237311,68413,23.962,5.1258,18.8362,33.5365,0.56166,0.8442,1.1856,1.4044
cql-weight1-seed1,cql,255000,2,255000,8e9cc99bd3c8413b,-11248.655273438,168808,33814,13.3826,4.4872,8.8954,33.5365,0.26525,0.8888,1.0207,1.1484
cql-weight1-seed1,cql,255000,4,255000,8e9cc99bd3c8413b,-11248.655273438,35214,133999,5.4099,2.0309,3.379,33.5365,0.10076,0.882,0.9721,1.1022
cql-weight1-seed1,cql,255000,5,255000,8e9cc99bd3c8413b,-11248.655273438,40938,30344,7.9658,-0.4573,8.4231,33.5365,0.25116,0.924,1.0865,1.1759
cql-weight1-seed1,cql,255000,6,255000,8e9cc99bd3c8413b,-11248.655273438,51996,11915,11.7543,0.667,11.0873,33.5365,0.3306,0.9433,1.1336,1.2018
cql-weight1-seed1,cql,255000,7,255000,8e9cc99bd3c8413b,-11248.655273438,64933,19513,11.9719,3.8594,8.1125,33.5365,0.2419,0.9126,1.0841,1.188
cql-weight1-seed1,cql,255000,11,255000,8e9cc99bd3c8413b,-11248.655273438,76763,39227,6.1382,2.5515,3.5867,33.5365,0.10695,0.96,1.0427,1.0862
cql-weight1-seed1,cql,255000,12,255000,8e9cc99bd3c8413b,-11248.655273438,33583,82841,3.632,2.6066,1.0254,33.5365,0.03058,0.9437,1.013,1.0734
cql-weight1-seed1,cql,255000,13,255000,8e9cc99bd3c8413b,-11248.655273438,29838,52509,4.7626,0.3868,4.3757,33.5365,0.13048,0.8967,1.0415,1.1615
cql-weight1-seed1,cql,255000,14,255000,8e9cc99bd3c8413b,-11248.655273438,36307,14110,11.3459,-1.067,12.4129,33.5365,0.37013,0.9428,1.1942,1.2667
cql-weight1-seed1,cql,256000,0,256000,f3f4f3bddf5cc78a,-11290.643554688,237311,68413,24.3327,5.6055,18.7272,33.5289,0.55854,0.8446,1.1757,1.3921
cql-weight1-seed1,cql,256000,2,256000,f3f4f3bddf5cc78a,-11290.643554688,168808,33814,13.3681,4.5923,8.7758,33.5289,0.26174,0.8896,1.0183,1.1446
cql-weight1-seed1,cql,256000,4,256000,f3f4f3bddf5cc78a,-11290.643554688,35214,133999,5.3023,2.3793,2.923,33.5289,0.08718,0.8811,0.971,1.1021
cql-weight1-seed1,cql,256000,5,256000,f3f4f3bddf5cc78a,-11290.643554688,40938,30344,8.1771,0.0401,8.1371,33.5289,0.24269,0.9207,1.0868,1.1804
cql-weight1-seed1,cql,256000,6,256000,f3f4f3bddf5cc78a,-11290.643554688,51996,11915,12.1288,1.4937,10.635,33.5289,0.31719,0.9414,1.1336,1.2041
cql-weight1-seed1,cql,256000,7,256000,f3f4f3bddf5cc78a,-11290.643554688,64933,19513,11.7116,3.9257,7.7858,33.5289,0.23221,0.9123,1.0836,1.1878
cql-weight1-seed1,cql,256000,11,256000,f3f4f3bddf5cc78a,-11290.643554688,76763,39227,6.3993,2.7715,3.6279,33.5289,0.1082,0.9599,1.0431,1.0867
cql-weight1-seed1,cql,256000,12,256000,f3f4f3bddf5cc78a,-11290.643554688,33583,82841,3.6881,2.8067,0.8814,33.5289,0.02629,0.9425,1.0129,1.0747
cql-weight1-seed1,cql,256000,13,256000,f3f4f3bddf5cc78a,-11290.643554688,29838,52509,5.3873,0.7909,4.5965,33.5289,0.13709,0.8947,1.0432,1.1661
cql-weight1-seed1,cql,256000,14,256000,f3f4f3bddf5cc78a,-11290.643554688,36307,14110,12.1652,-0.4964,12.6616,33.5289,0.37763,0.941,1.194,1.2689
cql-weight1-seed1,cql,257000,0,257000,951db1400fb45bb2,-11329.802734375,237311,68413,23.947,5.3292,18.6178,33.1201,0.56213,0.8445,1.1819,1.3995
cql-weight1-seed1,cql,257000,2,257000,951db1400fb45bb2,-11329.802734375,168808,33814,13.1508,4.499,8.6518,33.1201,0.26123,0.8894,1.0225,1.1496
cql-weight1-seed1,cql,257000,4,257000,951db1400fb45bb2,-11329.802734375,35214,133999,4.973,2.1037,2.8693,33.1201,0.08663,0.8815,0.9721,1.1029
cql-weight1-seed1,cql,257000,5,257000,951db1400fb45bb2,-11329.802734375,40938,30344,8.1633,-0.0444,8.2077,33.1201,0.24782,0.9214,1.0891,1.182
cql-weight1-seed1,cql,257000,6,257000,951db1400fb45bb2,-11329.802734375,51996,11915,11.943,1.1386,10.8044,33.1201,0.32622,0.9435,1.134,1.2018
cql-weight1-seed1,cql,257000,7,257000,951db1400fb45bb2,-11329.802734375,64933,19513,12.1582,4.1674,7.9907,33.1201,0.24127,0.9104,1.0823,1.1888
cql-weight1-seed1,cql,257000,11,257000,951db1400fb45bb2,-11329.802734375,76763,39227,6.2933,2.6045,3.6888,33.1201,0.11138,0.9602,1.0443,1.0876
cql-weight1-seed1,cql,257000,12,257000,951db1400fb45bb2,-11329.802734375,33583,82841,3.9384,2.7699,1.1685,33.1201,0.03528,0.9427,1.0126,1.0742
cql-weight1-seed1,cql,257000,13,257000,951db1400fb45bb2,-11329.802734375,29838,52509,5.1559,0.6896,4.4664,33.1201,0.13485,0.8957,1.0435,1.165
cql-weight1-seed1,cql,257000,14,257000,951db1400fb45bb2,-11329.802734375,36307,14110,11.8888,-0.6533,12.5421,33.1201,0.37869,0.9418,1.1961,1.2701
cql-weight1-seed1,cql,258000,0,258000,ae4160c5dbd120e8,-11372.470703125,237311,68413,23.9467,5.496,18.4506,33.6141,0.5489,0.8438,1.1837,1.4028
cql-weight1-seed1,cql,258000,2,258000,ae4160c5dbd120e8,-11372.470703125,168808,33814,13.2339,4.3377,8.8962,33.6141,0.26466,0.8891,1.0222,1.1497
cql-weight1-seed1,cql,258000,4,258000,ae4160c5dbd120e8,-11372.470703125,35214,133999,5.1891,2.1988,2.9904,33.6141,0.08896,0.8811,0.9705,1.1014
cql-weight1-seed1,cql,258000,5,258000,ae4160c5dbd120e8,-11372.470703125,40938,30344,8.2368,-0.0271,8.2639,33.6141,0.24585,0.9185,1.0925,1.1894
cql-weight1-seed1,cql,258000,6,258000,ae4160c5dbd120e8,-11372.470703125,51996,11915,11.6405,0.9667,10.6738,33.6141,0.31754,0.9411,1.1331,1.204
cql-weight1-seed1,cql,258000,7,258000,ae4160c5dbd120e8,-11372.470703125,64933,19513,11.9755,3.9787,7.9968,33.6141,0.2379,0.9106,1.0817,1.1878
cql-weight1-seed1,cql,258000,11,258000,ae4160c5dbd120e8,-11372.470703125,76763,39227,6.5009,2.8076,3.6933,33.6141,0.10987,0.9586,1.0414,1.0864
cql-weight1-seed1,cql,258000,12,258000,ae4160c5dbd120e8,-11372.470703125,33583,82841,3.5619,2.7325,0.8294,33.6141,0.02467,0.9444,1.0125,1.0721
cql-weight1-seed1,cql,258000,13,258000,ae4160c5dbd120e8,-11372.470703125,29838,52509,4.332,0.554,3.778,33.6141,0.11239,0.8964,1.0433,1.164
cql-weight1-seed1,cql,258000,14,258000,ae4160c5dbd120e8,-11372.470703125,36307,14110,11.4181,-1.1153,12.5333,33.6141,0.37286,0.9434,1.1959,1.2676
cql-weight1-seed1,cql,259000,0,259000,69958337284f4b1a,-11412.627929688,237311,68413,24.4126,5.2844,19.1282,34.4329,0.55552,0.8442,1.1827,1.4011
cql-weight1-seed1,cql,259000,2,259000,69958337284f4b1a,-11412.627929688,168808,33814,13.02,4.4448,8.5751,34.4329,0.24904,0.8895,1.021,1.1478
cql-weight1-seed1,cql,259000,4,259000,69958337284f4b1a,-11412.627929688,35214,133999,4.8887,2.3276,2.5612,34.4329,0.07438,0.8811,0.969,1.0997
cql-weight1-seed1,cql,259000,5,259000,69958337284f4b1a,-11412.627929688,40938,30344,8.3597,-0.023,8.3828,34.4329,0.24345,0.9207,1.0853,1.1788
cql-weight1-seed1,cql,259000,6,259000,69958337284f4b1a,-11412.627929688,51996,11915,12.1799,1.0187,11.1612,34.4329,0.32414,0.9426,1.1369,1.2061
cql-weight1-seed1,cql,259000,7,259000,69958337284f4b1a,-11412.627929688,64933,19513,11.4589,3.7905,7.6684,34.4329,0.22271,0.9095,1.0838,1.1916
cql-weight1-seed1,cql,259000,11,259000,69958337284f4b1a,-11412.627929688,76763,39227,6.1365,2.4404,3.6961,34.4329,0.10734,0.9582,1.0412,1.0867
cql-weight1-seed1,cql,259000,12,259000,69958337284f4b1a,-11412.627929688,33583,82841,4.0619,2.8888,1.1731,34.4329,0.03407,0.9439,1.0125,1.0727
cql-weight1-seed1,cql,259000,13,259000,69958337284f4b1a,-11412.627929688,29838,52509,5.4797,0.8911,4.5886,34.4329,0.13326,0.8961,1.0394,1.1599
cql-weight1-seed1,cql,259000,14,259000,69958337284f4b1a,-11412.627929688,36307,14110,12.0824,-0.8138,12.8962,34.4329,0.37453,0.9405,1.193,1.2685
cql-weight1-seed1,cql,260000,0,260000,8d76dbf39d72cc35,-11443.637695312,237311,68413,23.8526,4.7153,19.1372,33.8292,0.5657,0.8448,1.1853,1.4031
cql-weight1-seed1,cql,260000,2,260000,8d76dbf39d72cc35,-11443.637695312,168808,33814,13.3358,4.2949,9.041,33.8292,0.26725,0.8909,1.0221,1.1473
cql-weight1-seed1,cql,260000,4,260000,8d76dbf39d72cc35,-11443.637695312,35214,133999,4.8433,2.0417,2.8016,33.8292,0.08282,0.8825,0.9718,1.1012
cql-weight1-seed1,cql,260000,5,260000,8d76dbf39d72cc35,-11443.637695312,40938,30344,7.9581,-0.0596,8.0178,33.8292,0.23701,0.9222,1.0942,1.1866
cql-weight1-seed1,cql,260000,6,260000,8d76dbf39d72cc35,-11443.637695312,51996,11915,11.8432,1.068,10.7752,33.8292,0.31852,0.9431,1.1355,1.2039
cql-weight1-seed1,cql,260000,7,260000,8d76dbf39d72cc35,-11443.637695312,64933,19513,11.606,3.8858,7.7202,33.8292,0.22821,0.9104,1.0828,1.1895
cql-weight1-seed1,cql,260000,11,260000,8d76dbf39d72cc35,-11443.637695312,76763,39227,6.3753,2.6388,3.7365,33.8292,0.11045,0.9587,1.0434,1.0884
cql-weight1-seed1,cql,260000,12,260000,8d76dbf39d72cc35,-11443.637695312,33583,82841,3.9824,2.6877,1.2947,33.8292,0.03827,0.9446,1.0138,1.0732
cql-weight1-seed1,cql,260000,13,260000,8d76dbf39d72cc35,-11443.637695312,29838,52509,5.4004,0.67,4.7304,33.8292,0.13983,0.8968,1.045,1.1653
cql-weight1-seed1,cql,260000,14,260000,8d76dbf39d72cc35,-11443.637695312,36307,14110,12.0547,-0.6717,12.7264,33.8292,0.3762,0.9431,1.1948,1.2668
cql-weight1-seed1,cql,261000,0,261000,5ec2d945807cc670,-11491.330078125,237311,68413,24.2461,5.3479,18.8982,33.906,0.55737,0.8438,1.1852,1.4047
cql-weight1-seed1,cql,261000,2,261000,5ec2d945807cc670,-11491.330078125,168808,33814,13.0191,4.2271,8.792,33.906,0.2593,0.8886,1.0218,1.1499
cql-weight1-seed1,cql,261000,4,261000,5ec2d945807cc670,-11491.330078125,35214,133999,4.8535,2.1467,2.7068,33.906,0.07983,0.8824,0.97,1.0992
cql-weight1-seed1,cql,261000,5,261000,5ec2d945807cc670,-11491.330078125,40938,30344,8.2217,-0.0868,8.3085,33.906,0.24504,0.9238,1.0807,1.1698
cql-weight1-seed1,cql,261000,6,261000,5ec2d945807cc670,-11491.330078125,51996,11915,12.0385,1.088,10.9505,33.906,0.32297,0.942,1.1297,1.1993
cql-weight1-seed1,cql,261000,7,261000,5ec2d945807cc670,-11491.330078125,64933,19513,11.7128,3.9003,7.8126,33.906,0.23042,0.9094,1.0788,1.1864
cql-weight1-seed1,cql,261000,11,261000,5ec2d945807cc670,-11491.330078125,76763,39227,6.0342,2.4993,3.5349,33.906,0.10425,0.9583,1.0408,1.0861
cql-weight1-seed1,cql,261000,12,261000,5ec2d945807cc670,-11491.330078125,33583,82841,3.7224,2.7078,1.0146,33.906,0.02992,0.9436,1.0126,1.0731
cql-weight1-seed1,cql,261000,13,261000,5ec2d945807cc670,-11491.330078125,29838,52509,5.3016,0.6282,4.6734,33.906,0.13783,0.8971,1.0411,1.1606
cql-weight1-seed1,cql,261000,14,261000,5ec2d945807cc670,-11491.330078125,36307,14110,11.7288,-0.7935,12.5223,33.906,0.36932,0.9415,1.1907,1.2647
cql-weight1-seed1,cql,262000,0,262000,5773a633b54405b4,-11544.130859375,237311,68413,24.1519,5.3856,18.7663,33.7203,0.55653,0.8449,1.1798,1.3964
cql-weight1-seed1,cql,262000,2,262000,5773a633b54405b4,-11544.130859375,168808,33814,13.2455,4.4713,8.7742,33.7203,0.26021,0.8896,1.0204,1.147
cql-weight1-seed1,cql,262000,4,262000,5773a633b54405b4,-11544.130859375,35214,133999,5.3173,2.2548,3.0626,33.7203,0.09082,0.8822,0.9708,1.1005
cql-weight1-seed1,cql,262000,5,262000,5773a633b54405b4,-11544.130859375,40938,30344,8.4179,-0.1028,8.5206,33.7203,0.25268,0.9206,1.0839,1.1774
cql-weight1-seed1,cql,262000,6,262000,5773a633b54405b4,-11544.130859375,51996,11915,11.9438,0.9747,10.9691,33.7203,0.3253,0.9425,1.132,1.2011
cql-weight1-seed1,cql,262000,7,262000,5773a633b54405b4,-11544.130859375,64933,19513,11.3394,3.7374,7.602,33.7203,0.22544,0.9094,1.0828,1.1907
cql-weight1-seed1,cql,262000,11,262000,5773a633b54405b4,-11544.130859375,76763,39227,6.1778,2.6123,3.5655,33.7203,0.10574,0.958,1.0402,1.0858
cql-weight1-seed1,cql,262000,12,262000,5773a633b54405b4,-11544.130859375,33583,82841,3.8769,2.695,1.1818,33.7203,0.03505,0.9425,1.0115,1.0732
cql-weight1-seed1,cql,262000,13,262000,5773a633b54405b4,-11544.130859375,29838,52509,6.0671,0.7466,5.3204,33.7203,0.15778,0.8967,1.0412,1.1611
cql-weight1-seed1,cql,262000,14,262000,5773a633b54405b4,-11544.130859375,36307,14110,12.4206,-0.8525,13.2731,33.7203,0.39362,0.9423,1.1954,1.2686
cql-weight1-seed1,cql,263000,0,263000,2a0c794822f30691,-11579.702148438,237311,68413,23.6369,5.0516,18.5853,33.5767,0.55352,0.8443,1.1812,1.399
cql-weight1-seed1,cql,263000,2,263000,2a0c794822f30691,-11579.702148438,168808,33814,12.5323,3.8724,8.66,33.5767,0.25792,0.889,1.0195,1.1468
cql-weight1-seed1,cql,263000,4,263000,2a0c794822f30691,-11579.702148438,35214,133999,4.9694,2.1564,2.813,33.5767,0.08378,0.8809,0.9708,1.1021
cql-weight1-seed1,cql,263000,5,263000,2a0c794822f30691,-11579.702148438,40938,30344,8.0261,-0.0702,8.0963,33.5767,0.24113,0.9181,1.0887,1.1858
cql-weight1-seed1,cql,263000,6,263000,2a0c794822f30691,-11579.702148438,51996,11915,11.7649,0.9756,10.7893,33.5767,0.32133,0.9416,1.135,1.2054
cql-weight1-seed1,cql,263000,7,263000,2a0c794822f30691,-11579.702148438,64933,19513,11.7001,3.6499,8.0503,33.5767,0.23976,0.9108,1.0848,1.1911
cql-weight1-seed1,cql,263000,11,263000,2a0c794822f30691,-11579.702148438,76763,39227,5.9962,2.3984,3.5979,33.5767,0.10715,0.9582,1.041,1.0864
cql-weight1-seed1,cql,263000,12,263000,2a0c794822f30691,-11579.702148438,33583,82841,3.2548,2.46,0.7948,33.5767,0.02367,0.9431,1.0115,1.0725
cql-weight1-seed1,cql,263000,13,263000,2a0c794822f30691,-11579.702148438,29838,52509,5.2368,0.7049,4.5319,33.5767,0.13497,0.8941,1.0411,1.1644
cql-weight1-seed1,cql,263000,14,263000,2a0c794822f30691,-11579.702148438,36307,14110,11.9915,-0.8718,12.8633,33.5767,0.3831,0.9396,1.1924,1.2691
cql-weight1-seed1,cql,264000,0,264000,eff8560dd2bba091,-11624.971679688,237311,68413,23.5537,4.928,18.6256,33.4035,0.5576,0.8452,1.183,1.3997
cql-weight1-seed1,cql,264000,2,264000,eff8560dd2bba091,-11624.971679688,168808,33814,12.9642,4.3401,8.6241,33.4035,0.25818,0.8901,1.0233,1.1496
cql-weight1-seed1,cql,264000,4,264000,eff8560dd2bba091,-11624.971679688,35214,133999,5.0113,2.1708,2.8405,33.4035,0.08504,0.8852,0.9727,1.0989
cql-weight1-seed1,cql,264000,5,264000,eff8560dd2bba091,-11624.971679688,40938,30344,8.1349,-0.0898,8.2248,33.4035,0.24622,0.9215,1.0911,1.1841
cql-weight1-seed1,cql,264000,6,264000,eff8560dd2bba091,-11624.971679688,51996,11915,11.6274,0.9352,10.6923,33.4035,0.32009,0.943,1.1353,1.204
cql-weight1-seed1,cql,264000,7,264000,eff8560dd2bba091,-11624.971679688,64933,19513,11.6786,3.8309,7.8478,33.4035,0.23494,0.9094,1.0806,1.1883
cql-weight1-seed1,cql,264000,11,264000,eff8560dd2bba091,-11624.971679688,76763,39227,5.9969,2.4587,3.5381,33.4035,0.10592,0.9588,1.041,1.0858
cql-weight1-seed1,cql,264000,12,264000,eff8560dd2bba091,-11624.971679688,33583,82841,3.4341,2.5724,0.8618,33.4035,0.0258,0.9438,1.0128,1.073
cql-weight1-seed1,cql,264000,13,264000,eff8560dd2bba091,-11624.971679688,29838,52509,5.0451,0.6574,4.3877,33.4035,0.13136,0.899,1.0427,1.1598
cql-weight1-seed1,cql,264000,14,264000,eff8560dd2bba091,-11624.971679688,36307,14110,11.6113,-0.9584,12.5697,33.4035,0.3763,0.9434,1.1918,1.2633
cql-weight1-seed1,cql,265000,0,265000,0d017ab32964ea40,-11662.106445312,237311,68413,23.8735,5.235,18.6384,33.5323,0.55584,0.8451,1.1819,1.3986
cql-weight1-seed1,cql,265000,2,265000,0d017ab32964ea40,-11662.106445312,168808,33814,12.9279,4.0765,8.8514,33.5323,0.26397,0.8897,1.021,1.1475
cql-weight1-seed1,cql,265000,4,265000,0d017ab32964ea40,-11662.106445312,35214,133999,4.7447,2.0832,2.6615,33.5323,0.07937,0.8841,0.9703,1.0974
cql-weight1-seed1,cql,265000,5,265000,0d017ab32964ea40,-11662.106445312,40938,30344,7.7182,-0.1397,7.8579,33.5323,0.23434,0.9206,1.0836,1.1771
cql-weight1-seed1,cql,265000,6,265000,0d017ab32964ea40,-11662.106445312,51996,11915,11.7856,0.9083,10.8773,33.5323,0.32438,0.943,1.1311,1.1995
cql-weight1-seed1,cql,265000,7,265000,0d017ab32964ea40,-11662.106445312,64933,19513,11.4163,3.718,7.6983,33.5323,0.22958,0.9119,1.0807,1.1851
cql-weight1-seed1,cql,265000,11,265000,0d017ab32964ea40,-11662.106445312,76763,39227,5.9448,2.2504,3.6944,33.5323,0.11018,0.961,1.0435,1.0859
cql-weight1-seed1,cql,265000,12,265000,0d017ab32964ea40,-11662.106445312,33583,82841,3.1912,2.3358,0.8554,33.5323,0.02551,0.9451,1.012,1.0708
cql-weight1-seed1,cql,265000,13,265000,0d017ab32964ea40,-11662.106445312,29838,52509,4.5919,0.4596,4.1322,33.5323,0.12323,0.8983,1.0406,1.1585
cql-weight1-seed1,cql,265000,14,265000,0d017ab32964ea40,-11662.106445312,36307,14110,11.2483,-0.9633,12.2116,33.5323,0.36417,0.942,1.1874,1.2605
cql-weight1-seed1,cql,266000,0,266000,935e9687cd077db0,-11708.069335938,237311,68413,23.9963,5.234,18.7623,33.7367,0.55614,0.8438,1.1826,1.4015
cql-weight1-seed1,cql,266000,2,266000,935e9687cd077db0,-11708.069335938,168808,33814,13.1558,4.454,8.7018,33.7367,0.25793,0.8885,1.0206,1.1487
cql-weight1-seed1,cql,266000,4,266000,935e9687cd077db0,-11708.069335938,35214,133999,4.6195,2.1831,2.4365,33.7367,0.07222,0.8801,0.9697,1.1018
cql-weight1-seed1,cql,266000,5,266000,935e9687cd077db0,-11708.069335938,40938,30344,8.0438,-0.0578,8.1016,33.7367,0.24014,0.9189,1.0838,1.1795
cql-weight1-seed1,cql,266000,6,266000,935e9687cd077db0,-11708.069335938,51996,11915,12.1449,1.1601,10.9848,33.7367,0.32561,0.9413,1.1321,1.2026
cql-weight1-seed1,cql,266000,7,266000,935e9687cd077db0,-11708.069335938,64933,19513,11.7326,3.7042,8.0284,33.7367,0.23797,0.9115,1.0795,1.1843
cql-weight1-seed1,cql,266000,11,266000,935e9687cd077db0,-11708.069335938,76763,39227,6.0235,2.4475,3.576,33.7367,0.106,0.9577,1.0394,1.0853
cql-weight1-seed1,cql,266000,12,266000,935e9687cd077db0,-11708.069335938,33583,82841,3.335,2.5783,0.7567,33.7367,0.02243,0.9433,1.0113,1.0722
cql-weight1-seed1,cql,266000,13,266000,935e9687cd077db0,-11708.069335938,29838,52509,4.5824,0.5628,4.0196,33.7367,0.11915,0.895,1.04,1.1621
cql-weight1-seed1,cql,266000,14,266000,935e9687cd077db0,-11708.069335938,36307,14110,11.3411,-1.0656,12.4067,33.7367,0.36775,0.9411,1.1926,1.2673
cql-weight1-seed1,cql,267000,0,267000,c6278ab3458b4745,-11754.998046875,237311,68413,23.7412,5.5762,18.165,33.4033,0.54381,0.8441,1.1791,1.3969
cql-weight1-seed1,cql,267000,2,267000,c6278ab3458b4745,-11754.998046875,168808,33814,13.2059,4.2641,8.9418,33.4033,0.26769,0.8891,1.0195,1.1467
cql-weight1-seed1,cql,267000,4,267000,c6278ab3458b4745,-11754.998046875,35214,133999,4.9476,2.0872,2.8604,33.4033,0.08563,0.8813,0.9715,1.1023
cql-weight1-seed1,cql,267000,5,267000,c6278ab3458b4745,-11754.998046875,40938,30344,7.8248,-0.2441,8.0689,33.4033,0.24156,0.9204,1.0894,1.1837
cql-weight1-seed1,cql,267000,6,267000,c6278ab3458b4745,-11754.998046875,51996,11915,11.7693,0.876,10.8933,33.4033,0.32612,0.9421,1.1307,1.2002
cql-weight1-seed1,cql,267000,7,267000,c6278ab3458b4745,-11754.998046875,64933,19513,11.5005,3.5686,7.9319,33.4033,0.23746,0.9093,1.0803,1.188
cql-weight1-seed1,cql,267000,11,267000,c6278ab3458b4745,-11754.998046875,76763,39227,6.4553,2.6541,3.8012,33.4033,0.1138,0.9601,1.0417,1.085
cql-weight1-seed1,cql,267000,12,267000,c6278ab3458b4745,-11754.998046875,33583,82841,3.8565,2.5492,1.3073,33.4033,0.03914,0.9439,1.0137,1.0739
cql-weight1-seed1,cql,267000,13,267000,c6278ab3458b4745,-11754.998046875,29838,52509,5.1955,0.4744,4.7212,33.4033,0.14134,0.8971,1.0421,1.1617
cql-weight1-seed1,cql,267000,14,267000,c6278ab3458b4745,-11754.998046875,36307,14110,11.6439,-0.9789,12.6228,33.4033,0.37789,0.9415,1.1939,1.2681
cql-weight1-seed1,cql,268000,0,268000,18b54b111a2b9c57,-11806.638671875,237311,68413,23.8338,5.1189,18.7149,34.2089,0.54708,0.8451,1.1812,1.3977
cql-weight1-seed1,cql,268000,2,268000,18b54b111a2b9c57,-11806.638671875,168808,33814,13.0543,4.4671,8.5872,34.2089,0.25102,0.8892,1.0221,1.1495
cql-weight1-seed1,cql,268000,4,268000,18b54b111a2b9c57,-11806.638671875,35214,133999,4.5341,2.1636,2.3705,34.2089,0.0693,0.8828,0.9699,1.0988
cql-weight1-seed1,cql,268000,5,268000,18b54b111a2b9c57,-11806.638671875,40938,30344,7.7814,-0.2565,8.0379,34.2089,0.23497,0.923,1.0814,1.1716
cql-weight1-seed1,cql,268000,6,268000,18b54b111a2b9c57,-11806.638671875,51996,11915,11.492,0.7825,10.7095,34.2089,0.31306,0.9429,1.1314,1.1999
cql-weight1-seed1,cql,268000,7,268000,18b54b111a2b9c57,-11806.638671875,64933,19513,11.76,3.8777,7.8823,34.2089,0.23042,0.9105,1.0796,1.1857
cql-weight1-seed1,cql,268000,11,268000,18b54b111a2b9c57,-11806.638671875,76763,39227,6.026,2.4267,3.5993,34.2089,0.10521,0.9596,1.0432,1.0871
cql-weight1-seed1,cql,268000,12,268000,18b54b111a2b9c57,-11806.638671875,33583,82841,3.1197,2.4335,0.6862,34.2089,0.02006,0.9453,1.0123,1.0708
cql-weight1-seed1,cql,268000,13,268000,18b54b111a2b9c57,-11806.638671875,29838,52509,4.5086,0.4065,4.1021,34.2089,0.11991,0.898,1.0401,1.1583
cql-weight1-seed1,cql,268000,14,268000,18b54b111a2b9c57,-11806.638671875,36307,14110,11.5427,-1.0789,12.6216,34.2089,0.36896,0.9422,1.193,1.2662
cql-weight1-seed1,cql,269000,0,269000,ec525b1267bd62e9,-11841.948242188,237311,68413,24.1008,5.2037,18.8971,33.9956,0.55587,0.8443,1.1828,1.4008
cql-weight1-seed1,cql,269000,2,269000,ec525b1267bd62e9,-11841.948242188,168808,33814,13.011,4.5001,8.5109,33.9956,0.25035,0.8895,1.0222,1.1491
cql-weight1-seed1,cql,269000,4,269000,ec525b1267bd62e9,-11841.948242188,35214,133999,4.7573,2.1119,2.6454,33.9956,0.07782,0.885,0.9706,1.0967
cql-weight1-seed1,cql,269000,5,269000,ec525b1267bd62e9,-11841.948242188,40938,30344,7.7285,-0.1827,7.9113,33.9956,0.23271,0.9252,1.082,1.1695
cql-weight1-seed1,cql,269000,6,269000,ec525b1267bd62e9,-11841.948242188,51996,11915,11.8447,1.0709,10.7738,33.9956,0.31692,0.9429,1.1329,1.2015
cql-weight1-seed1,cql,269000,7,269000,ec525b1267bd62e9,-11841.948242188,64933,19513,11.5801,3.7981,7.782,33.9956,0.22891,0.9094,1.0829,1.1907
cql-weight1-seed1,cql,269000,11,269000,ec525b1267bd62e9,-11841.948242188,76763,39227,6.1935,2.5622,3.6313,33.9956,0.10682,0.9578,1.0413,1.0871
cql-weight1-seed1,cql,269000,12,269000,ec525b1267bd62e9,-11841.948242188,33583,82841,3.9195,2.7125,1.207,33.9956,0.0355,0.9435,1.0125,1.0732
cql-weight1-seed1,cql,269000,13,269000,ec525b1267bd62e9,-11841.948242188,29838,52509,5.5204,0.6697,4.8507,33.9956,0.14269,0.8993,1.0406,1.1571
cql-weight1-seed1,cql,269000,14,269000,ec525b1267bd62e9,-11841.948242188,36307,14110,11.2919,-1.0483,12.3402,33.9956,0.36299,0.9441,1.195,1.2658
cql-weight1-seed1,cql,270000,0,270000,2e6b69eab72b5b92,-11885.543945312,237311,68413,23.4601,4.8677,18.5923,33.2732,0.55878,0.8441,1.1822,1.4005
cql-weight1-seed1,cql,270000,2,270000,2e6b69eab72b5b92,-11885.543945312,168808,33814,12.9993,4.1283,8.871,33.2732,0.26661,0.8899,1.0201,1.1463
cql-weight1-seed1,cql,270000,4,270000,2e6b69eab72b5b92,-11885.543945312,35214,133999,4.2921,2.0968,2.1953,33.2732,0.06598,0.8836,0.9713,1.0991
cql-weight1-seed1,cql,270000,5,270000,2e6b69eab72b5b92,-11885.543945312,40938,30344,7.5073,-0.1098,7.6171,33.2732,0.22892,0.9225,1.0848,1.176
cql-weight1-seed1,cql,270000,6,270000,2e6b69eab72b5b92,-11885.543945312,51996,11915,11.3932,0.6783,10.7149,33.2732,0.32203,0.943,1.1289,1.1971
cql-weight1-seed1,cql,270000,7,270000,2e6b69eab72b5b92,-11885.543945312,64933,19513,11.3054,3.5684,7.737,33.2732,0.23253,0.9101,1.0807,1.1874
cql-weight1-seed1,cql,270000,11,270000,2e6b69eab72b5b92,-11885.543945312,76763,39227,6.1039,2.5281,3.5758,33.2732,0.10747,0.9592,1.0408,1.085
cql-weight1-seed1,cql,270000,12,270000,2e6b69eab72b5b92,-11885.543945312,33583,82841,3.4553,2.5505,0.9048,33.2732,0.02719,0.9448,1.0128,1.072
cql-weight1-seed1,cql,270000,13,270000,2e6b69eab72b5b92,-11885.543945312,29838,52509,4.6194,0.5602,4.0593,33.2732,0.122,0.9019,1.0424,1.1558
cql-weight1-seed1,cql,270000,14,270000,2e6b69eab72b5b92,-11885.543945312,36307,14110,10.9459,-0.9755,11.9214,33.2732,0.35829,0.9472,1.1933,1.2598
cql-weight1-seed1,cql,271000,0,271000,fc898c543997f842,-11925.231445312,237311,68413,23.6644,5.0936,18.5708,33.1449,0.56029,0.844,1.1802,1.3983
cql-weight1-seed1,cql,271000,2,271000,fc898c543997f842,-11925.231445312,168808,33814,13.0296,4.3031,8.7265,33.1449,0.26328,0.8891,1.0202,1.1474
cql-weight1-seed1,cql,271000,4,271000,fc898c543997f842,-11925.231445312,35214,133999,4.9102,2.0279,2.8823,33.1449,0.08696,0.8819,0.9693,1.099
cql-weight1-seed1,cql,271000,5,271000,fc898c543997f842,-11925.231445312,40938,30344,7.8816,-0.2682,8.1499,33.1449,0.24589,0.921,1.0819,1.1747
cql-weight1-seed1,cql,271000,6,271000,fc898c543997f842,-11925.231445312,51996,11915,11.479,0.5802,10.8988,33.1449,0.32882,0.9419,1.1296,1.1994
cql-weight1-seed1,cql,271000,7,271000,fc898c543997f842,-11925.231445312,64933,19513,11.3803,3.6461,7.7343,33.1449,0.23335,0.9107,1.0807,1.1867
cql-weight1-seed1,cql,271000,11,271000,fc898c543997f842,-11925.231445312,76763,39227,6.3156,2.5797,3.7359,33.1449,0.11271,0.9596,1.0422,1.086
cql-weight1-seed1,cql,271000,12,271000,fc898c543997f842,-11925.231445312,33583,82841,3.6504,2.5623,1.0881,33.1449,0.03283,0.9433,1.012,1.0728
cql-weight1-seed1,cql,271000,13,271000,fc898c543997f842,-11925.231445312,29838,52509,5.1147,0.4494,4.6652,33.1449,0.14075,0.8969,1.0409,1.1606
cql-weight1-seed1,cql,271000,14,271000,fc898c543997f842,-11925.231445312,36307,14110,11.7568,-0.7859,12.5428,33.1449,0.37842,0.9432,1.1922,1.2639
cql-weight1-seed1,cql,272000,0,272000,48da03d95f9bf667,-11963.751953125,237311,68413,23.712,4.8919,18.8201,33.4033,0.56342,0.8452,1.1819,1.3984
cql-weight1-seed1,cql,272000,2,272000,48da03d95f9bf667,-11963.751953125,168808,33814,13.0544,4.2806,8.7738,33.4033,0.26266,0.8887,1.0204,1.1482
cql-weight1-seed1,cql,272000,4,272000,48da03d95f9bf667,-11963.751953125,35214,133999,4.8514,1.9891,2.8623,33.4033,0.08569,0.8842,0.9697,1.0968
cql-weight1-seed1,cql,272000,5,272000,48da03d95f9bf667,-11963.751953125,40938,30344,7.3314,-0.338,7.6694,33.4033,0.2296,0.9239,1.0813,1.1703
cql-weight1-seed1,cql,272000,6,272000,48da03d95f9bf667,-11963.751953125,51996,11915,11.4973,0.8217,10.6755,33.4033,0.3196,0.9429,1.1312,1.1998
cql-weight1-seed1,cql,272000,7,272000,48da03d95f9bf667,-11963.751953125,64933,19513,11.4295,3.7217,7.7078,33.4033,0.23075,0.9122,1.0827,1.1869
cql-weight1-seed1,cql,272000,11,272000,48da03d95f9bf667,-11963.751953125,76763,39227,6.2197,2.4677,3.752,33.4033,0.11233,0.9596,1.0422,1.086
cql-weight1-seed1,cql,272000,12,272000,48da03d95f9bf667,-11963.751953125,33583,82841,3.7906,2.5603,1.2303,33.4033,0.03683,0.9439,1.0124,1.0725
cql-weight1-seed1,cql,272000,13,272000,48da03d95f9bf667,-11963.751953125,29838,52509,4.8162,0.3531,4.4631,33.4033,0.13361,0.9008,1.0408,1.1555
cql-weight1-seed1,cql,272000,14,272000,48da03d95f9bf667,-11963.751953125,36307,14110,11.247,-1.1523,12.3992,33.4033,0.3712,0.9442,1.1917,1.2621
cql-weight1-seed1,cql,273000,0,273000,4f542f23dccb1fab,-12001.2890625,237311,68413,23.7679,4.9509,18.817,33.757,0.55743,0.8441,1.1766,1.3939
cql-weight1-seed1,cql,273000,2,273000,4f542f23dccb1fab,-12001.2890625,168808,33814,13.0611,4.3173,8.7439,33.757,0.25902,0.8894,1.0185,1.1451
cql-weight1-seed1,cql,273000,4,273000,4f542f23dccb1fab,-12001.2890625,35214,133999,4.9327,2.0878,2.845,33.757,0.08428,0.8829,0.9701,1.0988
cql-weight1-seed1,cql,273000,5,273000,4f542f23dccb1fab,-12001.2890625,40938,30344,8.2641,-0.0802,8.3443,33.757,0.24719,0.9241,1.0848,1.1739
cql-weight1-seed1,cql,273000,6,273000,4f542f23dccb1fab,-12001.2890625,51996,11915,12.2817,0.7963,11.4853,33.757,0.34024,0.9429,1.1314,1.1999
cql-weight1-seed1,cql,273000,7,273000,4f542f23dccb1fab,-12001.2890625,64933,19513,11.3823,3.412,7.9703,33.757,0.23611,0.9113,1.0825,1.1878
cql-weight1-seed1,cql,273000,11,273000,4f542f23dccb1fab,-12001.2890625,76763,39227,6.1034,2.4206,3.6828,33.757,0.1091,0.9596,1.043,1.087
cql-weight1-seed1,cql,273000,12,273000,4f542f23dccb1fab,-12001.2890625,33583,82841,3.3175,2.5633,0.7542,33.757,0.02234,0.9448,1.0133,1.0725
cql-weight1-seed1,cql,273000,13,273000,4f542f23dccb1fab,-12001.2890625,29838,52509,4.7929,0.5679,4.2249,33.757,0.12516,0.8975,1.0415,1.1605
cql-weight1-seed1,cql,273000,14,273000,4f542f23dccb1fab,-12001.2890625,36307,14110,11.5093,-0.9599,12.4693,33.757,0.36938,0.9436,1.1942,1.2656
cql-weight1-seed1,cql,274000,0,274000,33480a019e6b2860,-12036.341796875,237311,68413,23.5568,4.6515,18.9052,33.5156,0.56407,0.8443,1.1831,1.4013
cql-weight1-seed1,cql,274000,2,274000,33480a019e6b2860,-12036.341796875,168808,33814,12.9531,4.2811,8.6721,33.5156,0.25875,0.8887,1.0195,1.1471
cql-weight1-seed1,cql,274000,4,274000,33480a019e6b2860,-12036.341796875,35214,133999,4.6409,2.0579,2.583,33.5156,0.07707,0.8809,0.9697,1.1008
cql-weight1-seed1,cql,274000,5,274000,33480a019e6b2860,-12036.341796875,40938,30344,7.6611,-0.3255,7.9867,33.5156,0.2383,0.9214,1.0861,1.1788
cql-weight1-seed1,cql,274000,6,274000,33480a019e6b2860,-12036.341796875,51996,11915,11.4492,0.3241,11.125,33.5156,0.33194,0.9458,1.135,1.2001
cql-weight1-seed1,cql,274000,7,274000,33480a019e6b2860,-12036.341796875,64933,19513,11.3113,3.4526,7.8587,33.5156,0.23448,0.9116,1.0823,1.1873
cql-weight1-seed1,cql,274000,11,274000,33480a019e6b2860,-12036.341796875,76763,39227,6.1019,2.5744,3.5275,33.5156,0.10525,0.9593,1.0414,1.0856
cql-weight1-seed1,cql,274000,12,274000,33480a019e6b2860,-12036.341796875,33583,82841,3.3192,2.6275,0.6916,33.5156,0.02064,0.9448,1.0124,1.0715
cql-weight1-seed1,cql,274000,13,274000,33480a019e6b2860,-12036.341796875,29838,52509,4.7875,0.4751,4.3124,33.5156,0.12867,0.8977,1.0422,1.161
cql-weight1-seed1,cql,274000,14,274000,33480a019e6b2860,-12036.341796875,36307,14110,11.6955,-1.072,12.7675,33.5156,0.38094,0.9445,1.1983,1.2687
cql-weight1-seed1,cql,275000,0,275000,9ff8f8930d8152d3,-12070.19140625,237311,68413,23.8296,5.2022,18.6274,33.1558,0.56181,0.8441,1.1788,1.3965
cql-weight1-seed1,cql,275000,2,275000,9ff8f8930d8152d3,-12070.19140625,168808,33814,13.146,4.3897,8.7562,33.1558,0.26409,0.8897,1.0206,1.1471
cql-weight1-seed1,cql,275000,4,275000,9ff8f8930d8152d3,-12070.19140625,35214,133999,4.8324,2.3076,2.5248,33.1558,0.07615,0.8845,0.9707,1.0975
cql-weight1-seed1,cql,275000,5,275000,9ff8f8930d8152d3,-12070.19140625,40938,30344,7.7217,-0.0942,7.8159,33.1558,0.23573,0.921,1.0846,1.1776
cql-weight1-seed1,cql,275000,6,275000,9ff8f8930d8152d3,-12070.19140625,51996,11915,11.7442,1.1421,10.6021,33.1558,0.31977,0.9436,1.1318,1.1994
cql-weight1-seed1,cql,275000,7,275000,9ff8f8930d8152d3,-12070.19140625,64933,19513,11.6824,3.9426,7.7398,33.1558,0.23344,0.9112,1.0847,1.1904
cql-weight1-seed1,cql,275000,11,275000,9ff8f8930d8152d3,-12070.19140625,76763,39227,6.3935,2.6799,3.7136,33.1558,0.11201,0.9585,1.0416,1.0867
cql-weight1-seed1,cql,275000,12,275000,9ff8f8930d8152d3,-12070.19140625,33583,82841,3.487,2.7805,0.7065,33.1558,0.02131,0.9452,1.0131,1.0719
cql-weight1-seed1,cql,275000,13,275000,9ff8f8930d8152d3,-12070.19140625,29838,52509,4.3315,0.6003,3.7312,33.1558,0.11254,0.899,1.0419,1.159
cql-weight1-seed1,cql,275000,14,275000,9ff8f8930d8152d3,-12070.19140625,36307,14110,10.9969,-0.9232,11.92,33.1558,0.35952,0.9461,1.1946,1.2627
cql-weight1-seed1,cql,276000,0,276000,562bf366c7723ff3,-12110.522460938,237311,68413,23.7144,4.7106,19.0038,34.007,0.55882,0.8438,1.1825,1.4013
cql-weight1-seed1,cql,276000,2,276000,562bf366c7723ff3,-12110.522460938,168808,33814,12.8184,4.0326,8.7859,34.007,0.25835,0.8897,1.0225,1.1493
cql-weight1-seed1,cql,276000,4,276000,562bf366c7723ff3,-12110.522460938,35214,133999,4.7081,2.1085,2.5996,34.007,0.07644,0.8811,0.9701,1.101
cql-weight1-seed1,cql,276000,5,276000,562bf366c7723ff3,-12110.522460938,40938,30344,8.1674,-0.3744,8.5418,34.007,0.25118,0.9221,1.0838,1.1754
cql-weight1-seed1,cql,276000,6,276000,562bf366c7723ff3,-12110.522460938,51996,11915,11.6531,0.6748,10.9782,34.007,0.32282,0.9429,1.1326,1.2012
cql-weight1-seed1,cql,276000,7,276000,562bf366c7723ff3,-12110.522460938,64933,19513,11.4073,3.4991,7.9082,34.007,0.23255,0.9112,1.0805,1.1857
cql-weight1-seed1,cql,276000,11,276000,562bf366c7723ff3,-12110.522460938,76763,39227,6.0603,2.5231,3.5372,34.007,0.10401,0.9599,1.0419,1.0855
cql-weight1-seed1,cql,276000,12,276000,562bf366c7723ff3,-12110.522460938,33583,82841,3.5212,2.6276,0.8936,34.007,0.02628,0.9454,1.0139,1.0725
cql-weight1-seed1,cql,276000,13,276000,562bf366c7723ff3,-12110.522460938,29838,52509,4.8279,0.4332,4.3947,34.007,0.12923,0.8981,1.042,1.1603
cql-weight1-seed1,cql,276000,14,276000,562bf366c7723ff3,-12110.522460938,36307,14110,11.3388,-1.2483,12.5871,34.007,0.37013,0.945,1.1966,1.2662
cql-weight1-seed1,cql,277000,0,277000,7859679e4825e393,-12154.741210938,237311,68413,23.4738,5.165,18.3088,33.4067,0.54806,0.8445,1.1827,1.4005
cql-weight1-seed1,cql,277000,2,277000,7859679e4825e393,-12154.741210938,168808,33814,12.7211,4.1377,8.5834,33.4067,0.25694,0.8891,1.0211,1.1484
cql-weight1-seed1,cql,277000,4,277000,7859679e4825e393,-12154.741210938,35214,133999,4.8329,1.9892,2.8437,33.4067,0.08512,0.8828,0.9713,1.1002
cql-weight1-seed1,cql,277000,5,277000,7859679e4825e393,-12154.741210938,40938,30344,7.9465,-0.3077,8.2542,33.4067,0.24708,0.9208,1.0841,1.1773
cql-weight1-seed1,cql,277000,6,277000,7859679e4825e393,-12154.741210938,51996,11915,11.9041,0.8899,11.0142,33.4067,0.3297,0.9442,1.1355,1.2026
cql-weight1-seed1,cql,277000,7,277000,7859679e4825e393,-12154.741210938,64933,19513,11.6483,3.8248,7.8234,33.4067,0.23419,0.9127,1.0863,1.1902
cql-weight1-seed1,cql,277000,11,277000,7859679e4825e393,-12154.741210938,76763,39227,6.104,2.4564,3.6476,33.4067,0.10919,0.9616,1.0434,1.0851
cql-weight1-seed1,cql,277000,12,277000,7859679e4825e393,-12154.741210938,33583,82841,3.2492,2.5127,0.7366,33.4067,0.02205,0.945,1.013,1.072
cql-weight1-seed1,cql,277000,13,277000,7859679e4825e393,-12154.741210938,29838,52509,4.7054,0.3647,4.3407,33.4067,0.12994,0.8965,1.0406,1.1608
cql-weight1-seed1,cql,277000,14,277000,7859679e4825e393,-12154.741210938,36307,14110,11.3638,-1.0216,12.3854,33.4067,0.37075,0.9414,1.1902,1.2644
cql-weight1-seed1,cql,278000,0,278000,028ebf52816f937a,-12191.607421875,237311,68413,23.5874,4.9261,18.6613,33.4707,0.55754,0.8445,1.1797,1.3969
cql-weight1-seed1,cql,278000,2,278000,028ebf52816f937a,-12191.607421875,168808,33814,12.8393,4.1375,8.7018,33.4707,0.25998,0.8893,1.0188,1.1456
cql-weight1-seed1,cql,278000,4,278000,028ebf52816f937a,-12191.607421875,35214,133999,4.4745,2.0635,2.4111,33.4707,0.07203,0.8832,0.9705,1.0989
cql-weight1-seed1,cql,278000,5,278000,028ebf52816f937a,-12191.607421875,40938,30344,7.658,-0.0232,7.6812,33.4707,0.22949,0.9232,1.0832,1.1734
cql-weight1-seed1,cql,278000,6,278000,028ebf52816f937a,-12191.607421875,51996,11915,11.5219,0.8952,10.6267,33.4707,0.31749,0.9434,1.132,1.1999
cql-weight1-seed1,cql,278000,7,278000,028ebf52816f937a,-12191.607421875,64933,19513,11.1305,3.6216,7.5089,33.4707,0.22434,0.9085,1.0803,1.1891
cql-weight1-seed1,cql,278000,11,278000,028ebf52816f937a,-12191.607421875,76763,39227,6.0037,2.3293,3.6744,33.4707,0.10978,0.9587,1.0412,1.0861
cql-weight1-seed1,cql,278000,12,278000,028ebf52816f937a,-12191.607421875,33583,82841,3.5113,2.7404,0.7709,33.4707,0.02303,0.9445,1.0115,1.0709
cql-weight1-seed1,cql,278000,13,278000,028ebf52816f937a,-12191.607421875,29838,52509,4.6283,0.7235,3.9047,33.4707,0.11666,0.8997,1.0399,1.1559
cql-weight1-seed1,cql,278000,14,278000,028ebf52816f937a,-12191.607421875,36307,14110,10.9123,-1.026,11.9382,33.4707,0.35668,0.9442,1.1917,1.2621
cql-weight1-seed1,cql,279000,0,279000,f833fbba45949ca6,-12236.744140625,237311,68413,23.4154,5.1421,18.2733,32.8734,0.55587,0.8433,1.1787,1.3977
cql-weight1-seed1,cql,279000,2,279000,f833fbba45949ca6,-12236.744140625,168808,33814,12.786,4.5435,8.2425,32.8734,0.25074,0.889,1.0204,1.1479
cql-weight1-seed1,cql,279000,4,279000,f833fbba45949ca6,-12236.744140625,35214,133999,4.7922,2.0493,2.7429,32.8734,0.08344,0.8813,0.9704,1.1011
cql-weight1-seed1,cql,279000,5,279000,f833fbba45949ca6,-12236.744140625,40938,30344,7.6238,-0.4334,8.0572,32.8734,0.2451,0.9218,1.086,1.1781
cql-weight1-seed1,cql,279000,6,279000,f833fbba45949ca6,-12236.744140625,51996,11915,11.356,0.7401,10.6158,32.8734,0.32293,0.9442,1.1302,1.197
cql-weight1-seed1,cql,279000,7,279000,f833fbba45949ca6,-12236.744140625,64933,19513,11.4722,3.9065,7.5656,32.8734,0.23014,0.9093,1.0825,1.1904
cql-weight1-seed1,cql,279000,11,279000,f833fbba45949ca6,-12236.744140625,76763,39227,6.1545,2.5687,3.5858,32.8734,0.10908,0.9591,1.0412,1.0856
cql-weight1-seed1,cql,279000,12,279000,f833fbba45949ca6,-12236.744140625,33583,82841,3.333,2.5881,0.7449,32.8734,0.02266,0.9448,1.0121,1.0712
cql-weight1-seed1,cql,279000,13,279000,f833fbba45949ca6,-12236.744140625,29838,52509,4.9308,0.5208,4.41,32.8734,0.13415,0.8992,1.0407,1.1574
cql-weight1-seed1,cql,279000,14,279000,f833fbba45949ca6,-12236.744140625,36307,14110,11.379,-1.0794,12.4584,32.8734,0.37898,0.9462,1.1923,1.2601
cql-weight1-seed1,cql,280000,0,280000,887cc9e54534ddd2,-12278.6953125,237311,68413,23.8332,5.1792,18.654,33.7571,0.55259,0.8442,1.1824,1.4006
cql-weight1-seed1,cql,280000,2,280000,887cc9e54534ddd2,-12278.6953125,168808,33814,12.9425,4.2608,8.6817,33.7571,0.25718,0.8887,1.0197,1.1474
cql-weight1-seed1,cql,280000,4,280000,887cc9e54534ddd2,-12278.6953125,35214,133999,4.8073,1.9499,2.8574,33.7571,0.08464,0.8847,0.9701,1.0965
cql-weight1-seed1,cql,280000,5,280000,887cc9e54534ddd2,-12278.6953125,40938,30344,7.7153,-0.3758,8.0911,33.7571,0.23969,0.9203,1.0806,1.1743
cql-weight1-seed1,cql,280000,6,280000,887cc9e54534ddd2,-12278.6953125,51996,11915,11.4848,0.65,10.8348,33.7571,0.32096,0.9441,1.1347,1.2019
cql-weight1-seed1,cql,280000,7,280000,887cc9e54534ddd2,-12278.6953125,64933,19513,11.3431,3.5776,7.7655,33.7571,0.23004,0.9116,1.0844,1.1896
cql-weight1-seed1,cql,280000,11,280000,887cc9e54534ddd2,-12278.6953125,76763,39227,6.3603,2.611,3.7493,33.7571,0.11107,0.9583,1.0416,1.0869
cql-weight1-seed1,cql,280000,12,280000,887cc9e54534ddd2,-12278.6953125,33583,82841,3.185,2.5131,0.6719,33.7571,0.0199,0.944,1.0119,1.072
cql-weight1-seed1,cql,280000,13,280000,887cc9e54534ddd2,-12278.6953125,29838,52509,4.3575,0.2323,4.1252,33.7571,0.1222,0.8969,1.0397,1.1592
cql-weight1-seed1,cql,280000,14,280000,887cc9e54534ddd2,-12278.6953125,36307,14110,10.9168,-1.1382,12.055,33.7571,0.35711,0.9425,1.1906,1.2632
cql-weight1-seed1,cql,281000,0,281000,4ac6dd70f3faa813,-12320.228515625,237311,68413,23.7004,4.5111,19.1893,33.8842,0.56632,0.844,1.181,1.3993
cql-weight1-seed1,cql,281000,2,281000,4ac6dd70f3faa813,-12320.228515625,168808,33814,12.7079,4.1003,8.6076,33.8842,0.25403,0.8893,1.0213,1.1484
cql-weight1-seed1,cql,281000,4,281000,4ac6dd70f3faa813,-12320.228515625,35214,133999,4.6216,2.1212,2.5005,33.8842,0.07379,0.8826,0.9701,1.0991
cql-weight1-seed1,cql,281000,5,281000,4ac6dd70f3faa813,-12320.228515625,40938,30344,7.6457,-0.2807,7.9264,33.8842,0.23393,0.9195,1.0841,1.1791
cql-weight1-seed1,cql,281000,6,281000,4ac6dd70f3faa813,-12320.228515625,51996,11915,11.322,0.6258,10.6961,33.8842,0.31567,0.9423,1.1324,1.2017
cql-weight1-seed1,cql,281000,7,281000,4ac6dd70f3faa813,-12320.228515625,64933,19513,11.2476,3.4102,7.8374,33.8842,0.2313,0.9113,1.08,1.1852
cql-weight1-seed1,cql,281000,11,281000,4ac6dd70f3faa813,-12320.228515625,76763,39227,5.709,2.1932,3.5157,33.8842,0.10376,0.9605,1.0428,1.0857
cql-weight1-seed1,cql,281000,12,281000,4ac6dd70f3faa813,-12320.228515625,33583,82841,3.1562,2.5218,0.6345,33.8842,0.01872,0.9466,1.0126,1.0697
cql-weight1-seed1,cql,281000,13,281000,4ac6dd70f3faa813,-12320.228515625,29838,52509,4.3957,0.343,4.0528,33.8842,0.11961,0.8968,1.0404,1.1602
cql-weight1-seed1,cql,281000,14,281000,4ac6dd70f3faa813,-12320.228515625,36307,14110,10.9776,-1.101,12.0786,33.8842,0.35647,0.9412,1.1941,1.2687
cql-weight1-seed1,cql,282000,0,282000,0b079632c959c210,-12355.6875,237311,68413,23.29,4.4018,18.8882,33.5973,0.56219,0.8443,1.1845,1.403
cql-weight1-seed1,cql,282000,2,282000,0b079632c959c210,-12355.6875,168808,33814,12.8453,4.0598,8.7855,33.5973,0.26149,0.8886,1.0198,1.1476
cql-weight1-seed1,cql,282000,4,282000,0b079632c959c210,-12355.6875,35214,133999,4.4589,2.1322,2.3267,33.5973,0.06925,0.8835,0.97,1.0979
cql-weight1-seed1,cql,282000,5,282000,0b079632c959c210,-12355.6875,40938,30344,7.6248,-0.0692,7.6941,33.5973,0.22901,0.9216,1.0821,1.1742
cql-weight1-seed1,cql,282000,6,282000,0b079632c959c210,-12355.6875,51996,11915,11.5479,0.9487,10.5992,33.5973,0.31548,0.9421,1.1294,1.1987
cql-weight1-seed1,cql,282000,7,282000,0b079632c959c210,-12355.6875,64933,19513,11.2887,3.4288,7.8599,33.5973,0.23394,0.9113,1.0816,1.1869
cql-weight1-seed1,cql,282000,11,282000,0b079632c959c210,-12355.6875,76763,39227,5.5772,2.0874,3.4898,33.5973,0.10387,0.9588,1.0405,1.0852
cql-weight1-seed1,cql,282000,12,282000,0b079632c959c210,-12355.6875,33583,82841,2.7639,2.3008,0.463,33.5973,0.01378,0.9461,1.0127,1.0704
cql-weight1-seed1,cql,282000,13,282000,0b079632c959c210,-12355.6875,29838,52509,4.2782,0.4807,3.7975,33.5973,0.11303,0.8976,1.0412,1.16
cql-weight1-seed1,cql,282000,14,282000,0b079632c959c210,-12355.6875,36307,14110,11.2028,-0.8706,12.0734,33.5973,0.35936,0.9411,1.1889,1.2633
cql-weight1-seed1,cql,283000,0,283000,3957dc7c7edeb5c0,-12391.739257812,237311,68413,23.4436,4.8901,18.5534,33.5207,0.55349,0.844,1.1783,1.3961
cql-weight1-seed1,cql,283000,2,283000,3957dc7c7edeb5c0,-12391.739257812,168808,33814,12.8109,3.9425,8.8684,33.5207,0.26456,0.8907,1.0188,1.1438
cql-weight1-seed1,cql,283000,4,283000,3957dc7c7edeb5c0,-12391.739257812,35214,133999,4.2898,2.1025,2.1873,33.5207,0.06525,0.8834,0.9697,1.0977
cql-weight1-seed1,cql,283000,5,283000,3957dc7c7edeb5c0,-12391.739257812,40938,30344,7.4496,-0.2841,7.7336,33.5207,0.23071,0.9207,1.0815,1.1747
cql-weight1-seed1,cql,283000,6,283000,3957dc7c7edeb5c0,-12391.739257812,51996,11915,11.4489,0.7343,10.7146,33.5207,0.31964,0.9425,1.1287,1.1976
cql-weight1-seed1,cql,283000,7,283000,3957dc7c7edeb5c0,-12391.739257812,64933,19513,11.0832,3.4215,7.6616,33.5207,0.22856,0.9105,1.081,1.1873
cql-weight1-seed1,cql,283000,11,283000,3957dc7c7edeb5c0,-12391.739257812,76763,39227,5.982,2.3211,3.6609,33.5207,0.10921,0.9587,1.0409,1.0857
cql-weight1-seed1,cql,283000,12,283000,3957dc7c7edeb5c0,-12391.739257812,33583,82841,3.211,2.5631,0.6479,33.5207,0.01933,0.9453,1.0126,1.0711
cql-weight1-seed1,cql,283000,13,283000,3957dc7c7edeb5c0,-12391.739257812,29838,52509,4.3886,0.441,3.9475,33.5207,0.11776,0.8992,1.0393,1.1559
cql-weight1-seed1,cql,283000,14,283000,3957dc7c7edeb5c0,-12391.739257812,36307,14110,10.9133,-1.2324,12.1457,33.5207,0.36234,0.9434,1.1893,1.2606
cql-weight1-seed1,cql,284000,0,284000,169271e904065fd2,-12443.931640625,237311,68413,23.3392,4.4752,18.864,33.7714,0.55858,0.8434,1.1801,1.3992
cql-weight1-seed1,cql,284000,2,284000,169271e904065fd2,-12443.931640625,168808,33814,12.9142,4.2397,8.6744,33.7714,0.25686,0.8886,1.019,1.1467
cql-weight1-seed1,cql,284000,4,284000,169271e904065fd2,-12443.931640625,35214,133999,3.9721,2.093,1.8791,33.7714,0.05564,0.887,0.9696,1.0931
cql-weight1-seed1,cql,284000,5,284000,169271e904065fd2,-12443.931640625,40938,30344,7.3775,-0.305,7.6825,33.7714,0.22749,0.9239,1.0826,1.1718
cql-weight1-seed1,cql,284000,6,284000,169271e904065fd2,-12443.931640625,51996,11915,11.3501,0.4901,10.8601,33.7714,0.32158,0.944,1.1292,1.1962
cql-weight1-seed1,cql,284000,7,284000,169271e904065fd2,-12443.931640625,64933,19513,11.2803,3.4254,7.8549,33.7714,0.23259,0.9117,1.0814,1.1862
cql-weight1-seed1,cql,284000,11,284000,169271e904065fd2,-12443.931640625,76763,39227,5.9563,2.4159,3.5404,33.7714,0.10484,0.9595,1.0417,1.0856
cql-weight1-seed1,cql,284000,12,284000,169271e904065fd2,-12443.931640625,33583,82841,2.9263,2.5687,0.3577,33.7714,0.01059,0.9471,1.0131,1.0697
cql-weight1-seed1,cql,284000,13,284000,169271e904065fd2,-12443.931640625,29838,52509,4.3465,0.4973,3.8492,33.7714,0.11398,0.9011,1.0393,1.1534
cql-weight1-seed1,cql,284000,14,284000,169271e904065fd2,-12443.931640625,36307,14110,11.3958,-1.1194,12.5151,33.7714,0.37058,0.9436,1.1907,1.2619
cql-weight1-seed1,cql,285000,0,285000,87da24464ba0a61b,-12484.794921875,237311,68413,23.8417,4.9924,18.8493,34.0571,0.55346,0.8444,1.1833,1.4014
cql-weight1-seed1,cql,285000,2,285000,87da24464ba0a61b,-12484.794921875,168808,33814,12.7786,4.1418,8.6368,34.0571,0.2536,0.8894,1.0219,1.149
cql-weight1-seed1,cql,285000,4,285000,87da24464ba0a61b,-12484.794921875,35214,133999,4.0565,2.0099,2.0466,34.0571,0.06009,0.8852,0.9694,1.0951
cql-weight1-seed1,cql,285000,5,285000,87da24464ba0a61b,-12484.794921875,40938,30344,7.272,-0.4597,7.7317,34.0571,0.22702,0.9229,1.0805,1.1707
cql-weight1-seed1,cql,285000,6,285000,87da24464ba0a61b,-12484.794921875,51996,11915,11.161,0.6564,10.5045,34.0571,0.30844,0.9418,1.1293,1.1991
cql-weight1-seed1,cql,285000,7,285000,87da24464ba0a61b,-12484.794921875,64933,19513,11.1676,3.4171,7.7505,34.0571,0.22757,0.9105,1.0813,1.1876
cql-weight1-seed1,cql,285000,11,285000,87da24464ba0a61b,-12484.794921875,76763,39227,5.93,2.4801,3.4499,34.0571,0.1013,0.9585,1.0415,1.0866
cql-weight1-seed1,cql,285000,12,285000,87da24464ba0a61b,-12484.794921875,33583,82841,3.2184,2.6181,0.6004,34.0571,0.01763,0.9457,1.0132,1.0713
cql-weight1-seed1,cql,285000,13,285000,87da24464ba0a61b,-12484.794921875,29838,52509,4.3298,0.4146,3.9152,34.0571,0.11496,0.8996,1.0393,1.1553
cql-weight1-seed1,cql,285000,14,285000,87da24464ba0a61b,-12484.794921875,36307,14110,11.2748,-1.1193,12.3941,34.0571,0.36392,0.9419,1.1895,1.263
cql-weight1-seed1,cql,286000,0,286000,c920c7f4d3b21847,-12511.575195312,237311,68413,23.4528,4.3165,19.1363,34.2037,0.55948,0.8437,1.1851,1.4046
cql-weight1-seed1,cql,286000,2,286000,c920c7f4d3b21847,-12511.575195312,168808,33814,12.6058,3.976,8.6297,34.2037,0.2523,0.8886,1.0193,1.1471
cql-weight1-seed1,cql,286000,4,286000,c920c7f4d3b21847,-12511.575195312,35214,133999,4.5173,1.9122,2.6051,34.2037,0.07616,0.8821,0.9683,1.0977
cql-weight1-seed1,cql,286000,5,286000,c920c7f4d3b21847,-12511.575195312,40938,30344,7.5531,-0.5096,8.0626,34.2037,0.23572,0.9204,1.0828,1.1764
cql-weight1-seed1,cql,286000,6,286000,c920c7f4d3b21847,-12511.575195312,51996,11915,11.2759,0.3671,10.9088,34.2037,0.31894,0.9421,1.1357,1.2055
cql-weight1-seed1,cql,286000,7,286000,c920c7f4d3b21847,-12511.575195312,64933,19513,11.2133,3.2553,7.958,34.2037,0.23266,0.9104,1.0858,1.1927
cql-weight1-seed1,cql,286000,11,286000,c920c7f4d3b21847,-12511.575195312,76763,39227,5.6242,2.1147,3.5095,34.2037,0.10261,0.9581,1.0403,1.0859
cql-weight1-seed1,cql,286000,12,286000,c920c7f4d3b21847,-12511.575195312,33583,82841,3.0496,2.2559,0.7937,34.2037,0.0232,0.9433,1.0119,1.0726
cql-weight1-seed1,cql,286000,13,286000,c920c7f4d3b21847,-12511.575195312,29838,52509,4.406,0.1895,4.2165,34.2037,0.12328,0.8944,1.0399,1.1627
cql-weight1-seed1,cql,286000,14,286000,c920c7f4d3b21847,-12511.575195312,36307,14110,11.0086,-1.3679,12.3765,34.2037,0.36185,0.9404,1.1974,1.2733
cql-weight1-seed1,cql,287000,0,287000,ef9b870ac38af22f,-12544.624023438,237311,68413,22.879,3.8747,19.0044,33.3069,0.57058,0.8435,1.1794,1.3982
cql-weight1-seed1,cql,287000,2,287000,ef9b870ac38af22f,-12544.624023438,168808,33814,12.7845,3.966,8.8185,33.3069,0.26476,0.8883,1.02,1.1482
cql-weight1-seed1,cql,287000,4,287000,ef9b870ac38af22f,-12544.624023438,35214,133999,4.5251,2.0729,2.4522,33.3069,0.07362,0.8853,0.9693,1.0948
cql-weight1-seed1,cql,287000,5,287000,ef9b870ac38af22f,-12544.624023438,40938,30344,7.4792,-0.2527,7.7318,33.3069,0.23214,0.9221,1.0792,1.1703
cql-weight1-seed1,cql,287000,6,287000,ef9b870ac38af22f,-12544.624023438,51996,11915,11.0533,0.6626,10.3907,33.3069,0.31197,0.9428,1.1296,1.1981
cql-weight1-seed1,cql,287000,7,287000,ef9b870ac38af22f,-12544.624023438,64933,19513,10.9881,3.2763,7.7118,33.3069,0.23154,0.9103,1.0808,1.1873
cql-weight1-seed1,cql,287000,11,287000,ef9b870ac38af22f,-12544.624023438,76763,39227,5.8556,2.3009,3.5547,33.3069,0.10672,0.9592,1.0412,1.0854
cql-weight1-seed1,cql,287000,12,287000,ef9b870ac38af22f,-12544.624023438,33583,82841,2.9826,2.4038,0.5788,33.3069,0.01738,0.9462,1.0121,1.0696
cql-weight1-seed1,cql,287000,13,287000,ef9b870ac38af22f,-12544.624023438,29838,52509,4.2012,0.5038,3.6974,33.3069,0.11101,0.9016,1.0393,1.1528
cql-weight1-seed1,cql,287000,14,287000,ef9b870ac38af22f,-12544.624023438,36307,14110,10.5078,-1.1905,11.6983,33.3069,0.35123,0.9427,1.1886,1.2608
cql-weight1-seed1,cql,288000,0,288000,52f639bfa43488db,-12587.135742188,237311,68413,23.6809,4.5615,19.1194,33.8221,0.56529,0.8443,1.1817,1.3997
cql-weight1-seed1,cql,288000,2,288000,52f639bfa43488db,-12587.135742188,168808,33814,13.0296,4.3864,8.6432,33.8221,0.25555,0.8883,1.0192,1.1473
cql-weight1-seed1,cql,288000,4,288000,52f639bfa43488db,-12587.135742188,35214,133999,4.8257,2.0627,2.763,33.8221,0.08169,0.8834,0.969,1.0969
cql-weight1-seed1,cql,288000,5,288000,52f639bfa43488db,-12587.135742188,40938,30344,7.8243,-0.1608,7.9851,33.8221,0.23609,0.9217,1.079,1.1706
cql-weight1-seed1,cql,288000,6,288000,52f639bfa43488db,-12587.135742188,51996,11915,11.5715,0.8625,10.709,33.8221,0.31663,0.9434,1.1287,1.1964
cql-weight1-seed1,cql,288000,7,288000,52f639bfa43488db,-12587.135742188,64933,19513,11.1907,3.4605,7.7301,33.8221,0.22855,0.9114,1.0797,1.1846
cql-weight1-seed1,cql,288000,11,288000,52f639bfa43488db,-12587.135742188,76763,39227,5.6336,2.2892,3.3443,33.8221,0.09888,0.9583,1.0402,1.0854
cql-weight1-seed1,cql,288000,12,288000,52f639bfa43488db,-12587.135742188,33583,82841,3.0933,2.5044,0.5889,33.8221,0.01741,0.9454,1.0126,1.071
cql-weight1-seed1,cql,288000,13,288000,52f639bfa43488db,-12587.135742188,29838,52509,4.7829,0.5448,4.2381,33.8221,0.12531,0.8969,1.0393,1.1588
cql-weight1-seed1,cql,288000,14,288000,52f639bfa43488db,-12587.135742188,36307,14110,11.395,-1.1183,12.5133,33.8221,0.36997,0.9414,1.1883,1.2623
cql-weight1-seed1,cql,289000,0,289000,2fa7b3d6cdd1e0a6,-12620.997070312,237311,68413,23.455,4.5728,18.8822,33.3212,0.56667,0.8438,1.1765,1.3942
cql-weight1-seed1,cql,289000,2,289000,2fa7b3d6cdd1e0a6,-12620.997070312,168808,33814,12.8118,4.1681,8.6437,33.3212,0.25941,0.8891,1.0185,1.1456
cql-weight1-seed1,cql,289000,4,289000,2fa7b3d6cdd1e0a6,-12620.997070312,35214,133999,4.8573,2.0717,2.7856,33.3212,0.0836,0.882,0.9701,1.0999
cql-weight1-seed1,cql,289000,5,289000,2fa7b3d6cdd1e0a6,-12620.997070312,40938,30344,7.5743,-0.1868,7.7611,33.3212,0.23292,0.9197,1.0847,1.1794
cql-weight1-seed1,cql,289000,6,289000,2fa7b3d6cdd1e0a6,-12620.997070312,51996,11915,11.6153,0.9227,10.6927,33.3212,0.3209,0.9417,1.1309,1.2009
cql-weight1-seed1,cql,289000,7,289000,2fa7b3d6cdd1e0a6,-12620.997070312,64933,19513,11.4175,3.6245,7.7931,33.3212,0.23388,0.9105,1.0826,1.189
cql-weight1-seed1,cql,289000,11,289000,2fa7b3d6cdd1e0a6,-12620.997070312,76763,39227,6.172,2.5767,3.5953,33.3212,0.1079,0.9602,1.0433,1.0865
cql-weight1-seed1,cql,289000,12,289000,2fa7b3d6cdd1e0a6,-12620.997070312,33583,82841,3.3407,2.5793,0.7614,33.3212,0.02285,0.9451,1.0128,1.0716
cql-weight1-seed1,cql,289000,13,289000,2fa7b3d6cdd1e0a6,-12620.997070312,29838,52509,4.4794,0.5004,3.979,33.3212,0.11941,0.8963,1.0405,1.161
cql-weight1-seed1,cql,289000,14,289000,2fa7b3d6cdd1e0a6,-12620.997070312,36307,14110,11.0637,-0.9776,12.0413,33.3212,0.36137,0.9424,1.1911,1.264
cql-weight1-seed1,cql,290000,0,290000,f8f85809a5261e5e,-12656.771484375,237311,68413,23.2647,4.2408,19.0239,33.4744,0.56831,0.8441,1.181,1.3991
cql-weight1-seed1,cql,290000,2,290000,f8f85809a5261e5e,-12656.771484375,168808,33814,12.6411,4.1861,8.455,33.4744,0.25258,0.8894,1.0195,1.1463
cql-weight1-seed1,cql,290000,4,290000,f8f85809a5261e5e,-12656.771484375,35214,133999,4.3757,2.06,2.3157,33.4744,0.06918,0.8834,0.9688,1.0967
cql-weight1-seed1,cql,290000,5,290000,f8f85809a5261e5e,-12656.771484375,40938,30344,7.1979,-0.2368,7.4347,33.4744,0.2221,0.9255,1.0759,1.1626
cql-weight1-seed1,cql,290000,6,290000,f8f85809a5261e5e,-12656.771484375,51996,11915,11.5744,0.5675,11.0069,33.4744,0.32882,0.9439,1.1321,1.1994
cql-weight1-seed1,cql,290000,7,290000,f8f85809a5261e5e,-12656.771484375,64933,19513,10.9084,3.1577,7.7507,33.4744,0.23154,0.911,1.0808,1.1864
cql-weight1-seed1,cql,290000,11,290000,f8f85809a5261e5e,-12656.771484375,76763,39227,5.9148,2.5847,3.3301,33.4744,0.09948,0.9596,1.0412,1.0851
cql-weight1-seed1,cql,290000,12,290000,f8f85809a5261e5e,-12656.771484375,33583,82841,2.872,2.5078,0.3642,33.4744,0.01088,0.9465,1.0127,1.0699
cql-weight1-seed1,cql,290000,13,290000,f8f85809a5261e5e,-12656.771484375,29838,52509,4.2501,0.5546,3.6956,33.4744,0.1104,0.9005,1.0391,1.1539
cql-weight1-seed1,cql,290000,14,290000,f8f85809a5261e5e,-12656.771484375,36307,14110,11.1358,-1.0302,12.1659,33.4744,0.36344,0.9458,1.1919,1.2603
cql-weight1-seed1,cql,291000,0,291000,196dd2e0900eb849,-12686.42578125,237311,68413,23.4519,4.7126,18.7393,33.622,0.55735,0.8429,1.1765,1.3957
cql-weight1-seed1,cql,291000,2,291000,196dd2e0900eb849,-12686.42578125,168808,33814,12.5606,3.9549,8.6058,33.622,0.25596,0.8884,1.0203,1.1484
cql-weight1-seed1,cql,291000,4,291000,196dd2e0900eb849,-12686.42578125,35214,133999,4.4117,2.0969,2.3148,33.622,0.06885,0.8841,0.9688,1.0958
cql-weight1-seed1,cql,291000,5,291000,196dd2e0900eb849,-12686.42578125,40938,30344,7.2248,-0.3065,7.5314,33.622,0.224,0.9208,1.0813,1.1743
cql-weight1-seed1,cql,291000,6,291000,196dd2e0900eb849,-12686.42578125,51996,11915,11.2793,0.5172,10.7621,33.622,0.32009,0.9436,1.1308,1.1984
cql-weight1-seed1,cql,291000,7,291000,196dd2e0900eb849,-12686.42578125,64933,19513,10.991,3.5263,7.4647,33.622,0.22202,0.9102,1.0801,1.1868
cql-weight1-seed1,cql,291000,11,291000,196dd2e0900eb849,-12686.42578125,76763,39227,5.6443,2.2522,3.3921,33.622,0.10089,0.9598,1.0414,1.0849
cql-weight1-seed1,cql,291000,12,291000,196dd2e0900eb849,-12686.42578125,33583,82841,2.7637,2.3635,0.4002,33.622,0.0119,0.9466,1.0125,1.0696
cql-weight1-seed1,cql,291000,13,291000,196dd2e0900eb849,-12686.42578125,29838,52509,4.33,0.411,3.919,33.622,0.11656,0.8993,1.0389,1.1552
cql-weight1-seed1,cql,291000,14,291000,196dd2e0900eb849,-12686.42578125,36307,14110,10.8953,-1.1163,12.0115,33.622,0.35725,0.943,1.1907,1.2627
cql-weight1-seed1,cql,292000,0,292000,9a2a91821ce7d61d,-12725.002929688,237311,68413,23.2239,4.812,18.4119,33.2865,0.55313,0.8445,1.1846,1.4028
cql-weight1-seed1,cql,292000,2,292000,9a2a91821ce7d61d,-12725.002929688,168808,33814,12.677,4.0595,8.6176,33.2865,0.25889,0.8887,1.0211,1.1489
cql-weight1-seed1,cql,292000,4,292000,9a2a91821ce7d61d,-12725.002929688,35214,133999,3.7594,1.8576,1.9018,33.2865,0.05713,0.8836,0.968,1.0955
cql-weight1-seed1,cql,292000,5,292000,9a2a91821ce7d61d,-12725.002929688,40938,30344,7.5168,-0.4328,7.9497,33.2865,0.23883,0.921,1.0769,1.1692
cql-weight1-seed1,cql,292000,6,292000,9a2a91821ce7d61d,-12725.002929688,51996,11915,11.6867,0.6068,11.0798,33.2865,0.33286,0.9427,1.1333,1.2022
cql-weight1-seed1,cql,292000,7,292000,9a2a91821ce7d61d,-12725.002929688,64933,19513,11.1626,3.4495,7.7131,33.2865,0.23172,0.9118,1.0822,1.1869
cql-weight1-seed1,cql,292000,11,292000,9a2a91821ce7d61d,-12725.002929688,76763,39227,5.8165,2.4607,3.3558,33.2865,0.10082,0.9603,1.0432,1.0863
cql-weight1-seed1,cql,292000,12,292000,9a2a91821ce7d61d,-12725.002929688,33583,82841,3.1194,2.5674,0.552,33.2865,0.01658,0.9467,1.0126,1.0696
cql-weight1-seed1,cql,292000,13,292000,9a2a91821ce7d61d,-12725.002929688,29838,52509,3.9574,0.3251,3.6323,33.2865,0.10912,0.8979,1.0375,1.1555
cql-weight1-seed1,cql,292000,14,292000,9a2a91821ce7d61d,-12725.002929688,36307,14110,10.9522,-1.0907,12.0429,33.2865,0.3618,0.9421,1.1893,1.2624
cql-weight1-seed1,cql,293000,0,293000,679d88046ab1d549,-12766.721679688,237311,68413,23.2526,4.4345,18.8181,33.6037,0.56,0.844,1.1802,1.3983
cql-weight1-seed1,cql,293000,2,293000,679d88046ab1d549,-12766.721679688,168808,33814,12.6403,4.2871,8.3532,33.6037,0.24858,0.8897,1.0194,1.1458
cql-weight1-seed1,cql,293000,4,293000,679d88046ab1d549,-12766.721679688,35214,133999,3.9831,2.1299,1.8532,33.6037,0.05515,0.8865,0.9698,1.0939
cql-weight1-seed1,cql,293000,5,293000,679d88046ab1d549,-12766.721679688,40938,30344,6.6727,-0.33,7.0028,33.6037,0.20839,0.9212,1.0796,1.1719
cql-weight1-seed1,cql,293000,6,293000,679d88046ab1d549,-12766.721679688,51996,11915,10.929,0.6173,10.3118,33.6037,0.30686,0.9426,1.1317,1.2005
cql-weight1-seed1,cql,293000,7,293000,679d88046ab1d549,-12766.721679688,64933,19513,10.5814,3.3418,7.2396,33.6037,0.21544,0.9098,1.0814,1.1886
cql-weight1-seed1,cql,293000,11,293000,679d88046ab1d549,-12766.721679688,76763,39227,5.6855,2.1923,3.4931,33.6037,0.10395,0.9594,1.0409,1.085
cql-weight1-seed1,cql,293000,12,293000,679d88046ab1d549,-12766.721679688,33583,82841,2.8009,2.442,0.3589,33.6037,0.01068,0.9461,1.0122,1.0699
cql-weight1-seed1,cql,293000,13,293000,679d88046ab1d549,-12766.721679688,29838,52509,3.9171,0.4311,3.486,33.6037,0.10374,0.8981,1.0386,1.1564
cql-weight1-seed1,cql,293000,14,293000,679d88046ab1d549,-12766.721679688,36307,14110,10.7476,-1.0959,11.8435,33.6037,0.35245,0.9416,1.1882,1.2619
cql-weight1-seed1,cql,294000,0,294000,ec8a42d1c297f493,-12798.6796875,237311,68413,23.219,4.5546,18.6644,33.2627,0.56112,0.8436,1.18,1.3988
cql-weight1-seed1,cql,294000,2,294000,ec8a42d1c297f493,-12798.6796875,168808,33814,12.9124,4.126,8.7864,33.2627,0.26415,0.8882,1.0181,1.1462
cql-weight1-seed1,cql,294000,4,294000,ec8a42d1c297f493,-12798.6796875,35214,133999,4.6461,2.0555,2.5906,33.2627,0.07788,0.8842,0.97,1.0971
cql-weight1-seed1,cql,294000,5,294000,ec8a42d1c297f493,-12798.6796875,40938,30344,7.0811,-0.3555,7.4365,33.2627,0.22357,0.9241,1.0792,1.1678
cql-weight1-seed1,cql,294000,6,294000,ec8a42d1c297f493,-12798.6796875,51996,11915,11.1616,0.841,10.3206,33.2627,0.31028,0.9431,1.1281,1.1962
cql-weight1-seed1,cql,294000,7,294000,ec8a42d1c297f493,-12798.6796875,64933,19513,10.8187,3.4357,7.383,33.2627,0.22196,0.9101,1.0799,1.1866
cql-weight1-seed1,cql,294000,11,294000,ec8a42d1c297f493,-12798.6796875,76763,39227,5.869,2.3466,3.5224,33.2627,0.1059,0.9597,1.0413,1.0851
cql-weight1-seed1,cql,294000,12,294000,ec8a42d1c297f493,-12798.6796875,33583,82841,3.1853,2.4092,0.7761,33.2627,0.02333,0.9466,1.0124,1.0695
cql-weight1-seed1,cql,294000,13,294000,ec8a42d1c297f493,-12798.6796875,29838,52509,4.2531,0.3958,3.8573,33.2627,0.11596,0.9016,1.0399,1.1533
cql-weight1-seed1,cql,294000,14,294000,ec8a42d1c297f493,-12798.6796875,36307,14110,10.6874,-1.1657,11.8531,33.2627,0.35635,0.9445,1.1934,1.2636
cql-weight1-seed1,cql,295000,0,295000,c5e079d92ba2108f,-12831.484375,237311,68413,23.2954,4.1503,19.1452,33.8393,0.56577,0.8436,1.1758,1.3937
cql-weight1-seed1,cql,295000,2,295000,c5e079d92ba2108f,-12831.484375,168808,33814,12.9903,4.1827,8.8076,33.8393,0.26028,0.8891,1.0163,1.143
cql-weight1-seed1,cql,295000,4,295000,c5e079d92ba2108f,-12831.484375,35214,133999,4.8975,2.1268,2.7707,33.8393,0.08188,0.8864,0.968,1.092
cql-weight1-seed1,cql,295000,5,295000,c5e079d92ba2108f,-12831.484375,40938,30344,7.9193,-0.0601,7.9795,33.8393,0.2358,0.9235,1.0751,1.1642
cql-weight1-seed1,cql,295000,6,295000,c5e079d92ba2108f,-12831.484375,51996,11915,11.1024,0.7335,10.3689,33.8393,0.30641,0.9424,1.1277,1.1966
cql-weight1-seed1,cql,295000,7,295000,c5e079d92ba2108f,-12831.484375,64933,19513,10.7759,3.3586,7.4173,33.8393,0.21919,0.9106,1.0805,1.1865
cql-weight1-seed1,cql,295000,11,295000,c5e079d92ba2108f,-12831.484375,76763,39227,6.1837,2.5011,3.6826,33.8393,0.10883,0.9599,1.0418,1.0853
cql-weight1-seed1,cql,295000,12,295000,c5e079d92ba2108f,-12831.484375,33583,82841,3.393,2.7041,0.6889,33.8393,0.02036,0.9459,1.0117,1.0695
cql-weight1-seed1,cql,295000,13,295000,c5e079d92ba2108f,-12831.484375,29838,52509,4.76,0.623,4.1371,33.8393,0.12226,0.8967,1.0385,1.1582
cql-weight1-seed1,cql,295000,14,295000,c5e079d92ba2108f,-12831.484375,36307,14110,11.0362,-1.096,12.1322,33.8393,0.35852,0.9395,1.1888,1.2654
cql-weight1-seed1,cql,296000,0,296000,b4cfc8262576f750,-12877.26953125,237311,68413,23.4026,4.8598,18.5428,33.2921,0.55697,0.8443,1.1772,1.3942
cql-weight1-seed1,cql,296000,2,296000,b4cfc8262576f750,-12877.26953125,168808,33814,12.6009,3.9795,8.6214,33.2921,0.25896,0.889,1.0185,1.1456
cql-weight1-seed1,cql,296000,4,296000,b4cfc8262576f750,-12877.26953125,35214,133999,4.6615,1.9055,2.7561,33.2921,0.08278,0.881,0.9685,1.0994
cql-weight1-seed1,cql,296000,5,296000,b4cfc8262576f750,-12877.26953125,40938,30344,7.7577,-0.3198,8.0776,33.2921,0.24263,0.9212,1.0785,1.1707
cql-weight1-seed1,cql,296000,6,296000,b4cfc8262576f750,-12877.26953125,51996,11915,11.6818,0.9844,10.6974,33.2921,0.32132,0.9438,1.1315,1.1988
cql-weight1-seed1,cql,296000,7,296000,b4cfc8262576f750,-12877.26953125,64933,19513,10.9881,3.5311,7.4571,33.2921,0.22399,0.9101,1.0812,1.188
cql-weight1-seed1,cql,296000,11,296000,b4cfc8262576f750,-12877.26953125,76763,39227,5.4443,2.1006,3.3438,33.2921,0.10044,0.9613,1.044,1.086
cql-weight1-seed1,cql,296000,12,296000,b4cfc8262576f750,-12877.26953125,33583,82841,2.7032,2.2683,0.4349,33.2921,0.01306,0.9443,1.0114,1.0711
cql-weight1-seed1,cql,296000,13,296000,b4cfc8262576f750,-12877.26953125,29838,52509,4.4437,0.2961,4.1476,33.2921,0.12458,0.8959,1.0404,1.1613
cql-weight1-seed1,cql,296000,14,296000,b4cfc8262576f750,-12877.26953125,36307,14110,11.457,-0.9763,12.4333,33.2921,0.37346,0.9412,1.1922,1.2667
cql-weight1-seed1,cql,297000,0,297000,5fb38004c42df974,-12911.662109375,237311,68413,22.9777,3.6761,19.3016,33.4447,0.57712,0.8444,1.1845,1.4028
cql-weight1-seed1,cql,297000,2,297000,5fb38004c42df974,-12911.662109375,168808,33814,12.5779,3.8424,8.7355,33.4447,0.26119,0.8895,1.021,1.1479
cql-weight1-seed1,cql,297000,4,297000,5fb38004c42df974,-12911.662109375,35214,133999,4.1035,2.0343,2.0693,33.4447,0.06187,0.8854,0.9679,1.0933
cql-weight1-seed1,cql,297000,5,297000,5fb38004c42df974,-12911.662109375,40938,30344,7.3955,-0.2414,7.6369,33.4447,0.22835,0.9249,1.0753,1.1626
cql-weight1-seed1,cql,297000,6,297000,5fb38004c42df974,-12911.662109375,51996,11915,11.1378,0.5963,10.5416,33.4447,0.31519,0.9443,1.1287,1.1953
cql-weight1-seed1,cql,297000,7,297000,5fb38004c42df974,-12911.662109375,64933,19513,10.8814,3.2481,7.6334,33.4447,0.22824,0.9115,1.0824,1.1875
cql-weight1-seed1,cql,297000,11,297000,5fb38004c42df974,-12911.662109375,76763,39227,5.5415,2.0518,3.4897,33.4447,0.10434,0.96,1.0424,1.0858
cql-weight1-seed1,cql,297000,12,297000,5fb38004c42df974,-12911.662109375,33583,82841,2.8287,2.3991,0.4296,33.4447,0.01285,0.9456,1.0122,1.0705
cql-weight1-seed1,cql,297000,13,297000,5fb38004c42df974,-12911.662109375,29838,52509,3.7022,0.4065,3.2958,33.4447,0.09854,0.9011,1.0378,1.1516
cql-weight1-seed1,cql,297000,14,297000,5fb38004c42df974,-12911.662109375,36307,14110,10.6936,-1.1243,11.8179,33.4447,0.35336,0.9458,1.1868,1.2548
cql-weight1-seed1,cql,298000,0,298000,85d3a0d1f80349b9,-12945.982421875,237311,68413,23.221,4.8018,18.4192,33.3173,0.55284,0.8432,1.1794,1.3987
cql-weight1-seed1,cql,298000,2,298000,85d3a0d1f80349b9,-12945.982421875,168808,33814,12.6791,4.137,8.5421,33.3173,0.25639,0.8887,1.0192,1.1468
cql-weight1-seed1,cql,298000,4,298000,85d3a0d1f80349b9,-12945.982421875,35214,133999,3.8319,2.0409,1.7911,33.3173,0.05376,0.8833,0.9675,1.0953
cql-weight1-seed1,cql,298000,5,298000,85d3a0d1f80349b9,-12945.982421875,40938,30344,7.1337,-0.3725,7.5061,33.3173,0.22529,0.9206,1.0763,1.1691
cql-weight1-seed1,cql,298000,6,298000,85d3a0d1f80349b9,-12945.982421875,51996,11915,11.1637,0.7537,10.4099,33.3173,0.31245,0.9417,1.1267,1.1964
cql-weight1-seed1,cql,298000,7,298000,85d3a0d1f80349b9,-12945.982421875,64933,19513,11.0135,3.3563,7.6572,33.3173,0.22983,0.91,1.0806,1.1875
cql-weight1-seed1,cql,298000,11,298000,85d3a0d1f80349b9,-12945.982421875,76763,39227,5.6349,2.322,3.3128,33.3173,0.09943,0.9608,1.0427,1.0853
cql-weight1-seed1,cql,298000,12,298000,85d3a0d1f80349b9,-12945.982421875,33583,82841,2.425,2.2337,0.1913,33.3173,0.00574,0.9466,1.0118,1.0688
cql-weight1-seed1,cql,298000,13,298000,85d3a0d1f80349b9,-12945.982421875,29838,52509,3.8058,0.3994,3.4064,33.3173,0.10224,0.8987,1.0368,1.1537
cql-weight1-seed1,cql,298000,14,298000,85d3a0d1f80349b9,-12945.982421875,36307,14110,10.8878,-1.1183,12.0061,33.3173,0.36036,0.9436,1.1888,1.2599
cql-weight1-seed1,cql,299000,0,299000,ac4ef887a4c11caa,-12989.012695312,237311,68413,23.3772,4.5838,18.7934,33.7429,0.55696,0.8435,1.1769,1.3952
cql-weight1-seed1,cql,299000,2,299000,ac4ef887a4c11caa,-12989.012695312,168808,33814,12.5246,4.0667,8.458,33.7429,0.25066,0.8878,1.017,1.1455
cql-weight1-seed1,cql,299000,4,299000,ac4ef887a4c11caa,-12989.012695312,35214,133999,4.2,2.1147,2.0853,33.7429,0.0618,0.8844,0.9684,1.0949
cql-weight1-seed1,cql,299000,5,299000,ac4ef887a4c11caa,-12989.012695312,40938,30344,7.2816,-0.0655,7.3471,33.7429,0.21774,0.9231,1.0772,1.167
cql-weight1-seed1,cql,299000,6,299000,ac4ef887a4c11caa,-12989.012695312,51996,11915,10.8216,0.5381,10.2835,33.7429,0.30476,0.9413,1.1273,1.1976
cql-weight1-seed1,cql,299000,7,299000,ac4ef887a4c11caa,-12989.012695312,64933,19513,11.0395,3.3954,7.6441,33.7429,0.22654,0.9111,1.0818,1.1874
cql-weight1-seed1,cql,299000,11,299000,ac4ef887a4c11caa,-12989.012695312,76763,39227,5.4096,2.1019,3.3077,33.7429,0.09803,0.9584,1.0409,1.0862
cql-weight1-seed1,cql,299000,12,299000,ac4ef887a4c11caa,-12989.012695312,33583,82841,2.5817,2.2699,0.3119,33.7429,0.00924,0.9458,1.0115,1.0695
cql-weight1-seed1,cql,299000,13,299000,ac4ef887a4c11caa,-12989.012695312,29838,52509,4.3042,0.618,3.6862,33.7429,0.10924,0.8975,1.0378,1.1563
cql-weight1-seed1,cql,299000,14,299000,ac4ef887a4c11caa,-12989.012695312,36307,14110,11.0537,-0.9631,12.0168,33.7429,0.35613,0.9409,1.1856,1.26
cql-weight1-seed1,cql,300000,0,300000,a291a2a0f1e7a689,-13026.44921875,237311,68413,23.4573,4.9315,18.5258,33.2928,0.55645,0.8435,1.1824,1.4017
cql-weight1-seed1,cql,300000,2,300000,a291a2a0f1e7a689,-13026.44921875,168808,33814,12.6694,4.0211,8.6483,33.2928,0.25977,0.8893,1.0203,1.1473
cql-weight1-seed1,cql,300000,4,300000,a291a2a0f1e7a689,-13026.44921875,35214,133999,4.704,2.028,2.676,33.2928,0.08038,0.884,0.9688,1.0959
cql-weight1-seed1,cql,300000,5,300000,a291a2a0f1e7a689,-13026.44921875,40938,30344,7.2816,-0.3001,7.5817,33.2928,0.22773,0.9224,1.0779,1.1686
cql-weight1-seed1,cql,300000,6,300000,a291a2a0f1e7a689,-13026.44921875,51996,11915,10.9477,0.501,10.4468,33.2928,0.31378,0.9421,1.1321,1.2017
cql-weight1-seed1,cql,300000,7,300000,a291a2a0f1e7a689,-13026.44921875,64933,19513,10.657,3.4265,7.2306,33.2928,0.21718,0.9104,1.0835,1.1901
cql-weight1-seed1,cql,300000,11,300000,a291a2a0f1e7a689,-13026.44921875,76763,39227,5.4971,2.1435,3.3536,33.2928,0.10073,0.959,1.0412,1.0857
cql-weight1-seed1,cql,300000,12,300000,a291a2a0f1e7a689,-13026.44921875,33583,82841,2.7357,2.3648,0.3709,33.2928,0.01114,0.9457,1.0119,1.07
cql-weight1-seed1,cql,300000,13,300000,a291a2a0f1e7a689,-13026.44921875,29838,52509,4.0354,0.4488,3.5866,33.2928,0.10773,0.8984,1.0383,1.1558
cql-weight1-seed1,cql,300000,14,300000,a291a2a0f1e7a689,-13026.44921875,36307,14110,10.589,-1.1239,11.7129,33.2928,0.35181,0.9428,1.1914,1.2636
