run,algo,step,bin,checkpoint_global_step,critic_checksum,first_layer_sum,n_surv,n_fail,Q_surv,Q_fail,Delta,span,Delta_hat,d_surv,d_fail,d_ratio
cql-seed1,cql,1000,0,1000,e86776a15f1d795d,-37.172233582,237311,68413,21.1755,13.5446,7.6309,74.6625,0.10221,1.1104,1.3882,1.2502
cql-seed1,cql,1000,2,1000,e86776a15f1d795d,-37.172233582,168808,33814,26.3833,18.3059,8.0773,74.6625,0.10818,1.2195,1.2905,1.0582
cql-seed1,cql,1000,4,1000,e86776a15f1d795d,-37.172233582,35214,133999,-16.4616,6.3825,-22.8442,74.6625,-0.30597,1.3236,1.3003,0.9824
cql-seed1,cql,1000,5,1000,e86776a15f1d795d,-37.172233582,40938,30344,-15.5971,-1.323,-14.2741,74.6625,-0.19118,1.3748,1.4189,1.0321
cql-seed1,cql,1000,6,1000,e86776a15f1d795d,-37.172233582,51996,11915,-0.7539,-2.8919,2.1379,74.6625,0.02863,1.3034,1.4275,1.0953
cql-seed1,cql,1000,7,1000,e86776a15f1d795d,-37.172233582,64933,19513,-12.6631,-7.6914,-4.9717,74.6625,-0.06659,1.2604,1.341,1.064
cql-seed1,cql,1000,11,1000,e86776a15f1d795d,-37.172233582,76763,39227,3.9674,1.7158,2.2516,74.6625,0.03016,1.3759,1.4267,1.0369
cql-seed1,cql,1000,12,1000,e86776a15f1d795d,-37.172233582,33583,82841,-2.2569,6.4416,-8.6985,74.6625,-0.1165,1.341,1.3386,0.9983
cql-seed1,cql,1000,13,1000,e86776a15f1d795d,-37.172233582,29838,52509,-26.2993,1.5368,-27.8361,74.6625,-0.37283,1.3804,1.3561,0.9825
cql-seed1,cql,1000,14,1000,e86776a15f1d795d,-37.172233582,36307,14110,-27.9812,-15.579,-12.4022,74.6625,-0.16611,1.3916,1.5714,1.1292
cql-seed1,cql,2000,0,2000,effe9d695da927e0,-77.534416199,237311,68413,48.7466,14.6121,34.1345,73.6798,0.46328,0.9744,1.3517,1.3871
cql-seed1,cql,2000,2,2000,effe9d695da927e0,-77.534416199,168808,33814,41.6471,17.0164,24.6306,73.6798,0.33429,1.0415,1.2023,1.1544
cql-seed1,cql,2000,4,2000,effe9d695da927e0,-77.534416199,35214,133999,33.3952,13.826,19.5691,73.6798,0.2656,1.1525,1.2302,1.0674
cql-seed1,cql,2000,5,2000,effe9d695da927e0,-77.534416199,40938,30344,26.576,4.1357,22.4403,73.6798,0.30456,1.1951,1.3594,1.1374
cql-seed1,cql,2000,6,2000,effe9d695da927e0,-77.534416199,51996,11915,23.5335,9.0487,14.4847,73.6798,0.19659,1.2224,1.4254,1.1661
cql-seed1,cql,2000,7,2000,effe9d695da927e0,-77.534416199,64933,19513,24.005,12.4614,11.5436,73.6798,0.15667,1.1854,1.3545,1.1426
cql-seed1,cql,2000,11,2000,effe9d695da927e0,-77.534416199,76763,39227,28.8509,16.5429,12.308,73.6798,0.16705,1.2067,1.3012,1.0784
cql-seed1,cql,2000,12,2000,effe9d695da927e0,-77.534416199,33583,82841,29.0716,17.737,11.3346,73.6798,0.15384,1.1698,1.2371,1.0576
cql-seed1,cql,2000,13,2000,effe9d695da927e0,-77.534416199,29838,52509,29.9842,7.7788,22.2054,73.6798,0.30138,1.1752,1.2683,1.0792
cql-seed1,cql,2000,14,2000,effe9d695da927e0,-77.534416199,36307,14110,30.7082,-1.2852,31.9933,73.6798,0.43422,1.2537,1.4981,1.195
cql-seed1,cql,3000,0,3000,9c63a5f23d99e2f1,-140.28326416,237311,68413,49.2286,3.8106,45.418,85.8097,0.52929,0.9173,1.3336,1.4537
cql-seed1,cql,3000,2,3000,9c63a5f23d99e2f1,-140.28326416,168808,33814,40.1576,14.2179,25.9397,85.8097,0.30229,0.9635,1.1337,1.1767
cql-seed1,cql,3000,4,3000,9c63a5f23d99e2f1,-140.28326416,35214,133999,36.2968,11.8728,24.4241,85.8097,0.28463,1.0411,1.1167,1.0727
cql-seed1,cql,3000,5,3000,9c63a5f23d99e2f1,-140.28326416,40938,30344,36.0123,6.6418,29.3705,85.8097,0.34227,1.1164,1.2503,1.12
cql-seed1,cql,3000,6,3000,9c63a5f23d99e2f1,-140.28326416,51996,11915,35.0815,14.8021,20.2794,85.8097,0.23633,1.1088,1.3426,1.2108
cql-seed1,cql,3000,7,3000,9c63a5f23d99e2f1,-140.28326416,64933,19513,33.4188,15.6728,17.746,85.8097,0.20681,1.0914,1.303,1.1938
cql-seed1,cql,3000,11,3000,9c63a5f23d99e2f1,-140.28326416,76763,39227,29.5222,13.0686,16.4536,85.8097,0.19174,1.1298,1.2515,1.1077
cql-seed1,cql,3000,12,3000,9c63a5f23d99e2f1,-140.28326416,33583,82841,32.2977,17.6027,14.695,85.8097,0.17125,1.0772,1.1639,1.0805
cql-seed1,cql,3000,13,3000,9c63a5f23d99e2f1,-140.28326416,29838,52509,35.581,8.2962,27.2848,85.8097,0.31797,1.08,1.1888,1.1007
cql-seed1,cql,3000,14,3000,9c63a5f23d99e2f1,-140.28326416,36307,14110,36.2907,8.049,28.2418,85.8097,0.32912,1.1486,1.3565,1.181
cql-seed1,cql,4000,0,4000,b611e544613e352c,-164.340438843,237311,68413,50.4623,4.4981,45.9642,75.8148,0.60627,0.8799,1.2954,1.4721
cql-seed1,cql,4000,2,4000,b611e544613e352c,-164.340438843,168808,33814,43.1771,15.4981,27.679,75.8148,0.36509,0.9331,1.0967,1.1754
cql-seed1,cql,4000,4,4000,b611e544613e352c,-164.340438843,35214,133999,34.7646,9.6385,25.1261,75.8148,0.33141,1.0001,1.0861,1.086
cql-seed1,cql,4000,5,4000,b611e544613e352c,-164.340438843,40938,30344,33.0376,3.9716,29.066,75.8148,0.38338,1.0779,1.2275,1.1388
cql-seed1,cql,4000,6,4000,b611e544613e352c,-164.340438843,51996,11915,31.2696,8.0351,23.2345,75.8148,0.30646,1.0556,1.2635,1.197
cql-seed1,cql,4000,7,4000,b611e544613e352c,-164.340438843,64933,19513,28.7628,10.9998,17.763,75.8148,0.23429,1.0133,1.217,1.2011
cql-seed1,cql,4000,11,4000,b611e544613e352c,-164.340438843,76763,39227,26.7763,10.9649,15.8114,75.8148,0.20855,1.0526,1.1537,1.0961
cql-seed1,cql,4000,12,4000,b611e544613e352c,-164.340438843,33583,82841,29.4377,14.2302,15.2076,75.8148,0.20059,1.0349,1.1249,1.087
cql-seed1,cql,4000,13,4000,b611e544613e352c,-164.340438843,29838,52509,34.0743,6.4419,27.6324,75.8148,0.36447,1.0473,1.1618,1.1094
cql-seed1,cql,4000,14,4000,b611e544613e352c,-164.340438843,36307,14110,33.8555,5.07,28.7855,75.8148,0.37968,1.0894,1.3379,1.228
cql-seed1,cql,5000,0,5000,c7c30590be4ce7dd,-196.041992188,237311,68413,59.1823,10.4046,48.7777,81.1587,0.60102,0.8737,1.2838,1.4694
cql-seed1,cql,5000,2,5000,c7c30590be4ce7dd,-196.041992188,168808,33814,46.5807,17.7919,28.7888,81.1587,0.35472,0.9166,1.0839,1.1825
cql-seed1,cql,5000,4,5000,c7c30590be4ce7dd,-196.041992188,35214,133999,33.8951,10.5064,23.3888,81.1587,0.28819,0.9439,1.0251,1.0859
cql-seed1,cql,5000,5,5000,c7c30590be4ce7dd,-196.041992188,40938,30344,33.3795,4.3571,29.0224,81.1587,0.3576,1.0054,1.1625,1.1563
cql-seed1,cql,5000,6,5000,c7c30590be4ce7dd,-196.041992188,51996,11915,32.2623,8.7838,23.4786,81.1587,0.28929,1.003,1.2257,1.2221
cql-seed1,cql,5000,7,5000,c7c30590be4ce7dd,-196.041992188,64933,19513,29.326,13.2844,16.0417,81.1587,0.19766,0.9763,1.1723,1.2007
cql-seed1,cql,5000,11,5000,c7c30590be4ce7dd,-196.041992188,76763,39227,27.8525,12.2362,15.6164,81.1587,0.19242,1.021,1.1203,1.0973
cql-seed1,cql,5000,12,5000,c7c30590be4ce7dd,-196.041992188,33583,82841,28.8305,14.8561,13.9744,81.1587,0.17219,0.9882,1.0653,1.078
cql-seed1,cql,5000,13,5000,c7c30590be4ce7dd,-196.041992188,29838,52509,33.8904,6.8427,27.0476,81.1587,0.33327,0.983,1.1052,1.1243
cql-seed1,cql,5000,14,5000,c7c30590be4ce7dd,-196.041992188,36307,14110,35.0161,4.3809,30.6353,81.1587,0.37747,1.029,1.2889,1.2525
cql-seed1,cql,6000,0,6000,31ca4cb2a9fb4852,-231.985321045,237311,68413,66.7747,15.2696,51.5051,92.3651,0.55763,0.8636,1.2706,1.4713
cql-seed1,cql,6000,2,6000,31ca4cb2a9fb4852,-231.985321045,168808,33814,47.7328,18.4203,29.3125,92.3651,0.31735,0.9133,1.0872,1.1904
cql-seed1,cql,6000,4,6000,31ca4cb2a9fb4852,-231.985321045,35214,133999,34.2856,10.2903,23.9953,92.3651,0.25979,0.9476,1.0363,1.0937
cql-seed1,cql,6000,5,6000,31ca4cb2a9fb4852,-231.985321045,40938,30344,33.5673,4.0652,29.5021,92.3651,0.31941,1.0027,1.1601,1.157
cql-seed1,cql,6000,6,6000,31ca4cb2a9fb4852,-231.985321045,51996,11915,33.3603,8.822,24.5383,92.3651,0.26567,1.0001,1.2126,1.2125
cql-seed1,cql,6000,7,6000,31ca4cb2a9fb4852,-231.985321045,64933,19513,33.0282,14.434,18.5942,92.3651,0.20131,0.9727,1.1566,1.1891
cql-seed1,cql,6000,11,6000,31ca4cb2a9fb4852,-231.985321045,76763,39227,30.1952,12.0385,18.1567,92.3651,0.19657,1.0159,1.1156,1.0981
cql-seed1,cql,6000,12,6000,31ca4cb2a9fb4852,-231.985321045,33583,82841,31.0921,15.3022,15.7899,92.3651,0.17095,0.9916,1.0724,1.0814
cql-seed1,cql,6000,13,6000,31ca4cb2a9fb4852,-231.985321045,29838,52509,34.6322,6.8478,27.7844,92.3651,0.30081,0.9796,1.1045,1.1275
cql-seed1,cql,6000,14,6000,31ca4cb2a9fb4852,-231.985321045,36307,14110,36.1044,5.0531,31.0513,92.3651,0.33618,1.0219,1.2714,1.2442
cql-seed1,cql,7000,0,7000,ddc31daf92f79544,-267.014984131,237311,68413,67.6333,15.0815,52.5518,94.5851,0.5556,0.8597,1.2585,1.4639
cql-seed1,cql,7000,2,7000,ddc31daf92f79544,-267.014984131,168808,33814,47.4775,17.8839,29.5936,94.5851,0.31288,0.9063,1.0707,1.1814
cql-seed1,cql,7000,4,7000,ddc31daf92f79544,-267.014984131,35214,133999,35.8091,11.2742,24.5349,94.5851,0.2594,0.9357,1.0265,1.0971
cql-seed1,cql,7000,5,7000,ddc31daf92f79544,-267.014984131,40938,30344,35.2721,5.0371,30.235,94.5851,0.31966,0.9988,1.1551,1.1565
cql-seed1,cql,7000,6,7000,ddc31daf92f79544,-267.014984131,51996,11915,35.585,10.5546,25.0304,94.5851,0.26463,0.9888,1.1881,1.2016
cql-seed1,cql,7000,7,7000,ddc31daf92f79544,-267.014984131,64933,19513,33.9339,15.5249,18.4089,94.5851,0.19463,0.9551,1.1389,1.1924
cql-seed1,cql,7000,11,7000,ddc31daf92f79544,-267.014984131,76763,39227,31.6596,13.3196,18.34,94.5851,0.1939,1.0079,1.0993,1.0907
cql-seed1,cql,7000,12,7000,ddc31daf92f79544,-267.014984131,33583,82841,32.802,16.841,15.961,94.5851,0.16875,0.9734,1.0573,1.0862
cql-seed1,cql,7000,13,7000,ddc31daf92f79544,-267.014984131,29838,52509,35.9678,7.903,28.0648,94.5851,0.29672,0.9724,1.1054,1.1368
cql-seed1,cql,7000,14,7000,ddc31daf92f79544,-267.014984131,36307,14110,39.1135,7.0515,32.062,94.5851,0.33898,1.0206,1.2622,1.2368
cql-seed1,cql,8000,0,8000,62503cbe59b58d0d,-304.49710083,237311,68413,68.4254,17.4412,50.9841,93.3424,0.54621,0.8593,1.2583,1.4643
cql-seed1,cql,8000,2,8000,62503cbe59b58d0d,-304.49710083,168808,33814,46.44,16.4245,30.0154,93.3424,0.32156,0.9017,1.0667,1.183
cql-seed1,cql,8000,4,8000,62503cbe59b58d0d,-304.49710083,35214,133999,38.4479,12.4843,25.9636,93.3424,0.27815,0.9165,1.0109,1.1031
cql-seed1,cql,8000,5,8000,62503cbe59b58d0d,-304.49710083,40938,30344,39.1005,6.6329,32.4676,93.3424,0.34783,0.9772,1.1446,1.1713
cql-seed1,cql,8000,6,8000,62503cbe59b58d0d,-304.49710083,51996,11915,36.1666,11.1262,25.0404,93.3424,0.26826,0.9804,1.1797,1.2033
cql-seed1,cql,8000,7,8000,62503cbe59b58d0d,-304.49710083,64933,19513,34.0425,15.1977,18.8448,93.3424,0.20189,0.9464,1.1345,1.1987
cql-seed1,cql,8000,11,8000,62503cbe59b58d0d,-304.49710083,76763,39227,32.4614,13.5558,18.9056,93.3424,0.20254,0.9876,1.0829,1.0965
cql-seed1,cql,8000,12,8000,62503cbe59b58d0d,-304.49710083,33583,82841,34.0723,17.3272,16.7451,93.3424,0.17939,0.9629,1.045,1.0853
cql-seed1,cql,8000,13,8000,62503cbe59b58d0d,-304.49710083,29838,52509,39.0413,9.2457,29.7956,93.3424,0.31921,0.9501,1.083,1.1399
cql-seed1,cql,8000,14,8000,62503cbe59b58d0d,-304.49710083,36307,14110,41.3473,8.2513,33.096,93.3424,0.35457,0.9964,1.2464,1.2508
cql-seed1,cql,9000,0,9000,539c10a2389443a3,-335.519287109,237311,68413,68.7256,16.4865,52.2391,92.136,0.56698,0.8654,1.2538,1.4487
cql-seed1,cql,9000,2,9000,539c10a2389443a3,-335.519287109,168808,33814,46.3758,16.8838,29.492,92.136,0.32009,0.9078,1.0666,1.1749
cql-seed1,cql,9000,4,9000,539c10a2389443a3,-335.519287109,35214,133999,36.5633,11.8725,24.6908,92.136,0.26798,0.9187,1.0087,1.098
cql-seed1,cql,9000,5,9000,539c10a2389443a3,-335.519287109,40938,30344,36.648,6.7028,29.9453,92.136,0.32501,0.9853,1.1412,1.1583
cql-seed1,cql,9000,6,9000,539c10a2389443a3,-335.519287109,51996,11915,36.2894,10.63,25.6594,92.136,0.27849,0.9769,1.174,1.2019
cql-seed1,cql,9000,7,9000,539c10a2389443a3,-335.519287109,64933,19513,34.623,15.9766,18.6464,92.136,0.20238,0.9454,1.1384,1.2042
cql-seed1,cql,9000,11,9000,539c10a2389443a3,-335.519287109,76763,39227,32.7599,14.8214,17.9385,92.136,0.1947,0.9829,1.0807,1.0995
cql-seed1,cql,9000,12,9000,539c10a2389443a3,-335.519287109,33583,82841,32.3324,16.8751,15.4572,92.136,0.16777,0.9627,1.0449,1.0853
cql-seed1,cql,9000,13,9000,539c10a2389443a3,-335.519287109,29838,52509,35.9228,8.862,27.0607,92.136,0.2937,0.9542,1.0822,1.1341
cql-seed1,cql,9000,14,9000,539c10a2389443a3,-335.519287109,36307,14110,40.0617,8.9417,31.1201,92.136,0.33776,0.9965,1.2507,1.2552
cql-seed1,cql,10000,0,10000,c9b7f247f318daac,-362.094146729,237311,68413,65.3466,17.0588,48.2879,85.0172,0.56798,0.8571,1.2417,1.4488
cql-seed1,cql,10000,2,10000,c9b7f247f318daac,-362.094146729,168808,33814,45.5367,17.4556,28.0811,85.0172,0.3303,0.9022,1.0672,1.1828
cql-seed1,cql,10000,4,10000,c9b7f247f318daac,-362.094146729,35214,133999,32.5035,10.6911,21.8123,85.0172,0.25656,0.9125,1.0045,1.1008
cql-seed1,cql,10000,5,10000,c9b7f247f318daac,-362.094146729,40938,30344,34.8823,5.5534,29.3288,85.0172,0.34498,0.9748,1.1311,1.1603
cql-seed1,cql,10000,6,10000,c9b7f247f318daac,-362.094146729,51996,11915,35.5792,10.1819,25.3973,85.0172,0.29873,0.9743,1.1769,1.208
cql-seed1,cql,10000,7,10000,c9b7f247f318daac,-362.094146729,64933,19513,34.8051,16.4017,18.4034,85.0172,0.21647,0.9429,1.1261,1.1943
cql-seed1,cql,10000,11,10000,c9b7f247f318daac,-362.094146729,76763,39227,31.3815,13.8885,17.493,85.0172,0.20576,0.9897,1.0829,1.0942
cql-seed1,cql,10000,12,10000,c9b7f247f318daac,-362.094146729,33583,82841,30.9046,15.8491,15.0555,85.0172,0.17709,0.9646,1.0452,1.0835
cql-seed1,cql,10000,13,10000,c9b7f247f318daac,-362.094146729,29838,52509,34.822,7.7562,27.0658,85.0172,0.31836,0.9424,1.0771,1.1429
cql-seed1,cql,10000,14,10000,c9b7f247f318daac,-362.094146729,36307,14110,39.4403,7.6099,31.8304,85.0172,0.3744,0.9919,1.2444,1.2545
cql-seed1,cql,11000,0,11000,a5b59fe967b216a2,-390.782775879,237311,68413,63.8778,16.4122,47.4657,83.6255,0.5676,0.8619,1.2411,1.4399
cql-seed1,cql,11000,2,11000,a5b59fe967b216a2,-390.782775879,168808,33814,42.7209,14.9824,27.7385,83.6255,0.3317,0.9032,1.063,1.1769
cql-seed1,cql,11000,4,11000,a5b59fe967b216a2,-390.782775879,35214,133999,32.087,9.9346,22.1524,83.6255,0.2649,0.9102,1.0016,1.1004
cql-seed1,cql,11000,5,11000,a5b59fe967b216a2,-390.782775879,40938,30344,32.7344,3.8891,28.8453,83.6255,0.34493,0.964,1.1192,1.1609
cql-seed1,cql,11000,6,11000,a5b59fe967b216a2,-390.782775879,51996,11915,34.9302,7.7499,27.1803,83.6255,0.32502,0.9688,1.1589,1.1963
cql-seed1,cql,11000,7,11000,a5b59fe967b216a2,-390.782775879,64933,19513,33.8797,15.3068,18.5729,83.6255,0.2221,0.9463,1.1379,1.2026
cql-seed1,cql,11000,11,11000,a5b59fe967b216a2,-390.782775879,76763,39227,29.98,13.1554,16.8246,83.6255,0.20119,0.9917,1.0853,1.0944
cql-seed1,cql,11000,12,11000,a5b59fe967b216a2,-390.782775879,33583,82841,29.4037,15.3458,14.058,83.6255,0.16811,0.9594,1.0403,1.0843
cql-seed1,cql,11000,13,11000,a5b59fe967b216a2,-390.782775879,29838,52509,35.0329,7.3863,27.6466,83.6255,0.3306,0.939,1.0703,1.1398
cql-seed1,cql,11000,14,11000,a5b59fe967b216a2,-390.782775879,36307,14110,40.1312,5.8467,34.2845,83.6255,0.40998,0.9845,1.22,1.2392
cql-seed1,cql,12000,0,12000,fec86c253a6e1e44,-411.25680542,237311,68413,63.0783,15.9739,47.1044,82.6276,0.57008,0.853,1.2288,1.4406
cql-seed1,cql,12000,2,12000,fec86c253a6e1e44,-411.25680542,168808,33814,41.4973,14.2931,27.2042,82.6276,0.32924,0.9029,1.0579,1.1717
cql-seed1,cql,12000,4,12000,fec86c253a6e1e44,-411.25680542,35214,133999,31.1405,10.4839,20.6566,82.6276,0.25,0.909,1.001,1.1012
cql-seed1,cql,12000,5,12000,fec86c253a6e1e44,-411.25680542,40938,30344,32.3539,5.1673,27.1866,82.6276,0.32903,0.9581,1.1205,1.1695
cql-seed1,cql,12000,6,12000,fec86c253a6e1e44,-411.25680542,51996,11915,33.5853,8.7944,24.7909,82.6276,0.30003,0.9649,1.1559,1.198
cql-seed1,cql,12000,7,12000,fec86c253a6e1e44,-411.25680542,64933,19513,33.1457,15.1913,17.9543,82.6276,0.21729,0.935,1.1133,1.1907
cql-seed1,cql,12000,11,12000,fec86c253a6e1e44,-411.25680542,76763,39227,28.7226,12.2264,16.4962,82.6276,0.19964,0.9798,1.0709,1.0929
cql-seed1,cql,12000,12,12000,fec86c253a6e1e44,-411.25680542,33583,82841,29.2882,14.757,14.5312,82.6276,0.17586,0.9541,1.0347,1.0845
cql-seed1,cql,12000,13,12000,fec86c253a6e1e44,-411.25680542,29838,52509,32.7783,7.6971,25.0811,82.6276,0.30354,0.9336,1.0693,1.1453
cql-seed1,cql,12000,14,12000,fec86c253a6e1e44,-411.25680542,36307,14110,37.7971,7.2547,30.5424,82.6276,0.36964,0.9831,1.221,1.242
cql-seed1,cql,13000,0,13000,36b7ec4de7109b1b,-438.227539062,237311,68413,61.3381,16.1679,45.1702,79.673,0.56695,0.8601,1.2284,1.4282
cql-seed1,cql,13000,2,13000,36b7ec4de7109b1b,-438.227539062,168808,33814,41.493,14.9523,26.5407,79.673,0.33312,0.8997,1.0513,1.1685
cql-seed1,cql,13000,4,13000,36b7ec4de7109b1b,-438.227539062,35214,133999,31.9988,9.8003,22.1985,79.673,0.27862,0.9139,1.0018,1.0962
cql-seed1,cql,13000,5,13000,36b7ec4de7109b1b,-438.227539062,40938,30344,33.2705,4.8247,28.4458,79.673,0.35703,0.9697,1.1228,1.1579
cql-seed1,cql,13000,6,13000,36b7ec4de7109b1b,-438.227539062,51996,11915,33.7524,8.2628,25.4896,79.673,0.31993,0.9679,1.1589,1.1974
cql-seed1,cql,13000,7,13000,36b7ec4de7109b1b,-438.227539062,64933,19513,31.6937,13.8435,17.8502,79.673,0.22404,0.9373,1.11,1.1843
cql-seed1,cql,13000,11,13000,36b7ec4de7109b1b,-438.227539062,76763,39227,28.1297,11.8104,16.3193,79.673,0.20483,0.9796,1.0694,1.0918
cql-seed1,cql,13000,12,13000,36b7ec4de7109b1b,-438.227539062,33583,82841,28.2649,14.3474,13.9176,79.673,0.17468,0.9573,1.035,1.0811
cql-seed1,cql,13000,13,13000,36b7ec4de7109b1b,-438.227539062,29838,52509,33.3632,7.5169,25.8463,79.673,0.3244,0.9414,1.0737,1.1405
cql-seed1,cql,13000,14,13000,36b7ec4de7109b1b,-438.227539062,36307,14110,38.3653,7.0219,31.3434,79.673,0.3934,0.9908,1.2385,1.2499
cql-seed1,cql,14000,0,14000,f1d93ec79adb808e,-460.024627686,237311,68413,60.0524,15.8897,44.1627,77.4049,0.57054,0.8509,1.2174,1.4308
cql-seed1,cql,14000,2,14000,f1d93ec79adb808e,-460.024627686,168808,33814,40.8651,13.9844,26.8807,77.4049,0.34727,0.8966,1.0514,1.1727
cql-seed1,cql,14000,4,14000,f1d93ec79adb808e,-460.024627686,35214,133999,29.09,8.9495,20.1404,77.4049,0.2602,0.903,0.9909,1.0973
cql-seed1,cql,14000,5,14000,f1d93ec79adb808e,-460.024627686,40938,30344,33.2905,4.7688,28.5218,77.4049,0.36848,0.9582,1.1181,1.1668
cql-seed1,cql,14000,6,14000,f1d93ec79adb808e,-460.024627686,51996,11915,33.9768,9.4101,24.5667,77.4049,0.31738,0.9654,1.1536,1.1949
cql-seed1,cql,14000,7,14000,f1d93ec79adb808e,-460.024627686,64933,19513,32.4394,13.9903,18.4491,77.4049,0.23835,0.9326,1.1032,1.1829
cql-seed1,cql,14000,11,14000,f1d93ec79adb808e,-460.024627686,76763,39227,28.3788,12.3336,16.0452,77.4049,0.20729,0.9779,1.0654,1.0895
cql-seed1,cql,14000,12,14000,f1d93ec79adb808e,-460.024627686,33583,82841,28.0741,14.3893,13.6848,77.4049,0.1768,0.9535,1.0301,1.0804
cql-seed1,cql,14000,13,14000,f1d93ec79adb808e,-460.024627686,29838,52509,31.9369,7.1528,24.7841,77.4049,0.32019,0.9311,1.0633,1.1421
cql-seed1,cql,14000,14,14000,f1d93ec79adb808e,-460.024627686,36307,14110,38.3707,7.654,30.7166,77.4049,0.39683,0.9791,1.2267,1.2528
cql-seed1,cql,15000,0,15000,376b395be66febca,-485.796569824,237311,68413,59.9014,16.4521,43.4494,77.5678,0.56015,0.8513,1.2138,1.4258
cql-seed1,cql,15000,2,15000,376b395be66febca,-485.796569824,168808,33814,40.5066,14.5729,25.9338,77.5678,0.33434,0.8952,1.0466,1.1692
cql-seed1,cql,15000,4,15000,376b395be66febca,-485.796569824,35214,133999,29.6293,9.2209,20.4084,77.5678,0.2631,0.9045,0.9945,1.0995
cql-seed1,cql,15000,5,15000,376b395be66febca,-485.796569824,40938,30344,31.6232,4.5304,27.0928,77.5678,0.34928,0.9525,1.119,1.1747
cql-seed1,cql,15000,6,15000,376b395be66febca,-485.796569824,51996,11915,33.5744,8.0534,25.521,77.5678,0.32902,0.9617,1.1526,1.1985
cql-seed1,cql,15000,7,15000,376b395be66febca,-485.796569824,64933,19513,32.4209,13.4521,18.9688,77.5678,0.24454,0.9294,1.1023,1.186
cql-seed1,cql,15000,11,15000,376b395be66febca,-485.796569824,76763,39227,29.529,13.2097,16.3193,77.5678,0.21039,0.9755,1.0623,1.089
cql-seed1,cql,15000,12,15000,376b395be66febca,-485.796569824,33583,82841,28.5036,14.3823,14.1213,77.5678,0.18205,0.9571,1.0341,1.0805
cql-seed1,cql,15000,13,15000,376b395be66febca,-485.796569824,29838,52509,31.3704,7.2343,24.1362,77.5678,0.31116,0.9262,1.0665,1.1515
cql-seed1,cql,15000,14,15000,376b395be66febca,-485.796569824,36307,14110,37.6042,6.5727,31.0316,77.5678,0.40006,0.9689,1.2158,1.2549
cql-seed1,cql,16000,0,16000,64d586a14caf9d52,-511.700408936,237311,68413,58.5842,14.6235,43.9607,76.015,0.57832,0.8509,1.2057,1.417
cql-seed1,cql,16000,2,16000,64d586a14caf9d52,-511.700408936,168808,33814,39.985,13.7462,26.2388,76.015,0.34518,0.8997,1.0452,1.1618
cql-seed1,cql,16000,4,16000,64d586a14caf9d52,-511.700408936,35214,133999,29.5021,9.5253,19.9769,76.015,0.2628,0.9018,0.9949,1.1032
cql-seed1,cql,16000,5,16000,64d586a14caf9d52,-511.700408936,40938,30344,30.175,3.9334,26.2415,76.015,0.34522,0.9474,1.1084,1.1699
cql-seed1,cql,16000,6,16000,64d586a14caf9d52,-511.700408936,51996,11915,33.0014,8.0103,24.9911,76.015,0.32877,0.9585,1.1497,1.1994
cql-seed1,cql,16000,7,16000,64d586a14caf9d52,-511.700408936,64933,19513,32.1037,12.6956,19.4081,76.015,0.25532,0.9255,1.1028,1.1916
cql-seed1,cql,16000,11,16000,64d586a14caf9d52,-511.700408936,76763,39227,27.9543,12.3647,15.5895,76.015,0.20508,0.9746,1.0628,1.0905
cql-seed1,cql,16000,12,16000,64d586a14caf9d52,-511.700408936,33583,82841,26.8836,13.5906,13.293,76.015,0.17487,0.9492,1.0284,1.0834
cql-seed1,cql,16000,13,16000,64d586a14caf9d52,-511.700408936,29838,52509,30.6151,7.0484,23.5666,76.015,0.31003,0.9215,1.0594,1.1497
cql-seed1,cql,16000,14,16000,64d586a14caf9d52,-511.700408936,36307,14110,36.1259,6.0713,30.0546,76.015,0.39538,0.9699,1.2102,1.2478
cql-seed1,cql,17000,0,17000,b1d31d4321ddddc1,-525.683898926,237311,68413,57.4134,12.5138,44.8996,76.2553,0.58881,0.8545,1.2019,1.4065
cql-seed1,cql,17000,2,17000,b1d31d4321ddddc1,-525.683898926,168808,33814,38.3708,12.3327,26.0381,76.2553,0.34146,0.9028,1.0469,1.1596
cql-seed1,cql,17000,4,17000,b1d31d4321ddddc1,-525.683898926,35214,133999,27.8573,9.3979,18.4593,76.2553,0.24207,0.9002,0.993,1.1031
cql-seed1,cql,17000,5,17000,b1d31d4321ddddc1,-525.683898926,40938,30344,31.236,4.54,26.696,76.2553,0.35009,0.9535,1.11,1.1641
cql-seed1,cql,17000,6,17000,b1d31d4321ddddc1,-525.683898926,51996,11915,32.3774,7.7782,24.5993,76.2553,0.32259,0.9604,1.1477,1.195
cql-seed1,cql,17000,7,17000,b1d31d4321ddddc1,-525.683898926,64933,19513,29.9969,11.6519,18.345,76.2553,0.24057,0.9275,1.1041,1.1904
cql-seed1,cql,17000,11,17000,b1d31d4321ddddc1,-525.683898926,76763,39227,27.412,11.4859,15.9261,76.2553,0.20885,0.9697,1.0569,1.09
cql-seed1,cql,17000,12,17000,b1d31d4321ddddc1,-525.683898926,33583,82841,26.6401,13.9603,12.6798,76.2553,0.16628,0.9499,1.0302,1.0846
cql-seed1,cql,17000,13,17000,b1d31d4321ddddc1,-525.683898926,29838,52509,30.639,7.2374,23.4016,76.2553,0.30689,0.9238,1.06,1.1474
cql-seed1,cql,17000,14,17000,b1d31d4321ddddc1,-525.683898926,36307,14110,37.3259,6.2882,31.0377,76.2553,0.40702,0.9707,1.2101,1.2467
cql-seed1,cql,18000,0,18000,166c258ed3bd1300,-552.338256836,237311,68413,57.0948,11.8379,45.2569,76.0187,0.59534,0.8491,1.1987,1.4116
cql-seed1,cql,18000,2,18000,166c258ed3bd1300,-552.338256836,168808,33814,38.6784,13.1671,25.5113,76.0187,0.33559,0.8963,1.0401,1.1603
cql-seed1,cql,18000,4,18000,166c258ed3bd1300,-552.338256836,35214,133999,28.3807,9.8784,18.5023,76.0187,0.24339,0.9005,0.9953,1.1052
cql-seed1,cql,18000,5,18000,166c258ed3bd1300,-552.338256836,40938,30344,31.7405,5.2986,26.442,76.0187,0.34784,0.9468,1.1173,1.1801
cql-seed1,cql,18000,6,18000,166c258ed3bd1300,-552.338256836,51996,11915,32.6098,7.466,25.1438,76.0187,0.33076,0.9608,1.1507,1.1976
cql-seed1,cql,18000,7,18000,166c258ed3bd1300,-552.338256836,64933,19513,30.6996,12.0902,18.6094,76.0187,0.2448,0.9249,1.096,1.1851
cql-seed1,cql,18000,11,18000,166c258ed3bd1300,-552.338256836,76763,39227,27.0183,11.3722,15.6462,76.0187,0.20582,0.972,1.0566,1.0871
cql-seed1,cql,18000,12,18000,166c258ed3bd1300,-552.338256836,33583,82841,26.541,13.7493,12.7917,76.0187,0.16827,0.9543,1.0294,1.0788
cql-seed1,cql,18000,13,18000,166c258ed3bd1300,-552.338256836,29838,52509,29.9214,7.1813,22.7401,76.0187,0.29914,0.9175,1.064,1.1597
cql-seed1,cql,18000,14,18000,166c258ed3bd1300,-552.338256836,36307,14110,36.122,6.8174,29.3046,76.0187,0.38549,0.9632,1.2138,1.2602
cql-seed1,cql,19000,0,19000,8b9e8c1611c7da2f,-577.110229492,237311,68413,56.9624,12.9923,43.97,76.0308,0.57832,0.8486,1.1932,1.406
cql-seed1,cql,19000,2,19000,8b9e8c1611c7da2f,-577.110229492,168808,33814,38.3107,12.2515,26.0593,76.0308,0.34275,0.8953,1.0385,1.1599
cql-seed1,cql,19000,4,19000,8b9e8c1611c7da2f,-577.110229492,35214,133999,29.7701,9.909,19.861,76.0308,0.26122,0.8958,0.9864,1.1012
cql-seed1,cql,19000,5,19000,8b9e8c1611c7da2f,-577.110229492,40938,30344,31.6097,5.3338,26.2759,76.0308,0.3456,0.9443,1.1032,1.1682
cql-seed1,cql,19000,6,19000,8b9e8c1611c7da2f,-577.110229492,51996,11915,33.4486,8.2264,25.2222,76.0308,0.33174,0.9532,1.1352,1.1909
cql-seed1,cql,19000,7,19000,8b9e8c1611c7da2f,-577.110229492,64933,19513,30.5675,12.1154,18.4521,76.0308,0.24269,0.9192,1.09,1.1858
cql-seed1,cql,19000,11,19000,8b9e8c1611c7da2f,-577.110229492,76763,39227,26.1691,10.7336,15.4355,76.0308,0.20302,0.9669,1.0518,1.0877
cql-seed1,cql,19000,12,19000,8b9e8c1611c7da2f,-577.110229492,33583,82841,27.1654,14.2881,12.8773,76.0308,0.16937,0.9466,1.0244,1.0822
cql-seed1,cql,19000,13,19000,8b9e8c1611c7da2f,-577.110229492,29838,52509,31.302,7.7019,23.6001,76.0308,0.3104,0.9182,1.0552,1.1493
cql-seed1,cql,19000,14,19000,8b9e8c1611c7da2f,-577.110229492,36307,14110,36.6778,6.9133,29.7644,76.0308,0.39148,0.9631,1.2017,1.2477
cql-seed1,cql,20000,0,20000,f83414193a8c8680,-600.228942871,237311,68413,56.0554,11.0445,45.0109,75.1019,0.59933,0.8481,1.1924,1.406
cql-seed1,cql,20000,2,20000,f83414193a8c8680,-600.228942871,168808,33814,37.2619,12.7611,24.5008,75.1019,0.32623,0.8942,1.0377,1.1604
cql-seed1,cql,20000,4,20000,f83414193a8c8680,-600.228942871,35214,133999,26.804,9.2589,17.5451,75.1019,0.23362,0.897,0.9858,1.0989
cql-seed1,cql,20000,5,20000,f83414193a8c8680,-600.228942871,40938,30344,29.3574,4.4973,24.8601,75.1019,0.33102,0.9407,1.1021,1.1715
cql-seed1,cql,20000,6,20000,f83414193a8c8680,-600.228942871,51996,11915,31.362,7.4854,23.8767,75.1019,0.31792,0.9538,1.1394,1.1946
cql-seed1,cql,20000,7,20000,f83414193a8c8680,-600.228942871,64933,19513,30.4552,12.4946,17.9605,75.1019,0.23915,0.9263,1.1039,1.1917
cql-seed1,cql,20000,11,20000,f83414193a8c8680,-600.228942871,76763,39227,25.8836,11.2976,14.586,75.1019,0.19422,0.9739,1.0574,1.0857
cql-seed1,cql,20000,12,20000,f83414193a8c8680,-600.228942871,33583,82841,24.0581,12.8418,11.2163,75.1019,0.14935,0.9472,1.0283,1.0856
cql-seed1,cql,20000,13,20000,f83414193a8c8680,-600.228942871,29838,52509,27.6208,6.6099,21.0109,75.1019,0.27976,0.9143,1.053,1.1517
cql-seed1,cql,20000,14,20000,f83414193a8c8680,-600.228942871,36307,14110,34.0991,4.8796,29.2195,75.1019,0.38906,0.959,1.2011,1.2524
cql-seed1,cql,21000,0,21000,db78f3d103677b75,-625.265014648,237311,68413,55.4444,10.9832,44.4612,73.7476,0.60288,0.8446,1.1844,1.4024
cql-seed1,cql,21000,2,21000,db78f3d103677b75,-625.265014648,168808,33814,37.1428,11.6415,25.5013,73.7476,0.34579,0.8956,1.0388,1.1598
cql-seed1,cql,21000,4,21000,db78f3d103677b75,-625.265014648,35214,133999,26.6933,9.1736,17.5197,73.7476,0.23756,0.8881,0.9849,1.109
cql-seed1,cql,21000,5,21000,db78f3d103677b75,-625.265014648,40938,30344,29.4972,4.3365,25.1607,73.7476,0.34117,0.931,1.0981,1.1795
cql-seed1,cql,21000,6,21000,db78f3d103677b75,-625.265014648,51996,11915,31.6901,7.506,24.184,73.7476,0.32793,0.9477,1.1326,1.1952
cql-seed1,cql,21000,7,21000,db78f3d103677b75,-625.265014648,64933,19513,30.2332,12.0542,18.179,73.7476,0.2465,0.9167,1.0899,1.1889
cql-seed1,cql,21000,11,21000,db78f3d103677b75,-625.265014648,76763,39227,24.4095,10.4996,13.9099,73.7476,0.18862,0.9668,1.052,1.0882
cql-seed1,cql,21000,12,21000,db78f3d103677b75,-625.265014648,33583,82841,23.6253,12.4579,11.1673,73.7476,0.15143,0.9462,1.0255,1.0838
cql-seed1,cql,21000,13,21000,db78f3d103677b75,-625.265014648,29838,52509,27.4024,6.3711,21.0313,73.7476,0.28518,0.9064,1.0502,1.1587
cql-seed1,cql,21000,14,21000,db78f3d103677b75,-625.265014648,36307,14110,34.6936,5.031,29.6626,73.7476,0.40222,0.9526,1.1965,1.256
cql-seed1,cql,22000,0,22000,b3ed908209a82349,-653.592651367,237311,68413,54.8042,11.3801,43.4241,73.08,0.5942,0.8484,1.1853,1.3972
cql-seed1,cql,22000,2,22000,b3ed908209a82349,-653.592651367,168808,33814,36.2919,11.569,24.7228,73.08,0.3383,0.8932,1.0287,1.1518
cql-seed1,cql,22000,4,22000,b3ed908209a82349,-653.592651367,35214,133999,25.2968,8.7111,16.5857,73.08,0.22695,0.8937,0.9875,1.105
cql-seed1,cql,22000,5,22000,b3ed908209a82349,-653.592651367,40938,30344,29.5913,4.087,25.5043,73.08,0.34899,0.943,1.1066,1.1735
cql-seed1,cql,22000,6,22000,b3ed908209a82349,-653.592651367,51996,11915,30.3977,6.5849,23.8128,73.08,0.32584,0.9534,1.1391,1.1948
cql-seed1,cql,22000,7,22000,b3ed908209a82349,-653.592651367,64933,19513,29.1341,10.5982,18.5359,73.08,0.25364,0.9243,1.0904,1.1798
cql-seed1,cql,22000,11,22000,b3ed908209a82349,-653.592651367,76763,39227,24.6248,10.0759,14.5489,73.08,0.19908,0.9694,1.0539,1.0872
cql-seed1,cql,22000,12,22000,b3ed908209a82349,-653.592651367,33583,82841,24.5105,12.4954,12.0151,73.08,0.16441,0.9451,1.0232,1.0827
cql-seed1,cql,22000,13,22000,b3ed908209a82349,-653.592651367,29838,52509,27.8824,6.3498,21.5326,73.08,0.29464,0.9131,1.0553,1.1558
cql-seed1,cql,22000,14,22000,b3ed908209a82349,-653.592651367,36307,14110,34.6364,5.4316,29.2048,73.08,0.39963,0.9575,1.2002,1.2535
cql-seed1,cql,23000,0,23000,92853dca2260cc80,-677.32220459,237311,68413,53.8249,10.3897,43.4352,72.058,0.60278,0.8478,1.1807,1.3928
cql-seed1,cql,23000,2,23000,92853dca2260cc80,-677.32220459,168808,33814,36.3571,11.8908,24.4663,72.058,0.33954,0.8951,1.033,1.1541
cql-seed1,cql,23000,4,23000,92853dca2260cc80,-677.32220459,35214,133999,25.41,8.7193,16.6908,72.058,0.23163,0.8882,0.9855,1.1095
cql-seed1,cql,23000,5,23000,92853dca2260cc80,-677.32220459,40938,30344,29.0388,3.9099,25.1289,72.058,0.34873,0.9338,1.0992,1.1771
cql-seed1,cql,23000,6,23000,92853dca2260cc80,-677.32220459,51996,11915,30.6591,6.316,24.3432,72.058,0.33783,0.948,1.1291,1.191
cql-seed1,cql,23000,7,23000,92853dca2260cc80,-677.32220459,64933,19513,29.1224,11.2363,17.8861,72.058,0.24822,0.9175,1.0876,1.1854
cql-seed1,cql,23000,11,23000,92853dca2260cc80,-677.32220459,76763,39227,25.103,10.5108,14.5922,72.058,0.20251,0.9627,1.0461,1.0866
cql-seed1,cql,23000,12,23000,92853dca2260cc80,-677.32220459,33583,82841,22.8696,11.9885,10.8811,72.058,0.151,0.9463,1.0267,1.085
cql-seed1,cql,23000,13,23000,92853dca2260cc80,-677.32220459,29838,52509,26.5946,5.6866,20.908,72.058,0.29016,0.9131,1.0533,1.1536
cql-seed1,cql,23000,14,23000,92853dca2260cc80,-677.32220459,36307,14110,34.0947,4.5812,29.5135,72.058,0.40958,0.9559,1.1961,1.2513
cql-seed1,cql,24000,0,24000,6b33018b99430d5e,-700.154602051,237311,68413,52.9984,9.3778,43.6206,72.1592,0.60451,0.8465,1.1812,1.3954
cql-seed1,cql,24000,2,24000,6b33018b99430d5e,-700.154602051,168808,33814,35.583,11.2773,24.3058,72.1592,0.33684,0.8933,1.0298,1.1529
cql-seed1,cql,24000,4,24000,6b33018b99430d5e,-700.154602051,35214,133999,24.7004,8.1492,16.5513,72.1592,0.22937,0.8947,0.9862,1.1023
cql-seed1,cql,24000,5,24000,6b33018b99430d5e,-700.154602051,40938,30344,27.5124,3.1965,24.316,72.1592,0.33698,0.941,1.1022,1.1713
cql-seed1,cql,24000,6,24000,6b33018b99430d5e,-700.154602051,51996,11915,28.7941,4.9841,23.81,72.1592,0.32997,0.9507,1.1283,1.1869
cql-seed1,cql,24000,7,24000,6b33018b99430d5e,-700.154602051,64933,19513,28.3682,9.7652,18.603,72.1592,0.2578,0.9168,1.083,1.1812
cql-seed1,cql,24000,11,24000,6b33018b99430d5e,-700.154602051,76763,39227,24.5013,9.9966,14.5047,72.1592,0.20101,0.9627,1.0459,1.0864
cql-seed1,cql,24000,12,24000,6b33018b99430d5e,-700.154602051,33583,82841,22.9223,11.9236,10.9987,72.1592,0.15242,0.9444,1.0218,1.082
cql-seed1,cql,24000,13,24000,6b33018b99430d5e,-700.154602051,29838,52509,26.1855,5.8758,20.3097,72.1592,0.28146,0.9141,1.0515,1.1503
cql-seed1,cql,24000,14,24000,6b33018b99430d5e,-700.154602051,36307,14110,33.5021,4.0495,29.4526,72.1592,0.40816,0.9595,1.202,1.2527
cql-seed1,cql,25000,0,25000,514ca98bb1168da8,-727.536010742,237311,68413,53.1765,9.0312,44.1454,72.9368,0.60526,0.848,1.178,1.3892
cql-seed1,cql,25000,2,25000,514ca98bb1168da8,-727.536010742,168808,33814,34.4249,9.6546,24.7703,72.9368,0.33961,0.8923,1.0263,1.1502
cql-seed1,cql,25000,4,25000,514ca98bb1168da8,-727.536010742,35214,133999,24.5258,8.4043,16.1215,72.9368,0.22103,0.8846,0.9798,1.1076
cql-seed1,cql,25000,5,25000,514ca98bb1168da8,-727.536010742,40938,30344,28.0802,3.7282,24.352,72.9368,0.33388,0.9274,1.0959,1.1817
cql-seed1,cql,25000,6,25000,514ca98bb1168da8,-727.536010742,51996,11915,29.9317,5.6193,24.3124,72.9368,0.33334,0.9505,1.1349,1.194
cql-seed1,cql,25000,7,25000,514ca98bb1168da8,-727.536010742,64933,19513,27.8204,9.9985,17.8219,72.9368,0.24435,0.9213,1.0858,1.1786
cql-seed1,cql,25000,11,25000,514ca98bb1168da8,-727.536010742,76763,39227,24.0686,9.7641,14.3045,72.9368,0.19612,0.9653,1.0475,1.0852
cql-seed1,cql,25000,12,25000,514ca98bb1168da8,-727.536010742,33583,82841,21.9803,11.584,10.3963,72.9368,0.14254,0.9426,1.0192,1.0812
cql-seed1,cql,25000,13,25000,514ca98bb1168da8,-727.536010742,29838,52509,26.3509,5.7903,20.5606,72.9368,0.2819,0.9023,1.0476,1.161
cql-seed1,cql,25000,14,25000,514ca98bb1168da8,-727.536010742,36307,14110,33.6237,4.6328,28.9909,72.9368,0.39748,0.9497,1.1968,1.2602
cql-seed1,cql,26000,0,26000,1094cfa3cbe097c7,-754.202758789,237311,68413,52.7181,8.043,44.6751,72.3608,0.61739,0.849,1.1742,1.383
cql-seed1,cql,26000,2,26000,1094cfa3cbe097c7,-754.202758789,168808,33814,35.0216,10.3099,24.7117,72.3608,0.34151,0.8955,1.0222,1.1414
cql-seed1,cql,26000,4,26000,1094cfa3cbe097c7,-754.202758789,35214,133999,23.801,8.2134,15.5876,72.3608,0.21541,0.8901,0.9855,1.1073
cql-seed1,cql,26000,5,26000,1094cfa3cbe097c7,-754.202758789,40938,30344,27.8828,3.5882,24.2946,72.3608,0.33574,0.9327,1.1018,1.1813
cql-seed1,cql,26000,6,26000,1094cfa3cbe097c7,-754.202758789,51996,11915,30.1848,6.1714,24.0134,72.3608,0.33186,0.9503,1.1304,1.1895
cql-seed1,cql,26000,7,26000,1094cfa3cbe097c7,-754.202758789,64933,19513,28.0985,9.9305,18.168,72.3608,0.25107,0.9182,1.0874,1.1843
cql-seed1,cql,26000,11,26000,1094cfa3cbe097c7,-754.202758789,76763,39227,23.9426,10.1406,13.802,72.3608,0.19074,0.9626,1.0432,1.0837
cql-seed1,cql,26000,12,26000,1094cfa3cbe097c7,-754.202758789,33583,82841,22.6119,11.2859,11.3259,72.3608,0.15652,0.9419,1.0198,1.0827
cql-seed1,cql,26000,13,26000,1094cfa3cbe097c7,-754.202758789,29838,52509,25.894,5.7398,20.1542,72.3608,0.27852,0.9056,1.0512,1.1608
cql-seed1,cql,26000,14,26000,1094cfa3cbe097c7,-754.202758789,36307,14110,33.4729,4.5755,28.8975,72.3608,0.39935,0.9552,1.2001,1.2565
cql-seed1,cql,27000,0,27000,8db1915f444f16a8,-784.360778809,237311,68413,51.5029,6.8773,44.6256,71.5699,0.62352,0.8467,1.1733,1.3857
cql-seed1,cql,27000,2,27000,8db1915f444f16a8,-784.360778809,168808,33814,34.0688,10.4461,23.6227,71.5699,0.33006,0.8924,1.0247,1.1483
cql-seed1,cql,27000,4,27000,8db1915f444f16a8,-784.360778809,35214,133999,22.9489,7.8099,15.139,71.5699,0.21153,0.8825,0.9782,1.1085
cql-seed1,cql,27000,5,27000,8db1915f444f16a8,-784.360778809,40938,30344,25.5802,2.5639,23.0163,71.5699,0.32159,0.9236,1.0888,1.1789
cql-seed1,cql,27000,6,27000,8db1915f444f16a8,-784.360778809,51996,11915,28.2365,4.9994,23.2371,71.5699,0.32468,0.9446,1.1206,1.1863
cql-seed1,cql,27000,7,27000,8db1915f444f16a8,-784.360778809,64933,19513,26.8546,8.9366,17.918,71.5699,0.25036,0.9139,1.0798,1.1814
cql-seed1,cql,27000,11,27000,8db1915f444f16a8,-784.360778809,76763,39227,22.7491,9.4081,13.341,71.5699,0.1864,0.961,1.0434,1.0858
cql-seed1,cql,27000,12,27000,8db1915f444f16a8,-784.360778809,33583,82841,20.7797,10.9836,9.7961,71.5699,0.13687,0.9387,1.0158,1.0821
cql-seed1,cql,27000,13,27000,8db1915f444f16a8,-784.360778809,29838,52509,25.6386,5.1101,20.5285,71.5699,0.28683,0.8977,1.0433,1.1622
cql-seed1,cql,27000,14,27000,8db1915f444f16a8,-784.360778809,36307,14110,31.9775,3.1292,28.8483,71.5699,0.40308,0.9429,1.1812,1.2528
cql-seed1,cql,28000,0,28000,58a91b421eb6e2f3,-812.93157959,237311,68413,50.1769,6.5617,43.6151,70.0773,0.62239,0.8451,1.1713,1.3861
cql-seed1,cql,28000,2,28000,58a91b421eb6e2f3,-812.93157959,168808,33814,33.5786,10.3247,23.2539,70.0773,0.33183,0.8891,1.0195,1.1467
cql-seed1,cql,28000,4,28000,58a91b421eb6e2f3,-812.93157959,35214,133999,23.0845,8.0438,15.0407,70.0773,0.21463,0.8881,0.9801,1.1036
cql-seed1,cql,28000,5,28000,58a91b421eb6e2f3,-812.93157959,40938,30344,27.0151,3.77,23.2451,70.0773,0.33171,0.9303,1.0989,1.1812
cql-seed1,cql,28000,6,28000,58a91b421eb6e2f3,-812.93157959,51996,11915,28.4095,4.8909,23.5186,70.0773,0.33561,0.9529,1.1295,1.1854
cql-seed1,cql,28000,7,28000,58a91b421eb6e2f3,-812.93157959,64933,19513,27.0551,8.9859,18.0692,70.0773,0.25785,0.914,1.0787,1.1802
cql-seed1,cql,28000,11,28000,58a91b421eb6e2f3,-812.93157959,76763,39227,23.6764,9.4972,14.1792,70.0773,0.20234,0.9628,1.0442,1.0845
cql-seed1,cql,28000,12,28000,58a91b421eb6e2f3,-812.93157959,33583,82841,21.5038,11.0577,10.4461,70.0773,0.14907,0.9425,1.0183,1.0804
cql-seed1,cql,28000,13,28000,58a91b421eb6e2f3,-812.93157959,29838,52509,26.158,5.7345,20.4235,70.0773,0.29144,0.907,1.0483,1.1559
cql-seed1,cql,28000,14,28000,58a91b421eb6e2f3,-812.93157959,36307,14110,32.9578,4.2368,28.721,70.0773,0.40985,0.9537,1.199,1.2572
cql-seed1,cql,29000,0,29000,f4d95eaad3925c88,-835.796813965,237311,68413,50.5018,8.3772,42.1245,68.6156,0.61392,0.8448,1.1648,1.3788
cql-seed1,cql,29000,2,29000,f4d95eaad3925c88,-835.796813965,168808,33814,32.5497,10.4139,22.1359,68.6156,0.32261,0.8899,1.0206,1.1469
cql-seed1,cql,29000,4,29000,f4d95eaad3925c88,-835.796813965,35214,133999,20.897,7.401,13.496,68.6156,0.19669,0.8957,0.982,1.0964
cql-seed1,cql,29000,5,29000,f4d95eaad3925c88,-835.796813965,40938,30344,24.7947,2.8056,21.989,68.6156,0.32047,0.9378,1.0998,1.1727
cql-seed1,cql,29000,6,29000,f4d95eaad3925c88,-835.796813965,51996,11915,27.4641,4.8908,22.5733,68.6156,0.32898,0.9463,1.1201,1.1836
cql-seed1,cql,29000,7,29000,f4d95eaad3925c88,-835.796813965,64933,19513,26.7901,9.3719,17.4182,68.6156,0.25385,0.9097,1.0732,1.1797
cql-seed1,cql,29000,11,29000,f4d95eaad3925c88,-835.796813965,76763,39227,22.8906,9.605,13.2856,68.6156,0.19362,0.9585,1.0375,1.0825
cql-seed1,cql,29000,12,29000,f4d95eaad3925c88,-835.796813965,33583,82841,19.7868,10.5168,9.2701,68.6156,0.1351,0.9388,1.014,1.0801
cql-seed1,cql,29000,13,29000,f4d95eaad3925c88,-835.796813965,29838,52509,22.5592,5.0178,17.5414,68.6156,0.25565,0.9147,1.0496,1.1475
cql-seed1,cql,29000,14,29000,f4d95eaad3925c88,-835.796813965,36307,14110,30.8303,3.4971,27.3332,68.6156,0.39835,0.9576,1.1969,1.2498
cql-seed1,cql,30000,0,30000,33accdf5e244ab68,-862.463012695,237311,68413,49.3232,7.277,42.0462,68.7702,0.6114,0.8453,1.1639,1.377
cql-seed1,cql,30000,2,30000,33accdf5e244ab68,-862.463012695,168808,33814,32.903,10.4084,22.4946,68.7702,0.3271,0.8941,1.0212,1.1423
cql-seed1,cql,30000,4,30000,33accdf5e244ab68,-862.463012695,35214,133999,21.4314,7.9548,13.4766,68.7702,0.19597,0.8789,0.9746,1.1089
cql-seed1,cql,30000,5,30000,33accdf5e244ab68,-862.463012695,40938,30344,24.5877,3.1137,21.474,68.7702,0.31226,0.9201,1.0902,1.1849
cql-seed1,cql,30000,6,30000,33accdf5e244ab68,-862.463012695,51996,11915,27.851,4.8609,22.9901,68.7702,0.3343,0.9446,1.1205,1.1862
cql-seed1,cql,30000,7,30000,33accdf5e244ab68,-862.463012695,64933,19513,26.6568,8.9715,17.6853,68.7702,0.25716,0.9107,1.072,1.177
cql-seed1,cql,30000,11,30000,33accdf5e244ab68,-862.463012695,76763,39227,21.3124,8.562,12.7504,68.7702,0.18541,0.959,1.0382,1.0826
cql-seed1,cql,30000,12,30000,33accdf5e244ab68,-862.463012695,33583,82841,19.4403,10.4891,8.9512,68.7702,0.13016,0.9374,1.0126,1.0801
cql-seed1,cql,30000,13,30000,33accdf5e244ab68,-862.463012695,29838,52509,23.0515,5.3932,17.6583,68.7702,0.25677,0.896,1.0434,1.1645
cql-seed1,cql,30000,14,30000,33accdf5e244ab68,-862.463012695,36307,14110,31.351,4.2497,27.1013,68.7702,0.39409,0.9422,1.1863,1.259
cql-seed1,cql,31000,0,31000,49fe0fdf4ec803af,-888.044311523,237311,68413,49.692,7.2577,42.4344,68.5402,0.61912,0.8457,1.1662,1.379
cql-seed1,cql,31000,2,31000,49fe0fdf4ec803af,-888.044311523,168808,33814,32.6872,10.2366,22.4506,68.5402,0.32755,0.8897,1.0182,1.1445
cql-seed1,cql,31000,4,31000,49fe0fdf4ec803af,-888.044311523,35214,133999,21.6514,7.2726,14.3788,68.5402,0.20979,0.8763,0.9746,1.1121
cql-seed1,cql,31000,5,31000,49fe0fdf4ec803af,-888.044311523,40938,30344,24.7605,2.4486,22.3119,68.5402,0.32553,0.917,1.0876,1.186
cql-seed1,cql,31000,6,31000,49fe0fdf4ec803af,-888.044311523,51996,11915,27.5899,4.4218,23.1681,68.5402,0.33802,0.9416,1.1167,1.1859
cql-seed1,cql,31000,7,31000,49fe0fdf4ec803af,-888.044311523,64933,19513,26.5901,9.004,17.586,68.5402,0.25658,0.9087,1.0714,1.179
cql-seed1,cql,31000,11,31000,49fe0fdf4ec803af,-888.044311523,76763,39227,21.2052,8.6383,12.5669,68.5402,0.18335,0.9604,1.0387,1.0816
cql-seed1,cql,31000,12,31000,49fe0fdf4ec803af,-888.044311523,33583,82841,19.0428,9.7362,9.3066,68.5402,0.13578,0.9364,1.0116,1.0804
cql-seed1,cql,31000,13,31000,49fe0fdf4ec803af,-888.044311523,29838,52509,23.4123,4.536,18.8763,68.5402,0.27541,0.8904,1.0401,1.1681
cql-seed1,cql,31000,14,31000,49fe0fdf4ec803af,-888.044311523,36307,14110,30.4849,2.7652,27.7197,68.5402,0.40443,0.9385,1.1827,1.2603
cql-seed1,cql,32000,0,32000,eb5d7aa8436a0077,-917.992797852,237311,68413,49.1756,7.1319,42.0437,68.1369,0.61705,0.8446,1.1596,1.3729
cql-seed1,cql,32000,2,32000,eb5d7aa8436a0077,-917.992797852,168808,33814,31.6763,9.8328,21.8435,68.1369,0.32058,0.8927,1.0202,1.1428
cql-seed1,cql,32000,4,32000,eb5d7aa8436a0077,-917.992797852,35214,133999,21.9009,7.9322,13.9688,68.1369,0.20501,0.8817,0.9781,1.1094
cql-seed1,cql,32000,5,32000,eb5d7aa8436a0077,-917.992797852,40938,30344,24.8968,3.1017,21.7952,68.1369,0.31987,0.9214,1.0897,1.1826
cql-seed1,cql,32000,6,32000,eb5d7aa8436a0077,-917.992797852,51996,11915,26.9534,4.2381,22.7153,68.1369,0.33338,0.941,1.1118,1.1815
cql-seed1,cql,32000,7,32000,eb5d7aa8436a0077,-917.992797852,64933,19513,25.8644,8.065,17.7995,68.1369,0.26123,0.9112,1.0711,1.1755
cql-seed1,cql,32000,11,32000,eb5d7aa8436a0077,-917.992797852,76763,39227,21.2032,8.4199,12.7833,68.1369,0.18761,0.9587,1.0376,1.0822
cql-seed1,cql,32000,12,32000,eb5d7aa8436a0077,-917.992797852,33583,82841,19.1581,10.213,8.9452,68.1369,0.13128,0.9375,1.0125,1.08
cql-seed1,cql,32000,13,32000,eb5d7aa8436a0077,-917.992797852,29838,52509,23.4087,5.1827,18.226,68.1369,0.26749,0.8973,1.0442,1.1638
cql-seed1,cql,32000,14,32000,eb5d7aa8436a0077,-917.992797852,36307,14110,30.3774,3.2306,27.1467,68.1369,0.39841,0.9479,1.1809,1.2458
cql-seed1,cql,33000,0,33000,69d86017eebebde3,-948.092163086,237311,68413,47.7338,5.623,42.1108,68.0215,0.61908,0.8465,1.1598,1.3702
cql-seed1,cql,33000,2,33000,69d86017eebebde3,-948.092163086,168808,33814,30.7975,8.5592,22.2383,68.0215,0.32693,0.8919,1.0161,1.1392
cql-seed1,cql,33000,4,33000,69d86017eebebde3,-948.092163086,35214,133999,20.8562,7.4645,13.3916,68.0215,0.19687,0.8818,0.9777,1.1087
cql-seed1,cql,33000,5,33000,69d86017eebebde3,-948.092163086,40938,30344,24.0661,2.611,21.4551,68.0215,0.31542,0.9195,1.0892,1.1845
cql-seed1,cql,33000,6,33000,69d86017eebebde3,-948.092163086,51996,11915,26.8211,4.5894,22.2317,68.0215,0.32683,0.9404,1.1128,1.1833
cql-seed1,cql,33000,7,33000,69d86017eebebde3,-948.092163086,64933,19513,25.4068,8.3371,17.0697,68.0215,0.25095,0.9104,1.0725,1.178
cql-seed1,cql,33000,11,33000,69d86017eebebde3,-948.092163086,76763,39227,19.9882,7.7627,12.2255,68.0215,0.17973,0.9564,1.0364,1.0837
cql-seed1,cql,33000,12,33000,69d86017eebebde3,-948.092163086,33583,82841,17.4489,9.3844,8.0645,68.0215,0.11856,0.9357,1.0107,1.0801
cql-seed1,cql,33000,13,33000,69d86017eebebde3,-948.092163086,29838,52509,22.0531,5.1471,16.906,68.0215,0.24854,0.8946,1.043,1.1658
cql-seed1,cql,33000,14,33000,69d86017eebebde3,-948.092163086,36307,14110,30.238,3.1909,27.0471,68.0215,0.39763,0.94,1.1805,1.2559
cql-seed1,cql,34000,0,34000,315218a5e6baa802,-971.729919434,237311,68413,47.7082,4.5366,43.1716,68.0761,0.63417,0.8435,1.1552,1.3695
cql-seed1,cql,34000,2,34000,315218a5e6baa802,-971.729919434,168808,33814,31.8127,9.4751,22.3377,68.0761,0.32813,0.891,1.012,1.1357
cql-seed1,cql,34000,4,34000,315218a5e6baa802,-971.729919434,35214,133999,20.5454,7.2864,13.259,68.0761,0.19477,0.8772,0.9754,1.1119
cql-seed1,cql,34000,5,34000,315218a5e6baa802,-971.729919434,40938,30344,23.359,2.2469,21.1122,68.0761,0.31013,0.9166,1.0868,1.1857
cql-seed1,cql,34000,6,34000,315218a5e6baa802,-971.729919434,51996,11915,26.3791,3.8085,22.5706,68.0761,0.33155,0.9458,1.1156,1.1796
cql-seed1,cql,34000,7,34000,315218a5e6baa802,-971.729919434,64933,19513,24.4957,8.0424,16.4533,68.0761,0.24169,0.9107,1.0711,1.1761
cql-seed1,cql,34000,11,34000,315218a5e6baa802,-971.729919434,76763,39227,19.8594,7.9302,11.9292,68.0761,0.17523,0.961,1.0383,1.0803
cql-seed1,cql,34000,12,34000,315218a5e6baa802,-971.729919434,33583,82841,18.2539,10.2448,8.0091,68.0761,0.11765,0.9387,1.0136,1.0798
cql-seed1,cql,34000,13,34000,315218a5e6baa802,-971.729919434,29838,52509,21.3246,4.5792,16.7455,68.0761,0.24598,0.891,1.0401,1.1674
cql-seed1,cql,34000,14,34000,315218a5e6baa802,-971.729919434,36307,14110,29.1128,2.3775,26.7353,68.0761,0.39273,0.9396,1.1823,1.2583
cql-seed1,cql,35000,0,35000,e2b97d5dd3065883,-998.668762207,237311,68413,47.3669,4.9154,42.4515,67.1184,0.63249,0.843,1.1517,1.3661
cql-seed1,cql,35000,2,35000,e2b97d5dd3065883,-998.668762207,168808,33814,31.3822,9.3396,22.0426,67.1184,0.32841,0.8898,1.0111,1.1363
cql-seed1,cql,35000,4,35000,e2b97d5dd3065883,-998.668762207,35214,133999,19.5076,7.474,12.0336,67.1184,0.17929,0.8786,0.975,1.1097
cql-seed1,cql,35000,5,35000,e2b97d5dd3065883,-998.668762207,40938,30344,22.3307,2.5822,19.7486,67.1184,0.29424,0.9199,1.0858,1.1803
cql-seed1,cql,35000,6,35000,e2b97d5dd3065883,-998.668762207,51996,11915,26.6009,4.5788,22.0221,67.1184,0.32811,0.9431,1.1148,1.1821
cql-seed1,cql,35000,7,35000,e2b97d5dd3065883,-998.668762207,64933,19513,24.8972,7.3762,17.5209,67.1184,0.26105,0.9107,1.071,1.176
cql-seed1,cql,35000,11,35000,e2b97d5dd3065883,-998.668762207,76763,39227,20.0196,8.4278,11.5918,67.1184,0.17271,0.9603,1.0383,1.0813
cql-seed1,cql,35000,12,35000,e2b97d5dd3065883,-998.668762207,33583,82841,17.564,9.7701,7.7939,67.1184,0.11612,0.9373,1.0114,1.079
cql-seed1,cql,35000,13,35000,e2b97d5dd3065883,-998.668762207,29838,52509,21.5725,5.0392,16.5332,67.1184,0.24633,0.8929,1.0396,1.1643
cql-seed1,cql,35000,14,35000,e2b97d5dd3065883,-998.668762207,36307,14110,29.4463,3.0921,26.3542,67.1184,0.39265,0.9404,1.1776,1.2523
cql-seed1,cql,36000,0,36000,7805246974a2460c,-1037.370605469,237311,68413,46.9573,4.8178,42.1395,66.9335,0.62957,0.8428,1.1535,1.3686
cql-seed1,cql,36000,2,36000,7805246974a2460c,-1037.370605469,168808,33814,30.7625,8.9973,21.7652,66.9335,0.32518,0.8901,1.0099,1.1346
cql-seed1,cql,36000,4,36000,7805246974a2460c,-1037.370605469,35214,133999,19.2015,7.2574,11.9442,66.9335,0.17845,0.8817,0.9761,1.107
cql-seed1,cql,36000,5,36000,7805246974a2460c,-1037.370605469,40938,30344,21.7664,2.404,19.3624,66.9335,0.28928,0.9239,1.0893,1.1791
cql-seed1,cql,36000,6,36000,7805246974a2460c,-1037.370605469,51996,11915,25.3849,4.2127,21.1722,66.9335,0.31632,0.943,1.1122,1.1795
cql-seed1,cql,36000,7,36000,7805246974a2460c,-1037.370605469,64933,19513,24.0127,7.1618,16.8509,66.9335,0.25176,0.9085,1.0685,1.176
cql-seed1,cql,36000,11,36000,7805246974a2460c,-1037.370605469,76763,39227,19.3063,7.6026,11.7037,66.9335,0.17486,0.9561,1.0316,1.079
cql-seed1,cql,36000,12,36000,7805246974a2460c,-1037.370605469,33583,82841,17.8584,9.8315,8.027,66.9335,0.11992,0.9378,1.0126,1.0798
cql-seed1,cql,36000,13,36000,7805246974a2460c,-1037.370605469,29838,52509,20.0063,4.919,15.0873,66.9335,0.22541,0.8964,1.0423,1.1627
cql-seed1,cql,36000,14,36000,7805246974a2460c,-1037.370605469,36307,14110,28.2884,2.85,25.4383,66.9335,0.38005,0.9426,1.1829,1.2549
cql-seed1,cql,37000,0,37000,5bc58229d086d4d8,-1066.109741211,237311,68413,46.4805,4.3703,42.1102,65.9202,0.63881,0.843,1.1528,1.3675
cql-seed1,cql,37000,2,37000,5bc58229d086d4d8,-1066.109741211,168808,33814,30.27,9.7932,20.4768,65.9202,0.31063,0.8875,1.0081,1.1359
cql-seed1,cql,37000,4,37000,5bc58229d086d4d8,-1066.109741211,35214,133999,19.7597,7.2427,12.5169,65.9202,0.18988,0.8795,0.9731,1.1064
cql-seed1,cql,37000,5,37000,5bc58229d086d4d8,-1066.109741211,40938,30344,22.3872,2.1965,20.1907,65.9202,0.30629,0.9214,1.0889,1.1818
cql-seed1,cql,37000,6,37000,5bc58229d086d4d8,-1066.109741211,51996,11915,24.8959,3.4997,21.3961,65.9202,0.32458,0.941,1.1082,1.1777
cql-seed1,cql,37000,7,37000,5bc58229d086d4d8,-1066.109741211,64933,19513,24.2895,6.8286,17.4608,65.9202,0.26488,0.9132,1.0704,1.1722
cql-seed1,cql,37000,11,37000,5bc58229d086d4d8,-1066.109741211,76763,39227,20.0276,8.2841,11.7434,65.9202,0.17815,0.9573,1.0334,1.0794
cql-seed1,cql,37000,12,37000,5bc58229d086d4d8,-1066.109741211,33583,82841,17.5851,9.72,7.8651,65.9202,0.11931,0.9365,1.0114,1.08
cql-seed1,cql,37000,13,37000,5bc58229d086d4d8,-1066.109741211,29838,52509,21.2801,5.0017,16.2784,65.9202,0.24694,0.8986,1.0428,1.1605
cql-seed1,cql,37000,14,37000,5bc58229d086d4d8,-1066.109741211,36307,14110,28.5672,2.6043,25.9629,65.9202,0.39385,0.9439,1.1835,1.2539
cql-seed1,cql,38000,0,38000,d744b759eb944502,-1097.799560547,237311,68413,46.3915,5.2323,41.1592,65.8272,0.62526,0.8424,1.1495,1.3646
cql-seed1,cql,38000,2,38000,d744b759eb944502,-1097.799560547,168808,33814,30.8174,8.923,21.8943,65.8272,0.3326,0.893,1.0147,1.1363
cql-seed1,cql,38000,4,38000,d744b759eb944502,-1097.799560547,35214,133999,19.6061,6.8041,12.802,65.8272,0.19448,0.8771,0.9746,1.1112
cql-seed1,cql,38000,5,38000,d744b759eb944502,-1097.799560547,40938,30344,22.136,1.5102,20.6257,65.8272,0.31333,0.919,1.0877,1.1835
cql-seed1,cql,38000,6,38000,d744b759eb944502,-1097.799560547,51996,11915,24.8436,3.1223,21.7214,65.8272,0.32998,0.9446,1.1169,1.1823
cql-seed1,cql,38000,7,38000,d744b759eb944502,-1097.799560547,64933,19513,23.7659,7.1309,16.635,65.8272,0.25271,0.9089,1.0684,1.1755
cql-seed1,cql,38000,11,38000,d744b759eb944502,-1097.799560547,76763,39227,18.9167,7.6886,11.2281,65.8272,0.17057,0.9562,1.0329,1.0803
cql-seed1,cql,38000,12,38000,d744b759eb944502,-1097.799560547,33583,82841,17.55,9.4262,8.1239,65.8272,0.12341,0.9375,1.0112,1.0787
cql-seed1,cql,38000,13,38000,d744b759eb944502,-1097.799560547,29838,52509,20.0825,4.3169,15.7655,65.8272,0.2395,0.8916,1.0401,1.1666
cql-seed1,cql,38000,14,38000,d744b759eb944502,-1097.799560547,36307,14110,28.4354,2.1898,26.2455,65.8272,0.3987,0.9455,1.1862,1.2546
cql-seed1,cql,39000,0,39000,651d54cd9d8c8c56,-1127.971069336,237311,68413,45.732,4.5124,41.2196,65.2965,0.63127,0.841,1.1457,1.3624
cql-seed1,cql,39000,2,39000,651d54cd9d8c8c56,-1127.971069336,168808,33814,29.8434,9.4253,20.4181,65.2965,0.3127,0.8883,1.0124,1.1397
cql-seed1,cql,39000,4,39000,651d54cd9d8c8c56,-1127.971069336,35214,133999,18.0642,7.1233,10.9409,65.2965,0.16756,0.8795,0.973,1.1064
cql-seed1,cql,39000,5,39000,651d54cd9d8c8c56,-1127.971069336,40938,30344,22.1825,2.3033,19.8792,65.2965,0.30445,0.921,1.0873,1.1806
cql-seed1,cql,39000,6,39000,651d54cd9d8c8c56,-1127.971069336,51996,11915,24.3286,3.0685,21.26,65.2965,0.32559,0.9395,1.1094,1.1808
cql-seed1,cql,39000,7,39000,651d54cd9d8c8c56,-1127.971069336,64933,19513,23.1257,7.086,16.0397,65.2965,0.24564,0.9074,1.0643,1.1729
cql-seed1,cql,39000,11,39000,651d54cd9d8c8c56,-1127.971069336,76763,39227,18.7571,7.7272,11.0299,65.2965,0.16892,0.9551,1.0313,1.0798
cql-seed1,cql,39000,12,39000,651d54cd9d8c8c56,-1127.971069336,33583,82841,16.8773,9.199,7.6783,65.2965,0.11759,0.9365,1.009,1.0775
cql-seed1,cql,39000,13,39000,651d54cd9d8c8c56,-1127.971069336,29838,52509,20.734,4.4576,16.2763,65.2965,0.24927,0.8956,1.0403,1.1615
cql-seed1,cql,39000,14,39000,651d54cd9d8c8c56,-1127.971069336,36307,14110,27.6311,2.2086,25.4225,65.2965,0.38934,0.9413,1.1791,1.2527
cql-seed1,cql,40000,0,40000,7b836eb9137b0abd,-1156.458618164,237311,68413,45.515,2.5576,42.9575,66.8952,0.64216,0.8422,1.1462,1.3609
cql-seed1,cql,40000,2,40000,7b836eb9137b0abd,-1156.458618164,168808,33814,28.9936,8.6982,20.2954,66.8952,0.30339,0.8882,1.0087,1.1357
cql-seed1,cql,40000,4,40000,7b836eb9137b0abd,-1156.458618164,35214,133999,17.994,6.5589,11.4351,66.8952,0.17094,0.8803,0.9727,1.1051
cql-seed1,cql,40000,5,40000,7b836eb9137b0abd,-1156.458618164,40938,30344,20.7539,1.5821,19.1718,66.8952,0.2866,0.9233,1.0891,1.1796
cql-seed1,cql,40000,6,40000,7b836eb9137b0abd,-1156.458618164,51996,11915,24.2523,3.1315,21.1208,66.8952,0.31573,0.9412,1.107,1.1762
cql-seed1,cql,40000,7,40000,7b836eb9137b0abd,-1156.458618164,64933,19513,23.0491,6.6415,16.4076,66.8952,0.24527,0.9067,1.0635,1.173
cql-seed1,cql,40000,11,40000,7b836eb9137b0abd,-1156.458618164,76763,39227,18.5245,7.3564,11.1681,66.8952,0.16695,0.9551,1.0311,1.0796
cql-seed1,cql,40000,12,40000,7b836eb9137b0abd,-1156.458618164,33583,82841,16.0306,8.961,7.0697,66.8952,0.10568,0.9358,1.0092,1.0785
cql-seed1,cql,40000,13,40000,7b836eb9137b0abd,-1156.458618164,29838,52509,18.6477,3.9319,14.7158,66.8952,0.21998,0.8979,1.0415,1.1599
cql-seed1,cql,40000,14,40000,7b836eb9137b0abd,-1156.458618164,36307,14110,27.2917,1.6636,25.6282,66.8952,0.38311,0.9434,1.1826,1.2536
cql-seed1,cql,41000,0,41000,c2ba9e599c42a425,-1184.14074707,237311,68413,45.3228,3.3105,42.0123,66.0134,0.63642,0.8452,1.1437,1.3533
cql-seed1,cql,41000,2,41000,c2ba9e599c42a425,-1184.14074707,168808,33814,29.488,8.3886,21.0994,66.0134,0.31962,0.8903,1.0056,1.1296
cql-seed1,cql,41000,4,41000,c2ba9e599c42a425,-1184.14074707,35214,133999,16.6677,6.7004,9.9673,66.0134,0.15099,0.8748,0.9702,1.1091
cql-seed1,cql,41000,5,41000,c2ba9e599c42a425,-1184.14074707,40938,30344,20.7666,1.7787,18.9878,66.0134,0.28764,0.9136,1.0807,1.1829
cql-seed1,cql,41000,6,41000,c2ba9e599c42a425,-1184.14074707,51996,11915,23.3852,2.7709,20.6142,66.0134,0.31227,0.9377,1.1023,1.1754
cql-seed1,cql,41000,7,41000,c2ba9e599c42a425,-1184.14074707,64933,19513,22.7246,6.0996,16.625,66.0134,0.25184,0.9105,1.0639,1.1685
cql-seed1,cql,41000,11,41000,c2ba9e599c42a425,-1184.14074707,76763,39227,18.632,7.691,10.941,66.0134,0.16574,0.9588,1.0344,1.0787
cql-seed1,cql,41000,12,41000,c2ba9e599c42a425,-1184.14074707,33583,82841,16.0284,9.202,6.8264,66.0134,0.10341,0.9358,1.0078,1.077
cql-seed1,cql,41000,13,41000,c2ba9e599c42a425,-1184.14074707,29838,52509,19.1035,4.0737,15.0298,66.0134,0.22768,0.889,1.0367,1.1661
cql-seed1,cql,41000,14,41000,c2ba9e599c42a425,-1184.14074707,36307,14110,26.8602,1.817,25.0432,66.0134,0.37937,0.935,1.1727,1.2542
cql-seed1,cql,42000,0,42000,7cfea0b65d3e7e2f,-1213.658447266,237311,68413,45.2431,4.2458,40.9972,64.7581,0.63308,0.8421,1.1482,1.3634
cql-seed1,cql,42000,2,42000,7cfea0b65d3e7e2f,-1213.658447266,168808,33814,28.8333,8.6296,20.2038,64.7581,0.31199,0.8872,1.0042,1.1318
cql-seed1,cql,42000,4,42000,7cfea0b65d3e7e2f,-1213.658447266,35214,133999,17.4023,6.2994,11.1029,64.7581,0.17145,0.8795,0.974,1.1075
cql-seed1,cql,42000,5,42000,7cfea0b65d3e7e2f,-1213.658447266,40938,30344,20.9346,1.9672,18.9674,64.7581,0.2929,0.918,1.0848,1.1818
cql-seed1,cql,42000,6,42000,7cfea0b65d3e7e2f,-1213.658447266,51996,11915,23.0052,2.9467,20.0586,64.7581,0.30975,0.9393,1.1053,1.1767
cql-seed1,cql,42000,7,42000,7cfea0b65d3e7e2f,-1213.658447266,64933,19513,22.7497,6.6563,16.0935,64.7581,0.24852,0.908,1.0639,1.1717
cql-seed1,cql,42000,11,42000,7cfea0b65d3e7e2f,-1213.658447266,76763,39227,17.758,7.3858,10.3722,64.7581,0.16017,0.9545,1.03,1.0791
cql-seed1,cql,42000,12,42000,7cfea0b65d3e7e2f,-1213.658447266,33583,82841,15.8378,8.7726,7.0652,64.7581,0.1091,0.9351,1.0075,1.0774
cql-seed1,cql,42000,13,42000,7cfea0b65d3e7e2f,-1213.658447266,29838,52509,19.982,3.9011,16.0809,64.7581,0.24832,0.8937,1.039,1.1625
cql-seed1,cql,42000,14,42000,7cfea0b65d3e7e2f,-1213.658447266,36307,14110,26.8874,1.7018,25.1855,64.7581,0.38892,0.94,1.1762,1.2513
cql-seed1,cql,43000,0,43000,aac1623642c96004,-1241.645507812,237311,68413,44.0079,3.7747,40.2332,63.0717,0.6379,0.8408,1.1428,1.3593
cql-seed1,cql,43000,2,43000,aac1623642c96004,-1241.645507812,168808,33814,28.97,8.6507,20.3193,63.0717,0.32216,0.8878,1.0039,1.1308
cql-seed1,cql,43000,4,43000,aac1623642c96004,-1241.645507812,35214,133999,17.2037,6.6256,10.5781,63.0717,0.16772,0.8748,0.9693,1.1081
cql-seed1,cql,43000,5,43000,aac1623642c96004,-1241.645507812,40938,30344,20.7249,1.9645,18.7605,63.0717,0.29745,0.9149,1.0863,1.1873
cql-seed1,cql,43000,6,43000,aac1623642c96004,-1241.645507812,51996,11915,22.7764,2.3539,20.4225,63.0717,0.3238,0.9378,1.1014,1.1744
cql-seed1,cql,43000,7,43000,aac1623642c96004,-1241.645507812,64933,19513,22.2582,6.2614,15.9968,63.0717,0.25363,0.9044,1.0614,1.1736
cql-seed1,cql,43000,11,43000,aac1623642c96004,-1241.645507812,76763,39227,17.9483,7.4544,10.4939,63.0717,0.16638,0.9536,1.0276,1.0777
cql-seed1,cql,43000,12,43000,aac1623642c96004,-1241.645507812,33583,82841,15.3709,8.6712,6.6997,63.0717,0.10622,0.9355,1.0063,1.0757
cql-seed1,cql,43000,13,43000,aac1623642c96004,-1241.645507812,29838,52509,18.2262,3.8097,14.4165,63.0717,0.22857,0.8915,1.0396,1.1661
cql-seed1,cql,43000,14,43000,aac1623642c96004,-1241.645507812,36307,14110,27.9794,1.9876,25.9918,63.0717,0.4121,0.9367,1.1764,1.2559
cql-seed1,cql,44000,0,44000,317e870b025fad0e,-1271.331542969,237311,68413,44.1462,3.9457,40.2005,63.5348,0.63273,0.8423,1.1434,1.3574
cql-seed1,cql,44000,2,44000,317e870b025fad0e,-1271.331542969,168808,33814,28.0414,7.753,20.2884,63.5348,0.31933,0.8904,1.0062,1.1301
cql-seed1,cql,44000,4,44000,317e870b025fad0e,-1271.331542969,35214,133999,16.4467,6.128,10.3187,63.5348,0.16241,0.8786,0.9711,1.1053
cql-seed1,cql,44000,5,44000,317e870b025fad0e,-1271.331542969,40938,30344,19.5382,1.7855,17.7527,63.5348,0.27942,0.9152,1.0844,1.1849
cql-seed1,cql,44000,6,44000,317e870b025fad0e,-1271.331542969,51996,11915,22.0285,2.2268,19.8018,63.5348,0.31167,0.9392,1.1035,1.1749
cql-seed1,cql,44000,7,44000,317e870b025fad0e,-1271.331542969,64933,19513,21.4563,6.1121,15.3442,63.5348,0.24151,0.9065,1.0612,1.1708
cql-seed1,cql,44000,11,44000,317e870b025fad0e,-1271.331542969,76763,39227,16.6532,6.3073,10.346,63.5348,0.16284,0.9567,1.0311,1.0778
cql-seed1,cql,44000,12,44000,317e870b025fad0e,-1271.331542969,33583,82841,14.1712,7.9358,6.2355,63.5348,0.09814,0.9353,1.0074,1.0771
cql-seed1,cql,44000,13,44000,317e870b025fad0e,-1271.331542969,29838,52509,17.1788,3.4158,13.7631,63.5348,0.21662,0.8932,1.038,1.1621
cql-seed1,cql,44000,14,44000,317e870b025fad0e,-1271.331542969,36307,14110,25.7697,1.4122,24.3574,63.5348,0.38337,0.9414,1.1734,1.2465
cql-seed1,cql,45000,0,45000,de4d9b750147f97c,-1300.016723633,237311,68413,43.4626,2.2873,41.1753,63.5189,0.64824,0.8419,1.1434,1.3581
cql-seed1,cql,45000,2,45000,de4d9b750147f97c,-1300.016723633,168808,33814,27.9905,8.0172,19.9733,63.5189,0.31445,0.8874,1.004,1.1313
cql-seed1,cql,45000,4,45000,de4d9b750147f97c,-1300.016723633,35214,133999,14.6451,5.464,9.1812,63.5189,0.14454,0.876,0.9683,1.1054
cql-seed1,cql,45000,5,45000,de4d9b750147f97c,-1300.016723633,40938,30344,19.1789,0.9737,18.2051,63.5189,0.28661,0.914,1.08,1.1816
cql-seed1,cql,45000,6,45000,de4d9b750147f97c,-1300.016723633,51996,11915,23.0696,2.4966,20.5729,63.5189,0.32389,0.936,1.0999,1.1751
cql-seed1,cql,45000,7,45000,de4d9b750147f97c,-1300.016723633,64933,19513,22.4453,6.6017,15.8435,63.5189,0.24943,0.9079,1.0619,1.1696
cql-seed1,cql,45000,11,45000,de4d9b750147f97c,-1300.016723633,76763,39227,16.6797,6.6532,10.0265,63.5189,0.15785,0.9579,1.0318,1.0771
cql-seed1,cql,45000,12,45000,de4d9b750147f97c,-1300.016723633,33583,82841,13.4445,7.8341,5.6104,63.5189,0.08833,0.9354,1.0048,1.0742
cql-seed1,cql,45000,13,45000,de4d9b750147f97c,-1300.016723633,29838,52509,17.3448,3.1712,14.1736,63.5189,0.22314,0.8913,1.0352,1.1615
cql-seed1,cql,45000,14,45000,de4d9b750147f97c,-1300.016723633,36307,14110,27.0414,0.6625,26.3789,63.5189,0.41529,0.936,1.1691,1.2491
cql-seed1,cql,46000,0,46000,22761d902921ca47,-1332.227661133,237311,68413,44.1676,2.5773,41.5903,64.7331,0.64249,0.8414,1.1379,1.3525
cql-seed1,cql,46000,2,46000,22761d902921ca47,-1332.227661133,168808,33814,28.1072,8.2216,19.8856,64.7331,0.30719,0.8873,1.0015,1.1286
cql-seed1,cql,46000,4,46000,22761d902921ca47,-1332.227661133,35214,133999,16.4301,6.312,10.1181,64.7331,0.1563,0.8732,0.967,1.1074
cql-seed1,cql,46000,5,46000,22761d902921ca47,-1332.227661133,40938,30344,20.2706,1.4254,18.8453,64.7331,0.29112,0.9094,1.0754,1.1825
cql-seed1,cql,46000,6,46000,22761d902921ca47,-1332.227661133,51996,11915,23.1624,3.1585,20.0039,64.7331,0.30902,0.9346,1.0974,1.1742
cql-seed1,cql,46000,7,46000,22761d902921ca47,-1332.227661133,64933,19513,21.3848,5.9463,15.4385,64.7331,0.23849,0.9077,1.0624,1.1704
cql-seed1,cql,46000,11,46000,22761d902921ca47,-1332.227661133,76763,39227,17.0249,7.0101,10.0148,64.7331,0.15471,0.9518,1.0264,1.0784
cql-seed1,cql,46000,12,46000,22761d902921ca47,-1332.227661133,33583,82841,14.5412,8.4546,6.0866,64.7331,0.09403,0.9332,1.0042,1.0761
cql-seed1,cql,46000,13,46000,22761d902921ca47,-1332.227661133,29838,52509,18.7097,4.2136,14.4961,64.7331,0.22394,0.8855,1.0325,1.166
cql-seed1,cql,46000,14,46000,22761d902921ca47,-1332.227661133,36307,14110,26.0785,1.3562,24.7223,64.7331,0.38191,0.9327,1.1668,1.2509
cql-seed1,cql,47000,0,47000,e8708367e9f4a781,-1357.594238281,237311,68413,43.0372,1.771,41.2662,64.2898,0.64188,0.8439,1.1434,1.3549
cql-seed1,cql,47000,2,47000,e8708367e9f4a781,-1357.594238281,168808,33814,27.8415,7.5313,20.3102,64.2898,0.31592,0.8867,0.9995,1.1272
cql-seed1,cql,47000,4,47000,e8708367e9f4a781,-1357.594238281,35214,133999,14.6769,5.4732,9.2037,64.2898,0.14316,0.8761,0.9696,1.1067
cql-seed1,cql,47000,5,47000,e8708367e9f4a781,-1357.594238281,40938,30344,18.8482,1.0627,17.7855,64.2898,0.27665,0.9121,1.0823,1.1867
cql-seed1,cql,47000,6,47000,e8708367e9f4a781,-1357.594238281,51996,11915,22.5761,2.2502,20.3259,64.2898,0.31616,0.9365,1.1019,1.1766
cql-seed1,cql,47000,7,47000,e8708367e9f4a781,-1357.594238281,64933,19513,21.5121,5.6871,15.825,64.2898,0.24615,0.9071,1.0603,1.1689
cql-seed1,cql,47000,11,47000,e8708367e9f4a781,-1357.594238281,76763,39227,15.9702,6.2953,9.6749,64.2898,0.15049,0.9543,1.0285,1.0778
cql-seed1,cql,47000,12,47000,e8708367e9f4a781,-1357.594238281,33583,82841,12.9023,7.2623,5.64,64.2898,0.08773,0.9345,1.0039,1.0742
cql-seed1,cql,47000,13,47000,e8708367e9f4a781,-1357.594238281,29838,52509,16.6332,3.6179,13.0154,64.2898,0.20245,0.8887,1.0368,1.1667
cql-seed1,cql,47000,14,47000,e8708367e9f4a781,-1357.594238281,36307,14110,25.4435,1.5469,23.8965,64.2898,0.3717,0.9358,1.1756,1.2562
cql-seed1,cql,48000,0,48000,8c58ae74487e838a,-1386.361083984,237311,68413,42.9504,2.7424,40.208,63.3923,0.63427,0.8405,1.1405,1.357
cql-seed1,cql,48000,2,48000,8c58ae74487e838a,-1386.361083984,168808,33814,26.5842,7.0448,19.5394,63.3923,0.30823,0.8882,1.0002,1.1262
cql-seed1,cql,48000,4,48000,8c58ae74487e838a,-1386.361083984,35214,133999,14.7672,6.0315,8.7356,63.3923,0.1378,0.8821,0.9698,1.0995
cql-seed1,cql,48000,5,48000,8c58ae74487e838a,-1386.361083984,40938,30344,17.617,1.3699,16.2471,63.3923,0.25629,0.9226,1.0833,1.1742
cql-seed1,cql,48000,6,48000,8c58ae74487e838a,-1386.361083984,51996,11915,21.1436,2.2457,18.8979,63.3923,0.29811,0.9413,1.1043,1.1733
cql-seed1,cql,48000,7,48000,8c58ae74487e838a,-1386.361083984,64933,19513,20.4508,5.6805,14.7703,63.3923,0.233,0.9055,1.0612,1.1719
cql-seed1,cql,48000,11,48000,8c58ae74487e838a,-1386.361083984,76763,39227,16.1971,6.375,9.8221,63.3923,0.15494,0.9531,1.0285,1.0791
cql-seed1,cql,48000,12,48000,8c58ae74487e838a,-1386.361083984,33583,82841,13.8856,8.1638,5.7218,63.3923,0.09026,0.9342,1.0037,1.0744
cql-seed1,cql,48000,13,48000,8c58ae74487e838a,-1386.361083984,29838,52509,17.4445,3.8184,13.6261,63.3923,0.21495,0.8986,1.0371,1.1541
cql-seed1,cql,48000,14,48000,8c58ae74487e838a,-1386.361083984,36307,14110,25.9469,1.4626,24.4844,63.3923,0.38624,0.9425,1.175,1.2467
cql-seed1,cql,49000,0,49000,1b13b2f9b2d4af39,-1415.344970703,237311,68413,41.8144,1.5403,40.2742,63.2096,0.63715,0.8404,1.1377,1.3538
cql-seed1,cql,49000,2,49000,1b13b2f9b2d4af39,-1415.344970703,168808,33814,27.4415,7.5246,19.9169,63.2096,0.31509,0.8862,0.9997,1.1281
cql-seed1,cql,49000,4,49000,1b13b2f9b2d4af39,-1415.344970703,35214,133999,13.3919,5.4797,7.9122,63.2096,0.12517,0.8764,0.9673,1.1037
cql-seed1,cql,49000,5,49000,1b13b2f9b2d4af39,-1415.344970703,40938,30344,17.0732,0.7668,16.3064,63.2096,0.25797,0.9163,1.0802,1.1789
cql-seed1,cql,49000,6,49000,1b13b2f9b2d4af39,-1415.344970703,51996,11915,20.8586,1.579,19.2796,63.2096,0.30501,0.9367,1.0969,1.171
cql-seed1,cql,49000,7,49000,1b13b2f9b2d4af39,-1415.344970703,64933,19513,20.4749,4.9978,15.4771,63.2096,0.24485,0.9034,1.057,1.1701
cql-seed1,cql,49000,11,49000,1b13b2f9b2d4af39,-1415.344970703,76763,39227,16.0685,6.2129,9.8556,63.2096,0.15592,0.9525,1.0265,1.0776
cql-seed1,cql,49000,12,49000,1b13b2f9b2d4af39,-1415.344970703,33583,82841,14.0643,7.638,6.4263,63.2096,0.10167,0.9342,1.0034,1.0741
cql-seed1,cql,49000,13,49000,1b13b2f9b2d4af39,-1415.344970703,29838,52509,16.2232,2.7339,13.4892,63.2096,0.2134,0.892,1.0341,1.1593
cql-seed1,cql,49000,14,49000,1b13b2f9b2d4af39,-1415.344970703,36307,14110,24.6037,0.4322,24.1715,63.2096,0.3824,0.9383,1.1666,1.2433
cql-seed1,cql,50000,0,50000,8d219b9946cae1c5,-1449.002075195,237311,68413,42.0628,1.3549,40.7079,63.088,0.64526,0.8399,1.1347,1.3511
cql-seed1,cql,50000,2,50000,8d219b9946cae1c5,-1449.002075195,168808,33814,26.5715,6.7779,19.7936,63.088,0.31375,0.8885,1.0006,1.1261
cql-seed1,cql,50000,4,50000,8d219b9946cae1c5,-1449.002075195,35214,133999,14.2366,6.4577,7.7788,63.088,0.1233,0.8811,0.9703,1.1012
cql-seed1,cql,50000,5,50000,8d219b9946cae1c5,-1449.002075195,40938,30344,18.2562,1.5605,16.6956,63.088,0.26464,0.9218,1.0845,1.1765
cql-seed1,cql,50000,6,50000,8d219b9946cae1c5,-1449.002075195,51996,11915,22.3727,2.3054,20.0673,63.088,0.31808,0.9362,1.0977,1.1725
cql-seed1,cql,50000,7,50000,8d219b9946cae1c5,-1449.002075195,64933,19513,20.3791,5.1454,15.2338,63.088,0.24147,0.9028,1.0575,1.1715
cql-seed1,cql,50000,11,50000,8d219b9946cae1c5,-1449.002075195,76763,39227,15.0282,6.0702,8.9581,63.088,0.14199,0.9529,1.0258,1.0766
cql-seed1,cql,50000,12,50000,8d219b9946cae1c5,-1449.002075195,33583,82841,12.4582,7.4789,4.9792,63.088,0.07893,0.9337,1.0037,1.075
cql-seed1,cql,50000,13,50000,8d219b9946cae1c5,-1449.002075195,29838,52509,16.3835,3.8376,12.546,63.088,0.19887,0.8962,1.0371,1.1572
cql-seed1,cql,50000,14,50000,8d219b9946cae1c5,-1449.002075195,36307,14110,25.0369,0.8915,24.1454,63.088,0.38273,0.9411,1.1708,1.2441
cql-seed1,cql,51000,0,51000,a68d86690e9a6813,-1477.241455078,237311,68413,42.0605,0.9959,41.0647,63.9746,0.64189,0.8397,1.1344,1.351
cql-seed1,cql,51000,2,51000,a68d86690e9a6813,-1477.241455078,168808,33814,26.5872,6.3542,20.2331,63.9746,0.31627,0.8856,0.9993,1.1284
cql-seed1,cql,51000,4,51000,a68d86690e9a6813,-1477.241455078,35214,133999,13.1056,5.3698,7.7358,63.9746,0.12092,0.8737,0.9661,1.1058
cql-seed1,cql,51000,5,51000,a68d86690e9a6813,-1477.241455078,40938,30344,16.4207,0.9209,15.4998,63.9746,0.24228,0.9144,1.0807,1.1819
cql-seed1,cql,51000,6,51000,a68d86690e9a6813,-1477.241455078,51996,11915,20.4701,0.6936,19.7765,63.9746,0.30913,0.938,1.1017,1.1744
cql-seed1,cql,51000,7,51000,a68d86690e9a6813,-1477.241455078,64933,19513,19.8725,5.2681,14.6044,63.9746,0.22828,0.9058,1.058,1.168
cql-seed1,cql,51000,11,51000,a68d86690e9a6813,-1477.241455078,76763,39227,15.8666,6.1269,9.7397,63.9746,0.15224,0.953,1.0259,1.0765
cql-seed1,cql,51000,12,51000,a68d86690e9a6813,-1477.241455078,33583,82841,12.5851,7.2195,5.3656,63.9746,0.08387,0.9337,1.0024,1.0735
cql-seed1,cql,51000,13,51000,a68d86690e9a6813,-1477.241455078,29838,52509,14.5545,2.8279,11.7266,63.9746,0.1833,0.8901,1.0355,1.1634
cql-seed1,cql,51000,14,51000,a68d86690e9a6813,-1477.241455078,36307,14110,23.3739,-0.0926,23.4665,63.9746,0.36681,0.9368,1.175,1.2542
cql-seed1,cql,52000,0,52000,8deccd2b8f6d9697,-1511.154418945,237311,68413,41.5032,1.3201,40.1831,62.3075,0.64492,0.8399,1.1367,1.3534
cql-seed1,cql,52000,2,52000,8deccd2b8f6d9697,-1511.154418945,168808,33814,26.605,7.4164,19.1886,62.3075,0.30797,0.8859,0.9999,1.1286
cql-seed1,cql,52000,4,52000,8deccd2b8f6d9697,-1511.154418945,35214,133999,12.5474,5.3945,7.153,62.3075,0.1148,0.8771,0.9657,1.101
cql-seed1,cql,52000,5,52000,8deccd2b8f6d9697,-1511.154418945,40938,30344,16.9394,0.8845,16.0549,62.3075,0.25767,0.9138,1.0747,1.1761
cql-seed1,cql,52000,6,52000,8deccd2b8f6d9697,-1511.154418945,51996,11915,20.8334,1.8524,18.981,62.3075,0.30463,0.9385,1.0984,1.1704
cql-seed1,cql,52000,7,52000,8deccd2b8f6d9697,-1511.154418945,64933,19513,19.512,5.195,14.317,62.3075,0.22978,0.9066,1.0588,1.1679
cql-seed1,cql,52000,11,52000,8deccd2b8f6d9697,-1511.154418945,76763,39227,15.4089,6.0989,9.31,62.3075,0.14942,0.9558,1.028,1.0756
cql-seed1,cql,52000,12,52000,8deccd2b8f6d9697,-1511.154418945,33583,82841,13.212,7.7881,5.4239,62.3075,0.08705,0.9358,1.0034,1.0722
cql-seed1,cql,52000,13,52000,8deccd2b8f6d9697,-1511.154418945,29838,52509,15.1667,2.9917,12.1749,62.3075,0.1954,0.8922,1.0315,1.1561
cql-seed1,cql,52000,14,52000,8deccd2b8f6d9697,-1511.154418945,36307,14110,23.9411,-0.2149,24.1559,62.3075,0.38769,0.939,1.1639,1.2396
cql-seed1,cql,53000,0,53000,dee9116fecd8e499,-1534.303100586,237311,68413,41.0456,1.2391,39.8065,61.5856,0.64636,0.8392,1.1342,1.3516
cql-seed1,cql,53000,2,53000,dee9116fecd8e499,-1534.303100586,168808,33814,25.8195,7.1861,18.6334,61.5856,0.30256,0.8858,1.0016,1.1307
cql-seed1,cql,53000,4,53000,dee9116fecd8e499,-1534.303100586,35214,133999,13.4125,5.8071,7.6054,61.5856,0.12349,0.8777,0.9679,1.1028
cql-seed1,cql,53000,5,53000,dee9116fecd8e499,-1534.303100586,40938,30344,16.7796,1.3681,15.4115,61.5856,0.25025,0.9166,1.0802,1.1785
cql-seed1,cql,53000,6,53000,dee9116fecd8e499,-1534.303100586,51996,11915,20.029,1.598,18.431,61.5856,0.29927,0.9402,1.0999,1.1698
cql-seed1,cql,53000,7,53000,dee9116fecd8e499,-1534.303100586,64933,19513,19.676,5.405,14.271,61.5856,0.23173,0.9036,1.0566,1.1693
cql-seed1,cql,53000,11,53000,dee9116fecd8e499,-1534.303100586,76763,39227,15.6346,6.3196,9.315,61.5856,0.15125,0.9523,1.024,1.0753
cql-seed1,cql,53000,12,53000,dee9116fecd8e499,-1534.303100586,33583,82841,12.4215,7.4733,4.9481,61.5856,0.08035,0.9334,1.0027,1.0742
cql-seed1,cql,53000,13,53000,dee9116fecd8e499,-1534.303100586,29838,52509,14.5304,3.4952,11.0353,61.5856,0.17919,0.887,1.033,1.1647
cql-seed1,cql,53000,14,53000,dee9116fecd8e499,-1534.303100586,36307,14110,22.5511,0.6363,21.9148,61.5856,0.35584,0.9391,1.1698,1.2456
cql-seed1,cql,54000,0,54000,ee59e763b0af4878,-1559.733642578,237311,68413,40.7625,0.2703,40.4922,63.2374,0.64032,0.8396,1.1352,1.3521
cql-seed1,cql,54000,2,54000,ee59e763b0af4878,-1559.733642578,168808,33814,25.8239,6.3753,19.4486,63.2374,0.30755,0.8861,1.0008,1.1294
cql-seed1,cql,54000,4,54000,ee59e763b0af4878,-1559.733642578,35214,133999,12.3667,5.198,7.1687,63.2374,0.11336,0.873,0.9649,1.1052
cql-seed1,cql,54000,5,54000,ee59e763b0af4878,-1559.733642578,40938,30344,16.8254,0.7082,16.1172,63.2374,0.25487,0.91,1.0776,1.1841
cql-seed1,cql,54000,6,54000,ee59e763b0af4878,-1559.733642578,51996,11915,20.4814,0.9209,19.5605,63.2374,0.30932,0.9341,1.0964,1.1738
cql-seed1,cql,54000,7,54000,ee59e763b0af4878,-1559.733642578,64933,19513,19.0321,4.8692,14.1628,63.2374,0.22396,0.9023,1.0561,1.1705
cql-seed1,cql,54000,11,54000,ee59e763b0af4878,-1559.733642578,76763,39227,15.0598,6.0403,9.0195,63.2374,0.14263,0.9506,1.0238,1.0769
cql-seed1,cql,54000,12,54000,ee59e763b0af4878,-1559.733642578,33583,82841,11.2084,6.8738,4.3347,63.2374,0.06855,0.9331,1.0012,1.073
cql-seed1,cql,54000,13,54000,ee59e763b0af4878,-1559.733642578,29838,52509,14.9937,3.027,11.9667,63.2374,0.18923,0.8839,1.0313,1.1667
cql-seed1,cql,54000,14,54000,ee59e763b0af4878,-1559.733642578,36307,14110,23.5124,0.4139,23.0985,63.2374,0.36527,0.9306,1.1665,1.2536
cql-seed1,cql,55000,0,55000,f3ca0e481be2bbf8,-1584.983398438,237311,68413,40.8624,0.8294,40.033,62.5404,0.64011,0.8398,1.1323,1.3483
cql-seed1,cql,55000,2,55000,f3ca0e481be2bbf8,-1584.983398438,168808,33814,25.5681,6.2089,19.3591,62.5404,0.30955,0.8848,0.9967,1.1264
cql-seed1,cql,55000,4,55000,f3ca0e481be2bbf8,-1584.983398438,35214,133999,11.3576,5.0582,6.2994,62.5404,0.10073,0.8712,0.9626,1.1049
cql-seed1,cql,55000,5,55000,f3ca0e481be2bbf8,-1584.983398438,40938,30344,15.1168,1.0227,14.0941,62.5404,0.22536,0.9078,1.0747,1.1839
cql-seed1,cql,55000,6,55000,f3ca0e481be2bbf8,-1584.983398438,51996,11915,20.0969,1.8303,18.2667,62.5404,0.29208,0.9367,1.0968,1.1708
cql-seed1,cql,55000,7,55000,f3ca0e481be2bbf8,-1584.983398438,64933,19513,19.3174,5.0855,14.2319,62.5404,0.22756,0.9036,1.0544,1.1669
cql-seed1,cql,55000,11,55000,f3ca0e481be2bbf8,-1584.983398438,76763,39227,15.1836,6.0927,9.0909,62.5404,0.14536,0.9538,1.0251,1.0748
cql-seed1,cql,55000,12,55000,f3ca0e481be2bbf8,-1584.983398438,33583,82841,11.1269,6.8689,4.258,62.5404,0.06808,0.9352,1.0011,1.0705
cql-seed1,cql,55000,13,55000,f3ca0e481be2bbf8,-1584.983398438,29838,52509,13.953,2.9969,10.9561,62.5404,0.17519,0.8843,1.029,1.1636
cql-seed1,cql,55000,14,55000,f3ca0e481be2bbf8,-1584.983398438,36307,14110,22.915,-0.1423,23.0573,62.5404,0.36868,0.9326,1.1639,1.248
cql-seed1,cql,56000,0,56000,65a9dbcc790bed7c,-1614.775878906,237311,68413,40.224,0.2008,40.0232,62.6733,0.6386,0.8394,1.1346,1.3517
cql-seed1,cql,56000,2,56000,65a9dbcc790bed7c,-1614.775878906,168808,33814,25.8182,6.9685,18.8497,62.6733,0.30076,0.8852,0.9987,1.1282
cql-seed1,cql,56000,4,56000,65a9dbcc790bed7c,-1614.775878906,35214,133999,11.951,5.7033,6.2477,62.6733,0.09969,0.8721,0.9632,1.1045
cql-seed1,cql,56000,5,56000,65a9dbcc790bed7c,-1614.775878906,40938,30344,16.4194,1.3231,15.0963,62.6733,0.24087,0.9069,1.0765,1.1869
cql-seed1,cql,56000,6,56000,65a9dbcc790bed7c,-1614.775878906,51996,11915,20.3946,1.8699,18.5247,62.6733,0.29558,0.9331,1.0938,1.1722
cql-seed1,cql,56000,7,56000,65a9dbcc790bed7c,-1614.775878906,64933,19513,19.715,5.3736,14.3414,62.6733,0.22883,0.9022,1.0546,1.1689
cql-seed1,cql,56000,11,56000,65a9dbcc790bed7c,-1614.775878906,76763,39227,15.4333,6.5325,8.9008,62.6733,0.14202,0.9521,1.024,1.0755
cql-seed1,cql,56000,12,56000,65a9dbcc790bed7c,-1614.775878906,33583,82841,11.5984,7.5805,4.0179,62.6733,0.06411,0.9332,1.0013,1.073
cql-seed1,cql,56000,13,56000,65a9dbcc790bed7c,-1614.775878906,29838,52509,14.5131,3.28,11.2331,62.6733,0.17923,0.8835,1.0299,1.1657
cql-seed1,cql,56000,14,56000,65a9dbcc790bed7c,-1614.775878906,36307,14110,23.0281,0.496,22.5321,62.6733,0.35952,0.9304,1.1656,1.2528
cql-seed1,cql,57000,0,57000,acae21c2225ff16b,-1635.069702148,237311,68413,39.2551,0.1661,39.0891,60.9217,0.64163,0.8389,1.1312,1.3484
cql-seed1,cql,57000,2,57000,acae21c2225ff16b,-1635.069702148,168808,33814,25.1031,6.7458,18.3573,60.9217,0.30133,0.8852,0.998,1.1274
cql-seed1,cql,57000,4,57000,acae21c2225ff16b,-1635.069702148,35214,133999,11.2696,5.4461,5.8234,60.9217,0.09559,0.8711,0.9627,1.1051
cql-seed1,cql,57000,5,57000,acae21c2225ff16b,-1635.069702148,40938,30344,15.5616,1.2733,14.2883,60.9217,0.23453,0.9075,1.0783,1.1881
cql-seed1,cql,57000,6,57000,acae21c2225ff16b,-1635.069702148,51996,11915,19.3445,1.4873,17.8572,60.9217,0.29312,0.9353,1.0983,1.1742
cql-seed1,cql,57000,7,57000,acae21c2225ff16b,-1635.069702148,64933,19513,18.9364,4.7644,14.1721,60.9217,0.23263,0.9037,1.0543,1.1667
cql-seed1,cql,57000,11,57000,acae21c2225ff16b,-1635.069702148,76763,39227,14.2596,5.6181,8.6415,60.9217,0.14185,0.9508,1.0229,1.0758
cql-seed1,cql,57000,12,57000,acae21c2225ff16b,-1635.069702148,33583,82841,11.5396,7.0846,4.4551,60.9217,0.07313,0.9323,1.0001,1.0727
cql-seed1,cql,57000,13,57000,acae21c2225ff16b,-1635.069702148,29838,52509,13.5895,3.1852,10.4043,60.9217,0.17078,0.8836,1.0307,1.1665
cql-seed1,cql,57000,14,57000,acae21c2225ff16b,-1635.069702148,36307,14110,22.5532,0.5105,22.0427,60.9217,0.36182,0.9303,1.1692,1.2568
cql-seed1,cql,58000,0,58000,ce6a3cde65d3377b,-1671.539428711,237311,68413,39.6834,0.1978,39.4857,61.5815,0.64119,0.8392,1.1308,1.3475
cql-seed1,cql,58000,2,58000,ce6a3cde65d3377b,-1671.539428711,168808,33814,25.285,6.4819,18.8031,61.5815,0.30534,0.8873,0.997,1.1237
cql-seed1,cql,58000,4,58000,ce6a3cde65d3377b,-1671.539428711,35214,133999,11.2652,5.5288,5.7364,61.5815,0.09315,0.8738,0.9633,1.1024
cql-seed1,cql,58000,5,58000,ce6a3cde65d3377b,-1671.539428711,40938,30344,15.6626,0.8912,14.7715,61.5815,0.23987,0.9099,1.0786,1.1854
cql-seed1,cql,58000,6,58000,ce6a3cde65d3377b,-1671.539428711,51996,11915,19.7756,1.0644,18.7112,61.5815,0.30384,0.9324,1.0967,1.1762
cql-seed1,cql,58000,7,58000,ce6a3cde65d3377b,-1671.539428711,64933,19513,18.864,4.5668,14.2972,61.5815,0.23217,0.9017,1.0546,1.1696
cql-seed1,cql,58000,11,58000,ce6a3cde65d3377b,-1671.539428711,76763,39227,14.577,5.9615,8.6155,61.5815,0.1399,0.9513,1.024,1.0765
cql-seed1,cql,58000,12,58000,ce6a3cde65d3377b,-1671.539428711,33583,82841,11.4056,7.3194,4.0862,61.5815,0.06635,0.9324,1.0009,1.0734
cql-seed1,cql,58000,13,58000,ce6a3cde65d3377b,-1671.539428711,29838,52509,13.7146,2.9868,10.7279,61.5815,0.17421,0.8854,1.0299,1.1633
cql-seed1,cql,58000,14,58000,ce6a3cde65d3377b,-1671.539428711,36307,14110,23.1853,0.175,23.0103,61.5815,0.37366,0.9298,1.1666,1.2547
cql-seed1,cql,59000,0,59000,cf0503f83fdd6f9a,-1694.539428711,237311,68413,39.3179,0.2712,39.0467,60.8395,0.6418,0.8398,1.1309,1.3466
cql-seed1,cql,59000,2,59000,cf0503f83fdd6f9a,-1694.539428711,168808,33814,25.2501,6.487,18.7632,60.8395,0.3084,0.8876,0.9981,1.1245
cql-seed1,cql,59000,4,59000,cf0503f83fdd6f9a,-1694.539428711,35214,133999,11.3252,5.0121,6.313,60.8395,0.10377,0.8752,0.9632,1.1005
cql-seed1,cql,59000,5,59000,cf0503f83fdd6f9a,-1694.539428711,40938,30344,14.6156,0.4844,14.1313,60.8395,0.23227,0.9079,1.076,1.1852
cql-seed1,cql,59000,6,59000,cf0503f83fdd6f9a,-1694.539428711,51996,11915,19.1133,0.7999,18.3134,60.8395,0.30101,0.9325,1.092,1.171
cql-seed1,cql,59000,7,59000,cf0503f83fdd6f9a,-1694.539428711,64933,19513,18.821,4.6333,14.1877,60.8395,0.2332,0.9012,1.0526,1.1679
cql-seed1,cql,59000,11,59000,cf0503f83fdd6f9a,-1694.539428711,76763,39227,14.5658,5.8425,8.7233,60.8395,0.14338,0.9523,1.0227,1.074
cql-seed1,cql,59000,12,59000,cf0503f83fdd6f9a,-1694.539428711,33583,82841,11.599,7.1387,4.4603,60.8395,0.07331,0.9332,1.0005,1.0722
cql-seed1,cql,59000,13,59000,cf0503f83fdd6f9a,-1694.539428711,29838,52509,13.0308,2.4948,10.536,60.8395,0.17318,0.8864,1.0288,1.1606
cql-seed1,cql,59000,14,59000,cf0503f83fdd6f9a,-1694.539428711,36307,14110,21.5148,-0.3991,21.914,60.8395,0.36019,0.9301,1.1658,1.2535
cql-seed1,cql,60000,0,60000,11d8c9869760efaa,-1723.095214844,237311,68413,38.8388,-0.4201,39.2589,61.2768,0.64068,0.8394,1.1318,1.3484
cql-seed1,cql,60000,2,60000,11d8c9869760efaa,-1723.095214844,168808,33814,24.7944,6.1286,18.6658,61.2768,0.30461,0.8861,0.9995,1.1281
cql-seed1,cql,60000,4,60000,11d8c9869760efaa,-1723.095214844,35214,133999,11.0765,4.6819,6.3946,61.2768,0.10436,0.8817,0.9663,1.096
cql-seed1,cql,60000,5,60000,11d8c9869760efaa,-1723.095214844,40938,30344,14.3814,-0.1904,14.5717,61.2768,0.2378,0.918,1.081,1.1776
cql-seed1,cql,60000,6,60000,11d8c9869760efaa,-1723.095214844,51996,11915,18.6506,0.2422,18.4085,61.2768,0.30041,0.9398,1.0993,1.1697
cql-seed1,cql,60000,7,60000,11d8c9869760efaa,-1723.095214844,64933,19513,17.8667,3.6856,14.1811,61.2768,0.23143,0.9035,1.0535,1.166
cql-seed1,cql,60000,11,60000,11d8c9869760efaa,-1723.095214844,76763,39227,13.7472,5.0,8.7473,61.2768,0.14275,0.9535,1.0241,1.074
cql-seed1,cql,60000,12,60000,11d8c9869760efaa,-1723.095214844,33583,82841,10.2791,6.1949,4.0842,61.2768,0.06665,0.9343,1.0006,1.0709
cql-seed1,cql,60000,13,60000,11d8c9869760efaa,-1723.095214844,29838,52509,12.8694,2.317,10.5525,61.2768,0.17221,0.8954,1.0314,1.1519
cql-seed1,cql,60000,14,60000,11d8c9869760efaa,-1723.095214844,36307,14110,20.9056,-1.0015,21.9071,61.2768,0.35751,0.9416,1.1692,1.2417
cql-seed1,cql,61000,0,61000,7434e8d9b4e73f6d,-1753.762451172,237311,68413,38.5824,-1.5464,40.1288,62.2235,0.64491,0.84,1.1338,1.3498
cql-seed1,cql,61000,2,61000,7434e8d9b4e73f6d,-1753.762451172,168808,33814,24.8515,6.3017,18.5497,62.2235,0.29811,0.8844,0.9956,1.1257
cql-seed1,cql,61000,4,61000,7434e8d9b4e73f6d,-1753.762451172,35214,133999,10.3861,4.7014,5.6847,62.2235,0.09136,0.8749,0.9604,1.0977
cql-seed1,cql,61000,5,61000,7434e8d9b4e73f6d,-1753.762451172,40938,30344,14.0902,-0.2636,14.3539,62.2235,0.23068,0.9093,1.0771,1.1845
cql-seed1,cql,61000,6,61000,7434e8d9b4e73f6d,-1753.762451172,51996,11915,18.229,0.3168,17.9122,62.2235,0.28787,0.9313,1.0941,1.1748
cql-seed1,cql,61000,7,61000,7434e8d9b4e73f6d,-1753.762451172,64933,19513,18.3488,4.0244,14.3244,62.2235,0.23021,0.902,1.0524,1.1668
cql-seed1,cql,61000,11,61000,7434e8d9b4e73f6d,-1753.762451172,76763,39227,13.6437,5.3888,8.255,62.2235,0.13267,0.9515,1.0231,1.0752
cql-seed1,cql,61000,12,61000,7434e8d9b4e73f6d,-1753.762451172,33583,82841,9.854,6.2628,3.5912,62.2235,0.05772,0.9326,0.9993,1.0715
cql-seed1,cql,61000,13,61000,7434e8d9b4e73f6d,-1753.762451172,29838,52509,12.1599,2.1025,10.0574,62.2235,0.16163,0.8858,1.0269,1.1593
cql-seed1,cql,61000,14,61000,7434e8d9b4e73f6d,-1753.762451172,36307,14110,21.6999,-0.5678,22.2677,62.2235,0.35787,0.9312,1.1666,1.2528
cql-seed1,cql,62000,0,62000,be6359b4f29f8f68,-1784.606689453,237311,68413,38.4968,-0.0853,38.5821,60.1518,0.64141,0.8384,1.1268,1.344
cql-seed1,cql,62000,2,62000,be6359b4f29f8f68,-1784.606689453,168808,33814,24.3615,6.2187,18.1428,60.1518,0.30162,0.884,0.9924,1.1227
cql-seed1,cql,62000,4,62000,be6359b4f29f8f68,-1784.606689453,35214,133999,10.7808,4.7105,6.0703,60.1518,0.10092,0.8761,0.9605,1.0963
cql-seed1,cql,62000,5,62000,be6359b4f29f8f68,-1784.606689453,40938,30344,15.0097,-0.076,15.0857,60.1518,0.25079,0.9099,1.0742,1.1805
cql-seed1,cql,62000,6,62000,be6359b4f29f8f68,-1784.606689453,51996,11915,18.7417,0.6717,18.07,60.1518,0.30041,0.9312,1.093,1.1738
cql-seed1,cql,62000,7,62000,be6359b4f29f8f68,-1784.606689453,64933,19513,17.3068,4.0884,13.2184,60.1518,0.21975,0.9014,1.054,1.1693
cql-seed1,cql,62000,11,62000,be6359b4f29f8f68,-1784.606689453,76763,39227,13.745,5.3154,8.4297,60.1518,0.14014,0.9515,1.0222,1.0743
cql-seed1,cql,62000,12,62000,be6359b4f29f8f68,-1784.606689453,33583,82841,10.3331,6.5344,3.7987,60.1518,0.06315,0.9333,0.9995,1.0709
cql-seed1,cql,62000,13,62000,be6359b4f29f8f68,-1784.606689453,29838,52509,13.002,2.1083,10.8937,60.1518,0.1811,0.8871,1.0268,1.1575
cql-seed1,cql,62000,14,62000,be6359b4f29f8f68,-1784.606689453,36307,14110,22.4572,-0.54,22.9972,60.1518,0.38232,0.9301,1.1622,1.2496
cql-seed1,cql,63000,0,63000,9aef7c52eb670391,-1810.758666992,237311,68413,38.0338,-0.7351,38.7689,60.1216,0.64484,0.8383,1.124,1.3408
cql-seed1,cql,63000,2,63000,9aef7c52eb670391,-1810.758666992,168808,33814,24.0577,6.0356,18.022,60.1216,0.29976,0.8853,0.9928,1.1214
cql-seed1,cql,63000,4,63000,9aef7c52eb670391,-1810.758666992,35214,133999,10.4305,5.0737,5.3568,60.1216,0.0891,0.8759,0.9599,1.0958
cql-seed1,cql,63000,5,63000,9aef7c52eb670391,-1810.758666992,40938,30344,14.7342,1.0048,13.7294,60.1216,0.22836,0.9095,1.0747,1.1816
cql-seed1,cql,63000,6,63000,9aef7c52eb670391,-1810.758666992,51996,11915,18.935,0.7315,18.2036,60.1216,0.30278,0.9355,1.0993,1.1751
cql-seed1,cql,63000,7,63000,9aef7c52eb670391,-1810.758666992,64933,19513,17.979,4.1988,13.7802,60.1216,0.22921,0.9033,1.0545,1.1673
cql-seed1,cql,63000,11,63000,9aef7c52eb670391,-1810.758666992,76763,39227,13.1207,4.9369,8.1839,60.1216,0.13612,0.9525,1.0236,1.0747
cql-seed1,cql,63000,12,63000,9aef7c52eb670391,-1810.758666992,33583,82841,10.6876,6.5691,4.1186,60.1216,0.0685,0.9347,1.0001,1.0699
cql-seed1,cql,63000,13,63000,9aef7c52eb670391,-1810.758666992,29838,52509,13.6242,2.9732,10.651,60.1216,0.17716,0.8877,1.0254,1.1551
cql-seed1,cql,63000,14,63000,9aef7c52eb670391,-1810.758666992,36307,14110,22.4078,0.1338,22.2741,60.1216,0.37048,0.9318,1.1649,1.2502
cql-seed1,cql,64000,0,64000,aa3b59e4a4e73c4a,-1839.321044922,237311,68413,38.0774,-1.1892,39.2667,60.3446,0.65071,0.8402,1.129,1.3436
cql-seed1,cql,64000,2,64000,aa3b59e4a4e73c4a,-1839.321044922,168808,33814,24.2882,5.7932,18.495,60.3446,0.30649,0.8848,0.9954,1.1249
cql-seed1,cql,64000,4,64000,aa3b59e4a4e73c4a,-1839.321044922,35214,133999,10.697,4.64,6.057,60.3446,0.10037,0.8765,0.9605,1.0958
cql-seed1,cql,64000,5,64000,aa3b59e4a4e73c4a,-1839.321044922,40938,30344,14.2068,0.1011,14.1057,60.3446,0.23375,0.9077,1.0761,1.1855
cql-seed1,cql,64000,6,64000,aa3b59e4a4e73c4a,-1839.321044922,51996,11915,17.8556,0.4428,17.4128,60.3446,0.28856,0.9312,1.0915,1.1722
cql-seed1,cql,64000,7,64000,aa3b59e4a4e73c4a,-1839.321044922,64933,19513,17.7224,4.1748,13.5475,60.3446,0.2245,0.8999,1.0521,1.1691
cql-seed1,cql,64000,11,64000,aa3b59e4a4e73c4a,-1839.321044922,76763,39227,14.1531,5.6094,8.5437,60.3446,0.14158,0.9489,1.0199,1.0748
cql-seed1,cql,64000,12,64000,aa3b59e4a4e73c4a,-1839.321044922,33583,82841,10.9109,6.8807,4.0302,60.3446,0.06679,0.9335,0.9994,1.0706
cql-seed1,cql,64000,13,64000,aa3b59e4a4e73c4a,-1839.321044922,29838,52509,12.538,2.2591,10.2789,60.3446,0.17034,0.8865,1.0255,1.1568
cql-seed1,cql,64000,14,64000,aa3b59e4a4e73c4a,-1839.321044922,36307,14110,20.5104,-1.1043,21.6147,60.3446,0.35819,0.9322,1.1656,1.2504
cql-seed1,cql,65000,0,65000,b6c310e81b22140d,-1861.970947266,237311,68413,37.2202,-1.5936,38.8138,59.5844,0.65141,0.8377,1.1259,1.344
cql-seed1,cql,65000,2,65000,b6c310e81b22140d,-1861.970947266,168808,33814,23.7094,5.7446,17.9647,59.5844,0.3015,0.8841,0.9937,1.1239
cql-seed1,cql,65000,4,65000,b6c310e81b22140d,-1861.970947266,35214,133999,10.4169,4.7342,5.6828,59.5844,0.09537,0.8762,0.9585,1.094
cql-seed1,cql,65000,5,65000,b6c310e81b22140d,-1861.970947266,40938,30344,15.3766,1.1773,14.1994,59.5844,0.23831,0.9047,1.0731,1.1862
cql-seed1,cql,65000,6,65000,b6c310e81b22140d,-1861.970947266,51996,11915,18.9018,0.8327,18.0691,59.5844,0.30325,0.9317,1.0926,1.1727
cql-seed1,cql,65000,7,65000,b6c310e81b22140d,-1861.970947266,64933,19513,17.5764,4.1465,13.4299,59.5844,0.22539,0.9002,1.0501,1.1665
cql-seed1,cql,65000,11,65000,b6c310e81b22140d,-1861.970947266,76763,39227,13.1003,5.2615,7.8389,59.5844,0.13156,0.9506,1.0204,1.0734
cql-seed1,cql,65000,12,65000,b6c310e81b22140d,-1861.970947266,33583,82841,10.0203,6.5963,3.424,59.5844,0.05747,0.9328,0.9989,1.0709
cql-seed1,cql,65000,13,65000,b6c310e81b22140d,-1861.970947266,29838,52509,13.7586,3.1919,10.5667,59.5844,0.17734,0.8842,1.0238,1.1579
cql-seed1,cql,65000,14,65000,b6c310e81b22140d,-1861.970947266,36307,14110,22.0914,0.0754,22.0159,59.5844,0.36949,0.9273,1.1617,1.2527
cql-seed1,cql,66000,0,66000,37c6941d0fb2d88f,-1899.485107422,237311,68413,37.5804,-0.5691,38.1494,59.5496,0.64063,0.8375,1.1252,1.3435
cql-seed1,cql,66000,2,66000,37c6941d0fb2d88f,-1899.485107422,168808,33814,24.3958,6.0871,18.3087,59.5496,0.30745,0.8851,0.9923,1.1211
cql-seed1,cql,66000,4,66000,37c6941d0fb2d88f,-1899.485107422,35214,133999,10.0777,5.0138,5.0639,59.5496,0.08504,0.8739,0.9595,1.098
cql-seed1,cql,66000,5,66000,37c6941d0fb2d88f,-1899.485107422,40938,30344,13.3977,0.4227,12.9749,59.5496,0.21788,0.9048,1.0755,1.1888
cql-seed1,cql,66000,6,66000,37c6941d0fb2d88f,-1899.485107422,51996,11915,18.6464,0.2069,18.4395,59.5496,0.30965,0.9322,1.0916,1.171
cql-seed1,cql,66000,7,66000,37c6941d0fb2d88f,-1899.485107422,64933,19513,17.3597,4.1322,13.2276,59.5496,0.22213,0.9005,1.0511,1.1672
cql-seed1,cql,66000,11,66000,37c6941d0fb2d88f,-1899.485107422,76763,39227,13.5956,5.2951,8.3005,59.5496,0.13939,0.951,1.0209,1.0734
cql-seed1,cql,66000,12,66000,37c6941d0fb2d88f,-1899.485107422,33583,82841,10.0502,6.2202,3.83,59.5496,0.06432,0.9337,0.9994,1.0703
cql-seed1,cql,66000,13,66000,37c6941d0fb2d88f,-1899.485107422,29838,52509,11.6249,2.0622,9.5627,59.5496,0.16058,0.8846,1.024,1.1575
cql-seed1,cql,66000,14,66000,37c6941d0fb2d88f,-1899.485107422,36307,14110,20.4339,-1.5024,21.9363,59.5496,0.36837,0.9292,1.1617,1.2502
cql-seed1,cql,67000,0,67000,9446af225d048438,-1927.896972656,237311,68413,36.7168,-1.179,37.8957,59.2677,0.6394,0.8394,1.1259,1.3414
cql-seed1,cql,67000,2,67000,9446af225d048438,-1927.896972656,168808,33814,23.5917,5.3741,18.2176,59.2677,0.30738,0.8856,0.993,1.1213
cql-seed1,cql,67000,4,67000,9446af225d048438,-1927.896972656,35214,133999,10.457,5.0319,5.4251,59.2677,0.09154,0.8768,0.9592,1.094
cql-seed1,cql,67000,5,67000,9446af225d048438,-1927.896972656,40938,30344,13.5823,0.6186,12.9637,59.2677,0.21873,0.9103,1.0727,1.1784
cql-seed1,cql,67000,6,67000,9446af225d048438,-1927.896972656,51996,11915,17.5856,0.6337,16.9519,59.2677,0.28602,0.9327,1.0925,1.1713
cql-seed1,cql,67000,7,67000,9446af225d048438,-1927.896972656,64933,19513,16.7313,3.6562,13.0751,59.2677,0.22061,0.9001,1.0508,1.1674
cql-seed1,cql,67000,11,67000,9446af225d048438,-1927.896972656,76763,39227,12.8718,4.9478,7.9241,59.2677,0.1337,0.9503,1.0199,1.0732
cql-seed1,cql,67000,12,67000,9446af225d048438,-1927.896972656,33583,82841,9.8062,6.5168,3.2895,59.2677,0.0555,0.9332,0.9978,1.0693
cql-seed1,cql,67000,13,67000,9446af225d048438,-1927.896972656,29838,52509,11.588,2.4968,9.0912,59.2677,0.15339,0.8865,1.0233,1.1542
cql-seed1,cql,67000,14,67000,9446af225d048438,-1927.896972656,36307,14110,20.7627,-0.8465,21.6093,59.2677,0.3646,0.9297,1.1613,1.2492
cql-seed1,cql,68000,0,68000,7e876b2683f6ff18,-1963.835327148,237311,68413,36.6778,-1.1404,37.8181,58.7326,0.6439,0.8383,1.1235,1.3402
cql-seed1,cql,68000,2,68000,7e876b2683f6ff18,-1963.835327148,168808,33814,23.0484,5.4736,17.5748,58.7326,0.29923,0.8849,0.994,1.1234
cql-seed1,cql,68000,4,68000,7e876b2683f6ff18,-1963.835327148,35214,133999,9.2849,4.6558,4.629,58.7326,0.07882,0.88,0.9605,1.0915
cql-seed1,cql,68000,5,68000,7e876b2683f6ff18,-1963.835327148,40938,30344,13.122,0.1344,12.9876,58.7326,0.22113,0.9084,1.0675,1.1751
cql-seed1,cql,68000,6,68000,7e876b2683f6ff18,-1963.835327148,51996,11915,16.9314,-0.0345,16.9658,58.7326,0.28887,0.9316,1.0918,1.1719
cql-seed1,cql,68000,7,68000,7e876b2683f6ff18,-1963.835327148,64933,19513,16.1705,3.4015,12.7691,58.7326,0.21741,0.9003,1.0506,1.167
cql-seed1,cql,68000,11,68000,7e876b2683f6ff18,-1963.835327148,76763,39227,11.9149,4.4266,7.4882,58.7326,0.1275,0.9484,1.0187,1.0741
cql-seed1,cql,68000,12,68000,7e876b2683f6ff18,-1963.835327148,33583,82841,8.7185,5.5914,3.1271,58.7326,0.05324,0.9326,0.9978,1.0698
cql-seed1,cql,68000,13,68000,7e876b2683f6ff18,-1963.835327148,29838,52509,11.6257,1.8757,9.75,58.7326,0.16601,0.8876,1.0234,1.1529
cql-seed1,cql,68000,14,68000,7e876b2683f6ff18,-1963.835327148,36307,14110,21.2271,-0.944,22.1711,58.7326,0.37749,0.9289,1.1597,1.2485
cql-seed1,cql,69000,0,69000,d57e4cada929458d,-1989.400634766,237311,68413,36.7631,-1.0148,37.7779,58.7106,0.64346,0.8384,1.124,1.3406
cql-seed1,cql,69000,2,69000,d57e4cada929458d,-1989.400634766,168808,33814,23.3617,5.1503,18.2114,58.7106,0.31019,0.8839,0.9902,1.1203
cql-seed1,cql,69000,4,69000,d57e4cada929458d,-1989.400634766,35214,133999,9.9426,4.5355,5.407,58.7106,0.0921,0.8785,0.9577,1.0901
cql-seed1,cql,69000,5,69000,d57e4cada929458d,-1989.400634766,40938,30344,13.3918,-0.0646,13.4564,58.7106,0.2292,0.9108,1.061,1.165
cql-seed1,cql,69000,6,69000,d57e4cada929458d,-1989.400634766,51996,11915,17.5352,-0.4402,17.9754,58.7106,0.30617,0.9305,1.089,1.1702
cql-seed1,cql,69000,7,69000,d57e4cada929458d,-1989.400634766,64933,19513,16.476,3.714,12.762,58.7106,0.21737,0.9008,1.05,1.1655
cql-seed1,cql,69000,11,69000,d57e4cada929458d,-1989.400634766,76763,39227,12.7592,5.045,7.7143,58.7106,0.1314,0.9497,1.0202,1.0742
cql-seed1,cql,69000,12,69000,d57e4cada929458d,-1989.400634766,33583,82841,9.8334,6.3524,3.4809,58.7106,0.05929,0.9336,0.998,1.069
cql-seed1,cql,69000,13,69000,d57e4cada929458d,-1989.400634766,29838,52509,11.4696,2.1469,9.3227,58.7106,0.15879,0.8905,1.0227,1.1485
cql-seed1,cql,69000,14,69000,d57e4cada929458d,-1989.400634766,36307,14110,20.5468,-0.7637,21.3105,58.7106,0.36297,0.9294,1.1585,1.2464
cql-seed1,cql,70000,0,70000,9cf0bf0bc2ca32c7,-2015.406494141,237311,68413,37.1287,-1.6039,38.7326,59.4436,0.65159,0.8396,1.1252,1.3401
cql-seed1,cql,70000,2,70000,9cf0bf0bc2ca32c7,-2015.406494141,168808,33814,23.5492,5.8011,17.7481,59.4436,0.29857,0.885,0.9933,1.1224
cql-seed1,cql,70000,4,70000,9cf0bf0bc2ca32c7,-2015.406494141,35214,133999,8.7907,4.3024,4.4883,59.4436,0.07551,0.8763,0.9578,1.093
cql-seed1,cql,70000,5,70000,9cf0bf0bc2ca32c7,-2015.406494141,40938,30344,12.9118,-0.2385,13.1504,59.4436,0.22122,0.9107,1.0614,1.1655
cql-seed1,cql,70000,6,70000,9cf0bf0bc2ca32c7,-2015.406494141,51996,11915,16.9714,-0.3405,17.3119,59.4436,0.29123,0.9325,1.0902,1.1691
cql-seed1,cql,70000,7,70000,9cf0bf0bc2ca32c7,-2015.406494141,64933,19513,16.812,3.2779,13.5341,59.4436,0.22768,0.9007,1.0501,1.1659
cql-seed1,cql,70000,11,70000,9cf0bf0bc2ca32c7,-2015.406494141,76763,39227,12.5422,4.7754,7.7669,59.4436,0.13066,0.9505,1.0198,1.0729
cql-seed1,cql,70000,12,70000,9cf0bf0bc2ca32c7,-2015.406494141,33583,82841,7.9853,5.4539,2.5314,59.4436,0.04259,0.9331,0.9977,1.0692
cql-seed1,cql,70000,13,70000,9cf0bf0bc2ca32c7,-2015.406494141,29838,52509,10.2092,1.5074,8.7018,59.4436,0.14639,0.8899,1.0229,1.1494
cql-seed1,cql,70000,14,70000,9cf0bf0bc2ca32c7,-2015.406494141,36307,14110,20.1177,-1.7441,21.8618,59.4436,0.36777,0.9317,1.1606,1.2457
cql-seed1,cql,71000,0,71000,2100e5407b142707,-2042.770141602,237311,68413,36.0298,-1.8241,37.8539,58.9265,0.64239,0.8373,1.1225,1.3406
cql-seed1,cql,71000,2,71000,2100e5407b142707,-2042.770141602,168808,33814,22.9884,4.9844,18.0041,58.9265,0.30553,0.8845,0.9923,1.1219
cql-seed1,cql,71000,4,71000,2100e5407b142707,-2042.770141602,35214,133999,9.0507,4.3247,4.726,58.9265,0.0802,0.8792,0.9583,1.0899
cql-seed1,cql,71000,5,71000,2100e5407b142707,-2042.770141602,40938,30344,12.4645,-0.2426,12.7071,58.9265,0.21564,0.9116,1.0611,1.164
cql-seed1,cql,71000,6,71000,2100e5407b142707,-2042.770141602,51996,11915,17.0542,-0.0166,17.0708,58.9265,0.2897,0.933,1.0923,1.1708
cql-seed1,cql,71000,7,71000,2100e5407b142707,-2042.770141602,64933,19513,16.2722,3.6324,12.6398,58.9265,0.2145,0.8995,1.0495,1.1668
cql-seed1,cql,71000,11,71000,2100e5407b142707,-2042.770141602,76763,39227,11.976,4.5518,7.4242,58.9265,0.12599,0.9489,1.0193,1.0742
cql-seed1,cql,71000,12,71000,2100e5407b142707,-2042.770141602,33583,82841,8.497,5.9493,2.5477,58.9265,0.04323,0.9335,0.9981,1.0692
cql-seed1,cql,71000,13,71000,2100e5407b142707,-2042.770141602,29838,52509,10.4855,1.8352,8.6503,58.9265,0.1468,0.8888,1.0227,1.1507
cql-seed1,cql,71000,14,71000,2100e5407b142707,-2042.770141602,36307,14110,20.359,-0.907,21.266,58.9265,0.36089,0.9317,1.1623,1.2475
cql-seed1,cql,72000,0,72000,8acdecdc8e085f40,-2071.896972656,237311,68413,36.4832,-2.2897,38.7729,59.9295,0.64697,0.8384,1.1212,1.3373
cql-seed1,cql,72000,2,72000,8acdecdc8e085f40,-2071.896972656,168808,33814,23.3983,5.175,18.2233,59.9295,0.30408,0.8854,0.9941,1.1228
cql-seed1,cql,72000,4,72000,8acdecdc8e085f40,-2071.896972656,35214,133999,9.3114,4.3081,5.0033,59.9295,0.08349,0.8785,0.9583,1.0908
cql-seed1,cql,72000,5,72000,8acdecdc8e085f40,-2071.896972656,40938,30344,12.9131,-0.1891,13.1023,59.9295,0.21863,0.9122,1.0614,1.1635
cql-seed1,cql,72000,6,72000,8acdecdc8e085f40,-2071.896972656,51996,11915,16.7717,-0.2954,17.0671,59.9295,0.28479,0.9306,1.0909,1.1723
cql-seed1,cql,72000,7,72000,8acdecdc8e085f40,-2071.896972656,64933,19513,16.282,3.1063,13.1757,59.9295,0.21985,0.9001,1.0494,1.1659
cql-seed1,cql,72000,11,72000,8acdecdc8e085f40,-2071.896972656,76763,39227,12.306,4.9438,7.3622,59.9295,0.12285,0.9499,1.0189,1.0726
cql-seed1,cql,72000,12,72000,8acdecdc8e085f40,-2071.896972656,33583,82841,8.7199,5.7617,2.9582,59.9295,0.04936,0.9327,0.9982,1.0702
cql-seed1,cql,72000,13,72000,8acdecdc8e085f40,-2071.896972656,29838,52509,11.2997,1.9362,9.3635,59.9295,0.15624,0.8888,1.0219,1.1497
cql-seed1,cql,72000,14,72000,8acdecdc8e085f40,-2071.896972656,36307,14110,20.0665,-0.7903,20.8568,59.9295,0.34802,0.9282,1.1603,1.25
cql-seed1,cql,73000,0,73000,707a7e781dbf55d4,-2104.855712891,237311,68413,35.7285,-2.0245,37.7529,58.1491,0.64924,0.8379,1.1199,1.3366
cql-seed1,cql,73000,2,73000,707a7e781dbf55d4,-2104.855712891,168808,33814,23.4168,5.8351,17.5817,58.1491,0.30236,0.8838,0.9903,1.1205
cql-seed1,cql,73000,4,73000,707a7e781dbf55d4,-2104.855712891,35214,133999,7.9159,4.1486,3.7672,58.1491,0.06479,0.8761,0.957,1.0923
cql-seed1,cql,73000,5,73000,707a7e781dbf55d4,-2104.855712891,40938,30344,12.3954,-0.1364,12.5318,58.1491,0.21551,0.9096,1.058,1.1631
cql-seed1,cql,73000,6,73000,707a7e781dbf55d4,-2104.855712891,51996,11915,17.3149,0.1897,17.1253,58.1491,0.29451,0.9301,1.0934,1.1757
cql-seed1,cql,73000,7,73000,707a7e781dbf55d4,-2104.855712891,64933,19513,16.5732,3.4634,13.1098,58.1491,0.22545,0.8985,1.0487,1.1673
cql-seed1,cql,73000,11,73000,707a7e781dbf55d4,-2104.855712891,76763,39227,12.3378,4.9106,7.4273,58.1491,0.12773,0.949,1.0187,1.0734
cql-seed1,cql,73000,12,73000,707a7e781dbf55d4,-2104.855712891,33583,82841,8.9105,6.1774,2.7332,58.1491,0.047,0.9329,0.9978,1.0696
cql-seed1,cql,73000,13,73000,707a7e781dbf55d4,-2104.855712891,29838,52509,9.7279,1.7915,7.9364,58.1491,0.13648,0.8858,1.0208,1.1524
cql-seed1,cql,73000,14,73000,707a7e781dbf55d4,-2104.855712891,36307,14110,19.0108,-0.9809,19.9917,58.1491,0.3438,0.9248,1.1575,1.2517
cql-seed1,cql,74000,0,74000,99dd762a443b56e8,-2138.984863281,237311,68413,34.8744,-1.9378,36.8122,56.9772,0.64609,0.838,1.1227,1.3397
cql-seed1,cql,74000,2,74000,99dd762a443b56e8,-2138.984863281,168808,33814,22.8736,5.3439,17.5297,56.9772,0.30766,0.8854,0.9915,1.1198
cql-seed1,cql,74000,4,74000,99dd762a443b56e8,-2138.984863281,35214,133999,8.2618,4.3598,3.9021,56.9772,0.06849,0.874,0.9565,1.0943
cql-seed1,cql,74000,5,74000,99dd762a443b56e8,-2138.984863281,40938,30344,11.9581,-0.1426,12.1008,56.9772,0.21238,0.9095,1.0596,1.165
cql-seed1,cql,74000,6,74000,99dd762a443b56e8,-2138.984863281,51996,11915,16.1631,-0.2457,16.4088,56.9772,0.28799,0.9297,1.0892,1.1715
cql-seed1,cql,74000,7,74000,99dd762a443b56e8,-2138.984863281,64933,19513,15.7558,2.9573,12.7985,56.9772,0.22462,0.8993,1.0523,1.1702
cql-seed1,cql,74000,11,74000,99dd762a443b56e8,-2138.984863281,76763,39227,11.5405,4.546,6.9946,56.9772,0.12276,0.9494,1.0196,1.0739
cql-seed1,cql,74000,12,74000,99dd762a443b56e8,-2138.984863281,33583,82841,8.4557,5.9611,2.4946,56.9772,0.04378,0.9327,0.9972,1.0692
cql-seed1,cql,74000,13,74000,99dd762a443b56e8,-2138.984863281,29838,52509,10.2167,2.12,8.0967,56.9772,0.1421,0.8872,1.0225,1.1524
cql-seed1,cql,74000,14,74000,99dd762a443b56e8,-2138.984863281,36307,14110,19.1566,-1.0593,20.2159,56.9772,0.35481,0.9262,1.1577,1.25
cql-seed1,cql,75000,0,75000,4f5547e3031afef2,-2162.839355469,237311,68413,35.0045,-2.4508,37.4552,58.1539,0.64407,0.8386,1.1215,1.3374
cql-seed1,cql,75000,2,75000,4f5547e3031afef2,-2162.839355469,168808,33814,22.9729,5.5256,17.4473,58.1539,0.30002,0.8848,0.9908,1.1199
cql-seed1,cql,75000,4,75000,4f5547e3031afef2,-2162.839355469,35214,133999,8.1241,4.4049,3.7192,58.1539,0.06395,0.8773,0.9566,1.0904
cql-seed1,cql,75000,5,75000,4f5547e3031afef2,-2162.839355469,40938,30344,12.4574,0.4298,12.0276,58.1539,0.20682,0.9109,1.058,1.1615
cql-seed1,cql,75000,6,75000,4f5547e3031afef2,-2162.839355469,51996,11915,16.1236,-0.4546,16.5782,58.1539,0.28507,0.9307,1.0861,1.167
cql-seed1,cql,75000,7,75000,4f5547e3031afef2,-2162.839355469,64933,19513,15.3175,3.2824,12.0351,58.1539,0.20695,0.8989,1.0478,1.1655
cql-seed1,cql,75000,11,75000,4f5547e3031afef2,-2162.839355469,76763,39227,11.653,4.3972,7.2558,58.1539,0.12477,0.9495,1.0194,1.0736
cql-seed1,cql,75000,12,75000,4f5547e3031afef2,-2162.839355469,33583,82841,7.3808,5.2416,2.1392,58.1539,0.03679,0.9338,0.9972,1.0679
cql-seed1,cql,75000,13,75000,4f5547e3031afef2,-2162.839355469,29838,52509,9.0447,2.2465,6.7983,58.1539,0.1169,0.8885,1.0205,1.1486
cql-seed1,cql,75000,14,75000,4f5547e3031afef2,-2162.839355469,36307,14110,19.3822,-0.5567,19.9389,58.1539,0.34286,0.9278,1.155,1.2448
cql-seed1,cql,76000,0,76000,83b92a21cdca03fa,-2197.595703125,237311,68413,35.3745,-1.8963,37.2708,57.6085,0.64697,0.8379,1.1193,1.3358
cql-seed1,cql,76000,2,76000,83b92a21cdca03fa,-2197.595703125,168808,33814,22.3585,5.2493,17.1092,57.6085,0.29699,0.8832,0.9892,1.12
cql-seed1,cql,76000,4,76000,83b92a21cdca03fa,-2197.595703125,35214,133999,8.027,4.3072,3.7199,57.6085,0.06457,0.8756,0.9571,1.0931
cql-seed1,cql,76000,5,76000,83b92a21cdca03fa,-2197.595703125,40938,30344,12.5456,0.1393,12.4062,57.6085,0.21535,0.9106,1.0587,1.1627
cql-seed1,cql,76000,6,76000,83b92a21cdca03fa,-2197.595703125,51996,11915,16.3925,-0.4751,16.8676,57.6085,0.2928,0.9286,1.0875,1.1712
cql-seed1,cql,76000,7,76000,83b92a21cdca03fa,-2197.595703125,64933,19513,15.7114,3.379,12.3324,57.6085,0.21407,0.8994,1.0512,1.1687
cql-seed1,cql,76000,11,76000,83b92a21cdca03fa,-2197.595703125,76763,39227,12.2205,4.4715,7.7491,57.6085,0.13451,0.949,1.0185,1.0732
cql-seed1,cql,76000,12,76000,83b92a21cdca03fa,-2197.595703125,33583,82841,8.4922,5.6213,2.8709,57.6085,0.04984,0.9322,0.998,1.0706
cql-seed1,cql,76000,13,76000,83b92a21cdca03fa,-2197.595703125,29838,52509,10.7038,2.2423,8.4615,57.6085,0.14688,0.8876,1.022,1.1513
cql-seed1,cql,76000,14,76000,83b92a21cdca03fa,-2197.595703125,36307,14110,20.2495,-0.6896,20.9392,57.6085,0.36347,0.9277,1.1546,1.2445
cql-seed1,cql,77000,0,77000,557722be3af1af8c,-2233.586914062,237311,68413,35.322,-1.5112,36.8332,57.2625,0.64323,0.8371,1.1198,1.3377
cql-seed1,cql,77000,2,77000,557722be3af1af8c,-2233.586914062,168808,33814,23.2674,5.6623,17.6051,57.2625,0.30745,0.8854,0.9928,1.1212
cql-seed1,cql,77000,4,77000,557722be3af1af8c,-2233.586914062,35214,133999,7.4883,4.4484,3.04,57.2625,0.05309,0.8764,0.9561,1.0909
cql-seed1,cql,77000,5,77000,557722be3af1af8c,-2233.586914062,40938,30344,12.062,0.1293,11.9327,57.2625,0.20839,0.9081,1.0567,1.1636
cql-seed1,cql,77000,6,77000,557722be3af1af8c,-2233.586914062,51996,11915,16.5286,0.0455,16.4831,57.2625,0.28785,0.9292,1.0883,1.1713
cql-seed1,cql,77000,7,77000,557722be3af1af8c,-2233.586914062,64933,19513,16.0686,3.7162,12.3524,57.2625,0.21572,0.9005,1.049,1.1649
cql-seed1,cql,77000,11,77000,557722be3af1af8c,-2233.586914062,76763,39227,12.352,4.9253,7.4267,57.2625,0.1297,0.9488,1.0185,1.0734
cql-seed1,cql,77000,12,77000,557722be3af1af8c,-2233.586914062,33583,82841,8.4141,6.0667,2.3474,57.2625,0.04099,0.9332,0.9967,1.068
cql-seed1,cql,77000,13,77000,557722be3af1af8c,-2233.586914062,29838,52509,8.9188,2.0845,6.8343,57.2625,0.11935,0.8868,1.02,1.1502
cql-seed1,cql,77000,14,77000,557722be3af1af8c,-2233.586914062,36307,14110,19.1188,-0.7384,19.8572,57.2625,0.34677,0.9247,1.1541,1.2482
cql-seed1,cql,78000,0,78000,4641a1ed687310c0,-2263.744873047,237311,68413,34.8125,-2.4953,37.3078,58.0526,0.64266,0.8383,1.1205,1.3367
cql-seed1,cql,78000,2,78000,4641a1ed687310c0,-2263.744873047,168808,33814,22.3065,5.1726,17.1339,58.0526,0.29514,0.883,0.9891,1.1202
cql-seed1,cql,78000,4,78000,4641a1ed687310c0,-2263.744873047,35214,133999,7.3813,4.121,3.2603,58.0526,0.05616,0.8747,0.9555,1.0923
cql-seed1,cql,78000,5,78000,4641a1ed687310c0,-2263.744873047,40938,30344,11.222,-0.0192,11.2412,58.0526,0.19364,0.9077,1.0564,1.1638
cql-seed1,cql,78000,6,78000,4641a1ed687310c0,-2263.744873047,51996,11915,15.19,-1.0806,16.2706,58.0526,0.28027,0.9307,1.0858,1.1666
cql-seed1,cql,78000,7,78000,4641a1ed687310c0,-2263.744873047,64933,19513,14.6792,2.6134,12.0658,58.0526,0.20784,0.898,1.0461,1.1649
cql-seed1,cql,78000,11,78000,4641a1ed687310c0,-2263.744873047,76763,39227,11.8436,4.4874,7.3563,58.0526,0.12672,0.9491,1.0185,1.0731
cql-seed1,cql,78000,12,78000,4641a1ed687310c0,-2263.744873047,33583,82841,7.6115,5.7331,1.8784,58.0526,0.03236,0.9321,0.9959,1.0684
cql-seed1,cql,78000,13,78000,4641a1ed687310c0,-2263.744873047,29838,52509,9.0706,1.881,7.1896,58.0526,0.12385,0.8843,1.0194,1.1528
cql-seed1,cql,78000,14,78000,4641a1ed687310c0,-2263.744873047,36307,14110,18.57,-1.8937,20.4637,58.0526,0.3525,0.9288,1.1571,1.2458
cql-seed1,cql,79000,0,79000,fd48a6c55a7ff3ab,-2293.288818359,237311,68413,35.0495,-2.1315,37.1811,58.1834,0.63903,0.8372,1.1206,1.3385
cql-seed1,cql,79000,2,79000,fd48a6c55a7ff3ab,-2293.288818359,168808,33814,22.6313,5.1373,17.494,58.1834,0.30067,0.8848,0.9904,1.1193
cql-seed1,cql,79000,4,79000,fd48a6c55a7ff3ab,-2293.288818359,35214,133999,6.6663,3.7621,2.9042,58.1834,0.04992,0.8786,0.9559,1.0879
cql-seed1,cql,79000,5,79000,fd48a6c55a7ff3ab,-2293.288818359,40938,30344,10.2759,-1.0209,11.2968,58.1834,0.19416,0.9139,1.0584,1.1581
cql-seed1,cql,79000,6,79000,fd48a6c55a7ff3ab,-2293.288818359,51996,11915,15.431,-0.6329,16.0639,58.1834,0.27609,0.9311,1.0907,1.1714
cql-seed1,cql,79000,7,79000,fd48a6c55a7ff3ab,-2293.288818359,64933,19513,15.3144,3.2463,12.0681,58.1834,0.20742,0.8997,1.0455,1.1621
cql-seed1,cql,79000,11,79000,fd48a6c55a7ff3ab,-2293.288818359,76763,39227,11.636,4.3569,7.2791,58.1834,0.12511,0.9493,1.017,1.0713
cql-seed1,cql,79000,12,79000,fd48a6c55a7ff3ab,-2293.288818359,33583,82841,7.2645,5.216,2.0486,58.1834,0.03521,0.9323,0.996,1.0683
cql-seed1,cql,79000,13,79000,fd48a6c55a7ff3ab,-2293.288818359,29838,52509,7.8451,1.245,6.6001,58.1834,0.11344,0.8879,1.02,1.1488
cql-seed1,cql,79000,14,79000,fd48a6c55a7ff3ab,-2293.288818359,36307,14110,17.5845,-2.0775,19.662,58.1834,0.33793,0.9288,1.156,1.2446
cql-seed1,cql,80000,0,80000,21ae6901f2d05a19,-2326.046875,237311,68413,33.946,-2.3323,36.2783,57.519,0.63072,0.8374,1.1187,1.3359
cql-seed1,cql,80000,2,80000,21ae6901f2d05a19,-2326.046875,168808,33814,22.1847,4.5335,17.6511,57.519,0.30687,0.8839,0.9909,1.121
cql-seed1,cql,80000,4,80000,21ae6901f2d05a19,-2326.046875,35214,133999,7.1838,3.9846,3.1992,57.519,0.05562,0.8787,0.9564,1.0885
cql-seed1,cql,80000,5,80000,21ae6901f2d05a19,-2326.046875,40938,30344,10.8503,-0.5328,11.3831,57.519,0.1979,0.9111,1.0569,1.1601
cql-seed1,cql,80000,6,80000,21ae6901f2d05a19,-2326.046875,51996,11915,15.5013,-1.2058,16.7072,57.519,0.29046,0.9285,1.0866,1.1703
cql-seed1,cql,80000,7,80000,21ae6901f2d05a19,-2326.046875,64933,19513,15.1851,2.9082,12.2769,57.519,0.21344,0.9,1.0456,1.1618
cql-seed1,cql,80000,11,80000,21ae6901f2d05a19,-2326.046875,76763,39227,11.2802,4.212,7.0683,57.519,0.12289,0.949,1.0165,1.0711
cql-seed1,cql,80000,12,80000,21ae6901f2d05a19,-2326.046875,33583,82841,6.6311,5.0839,1.5472,57.519,0.0269,0.9322,0.9964,1.0689
cql-seed1,cql,80000,13,80000,21ae6901f2d05a19,-2326.046875,29838,52509,8.8605,1.8517,7.0088,57.519,0.12185,0.8885,1.0213,1.1495
cql-seed1,cql,80000,14,80000,21ae6901f2d05a19,-2326.046875,36307,14110,17.7934,-1.873,19.6664,57.519,0.34191,0.9263,1.1558,1.2478
cql-seed1,cql,81000,0,81000,48bc1a1c49e03bd5,-2357.616210938,237311,68413,33.4373,-3.2298,36.6671,57.0848,0.64233,0.8377,1.1191,1.3359
cql-seed1,cql,81000,2,81000,48bc1a1c49e03bd5,-2357.616210938,168808,33814,22.1217,4.8714,17.2503,57.0848,0.30219,0.8839,0.9909,1.121
cql-seed1,cql,81000,4,81000,48bc1a1c49e03bd5,-2357.616210938,35214,133999,7.1496,3.7793,3.3703,57.0848,0.05904,0.8786,0.9569,1.089
cql-seed1,cql,81000,5,81000,48bc1a1c49e03bd5,-2357.616210938,40938,30344,10.7252,-0.7063,11.4316,57.0848,0.20026,0.9109,1.0594,1.1631
cql-seed1,cql,81000,6,81000,48bc1a1c49e03bd5,-2357.616210938,51996,11915,15.0931,-0.4782,15.5713,57.0848,0.27278,0.9305,1.0857,1.1668
cql-seed1,cql,81000,7,81000,48bc1a1c49e03bd5,-2357.616210938,64933,19513,15.2989,2.9688,12.3301,57.0848,0.216,0.8978,1.046,1.1651
cql-seed1,cql,81000,11,81000,48bc1a1c49e03bd5,-2357.616210938,76763,39227,11.0539,3.9493,7.1047,57.0848,0.12446,0.9491,1.0174,1.072
cql-seed1,cql,81000,12,81000,48bc1a1c49e03bd5,-2357.616210938,33583,82841,7.3069,5.394,1.9128,57.0848,0.03351,0.9334,0.9968,1.0679
cql-seed1,cql,81000,13,81000,48bc1a1c49e03bd5,-2357.616210938,29838,52509,9.2636,1.579,7.6846,57.0848,0.13462,0.8907,1.0211,1.1464
cql-seed1,cql,81000,14,81000,48bc1a1c49e03bd5,-2357.616210938,36307,14110,17.9427,-1.6104,19.5531,57.0848,0.34253,0.9337,1.1593,1.2417
cql-seed1,cql,82000,0,82000,099477985e702089,-2385.828369141,237311,68413,33.4085,-2.4813,35.8898,56.4116,0.63621,0.8378,1.1194,1.3362
cql-seed1,cql,82000,2,82000,099477985e702089,-2385.828369141,168808,33814,22.4956,5.639,16.8566,56.4116,0.29881,0.8837,0.9891,1.1192
cql-seed1,cql,82000,4,82000,099477985e702089,-2385.828369141,35214,133999,6.8293,3.9251,2.9042,56.4116,0.05148,0.8772,0.9562,1.0901
cql-seed1,cql,82000,5,82000,099477985e702089,-2385.828369141,40938,30344,10.2491,-0.544,10.7931,56.4116,0.19133,0.9108,1.0566,1.16
cql-seed1,cql,82000,6,82000,099477985e702089,-2385.828369141,51996,11915,15.029,-0.5392,15.5682,56.4116,0.27598,0.9302,1.0882,1.1698
cql-seed1,cql,82000,7,82000,099477985e702089,-2385.828369141,64933,19513,14.4364,3.1212,11.3152,56.4116,0.20058,0.8979,1.0449,1.1637
cql-seed1,cql,82000,11,82000,099477985e702089,-2385.828369141,76763,39227,10.8954,4.1903,6.7052,56.4116,0.11886,0.9487,1.0167,1.0716
cql-seed1,cql,82000,12,82000,099477985e702089,-2385.828369141,33583,82841,6.8662,5.1484,1.7178,56.4116,0.03045,0.9323,0.9957,1.0679
cql-seed1,cql,82000,13,82000,099477985e702089,-2385.828369141,29838,52509,8.9613,1.4214,7.5399,56.4116,0.13366,0.8875,1.0205,1.1498
cql-seed1,cql,82000,14,82000,099477985e702089,-2385.828369141,36307,14110,17.9561,-1.4628,19.4189,56.4116,0.34424,0.9294,1.158,1.2459
cql-seed1,cql,83000,0,83000,5c7edeac63d1a7e1,-2415.400878906,237311,68413,33.6614,-2.6622,36.3236,56.8572,0.63886,0.8379,1.1192,1.3357
cql-seed1,cql,83000,2,83000,5c7edeac63d1a7e1,-2415.400878906,168808,33814,21.8291,4.96,16.8691,56.8572,0.29669,0.883,0.99,1.1211
cql-seed1,cql,83000,4,83000,5c7edeac63d1a7e1,-2415.400878906,35214,133999,6.91,3.6608,3.2493,56.8572,0.05715,0.8773,0.9563,1.09
cql-seed1,cql,83000,5,83000,5c7edeac63d1a7e1,-2415.400878906,40938,30344,10.4098,-0.921,11.3308,56.8572,0.19929,0.908,1.0587,1.166
cql-seed1,cql,83000,6,83000,5c7edeac63d1a7e1,-2415.400878906,51996,11915,15.0916,-0.7502,15.8419,56.8572,0.27863,0.9296,1.0901,1.1726
cql-seed1,cql,83000,7,83000,5c7edeac63d1a7e1,-2415.400878906,64933,19513,14.3244,2.5979,11.7265,56.8572,0.20625,0.8984,1.0484,1.1669
cql-seed1,cql,83000,11,83000,5c7edeac63d1a7e1,-2415.400878906,76763,39227,11.5813,4.5024,7.0789,56.8572,0.1245,0.95,1.0184,1.072
cql-seed1,cql,83000,12,83000,5c7edeac63d1a7e1,-2415.400878906,33583,82841,6.7802,5.3217,1.4585,56.8572,0.02565,0.9332,0.9969,1.0683
cql-seed1,cql,83000,13,83000,5c7edeac63d1a7e1,-2415.400878906,29838,52509,7.7417,1.1214,6.6203,56.8572,0.11644,0.8861,1.0204,1.1515
cql-seed1,cql,83000,14,83000,5c7edeac63d1a7e1,-2415.400878906,36307,14110,18.0585,-1.9528,20.0112,56.8572,0.35196,0.928,1.159,1.2489
cql-seed1,cql,84000,0,84000,7267921827445e3c,-2446.119628906,237311,68413,33.4931,-2.9329,36.426,56.6375,0.64314,0.837,1.1173,1.3349
cql-seed1,cql,84000,2,84000,7267921827445e3c,-2446.119628906,168808,33814,22.3039,5.1256,17.1783,56.6375,0.3033,0.8835,0.9865,1.1166
cql-seed1,cql,84000,4,84000,7267921827445e3c,-2446.119628906,35214,133999,6.6059,4.3343,2.2717,56.6375,0.04011,0.8799,0.9571,1.0877
cql-seed1,cql,84000,5,84000,7267921827445e3c,-2446.119628906,40938,30344,10.0956,-0.661,10.7566,56.6375,0.18992,0.9114,1.0607,1.1638
cql-seed1,cql,84000,6,84000,7267921827445e3c,-2446.119628906,51996,11915,14.8342,-0.8409,15.6752,56.6375,0.27676,0.9285,1.0866,1.1703
cql-seed1,cql,84000,7,84000,7267921827445e3c,-2446.119628906,64933,19513,14.204,2.3624,11.8416,56.6375,0.20908,0.8982,1.0468,1.1654
cql-seed1,cql,84000,11,84000,7267921827445e3c,-2446.119628906,76763,39227,11.3064,4.1027,7.2038,56.6375,0.12719,0.9479,1.016,1.0718
cql-seed1,cql,84000,12,84000,7267921827445e3c,-2446.119628906,33583,82841,6.9909,5.3465,1.6444,56.6375,0.02903,0.9332,0.9963,1.0676
cql-seed1,cql,84000,13,84000,7267921827445e3c,-2446.119628906,29838,52509,8.6211,1.4176,7.2035,56.6375,0.12719,0.8873,1.022,1.1518
cql-seed1,cql,84000,14,84000,7267921827445e3c,-2446.119628906,36307,14110,18.1818,-1.8436,20.0255,56.6375,0.35357,0.9276,1.1585,1.249
cql-seed1,cql,85000,0,85000,50aaa1572ed468d1,-2471.609375,237311,68413,32.7793,-2.4807,35.26,54.9928,0.64118,0.8375,1.1158,1.3322
cql-seed1,cql,85000,2,85000,50aaa1572ed468d1,-2471.609375,168808,33814,21.8245,5.1123,16.7122,54.9928,0.3039,0.8825,0.9852,1.1163
cql-seed1,cql,85000,4,85000,50aaa1572ed468d1,-2471.609375,35214,133999,5.4621,3.6808,1.7813,54.9928,0.03239,0.8757,0.9555,1.0911
cql-seed1,cql,85000,5,85000,50aaa1572ed468d1,-2471.609375,40938,30344,9.1359,-0.6326,9.7685,54.9928,0.17763,0.907,1.0518,1.1597
cql-seed1,cql,85000,6,85000,50aaa1572ed468d1,-2471.609375,51996,11915,15.2436,-1.0365,16.28,54.9928,0.29604,0.9286,1.0827,1.166
cql-seed1,cql,85000,7,85000,50aaa1572ed468d1,-2471.609375,64933,19513,14.9394,3.0971,11.8423,54.9928,0.21534,0.8984,1.0471,1.1656
cql-seed1,cql,85000,11,85000,50aaa1572ed468d1,-2471.609375,76763,39227,10.983,4.1802,6.8028,54.9928,0.1237,0.9475,1.0166,1.073
cql-seed1,cql,85000,12,85000,50aaa1572ed468d1,-2471.609375,33583,82841,7.044,5.4441,1.6,54.9928,0.02909,0.932,0.9959,1.0686
cql-seed1,cql,85000,13,85000,50aaa1572ed468d1,-2471.609375,29838,52509,7.5711,1.4689,6.1022,54.9928,0.11096,0.8858,1.0201,1.1516
cql-seed1,cql,85000,14,85000,50aaa1572ed468d1,-2471.609375,36307,14110,16.6271,-1.8306,18.4577,54.9928,0.33564,0.9262,1.152,1.2439
cql-seed1,cql,86000,0,86000,646878bf6ac17603,-2504.836181641,237311,68413,32.6787,-3.4413,36.1199,56.8731,0.6351,0.8371,1.1163,1.3335
cql-seed1,cql,86000,2,86000,646878bf6ac17603,-2504.836181641,168808,33814,21.3823,3.9724,17.41,56.8731,0.30612,0.8842,0.9894,1.119
cql-seed1,cql,86000,4,86000,646878bf6ac17603,-2504.836181641,35214,133999,5.9123,3.9736,1.9387,56.8731,0.03409,0.8762,0.9547,1.0896
cql-seed1,cql,86000,5,86000,646878bf6ac17603,-2504.836181641,40938,30344,10.2937,0.2316,10.0621,56.8731,0.17692,0.9079,1.0496,1.1561
cql-seed1,cql,86000,6,86000,646878bf6ac17603,-2504.836181641,51996,11915,14.8869,-0.4992,15.3862,56.8731,0.27054,0.9284,1.0824,1.1659
cql-seed1,cql,86000,7,86000,646878bf6ac17603,-2504.836181641,64933,19513,14.3526,2.2989,12.0538,56.8731,0.21194,0.8978,1.0453,1.1644
cql-seed1,cql,86000,11,86000,646878bf6ac17603,-2504.836181641,76763,39227,10.7014,3.5762,7.1251,56.8731,0.12528,0.9476,1.0159,1.0721
cql-seed1,cql,86000,12,86000,646878bf6ac17603,-2504.836181641,33583,82841,6.2114,4.8392,1.3722,56.8731,0.02413,0.9343,0.996,1.066
cql-seed1,cql,86000,13,86000,646878bf6ac17603,-2504.836181641,29838,52509,8.1098,1.8687,6.2411,56.8731,0.10974,0.8863,1.019,1.1498
cql-seed1,cql,86000,14,86000,646878bf6ac17603,-2504.836181641,36307,14110,17.8262,-1.4641,19.2903,56.8731,0.33918,0.9255,1.1497,1.2423
cql-seed1,cql,87000,0,87000,1bd3fb91bdc3a4a4,-2537.829345703,237311,68413,32.4603,-3.352,35.8123,56.7296,0.63128,0.8384,1.1192,1.3349
cql-seed1,cql,87000,2,87000,1bd3fb91bdc3a4a4,-2537.829345703,168808,33814,21.5115,4.5196,16.9918,56.7296,0.29952,0.8832,0.989,1.1198
cql-seed1,cql,87000,4,87000,1bd3fb91bdc3a4a4,-2537.829345703,35214,133999,6.6281,3.9879,2.6402,56.7296,0.04654,0.8766,0.9559,1.0905
cql-seed1,cql,87000,5,87000,1bd3fb91bdc3a4a4,-2537.829345703,40938,30344,10.404,-0.3234,10.7273,56.7296,0.1891,0.9087,1.0506,1.1562
cql-seed1,cql,87000,6,87000,1bd3fb91bdc3a4a4,-2537.829345703,51996,11915,14.8896,-0.815,15.7046,56.7296,0.27683,0.9287,1.0847,1.168
cql-seed1,cql,87000,7,87000,1bd3fb91bdc3a4a4,-2537.829345703,64933,19513,14.2147,2.1526,12.0621,56.7296,0.21262,0.8985,1.0468,1.1651
cql-seed1,cql,87000,11,87000,1bd3fb91bdc3a4a4,-2537.829345703,76763,39227,11.282,4.4079,6.874,56.7296,0.12117,0.9484,1.0155,1.0708
cql-seed1,cql,87000,12,87000,1bd3fb91bdc3a4a4,-2537.829345703,33583,82841,6.3974,5.4902,0.9071,56.7296,0.01599,0.9324,0.9963,1.0685
cql-seed1,cql,87000,13,87000,1bd3fb91bdc3a4a4,-2537.829345703,29838,52509,8.3676,1.9479,6.4197,56.7296,0.11316,0.8859,1.0202,1.1516
cql-seed1,cql,87000,14,87000,1bd3fb91bdc3a4a4,-2537.829345703,36307,14110,17.5553,-1.6904,19.2457,56.7296,0.33925,0.924,1.1534,1.2483
cql-seed1,cql,88000,0,88000,2ce4df5d2ef24363,-2560.806640625,237311,68413,32.9763,-3.0369,36.0133,56.9149,0.63276,0.8368,1.1159,1.3335
cql-seed1,cql,88000,2,88000,2ce4df5d2ef24363,-2560.806640625,168808,33814,20.9303,4.1349,16.7953,56.9149,0.2951,0.8828,0.9893,1.1206
cql-seed1,cql,88000,4,88000,2ce4df5d2ef24363,-2560.806640625,35214,133999,6.6797,3.983,2.6968,56.9149,0.04738,0.876,0.9558,1.0911
cql-seed1,cql,88000,5,88000,2ce4df5d2ef24363,-2560.806640625,40938,30344,10.5253,-0.4052,10.9305,56.9149,0.19205,0.9082,1.0497,1.1558
cql-seed1,cql,88000,6,88000,2ce4df5d2ef24363,-2560.806640625,51996,11915,14.5805,-1.198,15.7785,56.9149,0.27723,0.9275,1.0862,1.1711
cql-seed1,cql,88000,7,88000,2ce4df5d2ef24363,-2560.806640625,64933,19513,14.0864,2.2148,11.8716,56.9149,0.20859,0.8977,1.0455,1.1646
cql-seed1,cql,88000,11,88000,2ce4df5d2ef24363,-2560.806640625,76763,39227,10.636,4.1619,6.4741,56.9149,0.11375,0.9468,1.0153,1.0723
cql-seed1,cql,88000,12,88000,2ce4df5d2ef24363,-2560.806640625,33583,82841,5.8754,4.715,1.1604,56.9149,0.02039,0.9326,0.9956,1.0676
cql-seed1,cql,88000,13,88000,2ce4df5d2ef24363,-2560.806640625,29838,52509,8.1044,1.5725,6.532,56.9149,0.11477,0.8838,1.0185,1.1525
cql-seed1,cql,88000,14,88000,2ce4df5d2ef24363,-2560.806640625,36307,14110,17.3301,-1.5487,18.8788,56.9149,0.3317,0.923,1.1531,1.2493
cql-seed1,cql,89000,0,89000,9b7fab93f63c56f4,-2597.922363281,237311,68413,31.8634,-3.2015,35.0649,56.359,0.62217,0.8369,1.1146,1.3319
cql-seed1,cql,89000,2,89000,9b7fab93f63c56f4,-2597.922363281,168808,33814,20.9494,4.0145,16.935,56.359,0.30048,0.8824,0.9874,1.119
cql-seed1,cql,89000,4,89000,9b7fab93f63c56f4,-2597.922363281,35214,133999,5.7174,3.4317,2.2856,56.359,0.04055,0.8781,0.9545,1.0871
cql-seed1,cql,89000,5,89000,9b7fab93f63c56f4,-2597.922363281,40938,30344,9.5159,-0.7375,10.2535,56.359,0.18193,0.9103,1.0487,1.1521
cql-seed1,cql,89000,6,89000,9b7fab93f63c56f4,-2597.922363281,51996,11915,13.8989,-1.1342,15.0331,56.359,0.26674,0.9293,1.0843,1.1668
cql-seed1,cql,89000,7,89000,9b7fab93f63c56f4,-2597.922363281,64933,19513,12.7663,1.7489,11.0174,56.359,0.19549,0.9,1.0458,1.1621
cql-seed1,cql,89000,11,89000,9b7fab93f63c56f4,-2597.922363281,76763,39227,10.1492,3.9402,6.209,56.359,0.11017,0.9491,1.0168,1.0713
cql-seed1,cql,89000,12,89000,9b7fab93f63c56f4,-2597.922363281,33583,82841,5.344,4.6727,0.6714,56.359,0.01191,0.9337,0.9956,1.0663
cql-seed1,cql,89000,13,89000,9b7fab93f63c56f4,-2597.922363281,29838,52509,7.0604,1.2994,5.761,56.359,0.10222,0.8864,1.0183,1.1487
cql-seed1,cql,89000,14,89000,9b7fab93f63c56f4,-2597.922363281,36307,14110,15.9662,-2.1145,18.0807,56.359,0.32081,0.9255,1.15,1.2425
cql-seed1,cql,90000,0,90000,0fcf02707885c2b6,-2625.075439453,237311,68413,31.9193,-4.2259,36.1452,56.878,0.63549,0.8362,1.1147,1.3331
cql-seed1,cql,90000,2,90000,0fcf02707885c2b6,-2625.075439453,168808,33814,21.3147,4.2249,17.0897,56.878,0.30046,0.8824,0.9868,1.1184
cql-seed1,cql,90000,4,90000,0fcf02707885c2b6,-2625.075439453,35214,133999,5.7063,4.3269,1.3794,56.878,0.02425,0.8769,0.9556,1.0898
cql-seed1,cql,90000,5,90000,0fcf02707885c2b6,-2625.075439453,40938,30344,9.8353,-0.0199,9.8551,56.878,0.17327,0.9093,1.049,1.1537
cql-seed1,cql,90000,6,90000,0fcf02707885c2b6,-2625.075439453,51996,11915,14.3867,-0.8394,15.2261,56.878,0.2677,0.9318,1.0883,1.1681
cql-seed1,cql,90000,7,90000,0fcf02707885c2b6,-2625.075439453,64933,19513,13.5032,1.8741,11.6291,56.878,0.20446,0.8995,1.0469,1.1639
cql-seed1,cql,90000,11,90000,0fcf02707885c2b6,-2625.075439453,76763,39227,9.9526,3.3892,6.5634,56.878,0.11539,0.9487,1.0174,1.0725
cql-seed1,cql,90000,12,90000,0fcf02707885c2b6,-2625.075439453,33583,82841,5.6401,5.1135,0.5266,56.878,0.00926,0.9329,0.9961,1.0677
cql-seed1,cql,90000,13,90000,0fcf02707885c2b6,-2625.075439453,29838,52509,7.2781,2.0257,5.2523,56.878,0.09234,0.8873,1.0195,1.149
cql-seed1,cql,90000,14,90000,0fcf02707885c2b6,-2625.075439453,36307,14110,16.6678,-1.4911,18.1589,56.878,0.31926,0.9288,1.1541,1.2426
cql-seed1,cql,91000,0,91000,8f4461900158d97a,-2650.916992188,237311,68413,31.9336,-3.1125,35.0461,56.0001,0.62582,0.8372,1.1164,1.3334
cql-seed1,cql,91000,2,91000,8f4461900158d97a,-2650.916992188,168808,33814,20.7686,4.5881,16.1804,56.0001,0.28894,0.8827,0.9873,1.1184
cql-seed1,cql,91000,4,91000,8f4461900158d97a,-2650.916992188,35214,133999,5.7564,3.2934,2.463,56.0001,0.04398,0.8765,0.9548,1.0894
cql-seed1,cql,91000,5,91000,8f4461900158d97a,-2650.916992188,40938,30344,9.6649,-1.0281,10.693,56.0001,0.19095,0.91,1.0487,1.1524
cql-seed1,cql,91000,6,91000,8f4461900158d97a,-2650.916992188,51996,11915,14.2598,-1.1197,15.3795,56.0001,0.27463,0.9284,1.086,1.1697
cql-seed1,cql,91000,7,91000,8f4461900158d97a,-2650.916992188,64933,19513,13.1351,1.9787,11.1564,56.0001,0.19922,0.8976,1.0465,1.1659
cql-seed1,cql,91000,11,91000,8f4461900158d97a,-2650.916992188,76763,39227,10.1292,3.4864,6.6428,56.0001,0.11862,0.9482,1.0147,1.0701
cql-seed1,cql,91000,12,91000,8f4461900158d97a,-2650.916992188,33583,82841,5.3342,4.4,0.9342,56.0001,0.01668,0.9322,0.9948,1.0672
cql-seed1,cql,91000,13,91000,8f4461900158d97a,-2650.916992188,29838,52509,7.3568,1.0794,6.2774,56.0001,0.1121,0.886,1.0195,1.1507
cql-seed1,cql,91000,14,91000,8f4461900158d97a,-2650.916992188,36307,14110,16.9296,-2.2731,19.2027,56.0001,0.3429,0.9244,1.1507,1.2448
cql-seed1,cql,92000,0,92000,7840407349de3395,-2681.656005859,237311,68413,32.1642,-2.9662,35.1304,56.0273,0.62702,0.8396,1.1153,1.3284
cql-seed1,cql,92000,2,92000,7840407349de3395,-2681.656005859,168808,33814,21.0496,4.72,16.3296,56.0273,0.29146,0.8851,0.9896,1.1181
cql-seed1,cql,92000,4,92000,7840407349de3395,-2681.656005859,35214,133999,5.0499,3.4321,1.6178,56.0273,0.02888,0.8767,0.954,1.0882
cql-seed1,cql,92000,5,92000,7840407349de3395,-2681.656005859,40938,30344,9.2452,-0.9219,10.167,56.0273,0.18147,0.9084,1.0459,1.1514
cql-seed1,cql,92000,6,92000,7840407349de3395,-2681.656005859,51996,11915,14.0992,-1.7871,15.8863,56.0273,0.28355,0.9271,1.0807,1.1658
cql-seed1,cql,92000,7,92000,7840407349de3395,-2681.656005859,64933,19513,12.7993,1.7172,11.0822,56.0273,0.1978,0.8978,1.0434,1.1621
cql-seed1,cql,92000,11,92000,7840407349de3395,-2681.656005859,76763,39227,9.7623,3.4459,6.3164,56.0273,0.11274,0.9497,1.0164,1.0702
cql-seed1,cql,92000,12,92000,7840407349de3395,-2681.656005859,33583,82841,5.1294,4.5285,0.6009,56.0273,0.01073,0.9337,0.9952,1.0659
cql-seed1,cql,92000,13,92000,7840407349de3395,-2681.656005859,29838,52509,6.5627,1.1687,5.394,56.0273,0.09627,0.8859,1.017,1.1479
cql-seed1,cql,92000,14,92000,7840407349de3395,-2681.656005859,36307,14110,16.3786,-2.1665,18.5451,56.0273,0.331,0.924,1.1495,1.244
cql-seed1,cql,93000,0,93000,a1b91748a71746a8,-2708.904052734,237311,68413,31.9485,-3.1686,35.1171,55.8235,0.62907,0.8378,1.1154,1.3314
cql-seed1,cql,93000,2,93000,a1b91748a71746a8,-2708.904052734,168808,33814,20.5346,4.0027,16.5319,55.8235,0.29615,0.8824,0.9856,1.1169
cql-seed1,cql,93000,4,93000,a1b91748a71746a8,-2708.904052734,35214,133999,5.8078,3.7171,2.0907,55.8235,0.03745,0.8775,0.9545,1.0877
cql-seed1,cql,93000,5,93000,a1b91748a71746a8,-2708.904052734,40938,30344,9.4831,-0.3868,9.87,55.8235,0.17681,0.9109,1.0481,1.1506
cql-seed1,cql,93000,6,93000,a1b91748a71746a8,-2708.904052734,51996,11915,13.4856,-1.1471,14.6327,55.8235,0.26212,0.9276,1.0834,1.1679
cql-seed1,cql,93000,7,93000,a1b91748a71746a8,-2708.904052734,64933,19513,13.0722,2.1935,10.8787,55.8235,0.19488,0.896,1.0442,1.1655
cql-seed1,cql,93000,11,93000,a1b91748a71746a8,-2708.904052734,76763,39227,9.7994,3.4817,6.3177,55.8235,0.11317,0.9474,1.0154,1.0718
cql-seed1,cql,93000,12,93000,a1b91748a71746a8,-2708.904052734,33583,82841,5.0401,4.4344,0.6057,55.8235,0.01085,0.9321,0.9948,1.0673
cql-seed1,cql,93000,13,93000,a1b91748a71746a8,-2708.904052734,29838,52509,6.7891,1.5916,5.1975,55.8235,0.09311,0.8888,1.0187,1.1461
cql-seed1,cql,93000,14,93000,a1b91748a71746a8,-2708.904052734,36307,14110,15.0772,-2.613,17.6902,55.8235,0.3169,0.9264,1.1492,1.2404
cql-seed1,cql,94000,0,94000,de748ee6f9eb8d06,-2737.844238281,237311,68413,31.6763,-3.773,35.4493,56.1369,0.63148,0.8371,1.1162,1.3334
cql-seed1,cql,94000,2,94000,de748ee6f9eb8d06,-2737.844238281,168808,33814,20.2961,3.9219,16.3742,56.1369,0.29168,0.8834,0.9889,1.1194
cql-seed1,cql,94000,4,94000,de748ee6f9eb8d06,-2737.844238281,35214,133999,5.305,3.6667,1.6383,56.1369,0.02918,0.8759,0.954,1.0892
cql-seed1,cql,94000,5,94000,de748ee6f9eb8d06,-2737.844238281,40938,30344,9.135,-0.7043,9.8393,56.1369,0.17527,0.908,1.0472,1.1533
cql-seed1,cql,94000,6,94000,de748ee6f9eb8d06,-2737.844238281,51996,11915,13.7162,-2.0136,15.7299,56.1369,0.28021,0.9278,1.0849,1.1694
cql-seed1,cql,94000,7,94000,de748ee6f9eb8d06,-2737.844238281,64933,19513,12.9949,1.7195,11.2754,56.1369,0.20086,0.8981,1.0447,1.1633
cql-seed1,cql,94000,11,94000,de748ee6f9eb8d06,-2737.844238281,76763,39227,9.6079,3.1761,6.4319,56.1369,0.11457,0.9464,1.015,1.0724
cql-seed1,cql,94000,12,94000,de748ee6f9eb8d06,-2737.844238281,33583,82841,5.0367,4.4917,0.545,56.1369,0.00971,0.9321,0.9943,1.0667
cql-seed1,cql,94000,13,94000,de748ee6f9eb8d06,-2737.844238281,29838,52509,5.8518,1.3835,4.4683,56.1369,0.0796,0.8843,1.0175,1.1506
cql-seed1,cql,94000,14,94000,de748ee6f9eb8d06,-2737.844238281,36307,14110,15.7359,-2.2883,18.0242,56.1369,0.32108,0.9247,1.1531,1.2471
cql-seed1,cql,95000,0,95000,0e4701dc33eb5af7,-2770.711669922,237311,68413,31.5892,-3.5788,35.168,55.2881,0.63609,0.836,1.1132,1.3316
cql-seed1,cql,95000,2,95000,0e4701dc33eb5af7,-2770.711669922,168808,33814,20.373,4.0878,16.2852,55.2881,0.29455,0.8827,0.985,1.1159
cql-seed1,cql,95000,4,95000,0e4701dc33eb5af7,-2770.711669922,35214,133999,4.7144,3.5336,1.1809,55.2881,0.02136,0.8757,0.9543,1.0898
cql-seed1,cql,95000,5,95000,0e4701dc33eb5af7,-2770.711669922,40938,30344,8.5764,-1.1889,9.7652,55.2881,0.17662,0.9079,1.0473,1.1534
cql-seed1,cql,95000,6,95000,0e4701dc33eb5af7,-2770.711669922,51996,11915,13.079,-0.944,14.023,55.2881,0.25363,0.9276,1.0822,1.1666
cql-seed1,cql,95000,7,95000,0e4701dc33eb5af7,-2770.711669922,64933,19513,12.9549,2.2396,10.7153,55.2881,0.19381,0.8992,1.0444,1.1615
cql-seed1,cql,95000,11,95000,0e4701dc33eb5af7,-2770.711669922,76763,39227,9.323,3.3775,5.9455,55.2881,0.10754,0.949,1.016,1.0706
cql-seed1,cql,95000,12,95000,0e4701dc33eb5af7,-2770.711669922,33583,82841,4.9235,4.6867,0.2368,55.2881,0.00428,0.9323,0.9944,1.0666
cql-seed1,cql,95000,13,95000,0e4701dc33eb5af7,-2770.711669922,29838,52509,5.7793,0.9913,4.788,55.2881,0.0866,0.8844,1.0177,1.1507
cql-seed1,cql,95000,14,95000,0e4701dc33eb5af7,-2770.711669922,36307,14110,14.8769,-2.6941,17.5711,55.2881,0.31781,0.9249,1.1518,1.2454
cql-seed1,cql,96000,0,96000,95e4bff233838a6a,-2796.331787109,237311,68413,30.7515,-3.5655,34.317,54.5564,0.62902,0.8375,1.1151,1.3315
cql-seed1,cql,96000,2,96000,95e4bff233838a6a,-2796.331787109,168808,33814,20.4885,3.7177,16.7709,54.5564,0.3074,0.8833,0.988,1.1186
cql-seed1,cql,96000,4,96000,95e4bff233838a6a,-2796.331787109,35214,133999,3.8286,3.2504,0.5782,54.5564,0.0106,0.8767,0.9553,1.0896
cql-seed1,cql,96000,5,96000,95e4bff233838a6a,-2796.331787109,40938,30344,7.7776,-0.8804,8.658,54.5564,0.1587,0.9092,1.0471,1.1516
cql-seed1,cql,96000,6,96000,95e4bff233838a6a,-2796.331787109,51996,11915,13.101,-1.5853,14.6863,54.5564,0.26919,0.9279,1.0808,1.1647
cql-seed1,cql,96000,7,96000,95e4bff233838a6a,-2796.331787109,64933,19513,12.651,1.7657,10.8853,54.5564,0.19952,0.8978,1.0441,1.1629
cql-seed1,cql,96000,11,96000,95e4bff233838a6a,-2796.331787109,76763,39227,9.5878,3.598,5.9898,54.5564,0.10979,0.9472,1.0153,1.0719
cql-seed1,cql,96000,12,96000,95e4bff233838a6a,-2796.331787109,33583,82841,4.8338,4.6545,0.1793,54.5564,0.00329,0.9339,0.9959,1.0664
cql-seed1,cql,96000,13,96000,95e4bff233838a6a,-2796.331787109,29838,52509,6.1669,1.248,4.9189,54.5564,0.09016,0.8841,1.018,1.1515
cql-seed1,cql,96000,14,96000,95e4bff233838a6a,-2796.331787109,36307,14110,14.9345,-2.5255,17.46,54.5564,0.32003,0.9227,1.1453,1.2413
cql-seed1,cql,97000,0,97000,4fa7dbe4dab24e60,-2825.936767578,237311,68413,31.1139,-2.8958,34.0097,54.6912,0.62185,0.837,1.1153,1.3326
cql-seed1,cql,97000,2,97000,4fa7dbe4dab24e60,-2825.936767578,168808,33814,20.7593,3.9819,16.7773,54.6912,0.30676,0.8833,0.986,1.1163
cql-seed1,cql,97000,4,97000,4fa7dbe4dab24e60,-2825.936767578,35214,133999,5.3551,3.6526,1.7025,54.6912,0.03113,0.8763,0.9533,1.088
cql-seed1,cql,97000,5,97000,4fa7dbe4dab24e60,-2825.936767578,40938,30344,9.1795,-0.843,10.0225,54.6912,0.18326,0.9066,1.0443,1.1518
cql-seed1,cql,97000,6,97000,4fa7dbe4dab24e60,-2825.936767578,51996,11915,13.4062,-1.4616,14.8678,54.6912,0.27185,0.9269,1.0791,1.1642
cql-seed1,cql,97000,7,97000,4fa7dbe4dab24e60,-2825.936767578,64933,19513,13.0669,1.8764,11.1906,54.6912,0.20461,0.8967,1.0425,1.1627
cql-seed1,cql,97000,11,97000,4fa7dbe4dab24e60,-2825.936767578,76763,39227,9.9591,3.5067,6.4524,54.6912,0.11798,0.947,1.0148,1.0716
cql-seed1,cql,97000,12,97000,4fa7dbe4dab24e60,-2825.936767578,33583,82841,5.3733,4.8194,0.5539,54.6912,0.01013,0.9335,0.9945,1.0654
cql-seed1,cql,97000,13,97000,4fa7dbe4dab24e60,-2825.936767578,29838,52509,6.9461,1.2175,5.7286,54.6912,0.10474,0.8838,1.0169,1.1505
cql-seed1,cql,97000,14,97000,4fa7dbe4dab24e60,-2825.936767578,36307,14110,15.2702,-2.5432,17.8134,54.6912,0.32571,0.9211,1.1479,1.2463
cql-seed1,cql,98000,0,98000,a17c62ba9e04e5ac,-2852.121582031,237311,68413,30.9296,-3.6165,34.546,55.1983,0.62585,0.8369,1.1115,1.3281
cql-seed1,cql,98000,2,98000,a17c62ba9e04e5ac,-2852.121582031,168808,33814,20.0595,3.7371,16.3224,55.1983,0.2957,0.8817,0.9851,1.1172
cql-seed1,cql,98000,4,98000,a17c62ba9e04e5ac,-2852.121582031,35214,133999,4.3819,3.3439,1.038,55.1983,0.0188,0.8758,0.9542,1.0895
cql-seed1,cql,98000,5,98000,a17c62ba9e04e5ac,-2852.121582031,40938,30344,8.2727,-0.5752,8.848,55.1983,0.16029,0.9081,1.0458,1.1517
cql-seed1,cql,98000,6,98000,a17c62ba9e04e5ac,-2852.121582031,51996,11915,13.238,-1.0519,14.2899,55.1983,0.25888,0.9269,1.0798,1.1649
cql-seed1,cql,98000,7,98000,a17c62ba9e04e5ac,-2852.121582031,64933,19513,12.6815,1.7453,10.9362,55.1983,0.19813,0.8974,1.0415,1.1606
cql-seed1,cql,98000,11,98000,a17c62ba9e04e5ac,-2852.121582031,76763,39227,9.6301,3.3231,6.307,55.1983,0.11426,0.947,1.0133,1.07
cql-seed1,cql,98000,12,98000,a17c62ba9e04e5ac,-2852.121582031,33583,82841,4.5257,4.1785,0.3472,55.1983,0.00629,0.9329,0.9951,1.0666
cql-seed1,cql,98000,13,98000,a17c62ba9e04e5ac,-2852.121582031,29838,52509,5.2257,0.9285,4.2972,55.1983,0.07785,0.8852,1.0177,1.1497
cql-seed1,cql,98000,14,98000,a17c62ba9e04e5ac,-2852.121582031,36307,14110,14.5635,-2.8836,17.4471,55.1983,0.31608,0.9213,1.1419,1.2395
cql-seed1,cql,99000,0,99000,5bbc24e55b45950e,-2885.864257812,237311,68413,30.224,-3.251,33.475,54.1547,0.61814,0.8365,1.112,1.3293
cql-seed1,cql,99000,2,99000,5bbc24e55b45950e,-2885.864257812,168808,33814,20.183,3.5604,16.6226,54.1547,0.30695,0.8828,0.9842,1.1148
cql-seed1,cql,99000,4,99000,5bbc24e55b45950e,-2885.864257812,35214,133999,4.6641,3.8783,0.7858,54.1547,0.01451,0.8771,0.9537,1.0873
cql-seed1,cql,99000,5,99000,5bbc24e55b45950e,-2885.864257812,40938,30344,8.4475,-0.8993,9.3468,54.1547,0.17259,0.9093,1.0449,1.149
cql-seed1,cql,99000,6,99000,5bbc24e55b45950e,-2885.864257812,51996,11915,13.1519,-1.7182,14.8701,54.1547,0.27459,0.9261,1.0779,1.1639
cql-seed1,cql,99000,7,99000,5bbc24e55b45950e,-2885.864257812,64933,19513,12.4884,1.8399,10.6485,54.1547,0.19663,0.8972,1.043,1.1625
cql-seed1,cql,99000,11,99000,5bbc24e55b45950e,-2885.864257812,76763,39227,8.874,3.0601,5.8139,54.1547,0.10736,0.9487,1.0155,1.0704
cql-seed1,cql,99000,12,99000,5bbc24e55b45950e,-2885.864257812,33583,82841,5.209,4.8068,0.4023,54.1547,0.00743,0.9329,0.9944,1.0659
cql-seed1,cql,99000,13,99000,5bbc24e55b45950e,-2885.864257812,29838,52509,5.9933,1.2248,4.7684,54.1547,0.08805,0.8852,1.0161,1.1478
cql-seed1,cql,99000,14,99000,5bbc24e55b45950e,-2885.864257812,36307,14110,15.0803,-2.7483,17.8285,54.1547,0.32921,0.9233,1.1449,1.2401
cql-seed1,cql,100000,0,100000,dc7e31acfcaa6fb7,-2917.686523438,237311,68413,30.6409,-2.8299,33.4708,54.3214,0.61616,0.8359,1.1115,1.3297
cql-seed1,cql,100000,2,100000,dc7e31acfcaa6fb7,-2917.686523438,168808,33814,20.2855,4.3203,15.9652,54.3214,0.2939,0.8835,0.9861,1.1161
cql-seed1,cql,100000,4,100000,dc7e31acfcaa6fb7,-2917.686523438,35214,133999,4.1517,3.3654,0.7863,54.3214,0.01447,0.8779,0.9542,1.087
cql-seed1,cql,100000,5,100000,dc7e31acfcaa6fb7,-2917.686523438,40938,30344,8.7219,-0.9548,9.6767,54.3214,0.17814,0.9104,1.0466,1.1496
cql-seed1,cql,100000,6,100000,dc7e31acfcaa6fb7,-2917.686523438,51996,11915,12.9866,-1.971,14.9576,54.3214,0.27535,0.9279,1.0817,1.1657
cql-seed1,cql,100000,7,100000,dc7e31acfcaa6fb7,-2917.686523438,64933,19513,12.8998,1.9338,10.9661,54.3214,0.20187,0.898,1.0435,1.1621
cql-seed1,cql,100000,11,100000,dc7e31acfcaa6fb7,-2917.686523438,76763,39227,9.2331,3.044,6.1891,54.3214,0.11393,0.9473,1.0142,1.0707
cql-seed1,cql,100000,12,100000,dc7e31acfcaa6fb7,-2917.686523438,33583,82841,4.7314,4.2525,0.4788,54.3214,0.00881,0.9327,0.9949,1.0666
cql-seed1,cql,100000,13,100000,dc7e31acfcaa6fb7,-2917.686523438,29838,52509,6.0445,0.7972,5.2473,54.3214,0.0966,0.8898,1.0169,1.1428
cql-seed1,cql,100000,14,100000,dc7e31acfcaa6fb7,-2917.686523438,36307,14110,14.7792,-2.9594,17.7385,54.3214,0.32655,0.9277,1.1377,1.2263
cql-seed1,cql,101000,0,101000,c49f9ea625852e3f,-2938.827636719,237311,68413,29.7686,-3.0901,32.8587,53.2867,0.61664,0.8362,1.1122,1.3301
cql-seed1,cql,101000,2,101000,c49f9ea625852e3f,-2938.827636719,168808,33814,19.873,3.5215,16.3515,53.2867,0.30686,0.8825,0.9844,1.1154
cql-seed1,cql,101000,4,101000,c49f9ea625852e3f,-2938.827636719,35214,133999,4.638,3.6228,1.0152,53.2867,0.01905,0.8781,0.9538,1.0862
cql-seed1,cql,101000,5,101000,c49f9ea625852e3f,-2938.827636719,40938,30344,8.6081,-0.6627,9.2708,53.2867,0.17398,0.9108,1.0483,1.151
cql-seed1,cql,101000,6,101000,c49f9ea625852e3f,-2938.827636719,51996,11915,13.3354,-1.4952,14.8306,53.2867,0.27832,0.928,1.0817,1.1657
cql-seed1,cql,101000,7,101000,c49f9ea625852e3f,-2938.827636719,64933,19513,12.3103,1.6594,10.6509,53.2867,0.19988,0.897,1.0429,1.1626
cql-seed1,cql,101000,11,101000,c49f9ea625852e3f,-2938.827636719,76763,39227,9.0644,2.9629,6.1015,53.2867,0.1145,0.9474,1.0149,1.0713
cql-seed1,cql,101000,12,101000,c49f9ea625852e3f,-2938.827636719,33583,82841,4.608,4.0361,0.5719,53.2867,0.01073,0.9331,0.9949,1.0662
cql-seed1,cql,101000,13,101000,c49f9ea625852e3f,-2938.827636719,29838,52509,6.4984,1.2285,5.27,53.2867,0.0989,0.8879,1.0172,1.1456
cql-seed1,cql,101000,14,101000,c49f9ea625852e3f,-2938.827636719,36307,14110,15.6896,-2.318,18.0076,53.2867,0.33794,0.9249,1.1465,1.2396
cql-seed1,cql,102000,0,102000,bcc6b19bdb7ac5a4,-2974.307617188,237311,68413,29.8947,-3.5658,33.4605,54.3389,0.61577,0.8358,1.1123,1.3309
cql-seed1,cql,102000,2,102000,bcc6b19bdb7ac5a4,-2974.307617188,168808,33814,19.7779,3.3443,16.4336,54.3389,0.30243,0.882,0.9831,1.1146
cql-seed1,cql,102000,4,102000,bcc6b19bdb7ac5a4,-2974.307617188,35214,133999,3.5593,3.2507,0.3085,54.3389,0.00568,0.877,0.9528,1.0864
cql-seed1,cql,102000,5,102000,bcc6b19bdb7ac5a4,-2974.307617188,40938,30344,8.2897,-1.0029,9.2927,54.3389,0.17101,0.9097,1.0444,1.1481
cql-seed1,cql,102000,6,102000,bcc6b19bdb7ac5a4,-2974.307617188,51996,11915,12.7598,-1.7112,14.471,54.3389,0.26631,0.9274,1.08,1.1645
cql-seed1,cql,102000,7,102000,bcc6b19bdb7ac5a4,-2974.307617188,64933,19513,12.8387,1.6763,11.1625,54.3389,0.20542,0.8969,1.0435,1.1634
cql-seed1,cql,102000,11,102000,bcc6b19bdb7ac5a4,-2974.307617188,76763,39227,9.3893,3.4164,5.9729,54.3389,0.10992,0.9481,1.015,1.0706
cql-seed1,cql,102000,12,102000,bcc6b19bdb7ac5a4,-2974.307617188,33583,82841,4.3227,4.329,-0.0063,54.3389,-0.00012,0.9325,0.9937,1.0656
cql-seed1,cql,102000,13,102000,bcc6b19bdb7ac5a4,-2974.307617188,29838,52509,5.32,1.1218,4.1982,54.3389,0.07726,0.8857,1.0145,1.1455
cql-seed1,cql,102000,14,102000,bcc6b19bdb7ac5a4,-2974.307617188,36307,14110,15.125,-2.4363,17.5612,54.3389,0.32318,0.9237,1.1467,1.2414
cql-seed1,cql,103000,0,103000,52e2033bdf4a30f0,-3006.877441406,237311,68413,29.297,-3.3636,32.6606,53.2877,0.61291,0.8361,1.1112,1.329
cql-seed1,cql,103000,2,103000,52e2033bdf4a30f0,-3006.877441406,168808,33814,19.5434,3.2257,16.3177,53.2877,0.30622,0.8819,0.9846,1.1163
cql-seed1,cql,103000,4,103000,52e2033bdf4a30f0,-3006.877441406,35214,133999,3.1936,3.0452,0.1484,53.2877,0.00278,0.8777,0.9544,1.0874
cql-seed1,cql,103000,5,103000,52e2033bdf4a30f0,-3006.877441406,40938,30344,7.9496,-0.9732,8.9229,53.2877,0.16745,0.911,1.0458,1.148
cql-seed1,cql,103000,6,103000,52e2033bdf4a30f0,-3006.877441406,51996,11915,12.8371,-1.1967,14.0339,53.2877,0.26336,0.9267,1.0808,1.1663
cql-seed1,cql,103000,7,103000,52e2033bdf4a30f0,-3006.877441406,64933,19513,12.5748,1.767,10.8078,53.2877,0.20282,0.8971,1.0432,1.1629
cql-seed1,cql,103000,11,103000,52e2033bdf4a30f0,-3006.877441406,76763,39227,8.7412,2.7806,5.9606,53.2877,0.11186,0.9477,1.014,1.0699
cql-seed1,cql,103000,12,103000,52e2033bdf4a30f0,-3006.877441406,33583,82841,3.4521,3.628,-0.1758,53.2877,-0.0033,0.9317,0.9939,1.0667
cql-seed1,cql,103000,13,103000,52e2033bdf4a30f0,-3006.877441406,29838,52509,4.6539,0.7309,3.923,53.2877,0.07362,0.8892,1.0157,1.1422
cql-seed1,cql,103000,14,103000,52e2033bdf4a30f0,-3006.877441406,36307,14110,14.687,-2.5984,17.2854,53.2877,0.32438,0.9255,1.1349,1.2262
cql-seed1,cql,104000,0,104000,5fd621f200e79b03,-3035.442871094,237311,68413,29.6974,-3.752,33.4494,53.04,0.63065,0.8366,1.1117,1.3287
cql-seed1,cql,104000,2,104000,5fd621f200e79b03,-3035.442871094,168808,33814,19.9752,4.1037,15.8715,53.04,0.29924,0.8823,0.9846,1.116
cql-seed1,cql,104000,4,104000,5fd621f200e79b03,-3035.442871094,35214,133999,4.6045,3.5322,1.0723,53.04,0.02022,0.8762,0.954,1.0888
cql-seed1,cql,104000,5,104000,5fd621f200e79b03,-3035.442871094,40938,30344,8.7305,-0.8153,9.5458,53.04,0.17997,0.9077,1.0443,1.1505
cql-seed1,cql,104000,6,104000,5fd621f200e79b03,-3035.442871094,51996,11915,12.8822,-1.6563,14.5385,53.04,0.27411,0.9295,1.0832,1.1653
cql-seed1,cql,104000,7,104000,5fd621f200e79b03,-3035.442871094,64933,19513,12.48,2.0525,10.4275,53.04,0.1966,0.8985,1.045,1.1631
cql-seed1,cql,104000,11,104000,5fd621f200e79b03,-3035.442871094,76763,39227,9.2805,3.5083,5.7722,53.04,0.10883,0.9481,1.0159,1.0716
cql-seed1,cql,104000,12,104000,5fd621f200e79b03,-3035.442871094,33583,82841,4.0667,4.3576,-0.2909,53.04,-0.00548,0.9336,0.995,1.0657
cql-seed1,cql,104000,13,104000,5fd621f200e79b03,-3035.442871094,29838,52509,5.5176,1.3701,4.1475,53.04,0.0782,0.8887,1.0159,1.1431
cql-seed1,cql,104000,14,104000,5fd621f200e79b03,-3035.442871094,36307,14110,14.9771,-2.4886,17.4657,53.04,0.32929,0.929,1.1265,1.2126
cql-seed1,cql,105000,0,105000,7a0d2bb4d9daf5b9,-3065.932617188,237311,68413,30.0973,-3.3826,33.4799,54.1258,0.61856,0.8363,1.1121,1.3299
cql-seed1,cql,105000,2,105000,7a0d2bb4d9daf5b9,-3065.932617188,168808,33814,19.7102,3.6724,16.0378,54.1258,0.29631,0.8821,0.9834,1.1148
cql-seed1,cql,105000,4,105000,7a0d2bb4d9daf5b9,-3065.932617188,35214,133999,3.3096,3.0144,0.2951,54.1258,0.00545,0.8766,0.9534,1.0876
cql-seed1,cql,105000,5,105000,7a0d2bb4d9daf5b9,-3065.932617188,40938,30344,6.7902,-1.3236,8.1138,54.1258,0.14991,0.9097,1.0457,1.1496
cql-seed1,cql,105000,6,105000,7a0d2bb4d9daf5b9,-3065.932617188,51996,11915,12.4281,-1.447,13.8751,54.1258,0.25635,0.9265,1.081,1.1667
cql-seed1,cql,105000,7,105000,7a0d2bb4d9daf5b9,-3065.932617188,64933,19513,11.9443,1.5181,10.4262,54.1258,0.19263,0.8955,1.0428,1.1644
cql-seed1,cql,105000,11,105000,7a0d2bb4d9daf5b9,-3065.932617188,76763,39227,8.9496,3.0328,5.9168,54.1258,0.10932,0.9469,1.0133,1.0701
cql-seed1,cql,105000,12,105000,7a0d2bb4d9daf5b9,-3065.932617188,33583,82841,4.0318,3.8286,0.2033,54.1258,0.00376,0.9322,0.9945,1.0668
cql-seed1,cql,105000,13,105000,7a0d2bb4d9daf5b9,-3065.932617188,29838,52509,4.4098,0.7938,3.616,54.1258,0.06681,0.8885,1.0169,1.1445
cql-seed1,cql,105000,14,105000,7a0d2bb4d9daf5b9,-3065.932617188,36307,14110,14.337,-2.7961,17.1331,54.1258,0.31654,0.9294,1.1295,1.2153
cql-seed1,cql,106000,0,106000,c9cd09bd372586a3,-3094.095458984,237311,68413,29.1791,-3.5652,32.7443,52.5184,0.62348,0.8359,1.1108,1.3288
cql-seed1,cql,106000,2,106000,c9cd09bd372586a3,-3094.095458984,168808,33814,19.7014,4.1305,15.5708,52.5184,0.29648,0.8819,0.9835,1.1152
cql-seed1,cql,106000,4,106000,c9cd09bd372586a3,-3094.095458984,35214,133999,4.3456,3.0108,1.3348,52.5184,0.02542,0.8763,0.955,1.0898
cql-seed1,cql,106000,5,106000,c9cd09bd372586a3,-3094.095458984,40938,30344,7.2865,-1.3025,8.5891,52.5184,0.16354,0.9118,1.0452,1.1463
cql-seed1,cql,106000,6,106000,c9cd09bd372586a3,-3094.095458984,51996,11915,12.5146,-1.336,13.8505,52.5184,0.26373,0.9284,1.0801,1.1635
cql-seed1,cql,106000,7,106000,c9cd09bd372586a3,-3094.095458984,64933,19513,11.8245,1.5147,10.3098,52.5184,0.19631,0.8972,1.0433,1.1629
cql-seed1,cql,106000,11,106000,c9cd09bd372586a3,-3094.095458984,76763,39227,8.6883,2.7962,5.8922,52.5184,0.11219,0.9465,1.0132,1.0705
cql-seed1,cql,106000,12,106000,c9cd09bd372586a3,-3094.095458984,33583,82841,4.5296,4.1271,0.4025,52.5184,0.00766,0.9319,0.9942,1.0669
cql-seed1,cql,106000,13,106000,c9cd09bd372586a3,-3094.095458984,29838,52509,5.7445,0.8243,4.9203,52.5184,0.09369,0.8921,1.0176,1.1407
cql-seed1,cql,106000,14,106000,c9cd09bd372586a3,-3094.095458984,36307,14110,13.8481,-3.5325,17.3806,52.5184,0.33094,0.936,1.1313,1.2087
cql-seed1,cql,107000,0,107000,45912da4c11a9153,-3126.360351562,237311,68413,29.2961,-4.2298,33.526,54.1853,0.61873,0.8361,1.112,1.33
cql-seed1,cql,107000,2,107000,45912da4c11a9153,-3126.360351562,168808,33814,19.2151,3.3203,15.8948,54.1853,0.29334,0.8815,0.983,1.1151
cql-seed1,cql,107000,4,107000,45912da4c11a9153,-3126.360351562,35214,133999,3.4797,3.0312,0.4485,54.1853,0.00828,0.8783,0.9537,1.0858
cql-seed1,cql,107000,5,107000,45912da4c11a9153,-3126.360351562,40938,30344,7.4837,-1.0705,8.5542,54.1853,0.15787,0.9132,1.0463,1.1458
cql-seed1,cql,107000,6,107000,45912da4c11a9153,-3126.360351562,51996,11915,12.1782,-2.0413,14.2195,54.1853,0.26242,0.9295,1.0833,1.1655
cql-seed1,cql,107000,7,107000,45912da4c11a9153,-3126.360351562,64933,19513,11.9565,1.2488,10.7077,54.1853,0.19761,0.8964,1.0419,1.1623
cql-seed1,cql,107000,11,107000,45912da4c11a9153,-3126.360351562,76763,39227,8.5956,2.7681,5.8275,54.1853,0.10755,0.9475,1.0135,1.0696
cql-seed1,cql,107000,12,107000,45912da4c11a9153,-3126.360351562,33583,82841,4.0214,4.0809,-0.0595,54.1853,-0.0011,0.9316,0.9932,1.0662
cql-seed1,cql,107000,13,107000,45912da4c11a9153,-3126.360351562,29838,52509,4.8858,0.518,4.3678,54.1853,0.08061,0.8946,1.0167,1.1365
cql-seed1,cql,107000,14,107000,45912da4c11a9153,-3126.360351562,36307,14110,14.6301,-2.7659,17.3961,54.1853,0.32105,0.9347,1.1297,1.2086
cql-seed1,cql,108000,0,108000,5e3e81073170b03e,-3153.017333984,237311,68413,29.089,-4.1492,33.2381,53.7105,0.61884,0.8367,1.1107,1.3275
cql-seed1,cql,108000,2,108000,5e3e81073170b03e,-3153.017333984,168808,33814,19.258,3.701,15.557,53.7105,0.28964,0.882,0.9838,1.1154
cql-seed1,cql,108000,4,108000,5e3e81073170b03e,-3153.017333984,35214,133999,3.5645,3.441,0.1235,53.7105,0.0023,0.8786,0.9542,1.086
cql-seed1,cql,108000,5,108000,5e3e81073170b03e,-3153.017333984,40938,30344,7.1008,-1.0991,8.2,53.7105,0.15267,0.911,1.0461,1.1483
cql-seed1,cql,108000,6,108000,5e3e81073170b03e,-3153.017333984,51996,11915,12.0159,-1.8404,13.8563,53.7105,0.25798,0.929,1.0809,1.1636
cql-seed1,cql,108000,7,108000,5e3e81073170b03e,-3153.017333984,64933,19513,11.7431,1.147,10.5961,53.7105,0.19728,0.8973,1.0428,1.1621
cql-seed1,cql,108000,11,108000,5e3e81073170b03e,-3153.017333984,76763,39227,8.5431,2.6206,5.9225,53.7105,0.11027,0.9503,1.016,1.0691
cql-seed1,cql,108000,12,108000,5e3e81073170b03e,-3153.017333984,33583,82841,3.8943,4.0227,-0.1284,53.7105,-0.00239,0.9332,0.9953,1.0666
cql-seed1,cql,108000,13,108000,5e3e81073170b03e,-3153.017333984,29838,52509,4.8738,1.0983,3.7756,53.7105,0.07029,0.891,1.017,1.1414
cql-seed1,cql,108000,14,108000,5e3e81073170b03e,-3153.017333984,36307,14110,14.2172,-2.8584,17.0757,53.7105,0.31792,0.9314,1.1298,1.2131
cql-seed1,cql,109000,0,109000,37b59316a3c2ef5f,-3179.841308594,237311,68413,28.9896,-3.6022,32.5919,53.5407,0.60873,0.837,1.1132,1.3301
cql-seed1,cql,109000,2,109000,37b59316a3c2ef5f,-3179.841308594,168808,33814,19.068,3.852,15.216,53.5407,0.2842,0.8817,0.9834,1.1153
cql-seed1,cql,109000,4,109000,37b59316a3c2ef5f,-3179.841308594,35214,133999,2.7554,2.7589,-0.0035,53.5407,-7e-05,0.8774,0.9532,1.0864
cql-seed1,cql,109000,5,109000,37b59316a3c2ef5f,-3179.841308594,40938,30344,7.7816,-1.4851,9.2668,53.5407,0.17308,0.9125,1.0462,1.1465
cql-seed1,cql,109000,6,109000,37b59316a3c2ef5f,-3179.841308594,51996,11915,12.2357,-1.7328,13.9684,53.5407,0.26089,0.9278,1.0823,1.1666
cql-seed1,cql,109000,7,109000,37b59316a3c2ef5f,-3179.841308594,64933,19513,11.2819,1.4046,9.8772,53.5407,0.18448,0.8956,1.0425,1.164
cql-seed1,cql,109000,11,109000,37b59316a3c2ef5f,-3179.841308594,76763,39227,8.3481,2.8418,5.5063,53.5407,0.10284,0.9461,1.0134,1.0711
cql-seed1,cql,109000,12,109000,37b59316a3c2ef5f,-3179.841308594,33583,82841,3.2187,3.5868,-0.3681,53.5407,-0.00687,0.9323,0.9939,1.0661
cql-seed1,cql,109000,13,109000,37b59316a3c2ef5f,-3179.841308594,29838,52509,4.5125,0.524,3.9885,53.5407,0.07449,0.8925,1.0166,1.1391
cql-seed1,cql,109000,14,109000,37b59316a3c2ef5f,-3179.841308594,36307,14110,14.3009,-3.0976,17.3984,53.5407,0.32496,0.9357,1.1321,1.2099
cql-seed1,cql,110000,0,110000,a5c18aebdb93517d,-3213.745117188,237311,68413,29.3324,-3.7489,33.0813,53.3126,0.62052,0.8356,1.1094,1.3277
cql-seed1,cql,110000,2,110000,a5c18aebdb93517d,-3213.745117188,168808,33814,19.2313,3.3714,15.86,53.3126,0.29749,0.8815,0.9839,1.1162
cql-seed1,cql,110000,4,110000,a5c18aebdb93517d,-3213.745117188,35214,133999,3.4639,2.9412,0.5227,53.3126,0.0098,0.8799,0.9543,1.0846
cql-seed1,cql,110000,5,110000,a5c18aebdb93517d,-3213.745117188,40938,30344,6.7577,-1.5578,8.3154,53.3126,0.15598,0.9119,1.0447,1.1456
cql-seed1,cql,110000,6,110000,a5c18aebdb93517d,-3213.745117188,51996,11915,11.9257,-2.0035,13.9292,53.3126,0.26127,0.9278,1.0806,1.1647
cql-seed1,cql,110000,7,110000,a5c18aebdb93517d,-3213.745117188,64933,19513,11.4447,1.0499,10.3948,53.3126,0.19498,0.897,1.0401,1.1596
cql-seed1,cql,110000,11,110000,a5c18aebdb93517d,-3213.745117188,76763,39227,8.4106,2.7475,5.6632,53.3126,0.10623,0.9478,1.0134,1.0692
cql-seed1,cql,110000,12,110000,a5c18aebdb93517d,-3213.745117188,33583,82841,4.0081,4.0082,-0.0001,53.3126,-0.0,0.9336,0.9942,1.0648
cql-seed1,cql,110000,13,110000,a5c18aebdb93517d,-3213.745117188,29838,52509,5.251,0.7075,4.5435,53.3126,0.08522,0.891,1.0158,1.14
cql-seed1,cql,110000,14,110000,a5c18aebdb93517d,-3213.745117188,36307,14110,13.9371,-2.8099,16.747,53.3126,0.31413,0.9305,1.1282,1.2124
