run,algo,step,bin,checkpoint_global_step,critic_checksum,first_layer_sum,n_surv,n_fail,Q_surv,Q_fail,Delta,span,Delta_hat,d_surv,d_fail,d_ratio
cql-seed2,cql,1000,0,1000,76fe8c08083d00dd,-6.763013363,237311,68413,19.4635,12.6922,6.7714,78.4809,0.08628,1.0727,1.3361,1.2456
cql-seed2,cql,1000,2,1000,76fe8c08083d00dd,-6.763013363,168808,33814,23.9706,17.0949,6.8757,78.4809,0.08761,1.1551,1.2469,1.0794
cql-seed2,cql,1000,4,1000,76fe8c08083d00dd,-6.763013363,35214,133999,-19.8374,3.1632,-23.0006,78.4809,-0.29307,1.2544,1.2295,0.9802
cql-seed2,cql,1000,5,1000,76fe8c08083d00dd,-6.763013363,40938,30344,-19.1418,-5.313,-13.8288,78.4809,-0.17621,1.3536,1.4074,1.0398
cql-seed2,cql,1000,6,1000,76fe8c08083d00dd,-6.763013363,51996,11915,-0.7409,-5.5137,4.7728,78.4809,0.06082,1.286,1.4386,1.1186
cql-seed2,cql,1000,7,1000,76fe8c08083d00dd,-6.763013363,64933,19513,-9.0705,-10.0867,1.0162,78.4809,0.01295,1.2175,1.3267,1.0897
cql-seed2,cql,1000,11,1000,76fe8c08083d00dd,-6.763013363,76763,39227,4.7599,1.8562,2.9037,78.4809,0.037,1.2973,1.3626,1.0503
cql-seed2,cql,1000,12,1000,76fe8c08083d00dd,-6.763013363,33583,82841,-6.4075,3.765,-10.1725,78.4809,-0.12962,1.2886,1.2946,1.0046
cql-seed2,cql,1000,13,1000,76fe8c08083d00dd,-6.763013363,29838,52509,-32.2915,-3.4391,-28.8525,78.4809,-0.36764,1.3286,1.3243,0.9968
cql-seed2,cql,1000,14,1000,76fe8c08083d00dd,-6.763013363,36307,14110,-26.0268,-19.4653,-6.5616,78.4809,-0.08361,1.4021,1.5589,1.1119
cql-seed2,cql,2000,0,2000,7bca65fbf01d402e,-42.594413757,237311,68413,48.9866,16.9294,32.0572,74.2215,0.43191,0.9633,1.3476,1.3989
cql-seed2,cql,2000,2,2000,7bca65fbf01d402e,-42.594413757,168808,33814,43.766,17.0844,26.6816,74.2215,0.35949,1.0542,1.2008,1.139
cql-seed2,cql,2000,4,2000,7bca65fbf01d402e,-42.594413757,35214,133999,22.7579,7.3384,15.4195,74.2215,0.20775,1.1416,1.2065,1.0568
cql-seed2,cql,2000,5,2000,7bca65fbf01d402e,-42.594413757,40938,30344,18.6945,1.9374,16.7571,74.2215,0.22577,1.2208,1.313,1.0755
cql-seed2,cql,2000,6,2000,7bca65fbf01d402e,-42.594413757,51996,11915,22.8475,7.3494,15.4981,74.2215,0.20881,1.1629,1.3493,1.1603
cql-seed2,cql,2000,7,2000,7bca65fbf01d402e,-42.594413757,64933,19513,23.2135,11.6983,11.5152,74.2215,0.15515,1.1582,1.3146,1.1351
cql-seed2,cql,2000,11,2000,7bca65fbf01d402e,-42.594413757,76763,39227,25.6511,13.0318,12.6192,74.2215,0.17002,1.1853,1.285,1.0842
cql-seed2,cql,2000,12,2000,7bca65fbf01d402e,-42.594413757,33583,82841,21.153,10.8016,10.3514,74.2215,0.13947,1.1676,1.2475,1.0684
cql-seed2,cql,2000,13,2000,7bca65fbf01d402e,-42.594413757,29838,52509,20.1901,4.2344,15.9557,74.2215,0.21497,1.1853,1.2592,1.0624
cql-seed2,cql,2000,14,2000,7bca65fbf01d402e,-42.594413757,36307,14110,22.361,-5.7692,28.1302,74.2215,0.379,1.2587,1.4286,1.135
cql-seed2,cql,3000,0,3000,e2041414fda7576e,-84.795654297,237311,68413,49.1222,0.0817,49.0405,89.7027,0.5467,0.9178,1.3459,1.4664
cql-seed2,cql,3000,2,3000,e2041414fda7576e,-84.795654297,168808,33814,37.3334,12.8031,24.5303,89.7027,0.27346,0.977,1.1541,1.1813
cql-seed2,cql,3000,4,3000,e2041414fda7576e,-84.795654297,35214,133999,34.1875,11.7132,22.4742,89.7027,0.25054,1.0558,1.1386,1.0784
cql-seed2,cql,3000,5,3000,e2041414fda7576e,-84.795654297,40938,30344,36.2617,6.6598,29.6019,89.7027,0.33,1.1316,1.3066,1.1546
cql-seed2,cql,3000,6,3000,e2041414fda7576e,-84.795654297,51996,11915,38.0333,14.9171,23.1162,89.7027,0.2577,1.1203,1.3563,1.2107
cql-seed2,cql,3000,7,3000,e2041414fda7576e,-84.795654297,64933,19513,34.7054,16.8277,17.8777,89.7027,0.1993,1.0847,1.287,1.1865
cql-seed2,cql,3000,11,3000,e2041414fda7576e,-84.795654297,76763,39227,28.0181,12.882,15.1361,89.7027,0.16874,1.1279,1.2437,1.1026
cql-seed2,cql,3000,12,3000,e2041414fda7576e,-84.795654297,33583,82841,28.4432,14.9903,13.4529,89.7027,0.14997,1.115,1.2045,1.0802
cql-seed2,cql,3000,13,3000,e2041414fda7576e,-84.795654297,29838,52509,32.5956,7.8829,24.7127,89.7027,0.2755,1.1094,1.225,1.1042
cql-seed2,cql,3000,14,3000,e2041414fda7576e,-84.795654297,36307,14110,35.184,6.1693,29.0148,89.7027,0.32345,1.1664,1.4036,1.2033
cql-seed2,cql,4000,0,4000,0980af4bded7c630,-122.26449585,237311,68413,50.4577,2.7009,47.7568,78.3523,0.60951,0.8917,1.2984,1.4561
cql-seed2,cql,4000,2,4000,0980af4bded7c630,-122.26449585,168808,33814,41.3041,13.1794,28.1246,78.3523,0.35895,0.9393,1.1064,1.1779
cql-seed2,cql,4000,4,4000,0980af4bded7c630,-122.26449585,35214,133999,34.795,9.649,25.146,78.3523,0.32094,0.9735,1.0525,1.0812
cql-seed2,cql,4000,5,4000,0980af4bded7c630,-122.26449585,40938,30344,34.6909,3.9157,30.7753,78.3523,0.39278,1.0379,1.189,1.1456
cql-seed2,cql,4000,6,4000,0980af4bded7c630,-122.26449585,51996,11915,31.3434,6.5017,24.8417,78.3523,0.31705,1.0457,1.2721,1.2165
cql-seed2,cql,4000,7,4000,0980af4bded7c630,-122.26449585,64933,19513,29.3516,10.5845,18.7671,78.3523,0.23952,1.0189,1.217,1.1945
cql-seed2,cql,4000,11,4000,0980af4bded7c630,-122.26449585,76763,39227,27.2065,11.4223,15.7842,78.3523,0.20145,1.0611,1.1674,1.1001
cql-seed2,cql,4000,12,4000,0980af4bded7c630,-122.26449585,33583,82841,27.5689,13.2881,14.2808,78.3523,0.18226,1.0279,1.1031,1.0732
cql-seed2,cql,4000,13,4000,0980af4bded7c630,-122.26449585,29838,52509,31.2768,6.1636,25.1132,78.3523,0.32052,1.0059,1.1218,1.1152
cql-seed2,cql,4000,14,4000,0980af4bded7c630,-122.26449585,36307,14110,32.4397,2.8359,29.6038,78.3523,0.37783,1.0626,1.303,1.2262
cql-seed2,cql,5000,0,5000,604b611be28fdacc,-150.094009399,237311,68413,56.987,7.9547,49.0323,80.6108,0.60826,0.8769,1.2809,1.4607
cql-seed2,cql,5000,2,5000,604b611be28fdacc,-150.094009399,168808,33814,44.2648,15.6931,28.5717,80.6108,0.35444,0.9231,1.0898,1.1806
cql-seed2,cql,5000,4,5000,604b611be28fdacc,-150.094009399,35214,133999,36.5892,12.0345,24.5547,80.6108,0.30461,0.9531,1.0361,1.0871
cql-seed2,cql,5000,5,5000,604b611be28fdacc,-150.094009399,40938,30344,35.3983,4.7877,30.6105,80.6108,0.37973,1.0103,1.1701,1.1582
cql-seed2,cql,5000,6,5000,604b611be28fdacc,-150.094009399,51996,11915,33.152,9.8132,23.3388,80.6108,0.28952,1.0095,1.2353,1.2237
cql-seed2,cql,5000,7,5000,604b611be28fdacc,-150.094009399,64933,19513,30.3195,12.1039,18.2156,80.6108,0.22597,0.9806,1.167,1.19
cql-seed2,cql,5000,11,5000,604b611be28fdacc,-150.094009399,76763,39227,28.7766,12.2962,16.4804,80.6108,0.20444,1.0334,1.1306,1.094
cql-seed2,cql,5000,12,5000,604b611be28fdacc,-150.094009399,33583,82841,30.8921,15.8786,15.0136,80.6108,0.18625,0.9942,1.077,1.0834
cql-seed2,cql,5000,13,5000,604b611be28fdacc,-150.094009399,29838,52509,34.5469,7.48,27.0669,80.6108,0.33577,0.9893,1.1078,1.1198
cql-seed2,cql,5000,14,5000,604b611be28fdacc,-150.094009399,36307,14110,35.4757,4.4334,31.0423,80.6108,0.38509,1.0397,1.303,1.2533
cql-seed2,cql,6000,0,6000,ab9c75fcfac688fc,-173.722351074,237311,68413,62.342,13.8515,48.4905,85.112,0.56973,0.868,1.271,1.4643
cql-seed2,cql,6000,2,6000,ab9c75fcfac688fc,-173.722351074,168808,33814,46.6489,17.279,29.3699,85.112,0.34507,0.9119,1.0752,1.1791
cql-seed2,cql,6000,4,6000,ab9c75fcfac688fc,-173.722351074,35214,133999,34.4836,10.5542,23.9294,85.112,0.28115,0.9359,1.0173,1.0869
cql-seed2,cql,6000,5,6000,ab9c75fcfac688fc,-173.722351074,40938,30344,34.3595,5.1588,29.2007,85.112,0.34309,0.9968,1.1492,1.1529
cql-seed2,cql,6000,6,6000,ab9c75fcfac688fc,-173.722351074,51996,11915,33.9135,9.5852,24.3284,85.112,0.28584,1.0051,1.2109,1.2048
cql-seed2,cql,6000,7,6000,ab9c75fcfac688fc,-173.722351074,64933,19513,32.3144,12.8009,19.5135,85.112,0.22927,0.9765,1.1709,1.1992
cql-seed2,cql,6000,11,6000,ab9c75fcfac688fc,-173.722351074,76763,39227,32.3888,13.8055,18.5833,85.112,0.21834,1.0194,1.1221,1.1008
cql-seed2,cql,6000,12,6000,ab9c75fcfac688fc,-173.722351074,33583,82841,31.7524,16.4585,15.2939,85.112,0.17969,0.9854,1.0709,1.0867
cql-seed2,cql,6000,13,6000,ab9c75fcfac688fc,-173.722351074,29838,52509,35.6456,8.0581,27.5876,85.112,0.32413,0.9728,1.0912,1.1217
cql-seed2,cql,6000,14,6000,ab9c75fcfac688fc,-173.722351074,36307,14110,36.5937,5.7713,30.8225,85.112,0.36214,1.019,1.2606,1.237
cql-seed2,cql,7000,0,7000,e2527190b92fb9b7,-197.927337646,237311,68413,65.2027,13.9959,51.2068,89.5253,0.57198,0.8615,1.2618,1.4646
cql-seed2,cql,7000,2,7000,e2527190b92fb9b7,-197.927337646,168808,33814,47.2266,17.5207,29.7059,89.5253,0.33182,0.9098,1.0773,1.1841
cql-seed2,cql,7000,4,7000,e2527190b92fb9b7,-197.927337646,35214,133999,35.9044,11.8953,24.009,89.5253,0.26818,0.9286,1.0108,1.0884
cql-seed2,cql,7000,5,7000,e2527190b92fb9b7,-197.927337646,40938,30344,35.602,5.8255,29.7765,89.5253,0.3326,0.9937,1.1482,1.1555
cql-seed2,cql,7000,6,7000,e2527190b92fb9b7,-197.927337646,51996,11915,34.6601,9.274,25.3861,89.5253,0.28356,0.9947,1.196,1.2023
cql-seed2,cql,7000,7,7000,e2527190b92fb9b7,-197.927337646,64933,19513,32.9418,14.0381,18.9037,89.5253,0.21115,0.9662,1.1599,1.2006
cql-seed2,cql,7000,11,7000,e2527190b92fb9b7,-197.927337646,76763,39227,30.5197,12.8025,17.7172,89.5253,0.1979,0.9993,1.0992,1.1
cql-seed2,cql,7000,12,7000,e2527190b92fb9b7,-197.927337646,33583,82841,32.6713,16.6469,16.0244,89.5253,0.17899,0.9728,1.0553,1.0848
cql-seed2,cql,7000,13,7000,e2527190b92fb9b7,-197.927337646,29838,52509,36.9322,8.7571,28.175,89.5253,0.31472,0.9659,1.0862,1.1245
cql-seed2,cql,7000,14,7000,e2527190b92fb9b7,-197.927337646,36307,14110,39.1194,7.3278,31.7916,89.5253,0.35511,1.0173,1.2718,1.2502
cql-seed2,cql,8000,0,8000,d05b31eebb3156e8,-220.521179199,237311,68413,67.4858,16.8305,50.6553,90.0394,0.56259,0.8589,1.2527,1.4585
cql-seed2,cql,8000,2,8000,d05b31eebb3156e8,-220.521179199,168808,33814,46.9677,18.5363,28.4314,90.0394,0.31577,0.9051,1.0696,1.1818
cql-seed2,cql,8000,4,8000,d05b31eebb3156e8,-220.521179199,35214,133999,35.5801,12.1366,23.4435,90.0394,0.26037,0.931,1.0191,1.0946
cql-seed2,cql,8000,5,8000,d05b31eebb3156e8,-220.521179199,40938,30344,36.5904,6.1872,30.4032,90.0394,0.33767,0.9923,1.1594,1.1684
cql-seed2,cql,8000,6,8000,d05b31eebb3156e8,-220.521179199,51996,11915,35.3395,10.6768,24.6627,90.0394,0.27391,0.9965,1.2086,1.2128
cql-seed2,cql,8000,7,8000,d05b31eebb3156e8,-220.521179199,64933,19513,33.8894,14.7729,19.1165,90.0394,0.21231,0.9605,1.1386,1.1854
cql-seed2,cql,8000,11,8000,d05b31eebb3156e8,-220.521179199,76763,39227,32.3836,14.3426,18.0409,90.0394,0.20037,1.0148,1.1067,1.0905
cql-seed2,cql,8000,12,8000,d05b31eebb3156e8,-220.521179199,33583,82841,33.608,17.1775,16.4305,90.0394,0.18248,0.9773,1.0623,1.087
cql-seed2,cql,8000,13,8000,d05b31eebb3156e8,-220.521179199,29838,52509,37.0179,9.0161,28.0018,90.0394,0.31099,0.9639,1.0995,1.1407
cql-seed2,cql,8000,14,8000,d05b31eebb3156e8,-220.521179199,36307,14110,39.0143,7.1014,31.9129,90.0394,0.35443,1.0096,1.278,1.2658
cql-seed2,cql,9000,0,9000,33667bb861110ee3,-241.810745239,237311,68413,66.7046,16.4738,50.2308,89.0235,0.56424,0.8621,1.2539,1.4545
cql-seed2,cql,9000,2,9000,33667bb861110ee3,-241.810745239,168808,33814,47.151,18.0497,29.1013,89.0235,0.32689,0.9053,1.0644,1.1757
cql-seed2,cql,9000,4,9000,33667bb861110ee3,-241.810745239,35214,133999,33.174,10.4167,22.7573,89.0235,0.25563,0.9312,1.0129,1.0878
cql-seed2,cql,9000,5,9000,33667bb861110ee3,-241.810745239,40938,30344,33.9255,4.7198,29.2057,89.0235,0.32807,0.9816,1.1358,1.1571
cql-seed2,cql,9000,6,9000,33667bb861110ee3,-241.810745239,51996,11915,34.3627,9.6071,24.7556,89.0235,0.27808,0.9783,1.1739,1.1999
cql-seed2,cql,9000,7,9000,33667bb861110ee3,-241.810745239,64933,19513,33.0518,14.8451,18.2068,89.0235,0.20452,0.9613,1.1532,1.1996
cql-seed2,cql,9000,11,9000,33667bb861110ee3,-241.810745239,76763,39227,31.2287,13.8117,17.417,89.0235,0.19565,1.0011,1.0946,1.0934
cql-seed2,cql,9000,12,9000,33667bb861110ee3,-241.810745239,33583,82841,30.9272,15.901,15.0262,89.0235,0.16879,0.9702,1.0564,1.0888
cql-seed2,cql,9000,13,9000,33667bb861110ee3,-241.810745239,29838,52509,35.299,7.7905,27.5085,89.0235,0.309,0.9579,1.0817,1.1293
cql-seed2,cql,9000,14,9000,33667bb861110ee3,-241.810745239,36307,14110,37.935,6.2404,31.6946,89.0235,0.35602,1.0027,1.2512,1.2479
cql-seed2,cql,10000,0,10000,e2b1990a161a272f,-272.796386719,237311,68413,66.0619,16.8618,49.2001,87.6806,0.56113,0.8605,1.2404,1.4415
cql-seed2,cql,10000,2,10000,e2b1990a161a272f,-272.796386719,168808,33814,45.3606,16.4497,28.9108,87.6806,0.32973,0.9033,1.0626,1.1764
cql-seed2,cql,10000,4,10000,e2b1990a161a272f,-272.796386719,35214,133999,33.3184,9.6417,23.6767,87.6806,0.27003,0.9207,1.0109,1.098
cql-seed2,cql,10000,5,10000,e2b1990a161a272f,-272.796386719,40938,30344,34.0079,4.1683,29.8395,87.6806,0.34032,0.9786,1.1374,1.1623
cql-seed2,cql,10000,6,10000,e2b1990a161a272f,-272.796386719,51996,11915,34.3605,7.801,26.5595,87.6806,0.30291,0.9824,1.1782,1.1993
cql-seed2,cql,10000,7,10000,e2b1990a161a272f,-272.796386719,64933,19513,35.4362,14.8513,20.5849,87.6806,0.23477,0.9489,1.1361,1.1973
cql-seed2,cql,10000,11,10000,e2b1990a161a272f,-272.796386719,76763,39227,30.9702,13.2481,17.7222,87.6806,0.20212,0.9874,1.0781,1.0919
cql-seed2,cql,10000,12,10000,e2b1990a161a272f,-272.796386719,33583,82841,30.6697,15.2769,15.3928,87.6806,0.17556,0.9674,1.0517,1.0872
cql-seed2,cql,10000,13,10000,e2b1990a161a272f,-272.796386719,29838,52509,34.9798,7.3861,27.5936,87.6806,0.31471,0.9496,1.0821,1.1395
cql-seed2,cql,10000,14,10000,e2b1990a161a272f,-272.796386719,36307,14110,38.2142,6.0801,32.1341,87.6806,0.36649,0.9972,1.2466,1.2501
cql-seed2,cql,11000,0,11000,e89d5a094e24d632,-294.043334961,237311,68413,63.2555,14.7371,48.5184,83.9894,0.57767,0.8561,1.2339,1.4413
cql-seed2,cql,11000,2,11000,e89d5a094e24d632,-294.043334961,168808,33814,44.0188,16.4693,27.5495,83.9894,0.32801,0.9003,1.0549,1.1717
cql-seed2,cql,11000,4,11000,e89d5a094e24d632,-294.043334961,35214,133999,32.6111,10.4652,22.1459,83.9894,0.26368,0.9146,1.0046,1.0984
cql-seed2,cql,11000,5,11000,e89d5a094e24d632,-294.043334961,40938,30344,33.5032,4.638,28.8652,83.9894,0.34368,0.9721,1.1285,1.1608
cql-seed2,cql,11000,6,11000,e89d5a094e24d632,-294.043334961,51996,11915,35.5744,9.2028,26.3716,83.9894,0.31399,0.9767,1.1699,1.1978
cql-seed2,cql,11000,7,11000,e89d5a094e24d632,-294.043334961,64933,19513,33.9442,14.843,19.1012,83.9894,0.22742,0.9418,1.1275,1.1972
cql-seed2,cql,11000,11,11000,e89d5a094e24d632,-294.043334961,76763,39227,30.8299,13.5887,17.2411,83.9894,0.20528,0.9836,1.0799,1.0979
cql-seed2,cql,11000,12,11000,e89d5a094e24d632,-294.043334961,33583,82841,30.4245,15.2336,15.1909,83.9894,0.18087,0.9638,1.0502,1.0897
cql-seed2,cql,11000,13,11000,e89d5a094e24d632,-294.043334961,29838,52509,34.0531,7.8052,26.2479,83.9894,0.31251,0.9407,1.0753,1.143
cql-seed2,cql,11000,14,11000,e89d5a094e24d632,-294.043334961,36307,14110,38.8619,6.5639,32.298,83.9894,0.38455,0.9894,1.2332,1.2464
cql-seed2,cql,12000,0,12000,d6eec998d2bad268,-316.265563965,237311,68413,62.8015,14.8947,47.9068,84.0599,0.56991,0.8539,1.2295,1.4398
cql-seed2,cql,12000,2,12000,d6eec998d2bad268,-316.265563965,168808,33814,42.3751,15.8971,26.4779,84.0599,0.31499,0.9037,1.0613,1.1745
cql-seed2,cql,12000,4,12000,d6eec998d2bad268,-316.265563965,35214,133999,31.5319,10.0901,21.4418,84.0599,0.25508,0.9045,0.9942,1.0992
cql-seed2,cql,12000,5,12000,d6eec998d2bad268,-316.265563965,40938,30344,33.2337,4.8329,28.4008,84.0599,0.33786,0.96,1.1227,1.1695
cql-seed2,cql,12000,6,12000,d6eec998d2bad268,-316.265563965,51996,11915,35.0499,9.0952,25.9547,84.0599,0.30876,0.9703,1.1653,1.201
cql-seed2,cql,12000,7,12000,d6eec998d2bad268,-316.265563965,64933,19513,34.0171,14.8652,19.1519,84.0599,0.22784,0.9366,1.116,1.1916
cql-seed2,cql,12000,11,12000,d6eec998d2bad268,-316.265563965,76763,39227,29.954,13.4838,16.4702,84.0599,0.19593,0.9825,1.0757,1.0948
cql-seed2,cql,12000,12,12000,d6eec998d2bad268,-316.265563965,33583,82841,29.6145,15.377,14.2375,84.0599,0.16937,0.9593,1.0419,1.086
cql-seed2,cql,12000,13,12000,d6eec998d2bad268,-316.265563965,29838,52509,32.9596,7.3371,25.6225,84.0599,0.30481,0.9321,1.0674,1.1452
cql-seed2,cql,12000,14,12000,d6eec998d2bad268,-316.265563965,36307,14110,38.584,6.8056,31.7785,84.0599,0.37805,0.9787,1.2264,1.2531
cql-seed2,cql,13000,0,13000,814c9a0c10830497,-350.913391113,237311,68413,62.4565,14.8544,47.6021,83.6355,0.56916,0.8519,1.2187,1.4305
cql-seed2,cql,13000,2,13000,814c9a0c10830497,-350.913391113,168808,33814,42.5876,14.5504,28.0372,83.6355,0.33523,0.9015,1.0571,1.1725
cql-seed2,cql,13000,4,13000,814c9a0c10830497,-350.913391113,35214,133999,31.6401,10.0361,21.604,83.6355,0.25831,0.9074,0.9974,1.0992
cql-seed2,cql,13000,5,13000,814c9a0c10830497,-350.913391113,40938,30344,34.6093,4.9988,29.6105,83.6355,0.35404,0.9623,1.1193,1.1631
cql-seed2,cql,13000,6,13000,814c9a0c10830497,-350.913391113,51996,11915,35.5124,8.617,26.8954,83.6355,0.32158,0.9672,1.1611,1.2004
cql-seed2,cql,13000,7,13000,814c9a0c10830497,-350.913391113,64933,19513,33.9035,15.2252,18.6784,83.6355,0.22333,0.9331,1.1164,1.1964
cql-seed2,cql,13000,11,13000,814c9a0c10830497,-350.913391113,76763,39227,29.6795,12.9725,16.707,83.6355,0.19976,0.9769,1.0706,1.0959
cql-seed2,cql,13000,12,13000,814c9a0c10830497,-350.913391113,33583,82841,29.159,14.8185,14.3405,83.6355,0.17146,0.9588,1.0436,1.0885
cql-seed2,cql,13000,13,13000,814c9a0c10830497,-350.913391113,29838,52509,33.3736,7.6158,25.7578,83.6355,0.30798,0.9367,1.0685,1.1408
cql-seed2,cql,13000,14,13000,814c9a0c10830497,-350.913391113,36307,14110,38.5475,6.0919,32.4556,83.6355,0.38806,0.9866,1.2271,1.2438
cql-seed2,cql,14000,0,14000,4057021ff55d49f0,-378.367370605,237311,68413,60.7787,13.5483,47.2304,80.9838,0.58321,0.8542,1.2153,1.4228
cql-seed2,cql,14000,2,14000,4057021ff55d49f0,-378.367370605,168808,33814,41.0353,14.6052,26.43,80.9838,0.32636,0.9031,1.0593,1.1729
cql-seed2,cql,14000,4,14000,4057021ff55d49f0,-378.367370605,35214,133999,31.5294,10.248,21.2814,80.9838,0.26279,0.9108,0.998,1.0958
cql-seed2,cql,14000,5,14000,4057021ff55d49f0,-378.367370605,40938,30344,32.6897,4.8805,27.8092,80.9838,0.34339,0.9656,1.116,1.1558
cql-seed2,cql,14000,6,14000,4057021ff55d49f0,-378.367370605,51996,11915,33.8368,8.9049,24.9319,80.9838,0.30786,0.9647,1.1513,1.1934
cql-seed2,cql,14000,7,14000,4057021ff55d49f0,-378.367370605,64933,19513,32.9993,13.7018,19.2974,80.9838,0.23829,0.9287,1.1035,1.1882
cql-seed2,cql,14000,11,14000,4057021ff55d49f0,-378.367370605,76763,39227,27.9546,12.5912,15.3634,80.9838,0.18971,0.9758,1.0666,1.093
cql-seed2,cql,14000,12,14000,4057021ff55d49f0,-378.367370605,33583,82841,27.1045,13.8897,13.2149,80.9838,0.16318,0.9523,1.0342,1.0861
cql-seed2,cql,14000,13,14000,4057021ff55d49f0,-378.367370605,29838,52509,31.9417,7.7166,24.2251,80.9838,0.29913,0.9346,1.066,1.1406
cql-seed2,cql,14000,14,14000,4057021ff55d49f0,-378.367370605,36307,14110,36.5989,6.1349,30.4641,80.9838,0.37617,0.9798,1.2169,1.242
cql-seed2,cql,15000,0,15000,e3d6c528aed6559b,-407.144866943,237311,68413,60.4348,14.3264,46.1084,78.4268,0.58792,0.8575,1.2111,1.4123
cql-seed2,cql,15000,2,15000,e3d6c528aed6559b,-407.144866943,168808,33814,40.5113,14.6653,25.846,78.4268,0.32956,0.9012,1.0481,1.163
cql-seed2,cql,15000,4,15000,e3d6c528aed6559b,-407.144866943,35214,133999,30.6788,9.9192,20.7596,78.4268,0.2647,0.8968,0.9896,1.1035
cql-seed2,cql,15000,5,15000,e3d6c528aed6559b,-407.144866943,40938,30344,32.5164,5.0877,27.4287,78.4268,0.34974,0.9475,1.1074,1.1688
cql-seed2,cql,15000,6,15000,e3d6c528aed6559b,-407.144866943,51996,11915,34.2165,10.3091,23.9074,78.4268,0.30484,0.9586,1.1492,1.1988
cql-seed2,cql,15000,7,15000,e3d6c528aed6559b,-407.144866943,64933,19513,31.7502,12.8942,18.856,78.4268,0.24043,0.9352,1.1044,1.1809
cql-seed2,cql,15000,11,15000,e3d6c528aed6559b,-407.144866943,76763,39227,27.4986,12.0876,15.411,78.4268,0.1965,0.9816,1.0706,1.0907
cql-seed2,cql,15000,12,15000,e3d6c528aed6559b,-407.144866943,33583,82841,27.0333,13.8274,13.2059,78.4268,0.16839,0.9495,1.0291,1.0839
cql-seed2,cql,15000,13,15000,e3d6c528aed6559b,-407.144866943,29838,52509,31.5973,7.4427,24.1546,78.4268,0.30799,0.9215,1.0576,1.1477
cql-seed2,cql,15000,14,15000,e3d6c528aed6559b,-407.144866943,36307,14110,36.7257,6.8878,29.8379,78.4268,0.38046,0.9671,1.2125,1.2538
cql-seed2,cql,16000,0,16000,74b0cf9954bcb8e4,-433.665527344,237311,68413,59.5344,13.4963,46.0382,78.6238,0.58555,0.8495,1.2069,1.4206
cql-seed2,cql,16000,2,16000,74b0cf9954bcb8e4,-433.665527344,168808,33814,39.7788,14.0086,25.7702,78.6238,0.32777,0.8979,1.0485,1.1677
cql-seed2,cql,16000,4,16000,74b0cf9954bcb8e4,-433.665527344,35214,133999,29.8944,10.0162,19.8781,78.6238,0.25283,0.8972,0.9903,1.1038
cql-seed2,cql,16000,5,16000,74b0cf9954bcb8e4,-433.665527344,40938,30344,33.1655,5.7081,27.4574,78.6238,0.34922,0.9481,1.1097,1.1705
cql-seed2,cql,16000,6,16000,74b0cf9954bcb8e4,-433.665527344,51996,11915,34.3894,9.0096,25.3798,78.6238,0.3228,0.9571,1.1484,1.1999
cql-seed2,cql,16000,7,16000,74b0cf9954bcb8e4,-433.665527344,64933,19513,33.0135,13.8872,19.1263,78.6238,0.24326,0.9293,1.1009,1.1847
cql-seed2,cql,16000,11,16000,74b0cf9954bcb8e4,-433.665527344,76763,39227,26.7074,12.4914,14.216,78.6238,0.18081,0.9774,1.0658,1.0904
cql-seed2,cql,16000,12,16000,74b0cf9954bcb8e4,-433.665527344,33583,82841,26.8352,14.5531,12.2821,78.6238,0.15621,0.9511,1.0311,1.0841
cql-seed2,cql,16000,13,16000,74b0cf9954bcb8e4,-433.665527344,29838,52509,31.8625,8.1962,23.6664,78.6238,0.30101,0.9201,1.0605,1.1526
cql-seed2,cql,16000,14,16000,74b0cf9954bcb8e4,-433.665527344,36307,14110,37.6304,7.484,30.1464,78.6238,0.38343,0.9653,1.2101,1.2536
cql-seed2,cql,17000,0,17000,5669f0223364ab0e,-454.673339844,237311,68413,57.4499,12.4918,44.9581,76.4246,0.58827,0.8489,1.1989,1.4123
cql-seed2,cql,17000,2,17000,5669f0223364ab0e,-454.673339844,168808,33814,39.6195,13.4761,26.1433,76.4246,0.34208,0.8956,1.0419,1.1633
cql-seed2,cql,17000,4,17000,5669f0223364ab0e,-454.673339844,35214,133999,29.1219,9.1816,19.9404,76.4246,0.26092,0.8914,0.9855,1.1056
cql-seed2,cql,17000,5,17000,5669f0223364ab0e,-454.673339844,40938,30344,30.7605,3.925,26.8355,76.4246,0.35114,0.9393,1.0998,1.1709
cql-seed2,cql,17000,6,17000,5669f0223364ab0e,-454.673339844,51996,11915,31.823,6.5761,25.247,76.4246,0.33035,0.9546,1.1394,1.1936
cql-seed2,cql,17000,7,17000,5669f0223364ab0e,-454.673339844,64933,19513,30.2886,12.0144,18.2742,76.4246,0.23911,0.9265,1.0975,1.1845
cql-seed2,cql,17000,11,17000,5669f0223364ab0e,-454.673339844,76763,39227,26.425,11.5592,14.8658,76.4246,0.19452,0.9713,1.0571,1.0882
cql-seed2,cql,17000,12,17000,5669f0223364ab0e,-454.673339844,33583,82841,26.2176,13.3298,12.8878,76.4246,0.16863,0.9465,1.026,1.084
cql-seed2,cql,17000,13,17000,5669f0223364ab0e,-454.673339844,29838,52509,29.8913,6.4717,23.4196,76.4246,0.30644,0.9106,1.0527,1.156
cql-seed2,cql,17000,14,17000,5669f0223364ab0e,-454.673339844,36307,14110,35.5481,5.8757,29.6723,76.4246,0.38826,0.9604,1.2033,1.2529
cql-seed2,cql,18000,0,18000,8ba44335d96c7855,-481.692718506,237311,68413,57.2629,12.4406,44.8223,76.1136,0.58889,0.8512,1.2066,1.4175
cql-seed2,cql,18000,2,18000,8ba44335d96c7855,-481.692718506,168808,33814,39.11,12.8152,26.2948,76.1136,0.34547,0.8947,1.0416,1.1642
cql-seed2,cql,18000,4,18000,8ba44335d96c7855,-481.692718506,35214,133999,27.4427,9.5055,17.9372,76.1136,0.23566,0.892,0.9865,1.1059
cql-seed2,cql,18000,5,18000,8ba44335d96c7855,-481.692718506,40938,30344,29.6018,4.6309,24.9709,76.1136,0.32807,0.9372,1.1048,1.1788
cql-seed2,cql,18000,6,18000,8ba44335d96c7855,-481.692718506,51996,11915,32.8615,7.9739,24.8876,76.1136,0.32698,0.9553,1.1478,1.2015
cql-seed2,cql,18000,7,18000,8ba44335d96c7855,-481.692718506,64933,19513,30.8644,11.3907,19.4737,76.1136,0.25585,0.9267,1.1004,1.1875
cql-seed2,cql,18000,11,18000,8ba44335d96c7855,-481.692718506,76763,39227,27.1173,12.2365,14.8808,76.1136,0.19551,0.9725,1.0607,1.0907
cql-seed2,cql,18000,12,18000,8ba44335d96c7855,-481.692718506,33583,82841,25.3851,13.1257,12.2594,76.1136,0.16107,0.9496,1.0303,1.085
cql-seed2,cql,18000,13,18000,8ba44335d96c7855,-481.692718506,29838,52509,29.2403,7.3045,21.9357,76.1136,0.2882,0.9114,1.057,1.1597
cql-seed2,cql,18000,14,18000,8ba44335d96c7855,-481.692718506,36307,14110,35.4388,5.6083,29.8306,76.1136,0.39192,0.962,1.2204,1.2686
cql-seed2,cql,19000,0,19000,fb82c918c01ad40e,-502.685638428,237311,68413,56.5285,11.9617,44.5668,76.2206,0.58471,0.8485,1.1925,1.4054
cql-seed2,cql,19000,2,19000,fb82c918c01ad40e,-502.685638428,168808,33814,37.866,12.0401,25.8259,76.2206,0.33883,0.8929,1.0331,1.1571
cql-seed2,cql,19000,4,19000,fb82c918c01ad40e,-502.685638428,35214,133999,27.1731,9.0578,18.1154,76.2206,0.23767,0.8952,0.9873,1.1029
cql-seed2,cql,19000,5,19000,fb82c918c01ad40e,-502.685638428,40938,30344,29.8495,4.4281,25.4214,76.2206,0.33352,0.9403,1.1084,1.1788
cql-seed2,cql,19000,6,19000,fb82c918c01ad40e,-502.685638428,51996,11915,31.0521,7.3798,23.6723,76.2206,0.31058,0.9538,1.142,1.1974
cql-seed2,cql,19000,7,19000,fb82c918c01ad40e,-502.685638428,64933,19513,30.3361,12.0535,18.2826,76.2206,0.23986,0.924,1.0952,1.1852
cql-seed2,cql,19000,11,19000,fb82c918c01ad40e,-502.685638428,76763,39227,24.7296,10.9379,13.7917,76.2206,0.18095,0.971,1.0548,1.0863
cql-seed2,cql,19000,12,19000,fb82c918c01ad40e,-502.685638428,33583,82841,23.6047,12.4941,11.1106,76.2206,0.14577,0.949,1.0263,1.0814
cql-seed2,cql,19000,13,19000,fb82c918c01ad40e,-502.685638428,29838,52509,28.3046,6.8359,21.4687,76.2206,0.28167,0.9163,1.0586,1.1553
cql-seed2,cql,19000,14,19000,fb82c918c01ad40e,-502.685638428,36307,14110,35.3009,6.0231,29.2778,76.2206,0.38412,0.9646,1.2168,1.2614
cql-seed2,cql,20000,0,20000,d2174cf362f24937,-534.442199707,237311,68413,56.3841,12.7127,43.6714,75.2999,0.57997,0.8475,1.1913,1.4056
cql-seed2,cql,20000,2,20000,d2174cf362f24937,-534.442199707,168808,33814,37.4183,12.4662,24.9521,75.2999,0.33137,0.8959,1.0376,1.1582
cql-seed2,cql,20000,4,20000,d2174cf362f24937,-534.442199707,35214,133999,26.4083,8.6785,17.7298,75.2999,0.23546,0.8937,0.9897,1.1075
cql-seed2,cql,20000,5,20000,d2174cf362f24937,-534.442199707,40938,30344,28.5291,3.3018,25.2273,75.2999,0.33502,0.9425,1.106,1.1735
cql-seed2,cql,20000,6,20000,d2174cf362f24937,-534.442199707,51996,11915,31.5512,6.9108,24.6404,75.2999,0.32723,0.9553,1.1416,1.195
cql-seed2,cql,20000,7,20000,d2174cf362f24937,-534.442199707,64933,19513,30.9538,13.1026,17.8511,75.2999,0.23707,0.9193,1.0934,1.1894
cql-seed2,cql,20000,11,20000,d2174cf362f24937,-534.442199707,76763,39227,24.2607,10.3959,13.8648,75.2999,0.18413,0.9654,1.0527,1.0904
cql-seed2,cql,20000,12,20000,d2174cf362f24937,-534.442199707,33583,82841,23.08,12.0285,11.0514,75.2999,0.14677,0.9457,1.0245,1.0833
cql-seed2,cql,20000,13,20000,d2174cf362f24937,-534.442199707,29838,52509,26.8415,5.4808,21.3608,75.2999,0.28368,0.9141,1.056,1.1552
cql-seed2,cql,20000,14,20000,d2174cf362f24937,-534.442199707,36307,14110,33.5157,3.9197,29.596,75.2999,0.39304,0.9652,1.2058,1.2493
cql-seed2,cql,21000,0,21000,85a6f73afaf4f1b7,-559.962341309,237311,68413,55.1451,10.2976,44.8475,73.9766,0.60624,0.8492,1.1876,1.3985
cql-seed2,cql,21000,2,21000,85a6f73afaf4f1b7,-559.962341309,168808,33814,37.1876,12.1106,25.0771,73.9766,0.33899,0.8936,1.0341,1.1573
cql-seed2,cql,21000,4,21000,85a6f73afaf4f1b7,-559.962341309,35214,133999,25.0313,8.6707,16.3606,73.9766,0.22116,0.8877,0.9826,1.1069
cql-seed2,cql,21000,5,21000,85a6f73afaf4f1b7,-559.962341309,40938,30344,28.3306,3.8003,24.5303,73.9766,0.33159,0.931,1.0976,1.179
cql-seed2,cql,21000,6,21000,85a6f73afaf4f1b7,-559.962341309,51996,11915,30.4439,5.8704,24.5735,73.9766,0.33218,0.9502,1.1331,1.1925
cql-seed2,cql,21000,7,21000,85a6f73afaf4f1b7,-559.962341309,64933,19513,29.0882,11.5107,17.5776,73.9766,0.23761,0.9188,1.0885,1.1847
cql-seed2,cql,21000,11,21000,85a6f73afaf4f1b7,-559.962341309,76763,39227,23.9727,10.2823,13.6905,73.9766,0.18506,0.9682,1.0504,1.085
cql-seed2,cql,21000,12,21000,85a6f73afaf4f1b7,-559.962341309,33583,82841,23.701,12.4408,11.2601,73.9766,0.15221,0.9446,1.0238,1.0838
cql-seed2,cql,21000,13,21000,85a6f73afaf4f1b7,-559.962341309,29838,52509,26.4422,5.8999,20.5422,73.9766,0.27769,0.9062,1.0494,1.1579
cql-seed2,cql,21000,14,21000,85a6f73afaf4f1b7,-559.962341309,36307,14110,33.693,4.4587,29.2343,73.9766,0.39518,0.9516,1.1944,1.2551
cql-seed2,cql,22000,0,22000,8aded2457515470d,-592.729858398,237311,68413,52.7831,9.2988,43.4843,71.3279,0.60964,0.8496,1.186,1.3959
cql-seed2,cql,22000,2,22000,8aded2457515470d,-592.729858398,168808,33814,36.9806,11.1372,25.8434,71.3279,0.36232,0.8937,1.0344,1.1574
cql-seed2,cql,22000,4,22000,8aded2457515470d,-592.729858398,35214,133999,24.7465,8.961,15.7856,71.3279,0.22131,0.891,0.9846,1.105
cql-seed2,cql,22000,5,22000,8aded2457515470d,-592.729858398,40938,30344,28.0963,4.0145,24.0818,71.3279,0.33762,0.9359,1.1015,1.177
cql-seed2,cql,22000,6,22000,8aded2457515470d,-592.729858398,51996,11915,30.8123,6.7846,24.0277,71.3279,0.33686,0.9534,1.1406,1.1963
cql-seed2,cql,22000,7,22000,8aded2457515470d,-592.729858398,64933,19513,29.5913,11.6295,17.9618,71.3279,0.25182,0.9219,1.089,1.1813
cql-seed2,cql,22000,11,22000,8aded2457515470d,-592.729858398,76763,39227,24.6423,10.8839,13.7584,71.3279,0.19289,0.9674,1.0534,1.0889
cql-seed2,cql,22000,12,22000,8aded2457515470d,-592.729858398,33583,82841,23.2365,12.1446,11.0919,71.3279,0.15551,0.9446,1.0245,1.0846
cql-seed2,cql,22000,13,22000,8aded2457515470d,-592.729858398,29838,52509,25.2338,5.9608,19.273,71.3279,0.2702,0.9092,1.053,1.1582
cql-seed2,cql,22000,14,22000,8aded2457515470d,-592.729858398,36307,14110,33.2317,4.5103,28.7214,71.3279,0.40267,0.9575,1.2063,1.2599
cql-seed2,cql,23000,0,23000,511cc570c38d251c,-618.283874512,237311,68413,54.0766,10.6587,43.4179,73.1753,0.59334,0.8489,1.1817,1.392
cql-seed2,cql,23000,2,23000,511cc570c38d251c,-618.283874512,168808,33814,36.5794,11.9882,24.5911,73.1753,0.33606,0.8958,1.0339,1.1542
cql-seed2,cql,23000,4,23000,511cc570c38d251c,-618.283874512,35214,133999,24.8631,8.5682,16.2949,73.1753,0.22268,0.891,0.9847,1.1051
cql-seed2,cql,23000,5,23000,511cc570c38d251c,-618.283874512,40938,30344,27.5093,3.1217,24.3876,73.1753,0.33328,0.9311,1.0987,1.1801
cql-seed2,cql,23000,6,23000,511cc570c38d251c,-618.283874512,51996,11915,29.0322,5.3622,23.6699,73.1753,0.32347,0.952,1.1355,1.1927
cql-seed2,cql,23000,7,23000,511cc570c38d251c,-618.283874512,64933,19513,28.1776,10.6736,17.504,73.1753,0.23921,0.9211,1.0829,1.1757
cql-seed2,cql,23000,11,23000,511cc570c38d251c,-618.283874512,76763,39227,23.8841,10.6715,13.2126,73.1753,0.18056,0.9662,1.0516,1.0884
cql-seed2,cql,23000,12,23000,511cc570c38d251c,-618.283874512,33583,82841,22.6802,12.1555,10.5247,73.1753,0.14383,0.9426,1.0212,1.0834
cql-seed2,cql,23000,13,23000,511cc570c38d251c,-618.283874512,29838,52509,27.1829,5.894,21.289,73.1753,0.29093,0.9082,1.0518,1.1581
cql-seed2,cql,23000,14,23000,511cc570c38d251c,-618.283874512,36307,14110,34.041,4.3933,29.6477,73.1753,0.40516,0.9571,1.2046,1.2586
cql-seed2,cql,24000,0,24000,4800be1c5f1dc0a0,-653.276184082,237311,68413,52.8952,8.4039,44.4913,72.4725,0.61391,0.8471,1.178,1.3905
cql-seed2,cql,24000,2,24000,4800be1c5f1dc0a0,-653.276184082,168808,33814,35.7698,11.5645,24.2053,72.4725,0.33399,0.8921,1.0255,1.1495
cql-seed2,cql,24000,4,24000,4800be1c5f1dc0a0,-653.276184082,35214,133999,22.9547,8.2417,14.713,72.4725,0.20302,0.8896,0.9834,1.1054
cql-seed2,cql,24000,5,24000,4800be1c5f1dc0a0,-653.276184082,40938,30344,26.3419,3.2858,23.0561,72.4725,0.31814,0.9349,1.103,1.1799
cql-seed2,cql,24000,6,24000,4800be1c5f1dc0a0,-653.276184082,51996,11915,29.4941,4.9513,24.5428,72.4725,0.33865,0.9534,1.1377,1.1933
cql-seed2,cql,24000,7,24000,4800be1c5f1dc0a0,-653.276184082,64933,19513,28.6075,9.8642,18.7433,72.4725,0.25863,0.9177,1.0832,1.1804
cql-seed2,cql,24000,11,24000,4800be1c5f1dc0a0,-653.276184082,76763,39227,23.712,10.2929,13.4191,72.4725,0.18516,0.9673,1.0511,1.0867
cql-seed2,cql,24000,12,24000,4800be1c5f1dc0a0,-653.276184082,33583,82841,22.0722,11.8275,10.2447,72.4725,0.14136,0.9437,1.0206,1.0815
cql-seed2,cql,24000,13,24000,4800be1c5f1dc0a0,-653.276184082,29838,52509,25.0537,5.8567,19.1969,72.4725,0.26489,0.9093,1.053,1.1581
cql-seed2,cql,24000,14,24000,4800be1c5f1dc0a0,-653.276184082,36307,14110,32.3608,4.163,28.1978,72.4725,0.38908,0.9561,1.2069,1.2623
cql-seed2,cql,25000,0,25000,6ab892043d2e7136,-688.823486328,237311,68413,52.7613,8.4234,44.3379,72.3373,0.61293,0.8475,1.1764,1.388
cql-seed2,cql,25000,2,25000,6ab892043d2e7136,-688.823486328,168808,33814,34.6819,10.0318,24.6501,72.3373,0.34077,0.8942,1.032,1.1541
cql-seed2,cql,25000,4,25000,6ab892043d2e7136,-688.823486328,35214,133999,24.6377,8.7238,15.9139,72.3373,0.22,0.8928,0.9828,1.1008
cql-seed2,cql,25000,5,25000,6ab892043d2e7136,-688.823486328,40938,30344,28.0077,4.0483,23.9594,72.3373,0.33122,0.9412,1.1032,1.1721
cql-seed2,cql,25000,6,25000,6ab892043d2e7136,-688.823486328,51996,11915,28.3344,5.2987,23.0357,72.3373,0.31845,0.9558,1.1352,1.1877
cql-seed2,cql,25000,7,25000,6ab892043d2e7136,-688.823486328,64933,19513,27.4635,9.7497,17.7138,72.3373,0.24488,0.9251,1.0913,1.1796
cql-seed2,cql,25000,11,25000,6ab892043d2e7136,-688.823486328,76763,39227,23.2628,9.3684,13.8944,72.3373,0.19208,0.9656,1.0479,1.0853
cql-seed2,cql,25000,12,25000,6ab892043d2e7136,-688.823486328,33583,82841,23.3845,11.8962,11.4883,72.3373,0.15882,0.9468,1.0247,1.0822
cql-seed2,cql,25000,13,25000,6ab892043d2e7136,-688.823486328,29838,52509,27.1621,6.4603,20.7018,72.3373,0.28618,0.9153,1.054,1.1515
cql-seed2,cql,25000,14,25000,6ab892043d2e7136,-688.823486328,36307,14110,33.2095,5.0008,28.2087,72.3373,0.38996,0.9666,1.2065,1.2482
cql-seed2,cql,26000,0,26000,7674a68848ccb5d2,-724.477416992,237311,68413,52.0529,7.0315,45.0214,71.528,0.62942,0.8463,1.1703,1.3829
cql-seed2,cql,26000,2,26000,7674a68848ccb5d2,-724.477416992,168808,33814,33.9254,9.7739,24.1515,71.528,0.33765,0.8928,1.0249,1.148
cql-seed2,cql,26000,4,26000,7674a68848ccb5d2,-724.477416992,35214,133999,23.3663,8.4423,14.924,71.528,0.20865,0.8834,0.9795,1.1087
cql-seed2,cql,26000,5,26000,7674a68848ccb5d2,-724.477416992,40938,30344,26.0034,3.3398,22.6636,71.528,0.31685,0.9291,1.0968,1.1805
cql-seed2,cql,26000,6,26000,7674a68848ccb5d2,-724.477416992,51996,11915,28.7768,5.6027,23.1741,71.528,0.32399,0.9491,1.1291,1.1897
cql-seed2,cql,26000,7,26000,7674a68848ccb5d2,-724.477416992,64933,19513,27.3723,9.9909,17.3813,71.528,0.243,0.9183,1.0774,1.1733
cql-seed2,cql,26000,11,26000,7674a68848ccb5d2,-724.477416992,76763,39227,22.3779,9.393,12.985,71.528,0.18154,0.9618,1.0422,1.0836
cql-seed2,cql,26000,12,26000,7674a68848ccb5d2,-724.477416992,33583,82841,21.2941,11.1633,10.1308,71.528,0.14163,0.9427,1.0193,1.0812
cql-seed2,cql,26000,13,26000,7674a68848ccb5d2,-724.477416992,29838,52509,24.0192,5.7472,18.272,71.528,0.25545,0.9014,1.0486,1.1633
cql-seed2,cql,26000,14,26000,7674a68848ccb5d2,-724.477416992,36307,14110,31.8097,4.5065,27.3032,71.528,0.38171,0.9506,1.1978,1.2601
cql-seed2,cql,27000,0,27000,0c98783b17a9d5e7,-756.943481445,237311,68413,50.8039,7.851,42.9528,68.7537,0.62473,0.8479,1.1752,1.3861
cql-seed2,cql,27000,2,27000,0c98783b17a9d5e7,-756.943481445,168808,33814,34.5033,10.7275,23.7758,68.7537,0.34581,0.8946,1.0309,1.1523
cql-seed2,cql,27000,4,27000,0c98783b17a9d5e7,-756.943481445,35214,133999,22.0566,8.4118,13.6449,68.7537,0.19846,0.8827,0.9766,1.1065
cql-seed2,cql,27000,5,27000,0c98783b17a9d5e7,-756.943481445,40938,30344,25.5536,3.4024,22.1512,68.7537,0.32218,0.9311,1.0901,1.1708
cql-seed2,cql,27000,6,27000,0c98783b17a9d5e7,-756.943481445,51996,11915,29.2495,6.0235,23.226,68.7537,0.33782,0.9479,1.1229,1.1846
cql-seed2,cql,27000,7,27000,0c98783b17a9d5e7,-756.943481445,64933,19513,27.4804,9.6146,17.8657,68.7537,0.25985,0.9143,1.08,1.1812
cql-seed2,cql,27000,11,27000,0c98783b17a9d5e7,-756.943481445,76763,39227,22.3294,9.6371,12.6923,68.7537,0.18461,0.9615,1.0431,1.0849
cql-seed2,cql,27000,12,27000,0c98783b17a9d5e7,-756.943481445,33583,82841,21.0752,11.4725,9.6027,68.7537,0.13967,0.9398,1.0158,1.0808
cql-seed2,cql,27000,13,27000,0c98783b17a9d5e7,-756.943481445,29838,52509,23.1303,5.7651,17.3652,68.7537,0.25257,0.9051,1.0452,1.1548
cql-seed2,cql,27000,14,27000,0c98783b17a9d5e7,-756.943481445,36307,14110,30.2388,3.5797,26.6591,68.7537,0.38775,0.9512,1.1863,1.2472
cql-seed2,cql,28000,0,28000,584d2d175ee0b31d,-789.539916992,237311,68413,50.1598,5.4989,44.6608,70.6385,0.63224,0.8466,1.1713,1.3835
cql-seed2,cql,28000,2,28000,584d2d175ee0b31d,-789.539916992,168808,33814,33.0276,10.37,22.6576,70.6385,0.32075,0.8907,1.0221,1.1475
cql-seed2,cql,28000,4,28000,584d2d175ee0b31d,-789.539916992,35214,133999,21.6808,8.1452,13.5356,70.6385,0.19162,0.8802,0.9776,1.1107
cql-seed2,cql,28000,5,28000,584d2d175ee0b31d,-789.539916992,40938,30344,24.6325,3.3942,21.2383,70.6385,0.30066,0.9223,1.0932,1.1853
cql-seed2,cql,28000,6,28000,584d2d175ee0b31d,-789.539916992,51996,11915,27.7656,4.8348,22.9308,70.6385,0.32462,0.9444,1.1227,1.1888
cql-seed2,cql,28000,7,28000,584d2d175ee0b31d,-789.539916992,64933,19513,27.3307,9.4099,17.9209,70.6385,0.2537,0.9127,1.0762,1.1792
cql-seed2,cql,28000,11,28000,584d2d175ee0b31d,-789.539916992,76763,39227,21.494,8.8063,12.6878,70.6385,0.17962,0.9597,1.0403,1.0841
cql-seed2,cql,28000,12,28000,584d2d175ee0b31d,-789.539916992,33583,82841,20.0361,10.8938,9.1423,70.6385,0.12942,0.9378,1.0145,1.0818
cql-seed2,cql,28000,13,28000,584d2d175ee0b31d,-789.539916992,29838,52509,22.3698,5.665,16.7047,70.6385,0.23648,0.8979,1.0463,1.1654
cql-seed2,cql,28000,14,28000,584d2d175ee0b31d,-789.539916992,36307,14110,29.68,3.694,25.986,70.6385,0.36787,0.945,1.1901,1.2593
cql-seed2,cql,29000,0,29000,30fb1d1c02efe217,-826.44720459,237311,68413,49.0792,4.9608,44.1184,69.3012,0.63662,0.8459,1.1635,1.3755
cql-seed2,cql,29000,2,29000,30fb1d1c02efe217,-826.44720459,168808,33814,32.6203,9.4259,23.1944,69.3012,0.33469,0.8903,1.0195,1.1451
cql-seed2,cql,29000,4,29000,30fb1d1c02efe217,-826.44720459,35214,133999,21.024,8.297,12.727,69.3012,0.18365,0.892,0.9819,1.1008
cql-seed2,cql,29000,5,29000,30fb1d1c02efe217,-826.44720459,40938,30344,23.8709,2.9128,20.9581,69.3012,0.30242,0.9438,1.1053,1.1712
cql-seed2,cql,29000,6,29000,30fb1d1c02efe217,-826.44720459,51996,11915,26.9289,3.9327,22.9962,69.3012,0.33183,0.9524,1.1326,1.1891
cql-seed2,cql,29000,7,29000,30fb1d1c02efe217,-826.44720459,64933,19513,25.3561,8.4267,16.9295,69.3012,0.24429,0.9148,1.0762,1.1765
cql-seed2,cql,29000,11,29000,30fb1d1c02efe217,-826.44720459,76763,39227,20.3445,8.2512,12.0933,69.3012,0.1745,0.9635,1.0437,1.0832
cql-seed2,cql,29000,12,29000,30fb1d1c02efe217,-826.44720459,33583,82841,18.8187,10.5291,8.2897,69.3012,0.11962,0.9414,1.0169,1.0802
cql-seed2,cql,29000,13,29000,30fb1d1c02efe217,-826.44720459,29838,52509,22.2811,5.2669,17.0141,69.3012,0.24551,0.9131,1.0531,1.1533
cql-seed2,cql,29000,14,29000,30fb1d1c02efe217,-826.44720459,36307,14110,31.0666,3.8628,27.2039,69.3012,0.39255,0.9677,1.2138,1.2543
cql-seed2,cql,30000,0,30000,78ee089df6c9e79e,-854.898681641,237311,68413,49.241,5.5514,43.6896,68.932,0.63381,0.8485,1.1658,1.3739
cql-seed2,cql,30000,2,30000,78ee089df6c9e79e,-854.898681641,168808,33814,32.4799,9.7085,22.7714,68.932,0.33035,0.8919,1.0193,1.1428
cql-seed2,cql,30000,4,30000,78ee089df6c9e79e,-854.898681641,35214,133999,20.4168,7.6182,12.7986,68.932,0.18567,0.8801,0.9749,1.1077
cql-seed2,cql,30000,5,30000,78ee089df6c9e79e,-854.898681641,40938,30344,23.9301,2.9316,20.9985,68.932,0.30463,0.9226,1.0927,1.1844
cql-seed2,cql,30000,6,30000,78ee089df6c9e79e,-854.898681641,51996,11915,27.0627,4.7912,22.2715,68.932,0.32309,0.9483,1.1223,1.1834
cql-seed2,cql,30000,7,30000,78ee089df6c9e79e,-854.898681641,64933,19513,24.9814,7.8185,17.1629,68.932,0.24898,0.916,1.0766,1.1754
cql-seed2,cql,30000,11,30000,78ee089df6c9e79e,-854.898681641,76763,39227,20.6041,8.6823,11.9218,68.932,0.17295,0.964,1.0445,1.0835
cql-seed2,cql,30000,12,30000,78ee089df6c9e79e,-854.898681641,33583,82841,19.4185,10.5298,8.8887,68.932,0.12895,0.9388,1.0144,1.0805
cql-seed2,cql,30000,13,30000,78ee089df6c9e79e,-854.898681641,29838,52509,22.3857,4.7642,17.6215,68.932,0.25564,0.8979,1.0439,1.1626
cql-seed2,cql,30000,14,30000,78ee089df6c9e79e,-854.898681641,36307,14110,29.4745,2.5823,26.8923,68.932,0.39013,0.9472,1.192,1.2585
cql-seed2,cql,31000,0,31000,ef88f0491a6f06fa,-882.68560791,237311,68413,49.2614,5.0851,44.1763,69.4663,0.63594,0.8433,1.1601,1.3757
cql-seed2,cql,31000,2,31000,ef88f0491a6f06fa,-882.68560791,168808,33814,32.1891,9.4105,22.7786,69.4663,0.32791,0.8918,1.0186,1.1422
cql-seed2,cql,31000,4,31000,ef88f0491a6f06fa,-882.68560791,35214,133999,20.3023,7.038,13.2643,69.4663,0.19095,0.8841,0.9762,1.1042
cql-seed2,cql,31000,5,31000,ef88f0491a6f06fa,-882.68560791,40938,30344,23.4112,2.3698,21.0414,69.4663,0.3029,0.9262,1.0905,1.1774
cql-seed2,cql,31000,6,31000,ef88f0491a6f06fa,-882.68560791,51996,11915,26.3947,3.0127,23.382,69.4663,0.3366,0.9461,1.1171,1.1808
cql-seed2,cql,31000,7,31000,ef88f0491a6f06fa,-882.68560791,64933,19513,25.2405,7.8484,17.3921,69.4663,0.25037,0.9126,1.0718,1.1745
cql-seed2,cql,31000,11,31000,ef88f0491a6f06fa,-882.68560791,76763,39227,20.8195,8.5318,12.2877,69.4663,0.17689,0.9598,1.0378,1.0813
cql-seed2,cql,31000,12,31000,ef88f0491a6f06fa,-882.68560791,33583,82841,19.1328,10.4554,8.6774,69.4663,0.12492,0.9404,1.0136,1.0778
cql-seed2,cql,31000,13,31000,ef88f0491a6f06fa,-882.68560791,29838,52509,22.1124,4.6193,17.4931,69.4663,0.25182,0.904,1.0442,1.1551
cql-seed2,cql,31000,14,31000,ef88f0491a6f06fa,-882.68560791,36307,14110,30.3157,2.7046,27.611,69.4663,0.39747,0.9513,1.1883,1.2491
cql-seed2,cql,32000,0,32000,cc8cd9c63bf99985,-920.731994629,237311,68413,48.6934,4.4366,44.2568,69.914,0.63302,0.8462,1.1639,1.3755
cql-seed2,cql,32000,2,32000,cc8cd9c63bf99985,-920.731994629,168808,33814,31.7599,8.9926,22.7672,69.914,0.32565,0.8908,1.0169,1.1417
cql-seed2,cql,32000,4,32000,cc8cd9c63bf99985,-920.731994629,35214,133999,20.4581,7.0832,13.3749,69.914,0.1913,0.8789,0.9751,1.1094
cql-seed2,cql,32000,5,32000,cc8cd9c63bf99985,-920.731994629,40938,30344,23.9036,2.2484,21.6552,69.914,0.30974,0.9162,1.0896,1.1892
cql-seed2,cql,32000,6,32000,cc8cd9c63bf99985,-920.731994629,51996,11915,26.3319,3.8755,22.4564,69.914,0.3212,0.9428,1.1147,1.1823
cql-seed2,cql,32000,7,32000,cc8cd9c63bf99985,-920.731994629,64933,19513,25.7294,8.543,17.1864,69.914,0.24582,0.9135,1.0765,1.1785
cql-seed2,cql,32000,11,32000,cc8cd9c63bf99985,-920.731994629,76763,39227,20.9131,9.3056,11.6076,69.914,0.16603,0.9647,1.0419,1.08
cql-seed2,cql,32000,12,32000,cc8cd9c63bf99985,-920.731994629,33583,82841,18.4934,10.1153,8.3781,69.914,0.11983,0.9399,1.0153,1.0802
cql-seed2,cql,32000,13,32000,cc8cd9c63bf99985,-920.731994629,29838,52509,21.965,4.6251,17.3399,69.914,0.24802,0.8938,1.0419,1.1656
cql-seed2,cql,32000,14,32000,cc8cd9c63bf99985,-920.731994629,36307,14110,28.9659,2.7013,26.2646,69.914,0.37567,0.9406,1.1835,1.2583
cql-seed2,cql,33000,0,33000,6d89f737fac064c2,-945.273193359,237311,68413,48.4103,4.7632,43.6472,67.7986,0.64378,0.8477,1.1608,1.3693
cql-seed2,cql,33000,2,33000,6d89f737fac064c2,-945.273193359,168808,33814,31.8082,9.9459,21.8624,67.7986,0.32246,0.8893,1.016,1.1425
cql-seed2,cql,33000,4,33000,6d89f737fac064c2,-945.273193359,35214,133999,19.6005,7.5651,12.0354,67.7986,0.17752,0.8929,0.9796,1.0971
cql-seed2,cql,33000,5,33000,6d89f737fac064c2,-945.273193359,40938,30344,22.4904,2.1628,20.3275,67.7986,0.29982,0.9418,1.0993,1.1672
cql-seed2,cql,33000,6,33000,6d89f737fac064c2,-945.273193359,51996,11915,24.8788,3.257,21.6218,67.7986,0.31891,0.9482,1.1171,1.1781
cql-seed2,cql,33000,7,33000,6d89f737fac064c2,-945.273193359,64933,19513,23.8755,7.73,16.1455,67.7986,0.23814,0.9116,1.0705,1.1743
cql-seed2,cql,33000,11,33000,6d89f737fac064c2,-945.273193359,76763,39227,19.3548,7.838,11.5168,67.7986,0.16987,0.9613,1.0388,1.0806
cql-seed2,cql,33000,12,33000,6d89f737fac064c2,-945.273193359,33583,82841,17.0181,9.8642,7.1539,67.7986,0.10552,0.9382,1.0108,1.0774
cql-seed2,cql,33000,13,33000,6d89f737fac064c2,-945.273193359,29838,52509,20.871,4.5886,16.2824,67.7986,0.24016,0.9106,1.0458,1.1485
cql-seed2,cql,33000,14,33000,6d89f737fac064c2,-945.273193359,36307,14110,29.3087,2.4864,26.8223,67.7986,0.39562,0.9651,1.1958,1.239
cql-seed2,cql,34000,0,34000,a4ec258f3207428e,-981.875427246,237311,68413,47.8696,4.3756,43.494,68.677,0.63331,0.8432,1.1517,1.3658
cql-seed2,cql,34000,2,34000,a4ec258f3207428e,-981.875427246,168808,33814,31.2833,8.6145,22.6687,68.677,0.33008,0.8885,1.0119,1.1389
cql-seed2,cql,34000,4,34000,a4ec258f3207428e,-981.875427246,35214,133999,18.9871,7.4614,11.5257,68.677,0.16782,0.8879,0.9787,1.1022
cql-seed2,cql,34000,5,34000,a4ec258f3207428e,-981.875427246,40938,30344,22.8963,2.2815,20.6148,68.677,0.30017,0.9321,1.0962,1.176
cql-seed2,cql,34000,6,34000,a4ec258f3207428e,-981.875427246,51996,11915,26.1233,3.4486,22.6747,68.677,0.33016,0.9515,1.1266,1.184
cql-seed2,cql,34000,7,34000,a4ec258f3207428e,-981.875427246,64933,19513,25.1468,8.4772,16.6695,68.677,0.24272,0.9145,1.0728,1.1731
cql-seed2,cql,34000,11,34000,a4ec258f3207428e,-981.875427246,76763,39227,19.3534,7.9461,11.4073,68.677,0.1661,0.9631,1.0391,1.0789
cql-seed2,cql,34000,12,34000,a4ec258f3207428e,-981.875427246,33583,82841,16.7656,9.533,7.2325,68.677,0.10531,0.9386,1.0123,1.0785
cql-seed2,cql,34000,13,34000,a4ec258f3207428e,-981.875427246,29838,52509,20.3373,4.4703,15.867,68.677,0.23104,0.9033,1.0448,1.1567
cql-seed2,cql,34000,14,34000,a4ec258f3207428e,-981.875427246,36307,14110,28.6098,2.2986,26.3113,68.677,0.38312,0.9556,1.1981,1.2538
cql-seed2,cql,35000,0,35000,d518f24c4ddc1789,-1011.381164551,237311,68413,48.1249,3.8748,44.2501,68.3305,0.64759,0.8442,1.1514,1.3639
cql-seed2,cql,35000,2,35000,d518f24c4ddc1789,-1011.381164551,168808,33814,31.1435,8.7464,22.3971,68.3305,0.32778,0.8918,1.0142,1.1373
cql-seed2,cql,35000,4,35000,d518f24c4ddc1789,-1011.381164551,35214,133999,18.5138,6.9962,11.5176,68.3305,0.16856,0.8784,0.9738,1.1086
cql-seed2,cql,35000,5,35000,d518f24c4ddc1789,-1011.381164551,40938,30344,22.2338,2.3359,19.8979,68.3305,0.2912,0.9175,1.0855,1.1831
cql-seed2,cql,35000,6,35000,d518f24c4ddc1789,-1011.381164551,51996,11915,25.1518,3.6416,21.5102,68.3305,0.3148,0.9429,1.1116,1.1789
cql-seed2,cql,35000,7,35000,d518f24c4ddc1789,-1011.381164551,64933,19513,24.6388,7.9659,16.6729,68.3305,0.244,0.9115,1.0699,1.1737
cql-seed2,cql,35000,11,35000,d518f24c4ddc1789,-1011.381164551,76763,39227,19.8103,8.5971,11.2132,68.3305,0.1641,0.961,1.0383,1.0804
cql-seed2,cql,35000,12,35000,d518f24c4ddc1789,-1011.381164551,33583,82841,17.2341,10.0584,7.1758,68.3305,0.10502,0.9375,1.0112,1.0787
cql-seed2,cql,35000,13,35000,d518f24c4ddc1789,-1011.381164551,29838,52509,20.2442,4.4507,15.7935,68.3305,0.23113,0.894,1.0395,1.1629
cql-seed2,cql,35000,14,35000,d518f24c4ddc1789,-1011.381164551,36307,14110,28.01,2.0992,25.9108,68.3305,0.3792,0.9427,1.1812,1.253
cql-seed2,cql,36000,0,36000,b07bbdfa3c26b592,-1040.540039062,237311,68413,46.8597,2.4529,44.4068,68.103,0.65205,0.8449,1.1537,1.3655
cql-seed2,cql,36000,2,36000,b07bbdfa3c26b592,-1040.540039062,168808,33814,30.4969,8.5791,21.9178,68.103,0.32183,0.8892,1.0111,1.1371
cql-seed2,cql,36000,4,36000,b07bbdfa3c26b592,-1040.540039062,35214,133999,18.8087,7.4108,11.3979,68.103,0.16736,0.8799,0.973,1.1059
cql-seed2,cql,36000,5,36000,b07bbdfa3c26b592,-1040.540039062,40938,30344,21.2447,2.7058,18.5389,68.103,0.27222,0.9208,1.0864,1.1799
cql-seed2,cql,36000,6,36000,b07bbdfa3c26b592,-1040.540039062,51996,11915,24.8053,3.7452,21.0601,68.103,0.30924,0.9412,1.1105,1.1799
cql-seed2,cql,36000,7,36000,b07bbdfa3c26b592,-1040.540039062,64933,19513,24.1003,7.8834,16.2169,68.103,0.23812,0.908,1.0668,1.1749
cql-seed2,cql,36000,11,36000,b07bbdfa3c26b592,-1040.540039062,76763,39227,18.5369,7.6111,10.9258,68.103,0.16043,0.9572,1.0343,1.0805
cql-seed2,cql,36000,12,36000,b07bbdfa3c26b592,-1040.540039062,33583,82841,15.9397,9.4112,6.5285,68.103,0.09586,0.9368,1.009,1.0771
cql-seed2,cql,36000,13,36000,b07bbdfa3c26b592,-1040.540039062,29838,52509,18.5381,4.7225,13.8156,68.103,0.20286,0.8972,1.0401,1.1593
cql-seed2,cql,36000,14,36000,b07bbdfa3c26b592,-1040.540039062,36307,14110,27.5916,2.3211,25.2704,68.103,0.37106,0.9411,1.1808,1.2548
cql-seed2,cql,37000,0,37000,14b65a7dbd5edda2,-1069.259399414,237311,68413,46.3851,3.925,42.4601,66.879,0.63488,0.8437,1.1493,1.3622
cql-seed2,cql,37000,2,37000,14b65a7dbd5edda2,-1069.259399414,168808,33814,30.2604,8.311,21.9494,66.879,0.3282,0.8893,1.0105,1.1363
cql-seed2,cql,37000,4,37000,14b65a7dbd5edda2,-1069.259399414,35214,133999,16.9506,6.7528,10.1978,66.879,0.15248,0.8767,0.97,1.1064
cql-seed2,cql,37000,5,37000,14b65a7dbd5edda2,-1069.259399414,40938,30344,20.1041,1.5941,18.51,66.879,0.27677,0.9223,1.0846,1.1759
cql-seed2,cql,37000,6,37000,14b65a7dbd5edda2,-1069.259399414,51996,11915,24.4438,1.9972,22.4466,66.879,0.33563,0.9424,1.1084,1.1762
cql-seed2,cql,37000,7,37000,14b65a7dbd5edda2,-1069.259399414,64933,19513,23.0753,6.9003,16.175,66.879,0.24185,0.9126,1.0685,1.1709
cql-seed2,cql,37000,11,37000,14b65a7dbd5edda2,-1069.259399414,76763,39227,18.4755,7.7402,10.7353,66.879,0.16052,0.9595,1.0347,1.0784
cql-seed2,cql,37000,12,37000,14b65a7dbd5edda2,-1069.259399414,33583,82841,16.0292,9.4117,6.6175,66.879,0.09895,0.9363,1.0093,1.078
cql-seed2,cql,37000,13,37000,14b65a7dbd5edda2,-1069.259399414,29838,52509,17.9241,3.8835,14.0406,66.879,0.20994,0.8927,1.0372,1.1618
cql-seed2,cql,37000,14,37000,14b65a7dbd5edda2,-1069.259399414,36307,14110,27.0036,1.8503,25.1533,66.879,0.3761,0.9427,1.1768,1.2483
cql-seed2,cql,38000,0,38000,2ff4a79bb0addcd7,-1101.806640625,237311,68413,45.9666,3.0603,42.9063,66.5537,0.64469,0.8452,1.1493,1.3598
cql-seed2,cql,38000,2,38000,2ff4a79bb0addcd7,-1101.806640625,168808,33814,29.9853,8.2283,21.757,66.5537,0.32691,0.8912,1.0109,1.1342
cql-seed2,cql,38000,4,38000,2ff4a79bb0addcd7,-1101.806640625,35214,133999,16.3139,6.7629,9.551,66.5537,0.14351,0.8762,0.97,1.1071
cql-seed2,cql,38000,5,38000,2ff4a79bb0addcd7,-1101.806640625,40938,30344,19.5764,1.8727,17.7038,66.5537,0.26601,0.9157,1.0851,1.1849
cql-seed2,cql,38000,6,38000,2ff4a79bb0addcd7,-1101.806640625,51996,11915,24.3014,3.2322,21.0691,66.5537,0.31657,0.9389,1.1066,1.1786
cql-seed2,cql,38000,7,38000,2ff4a79bb0addcd7,-1101.806640625,64933,19513,23.7174,7.6357,16.0816,66.5537,0.24163,0.9103,1.0689,1.1742
cql-seed2,cql,38000,11,38000,2ff4a79bb0addcd7,-1101.806640625,76763,39227,18.1317,7.2874,10.8443,66.5537,0.16294,0.9585,1.0342,1.079
cql-seed2,cql,38000,12,38000,2ff4a79bb0addcd7,-1101.806640625,33583,82841,15.7684,9.4796,6.2888,66.5537,0.09449,0.937,1.0081,1.0759
cql-seed2,cql,38000,13,38000,2ff4a79bb0addcd7,-1101.806640625,29838,52509,18.0614,4.513,13.5484,66.5537,0.20357,0.8924,1.039,1.1643
cql-seed2,cql,38000,14,38000,2ff4a79bb0addcd7,-1101.806640625,36307,14110,26.0367,2.2441,23.7926,66.5537,0.35749,0.9372,1.1765,1.2554
cql-seed2,cql,39000,0,39000,a45ef67c1722edb8,-1123.146240234,237311,68413,45.8088,3.6486,42.1602,65.9382,0.63939,0.8427,1.1528,1.368
cql-seed2,cql,39000,2,39000,a45ef67c1722edb8,-1123.146240234,168808,33814,29.752,8.4691,21.2829,65.9382,0.32277,0.8896,1.0104,1.1358
cql-seed2,cql,39000,4,39000,a45ef67c1722edb8,-1123.146240234,35214,133999,16.5519,6.9664,9.5856,65.9382,0.14537,0.8783,0.973,1.1078
cql-seed2,cql,39000,5,39000,a45ef67c1722edb8,-1123.146240234,40938,30344,19.7965,1.9797,17.8168,65.9382,0.2702,0.9203,1.087,1.1812
cql-seed2,cql,39000,6,39000,a45ef67c1722edb8,-1123.146240234,51996,11915,23.8312,3.5647,20.2665,65.9382,0.30736,0.9392,1.1061,1.1777
cql-seed2,cql,39000,7,39000,a45ef67c1722edb8,-1123.146240234,64933,19513,23.4449,7.5592,15.8857,65.9382,0.24092,0.9079,1.0645,1.1725
cql-seed2,cql,39000,11,39000,a45ef67c1722edb8,-1123.146240234,76763,39227,18.1112,7.5634,10.5478,65.9382,0.15997,0.9586,1.0352,1.0799
cql-seed2,cql,39000,12,39000,a45ef67c1722edb8,-1123.146240234,33583,82841,15.121,9.2052,5.9158,65.9382,0.08972,0.9365,1.0081,1.0765
cql-seed2,cql,39000,13,39000,a45ef67c1722edb8,-1123.146240234,29838,52509,17.3187,4.3696,12.9491,65.9382,0.19638,0.8933,1.0392,1.1633
cql-seed2,cql,39000,14,39000,a45ef67c1722edb8,-1123.146240234,36307,14110,26.7561,2.0115,24.7446,65.9382,0.37527,0.9405,1.1779,1.2524
cql-seed2,cql,40000,0,40000,28dc37a723b21701,-1162.94543457,237311,68413,45.4789,3.5188,41.96,65.3662,0.64192,0.8432,1.1482,1.3618
cql-seed2,cql,40000,2,40000,28dc37a723b21701,-1162.94543457,168808,33814,28.9675,7.5411,21.4264,65.3662,0.32779,0.888,1.0099,1.1372
cql-seed2,cql,40000,4,40000,28dc37a723b21701,-1162.94543457,35214,133999,15.5895,6.3589,9.2306,65.3662,0.14121,0.8761,0.9688,1.1058
cql-seed2,cql,40000,5,40000,28dc37a723b21701,-1162.94543457,40938,30344,20.6245,1.9046,18.7199,65.3662,0.28638,0.9237,1.0854,1.175
cql-seed2,cql,40000,6,40000,28dc37a723b21701,-1162.94543457,51996,11915,24.3617,2.8609,21.5008,65.3662,0.32893,0.9408,1.1097,1.1795
cql-seed2,cql,40000,7,40000,28dc37a723b21701,-1162.94543457,64933,19513,22.6448,6.9569,15.688,65.3662,0.24,0.9099,1.0678,1.1736
cql-seed2,cql,40000,11,40000,28dc37a723b21701,-1162.94543457,76763,39227,17.2692,6.9286,10.3406,65.3662,0.15819,0.9573,1.0313,1.0773
cql-seed2,cql,40000,12,40000,28dc37a723b21701,-1162.94543457,33583,82841,14.9395,8.8057,6.1338,65.3662,0.09384,0.9357,1.0068,1.076
cql-seed2,cql,40000,13,40000,28dc37a723b21701,-1162.94543457,29838,52509,18.346,4.1772,14.1689,65.3662,0.21676,0.8915,1.0359,1.162
cql-seed2,cql,40000,14,40000,28dc37a723b21701,-1162.94543457,36307,14110,27.5262,1.569,25.9572,65.3662,0.3971,0.9417,1.1821,1.2553
cql-seed2,cql,41000,0,41000,3ec2e7a14eb8a139,-1192.155517578,237311,68413,44.7451,2.6393,42.1058,65.2084,0.64571,0.8443,1.148,1.3597
cql-seed2,cql,41000,2,41000,3ec2e7a14eb8a139,-1192.155517578,168808,33814,29.0449,7.6005,21.4443,65.2084,0.32886,0.889,1.0065,1.1322
cql-seed2,cql,41000,4,41000,3ec2e7a14eb8a139,-1192.155517578,35214,133999,16.801,6.5719,10.2292,65.2084,0.15687,0.878,0.9705,1.1053
cql-seed2,cql,41000,5,41000,3ec2e7a14eb8a139,-1192.155517578,40938,30344,20.4597,1.7117,18.748,65.2084,0.28751,0.92,1.0868,1.1813
cql-seed2,cql,41000,6,41000,3ec2e7a14eb8a139,-1192.155517578,51996,11915,22.7043,1.9918,20.7125,65.2084,0.31764,0.9446,1.1118,1.177
cql-seed2,cql,41000,7,41000,3ec2e7a14eb8a139,-1192.155517578,64933,19513,21.6826,6.0873,15.5953,65.2084,0.23916,0.9092,1.067,1.1736
cql-seed2,cql,41000,11,41000,3ec2e7a14eb8a139,-1192.155517578,76763,39227,17.3398,7.1088,10.231,65.2084,0.1569,0.9572,1.0345,1.0807
cql-seed2,cql,41000,12,41000,3ec2e7a14eb8a139,-1192.155517578,33583,82841,15.4394,9.1481,6.2913,65.2084,0.09648,0.9362,1.0081,1.0769
cql-seed2,cql,41000,13,41000,3ec2e7a14eb8a139,-1192.155517578,29838,52509,18.4137,4.1486,14.2651,65.2084,0.21876,0.8896,1.0372,1.1659
cql-seed2,cql,41000,14,41000,3ec2e7a14eb8a139,-1192.155517578,36307,14110,27.1818,1.5333,25.6485,65.2084,0.39333,0.9408,1.1809,1.2552
cql-seed2,cql,42000,0,42000,8a58b54a0c292a41,-1221.792602539,237311,68413,44.2961,2.3868,41.9094,65.0531,0.64423,0.8446,1.1454,1.3562
cql-seed2,cql,42000,2,42000,8a58b54a0c292a41,-1221.792602539,168808,33814,28.7791,7.8347,20.9444,65.0531,0.32196,0.888,1.0049,1.1315
cql-seed2,cql,42000,4,42000,8a58b54a0c292a41,-1221.792602539,35214,133999,15.9787,6.6345,9.3442,65.0531,0.14364,0.8789,0.9686,1.1021
cql-seed2,cql,42000,5,42000,8a58b54a0c292a41,-1221.792602539,40938,30344,19.4141,1.7932,17.6209,65.0531,0.27087,0.9169,1.0828,1.1809
cql-seed2,cql,42000,6,42000,8a58b54a0c292a41,-1221.792602539,51996,11915,23.7158,2.8588,20.8569,65.0531,0.32061,0.938,1.1037,1.1766
cql-seed2,cql,42000,7,42000,8a58b54a0c292a41,-1221.792602539,64933,19513,22.3486,6.8064,15.5422,65.0531,0.23892,0.9089,1.0672,1.1741
cql-seed2,cql,42000,11,42000,8a58b54a0c292a41,-1221.792602539,76763,39227,17.3166,7.2515,10.0651,65.0531,0.15472,0.9571,1.0313,1.0775
cql-seed2,cql,42000,12,42000,8a58b54a0c292a41,-1221.792602539,33583,82841,15.0405,9.2926,5.7478,65.0531,0.08836,0.9359,1.0066,1.0756
cql-seed2,cql,42000,13,42000,8a58b54a0c292a41,-1221.792602539,29838,52509,17.2278,4.1016,13.1262,65.0531,0.20178,0.8945,1.0366,1.159
cql-seed2,cql,42000,14,42000,8a58b54a0c292a41,-1221.792602539,36307,14110,26.0873,1.0254,25.0619,65.0531,0.38525,0.9413,1.1763,1.2497
cql-seed2,cql,43000,0,43000,c3865ba129146689,-1249.227294922,237311,68413,44.5205,1.5918,42.9287,66.4622,0.64591,0.8412,1.1439,1.3599
cql-seed2,cql,43000,2,43000,c3865ba129146689,-1249.227294922,168808,33814,28.3442,7.1955,21.1487,66.4622,0.31821,0.8889,1.0068,1.1327
cql-seed2,cql,43000,4,43000,c3865ba129146689,-1249.227294922,35214,133999,17.0529,6.4018,10.6511,66.4622,0.16026,0.8787,0.9721,1.1063
cql-seed2,cql,43000,5,43000,c3865ba129146689,-1249.227294922,40938,30344,20.0363,1.7147,18.3216,66.4622,0.27567,0.9186,1.0883,1.1848
cql-seed2,cql,43000,6,43000,c3865ba129146689,-1249.227294922,51996,11915,23.2858,3.1915,20.0943,66.4622,0.30234,0.9386,1.1051,1.1774
cql-seed2,cql,43000,7,43000,c3865ba129146689,-1249.227294922,64933,19513,21.8791,6.8991,14.98,66.4622,0.22539,0.9044,1.0615,1.1737
cql-seed2,cql,43000,11,43000,c3865ba129146689,-1249.227294922,76763,39227,17.1336,7.3115,9.8221,66.4622,0.14778,0.9558,1.0306,1.0782
cql-seed2,cql,43000,12,43000,c3865ba129146689,-1249.227294922,33583,82841,14.7944,8.7006,6.0938,66.4622,0.09169,0.9358,1.0062,1.0752
cql-seed2,cql,43000,13,43000,c3865ba129146689,-1249.227294922,29838,52509,18.2977,3.972,14.3257,66.4622,0.21555,0.893,1.0404,1.165
cql-seed2,cql,43000,14,43000,c3865ba129146689,-1249.227294922,36307,14110,25.8058,1.4091,24.3967,66.4622,0.36708,0.9398,1.1765,1.2518
cql-seed2,cql,44000,0,44000,42c44509e118be02,-1279.02734375,237311,68413,43.7045,1.5959,42.1086,65.1061,0.64677,0.8412,1.1402,1.3554
cql-seed2,cql,44000,2,44000,42c44509e118be02,-1279.02734375,168808,33814,28.8953,7.5648,21.3305,65.1061,0.32763,0.8875,1.0045,1.1319
cql-seed2,cql,44000,4,44000,42c44509e118be02,-1279.02734375,35214,133999,16.173,6.7136,9.4594,65.1061,0.14529,0.8754,0.9678,1.1055
cql-seed2,cql,44000,5,44000,42c44509e118be02,-1279.02734375,40938,30344,18.6844,1.9031,16.7812,65.1061,0.25775,0.9149,1.0853,1.1862
cql-seed2,cql,44000,6,44000,42c44509e118be02,-1279.02734375,51996,11915,22.5717,2.6477,19.9241,65.1061,0.30602,0.9371,1.1042,1.1784
cql-seed2,cql,44000,7,44000,42c44509e118be02,-1279.02734375,64933,19513,21.4468,6.3744,15.0725,65.1061,0.23151,0.9029,1.0593,1.1733
cql-seed2,cql,44000,11,44000,42c44509e118be02,-1279.02734375,76763,39227,16.2386,6.3628,9.8757,65.1061,0.15169,0.9545,1.0276,1.0766
cql-seed2,cql,44000,12,44000,42c44509e118be02,-1279.02734375,33583,82841,14.3063,8.5452,5.7611,65.1061,0.08849,0.9339,1.0034,1.0744
cql-seed2,cql,44000,13,44000,42c44509e118be02,-1279.02734375,29838,52509,16.8352,3.8051,13.0301,65.1061,0.20014,0.8882,1.0344,1.1646
cql-seed2,cql,44000,14,44000,42c44509e118be02,-1279.02734375,36307,14110,26.2069,1.8836,24.3233,65.1061,0.3736,0.9373,1.1756,1.2543
cql-seed2,cql,45000,0,45000,1143dfc43a9ab952,-1317.874145508,237311,68413,43.0337,0.9329,42.1008,64.2665,0.6551,0.8429,1.1436,1.3567
cql-seed2,cql,45000,2,45000,1143dfc43a9ab952,-1317.874145508,168808,33814,28.3591,7.5198,20.8393,64.2665,0.32426,0.8854,1.0028,1.1325
cql-seed2,cql,45000,4,45000,1143dfc43a9ab952,-1317.874145508,35214,133999,14.5364,6.158,8.3784,64.2665,0.13037,0.8766,0.9681,1.1044
cql-seed2,cql,45000,5,45000,1143dfc43a9ab952,-1317.874145508,40938,30344,18.7356,1.4693,17.2663,64.2665,0.26867,0.9161,1.0856,1.1851
cql-seed2,cql,45000,6,45000,1143dfc43a9ab952,-1317.874145508,51996,11915,22.622,2.4065,20.2155,64.2665,0.31456,0.9367,1.1027,1.1772
cql-seed2,cql,45000,7,45000,1143dfc43a9ab952,-1317.874145508,64933,19513,21.1045,5.8241,15.2804,64.2665,0.23777,0.9042,1.0591,1.1713
cql-seed2,cql,45000,11,45000,1143dfc43a9ab952,-1317.874145508,76763,39227,17.0953,6.774,10.3214,64.2665,0.1606,0.9541,1.0288,1.0784
cql-seed2,cql,45000,12,45000,1143dfc43a9ab952,-1317.874145508,33583,82841,13.6275,8.0899,5.5375,64.2665,0.08617,0.9333,1.0037,1.0754
cql-seed2,cql,45000,13,45000,1143dfc43a9ab952,-1317.874145508,29838,52509,16.8014,3.773,13.0284,64.2665,0.20272,0.8893,1.0358,1.1647
cql-seed2,cql,45000,14,45000,1143dfc43a9ab952,-1317.874145508,36307,14110,25.0238,1.2009,23.8229,64.2665,0.37069,0.9373,1.1752,1.2538
cql-seed2,cql,46000,0,46000,5fcd722fa67fc1e8,-1355.419433594,237311,68413,42.8184,2.414,40.4044,63.2416,0.63889,0.8424,1.1448,1.3591
cql-seed2,cql,46000,2,46000,5fcd722fa67fc1e8,-1355.419433594,168808,33814,28.455,7.8117,20.6433,63.2416,0.32642,0.888,1.0034,1.1299
cql-seed2,cql,46000,4,46000,5fcd722fa67fc1e8,-1355.419433594,35214,133999,15.3915,6.4811,8.9104,63.2416,0.14089,0.8766,0.967,1.1031
cql-seed2,cql,46000,5,46000,5fcd722fa67fc1e8,-1355.419433594,40938,30344,19.4047,1.7796,17.6252,63.2416,0.2787,0.9194,1.0851,1.1802
cql-seed2,cql,46000,6,46000,5fcd722fa67fc1e8,-1355.419433594,51996,11915,22.072,1.6088,20.4632,63.2416,0.32357,0.9401,1.1013,1.1715
cql-seed2,cql,46000,7,46000,5fcd722fa67fc1e8,-1355.419433594,64933,19513,21.2912,5.8672,15.4239,63.2416,0.24389,0.9043,1.0603,1.1725
cql-seed2,cql,46000,11,46000,5fcd722fa67fc1e8,-1355.419433594,76763,39227,16.6186,6.8696,9.7489,63.2416,0.15415,0.9534,1.0269,1.0771
cql-seed2,cql,46000,12,46000,5fcd722fa67fc1e8,-1355.419433594,33583,82841,14.0109,8.5285,5.4824,63.2416,0.08669,0.9356,1.004,1.0731
cql-seed2,cql,46000,13,46000,5fcd722fa67fc1e8,-1355.419433594,29838,52509,17.2144,3.6726,13.5418,63.2416,0.21413,0.8935,1.0352,1.1586
cql-seed2,cql,46000,14,46000,5fcd722fa67fc1e8,-1355.419433594,36307,14110,25.067,0.7407,24.3262,63.2416,0.38466,0.9418,1.173,1.2454
cql-seed2,cql,47000,0,47000,6ae19c8ddd2970c1,-1386.164794922,237311,68413,43.1699,0.5654,42.6045,64.5058,0.66047,0.8419,1.1415,1.3559
cql-seed2,cql,47000,2,47000,6ae19c8ddd2970c1,-1386.164794922,168808,33814,27.4793,7.2607,20.2186,64.5058,0.31344,0.8882,1.0025,1.1288
cql-seed2,cql,47000,4,47000,6ae19c8ddd2970c1,-1386.164794922,35214,133999,12.5155,5.8521,6.6633,64.5058,0.1033,0.8769,0.9659,1.1015
cql-seed2,cql,47000,5,47000,6ae19c8ddd2970c1,-1386.164794922,40938,30344,17.1902,1.1481,16.0421,64.5058,0.24869,0.9159,1.0819,1.1813
cql-seed2,cql,47000,6,47000,6ae19c8ddd2970c1,-1386.164794922,51996,11915,22.4614,2.127,20.3344,64.5058,0.31523,0.9387,1.1041,1.1763
cql-seed2,cql,47000,7,47000,6ae19c8ddd2970c1,-1386.164794922,64933,19513,21.1991,6.0797,15.1194,64.5058,0.23439,0.9064,1.061,1.1706
cql-seed2,cql,47000,11,47000,6ae19c8ddd2970c1,-1386.164794922,76763,39227,16.1248,6.2708,9.854,64.5058,0.15276,0.9558,1.0294,1.077
cql-seed2,cql,47000,12,47000,6ae19c8ddd2970c1,-1386.164794922,33583,82841,11.9237,7.562,4.3618,64.5058,0.06762,0.9358,1.0035,1.0724
cql-seed2,cql,47000,13,47000,6ae19c8ddd2970c1,-1386.164794922,29838,52509,15.4806,3.4038,12.0768,64.5058,0.18722,0.8892,1.0332,1.162
cql-seed2,cql,47000,14,47000,6ae19c8ddd2970c1,-1386.164794922,36307,14110,25.459,1.3176,24.1414,64.5058,0.37425,0.9378,1.173,1.2508
cql-seed2,cql,48000,0,48000,ba58a6d274eec9c3,-1414.729980469,237311,68413,42.4753,1.4439,41.0313,63.6685,0.64445,0.8427,1.142,1.3553
cql-seed2,cql,48000,2,48000,ba58a6d274eec9c3,-1414.729980469,168808,33814,27.2407,6.8986,20.3421,63.6685,0.3195,0.8872,1.0019,1.1293
cql-seed2,cql,48000,4,48000,ba58a6d274eec9c3,-1414.729980469,35214,133999,13.9569,5.8197,8.1372,63.6685,0.12781,0.8746,0.9655,1.104
cql-seed2,cql,48000,5,48000,ba58a6d274eec9c3,-1414.729980469,40938,30344,16.3668,1.2344,15.1324,63.6685,0.23768,0.9114,1.0808,1.1859
cql-seed2,cql,48000,6,48000,ba58a6d274eec9c3,-1414.729980469,51996,11915,20.8034,2.2715,18.5319,63.6685,0.29107,0.936,1.1024,1.1778
cql-seed2,cql,48000,7,48000,ba58a6d274eec9c3,-1414.729980469,64933,19513,20.2758,5.9521,14.3236,63.6685,0.22497,0.9105,1.0665,1.1713
cql-seed2,cql,48000,11,48000,ba58a6d274eec9c3,-1414.729980469,76763,39227,15.8878,6.3613,9.5266,63.6685,0.14963,0.9547,1.0287,1.0775
cql-seed2,cql,48000,12,48000,ba58a6d274eec9c3,-1414.729980469,33583,82841,12.5124,7.7095,4.8029,63.6685,0.07544,0.935,1.0042,1.074
cql-seed2,cql,48000,13,48000,ba58a6d274eec9c3,-1414.729980469,29838,52509,13.9904,3.0771,10.9133,63.6685,0.17141,0.887,1.0321,1.1635
cql-seed2,cql,48000,14,48000,ba58a6d274eec9c3,-1414.729980469,36307,14110,23.1476,0.5277,22.6199,63.6685,0.35528,0.934,1.1702,1.2529
cql-seed2,cql,49000,0,49000,c78debc8108ad622,-1445.433837891,237311,68413,42.3176,0.0607,42.2569,64.3064,0.65712,0.8422,1.1396,1.353
cql-seed2,cql,49000,2,49000,c78debc8108ad622,-1445.433837891,168808,33814,26.9055,6.7776,20.1279,64.3064,0.313,0.8861,1.0006,1.1291
cql-seed2,cql,49000,4,49000,c78debc8108ad622,-1445.433837891,35214,133999,13.6335,5.6173,8.0161,64.3064,0.12466,0.8869,0.9677,1.0911
cql-seed2,cql,49000,5,49000,c78debc8108ad622,-1445.433837891,40938,30344,17.1981,0.7266,16.4715,64.3064,0.25614,0.9268,1.0875,1.1735
cql-seed2,cql,49000,6,49000,c78debc8108ad622,-1445.433837891,51996,11915,21.6127,1.7924,19.8203,64.3064,0.30822,0.9413,1.1042,1.1731
cql-seed2,cql,49000,7,49000,c78debc8108ad622,-1445.433837891,64933,19513,20.6584,5.5419,15.1165,64.3064,0.23507,0.9058,1.0594,1.1696
cql-seed2,cql,49000,11,49000,c78debc8108ad622,-1445.433837891,76763,39227,15.364,6.1703,9.1937,64.3064,0.14297,0.9531,1.0268,1.0774
cql-seed2,cql,49000,12,49000,c78debc8108ad622,-1445.433837891,33583,82841,11.9246,7.6816,4.243,64.3064,0.06598,0.9368,1.0044,1.0722
cql-seed2,cql,49000,13,49000,c78debc8108ad622,-1445.433837891,29838,52509,14.4489,3.0381,11.4108,64.3064,0.17744,0.9012,1.0368,1.1505
cql-seed2,cql,49000,14,49000,c78debc8108ad622,-1445.433837891,36307,14110,23.8706,0.083,23.7875,64.3064,0.36991,0.949,1.1805,1.2439
cql-seed2,cql,50000,0,50000,817597255030d135,-1475.620483398,237311,68413,42.1875,1.9267,40.2609,63.4055,0.63498,0.8424,1.1399,1.3531
cql-seed2,cql,50000,2,50000,817597255030d135,-1475.620483398,168808,33814,26.8048,7.1909,19.6139,63.4055,0.30934,0.8909,1.0037,1.1266
cql-seed2,cql,50000,4,50000,817597255030d135,-1475.620483398,35214,133999,13.3044,5.843,7.4614,63.4055,0.11768,0.8755,0.965,1.1022
cql-seed2,cql,50000,5,50000,817597255030d135,-1475.620483398,40938,30344,16.6647,1.0308,15.634,63.4055,0.24657,0.9134,1.0804,1.1828
cql-seed2,cql,50000,6,50000,817597255030d135,-1475.620483398,51996,11915,20.2291,1.0645,19.1645,63.4055,0.30225,0.9377,1.1012,1.1744
cql-seed2,cql,50000,7,50000,817597255030d135,-1475.620483398,64933,19513,19.6807,5.0774,14.6034,63.4055,0.23032,0.9048,1.0601,1.1716
cql-seed2,cql,50000,11,50000,817597255030d135,-1475.620483398,76763,39227,15.8158,6.71,9.1058,63.4055,0.14361,0.954,1.0285,1.0781
cql-seed2,cql,50000,12,50000,817597255030d135,-1475.620483398,33583,82841,11.7588,7.6473,4.1115,63.4055,0.06484,0.935,1.0036,1.0733
cql-seed2,cql,50000,13,50000,817597255030d135,-1475.620483398,29838,52509,14.5172,3.3964,11.1209,63.4055,0.17539,0.8867,1.0324,1.1643
cql-seed2,cql,50000,14,50000,817597255030d135,-1475.620483398,36307,14110,22.3202,-0.1427,22.4629,63.4055,0.35427,0.935,1.1693,1.2506
cql-seed2,cql,51000,0,51000,82d6addcaac0f983,-1506.709594727,237311,68413,41.4811,-0.2503,41.7314,64.7269,0.64473,0.8407,1.1362,1.3515
cql-seed2,cql,51000,2,51000,82d6addcaac0f983,-1506.709594727,168808,33814,26.5767,6.5547,20.022,64.7269,0.30933,0.8861,0.9993,1.1278
cql-seed2,cql,51000,4,51000,82d6addcaac0f983,-1506.709594727,35214,133999,13.5007,6.0222,7.4784,64.7269,0.11554,0.8754,0.9642,1.1014
cql-seed2,cql,51000,5,51000,82d6addcaac0f983,-1506.709594727,40938,30344,17.0542,0.6623,16.3919,64.7269,0.25325,0.9122,1.0793,1.1832
cql-seed2,cql,51000,6,51000,82d6addcaac0f983,-1506.709594727,51996,11915,20.9749,1.6265,19.3484,64.7269,0.29892,0.9359,1.1004,1.1758
cql-seed2,cql,51000,7,51000,82d6addcaac0f983,-1506.709594727,64933,19513,20.2514,5.6965,14.5549,64.7269,0.22487,0.9035,1.0585,1.1716
cql-seed2,cql,51000,11,51000,82d6addcaac0f983,-1506.709594727,76763,39227,15.3087,6.1353,9.1734,64.7269,0.14172,0.9539,1.0264,1.076
cql-seed2,cql,51000,12,51000,82d6addcaac0f983,-1506.709594727,33583,82841,12.4822,7.6464,4.8358,64.7269,0.07471,0.9338,1.0023,1.0733
cql-seed2,cql,51000,13,51000,82d6addcaac0f983,-1506.709594727,29838,52509,15.2728,3.1076,12.1653,64.7269,0.18795,0.8881,1.0307,1.1605
cql-seed2,cql,51000,14,51000,82d6addcaac0f983,-1506.709594727,36307,14110,23.4232,-0.2371,23.6603,64.7269,0.36554,0.9352,1.1688,1.2498
cql-seed2,cql,52000,0,52000,d73c26174491d4ce,-1534.28125,237311,68413,41.5897,0.5782,41.0116,62.9979,0.651,0.8398,1.1366,1.3535
cql-seed2,cql,52000,2,52000,d73c26174491d4ce,-1534.28125,168808,33814,26.6255,6.6006,20.0249,62.9979,0.31787,0.8856,0.9984,1.1275
cql-seed2,cql,52000,4,52000,d73c26174491d4ce,-1534.28125,35214,133999,13.1966,5.5411,7.6555,62.9979,0.12152,0.8744,0.9639,1.1023
cql-seed2,cql,52000,5,52000,d73c26174491d4ce,-1534.28125,40938,30344,16.7169,0.644,16.0729,62.9979,0.25513,0.9124,1.0783,1.1818
cql-seed2,cql,52000,6,52000,d73c26174491d4ce,-1534.28125,51996,11915,20.3146,1.1488,19.1658,62.9979,0.30423,0.9358,1.1007,1.1762
cql-seed2,cql,52000,7,52000,d73c26174491d4ce,-1534.28125,64933,19513,19.529,5.0174,14.5116,62.9979,0.23035,0.9044,1.0585,1.1704
cql-seed2,cql,52000,11,52000,d73c26174491d4ce,-1534.28125,76763,39227,14.5081,5.6891,8.819,62.9979,0.13999,0.9542,1.0267,1.0761
cql-seed2,cql,52000,12,52000,d73c26174491d4ce,-1534.28125,33583,82841,11.6557,7.243,4.4127,62.9979,0.07004,0.9346,1.0014,1.0715
cql-seed2,cql,52000,13,52000,d73c26174491d4ce,-1534.28125,29838,52509,14.0099,2.7234,11.2865,62.9979,0.17916,0.8886,1.0308,1.16
cql-seed2,cql,52000,14,52000,d73c26174491d4ce,-1534.28125,36307,14110,22.7954,-0.0584,22.8538,62.9979,0.36277,0.9354,1.1706,1.2514
cql-seed2,cql,53000,0,53000,0c853a63ef4767a8,-1563.849121094,237311,68413,40.8412,0.2169,40.6243,62.639,0.64855,0.8409,1.136,1.351
cql-seed2,cql,53000,2,53000,0c853a63ef4767a8,-1563.849121094,168808,33814,26.2325,6.5724,19.6601,62.639,0.31386,0.8869,1.0003,1.1279
cql-seed2,cql,53000,4,53000,0c853a63ef4767a8,-1563.849121094,35214,133999,11.9602,5.7405,6.2196,62.639,0.09929,0.8782,0.9647,1.0985
cql-seed2,cql,53000,5,53000,0c853a63ef4767a8,-1563.849121094,40938,30344,16.6945,1.5527,15.1417,62.639,0.24173,0.9172,1.0824,1.1801
cql-seed2,cql,53000,6,53000,0c853a63ef4767a8,-1563.849121094,51996,11915,20.0099,1.6053,18.4046,62.639,0.29382,0.9359,1.1007,1.176
cql-seed2,cql,53000,7,53000,0c853a63ef4767a8,-1563.849121094,64933,19513,19.2469,5.0797,14.1672,62.639,0.22617,0.9035,1.0576,1.1705
cql-seed2,cql,53000,11,53000,0c853a63ef4767a8,-1563.849121094,76763,39227,14.3178,5.586,8.7318,62.639,0.1394,0.9534,1.0247,1.0748
cql-seed2,cql,53000,12,53000,0c853a63ef4767a8,-1563.849121094,33583,82841,10.7392,7.1221,3.6171,62.639,0.05775,0.9345,1.0016,1.0718
cql-seed2,cql,53000,13,53000,0c853a63ef4767a8,-1563.849121094,29838,52509,13.1119,3.041,10.0709,62.639,0.16078,0.8926,1.0322,1.1564
cql-seed2,cql,53000,14,53000,0c853a63ef4767a8,-1563.849121094,36307,14110,23.1563,0.862,22.2944,62.639,0.35592,0.9409,1.1734,1.247
cql-seed2,cql,54000,0,54000,16106a3c52023cb7,-1593.313964844,237311,68413,40.0869,0.3918,39.6952,61.3163,0.64738,0.8394,1.1335,1.3505
cql-seed2,cql,54000,2,54000,16106a3c52023cb7,-1593.313964844,168808,33814,26.1584,6.925,19.2334,61.3163,0.31367,0.8872,0.9984,1.1252
cql-seed2,cql,54000,4,54000,16106a3c52023cb7,-1593.313964844,35214,133999,11.8871,5.1917,6.6953,61.3163,0.10919,0.8763,0.9633,1.0993
cql-seed2,cql,54000,5,54000,16106a3c52023cb7,-1593.313964844,40938,30344,15.5632,0.504,15.0592,61.3163,0.2456,0.9109,1.0778,1.1833
cql-seed2,cql,54000,6,54000,16106a3c52023cb7,-1593.313964844,51996,11915,20.4,0.9442,19.4558,61.3163,0.3173,0.9354,1.0994,1.1753
cql-seed2,cql,54000,7,54000,16106a3c52023cb7,-1593.313964844,64933,19513,19.3948,5.1912,14.2036,61.3163,0.23165,0.9056,1.0593,1.1697
cql-seed2,cql,54000,11,54000,16106a3c52023cb7,-1593.313964844,76763,39227,13.8227,5.2483,8.5744,61.3163,0.13984,0.953,1.0248,1.0753
cql-seed2,cql,54000,12,54000,16106a3c52023cb7,-1593.313964844,33583,82841,10.643,6.7719,3.8711,61.3163,0.06313,0.9368,1.0027,1.0703
cql-seed2,cql,54000,13,54000,16106a3c52023cb7,-1593.313964844,29838,52509,12.6034,2.4107,10.1926,61.3163,0.16623,0.8888,1.0286,1.1573
cql-seed2,cql,54000,14,54000,16106a3c52023cb7,-1593.313964844,36307,14110,21.3468,-0.737,22.0838,61.3163,0.36016,0.9345,1.1676,1.2494
cql-seed2,cql,55000,0,55000,1a33a232303179b5,-1625.941772461,237311,68413,39.9938,-0.1946,40.1885,61.9401,0.64883,0.8386,1.1336,1.3517
cql-seed2,cql,55000,2,55000,1a33a232303179b5,-1625.941772461,168808,33814,25.7971,6.404,19.3931,61.9401,0.31309,0.8853,0.9958,1.1249
cql-seed2,cql,55000,4,55000,1a33a232303179b5,-1625.941772461,35214,133999,10.9209,5.254,5.6668,61.9401,0.09149,0.8778,0.9638,1.0981
cql-seed2,cql,55000,5,55000,1a33a232303179b5,-1625.941772461,40938,30344,14.9971,0.6717,14.3253,61.9401,0.23128,0.9121,1.0847,1.1892
cql-seed2,cql,55000,6,55000,1a33a232303179b5,-1625.941772461,51996,11915,19.6373,0.486,19.1513,61.9401,0.30919,0.9376,1.1046,1.1781
cql-seed2,cql,55000,7,55000,1a33a232303179b5,-1625.941772461,64933,19513,19.0264,4.8182,14.2082,61.9401,0.22939,0.9057,1.0588,1.169
cql-seed2,cql,55000,11,55000,1a33a232303179b5,-1625.941772461,76763,39227,14.39,5.7805,8.6096,61.9401,0.139,0.9555,1.0263,1.0741
cql-seed2,cql,55000,12,55000,1a33a232303179b5,-1625.941772461,33583,82841,10.7153,6.8983,3.817,61.9401,0.06162,0.9364,1.0024,1.0705
cql-seed2,cql,55000,13,55000,1a33a232303179b5,-1625.941772461,29838,52509,12.7385,2.5904,10.1481,61.9401,0.16384,0.8903,1.0323,1.1595
cql-seed2,cql,55000,14,55000,1a33a232303179b5,-1625.941772461,36307,14110,21.7713,-0.4125,22.1839,61.9401,0.35815,0.9375,1.177,1.2555
cql-seed2,cql,56000,0,56000,680c4a7f2aa024f7,-1659.204956055,237311,68413,40.0687,-0.5361,40.6048,62.1813,0.65301,0.8414,1.1357,1.3498
cql-seed2,cql,56000,2,56000,680c4a7f2aa024f7,-1659.204956055,168808,33814,25.1825,6.3054,18.8771,62.1813,0.30358,0.8856,0.9979,1.1269
cql-seed2,cql,56000,4,56000,680c4a7f2aa024f7,-1659.204956055,35214,133999,12.0663,5.587,6.4793,62.1813,0.1042,0.8737,0.9594,1.0981
cql-seed2,cql,56000,5,56000,680c4a7f2aa024f7,-1659.204956055,40938,30344,15.9204,0.5815,15.3389,62.1813,0.24668,0.9069,1.0717,1.1818
cql-seed2,cql,56000,6,56000,680c4a7f2aa024f7,-1659.204956055,51996,11915,19.6049,0.686,18.9189,62.1813,0.30425,0.9327,1.0949,1.1739
cql-seed2,cql,56000,7,56000,680c4a7f2aa024f7,-1659.204956055,64933,19513,18.8641,4.6579,14.2062,62.1813,0.22846,0.9027,1.0552,1.1689
cql-seed2,cql,56000,11,56000,680c4a7f2aa024f7,-1659.204956055,76763,39227,14.2144,5.7083,8.5062,62.1813,0.1368,0.953,1.0243,1.0748
cql-seed2,cql,56000,12,56000,680c4a7f2aa024f7,-1659.204956055,33583,82841,10.4786,7.1281,3.3505,62.1813,0.05388,0.9333,0.9998,1.0712
cql-seed2,cql,56000,13,56000,680c4a7f2aa024f7,-1659.204956055,29838,52509,13.3593,3.0083,10.3509,62.1813,0.16646,0.8828,1.0241,1.16
cql-seed2,cql,56000,14,56000,680c4a7f2aa024f7,-1659.204956055,36307,14110,22.5058,-0.3884,22.8941,62.1813,0.36818,0.9289,1.1571,1.2456
cql-seed2,cql,57000,0,57000,279bc55828608d25,-1688.506469727,237311,68413,40.267,-0.1036,40.3706,62.2944,0.64806,0.8403,1.1302,1.345
cql-seed2,cql,57000,2,57000,279bc55828608d25,-1688.506469727,168808,33814,25.1242,6.4797,18.6444,62.2944,0.2993,0.8869,0.9957,1.1227
cql-seed2,cql,57000,4,57000,279bc55828608d25,-1688.506469727,35214,133999,11.0768,5.0583,6.0185,62.2944,0.09661,0.878,0.9644,1.0984
cql-seed2,cql,57000,5,57000,279bc55828608d25,-1688.506469727,40938,30344,15.4389,0.3219,15.1171,62.2944,0.24267,0.9137,1.0796,1.1816
cql-seed2,cql,57000,6,57000,279bc55828608d25,-1688.506469727,51996,11915,19.8121,0.871,18.9412,62.2944,0.30406,0.9332,1.0959,1.1743
cql-seed2,cql,57000,7,57000,279bc55828608d25,-1688.506469727,64933,19513,18.4129,5.1433,13.2696,62.2944,0.21302,0.9049,1.0568,1.1679
cql-seed2,cql,57000,11,57000,279bc55828608d25,-1688.506469727,76763,39227,13.7594,5.3526,8.4068,62.2944,0.13495,0.9531,1.0236,1.074
cql-seed2,cql,57000,12,57000,279bc55828608d25,-1688.506469727,33583,82841,10.0539,6.5833,3.4706,62.2944,0.05571,0.9342,1.0005,1.071
cql-seed2,cql,57000,13,57000,279bc55828608d25,-1688.506469727,29838,52509,12.6624,2.3028,10.3595,62.2944,0.1663,0.8902,1.0278,1.1546
cql-seed2,cql,57000,14,57000,279bc55828608d25,-1688.506469727,36307,14110,21.3057,-0.3553,21.661,62.2944,0.34772,0.9336,1.1639,1.2467
cql-seed2,cql,58000,0,58000,484f2cc8cc2d44ba,-1717.405151367,237311,68413,39.851,0.1547,39.6963,61.403,0.64649,0.8405,1.1303,1.3448
cql-seed2,cql,58000,2,58000,484f2cc8cc2d44ba,-1717.405151367,168808,33814,25.5361,6.5721,18.964,61.403,0.30885,0.8871,0.9989,1.126
cql-seed2,cql,58000,4,58000,484f2cc8cc2d44ba,-1717.405151367,35214,133999,12.2593,5.8942,6.3651,61.403,0.10366,0.8748,0.9597,1.0971
cql-seed2,cql,58000,5,58000,484f2cc8cc2d44ba,-1717.405151367,40938,30344,15.3094,0.7917,14.5177,61.403,0.23643,0.9111,1.0775,1.1826
cql-seed2,cql,58000,6,58000,484f2cc8cc2d44ba,-1717.405151367,51996,11915,19.8832,1.7142,18.1691,61.403,0.2959,0.9361,1.098,1.1729
cql-seed2,cql,58000,7,58000,484f2cc8cc2d44ba,-1717.405151367,64933,19513,19.1691,5.3398,13.8293,61.403,0.22522,0.9042,1.0557,1.1676
cql-seed2,cql,58000,11,58000,484f2cc8cc2d44ba,-1717.405151367,76763,39227,14.6527,6.0515,8.6011,61.403,0.14008,0.9523,1.0243,1.0756
cql-seed2,cql,58000,12,58000,484f2cc8cc2d44ba,-1717.405151367,33583,82841,10.9949,7.5458,3.4491,61.403,0.05617,0.9348,1.0009,1.0707
cql-seed2,cql,58000,13,58000,484f2cc8cc2d44ba,-1717.405151367,29838,52509,13.419,2.9316,10.4874,61.403,0.1708,0.886,1.0266,1.1587
cql-seed2,cql,58000,14,58000,484f2cc8cc2d44ba,-1717.405151367,36307,14110,21.8666,-0.0606,21.9273,61.403,0.3571,0.9308,1.1654,1.2521
cql-seed2,cql,59000,0,59000,83c5b28bae58d4eb,-1750.061157227,237311,68413,39.1759,-0.9127,40.0886,61.9616,0.64699,0.8414,1.1351,1.349
cql-seed2,cql,59000,2,59000,83c5b28bae58d4eb,-1750.061157227,168808,33814,24.8649,6.4226,18.4423,61.9616,0.29764,0.8851,0.994,1.1231
cql-seed2,cql,59000,4,59000,83c5b28bae58d4eb,-1750.061157227,35214,133999,10.8843,5.2411,5.6432,61.9616,0.09108,0.8758,0.9597,1.0958
cql-seed2,cql,59000,5,59000,83c5b28bae58d4eb,-1750.061157227,40938,30344,14.7296,0.3993,14.3302,61.9616,0.23128,0.9065,1.0721,1.1827
cql-seed2,cql,59000,6,59000,83c5b28bae58d4eb,-1750.061157227,51996,11915,19.3029,0.3516,18.9513,61.9616,0.30586,0.9318,1.0945,1.1746
cql-seed2,cql,59000,7,59000,83c5b28bae58d4eb,-1750.061157227,64933,19513,18.6419,4.7044,13.9376,61.9616,0.22494,0.9016,1.0562,1.1715
cql-seed2,cql,59000,11,59000,83c5b28bae58d4eb,-1750.061157227,76763,39227,13.1052,4.8729,8.2323,61.9616,0.13286,0.9523,1.0234,1.0747
cql-seed2,cql,59000,12,59000,83c5b28bae58d4eb,-1750.061157227,33583,82841,10.1789,6.8969,3.282,61.9616,0.05297,0.9336,0.999,1.0701
cql-seed2,cql,59000,13,59000,83c5b28bae58d4eb,-1750.061157227,29838,52509,11.3307,2.3804,8.9503,61.9616,0.14445,0.8849,1.0254,1.1588
cql-seed2,cql,59000,14,59000,83c5b28bae58d4eb,-1750.061157227,36307,14110,21.5207,-0.4975,22.0182,61.9616,0.35535,0.9286,1.1588,1.2478
cql-seed2,cql,60000,0,60000,7dad4df603582a8f,-1781.309814453,237311,68413,39.7665,-0.3198,40.0864,61.8769,0.64784,0.8409,1.1308,1.3446
cql-seed2,cql,60000,2,60000,7dad4df603582a8f,-1781.309814453,168808,33814,25.1675,6.0477,19.1198,61.8769,0.309,0.8859,0.9988,1.1275
cql-seed2,cql,60000,4,60000,7dad4df603582a8f,-1781.309814453,35214,133999,11.3484,4.8989,6.4495,61.8769,0.10423,0.8792,0.9627,1.0949
cql-seed2,cql,60000,5,60000,7dad4df603582a8f,-1781.309814453,40938,30344,14.8605,0.5152,14.3453,61.8769,0.23184,0.9154,1.0809,1.1807
cql-seed2,cql,60000,6,60000,7dad4df603582a8f,-1781.309814453,51996,11915,19.4793,0.7303,18.749,61.8769,0.303,0.9379,1.0996,1.1723
cql-seed2,cql,60000,7,60000,7dad4df603582a8f,-1781.309814453,64933,19513,17.8026,4.3724,13.4301,61.8769,0.21705,0.9046,1.0536,1.1648
cql-seed2,cql,60000,11,60000,7dad4df603582a8f,-1781.309814453,76763,39227,13.4616,5.1951,8.2666,61.8769,0.1336,0.9529,1.0234,1.074
cql-seed2,cql,60000,12,60000,7dad4df603582a8f,-1781.309814453,33583,82841,9.7788,6.3882,3.3906,61.8769,0.0548,0.934,1.0,1.0707
cql-seed2,cql,60000,13,60000,7dad4df603582a8f,-1781.309814453,29838,52509,12.206,2.2095,9.9965,61.8769,0.16155,0.8907,1.0277,1.1537
cql-seed2,cql,60000,14,60000,7dad4df603582a8f,-1781.309814453,36307,14110,21.4881,-0.7043,22.1925,61.8769,0.35865,0.9395,1.1662,1.2413
cql-seed2,cql,61000,0,61000,2e885aec0b3ea914,-1817.396728516,237311,68413,39.2037,-1.0331,40.2368,61.2843,0.65656,0.8394,1.1294,1.3454
cql-seed2,cql,61000,2,61000,2e885aec0b3ea914,-1817.396728516,168808,33814,25.1295,5.7691,19.3604,61.2843,0.31591,0.887,0.9973,1.1244
cql-seed2,cql,61000,4,61000,2e885aec0b3ea914,-1817.396728516,35214,133999,11.0111,5.3569,5.6542,61.2843,0.09226,0.8808,0.9615,1.0917
cql-seed2,cql,61000,5,61000,2e885aec0b3ea914,-1817.396728516,40938,30344,14.541,0.5975,13.9435,61.2843,0.22752,0.9133,1.0713,1.1731
cql-seed2,cql,61000,6,61000,2e885aec0b3ea914,-1817.396728516,51996,11915,18.4081,0.8846,17.5235,61.2843,0.28594,0.9335,1.0934,1.1713
cql-seed2,cql,61000,7,61000,2e885aec0b3ea914,-1817.396728516,64933,19513,17.9123,4.5908,13.3215,61.2843,0.21737,0.903,1.053,1.1662
cql-seed2,cql,61000,11,61000,2e885aec0b3ea914,-1817.396728516,76763,39227,13.7863,5.8103,7.976,61.2843,0.13015,0.9542,1.0252,1.0744
cql-seed2,cql,61000,12,61000,2e885aec0b3ea914,-1817.396728516,33583,82841,10.0922,7.1711,2.9211,61.2843,0.04766,0.9353,1.0004,1.0696
cql-seed2,cql,61000,13,61000,2e885aec0b3ea914,-1817.396728516,29838,52509,12.9475,2.8029,10.1446,61.2843,0.16553,0.8912,1.027,1.1525
cql-seed2,cql,61000,14,61000,2e885aec0b3ea914,-1817.396728516,36307,14110,21.261,-0.6192,21.8802,61.2843,0.35703,0.9323,1.1601,1.2444
cql-seed2,cql,62000,0,62000,9142d8591dc579e7,-1846.576416016,237311,68413,38.4964,-0.8296,39.326,60.8467,0.64631,0.8386,1.129,1.3463
cql-seed2,cql,62000,2,62000,9142d8591dc579e7,-1846.576416016,168808,33814,23.76,5.6029,18.1571,60.8467,0.29841,0.8846,0.9952,1.125
cql-seed2,cql,62000,4,62000,9142d8591dc579e7,-1846.576416016,35214,133999,8.972,4.4247,4.5473,60.8467,0.07473,0.8774,0.9587,1.0926
cql-seed2,cql,62000,5,62000,9142d8591dc579e7,-1846.576416016,40938,30344,13.6359,-0.1127,13.7486,60.8467,0.22596,0.9119,1.0623,1.165
cql-seed2,cql,62000,6,62000,9142d8591dc579e7,-1846.576416016,51996,11915,17.6819,0.3653,17.3166,60.8467,0.28459,0.9325,1.0922,1.1713
cql-seed2,cql,62000,7,62000,9142d8591dc579e7,-1846.576416016,64933,19513,17.5239,3.7574,13.7666,60.8467,0.22625,0.9009,1.0517,1.1674
cql-seed2,cql,62000,11,62000,9142d8591dc579e7,-1846.576416016,76763,39227,13.602,5.2385,8.3635,60.8467,0.13745,0.9522,1.0227,1.0741
cql-seed2,cql,62000,12,62000,9142d8591dc579e7,-1846.576416016,33583,82841,8.7153,6.3723,2.3429,60.8467,0.03851,0.9351,0.9995,1.0688
cql-seed2,cql,62000,13,62000,9142d8591dc579e7,-1846.576416016,29838,52509,11.547,2.1541,9.3929,60.8467,0.15437,0.8884,1.023,1.1515
cql-seed2,cql,62000,14,62000,9142d8591dc579e7,-1846.576416016,36307,14110,20.0711,-1.3188,21.3899,60.8467,0.35154,0.9348,1.1575,1.2383
cql-seed2,cql,63000,0,63000,430764475f47f01e,-1872.579589844,237311,68413,37.8677,-1.9536,39.8213,61.1474,0.65123,0.8402,1.131,1.3461
cql-seed2,cql,63000,2,63000,430764475f47f01e,-1872.579589844,168808,33814,24.1335,5.682,18.4515,61.1474,0.30175,0.8869,0.9932,1.1199
cql-seed2,cql,63000,4,63000,430764475f47f01e,-1872.579589844,35214,133999,9.9499,4.7365,5.2134,61.1474,0.08526,0.8781,0.9593,1.0925
cql-seed2,cql,63000,5,63000,430764475f47f01e,-1872.579589844,40938,30344,13.2633,0.6008,12.6625,61.1474,0.20708,0.9123,1.0625,1.1647
cql-seed2,cql,63000,6,63000,430764475f47f01e,-1872.579589844,51996,11915,17.7888,0.1064,17.6824,61.1474,0.28918,0.9336,1.0946,1.1724
cql-seed2,cql,63000,7,63000,430764475f47f01e,-1872.579589844,64933,19513,17.2302,4.0764,13.1538,61.1474,0.21512,0.9044,1.0528,1.1641
cql-seed2,cql,63000,11,63000,430764475f47f01e,-1872.579589844,76763,39227,13.2142,5.1515,8.0627,61.1474,0.13186,0.9551,1.0255,1.0737
cql-seed2,cql,63000,12,63000,430764475f47f01e,-1872.579589844,33583,82841,9.0523,6.3744,2.6779,61.1474,0.04379,0.9356,1.0002,1.069
cql-seed2,cql,63000,13,63000,430764475f47f01e,-1872.579589844,29838,52509,11.7584,2.6654,9.093,61.1474,0.14871,0.8883,1.0239,1.1527
cql-seed2,cql,63000,14,63000,430764475f47f01e,-1872.579589844,36307,14110,21.9546,-0.0226,21.9772,61.1474,0.35941,0.931,1.1624,1.2485
cql-seed2,cql,64000,0,64000,db396b6e98a5d901,-1901.841552734,237311,68413,37.4861,-1.7733,39.2595,60.8216,0.64549,0.8383,1.1285,1.3463
cql-seed2,cql,64000,2,64000,db396b6e98a5d901,-1901.841552734,168808,33814,23.6973,5.59,18.1072,60.8216,0.29771,0.8834,0.9904,1.1211
cql-seed2,cql,64000,4,64000,db396b6e98a5d901,-1901.841552734,35214,133999,9.8364,4.7627,5.0738,60.8216,0.08342,0.8779,0.9582,1.0914
cql-seed2,cql,64000,5,64000,db396b6e98a5d901,-1901.841552734,40938,30344,13.4423,0.3043,13.138,60.8216,0.21601,0.912,1.0597,1.1619
cql-seed2,cql,64000,6,64000,db396b6e98a5d901,-1901.841552734,51996,11915,18.0607,0.4739,17.5868,60.8216,0.28915,0.9332,1.0936,1.1719
cql-seed2,cql,64000,7,64000,db396b6e98a5d901,-1901.841552734,64933,19513,17.4269,4.2266,13.2003,60.8216,0.21703,0.9013,1.0531,1.1684
cql-seed2,cql,64000,11,64000,db396b6e98a5d901,-1901.841552734,76763,39227,13.5276,5.5551,7.9724,60.8216,0.13108,0.9513,1.0223,1.0746
cql-seed2,cql,64000,12,64000,db396b6e98a5d901,-1901.841552734,33583,82841,9.3775,6.872,2.5055,60.8216,0.04119,0.9347,0.9987,1.0685
cql-seed2,cql,64000,13,64000,db396b6e98a5d901,-1901.841552734,29838,52509,11.199,2.5319,8.6671,60.8216,0.1425,0.8872,1.0223,1.1523
cql-seed2,cql,64000,14,64000,db396b6e98a5d901,-1901.841552734,36307,14110,20.2229,-1.4923,21.7152,60.8216,0.35703,0.9319,1.1605,1.2454
cql-seed2,cql,65000,0,65000,487e7f5bca2c7cd7,-1928.251953125,237311,68413,37.8856,-1.058,38.9436,60.3606,0.64518,0.8382,1.1282,1.346
cql-seed2,cql,65000,2,65000,487e7f5bca2c7cd7,-1928.251953125,168808,33814,24.1658,6.0843,18.0815,60.3606,0.29956,0.8848,0.9925,1.1217
cql-seed2,cql,65000,4,65000,487e7f5bca2c7cd7,-1928.251953125,35214,133999,9.5268,4.6835,4.8433,60.3606,0.08024,0.8774,0.9583,1.0922
cql-seed2,cql,65000,5,65000,487e7f5bca2c7cd7,-1928.251953125,40938,30344,13.2365,0.1778,13.0587,60.3606,0.21634,0.9135,1.0619,1.1625
cql-seed2,cql,65000,6,65000,487e7f5bca2c7cd7,-1928.251953125,51996,11915,18.2226,0.4866,17.736,60.3606,0.29383,0.9348,1.0949,1.1713
cql-seed2,cql,65000,7,65000,487e7f5bca2c7cd7,-1928.251953125,64933,19513,17.2388,4.2541,12.9847,60.3606,0.21512,0.9041,1.0527,1.1643
cql-seed2,cql,65000,11,65000,487e7f5bca2c7cd7,-1928.251953125,76763,39227,12.5805,4.8754,7.7051,60.3606,0.12765,0.9536,1.0249,1.0747
cql-seed2,cql,65000,12,65000,487e7f5bca2c7cd7,-1928.251953125,33583,82841,9.0203,6.4586,2.5617,60.3606,0.04244,0.9346,0.9988,1.0687
cql-seed2,cql,65000,13,65000,487e7f5bca2c7cd7,-1928.251953125,29838,52509,10.9889,2.3996,8.5893,60.3606,0.1423,0.8876,1.0216,1.1509
cql-seed2,cql,65000,14,65000,487e7f5bca2c7cd7,-1928.251953125,36307,14110,20.4757,-0.8634,21.3391,60.3606,0.35353,0.9326,1.1612,1.2452
cql-seed2,cql,66000,0,66000,6d7c0ac51e9fddcb,-1958.968017578,237311,68413,37.0194,-2.3506,39.3701,60.9125,0.64634,0.8398,1.1278,1.3429
cql-seed2,cql,66000,2,66000,6d7c0ac51e9fddcb,-1958.968017578,168808,33814,23.9491,5.125,18.8241,60.9125,0.30904,0.8849,0.9933,1.1225
cql-seed2,cql,66000,4,66000,6d7c0ac51e9fddcb,-1958.968017578,35214,133999,9.6589,4.6965,4.9625,60.9125,0.08147,0.8775,0.9589,1.0927
cql-seed2,cql,66000,5,66000,6d7c0ac51e9fddcb,-1958.968017578,40938,30344,13.6145,0.1485,13.4661,60.9125,0.22107,0.9114,1.0633,1.1666
cql-seed2,cql,66000,6,66000,6d7c0ac51e9fddcb,-1958.968017578,51996,11915,17.1567,-0.033,17.1896,60.9125,0.2822,0.9318,1.0946,1.1746
cql-seed2,cql,66000,7,66000,6d7c0ac51e9fddcb,-1958.968017578,64933,19513,16.5169,3.8085,12.7084,60.9125,0.20863,0.9017,1.051,1.1656
cql-seed2,cql,66000,11,66000,6d7c0ac51e9fddcb,-1958.968017578,76763,39227,12.2797,4.4782,7.8015,60.9125,0.12808,0.9506,1.0218,1.0749
cql-seed2,cql,66000,12,66000,6d7c0ac51e9fddcb,-1958.968017578,33583,82841,8.7904,5.9593,2.8311,60.9125,0.04648,0.9325,0.9984,1.0707
cql-seed2,cql,66000,13,66000,6d7c0ac51e9fddcb,-1958.968017578,29838,52509,11.3779,2.1674,9.2106,60.9125,0.15121,0.8857,1.0234,1.1555
cql-seed2,cql,66000,14,66000,6d7c0ac51e9fddcb,-1958.968017578,36307,14110,20.8541,-0.3739,21.228,60.9125,0.3485,0.9297,1.1648,1.2528
cql-seed2,cql,67000,0,67000,0b51951ab11b0fbd,-1986.584228516,237311,68413,36.5138,-1.4929,38.0067,59.332,0.64058,0.8403,1.1281,1.3426
cql-seed2,cql,67000,2,67000,0b51951ab11b0fbd,-1986.584228516,168808,33814,23.7212,5.3679,18.3533,59.332,0.30933,0.885,0.9943,1.1235
cql-seed2,cql,67000,4,67000,0b51951ab11b0fbd,-1986.584228516,35214,133999,9.467,4.422,5.045,59.332,0.08503,0.8781,0.9582,1.0912
cql-seed2,cql,67000,5,67000,0b51951ab11b0fbd,-1986.584228516,40938,30344,13.052,-0.1618,13.2138,59.332,0.22271,0.9141,1.0606,1.1602
cql-seed2,cql,67000,6,67000,0b51951ab11b0fbd,-1986.584228516,51996,11915,17.4505,0.1523,17.2982,59.332,0.29155,0.933,1.0912,1.1695
cql-seed2,cql,67000,7,67000,0b51951ab11b0fbd,-1986.584228516,64933,19513,16.6795,3.6288,13.0507,59.332,0.21996,0.9008,1.0511,1.1668
cql-seed2,cql,67000,11,67000,0b51951ab11b0fbd,-1986.584228516,76763,39227,12.9039,4.9925,7.9114,59.332,0.13334,0.9506,1.0218,1.0748
cql-seed2,cql,67000,12,67000,0b51951ab11b0fbd,-1986.584228516,33583,82841,9.4277,6.4006,3.0271,59.332,0.05102,0.9334,0.9986,1.0698
cql-seed2,cql,67000,13,67000,0b51951ab11b0fbd,-1986.584228516,29838,52509,10.5335,2.0875,8.4461,59.332,0.14235,0.8894,1.0226,1.1497
cql-seed2,cql,67000,14,67000,0b51951ab11b0fbd,-1986.584228516,36307,14110,19.7128,-1.2012,20.914,59.332,0.35249,0.9315,1.1575,1.2426
cql-seed2,cql,68000,0,68000,b0286472a52357f1,-2014.85168457,237311,68413,36.8491,-1.4791,38.3282,59.9555,0.63928,0.8394,1.126,1.3415
cql-seed2,cql,68000,2,68000,b0286472a52357f1,-2014.85168457,168808,33814,23.5758,5.5005,18.0753,59.9555,0.30148,0.8854,0.9924,1.1208
cql-seed2,cql,68000,4,68000,b0286472a52357f1,-2014.85168457,35214,133999,8.1648,4.4274,3.7374,59.9555,0.06234,0.8773,0.958,1.0919
cql-seed2,cql,68000,5,68000,b0286472a52357f1,-2014.85168457,40938,30344,11.6283,-0.4721,12.1004,59.9555,0.20182,0.9115,1.0625,1.1656
cql-seed2,cql,68000,6,68000,b0286472a52357f1,-2014.85168457,51996,11915,16.5878,-0.5539,17.1417,59.9555,0.28591,0.9326,1.0938,1.1728
cql-seed2,cql,68000,7,68000,b0286472a52357f1,-2014.85168457,64933,19513,16.3329,3.4687,12.8642,59.9555,0.21456,0.9027,1.0524,1.1659
cql-seed2,cql,68000,11,68000,b0286472a52357f1,-2014.85168457,76763,39227,12.5027,4.3817,8.121,59.9555,0.13545,0.954,1.0239,1.0732
cql-seed2,cql,68000,12,68000,b0286472a52357f1,-2014.85168457,33583,82841,8.4852,5.8571,2.628,59.9555,0.04383,0.9356,1.0003,1.0691
cql-seed2,cql,68000,13,68000,b0286472a52357f1,-2014.85168457,29838,52509,9.1711,1.885,7.2861,59.9555,0.12152,0.891,1.0239,1.1491
cql-seed2,cql,68000,14,68000,b0286472a52357f1,-2014.85168457,36307,14110,18.4939,-2.3579,20.8519,59.9555,0.34779,0.9328,1.1647,1.2486
cql-seed2,cql,69000,0,69000,a5b9b90bd132f125,-2041.310180664,237311,68413,36.4273,-2.2323,38.6596,59.6707,0.64788,0.8399,1.1251,1.3396
cql-seed2,cql,69000,2,69000,a5b9b90bd132f125,-2041.310180664,168808,33814,22.7917,4.5949,18.1968,59.6707,0.30495,0.8852,0.9921,1.1208
cql-seed2,cql,69000,4,69000,a5b9b90bd132f125,-2041.310180664,35214,133999,9.7032,4.2453,5.4578,59.6707,0.09147,0.8801,0.9605,1.0914
cql-seed2,cql,69000,5,69000,a5b9b90bd132f125,-2041.310180664,40938,30344,13.3586,0.2881,13.0705,59.6707,0.21904,0.9123,1.0658,1.1682
cql-seed2,cql,69000,6,69000,a5b9b90bd132f125,-2041.310180664,51996,11915,17.5863,0.3997,17.1866,59.6707,0.28802,0.9324,1.094,1.1733
cql-seed2,cql,69000,7,69000,a5b9b90bd132f125,-2041.310180664,64933,19513,16.1634,3.3135,12.8499,59.6707,0.21535,0.9008,1.0511,1.1669
cql-seed2,cql,69000,11,69000,a5b9b90bd132f125,-2041.310180664,76763,39227,12.3405,4.2567,8.0838,59.6707,0.13547,0.9516,1.0209,1.0729
cql-seed2,cql,69000,12,69000,a5b9b90bd132f125,-2041.310180664,33583,82841,9.2806,6.2739,3.0067,59.6707,0.05039,0.9341,0.9989,1.0694
cql-seed2,cql,69000,13,69000,a5b9b90bd132f125,-2041.310180664,29838,52509,9.8075,2.3926,7.415,59.6707,0.12426,0.8893,1.0239,1.1513
cql-seed2,cql,69000,14,69000,a5b9b90bd132f125,-2041.310180664,36307,14110,18.6579,-1.0242,19.6821,59.6707,0.32985,0.9302,1.1639,1.2512
cql-seed2,cql,70000,0,70000,52f7878cd63cf538,-2067.668701172,237311,68413,36.6143,-1.1709,37.7852,59.1292,0.63903,0.8392,1.1278,1.3439
cql-seed2,cql,70000,2,70000,52f7878cd63cf538,-2067.668701172,168808,33814,23.7243,5.818,17.9062,59.1292,0.30283,0.8851,0.9939,1.1229
cql-seed2,cql,70000,4,70000,52f7878cd63cf538,-2067.668701172,35214,133999,8.7246,4.3274,4.3972,59.1292,0.07437,0.8762,0.9568,1.092
cql-seed2,cql,70000,5,70000,52f7878cd63cf538,-2067.668701172,40938,30344,11.8509,-0.2735,12.1244,59.1292,0.20505,0.9105,1.0608,1.1651
cql-seed2,cql,70000,6,70000,52f7878cd63cf538,-2067.668701172,51996,11915,16.7889,0.3693,16.4196,59.1292,0.27769,0.931,1.0904,1.1712
cql-seed2,cql,70000,7,70000,52f7878cd63cf538,-2067.668701172,64933,19513,15.6344,3.4922,12.1422,59.1292,0.20535,0.8993,1.0484,1.1659
cql-seed2,cql,70000,11,70000,52f7878cd63cf538,-2067.668701172,76763,39227,11.8673,4.6481,7.2193,59.1292,0.12209,0.9508,1.0197,1.0725
cql-seed2,cql,70000,12,70000,52f7878cd63cf538,-2067.668701172,33583,82841,8.1198,5.7453,2.3744,59.1292,0.04016,0.9337,0.9971,1.068
cql-seed2,cql,70000,13,70000,52f7878cd63cf538,-2067.668701172,29838,52509,9.2442,1.8246,7.4196,59.1292,0.12548,0.8899,1.0216,1.148
cql-seed2,cql,70000,14,70000,52f7878cd63cf538,-2067.668701172,36307,14110,18.741,-2.0181,20.7591,59.1292,0.35108,0.9295,1.1565,1.2442
cql-seed2,cql,71000,0,71000,cb6de0e89ed99976,-2099.159912109,237311,68413,35.5588,-2.8981,38.4569,59.7403,0.64373,0.8398,1.127,1.3421
cql-seed2,cql,71000,2,71000,cb6de0e89ed99976,-2099.159912109,168808,33814,23.1394,5.2345,17.9049,59.7403,0.29971,0.8857,0.9917,1.1197
cql-seed2,cql,71000,4,71000,cb6de0e89ed99976,-2099.159912109,35214,133999,8.634,4.1274,4.5066,59.7403,0.07544,0.8773,0.9567,1.0905
cql-seed2,cql,71000,5,71000,cb6de0e89ed99976,-2099.159912109,40938,30344,12.0845,-0.2936,12.3781,59.7403,0.2072,0.9107,1.0592,1.1631
cql-seed2,cql,71000,6,71000,cb6de0e89ed99976,-2099.159912109,51996,11915,16.7102,-0.5515,17.2617,59.7403,0.28894,0.9295,1.0907,1.1735
cql-seed2,cql,71000,7,71000,cb6de0e89ed99976,-2099.159912109,64933,19513,15.6841,3.0433,12.6408,59.7403,0.2116,0.8982,1.0495,1.1683
cql-seed2,cql,71000,11,71000,cb6de0e89ed99976,-2099.159912109,76763,39227,11.5168,4.3266,7.1902,59.7403,0.12036,0.9498,1.021,1.075
cql-seed2,cql,71000,12,71000,cb6de0e89ed99976,-2099.159912109,33583,82841,7.2224,5.3806,1.8418,59.7403,0.03083,0.9331,0.9975,1.069
cql-seed2,cql,71000,13,71000,cb6de0e89ed99976,-2099.159912109,29838,52509,10.0998,1.62,8.4798,59.7403,0.14194,0.8867,1.0206,1.151
cql-seed2,cql,71000,14,71000,cb6de0e89ed99976,-2099.159912109,36307,14110,18.5131,-1.6646,20.1777,59.7403,0.33776,0.9267,1.1569,1.2485
cql-seed2,cql,72000,0,72000,fd3683feb82ba8ab,-2131.821777344,237311,68413,35.5353,-3.2554,38.7907,59.7893,0.64879,0.8412,1.1286,1.3417
cql-seed2,cql,72000,2,72000,fd3683feb82ba8ab,-2131.821777344,168808,33814,23.0158,5.2623,17.7536,59.7893,0.29694,0.8859,0.9933,1.1212
cql-seed2,cql,72000,4,72000,fd3683feb82ba8ab,-2131.821777344,35214,133999,8.7673,4.6654,4.1019,59.7893,0.06861,0.8772,0.9576,1.0916
cql-seed2,cql,72000,5,72000,fd3683feb82ba8ab,-2131.821777344,40938,30344,12.5837,0.3352,12.2486,59.7893,0.20486,0.9131,1.0622,1.1632
cql-seed2,cql,72000,6,72000,fd3683feb82ba8ab,-2131.821777344,51996,11915,16.3221,-0.106,16.4281,59.7893,0.27477,0.9324,1.0919,1.1711
cql-seed2,cql,72000,7,72000,fd3683feb82ba8ab,-2131.821777344,64933,19513,16.1972,3.2784,12.9188,59.7893,0.21607,0.9024,1.0534,1.1674
cql-seed2,cql,72000,11,72000,fd3683feb82ba8ab,-2131.821777344,76763,39227,12.0842,4.8776,7.2066,59.7893,0.12053,0.949,1.0201,1.0749
cql-seed2,cql,72000,12,72000,fd3683feb82ba8ab,-2131.821777344,33583,82841,7.9925,6.2954,1.697,59.7893,0.02838,0.9333,0.9985,1.0699
cql-seed2,cql,72000,13,72000,fd3683feb82ba8ab,-2131.821777344,29838,52509,9.1934,2.2926,6.9008,59.7893,0.11542,0.8906,1.0227,1.1483
cql-seed2,cql,72000,14,72000,fd3683feb82ba8ab,-2131.821777344,36307,14110,18.6079,-1.0974,19.7053,59.7893,0.32958,0.934,1.1626,1.2448
cql-seed2,cql,73000,0,73000,f022bb357de43e39,-2164.297851562,237311,68413,35.8381,-2.0615,37.8996,58.9536,0.64287,0.8394,1.1241,1.3391
cql-seed2,cql,73000,2,73000,f022bb357de43e39,-2164.297851562,168808,33814,22.7818,5.5744,17.2074,58.9536,0.29188,0.8862,0.9907,1.1179
cql-seed2,cql,73000,4,73000,f022bb357de43e39,-2164.297851562,35214,133999,8.164,4.5586,3.6054,58.9536,0.06116,0.8769,0.9565,1.0908
cql-seed2,cql,73000,5,73000,f022bb357de43e39,-2164.297851562,40938,30344,11.2653,-0.3931,11.6584,58.9536,0.19775,0.9108,1.06,1.1639
cql-seed2,cql,73000,6,73000,f022bb357de43e39,-2164.297851562,51996,11915,16.3714,-0.1716,16.543,58.9536,0.28061,0.931,1.0898,1.1707
cql-seed2,cql,73000,7,73000,f022bb357de43e39,-2164.297851562,64933,19513,15.6371,2.9194,12.7177,58.9536,0.21572,0.8994,1.0483,1.1656
cql-seed2,cql,73000,11,73000,f022bb357de43e39,-2164.297851562,76763,39227,11.3329,3.8014,7.5315,58.9536,0.12775,0.9509,1.0197,1.0723
cql-seed2,cql,73000,12,73000,f022bb357de43e39,-2164.297851562,33583,82841,7.7669,5.7785,1.9884,58.9536,0.03373,0.9337,0.9973,1.068
cql-seed2,cql,73000,13,73000,f022bb357de43e39,-2164.297851562,29838,52509,8.8654,1.8378,7.0276,58.9536,0.11921,0.8893,1.022,1.1492
cql-seed2,cql,73000,14,73000,f022bb357de43e39,-2164.297851562,36307,14110,18.5083,-1.3501,19.8584,58.9536,0.33685,0.9298,1.1607,1.2483
cql-seed2,cql,74000,0,74000,6d1020c401d96a4b,-2185.676757812,237311,68413,35.4548,-2.2741,37.7289,58.9398,0.64013,0.838,1.1236,1.3409
cql-seed2,cql,74000,2,74000,6d1020c401d96a4b,-2185.676757812,168808,33814,22.4855,4.6556,17.8299,58.9398,0.30251,0.8842,0.989,1.1185
cql-seed2,cql,74000,4,74000,6d1020c401d96a4b,-2185.676757812,35214,133999,8.5151,4.5413,3.9738,58.9398,0.06742,0.8748,0.9563,1.0931
cql-seed2,cql,74000,5,74000,6d1020c401d96a4b,-2185.676757812,40938,30344,11.9667,0.1832,11.7836,58.9398,0.19993,0.908,1.0552,1.162
cql-seed2,cql,74000,6,74000,6d1020c401d96a4b,-2185.676757812,51996,11915,15.8664,-0.396,16.2623,58.9398,0.27591,0.9292,1.0879,1.1707
cql-seed2,cql,74000,7,74000,6d1020c401d96a4b,-2185.676757812,64933,19513,14.9092,3.1359,11.7733,58.9398,0.19975,0.9007,1.0478,1.1633
cql-seed2,cql,74000,11,74000,6d1020c401d96a4b,-2185.676757812,76763,39227,11.4726,4.2398,7.2328,58.9398,0.12271,0.9507,1.0202,1.0731
cql-seed2,cql,74000,12,74000,6d1020c401d96a4b,-2185.676757812,33583,82841,7.9776,6.0835,1.8941,58.9398,0.03214,0.9328,0.9966,1.0684
cql-seed2,cql,74000,13,74000,6d1020c401d96a4b,-2185.676757812,29838,52509,9.425,2.07,7.3549,58.9398,0.12479,0.8849,1.02,1.1526
cql-seed2,cql,74000,14,74000,6d1020c401d96a4b,-2185.676757812,36307,14110,17.9064,-1.8631,19.7696,58.9398,0.33542,0.9255,1.1566,1.2496
cql-seed2,cql,75000,0,75000,2b0da346a1c53d4c,-2217.845703125,237311,68413,35.7132,-2.5944,38.3075,59.7523,0.64111,0.8386,1.1226,1.3387
cql-seed2,cql,75000,2,75000,2b0da346a1c53d4c,-2217.845703125,168808,33814,22.3757,4.7771,17.5986,59.7523,0.29453,0.8861,0.9922,1.1197
cql-seed2,cql,75000,4,75000,2b0da346a1c53d4c,-2217.845703125,35214,133999,7.6436,3.8237,3.8199,59.7523,0.06393,0.8772,0.9573,1.0912
cql-seed2,cql,75000,5,75000,2b0da346a1c53d4c,-2217.845703125,40938,30344,11.2421,-0.294,11.5361,59.7523,0.19307,0.9087,1.0555,1.1615
cql-seed2,cql,75000,6,75000,2b0da346a1c53d4c,-2217.845703125,51996,11915,15.3094,-0.2452,15.5545,59.7523,0.26032,0.9294,1.0884,1.1711
cql-seed2,cql,75000,7,75000,2b0da346a1c53d4c,-2217.845703125,64933,19513,15.0356,3.0566,11.9791,59.7523,0.20048,0.8993,1.0478,1.1652
cql-seed2,cql,75000,11,75000,2b0da346a1c53d4c,-2217.845703125,76763,39227,10.9119,3.8953,7.0166,59.7523,0.11743,0.9522,1.021,1.0723
cql-seed2,cql,75000,12,75000,2b0da346a1c53d4c,-2217.845703125,33583,82841,6.7902,5.2368,1.5534,59.7523,0.026,0.9343,0.9969,1.067
cql-seed2,cql,75000,13,75000,2b0da346a1c53d4c,-2217.845703125,29838,52509,8.4406,1.3667,7.0739,59.7523,0.11839,0.8863,1.021,1.152
cql-seed2,cql,75000,14,75000,2b0da346a1c53d4c,-2217.845703125,36307,14110,17.8631,-2.2887,20.1518,59.7523,0.33726,0.9257,1.1614,1.2546
cql-seed2,cql,76000,0,76000,a450975fe3116bdb,-2245.841796875,237311,68413,35.189,-1.8873,37.0763,58.5845,0.63287,0.8378,1.1217,1.3389
cql-seed2,cql,76000,2,76000,a450975fe3116bdb,-2245.841796875,168808,33814,22.4682,5.4023,17.0659,58.5845,0.2913,0.8841,0.9898,1.1196
cql-seed2,cql,76000,4,76000,a450975fe3116bdb,-2245.841796875,35214,133999,8.5259,4.396,4.1299,58.5845,0.07049,0.878,0.9584,1.0915
cql-seed2,cql,76000,5,76000,a450975fe3116bdb,-2245.841796875,40938,30344,12.0066,-0.724,12.7306,58.5845,0.2173,0.9109,1.0539,1.1569
cql-seed2,cql,76000,6,76000,a450975fe3116bdb,-2245.841796875,51996,11915,16.5877,-0.0945,16.6822,58.5845,0.28475,0.931,1.0867,1.1672
cql-seed2,cql,76000,7,76000,a450975fe3116bdb,-2245.841796875,64933,19513,14.5107,2.9801,11.5306,58.5845,0.19682,0.8994,1.0473,1.1644
cql-seed2,cql,76000,11,76000,a450975fe3116bdb,-2245.841796875,76763,39227,11.1587,4.0869,7.0718,58.5845,0.12071,0.9498,1.019,1.0729
cql-seed2,cql,76000,12,76000,a450975fe3116bdb,-2245.841796875,33583,82841,7.3787,5.5699,1.8088,58.5845,0.03088,0.9333,0.9973,1.0686
cql-seed2,cql,76000,13,76000,a450975fe3116bdb,-2245.841796875,29838,52509,8.7154,1.4427,7.2727,58.5845,0.12414,0.8875,1.0219,1.1513
cql-seed2,cql,76000,14,76000,a450975fe3116bdb,-2245.841796875,36307,14110,18.083,-2.0891,20.1722,58.5845,0.34433,0.929,1.1566,1.245
cql-seed2,cql,77000,0,77000,2f7ab18d0e84beb3,-2273.791748047,237311,68413,34.8505,-2.8923,37.7428,59.4195,0.63519,0.8384,1.1244,1.3411
cql-seed2,cql,77000,2,77000,2f7ab18d0e84beb3,-2273.791748047,168808,33814,22.4896,4.8342,17.6554,59.4195,0.29713,0.8851,0.9899,1.1185
cql-seed2,cql,77000,4,77000,2f7ab18d0e84beb3,-2273.791748047,35214,133999,7.3735,4.0037,3.3698,59.4195,0.05671,0.876,0.956,1.0914
cql-seed2,cql,77000,5,77000,2f7ab18d0e84beb3,-2273.791748047,40938,30344,11.79,-0.2965,12.0865,59.4195,0.20341,0.9114,1.0514,1.1536
cql-seed2,cql,77000,6,77000,2f7ab18d0e84beb3,-2273.791748047,51996,11915,15.7773,-0.4415,16.2187,59.4195,0.27295,0.9316,1.0923,1.1725
cql-seed2,cql,77000,7,77000,2f7ab18d0e84beb3,-2273.791748047,64933,19513,14.5119,2.7475,11.7644,59.4195,0.19799,0.8978,1.0462,1.1653
cql-seed2,cql,77000,11,77000,2f7ab18d0e84beb3,-2273.791748047,76763,39227,11.5267,4.0148,7.512,59.4195,0.12642,0.9494,1.019,1.0734
cql-seed2,cql,77000,12,77000,2f7ab18d0e84beb3,-2273.791748047,33583,82841,7.1315,5.5632,1.5683,59.4195,0.02639,0.9323,0.9966,1.069
cql-seed2,cql,77000,13,77000,2f7ab18d0e84beb3,-2273.791748047,29838,52509,8.8823,1.6213,7.261,59.4195,0.1222,0.8873,1.0192,1.1487
cql-seed2,cql,77000,14,77000,2f7ab18d0e84beb3,-2273.791748047,36307,14110,18.7588,-1.7933,20.5521,59.4195,0.34588,0.9277,1.1534,1.2433
cql-seed2,cql,78000,0,78000,9089fbfcc2bcba2f,-2302.975585938,237311,68413,34.6059,-2.7452,37.3511,57.783,0.6464,0.8376,1.1227,1.3404
cql-seed2,cql,78000,2,78000,9089fbfcc2bcba2f,-2302.975585938,168808,33814,22.3519,4.8378,17.514,57.783,0.3031,0.8845,0.9894,1.1187
cql-seed2,cql,78000,4,78000,9089fbfcc2bcba2f,-2302.975585938,35214,133999,7.2418,4.3705,2.8713,57.783,0.04969,0.8773,0.9581,1.0921
cql-seed2,cql,78000,5,78000,9089fbfcc2bcba2f,-2302.975585938,40938,30344,11.2112,0.1425,11.0687,57.783,0.19156,0.9147,1.0536,1.1519
cql-seed2,cql,78000,6,78000,9089fbfcc2bcba2f,-2302.975585938,51996,11915,15.6171,-0.2541,15.8713,57.783,0.27467,0.9303,1.0867,1.168
cql-seed2,cql,78000,7,78000,9089fbfcc2bcba2f,-2302.975585938,64933,19513,14.8413,2.76,12.0813,57.783,0.20908,0.898,1.0465,1.1654
cql-seed2,cql,78000,11,78000,9089fbfcc2bcba2f,-2302.975585938,76763,39227,11.5685,4.4391,7.1294,57.783,0.12338,0.9498,1.0191,1.073
cql-seed2,cql,78000,12,78000,9089fbfcc2bcba2f,-2302.975585938,33583,82841,7.2028,5.5681,1.6347,57.783,0.02829,0.9326,0.9977,1.0698
cql-seed2,cql,78000,13,78000,9089fbfcc2bcba2f,-2302.975585938,29838,52509,8.0912,1.7991,6.2922,57.783,0.10889,0.8897,1.0224,1.1492
cql-seed2,cql,78000,14,78000,9089fbfcc2bcba2f,-2302.975585938,36307,14110,17.5933,-1.3173,18.9106,57.783,0.32727,0.9328,1.1617,1.2453
cql-seed2,cql,79000,0,79000,3a19e3c9878b09d6,-2332.365966797,237311,68413,34.3731,-2.3047,36.6778,57.7598,0.63501,0.8387,1.1217,1.3374
cql-seed2,cql,79000,2,79000,3a19e3c9878b09d6,-2332.365966797,168808,33814,22.5119,4.9606,17.5512,57.7598,0.30387,0.8832,0.9897,1.1206
cql-seed2,cql,79000,4,79000,3a19e3c9878b09d6,-2332.365966797,35214,133999,7.1574,3.9788,3.1786,57.7598,0.05503,0.8773,0.9558,1.0895
cql-seed2,cql,79000,5,79000,3a19e3c9878b09d6,-2332.365966797,40938,30344,11.0045,-0.6459,11.6504,57.7598,0.2017,0.9112,1.0499,1.1523
cql-seed2,cql,79000,6,79000,3a19e3c9878b09d6,-2332.365966797,51996,11915,15.8876,-0.8765,16.7641,57.7598,0.29024,0.93,1.0891,1.171
cql-seed2,cql,79000,7,79000,3a19e3c9878b09d6,-2332.365966797,64933,19513,15.2576,3.0134,12.2442,57.7598,0.21198,0.899,1.0482,1.166
cql-seed2,cql,79000,11,79000,3a19e3c9878b09d6,-2332.365966797,76763,39227,11.1808,3.9156,7.2653,57.7598,0.12578,0.9494,1.0193,1.0737
cql-seed2,cql,79000,12,79000,3a19e3c9878b09d6,-2332.365966797,33583,82841,7.182,5.4489,1.733,57.7598,0.03,0.932,0.9956,1.0683
cql-seed2,cql,79000,13,79000,3a19e3c9878b09d6,-2332.365966797,29838,52509,8.1623,1.343,6.8192,57.7598,0.11806,0.8882,1.0186,1.1468
cql-seed2,cql,79000,14,79000,3a19e3c9878b09d6,-2332.365966797,36307,14110,18.5101,-1.5375,20.0475,57.7598,0.34708,0.9274,1.1543,1.2447
cql-seed2,cql,80000,0,80000,5b8d28c452c41515,-2358.138427734,237311,68413,34.6304,-2.0414,36.6718,57.9914,0.63237,0.837,1.12,1.3382
cql-seed2,cql,80000,2,80000,5b8d28c452c41515,-2358.138427734,168808,33814,22.5716,5.2619,17.3097,57.9914,0.29849,0.8841,0.9909,1.1208
cql-seed2,cql,80000,4,80000,5b8d28c452c41515,-2358.138427734,35214,133999,6.2959,3.7995,2.4964,57.9914,0.04305,0.8793,0.9576,1.089
cql-seed2,cql,80000,5,80000,5b8d28c452c41515,-2358.138427734,40938,30344,10.4593,-0.4983,10.9575,57.9914,0.18895,0.9157,1.0526,1.1495
cql-seed2,cql,80000,6,80000,5b8d28c452c41515,-2358.138427734,51996,11915,15.3772,-0.6798,16.057,57.9914,0.27689,0.9327,1.088,1.1664
cql-seed2,cql,80000,7,80000,5b8d28c452c41515,-2358.138427734,64933,19513,14.8283,2.6774,12.1509,57.9914,0.20953,0.8995,1.0458,1.1627
cql-seed2,cql,80000,11,80000,5b8d28c452c41515,-2358.138427734,76763,39227,11.1623,4.115,7.0473,57.9914,0.12152,0.9492,1.019,1.0735
cql-seed2,cql,80000,12,80000,5b8d28c452c41515,-2358.138427734,33583,82841,7.0507,5.5266,1.5241,57.9914,0.02628,0.9325,0.9953,1.0673
cql-seed2,cql,80000,13,80000,5b8d28c452c41515,-2358.138427734,29838,52509,7.27,1.5255,5.7445,57.9914,0.09906,0.8933,1.021,1.1429
cql-seed2,cql,80000,14,80000,5b8d28c452c41515,-2358.138427734,36307,14110,17.7947,-1.9624,19.7571,57.9914,0.34069,0.9344,1.1569,1.2382
cql-seed2,cql,81000,0,81000,6d7a0654d6390545,-2388.555419922,237311,68413,33.9351,-2.4449,36.3801,57.4376,0.63338,0.839,1.1227,1.3382
cql-seed2,cql,81000,2,81000,6d7a0654d6390545,-2388.555419922,168808,33814,22.272,5.0324,17.2396,57.4376,0.30015,0.8838,0.9882,1.1181
cql-seed2,cql,81000,4,81000,6d7a0654d6390545,-2388.555419922,35214,133999,7.295,4.1984,3.0967,57.4376,0.05391,0.877,0.957,1.0912
cql-seed2,cql,81000,5,81000,6d7a0654d6390545,-2388.555419922,40938,30344,10.171,-0.4446,10.6156,57.4376,0.18482,0.9099,1.0512,1.1553
cql-seed2,cql,81000,6,81000,6d7a0654d6390545,-2388.555419922,51996,11915,14.5998,-0.9607,15.5605,57.4376,0.27091,0.9282,1.0856,1.1696
cql-seed2,cql,81000,7,81000,6d7a0654d6390545,-2388.555419922,64933,19513,14.5604,2.8561,11.7043,57.4376,0.20377,0.8981,1.048,1.1669
cql-seed2,cql,81000,11,81000,6d7a0654d6390545,-2388.555419922,76763,39227,10.7227,3.9717,6.751,57.4376,0.11754,0.9493,1.0181,1.0725
cql-seed2,cql,81000,12,81000,6d7a0654d6390545,-2388.555419922,33583,82841,6.8167,5.3779,1.4388,57.4376,0.02505,0.9334,0.9969,1.068
cql-seed2,cql,81000,13,81000,6d7a0654d6390545,-2388.555419922,29838,52509,7.3629,1.5442,5.8187,57.4376,0.1013,0.8876,1.0217,1.1511
cql-seed2,cql,81000,14,81000,6d7a0654d6390545,-2388.555419922,36307,14110,17.2192,-2.0146,19.2337,57.4376,0.33486,0.9246,1.1504,1.2442
cql-seed2,cql,82000,0,82000,314024b9d75c48a9,-2418.948486328,237311,68413,34.0481,-2.0417,36.0899,57.1849,0.63111,0.84,1.1224,1.3363
cql-seed2,cql,82000,2,82000,314024b9d75c48a9,-2418.948486328,168808,33814,22.4231,5.0982,17.3249,57.1849,0.30296,0.8843,0.9892,1.1187
cql-seed2,cql,82000,4,82000,314024b9d75c48a9,-2418.948486328,35214,133999,7.6524,4.37,3.2824,57.1849,0.0574,0.8765,0.9568,1.0917
cql-seed2,cql,82000,5,82000,314024b9d75c48a9,-2418.948486328,40938,30344,11.1876,-0.2835,11.4712,57.1849,0.2006,0.9105,1.051,1.1543
cql-seed2,cql,82000,6,82000,314024b9d75c48a9,-2418.948486328,51996,11915,15.1188,-1.3269,16.4457,57.1849,0.28759,0.9293,1.0856,1.1682
cql-seed2,cql,82000,7,82000,314024b9d75c48a9,-2418.948486328,64933,19513,14.7751,2.6529,12.1222,57.1849,0.21198,0.8994,1.0476,1.1647
cql-seed2,cql,82000,11,82000,314024b9d75c48a9,-2418.948486328,76763,39227,11.1396,4.1516,6.988,57.1849,0.1222,0.9518,1.0204,1.0721
cql-seed2,cql,82000,12,82000,314024b9d75c48a9,-2418.948486328,33583,82841,6.8484,5.5033,1.3451,57.1849,0.02352,0.9329,0.9962,1.0678
cql-seed2,cql,82000,13,82000,314024b9d75c48a9,-2418.948486328,29838,52509,7.8549,1.7838,6.0712,57.1849,0.10617,0.8879,1.0211,1.1501
cql-seed2,cql,82000,14,82000,314024b9d75c48a9,-2418.948486328,36307,14110,16.4653,-2.0097,18.475,57.1849,0.32307,0.9291,1.156,1.2442
cql-seed2,cql,83000,0,83000,d0afec12ecaf9055,-2449.239013672,237311,68413,33.6371,-2.8733,36.5103,57.0281,0.64022,0.8373,1.1182,1.3355
cql-seed2,cql,83000,2,83000,d0afec12ecaf9055,-2449.239013672,168808,33814,21.8997,4.9246,16.9751,57.0281,0.29766,0.8841,0.989,1.1187
cql-seed2,cql,83000,4,83000,d0afec12ecaf9055,-2449.239013672,35214,133999,6.8146,3.7521,3.0625,57.0281,0.0537,0.8766,0.9556,1.0902
cql-seed2,cql,83000,5,83000,d0afec12ecaf9055,-2449.239013672,40938,30344,10.4051,-1.2756,11.6807,57.0281,0.20482,0.9104,1.0486,1.1518
cql-seed2,cql,83000,6,83000,d0afec12ecaf9055,-2449.239013672,51996,11915,14.0882,-1.7269,15.815,57.0281,0.27732,0.9288,1.0869,1.1703
cql-seed2,cql,83000,7,83000,d0afec12ecaf9055,-2449.239013672,64933,19513,13.9022,2.1727,11.7296,57.0281,0.20568,0.8973,1.0461,1.1658
cql-seed2,cql,83000,11,83000,d0afec12ecaf9055,-2449.239013672,76763,39227,10.4218,3.4343,6.9875,57.0281,0.12253,0.9476,1.017,1.0733
cql-seed2,cql,83000,12,83000,d0afec12ecaf9055,-2449.239013672,33583,82841,6.0803,4.5429,1.5375,57.0281,0.02696,0.9321,0.9964,1.069
cql-seed2,cql,83000,13,83000,d0afec12ecaf9055,-2449.239013672,29838,52509,8.0503,0.9666,7.0837,57.0281,0.12421,0.8865,1.0191,1.1495
cql-seed2,cql,83000,14,83000,d0afec12ecaf9055,-2449.239013672,36307,14110,16.9833,-2.8716,19.8548,57.0281,0.34816,0.9245,1.1497,1.2436
cql-seed2,cql,84000,0,84000,395930b71b55de82,-2475.203125,237311,68413,33.3829,-2.564,35.9469,57.3657,0.62663,0.8381,1.1192,1.3354
cql-seed2,cql,84000,2,84000,395930b71b55de82,-2475.203125,168808,33814,22.0471,4.8513,17.1957,57.3657,0.29976,0.8836,0.9865,1.1164
cql-seed2,cql,84000,4,84000,395930b71b55de82,-2475.203125,35214,133999,6.3603,3.9158,2.4445,57.3657,0.04261,0.8793,0.9569,1.0883
cql-seed2,cql,84000,5,84000,395930b71b55de82,-2475.203125,40938,30344,10.326,-0.683,11.009,57.3657,0.19191,0.9146,1.0517,1.1499
cql-seed2,cql,84000,6,84000,395930b71b55de82,-2475.203125,51996,11915,14.734,-0.8133,15.5472,57.3657,0.27102,0.9312,1.0907,1.1713
cql-seed2,cql,84000,7,84000,395930b71b55de82,-2475.203125,64933,19513,13.4992,2.3087,11.1905,57.3657,0.19507,0.9,1.0472,1.1636
cql-seed2,cql,84000,11,84000,395930b71b55de82,-2475.203125,76763,39227,10.3736,3.6769,6.6966,57.3657,0.11674,0.9499,1.0169,1.0706
cql-seed2,cql,84000,12,84000,395930b71b55de82,-2475.203125,33583,82841,6.2388,5.0988,1.14,57.3657,0.01987,0.933,0.9966,1.0682
cql-seed2,cql,84000,13,84000,395930b71b55de82,-2475.203125,29838,52509,6.9331,1.3425,5.5906,57.3657,0.09746,0.8897,1.0205,1.147
cql-seed2,cql,84000,14,84000,395930b71b55de82,-2475.203125,36307,14110,17.6146,-2.1524,19.767,57.3657,0.34458,0.9321,1.1614,1.246
cql-seed2,cql,85000,0,85000,a6b7d6abb7652c30,-2497.064208984,237311,68413,33.5002,-3.5171,37.0173,57.6527,0.64207,0.8388,1.1191,1.3342
cql-seed2,cql,85000,2,85000,a6b7d6abb7652c30,-2497.064208984,168808,33814,21.9442,4.9621,16.9821,57.6527,0.29456,0.8839,0.9868,1.1164
cql-seed2,cql,85000,4,85000,a6b7d6abb7652c30,-2497.064208984,35214,133999,6.5512,4.3015,2.2497,57.6527,0.03902,0.877,0.9571,1.0913
cql-seed2,cql,85000,5,85000,a6b7d6abb7652c30,-2497.064208984,40938,30344,10.7916,0.1296,10.662,57.6527,0.18493,0.9122,1.052,1.1533
cql-seed2,cql,85000,6,85000,a6b7d6abb7652c30,-2497.064208984,51996,11915,14.7882,-0.4767,15.2649,57.6527,0.26477,0.93,1.0874,1.1693
cql-seed2,cql,85000,7,85000,a6b7d6abb7652c30,-2497.064208984,64933,19513,14.4374,2.4985,11.9389,57.6527,0.20708,0.8995,1.0465,1.1635
cql-seed2,cql,85000,11,85000,a6b7d6abb7652c30,-2497.064208984,76763,39227,10.6257,3.8658,6.7599,57.6527,0.11725,0.9484,1.0177,1.0731
cql-seed2,cql,85000,12,85000,a6b7d6abb7652c30,-2497.064208984,33583,82841,6.3777,5.1627,1.2151,57.6527,0.02108,0.9317,0.9952,1.0682
cql-seed2,cql,85000,13,85000,a6b7d6abb7652c30,-2497.064208984,29838,52509,8.161,1.9245,6.2365,57.6527,0.10817,0.8896,1.021,1.1478
cql-seed2,cql,85000,14,85000,a6b7d6abb7652c30,-2497.064208984,36307,14110,17.1566,-1.693,18.8496,57.6527,0.32695,0.9288,1.1568,1.2455
cql-seed2,cql,86000,0,86000,f3b62510c274dfde,-2523.573486328,237311,68413,32.7273,-4.438,37.1653,57.9981,0.6408,0.8395,1.119,1.333
cql-seed2,cql,86000,2,86000,f3b62510c274dfde,-2523.573486328,168808,33814,21.2785,4.3535,16.925,57.9981,0.29182,0.8834,0.9857,1.1158
cql-seed2,cql,86000,4,86000,f3b62510c274dfde,-2523.573486328,35214,133999,5.6188,3.8721,1.7468,57.9981,0.03012,0.8775,0.9572,1.0909
cql-seed2,cql,86000,5,86000,f3b62510c274dfde,-2523.573486328,40938,30344,9.5401,-0.2746,9.8147,57.9981,0.16922,0.9104,1.0509,1.1544
cql-seed2,cql,86000,6,86000,f3b62510c274dfde,-2523.573486328,51996,11915,14.0392,-0.8081,14.8473,57.9981,0.256,0.9298,1.0907,1.173
cql-seed2,cql,86000,7,86000,f3b62510c274dfde,-2523.573486328,64933,19513,13.2749,2.2394,11.0355,57.9981,0.19027,0.8996,1.0462,1.163
cql-seed2,cql,86000,11,86000,f3b62510c274dfde,-2523.573486328,76763,39227,10.3492,3.7727,6.5765,57.9981,0.11339,0.95,1.019,1.0726
cql-seed2,cql,86000,12,86000,f3b62510c274dfde,-2523.573486328,33583,82841,6.6492,5.7822,0.867,57.9981,0.01495,0.9329,0.9963,1.068
cql-seed2,cql,86000,13,86000,f3b62510c274dfde,-2523.573486328,29838,52509,6.7475,2.086,4.6616,57.9981,0.08037,0.8873,1.02,1.1495
cql-seed2,cql,86000,14,86000,f3b62510c274dfde,-2523.573486328,36307,14110,15.9365,-2.1043,18.0408,57.9981,0.31106,0.9288,1.1587,1.2475
cql-seed2,cql,87000,0,87000,1e2b534d024def00,-2552.536621094,237311,68413,32.6452,-3.1529,35.7981,56.8028,0.63022,0.8391,1.1188,1.3334
cql-seed2,cql,87000,2,87000,1e2b534d024def00,-2552.536621094,168808,33814,21.9814,4.718,17.2634,56.8028,0.30392,0.884,0.9879,1.1175
cql-seed2,cql,87000,4,87000,1e2b534d024def00,-2552.536621094,35214,133999,5.9476,3.9606,1.987,56.8028,0.03498,0.8783,0.9558,1.0882
cql-seed2,cql,87000,5,87000,1e2b534d024def00,-2552.536621094,40938,30344,9.5728,-0.5003,10.0731,56.8028,0.17733,0.9132,1.0499,1.1496
cql-seed2,cql,87000,6,87000,1e2b534d024def00,-2552.536621094,51996,11915,14.9219,-1.0642,15.9861,56.8028,0.28143,0.9309,1.0887,1.1695
cql-seed2,cql,87000,7,87000,1e2b534d024def00,-2552.536621094,64933,19513,13.7297,2.3251,11.4046,56.8028,0.20077,0.8983,1.047,1.1655
cql-seed2,cql,87000,11,87000,1e2b534d024def00,-2552.536621094,76763,39227,10.2984,3.6003,6.6982,56.8028,0.11792,0.9495,1.0173,1.0714
cql-seed2,cql,87000,12,87000,1e2b534d024def00,-2552.536621094,33583,82841,6.1914,5.3019,0.8895,56.8028,0.01566,0.9334,0.996,1.067
cql-seed2,cql,87000,13,87000,1e2b534d024def00,-2552.536621094,29838,52509,7.0398,1.4903,5.5495,56.8028,0.0977,0.8896,1.0184,1.1448
cql-seed2,cql,87000,14,87000,1e2b534d024def00,-2552.536621094,36307,14110,15.7537,-2.5754,18.3291,56.8028,0.32268,0.9268,1.1535,1.2446
cql-seed2,cql,88000,0,88000,400e896db978e67b,-2591.497070312,237311,68413,32.944,-3.1622,36.1062,57.0608,0.63277,0.8383,1.1187,1.3346
cql-seed2,cql,88000,2,88000,400e896db978e67b,-2591.497070312,168808,33814,21.1346,4.4779,16.6567,57.0608,0.29191,0.8838,0.9868,1.1165
cql-seed2,cql,88000,4,88000,400e896db978e67b,-2591.497070312,35214,133999,6.2409,3.9629,2.278,57.0608,0.03992,0.8739,0.9546,1.0924
cql-seed2,cql,88000,5,88000,400e896db978e67b,-2591.497070312,40938,30344,9.7488,-0.7549,10.5037,57.0608,0.18408,0.9072,1.0466,1.1537
cql-seed2,cql,88000,6,88000,400e896db978e67b,-2591.497070312,51996,11915,13.9636,-1.2028,15.1664,57.0608,0.26579,0.9298,1.0825,1.1643
cql-seed2,cql,88000,7,88000,400e896db978e67b,-2591.497070312,64933,19513,13.1655,2.1563,11.0092,57.0608,0.19294,0.8997,1.0452,1.1617
cql-seed2,cql,88000,11,88000,400e896db978e67b,-2591.497070312,76763,39227,10.3885,3.8684,6.5201,57.0608,0.11427,0.95,1.0184,1.072
cql-seed2,cql,88000,12,88000,400e896db978e67b,-2591.497070312,33583,82841,5.6476,4.8435,0.8041,57.0608,0.01409,0.9331,0.9953,1.0667
cql-seed2,cql,88000,13,88000,400e896db978e67b,-2591.497070312,29838,52509,7.343,1.4899,5.8531,57.0608,0.10258,0.8843,1.0165,1.1495
cql-seed2,cql,88000,14,88000,400e896db978e67b,-2591.497070312,36307,14110,16.347,-2.0887,18.4357,57.0608,0.32309,0.9257,1.1486,1.2407
cql-seed2,cql,89000,0,89000,fbe099184e691da0,-2620.670654297,237311,68413,33.0854,-3.4673,36.5527,57.2064,0.63896,0.8366,1.1176,1.3359
cql-seed2,cql,89000,2,89000,fbe099184e691da0,-2620.670654297,168808,33814,21.4659,4.7459,16.7199,57.2064,0.29227,0.8826,0.9853,1.1164
cql-seed2,cql,89000,4,89000,fbe099184e691da0,-2620.670654297,35214,133999,6.5776,4.1097,2.4679,57.2064,0.04314,0.8755,0.955,1.0908
cql-seed2,cql,89000,5,89000,fbe099184e691da0,-2620.670654297,40938,30344,9.7575,-0.2244,9.9819,57.2064,0.17449,0.9089,1.0483,1.1533
cql-seed2,cql,89000,6,89000,fbe099184e691da0,-2620.670654297,51996,11915,14.1323,-0.9812,15.1135,57.2064,0.26419,0.928,1.0846,1.1688
cql-seed2,cql,89000,7,89000,fbe099184e691da0,-2620.670654297,64933,19513,13.2365,2.0724,11.164,57.2064,0.19515,0.8987,1.0452,1.163
cql-seed2,cql,89000,11,89000,fbe099184e691da0,-2620.670654297,76763,39227,10.0774,3.5136,6.5638,57.2064,0.11474,0.9495,1.0187,1.0729
cql-seed2,cql,89000,12,89000,fbe099184e691da0,-2620.670654297,33583,82841,6.2966,5.0455,1.2511,57.2064,0.02187,0.9334,0.9961,1.0672
cql-seed2,cql,89000,13,89000,fbe099184e691da0,-2620.670654297,29838,52509,7.4696,1.6029,5.8667,57.2064,0.10255,0.8896,1.0177,1.144
cql-seed2,cql,89000,14,89000,fbe099184e691da0,-2620.670654297,36307,14110,15.9734,-2.3416,18.315,57.2064,0.32016,0.9286,1.1486,1.2369
cql-seed2,cql,90000,0,90000,0084e7fc8118d634,-2650.146728516,237311,68413,32.6453,-3.8797,36.525,57.5719,0.63442,0.8385,1.1198,1.3355
cql-seed2,cql,90000,2,90000,0084e7fc8118d634,-2650.146728516,168808,33814,21.2012,4.6094,16.5918,57.5719,0.28819,0.8832,0.9871,1.1176
cql-seed2,cql,90000,4,90000,0084e7fc8118d634,-2650.146728516,35214,133999,5.9424,4.043,1.8994,57.5719,0.03299,0.8782,0.9558,1.0884
cql-seed2,cql,90000,5,90000,0084e7fc8118d634,-2650.146728516,40938,30344,9.5465,-1.3059,10.8524,57.5719,0.1885,0.9125,1.0499,1.1506
cql-seed2,cql,90000,6,90000,0084e7fc8118d634,-2650.146728516,51996,11915,14.9212,-1.0483,15.9696,57.5719,0.27739,0.9289,1.0856,1.1687
cql-seed2,cql,90000,7,90000,0084e7fc8118d634,-2650.146728516,64933,19513,14.0457,2.4793,11.5664,57.5719,0.2009,0.8966,1.0445,1.165
cql-seed2,cql,90000,11,90000,0084e7fc8118d634,-2650.146728516,76763,39227,10.2984,3.8217,6.4767,57.5719,0.1125,0.9482,1.0171,1.0727
cql-seed2,cql,90000,12,90000,0084e7fc8118d634,-2650.146728516,33583,82841,6.31,5.4367,0.8733,57.5719,0.01517,0.933,0.9953,1.0667
cql-seed2,cql,90000,13,90000,0084e7fc8118d634,-2650.146728516,29838,52509,6.6684,1.4182,5.2503,57.5719,0.0912,0.8913,1.0186,1.1429
cql-seed2,cql,90000,14,90000,0084e7fc8118d634,-2650.146728516,36307,14110,16.293,-2.9487,19.2417,57.5719,0.33422,0.928,1.1559,1.2457
cql-seed2,cql,91000,0,91000,1cdb675e38f15282,-2674.647460938,237311,68413,32.282,-4.2864,36.5684,57.9117,0.63145,0.8373,1.118,1.3353
cql-seed2,cql,91000,2,91000,1cdb675e38f15282,-2674.647460938,168808,33814,21.3509,4.4128,16.9381,57.9117,0.29248,0.8831,0.9851,1.1155
cql-seed2,cql,91000,4,91000,1cdb675e38f15282,-2674.647460938,35214,133999,5.4085,3.2699,2.1386,57.9117,0.03693,0.8755,0.9537,1.0893
cql-seed2,cql,91000,5,91000,1cdb675e38f15282,-2674.647460938,40938,30344,9.7754,-1.3533,11.1286,57.9117,0.19217,0.9091,1.0487,1.1535
cql-seed2,cql,91000,6,91000,1cdb675e38f15282,-2674.647460938,51996,11915,13.2701,-1.7246,14.9947,57.9117,0.25892,0.9279,1.0849,1.1693
cql-seed2,cql,91000,7,91000,1cdb675e38f15282,-2674.647460938,64933,19513,13.4112,1.9123,11.4989,57.9117,0.19856,0.8962,1.0438,1.1648
cql-seed2,cql,91000,11,91000,1cdb675e38f15282,-2674.647460938,76763,39227,9.7962,3.3222,6.474,57.9117,0.11179,0.9485,1.0167,1.072
cql-seed2,cql,91000,12,91000,1cdb675e38f15282,-2674.647460938,33583,82841,5.5459,4.6282,0.9177,57.9117,0.01585,0.9321,0.9945,1.0669
cql-seed2,cql,91000,13,91000,1cdb675e38f15282,-2674.647460938,29838,52509,7.3106,0.9467,6.3639,57.9117,0.10989,0.8883,1.0164,1.1442
cql-seed2,cql,91000,14,91000,1cdb675e38f15282,-2674.647460938,36307,14110,16.049,-2.9288,18.9778,57.9117,0.3277,0.9261,1.1547,1.2468
cql-seed2,cql,92000,0,92000,31ac279c7770290b,-2697.966796875,237311,68413,31.7343,-4.0508,35.7851,56.409,0.63439,0.8371,1.1154,1.3324
cql-seed2,cql,92000,2,92000,31ac279c7770290b,-2697.966796875,168808,33814,20.4345,4.0193,16.4151,56.409,0.291,0.8827,0.9844,1.1152
cql-seed2,cql,92000,4,92000,31ac279c7770290b,-2697.966796875,35214,133999,4.9334,3.3691,1.5643,56.409,0.02773,0.8771,0.9557,1.0897
cql-seed2,cql,92000,5,92000,31ac279c7770290b,-2697.966796875,40938,30344,9.4418,-0.6568,10.0986,56.409,0.17902,0.9113,1.05,1.1521
cql-seed2,cql,92000,6,92000,31ac279c7770290b,-2697.966796875,51996,11915,14.1187,-0.7253,14.844,56.409,0.26315,0.9282,1.0839,1.1677
cql-seed2,cql,92000,7,92000,31ac279c7770290b,-2697.966796875,64933,19513,12.9445,2.2848,10.6597,56.409,0.18897,0.8968,1.0436,1.1636
cql-seed2,cql,92000,11,92000,31ac279c7770290b,-2697.966796875,76763,39227,10.1653,3.538,6.6273,56.409,0.11749,0.9485,1.0172,1.0724
cql-seed2,cql,92000,12,92000,31ac279c7770290b,-2697.966796875,33583,82841,5.7754,4.711,1.0644,56.409,0.01887,0.9331,0.9956,1.067
cql-seed2,cql,92000,13,92000,31ac279c7770290b,-2697.966796875,29838,52509,7.0261,1.1539,5.8722,56.409,0.1041,0.8917,1.0189,1.1426
cql-seed2,cql,92000,14,92000,31ac279c7770290b,-2697.966796875,36307,14110,16.2595,-2.5516,18.8112,56.409,0.33348,0.9289,1.1519,1.24
cql-seed2,cql,93000,0,93000,6575955afb8cd6f0,-2732.707519531,237311,68413,31.9623,-3.8549,35.8172,56.4578,0.63441,0.8377,1.1182,1.3348
cql-seed2,cql,93000,2,93000,6575955afb8cd6f0,-2732.707519531,168808,33814,20.7157,4.0181,16.6977,56.4578,0.29575,0.8831,0.9875,1.1182
cql-seed2,cql,93000,4,93000,6575955afb8cd6f0,-2732.707519531,35214,133999,5.4339,3.793,1.6409,56.4578,0.02906,0.8783,0.9553,1.0876
cql-seed2,cql,93000,5,93000,6575955afb8cd6f0,-2732.707519531,40938,30344,9.2486,-0.5766,9.8252,56.4578,0.17403,0.9091,1.0474,1.1521
cql-seed2,cql,93000,6,93000,6575955afb8cd6f0,-2732.707519531,51996,11915,13.7134,-1.0012,14.7145,56.4578,0.26063,0.9273,1.083,1.168
cql-seed2,cql,93000,7,93000,6575955afb8cd6f0,-2732.707519531,64933,19513,13.196,2.3551,10.8409,56.4578,0.19202,0.8965,1.0434,1.1638
cql-seed2,cql,93000,11,93000,6575955afb8cd6f0,-2732.707519531,76763,39227,10.1468,3.7033,6.4435,56.4578,0.11413,0.949,1.0174,1.072
cql-seed2,cql,93000,12,93000,6575955afb8cd6f0,-2732.707519531,33583,82841,5.6772,5.4355,0.2417,56.4578,0.00428,0.9325,0.9948,1.0669
cql-seed2,cql,93000,13,93000,6575955afb8cd6f0,-2732.707519531,29838,52509,6.4387,1.3263,5.1124,56.4578,0.09055,0.8881,1.0162,1.1442
cql-seed2,cql,93000,14,93000,6575955afb8cd6f0,-2732.707519531,36307,14110,16.2551,-2.1626,18.4177,56.4578,0.32622,0.9244,1.1502,1.2442
cql-seed2,cql,94000,0,94000,8467434ba5183b73,-2762.820068359,237311,68413,31.8421,-4.4729,36.315,57.3166,0.63359,0.8374,1.1172,1.3342
cql-seed2,cql,94000,2,94000,8467434ba5183b73,-2762.820068359,168808,33814,20.3482,3.7064,16.6418,57.3166,0.29035,0.8832,0.9877,1.1183
cql-seed2,cql,94000,4,94000,8467434ba5183b73,-2762.820068359,35214,133999,5.4169,3.9459,1.471,57.3166,0.02566,0.8772,0.9541,1.0876
cql-seed2,cql,94000,5,94000,8467434ba5183b73,-2762.820068359,40938,30344,9.1588,-0.3555,9.5143,57.3166,0.166,0.9126,1.047,1.1472
cql-seed2,cql,94000,6,94000,8467434ba5183b73,-2762.820068359,51996,11915,13.693,-0.995,14.688,57.3166,0.25626,0.9291,1.0837,1.1664
cql-seed2,cql,94000,7,94000,8467434ba5183b73,-2762.820068359,64933,19513,13.2437,1.8607,11.3831,57.3166,0.1986,0.8978,1.0425,1.1611
cql-seed2,cql,94000,11,94000,8467434ba5183b73,-2762.820068359,76763,39227,9.7326,3.4648,6.2678,57.3166,0.10935,0.9486,1.017,1.0721
cql-seed2,cql,94000,12,94000,8467434ba5183b73,-2762.820068359,33583,82841,4.976,4.7033,0.2727,57.3166,0.00476,0.9335,0.9949,1.0657
cql-seed2,cql,94000,13,94000,8467434ba5183b73,-2762.820068359,29838,52509,6.0132,1.4926,4.5206,57.3166,0.07887,0.8903,1.0165,1.1418
cql-seed2,cql,94000,14,94000,8467434ba5183b73,-2762.820068359,36307,14110,15.664,-2.1661,17.8301,57.3166,0.31108,0.928,1.1497,1.2388
cql-seed2,cql,95000,0,95000,1ca8f6763988362e,-2784.035888672,237311,68413,31.674,-4.5439,36.2179,56.9458,0.63601,0.8391,1.1175,1.3319
cql-seed2,cql,95000,2,95000,1ca8f6763988362e,-2784.035888672,168808,33814,20.7277,3.985,16.7427,56.9458,0.29401,0.883,0.9844,1.1148
cql-seed2,cql,95000,4,95000,1ca8f6763988362e,-2784.035888672,35214,133999,5.5028,3.5996,1.9032,56.9458,0.03342,0.8772,0.9538,1.0874
cql-seed2,cql,95000,5,95000,1ca8f6763988362e,-2784.035888672,40938,30344,9.0108,-0.955,9.9659,56.9458,0.17501,0.912,1.0482,1.1494
cql-seed2,cql,95000,6,95000,1ca8f6763988362e,-2784.035888672,51996,11915,13.3464,-1.0928,14.4392,56.9458,0.25356,0.9285,1.0857,1.1694
cql-seed2,cql,95000,7,95000,1ca8f6763988362e,-2784.035888672,64933,19513,12.8662,1.7689,11.0972,56.9458,0.19487,0.8986,1.0473,1.1656
cql-seed2,cql,95000,11,95000,1ca8f6763988362e,-2784.035888672,76763,39227,9.8018,3.4678,6.334,56.9458,0.11123,0.9479,1.0149,1.0707
cql-seed2,cql,95000,12,95000,1ca8f6763988362e,-2784.035888672,33583,82841,5.7469,4.9216,0.8253,56.9458,0.01449,0.9337,0.9948,1.0655
cql-seed2,cql,95000,13,95000,1ca8f6763988362e,-2784.035888672,29838,52509,6.3767,0.8371,5.5397,56.9458,0.09728,0.8903,1.0167,1.1419
cql-seed2,cql,95000,14,95000,1ca8f6763988362e,-2784.035888672,36307,14110,15.2785,-2.6023,17.8808,56.9458,0.314,0.9273,1.1475,1.2375
cql-seed2,cql,96000,0,96000,e80117411188b0be,-2804.096923828,237311,68413,31.5155,-3.9037,35.4192,56.1815,0.63044,0.8376,1.114,1.3301
cql-seed2,cql,96000,2,96000,e80117411188b0be,-2804.096923828,168808,33814,20.4527,4.0785,16.3742,56.1815,0.29145,0.8836,0.9851,1.1149
cql-seed2,cql,96000,4,96000,e80117411188b0be,-2804.096923828,35214,133999,4.6537,3.3433,1.3104,56.1815,0.02332,0.8752,0.9556,1.0918
cql-seed2,cql,96000,5,96000,e80117411188b0be,-2804.096923828,40938,30344,8.9683,-1.0623,10.0307,56.1815,0.17854,0.9097,1.0512,1.1556
cql-seed2,cql,96000,6,96000,e80117411188b0be,-2804.096923828,51996,11915,13.2343,-1.2883,14.5226,56.1815,0.25849,0.9299,1.0839,1.1656
cql-seed2,cql,96000,7,96000,e80117411188b0be,-2804.096923828,64933,19513,12.5695,1.9648,10.6047,56.1815,0.18876,0.8983,1.0438,1.162
cql-seed2,cql,96000,11,96000,e80117411188b0be,-2804.096923828,76763,39227,9.3776,3.4057,5.9718,56.1815,0.1063,0.9487,1.0168,1.0718
cql-seed2,cql,96000,12,96000,e80117411188b0be,-2804.096923828,33583,82841,4.8618,4.7001,0.1617,56.1815,0.00288,0.9324,0.9957,1.0678
cql-seed2,cql,96000,13,96000,e80117411188b0be,-2804.096923828,29838,52509,5.5858,1.1097,4.4762,56.1815,0.07967,0.8891,1.0193,1.1465
cql-seed2,cql,96000,14,96000,e80117411188b0be,-2804.096923828,36307,14110,14.7431,-2.6408,17.3839,56.1815,0.30942,0.9325,1.1617,1.2457
cql-seed2,cql,97000,0,97000,f0a2323ec738fb7e,-2828.841796875,237311,68413,31.8802,-4.4778,36.358,58.1178,0.62559,0.8376,1.1165,1.333
cql-seed2,cql,97000,2,97000,f0a2323ec738fb7e,-2828.841796875,168808,33814,20.4835,4.1335,16.35,58.1178,0.28133,0.8835,0.986,1.116
cql-seed2,cql,97000,4,97000,f0a2323ec738fb7e,-2828.841796875,35214,133999,4.4178,3.7424,0.6755,58.1178,0.01162,0.8772,0.9558,1.0896
cql-seed2,cql,97000,5,97000,f0a2323ec738fb7e,-2828.841796875,40938,30344,7.4217,-1.0644,8.4861,58.1178,0.14601,0.9113,1.0474,1.1493
cql-seed2,cql,97000,6,97000,f0a2323ec738fb7e,-2828.841796875,51996,11915,12.8249,-1.8012,14.6261,58.1178,0.25166,0.9289,1.0816,1.1644
cql-seed2,cql,97000,7,97000,f0a2323ec738fb7e,-2828.841796875,64933,19513,12.4696,1.7824,10.6873,58.1178,0.18389,0.8969,1.0435,1.1634
cql-seed2,cql,97000,11,97000,f0a2323ec738fb7e,-2828.841796875,76763,39227,9.1462,2.9224,6.2238,58.1178,0.10709,0.9502,1.0164,1.0697
cql-seed2,cql,97000,12,97000,f0a2323ec738fb7e,-2828.841796875,33583,82841,4.6866,4.7059,-0.0192,58.1178,-0.00033,0.9341,0.9954,1.0657
cql-seed2,cql,97000,13,97000,f0a2323ec738fb7e,-2828.841796875,29838,52509,5.4728,1.1023,4.3706,58.1178,0.0752,0.8918,1.0181,1.1416
cql-seed2,cql,97000,14,97000,f0a2323ec738fb7e,-2828.841796875,36307,14110,15.4118,-2.9093,18.3211,58.1178,0.31524,0.9291,1.134,1.2206
cql-seed2,cql,98000,0,98000,1ffab6be8cd2b91a,-2860.077148438,237311,68413,31.6259,-3.5116,35.1375,56.1016,0.62632,0.837,1.1161,1.3335
cql-seed2,cql,98000,2,98000,1ffab6be8cd2b91a,-2860.077148438,168808,33814,20.0713,3.7891,16.2822,56.1016,0.29023,0.8826,0.9828,1.1135
cql-seed2,cql,98000,4,98000,1ffab6be8cd2b91a,-2860.077148438,35214,133999,4.8294,3.2841,1.5454,56.1016,0.02755,0.8742,0.9544,1.0917
cql-seed2,cql,98000,5,98000,1ffab6be8cd2b91a,-2860.077148438,40938,30344,8.5384,-1.0843,9.6227,56.1016,0.17152,0.9079,1.0483,1.1547
cql-seed2,cql,98000,6,98000,1ffab6be8cd2b91a,-2860.077148438,51996,11915,13.6571,-1.2258,14.8829,56.1016,0.26529,0.9307,1.0909,1.1722
cql-seed2,cql,98000,7,98000,1ffab6be8cd2b91a,-2860.077148438,64933,19513,12.4458,1.6948,10.751,56.1016,0.19164,0.8996,1.0447,1.1612
cql-seed2,cql,98000,11,98000,1ffab6be8cd2b91a,-2860.077148438,76763,39227,9.4822,3.1891,6.2931,56.1016,0.11217,0.9503,1.0174,1.0706
cql-seed2,cql,98000,12,98000,1ffab6be8cd2b91a,-2860.077148438,33583,82841,4.2472,4.4279,-0.1807,56.1016,-0.00322,0.9326,0.9951,1.067
cql-seed2,cql,98000,13,98000,1ffab6be8cd2b91a,-2860.077148438,29838,52509,4.7745,0.8472,3.9273,56.1016,0.07,0.8875,1.0168,1.1457
cql-seed2,cql,98000,14,98000,1ffab6be8cd2b91a,-2860.077148438,36307,14110,15.0781,-3.0829,18.1611,56.1016,0.32372,0.9307,1.1393,1.2242
cql-seed2,cql,99000,0,99000,392733ee52b0b119,-2892.158203125,237311,68413,30.7244,-4.5267,35.2511,56.3554,0.62551,0.8383,1.1157,1.3309
cql-seed2,cql,99000,2,99000,392733ee52b0b119,-2892.158203125,168808,33814,20.5587,3.8066,16.7521,56.3554,0.29726,0.8835,0.984,1.1138
cql-seed2,cql,99000,4,99000,392733ee52b0b119,-2892.158203125,35214,133999,4.1983,2.9815,1.2168,56.3554,0.02159,0.8762,0.9533,1.088
cql-seed2,cql,99000,5,99000,392733ee52b0b119,-2892.158203125,40938,30344,8.4731,-1.493,9.9661,56.3554,0.17684,0.908,1.0456,1.1515
cql-seed2,cql,99000,6,99000,392733ee52b0b119,-2892.158203125,51996,11915,13.3275,-1.4032,14.7307,56.3554,0.26139,0.9267,1.082,1.1676
cql-seed2,cql,99000,7,99000,392733ee52b0b119,-2892.158203125,64933,19513,12.7732,1.8239,10.9494,56.3554,0.19429,0.8959,1.0413,1.1622
cql-seed2,cql,99000,11,99000,392733ee52b0b119,-2892.158203125,76763,39227,8.6582,2.6954,5.9628,56.3554,0.10581,0.9483,1.0144,1.0698
cql-seed2,cql,99000,12,99000,392733ee52b0b119,-2892.158203125,33583,82841,4.3027,4.1394,0.1633,56.3554,0.0029,0.9333,0.9943,1.0654
cql-seed2,cql,99000,13,99000,392733ee52b0b119,-2892.158203125,29838,52509,5.5543,0.5092,5.0451,56.3554,0.08952,0.888,1.0157,1.1439
cql-seed2,cql,99000,14,99000,392733ee52b0b119,-2892.158203125,36307,14110,15.1032,-2.582,17.6852,56.3554,0.31382,0.9312,1.1327,1.2163
cql-seed2,cql,100000,0,100000,15782a06d9f5be0f,-2921.485839844,237311,68413,30.4366,-4.4265,34.8631,55.9843,0.62273,0.8374,1.114,1.3304
cql-seed2,cql,100000,2,100000,15782a06d9f5be0f,-2921.485839844,168808,33814,19.4762,3.2892,16.187,55.9843,0.28914,0.8828,0.9841,1.1148
cql-seed2,cql,100000,4,100000,15782a06d9f5be0f,-2921.485839844,35214,133999,3.6433,2.9559,0.6874,55.9843,0.01228,0.8756,0.9532,1.0886
cql-seed2,cql,100000,5,100000,15782a06d9f5be0f,-2921.485839844,40938,30344,7.8295,-1.2643,9.0938,55.9843,0.16243,0.9119,1.0459,1.147
cql-seed2,cql,100000,6,100000,15782a06d9f5be0f,-2921.485839844,51996,11915,12.319,-1.9334,14.2524,55.9843,0.25458,0.9318,1.0852,1.1647
cql-seed2,cql,100000,7,100000,15782a06d9f5be0f,-2921.485839844,64933,19513,11.9798,0.8641,11.1158,55.9843,0.19855,0.8984,1.0435,1.1615
cql-seed2,cql,100000,11,100000,15782a06d9f5be0f,-2921.485839844,76763,39227,8.597,2.4624,6.1346,55.9843,0.10958,0.9504,1.0184,1.0715
cql-seed2,cql,100000,12,100000,15782a06d9f5be0f,-2921.485839844,33583,82841,4.164,4.0921,0.0719,55.9843,0.00129,0.9332,0.9947,1.0659
cql-seed2,cql,100000,13,100000,15782a06d9f5be0f,-2921.485839844,29838,52509,5.0592,0.666,4.3933,55.9843,0.07847,0.8911,1.0161,1.1402
cql-seed2,cql,100000,14,100000,15782a06d9f5be0f,-2921.485839844,36307,14110,14.5456,-2.8886,17.4342,55.9843,0.31141,0.9339,1.1318,1.2119
