run,algo,step,bin,checkpoint_global_step,critic_checksum,first_layer_sum,n_surv,n_fail,Q_surv,Q_fail,Delta,span,Delta_hat,d_surv,d_fail,d_ratio
lse-aw-cql-seed1-C,cql,1000,0,1000,66207e5f38ebf59a,-27.951942444,237311,68413,33.0973,29.2603,3.837,79.3255,0.04837,1.1213,1.3989,1.2475
lse-aw-cql-seed1-C,cql,1000,2,1000,66207e5f38ebf59a,-27.951942444,168808,33814,28.3331,28.1922,0.1408,79.3255,0.00178,1.1792,1.2805,1.0859
lse-aw-cql-seed1-C,cql,1000,4,1000,66207e5f38ebf59a,-27.951942444,35214,133999,-13.844,14.7609,-28.6049,79.3255,-0.3606,1.2887,1.3207,1.0248
lse-aw-cql-seed1-C,cql,1000,5,1000,66207e5f38ebf59a,-27.951942444,40938,30344,-20.1756,6.6425,-26.8181,79.3255,-0.33808,1.3935,1.5334,1.1003
lse-aw-cql-seed1-C,cql,1000,6,1000,66207e5f38ebf59a,-27.951942444,51996,11915,8.1811,11.1425,-2.9614,79.3255,-0.03733,1.3127,1.4849,1.1312
lse-aw-cql-seed1-C,cql,1000,7,1000,66207e5f38ebf59a,-27.951942444,64933,19513,10.7423,16.0325,-5.2902,79.3255,-0.06669,1.257,1.3622,1.0837
lse-aw-cql-seed1-C,cql,1000,11,1000,66207e5f38ebf59a,-27.951942444,76763,39227,12.7008,14.4578,-1.757,79.3255,-0.02215,1.3501,1.3996,1.0367
lse-aw-cql-seed1-C,cql,1000,12,1000,66207e5f38ebf59a,-27.951942444,33583,82841,6.8039,15.8205,-9.0166,79.3255,-0.11367,1.2833,1.3156,1.0252
lse-aw-cql-seed1-C,cql,1000,13,1000,66207e5f38ebf59a,-27.951942444,29838,52509,-25.3401,9.3265,-34.6666,79.3255,-0.43702,1.373,1.4475,1.0542
lse-aw-cql-seed1-C,cql,1000,14,1000,66207e5f38ebf59a,-27.951942444,36307,14110,-27.9081,-1.0816,-26.8265,79.3255,-0.33818,1.4299,1.6811,1.1756
lse-aw-cql-seed1-C,cql,2000,0,2000,fa21ddb395214779,-9.24508667,237311,68413,48.975,33.2936,15.6814,59.4701,0.26369,0.9806,1.3317,1.358
lse-aw-cql-seed1-C,cql,2000,2,2000,fa21ddb395214779,-9.24508667,168808,33814,50.5284,36.1339,14.3945,59.4701,0.24205,1.0601,1.1879,1.1205
lse-aw-cql-seed1-C,cql,2000,4,2000,fa21ddb395214779,-9.24508667,35214,133999,26.1258,17.8343,8.2915,59.4701,0.13942,1.0945,1.217,1.1119
lse-aw-cql-seed1-C,cql,2000,5,2000,fa21ddb395214779,-9.24508667,40938,30344,23.5861,12.2763,11.3098,59.4701,0.19018,1.1778,1.4562,1.2364
lse-aw-cql-seed1-C,cql,2000,6,2000,fa21ddb395214779,-9.24508667,51996,11915,26.2402,22.6235,3.6167,59.4701,0.06081,1.2135,1.46,1.2032
lse-aw-cql-seed1-C,cql,2000,7,2000,fa21ddb395214779,-9.24508667,64933,19513,23.6837,22.3157,1.368,59.4701,0.023,1.1892,1.3725,1.1541
lse-aw-cql-seed1-C,cql,2000,11,2000,fa21ddb395214779,-9.24508667,76763,39227,26.8579,24.2403,2.6175,59.4701,0.04401,1.2216,1.3167,1.0779
lse-aw-cql-seed1-C,cql,2000,12,2000,fa21ddb395214779,-9.24508667,33583,82841,27.4909,21.7168,5.7742,59.4701,0.09709,1.1706,1.2539,1.0711
lse-aw-cql-seed1-C,cql,2000,13,2000,fa21ddb395214779,-9.24508667,29838,52509,30.3809,11.1492,19.2317,59.4701,0.32338,1.1434,1.3313,1.1644
lse-aw-cql-seed1-C,cql,2000,14,2000,fa21ddb395214779,-9.24508667,36307,14110,28.5801,15.2628,13.3173,59.4701,0.22393,1.218,1.5802,1.2974
lse-aw-cql-seed1-C,cql,3000,0,3000,86ff46893620a1f7,-19.008247375,237311,68413,53.5785,35.7418,17.8367,65.6227,0.27181,0.9382,1.3293,1.4169
lse-aw-cql-seed1-C,cql,3000,2,3000,86ff46893620a1f7,-19.008247375,168808,33814,51.3583,36.3335,15.0247,65.6227,0.22896,1.0144,1.1643,1.1478
lse-aw-cql-seed1-C,cql,3000,4,3000,86ff46893620a1f7,-19.008247375,35214,133999,42.9047,22.4485,20.4562,65.6227,0.31172,1.0447,1.1594,1.1098
lse-aw-cql-seed1-C,cql,3000,5,3000,86ff46893620a1f7,-19.008247375,40938,30344,37.2896,15.3614,21.9283,65.6227,0.33416,1.1157,1.3938,1.2492
lse-aw-cql-seed1-C,cql,3000,6,3000,86ff46893620a1f7,-19.008247375,51996,11915,40.4928,29.1046,11.3882,65.6227,0.17354,1.1202,1.3759,1.2282
lse-aw-cql-seed1-C,cql,3000,7,3000,86ff46893620a1f7,-19.008247375,64933,19513,40.5701,31.0163,9.5537,65.6227,0.14559,1.0888,1.3094,1.2026
lse-aw-cql-seed1-C,cql,3000,11,3000,86ff46893620a1f7,-19.008247375,76763,39227,38.3308,28.3771,9.9537,65.6227,0.15168,1.1353,1.275,1.1231
lse-aw-cql-seed1-C,cql,3000,12,3000,86ff46893620a1f7,-19.008247375,33583,82841,39.9588,27.0135,12.9454,65.6227,0.19727,1.0959,1.1875,1.0836
lse-aw-cql-seed1-C,cql,3000,13,3000,86ff46893620a1f7,-19.008247375,29838,52509,40.6047,14.1362,26.4685,65.6227,0.40334,1.0768,1.2585,1.1688
lse-aw-cql-seed1-C,cql,3000,14,3000,86ff46893620a1f7,-19.008247375,36307,14110,38.9459,18.2793,20.6667,65.6227,0.31493,1.1498,1.4828,1.2896
lse-aw-cql-seed1-C,cql,4000,0,4000,a0fc8ae398ea6b71,-47.483570099,237311,68413,53.3462,33.5858,19.7604,60.616,0.32599,0.8908,1.2968,1.4558
lse-aw-cql-seed1-C,cql,4000,2,4000,a0fc8ae398ea6b71,-47.483570099,168808,33814,47.1168,30.445,16.6718,60.616,0.27504,0.9489,1.1211,1.1814
lse-aw-cql-seed1-C,cql,4000,4,4000,a0fc8ae398ea6b71,-47.483570099,35214,133999,39.106,20.256,18.85,60.616,0.31097,0.982,1.0772,1.097
lse-aw-cql-seed1-C,cql,4000,5,4000,a0fc8ae398ea6b71,-47.483570099,40938,30344,35.4233,12.4997,22.9236,60.616,0.37818,1.0567,1.2731,1.2048
lse-aw-cql-seed1-C,cql,4000,6,4000,a0fc8ae398ea6b71,-47.483570099,51996,11915,39.7302,23.6924,16.0377,60.616,0.26458,1.0604,1.3062,1.2318
lse-aw-cql-seed1-C,cql,4000,7,4000,a0fc8ae398ea6b71,-47.483570099,64933,19513,38.996,28.2811,10.7149,60.616,0.17677,1.0128,1.2225,1.207
lse-aw-cql-seed1-C,cql,4000,11,4000,a0fc8ae398ea6b71,-47.483570099,76763,39227,34.963,24.4426,10.5204,60.616,0.17356,1.0671,1.1811,1.1068
lse-aw-cql-seed1-C,cql,4000,12,4000,a0fc8ae398ea6b71,-47.483570099,33583,82841,38.4543,24.437,14.0173,60.616,0.23125,1.0279,1.1223,1.0918
lse-aw-cql-seed1-C,cql,4000,13,4000,a0fc8ae398ea6b71,-47.483570099,29838,52509,39.8291,13.3859,26.4432,60.616,0.43624,1.0224,1.1796,1.1538
lse-aw-cql-seed1-C,cql,4000,14,4000,a0fc8ae398ea6b71,-47.483570099,36307,14110,38.0347,16.7939,21.2408,60.616,0.35042,1.0887,1.3981,1.2842
lse-aw-cql-seed1-C,cql,5000,0,5000,35d55ba7c60344e4,-78.139533997,237311,68413,58.9059,35.0855,23.8204,62.6135,0.38044,0.8766,1.3084,1.4925
lse-aw-cql-seed1-C,cql,5000,2,5000,35d55ba7c60344e4,-78.139533997,168808,33814,48.0185,30.7709,17.2476,62.6135,0.27546,0.9383,1.123,1.1969
lse-aw-cql-seed1-C,cql,5000,4,5000,35d55ba7c60344e4,-78.139533997,35214,133999,30.6326,16.5244,14.1082,62.6135,0.22532,0.9566,1.0669,1.1153
lse-aw-cql-seed1-C,cql,5000,5,5000,35d55ba7c60344e4,-78.139533997,40938,30344,28.3549,10.4204,17.9344,62.6135,0.28643,1.0115,1.2251,1.2112
lse-aw-cql-seed1-C,cql,5000,6,5000,35d55ba7c60344e4,-78.139533997,51996,11915,37.7272,23.5115,14.2157,62.6135,0.22704,1.0191,1.2637,1.24
lse-aw-cql-seed1-C,cql,5000,7,5000,35d55ba7c60344e4,-78.139533997,64933,19513,37.0914,28.6438,8.4476,62.6135,0.13492,0.985,1.1977,1.2159
lse-aw-cql-seed1-C,cql,5000,11,5000,35d55ba7c60344e4,-78.139533997,76763,39227,34.8029,23.9344,10.8685,62.6135,0.17358,1.0281,1.1459,1.1146
lse-aw-cql-seed1-C,cql,5000,12,5000,35d55ba7c60344e4,-78.139533997,33583,82841,33.3064,22.2485,11.058,62.6135,0.17661,1.0067,1.0987,1.0914
lse-aw-cql-seed1-C,cql,5000,13,5000,35d55ba7c60344e4,-78.139533997,29838,52509,34.823,11.6162,23.2069,62.6135,0.37064,0.9878,1.1427,1.1568
lse-aw-cql-seed1-C,cql,5000,14,5000,35d55ba7c60344e4,-78.139533997,36307,14110,35.6917,15.7867,19.905,62.6135,0.3179,1.044,1.3441,1.2874
lse-aw-cql-seed1-C,cql,6000,0,6000,837788dc752322d9,-99.519683838,237311,68413,60.9948,36.0616,24.9332,64.6758,0.38551,0.8639,1.3107,1.5173
lse-aw-cql-seed1-C,cql,6000,2,6000,837788dc752322d9,-99.519683838,168808,33814,47.3574,29.5316,17.8257,64.6758,0.27562,0.9087,1.0976,1.2079
lse-aw-cql-seed1-C,cql,6000,4,6000,837788dc752322d9,-99.519683838,35214,133999,30.5188,16.3288,14.19,64.6758,0.2194,0.9665,1.0562,1.0928
lse-aw-cql-seed1-C,cql,6000,5,6000,837788dc752322d9,-99.519683838,40938,30344,30.6707,10.4503,20.2204,64.6758,0.31264,1.0316,1.2291,1.1914
lse-aw-cql-seed1-C,cql,6000,6,6000,837788dc752322d9,-99.519683838,51996,11915,38.7133,23.3383,15.375,64.6758,0.23772,1.0235,1.2567,1.2278
lse-aw-cql-seed1-C,cql,6000,7,6000,837788dc752322d9,-99.519683838,64933,19513,38.0806,28.6877,9.3929,64.6758,0.14523,0.9687,1.1885,1.2268
lse-aw-cql-seed1-C,cql,6000,11,6000,837788dc752322d9,-99.519683838,76763,39227,34.0067,23.6001,10.4066,64.6758,0.1609,1.0108,1.1269,1.1148
lse-aw-cql-seed1-C,cql,6000,12,6000,837788dc752322d9,-99.519683838,33583,82841,34.0257,22.2159,11.8098,64.6758,0.1826,0.9943,1.0776,1.0838
lse-aw-cql-seed1-C,cql,6000,13,6000,837788dc752322d9,-99.519683838,29838,52509,36.1279,11.9909,24.137,64.6758,0.3732,1.0077,1.1455,1.1367
lse-aw-cql-seed1-C,cql,6000,14,6000,837788dc752322d9,-99.519683838,36307,14110,39.2219,17.2394,21.9825,64.6758,0.33989,1.0615,1.3576,1.279
lse-aw-cql-seed1-C,cql,7000,0,7000,5d90d4124960443d,-107.332771301,237311,68413,58.0425,35.4013,22.6413,61.5059,0.36812,0.864,1.3227,1.5309
lse-aw-cql-seed1-C,cql,7000,2,7000,5d90d4124960443d,-107.332771301,168808,33814,45.9481,28.7939,17.1542,61.5059,0.2789,0.9092,1.1086,1.2193
lse-aw-cql-seed1-C,cql,7000,4,7000,5d90d4124960443d,-107.332771301,35214,133999,30.1484,16.2247,13.9236,61.5059,0.22638,0.9219,1.027,1.114
lse-aw-cql-seed1-C,cql,7000,5,7000,5d90d4124960443d,-107.332771301,40938,30344,29.1728,10.8548,18.318,61.5059,0.29783,0.9818,1.1861,1.2081
lse-aw-cql-seed1-C,cql,7000,6,7000,5d90d4124960443d,-107.332771301,51996,11915,37.1612,21.9508,15.2104,61.5059,0.2473,0.99,1.2331,1.2456
lse-aw-cql-seed1-C,cql,7000,7,7000,5d90d4124960443d,-107.332771301,64933,19513,36.675,27.5483,9.1268,61.5059,0.14839,0.9632,1.1924,1.2379
lse-aw-cql-seed1-C,cql,7000,11,7000,5d90d4124960443d,-107.332771301,76763,39227,33.8536,23.109,10.7446,61.5059,0.17469,1.001,1.1281,1.1269
lse-aw-cql-seed1-C,cql,7000,12,7000,5d90d4124960443d,-107.332771301,33583,82841,33.4464,22.0209,11.4255,61.5059,0.18576,0.9753,1.0682,1.0953
lse-aw-cql-seed1-C,cql,7000,13,7000,5d90d4124960443d,-107.332771301,29838,52509,34.7541,12.7332,22.0209,61.5059,0.35803,0.9555,1.1125,1.1643
lse-aw-cql-seed1-C,cql,7000,14,7000,5d90d4124960443d,-107.332771301,36307,14110,37.7248,16.2623,21.4625,61.5059,0.34895,1.0074,1.3225,1.3128
lse-aw-cql-seed1-C,cql,8000,0,8000,bb1226fb63dce1e5,-117.585067749,237311,68413,57.2023,36.6247,20.5775,60.417,0.34059,0.8593,1.3311,1.549
lse-aw-cql-seed1-C,cql,8000,2,8000,bb1226fb63dce1e5,-117.585067749,168808,33814,44.6272,28.4987,16.1285,60.417,0.26695,0.9067,1.1129,1.2275
lse-aw-cql-seed1-C,cql,8000,4,8000,bb1226fb63dce1e5,-117.585067749,35214,133999,27.9023,16.2901,11.6122,60.417,0.1922,0.9095,1.0187,1.1201
lse-aw-cql-seed1-C,cql,8000,5,8000,bb1226fb63dce1e5,-117.585067749,40938,30344,27.4064,10.6012,16.8052,60.417,0.27815,0.9607,1.1752,1.2233
lse-aw-cql-seed1-C,cql,8000,6,8000,bb1226fb63dce1e5,-117.585067749,51996,11915,35.586,21.1099,14.4761,60.417,0.2396,0.9795,1.2174,1.2429
lse-aw-cql-seed1-C,cql,8000,7,8000,bb1226fb63dce1e5,-117.585067749,64933,19513,35.2292,27.0997,8.1295,60.417,0.13456,0.9494,1.1828,1.2457
lse-aw-cql-seed1-C,cql,8000,11,8000,bb1226fb63dce1e5,-117.585067749,76763,39227,32.4116,21.9667,10.445,60.417,0.17288,0.9903,1.1108,1.1217
lse-aw-cql-seed1-C,cql,8000,12,8000,bb1226fb63dce1e5,-117.585067749,33583,82841,32.0837,21.4073,10.6764,60.417,0.17671,0.9642,1.053,1.092
lse-aw-cql-seed1-C,cql,8000,13,8000,bb1226fb63dce1e5,-117.585067749,29838,52509,32.7896,12.1288,20.6608,60.417,0.34197,0.9405,1.0981,1.1675
lse-aw-cql-seed1-C,cql,8000,14,8000,bb1226fb63dce1e5,-117.585067749,36307,14110,36.7773,16.2031,20.5742,60.417,0.34054,0.9963,1.3079,1.3128
lse-aw-cql-seed1-C,cql,9000,0,9000,0db99a61d8d7c422,-132.723098755,237311,68413,56.9875,37.1274,19.8601,60.7636,0.32684,0.8579,1.333,1.5538
lse-aw-cql-seed1-C,cql,9000,2,9000,0db99a61d8d7c422,-132.723098755,168808,33814,43.864,28.5535,15.3105,60.7636,0.25197,0.9081,1.1121,1.2247
lse-aw-cql-seed1-C,cql,9000,4,9000,0db99a61d8d7c422,-132.723098755,35214,133999,25.765,15.2719,10.4932,60.7636,0.17269,0.9179,1.0185,1.1096
lse-aw-cql-seed1-C,cql,9000,5,9000,0db99a61d8d7c422,-132.723098755,40938,30344,25.6786,9.2779,16.4007,60.7636,0.26991,0.9751,1.1718,1.2016
lse-aw-cql-seed1-C,cql,9000,6,9000,0db99a61d8d7c422,-132.723098755,51996,11915,34.5507,21.9013,12.6494,60.7636,0.20817,0.9869,1.2243,1.2406
lse-aw-cql-seed1-C,cql,9000,7,9000,0db99a61d8d7c422,-132.723098755,64933,19513,34.5776,27.6589,6.9187,60.7636,0.11386,0.945,1.1923,1.2616
lse-aw-cql-seed1-C,cql,9000,11,9000,0db99a61d8d7c422,-132.723098755,76763,39227,32.077,21.9582,10.1188,60.7636,0.16653,0.9829,1.1056,1.1248
lse-aw-cql-seed1-C,cql,9000,12,9000,0db99a61d8d7c422,-132.723098755,33583,82841,30.9601,20.3159,10.6442,60.7636,0.17517,0.9665,1.0557,1.0922
lse-aw-cql-seed1-C,cql,9000,13,9000,0db99a61d8d7c422,-132.723098755,29838,52509,30.3609,10.5077,19.8532,60.7636,0.32673,0.9507,1.0993,1.1563
lse-aw-cql-seed1-C,cql,9000,14,9000,0db99a61d8d7c422,-132.723098755,36307,14110,35.2572,14.4284,20.8289,60.7636,0.34279,0.9973,1.294,1.2975
lse-aw-cql-seed1-C,cql,10000,0,10000,60df0454f04974ba,-145.221725464,237311,68413,54.2557,35.6353,18.6204,58.2643,0.31958,0.8607,1.3442,1.5618
lse-aw-cql-seed1-C,cql,10000,2,10000,60df0454f04974ba,-145.221725464,168808,33814,42.6764,26.9681,15.7083,58.2643,0.2696,0.903,1.1107,1.23
lse-aw-cql-seed1-C,cql,10000,4,10000,60df0454f04974ba,-145.221725464,35214,133999,23.361,15.2555,8.1055,58.2643,0.13912,0.9064,1.0114,1.1158
lse-aw-cql-seed1-C,cql,10000,5,10000,60df0454f04974ba,-145.221725464,40938,30344,23.9176,9.4035,14.514,58.2643,0.24911,0.9559,1.1629,1.2166
lse-aw-cql-seed1-C,cql,10000,6,10000,60df0454f04974ba,-145.221725464,51996,11915,33.5194,20.1782,13.3412,58.2643,0.22898,0.9757,1.2127,1.2429
lse-aw-cql-seed1-C,cql,10000,7,10000,60df0454f04974ba,-145.221725464,64933,19513,32.6311,25.896,6.7351,58.2643,0.1156,0.9445,1.177,1.2461
lse-aw-cql-seed1-C,cql,10000,11,10000,60df0454f04974ba,-145.221725464,76763,39227,30.7962,21.5547,9.2414,58.2643,0.15861,0.9875,1.102,1.1159
lse-aw-cql-seed1-C,cql,10000,12,10000,60df0454f04974ba,-145.221725464,33583,82841,29.9354,20.3994,9.5359,58.2643,0.16367,0.9632,1.0496,1.0897
lse-aw-cql-seed1-C,cql,10000,13,10000,60df0454f04974ba,-145.221725464,29838,52509,29.7023,11.4401,18.2622,58.2643,0.31344,0.9335,1.0922,1.17
lse-aw-cql-seed1-C,cql,10000,14,10000,60df0454f04974ba,-145.221725464,36307,14110,35.3998,13.9497,21.4501,58.2643,0.36815,0.9817,1.3004,1.3247
lse-aw-cql-seed1-C,cql,11000,0,11000,53126689d62520ed,-159.959030151,237311,68413,53.988,34.8552,19.1328,58.8643,0.32503,0.8561,1.3421,1.5676
lse-aw-cql-seed1-C,cql,11000,2,11000,53126689d62520ed,-159.959030151,168808,33814,41.9081,27.098,14.81,58.8643,0.2516,0.9014,1.1097,1.2311
lse-aw-cql-seed1-C,cql,11000,4,11000,53126689d62520ed,-159.959030151,35214,133999,25.0459,15.1575,9.8883,58.8643,0.16799,0.917,1.0123,1.104
lse-aw-cql-seed1-C,cql,11000,5,11000,53126689d62520ed,-159.959030151,40938,30344,25.2518,9.2232,16.0286,58.8643,0.2723,0.9712,1.158,1.1924
lse-aw-cql-seed1-C,cql,11000,6,11000,53126689d62520ed,-159.959030151,51996,11915,31.7593,19.7835,11.9758,58.8643,0.20345,0.9776,1.2113,1.2391
lse-aw-cql-seed1-C,cql,11000,7,11000,53126689d62520ed,-159.959030151,64933,19513,31.2735,25.3406,5.9329,58.8643,0.10079,0.9435,1.1787,1.2492
lse-aw-cql-seed1-C,cql,11000,11,11000,53126689d62520ed,-159.959030151,76763,39227,29.9137,21.2537,8.66,58.8643,0.14712,0.986,1.1073,1.123
lse-aw-cql-seed1-C,cql,11000,12,11000,53126689d62520ed,-159.959030151,33583,82841,29.0328,19.5936,9.4393,58.8643,0.16036,0.9655,1.0522,1.0898
lse-aw-cql-seed1-C,cql,11000,13,11000,53126689d62520ed,-159.959030151,29838,52509,30.8469,11.1332,19.7137,58.8643,0.3349,0.9458,1.0926,1.1552
lse-aw-cql-seed1-C,cql,11000,14,11000,53126689d62520ed,-159.959030151,36307,14110,35.5319,14.5135,21.0184,58.8643,0.35707,0.9876,1.2782,1.2942
lse-aw-cql-seed1-C,cql,12000,0,12000,c8240f4184a484a6,-175.608581543,237311,68413,52.463,34.3983,18.0647,57.3261,0.31512,0.8543,1.3381,1.5663
lse-aw-cql-seed1-C,cql,12000,2,12000,c8240f4184a484a6,-175.608581543,168808,33814,40.3012,26.2323,14.069,57.3261,0.24542,0.9021,1.1045,1.2244
lse-aw-cql-seed1-C,cql,12000,4,12000,c8240f4184a484a6,-175.608581543,35214,133999,23.0144,14.2709,8.7435,57.3261,0.15252,0.9095,1.0054,1.1055
lse-aw-cql-seed1-C,cql,12000,5,12000,c8240f4184a484a6,-175.608581543,40938,30344,22.1284,8.4842,13.6443,57.3261,0.23801,0.9539,1.1457,1.2011
lse-aw-cql-seed1-C,cql,12000,6,12000,c8240f4184a484a6,-175.608581543,51996,11915,29.6432,17.3449,12.2983,57.3261,0.21453,0.97,1.1959,1.2329
lse-aw-cql-seed1-C,cql,12000,7,12000,c8240f4184a484a6,-175.608581543,64933,19513,30.0707,23.9895,6.0812,57.3261,0.10608,0.9382,1.1697,1.2467
lse-aw-cql-seed1-C,cql,12000,11,12000,c8240f4184a484a6,-175.608581543,76763,39227,28.1543,19.6534,8.5009,57.3261,0.14829,0.982,1.0964,1.1165
lse-aw-cql-seed1-C,cql,12000,12,12000,c8240f4184a484a6,-175.608581543,33583,82841,28.4459,18.7156,9.7303,57.3261,0.16974,0.9604,1.0423,1.0853
lse-aw-cql-seed1-C,cql,12000,13,12000,c8240f4184a484a6,-175.608581543,29838,52509,28.7363,10.3451,18.3912,57.3261,0.32082,0.9354,1.0797,1.1543
lse-aw-cql-seed1-C,cql,12000,14,12000,c8240f4184a484a6,-175.608581543,36307,14110,33.9546,12.6748,21.2799,57.3261,0.37121,0.978,1.2673,1.2959
lse-aw-cql-seed1-C,cql,13000,0,13000,db4f2b0242e88b90,-198.005966187,237311,68413,51.3218,33.9046,17.4172,55.799,0.31214,0.8534,1.3206,1.5474
lse-aw-cql-seed1-C,cql,13000,2,13000,db4f2b0242e88b90,-198.005966187,168808,33814,39.9167,25.8567,14.06,55.799,0.25198,0.8976,1.0946,1.2194
lse-aw-cql-seed1-C,cql,13000,4,13000,db4f2b0242e88b90,-198.005966187,35214,133999,20.4354,14.9185,5.5169,55.799,0.09887,0.9072,1.0058,1.1087
lse-aw-cql-seed1-C,cql,13000,5,13000,db4f2b0242e88b90,-198.005966187,40938,30344,20.2338,9.2122,11.0216,55.799,0.19752,0.955,1.1437,1.1976
lse-aw-cql-seed1-C,cql,13000,6,13000,db4f2b0242e88b90,-198.005966187,51996,11915,29.4878,17.771,11.7168,55.799,0.20998,0.9671,1.2003,1.2412
lse-aw-cql-seed1-C,cql,13000,7,13000,db4f2b0242e88b90,-198.005966187,64933,19513,29.3218,22.6196,6.7022,55.799,0.12011,0.9336,1.1658,1.2487
lse-aw-cql-seed1-C,cql,13000,11,13000,db4f2b0242e88b90,-198.005966187,76763,39227,27.7548,19.9197,7.8351,55.799,0.14042,0.9758,1.0938,1.1209
lse-aw-cql-seed1-C,cql,13000,12,13000,db4f2b0242e88b90,-198.005966187,33583,82841,26.4982,18.6915,7.8067,55.799,0.13991,0.9577,1.0408,1.0868
lse-aw-cql-seed1-C,cql,13000,13,13000,db4f2b0242e88b90,-198.005966187,29838,52509,25.9654,11.2341,14.7313,55.799,0.26401,0.9355,1.0794,1.1538
lse-aw-cql-seed1-C,cql,13000,14,13000,db4f2b0242e88b90,-198.005966187,36307,14110,32.4891,14.9009,17.5881,55.799,0.31521,0.9813,1.2643,1.2883
lse-aw-cql-seed1-C,cql,14000,0,14000,cb7df24fed8f6470,-215.887649536,237311,68413,50.9102,32.0878,18.8224,56.4778,0.33327,0.8532,1.3241,1.552
lse-aw-cql-seed1-C,cql,14000,2,14000,cb7df24fed8f6470,-215.887649536,168808,33814,38.7331,24.9796,13.7535,56.4778,0.24352,0.9012,1.0953,1.2154
lse-aw-cql-seed1-C,cql,14000,4,14000,cb7df24fed8f6470,-215.887649536,35214,133999,19.5456,13.2976,6.248,56.4778,0.11063,0.9077,1.0088,1.1114
lse-aw-cql-seed1-C,cql,14000,5,14000,cb7df24fed8f6470,-215.887649536,40938,30344,19.2013,7.5126,11.6887,56.4778,0.20696,0.9499,1.1443,1.2046
lse-aw-cql-seed1-C,cql,14000,6,14000,cb7df24fed8f6470,-215.887649536,51996,11915,27.4437,17.073,10.3707,56.4778,0.18362,0.9681,1.1944,1.2338
lse-aw-cql-seed1-C,cql,14000,7,14000,cb7df24fed8f6470,-215.887649536,64933,19513,28.0524,21.5717,6.4807,56.4778,0.11475,0.936,1.1683,1.2482
lse-aw-cql-seed1-C,cql,14000,11,14000,cb7df24fed8f6470,-215.887649536,76763,39227,27.2621,18.5831,8.6791,56.4778,0.15367,0.981,1.089,1.1101
lse-aw-cql-seed1-C,cql,14000,12,14000,cb7df24fed8f6470,-215.887649536,33583,82841,26.3268,17.8846,8.4422,56.4778,0.14948,0.9583,1.0399,1.0852
lse-aw-cql-seed1-C,cql,14000,13,14000,cb7df24fed8f6470,-215.887649536,29838,52509,24.688,8.9416,15.7464,56.4778,0.27881,0.9284,1.0772,1.1603
lse-aw-cql-seed1-C,cql,14000,14,14000,cb7df24fed8f6470,-215.887649536,36307,14110,31.7217,12.722,18.9997,56.4778,0.33641,0.976,1.2619,1.2929
lse-aw-cql-seed1-C,cql,15000,0,15000,f748c729b5b4b28c,-234.668579102,237311,68413,50.4188,32.6286,17.7903,55.8182,0.31872,0.8497,1.321,1.5547
lse-aw-cql-seed1-C,cql,15000,2,15000,f748c729b5b4b28c,-234.668579102,168808,33814,38.1452,24.2481,13.8971,55.8182,0.24897,0.8947,1.0897,1.2179
lse-aw-cql-seed1-C,cql,15000,4,15000,f748c729b5b4b28c,-234.668579102,35214,133999,16.6914,13.8339,2.8574,55.8182,0.05119,0.9077,0.9973,1.0986
lse-aw-cql-seed1-C,cql,15000,5,15000,f748c729b5b4b28c,-234.668579102,40938,30344,16.594,7.8694,8.7246,55.8182,0.1563,0.9431,1.1391,1.2078
lse-aw-cql-seed1-C,cql,15000,6,15000,f748c729b5b4b28c,-234.668579102,51996,11915,26.6692,16.1955,10.4737,55.8182,0.18764,0.9643,1.1989,1.2433
lse-aw-cql-seed1-C,cql,15000,7,15000,f748c729b5b4b28c,-234.668579102,64933,19513,26.7587,21.2797,5.479,55.8182,0.09816,0.9332,1.167,1.2505
lse-aw-cql-seed1-C,cql,15000,11,15000,f748c729b5b4b28c,-234.668579102,76763,39227,26.2203,18.8284,7.392,55.8182,0.13243,0.9779,1.0908,1.1154
lse-aw-cql-seed1-C,cql,15000,12,15000,f748c729b5b4b28c,-234.668579102,33583,82841,24.6851,17.6114,7.0738,55.8182,0.12673,0.9582,1.0401,1.0855
lse-aw-cql-seed1-C,cql,15000,13,15000,f748c729b5b4b28c,-234.668579102,29838,52509,23.6612,9.9084,13.7529,55.8182,0.24639,0.926,1.0774,1.1635
lse-aw-cql-seed1-C,cql,15000,14,15000,f748c729b5b4b28c,-234.668579102,36307,14110,30.6636,13.3683,17.2953,55.8182,0.30985,0.9666,1.2593,1.3028
lse-aw-cql-seed1-C,cql,16000,0,16000,0870b98a6e0a82b3,-259.414672852,237311,68413,50.088,32.5796,17.5084,55.0849,0.31784,0.8508,1.3266,1.5593
lse-aw-cql-seed1-C,cql,16000,2,16000,0870b98a6e0a82b3,-259.414672852,168808,33814,36.8701,23.8646,13.0054,55.0849,0.2361,0.8955,1.086,1.2127
lse-aw-cql-seed1-C,cql,16000,4,16000,0870b98a6e0a82b3,-259.414672852,35214,133999,17.2379,13.6852,3.5527,55.0849,0.0645,0.9074,0.9996,1.1017
lse-aw-cql-seed1-C,cql,16000,5,16000,0870b98a6e0a82b3,-259.414672852,40938,30344,16.8018,8.2679,8.5339,55.0849,0.15492,0.9483,1.1413,1.2035
lse-aw-cql-seed1-C,cql,16000,6,16000,0870b98a6e0a82b3,-259.414672852,51996,11915,26.7901,17.6778,9.1123,55.0849,0.16542,0.9659,1.1895,1.2315
lse-aw-cql-seed1-C,cql,16000,7,16000,0870b98a6e0a82b3,-259.414672852,64933,19513,26.0137,21.6895,4.3242,55.0849,0.0785,0.9283,1.147,1.2356
lse-aw-cql-seed1-C,cql,16000,11,16000,0870b98a6e0a82b3,-259.414672852,76763,39227,24.7927,18.1896,6.6031,55.0849,0.11987,0.9729,1.0807,1.1109
lse-aw-cql-seed1-C,cql,16000,12,16000,0870b98a6e0a82b3,-259.414672852,33583,82841,24.2438,17.2923,6.9514,55.0849,0.1262,0.9558,1.0377,1.0857
lse-aw-cql-seed1-C,cql,16000,13,16000,0870b98a6e0a82b3,-259.414672852,29838,52509,22.9784,9.6739,13.3045,55.0849,0.24153,0.93,1.0806,1.1619
lse-aw-cql-seed1-C,cql,16000,14,16000,0870b98a6e0a82b3,-259.414672852,36307,14110,29.6375,12.7817,16.8558,55.0849,0.306,0.9749,1.261,1.2934
lse-aw-cql-seed1-C,cql,17000,0,17000,e1d690ba1a7169ad,-276.277862549,237311,68413,49.8589,31.0846,18.7743,55.4036,0.33886,0.851,1.304,1.5323
lse-aw-cql-seed1-C,cql,17000,2,17000,e1d690ba1a7169ad,-276.277862549,168808,33814,36.6346,23.7958,12.8388,55.4036,0.23173,0.8995,1.0824,1.2033
lse-aw-cql-seed1-C,cql,17000,4,17000,e1d690ba1a7169ad,-276.277862549,35214,133999,15.1513,12.8487,2.3026,55.4036,0.04156,0.9034,0.9938,1.1
lse-aw-cql-seed1-C,cql,17000,5,17000,e1d690ba1a7169ad,-276.277862549,40938,30344,15.1873,7.1641,8.0231,55.4036,0.14481,0.9472,1.1213,1.1838
lse-aw-cql-seed1-C,cql,17000,6,17000,e1d690ba1a7169ad,-276.277862549,51996,11915,24.6587,15.7102,8.9485,55.4036,0.16151,0.9619,1.1801,1.2268
lse-aw-cql-seed1-C,cql,17000,7,17000,e1d690ba1a7169ad,-276.277862549,64933,19513,24.9597,20.6041,4.3556,55.4036,0.07862,0.9295,1.1514,1.2387
lse-aw-cql-seed1-C,cql,17000,11,17000,e1d690ba1a7169ad,-276.277862549,76763,39227,24.1678,17.7047,6.4631,55.4036,0.11666,0.971,1.0788,1.1109
lse-aw-cql-seed1-C,cql,17000,12,17000,e1d690ba1a7169ad,-276.277862549,33583,82841,21.6919,16.0668,5.6251,55.4036,0.10153,0.9533,1.032,1.0825
lse-aw-cql-seed1-C,cql,17000,13,17000,e1d690ba1a7169ad,-276.277862549,29838,52509,21.5288,8.6111,12.9177,55.4036,0.23316,0.9256,1.0631,1.1486
lse-aw-cql-seed1-C,cql,17000,14,17000,e1d690ba1a7169ad,-276.277862549,36307,14110,27.7681,10.9393,16.8288,55.4036,0.30375,0.9665,1.2338,1.2765
lse-aw-cql-seed1-C,cql,18000,0,18000,8543596da92a3dfa,-297.559875488,237311,68413,48.2322,31.1988,17.0334,54.4326,0.31293,0.8487,1.3035,1.5359
lse-aw-cql-seed1-C,cql,18000,2,18000,8543596da92a3dfa,-297.559875488,168808,33814,35.9622,23.2503,12.7119,54.4326,0.23353,0.8969,1.0793,1.2034
lse-aw-cql-seed1-C,cql,18000,4,18000,8543596da92a3dfa,-297.559875488,35214,133999,14.8512,12.807,2.0442,54.4326,0.03756,0.8969,0.9973,1.1119
lse-aw-cql-seed1-C,cql,18000,5,18000,8543596da92a3dfa,-297.559875488,40938,30344,13.4496,7.2966,6.153,54.4326,0.11304,0.9395,1.1289,1.2017
lse-aw-cql-seed1-C,cql,18000,6,18000,8543596da92a3dfa,-297.559875488,51996,11915,23.4435,15.293,8.1504,54.4326,0.14973,0.9632,1.1821,1.2272
lse-aw-cql-seed1-C,cql,18000,7,18000,8543596da92a3dfa,-297.559875488,64933,19513,23.6433,20.0521,3.5912,54.4326,0.06597,0.9315,1.156,1.241
lse-aw-cql-seed1-C,cql,18000,11,18000,8543596da92a3dfa,-297.559875488,76763,39227,23.7438,16.8173,6.9265,54.4326,0.12725,0.9728,1.0755,1.1056
lse-aw-cql-seed1-C,cql,18000,12,18000,8543596da92a3dfa,-297.559875488,33583,82841,22.4924,16.5582,5.9343,54.4326,0.10902,0.9536,1.0318,1.082
lse-aw-cql-seed1-C,cql,18000,13,18000,8543596da92a3dfa,-297.559875488,29838,52509,20.9872,9.1641,11.823,54.4326,0.2172,0.9175,1.0696,1.1658
lse-aw-cql-seed1-C,cql,18000,14,18000,8543596da92a3dfa,-297.559875488,36307,14110,27.5476,11.7278,15.8198,54.4326,0.29063,0.9635,1.2492,1.2966
lse-aw-cql-seed1-C,cql,19000,0,19000,2c7f3d420b62134d,-313.767242432,237311,68413,47.9692,29.876,18.0932,54.3932,0.33264,0.8509,1.3044,1.5329
lse-aw-cql-seed1-C,cql,19000,2,19000,2c7f3d420b62134d,-313.767242432,168808,33814,35.103,22.1702,12.9328,54.3932,0.23777,0.8966,1.08,1.2045
lse-aw-cql-seed1-C,cql,19000,4,19000,2c7f3d420b62134d,-313.767242432,35214,133999,10.3862,11.1984,-0.8122,54.3932,-0.01493,0.9013,0.9931,1.1018
lse-aw-cql-seed1-C,cql,19000,5,19000,2c7f3d420b62134d,-313.767242432,40938,30344,11.1524,6.5979,4.5545,54.3932,0.08373,0.9384,1.1217,1.1954
lse-aw-cql-seed1-C,cql,19000,6,19000,2c7f3d420b62134d,-313.767242432,51996,11915,23.0608,14.8503,8.2105,54.3932,0.15095,0.9625,1.1768,1.2226
lse-aw-cql-seed1-C,cql,19000,7,19000,2c7f3d420b62134d,-313.767242432,64933,19513,23.5688,19.5696,3.9992,54.3932,0.07352,0.9305,1.1447,1.2301
lse-aw-cql-seed1-C,cql,19000,11,19000,2c7f3d420b62134d,-313.767242432,76763,39227,23.383,17.2325,6.1505,54.3932,0.11308,0.9726,1.0776,1.1079
lse-aw-cql-seed1-C,cql,19000,12,19000,2c7f3d420b62134d,-313.767242432,33583,82841,19.9725,15.0861,4.8864,54.3932,0.08984,0.9547,1.0314,1.0803
lse-aw-cql-seed1-C,cql,19000,13,19000,2c7f3d420b62134d,-313.767242432,29838,52509,19.4368,8.4826,10.9543,54.3932,0.20139,0.922,1.0662,1.1564
lse-aw-cql-seed1-C,cql,19000,14,19000,2c7f3d420b62134d,-313.767242432,36307,14110,25.9895,10.8343,15.1552,54.3932,0.27862,0.9636,1.2385,1.2852
lse-aw-cql-seed1-C,cql,20000,0,20000,eb5c7bffd938f2db,-339.311889648,237311,68413,48.0088,30.2218,17.787,54.6763,0.32531,0.8499,1.2973,1.5264
lse-aw-cql-seed1-C,cql,20000,2,20000,eb5c7bffd938f2db,-339.311889648,168808,33814,35.2796,22.9842,12.2955,54.6763,0.22488,0.8966,1.0844,1.2095
lse-aw-cql-seed1-C,cql,20000,4,20000,eb5c7bffd938f2db,-339.311889648,35214,133999,11.7445,11.9304,-0.186,54.6763,-0.0034,0.902,0.9923,1.1001
lse-aw-cql-seed1-C,cql,20000,5,20000,eb5c7bffd938f2db,-339.311889648,40938,30344,11.5632,6.3454,5.2178,54.6763,0.09543,0.9369,1.118,1.1933
lse-aw-cql-seed1-C,cql,20000,6,20000,eb5c7bffd938f2db,-339.311889648,51996,11915,21.2217,13.9687,7.2529,54.6763,0.13265,0.9562,1.1644,1.2177
lse-aw-cql-seed1-C,cql,20000,7,20000,eb5c7bffd938f2db,-339.311889648,64933,19513,22.1358,18.4038,3.732,54.6763,0.06826,0.9304,1.1376,1.2228
lse-aw-cql-seed1-C,cql,20000,11,20000,eb5c7bffd938f2db,-339.311889648,76763,39227,22.6723,16.8975,5.7748,54.6763,0.10562,0.9739,1.0765,1.1053
lse-aw-cql-seed1-C,cql,20000,12,20000,eb5c7bffd938f2db,-339.311889648,33583,82841,20.2793,15.6169,4.6624,54.6763,0.08527,0.9524,1.0292,1.0806
lse-aw-cql-seed1-C,cql,20000,13,20000,eb5c7bffd938f2db,-339.311889648,29838,52509,19.3163,8.802,10.5143,54.6763,0.1923,0.9192,1.0647,1.1584
lse-aw-cql-seed1-C,cql,20000,14,20000,eb5c7bffd938f2db,-339.311889648,36307,14110,26.0267,11.1093,14.9174,54.6763,0.27283,0.9574,1.2349,1.2898
lse-aw-cql-seed1-C,cql,21000,0,21000,0934220372ddae59,-358.157165527,237311,68413,47.2136,30.0558,17.1578,54.8782,0.31265,0.8512,1.2936,1.5198
lse-aw-cql-seed1-C,cql,21000,2,21000,0934220372ddae59,-358.157165527,168808,33814,34.8871,22.3753,12.5118,54.8782,0.22799,0.8967,1.0796,1.204
lse-aw-cql-seed1-C,cql,21000,4,21000,0934220372ddae59,-358.157165527,35214,133999,9.1762,11.933,-2.7568,54.8782,-0.05023,0.9063,0.9973,1.1005
lse-aw-cql-seed1-C,cql,21000,5,21000,0934220372ddae59,-358.157165527,40938,30344,9.6379,6.2649,3.373,54.8782,0.06146,0.9355,1.1183,1.1953
lse-aw-cql-seed1-C,cql,21000,6,21000,0934220372ddae59,-358.157165527,51996,11915,21.0354,14.0349,7.0005,54.8782,0.12756,0.9571,1.1705,1.223
lse-aw-cql-seed1-C,cql,21000,7,21000,0934220372ddae59,-358.157165527,64933,19513,21.7482,18.6614,3.0868,54.8782,0.05625,0.9326,1.1401,1.2225
lse-aw-cql-seed1-C,cql,21000,11,21000,0934220372ddae59,-358.157165527,76763,39227,21.0068,16.1358,4.8711,54.8782,0.08876,0.9757,1.0777,1.1045
lse-aw-cql-seed1-C,cql,21000,12,21000,0934220372ddae59,-358.157165527,33583,82841,18.0562,14.8239,3.2324,54.8782,0.0589,0.9542,1.0296,1.0791
lse-aw-cql-seed1-C,cql,21000,13,21000,0934220372ddae59,-358.157165527,29838,52509,15.2696,7.757,7.5125,54.8782,0.13689,0.9181,1.0628,1.1577
lse-aw-cql-seed1-C,cql,21000,14,21000,0934220372ddae59,-358.157165527,36307,14110,24.9277,10.227,14.7007,54.8782,0.26788,0.9549,1.2333,1.2916
lse-aw-cql-seed1-C,cql,22000,0,22000,450785a866b043e4,-371.961456299,237311,68413,46.6339,29.201,17.4328,54.0018,0.32282,0.8463,1.2917,1.5263
lse-aw-cql-seed1-C,cql,22000,2,22000,450785a866b043e4,-371.961456299,168808,33814,34.2749,21.8306,12.4443,54.0018,0.23044,0.8936,1.076,1.2042
lse-aw-cql-seed1-C,cql,22000,4,22000,450785a866b043e4,-371.961456299,35214,133999,10.6067,11.7648,-1.1581,54.0018,-0.02145,0.8994,0.9924,1.1034
lse-aw-cql-seed1-C,cql,22000,5,22000,450785a866b043e4,-371.961456299,40938,30344,11.5388,6.5573,4.9815,54.0018,0.09225,0.9369,1.1175,1.1928
lse-aw-cql-seed1-C,cql,22000,6,22000,450785a866b043e4,-371.961456299,51996,11915,21.1573,13.9986,7.1587,54.0018,0.13256,0.9553,1.1669,1.2216
lse-aw-cql-seed1-C,cql,22000,7,22000,450785a866b043e4,-371.961456299,64933,19513,21.0302,17.6557,3.3745,54.0018,0.06249,0.9241,1.1307,1.2236
lse-aw-cql-seed1-C,cql,22000,11,22000,450785a866b043e4,-371.961456299,76763,39227,21.8628,16.0315,5.8313,54.0018,0.10798,0.9686,1.0686,1.1033
lse-aw-cql-seed1-C,cql,22000,12,22000,450785a866b043e4,-371.961456299,33583,82841,18.4163,14.6425,3.7737,54.0018,0.06988,0.9487,1.0254,1.0808
lse-aw-cql-seed1-C,cql,22000,13,22000,450785a866b043e4,-371.961456299,29838,52509,17.4792,8.1919,9.2873,54.0018,0.17198,0.9164,1.0597,1.1563
lse-aw-cql-seed1-C,cql,22000,14,22000,450785a866b043e4,-371.961456299,36307,14110,25.7374,10.7833,14.9541,54.0018,0.27692,0.9587,1.2315,1.2845
lse-aw-cql-seed1-C,cql,23000,0,23000,3306896165c0dd7c,-397.220367432,237311,68413,46.0437,27.9813,18.0624,53.6534,0.33665,0.8484,1.2833,1.5126
lse-aw-cql-seed1-C,cql,23000,2,23000,3306896165c0dd7c,-397.220367432,168808,33814,35.2032,22.8982,12.305,53.6534,0.22934,0.895,1.0723,1.1981
lse-aw-cql-seed1-C,cql,23000,4,23000,3306896165c0dd7c,-397.220367432,35214,133999,9.0459,11.3913,-2.3454,53.6534,-0.04371,0.8983,0.9858,1.0974
lse-aw-cql-seed1-C,cql,23000,5,23000,3306896165c0dd7c,-397.220367432,40938,30344,8.5755,6.142,2.4335,53.6534,0.04536,0.9363,1.1104,1.1859
lse-aw-cql-seed1-C,cql,23000,6,23000,3306896165c0dd7c,-397.220367432,51996,11915,19.1806,13.9222,5.2584,53.6534,0.09801,0.9547,1.158,1.213
lse-aw-cql-seed1-C,cql,23000,7,23000,3306896165c0dd7c,-397.220367432,64933,19513,20.2034,17.3267,2.8767,53.6534,0.05362,0.9289,1.1278,1.2142
lse-aw-cql-seed1-C,cql,23000,11,23000,3306896165c0dd7c,-397.220367432,76763,39227,21.315,16.137,5.178,53.6534,0.09651,0.9719,1.0674,1.0983
lse-aw-cql-seed1-C,cql,23000,12,23000,3306896165c0dd7c,-397.220367432,33583,82841,18.2707,14.8246,3.4461,53.6534,0.06423,0.95,1.0255,1.0794
lse-aw-cql-seed1-C,cql,23000,13,23000,3306896165c0dd7c,-397.220367432,29838,52509,16.829,8.0626,8.7664,53.6534,0.16339,0.9149,1.0581,1.1565
lse-aw-cql-seed1-C,cql,23000,14,23000,3306896165c0dd7c,-397.220367432,36307,14110,24.5459,10.8004,13.7455,53.6534,0.25619,0.958,1.2369,1.2911
lse-aw-cql-seed1-C,cql,24000,0,24000,4b1125c1e77745b3,-423.132141113,237311,68413,44.9806,26.5762,18.4044,53.2738,0.34547,0.8449,1.282,1.5173
lse-aw-cql-seed1-C,cql,24000,2,24000,4b1125c1e77745b3,-423.132141113,168808,33814,33.9588,21.5337,12.4251,53.2738,0.23323,0.8923,1.0671,1.1958
lse-aw-cql-seed1-C,cql,24000,4,24000,4b1125c1e77745b3,-423.132141113,35214,133999,8.0395,11.2021,-3.1626,53.2738,-0.05936,0.9032,0.9894,1.0955
lse-aw-cql-seed1-C,cql,24000,5,24000,4b1125c1e77745b3,-423.132141113,40938,30344,8.7031,5.9294,2.7736,53.2738,0.05206,0.933,1.1105,1.1903
lse-aw-cql-seed1-C,cql,24000,6,24000,4b1125c1e77745b3,-423.132141113,51996,11915,18.8002,13.0837,5.7166,53.2738,0.10731,0.9537,1.1602,1.2165
lse-aw-cql-seed1-C,cql,24000,7,24000,4b1125c1e77745b3,-423.132141113,64933,19513,19.4697,16.4209,3.0488,53.2738,0.05723,0.9212,1.1244,1.2206
lse-aw-cql-seed1-C,cql,24000,11,24000,4b1125c1e77745b3,-423.132141113,76763,39227,19.4905,15.1482,4.3422,53.2738,0.08151,0.9673,1.0623,1.0982
lse-aw-cql-seed1-C,cql,24000,12,24000,4b1125c1e77745b3,-423.132141113,33583,82841,17.1393,14.0389,3.1003,53.2738,0.0582,0.9488,1.0238,1.0791
lse-aw-cql-seed1-C,cql,24000,13,24000,4b1125c1e77745b3,-423.132141113,29838,52509,15.3554,8.0075,7.3479,53.2738,0.13793,0.9144,1.0571,1.156
lse-aw-cql-seed1-C,cql,24000,14,24000,4b1125c1e77745b3,-423.132141113,36307,14110,23.2732,10.2009,13.0723,53.2738,0.24538,0.9543,1.2282,1.287
lse-aw-cql-seed1-C,cql,25000,0,25000,a54b661f5e43f694,-446.626403809,237311,68413,44.97,27.6049,17.3651,53.6431,0.32372,0.8456,1.2779,1.5113
lse-aw-cql-seed1-C,cql,25000,2,25000,a54b661f5e43f694,-446.626403809,168808,33814,33.3912,21.2477,12.1435,53.6431,0.22638,0.8931,1.0671,1.1949
lse-aw-cql-seed1-C,cql,25000,4,25000,a54b661f5e43f694,-446.626403809,35214,133999,6.5446,11.0951,-4.5504,53.6431,-0.08483,0.9028,0.9859,1.092
lse-aw-cql-seed1-C,cql,25000,5,25000,a54b661f5e43f694,-446.626403809,40938,30344,7.1386,5.7637,1.3749,53.6431,0.02563,0.9316,1.1065,1.1877
lse-aw-cql-seed1-C,cql,25000,6,25000,a54b661f5e43f694,-446.626403809,51996,11915,18.8071,13.3864,5.4207,53.6431,0.10105,0.9529,1.1586,1.2159
lse-aw-cql-seed1-C,cql,25000,7,25000,a54b661f5e43f694,-446.626403809,64933,19513,19.0922,16.9532,2.139,53.6431,0.03988,0.9263,1.1147,1.2034
lse-aw-cql-seed1-C,cql,25000,11,25000,a54b661f5e43f694,-446.626403809,76763,39227,19.8583,15.4187,4.4396,53.6431,0.08276,0.9701,1.0636,1.0964
lse-aw-cql-seed1-C,cql,25000,12,25000,a54b661f5e43f694,-446.626403809,33583,82841,17.1534,14.0799,3.0735,53.6431,0.0573,0.9508,1.0222,1.0751
lse-aw-cql-seed1-C,cql,25000,13,25000,a54b661f5e43f694,-446.626403809,29838,52509,14.4405,7.8913,6.5492,53.6431,0.12209,0.9128,1.0544,1.1551
lse-aw-cql-seed1-C,cql,25000,14,25000,a54b661f5e43f694,-446.626403809,36307,14110,23.606,10.7999,12.8061,53.6431,0.23873,0.9547,1.2286,1.2869
lse-aw-cql-seed1-C,cql,26000,0,26000,9d74da74029da847,-463.799621582,237311,68413,44.9024,27.1067,17.7957,54.2736,0.32789,0.8444,1.2758,1.5108
lse-aw-cql-seed1-C,cql,26000,2,26000,9d74da74029da847,-463.799621582,168808,33814,32.6929,21.3632,11.3298,54.2736,0.20875,0.892,1.074,1.204
lse-aw-cql-seed1-C,cql,26000,4,26000,9d74da74029da847,-463.799621582,35214,133999,5.016,10.0936,-5.0776,54.2736,-0.09356,0.9051,0.9856,1.089
lse-aw-cql-seed1-C,cql,26000,5,26000,9d74da74029da847,-463.799621582,40938,30344,6.2516,5.3861,0.8655,54.2736,0.01595,0.9346,1.1084,1.186
lse-aw-cql-seed1-C,cql,26000,6,26000,9d74da74029da847,-463.799621582,51996,11915,16.8708,12.2034,4.6674,54.2736,0.086,0.9548,1.1586,1.2134
lse-aw-cql-seed1-C,cql,26000,7,26000,9d74da74029da847,-463.799621582,64933,19513,18.0664,16.8764,1.19,54.2736,0.02193,0.9255,1.121,1.2112
lse-aw-cql-seed1-C,cql,26000,11,26000,9d74da74029da847,-463.799621582,76763,39227,19.178,14.8432,4.3348,54.2736,0.07987,0.9708,1.0673,1.0994
lse-aw-cql-seed1-C,cql,26000,12,26000,9d74da74029da847,-463.799621582,33583,82841,14.7183,13.0048,1.7135,54.2736,0.03157,0.9501,1.0234,1.0771
lse-aw-cql-seed1-C,cql,26000,13,26000,9d74da74029da847,-463.799621582,29838,52509,14.0893,7.2758,6.8135,54.2736,0.12554,0.9127,1.0551,1.1561
lse-aw-cql-seed1-C,cql,26000,14,26000,9d74da74029da847,-463.799621582,36307,14110,22.6581,9.5278,13.1302,54.2736,0.24193,0.9542,1.2284,1.2874
lse-aw-cql-seed1-C,cql,27000,0,27000,9141698ecda0f264,-479.518066406,237311,68413,44.128,26.7426,17.3853,53.9331,0.32235,0.8454,1.2779,1.5117
lse-aw-cql-seed1-C,cql,27000,2,27000,9141698ecda0f264,-479.518066406,168808,33814,32.157,20.8984,11.2586,53.9331,0.20875,0.8919,1.0681,1.1975
lse-aw-cql-seed1-C,cql,27000,4,27000,9141698ecda0f264,-479.518066406,35214,133999,4.7619,10.3508,-5.5889,53.9331,-0.10363,0.8933,0.9834,1.1008
lse-aw-cql-seed1-C,cql,27000,5,27000,9141698ecda0f264,-479.518066406,40938,30344,5.4473,5.3022,0.1451,53.9331,0.00269,0.9299,1.103,1.1861
lse-aw-cql-seed1-C,cql,27000,6,27000,9141698ecda0f264,-479.518066406,51996,11915,16.5918,12.274,4.3178,53.9331,0.08006,0.9548,1.1556,1.2104
lse-aw-cql-seed1-C,cql,27000,7,27000,9141698ecda0f264,-479.518066406,64933,19513,16.0937,15.7759,0.3178,53.9331,0.00589,0.9268,1.1286,1.2177
lse-aw-cql-seed1-C,cql,27000,11,27000,9141698ecda0f264,-479.518066406,76763,39227,18.6751,14.7744,3.9007,53.9331,0.07233,0.9718,1.0672,1.0982
lse-aw-cql-seed1-C,cql,27000,12,27000,9141698ecda0f264,-479.518066406,33583,82841,15.3749,13.439,1.936,53.9331,0.0359,0.9503,1.0243,1.0778
lse-aw-cql-seed1-C,cql,27000,13,27000,9141698ecda0f264,-479.518066406,29838,52509,12.843,7.1911,5.6519,53.9331,0.1048,0.9089,1.0531,1.1587
lse-aw-cql-seed1-C,cql,27000,14,27000,9141698ecda0f264,-479.518066406,36307,14110,21.6775,9.2599,12.4176,53.9331,0.23024,0.9497,1.2179,1.2824
lse-aw-cql-seed1-C,cql,28000,0,28000,4bb52aaf8d4149b7,-502.122528076,237311,68413,44.3537,26.427,17.9268,54.0726,0.33153,0.8456,1.2688,1.5004
lse-aw-cql-seed1-C,cql,28000,2,28000,4bb52aaf8d4149b7,-502.122528076,168808,33814,31.9442,20.3314,11.6129,54.0726,0.21476,0.8916,1.067,1.1967
lse-aw-cql-seed1-C,cql,28000,4,28000,4bb52aaf8d4149b7,-502.122528076,35214,133999,4.2291,9.8951,-5.6659,54.0726,-0.10478,0.9119,0.9869,1.0823
lse-aw-cql-seed1-C,cql,28000,5,28000,4bb52aaf8d4149b7,-502.122528076,40938,30344,5.6469,5.0015,0.6454,54.0726,0.01194,0.9409,1.1097,1.1795
lse-aw-cql-seed1-C,cql,28000,6,28000,4bb52aaf8d4149b7,-502.122528076,51996,11915,16.8479,12.4463,4.4016,54.0726,0.0814,0.9523,1.1537,1.2114
lse-aw-cql-seed1-C,cql,28000,7,28000,4bb52aaf8d4149b7,-502.122528076,64933,19513,17.2052,16.3362,0.869,54.0726,0.01607,0.9227,1.1193,1.2131
lse-aw-cql-seed1-C,cql,28000,11,28000,4bb52aaf8d4149b7,-502.122528076,76763,39227,18.0417,14.5666,3.475,54.0726,0.06427,0.9652,1.0591,1.0973
lse-aw-cql-seed1-C,cql,28000,12,28000,4bb52aaf8d4149b7,-502.122528076,33583,82841,14.246,13.1415,1.1045,54.0726,0.02043,0.9498,1.0214,1.0754
lse-aw-cql-seed1-C,cql,28000,13,28000,4bb52aaf8d4149b7,-502.122528076,29838,52509,13.2013,6.6419,6.5594,54.0726,0.12131,0.9215,1.0567,1.1467
lse-aw-cql-seed1-C,cql,28000,14,28000,4bb52aaf8d4149b7,-502.122528076,36307,14110,22.426,8.9402,13.4858,54.0726,0.2494,0.9557,1.2282,1.2851
lse-aw-cql-seed1-C,cql,29000,0,29000,6d69402e16b4fab4,-519.736022949,237311,68413,43.6092,25.2969,18.3123,54.4554,0.33628,0.8441,1.2684,1.5028
lse-aw-cql-seed1-C,cql,29000,2,29000,6d69402e16b4fab4,-519.736022949,168808,33814,31.3299,19.9006,11.4293,54.4554,0.20988,0.8898,1.0657,1.1976
lse-aw-cql-seed1-C,cql,29000,4,29000,6d69402e16b4fab4,-519.736022949,35214,133999,2.7555,9.6752,-6.9197,54.4554,-0.12707,0.8965,0.9842,1.0978
lse-aw-cql-seed1-C,cql,29000,5,29000,6d69402e16b4fab4,-519.736022949,40938,30344,3.4857,5.1929,-1.7072,54.4554,-0.03135,0.9307,1.1113,1.1941
lse-aw-cql-seed1-C,cql,29000,6,29000,6d69402e16b4fab4,-519.736022949,51996,11915,15.1213,11.2724,3.849,54.4554,0.07068,0.9544,1.1504,1.2053
lse-aw-cql-seed1-C,cql,29000,7,29000,6d69402e16b4fab4,-519.736022949,64933,19513,16.0918,15.6552,0.4366,54.4554,0.00802,0.9276,1.1184,1.2056
lse-aw-cql-seed1-C,cql,29000,11,29000,6d69402e16b4fab4,-519.736022949,76763,39227,18.085,14.3619,3.7231,54.4554,0.06837,0.9695,1.0612,1.0946
lse-aw-cql-seed1-C,cql,29000,12,29000,6d69402e16b4fab4,-519.736022949,33583,82841,13.9211,13.2296,0.6915,54.4554,0.0127,0.9507,1.0234,1.0765
lse-aw-cql-seed1-C,cql,29000,13,29000,6d69402e16b4fab4,-519.736022949,29838,52509,11.7745,6.9756,4.7989,54.4554,0.08813,0.9104,1.0585,1.1626
lse-aw-cql-seed1-C,cql,29000,14,29000,6d69402e16b4fab4,-519.736022949,36307,14110,20.5138,9.0013,11.5124,54.4554,0.21141,0.9525,1.2329,1.2943
lse-aw-cql-seed1-C,cql,30000,0,30000,d0fdce5ab45e37d2,-536.888305664,237311,68413,43.1981,24.303,18.8951,55.093,0.34297,0.8448,1.264,1.4962
lse-aw-cql-seed1-C,cql,30000,2,30000,d0fdce5ab45e37d2,-536.888305664,168808,33814,30.8989,19.9945,10.9044,55.093,0.19793,0.8936,1.0675,1.1946
lse-aw-cql-seed1-C,cql,30000,4,30000,d0fdce5ab45e37d2,-536.888305664,35214,133999,1.8919,10.3581,-8.4661,55.093,-0.15367,0.8913,0.9823,1.1021
lse-aw-cql-seed1-C,cql,30000,5,30000,d0fdce5ab45e37d2,-536.888305664,40938,30344,3.7063,6.2715,-2.5653,55.093,-0.04656,0.9299,1.1022,1.1852
lse-aw-cql-seed1-C,cql,30000,6,30000,d0fdce5ab45e37d2,-536.888305664,51996,11915,14.8129,11.9028,2.9102,55.093,0.05282,0.9536,1.1486,1.2045
lse-aw-cql-seed1-C,cql,30000,7,30000,d0fdce5ab45e37d2,-536.888305664,64933,19513,15.6182,14.8134,0.8048,55.093,0.01461,0.9202,1.1171,1.2139
lse-aw-cql-seed1-C,cql,30000,11,30000,d0fdce5ab45e37d2,-536.888305664,76763,39227,16.5437,13.8585,2.6851,55.093,0.04874,0.9651,1.0573,1.0955
lse-aw-cql-seed1-C,cql,30000,12,30000,d0fdce5ab45e37d2,-536.888305664,33583,82841,13.7479,12.9867,0.7612,55.093,0.01382,0.9477,1.0205,1.0768
lse-aw-cql-seed1-C,cql,30000,13,30000,d0fdce5ab45e37d2,-536.888305664,29838,52509,11.892,7.5482,4.3438,55.093,0.07884,0.9084,1.0528,1.1589
lse-aw-cql-seed1-C,cql,30000,14,30000,d0fdce5ab45e37d2,-536.888305664,36307,14110,21.6545,9.3008,12.3538,55.093,0.22423,0.9537,1.2188,1.278
lse-aw-cql-seed1-C,cql,31000,0,31000,603dd23485630fb1,-557.698852539,237311,68413,42.9226,24.8413,18.0813,54.6148,0.33107,0.8437,1.2616,1.4953
lse-aw-cql-seed1-C,cql,31000,2,31000,603dd23485630fb1,-557.698852539,168808,33814,31.1343,19.759,11.3753,54.6148,0.20828,0.8933,1.0641,1.1912
lse-aw-cql-seed1-C,cql,31000,4,31000,603dd23485630fb1,-557.698852539,35214,133999,2.8739,10.1292,-7.2553,54.6148,-0.13285,0.9016,0.9884,1.0963
lse-aw-cql-seed1-C,cql,31000,5,31000,603dd23485630fb1,-557.698852539,40938,30344,3.4482,5.517,-2.0687,54.6148,-0.03788,0.9385,1.1071,1.1797
lse-aw-cql-seed1-C,cql,31000,6,31000,603dd23485630fb1,-557.698852539,51996,11915,15.0425,12.1755,2.867,54.6148,0.0525,0.9598,1.1561,1.2045
lse-aw-cql-seed1-C,cql,31000,7,31000,603dd23485630fb1,-557.698852539,64933,19513,15.339,15.0893,0.2497,54.6148,0.00457,0.9259,1.1089,1.1976
lse-aw-cql-seed1-C,cql,31000,11,31000,603dd23485630fb1,-557.698852539,76763,39227,17.1634,13.9133,3.2501,54.6148,0.05951,0.971,1.0612,1.0929
lse-aw-cql-seed1-C,cql,31000,12,31000,603dd23485630fb1,-557.698852539,33583,82841,11.912,12.4257,-0.5137,54.6148,-0.00941,0.9517,1.0228,1.0747
lse-aw-cql-seed1-C,cql,31000,13,31000,603dd23485630fb1,-557.698852539,29838,52509,11.3809,7.0583,4.3226,54.6148,0.07915,0.9139,1.0574,1.157
lse-aw-cql-seed1-C,cql,31000,14,31000,603dd23485630fb1,-557.698852539,36307,14110,20.7388,9.7044,11.0344,54.6148,0.20204,0.9564,1.2239,1.2796
lse-aw-cql-seed1-C,cql,32000,0,32000,ff7c312442c31c26,-579.353637695,237311,68413,43.41,24.4845,18.9255,57.5424,0.3289,0.8436,1.2626,1.4968
lse-aw-cql-seed1-C,cql,32000,2,32000,ff7c312442c31c26,-579.353637695,168808,33814,30.9534,19.9173,11.0362,57.5424,0.19179,0.8886,1.0635,1.1968
lse-aw-cql-seed1-C,cql,32000,4,32000,ff7c312442c31c26,-579.353637695,35214,133999,-0.581,9.4072,-9.9883,57.5424,-0.17358,0.8944,0.9806,1.0964
lse-aw-cql-seed1-C,cql,32000,5,32000,ff7c312442c31c26,-579.353637695,40938,30344,1.863,4.8212,-2.9581,57.5424,-0.05141,0.9284,1.0976,1.1822
lse-aw-cql-seed1-C,cql,32000,6,32000,ff7c312442c31c26,-579.353637695,51996,11915,14.3683,11.8817,2.4866,57.5424,0.04321,0.9511,1.1426,1.2013
lse-aw-cql-seed1-C,cql,32000,7,32000,ff7c312442c31c26,-579.353637695,64933,19513,14.1053,14.5352,-0.43,57.5424,-0.00747,0.922,1.1055,1.1991
lse-aw-cql-seed1-C,cql,32000,11,32000,ff7c312442c31c26,-579.353637695,76763,39227,16.086,13.8506,2.2354,57.5424,0.03885,0.9667,1.0575,1.0939
lse-aw-cql-seed1-C,cql,32000,12,32000,ff7c312442c31c26,-579.353637695,33583,82841,11.7357,12.3164,-0.5807,57.5424,-0.01009,0.9455,1.0186,1.0773
lse-aw-cql-seed1-C,cql,32000,13,32000,ff7c312442c31c26,-579.353637695,29838,52509,8.8542,6.2402,2.614,57.5424,0.04543,0.906,1.0481,1.1569
lse-aw-cql-seed1-C,cql,32000,14,32000,ff7c312442c31c26,-579.353637695,36307,14110,19.6622,8.4726,11.1895,57.5424,0.19446,0.9474,1.2065,1.2735
lse-aw-cql-seed1-C,cql,33000,0,33000,c216a4d60b774d0d,-598.78338623,237311,68413,41.6244,24.2888,17.3356,56.0906,0.30906,0.8463,1.2587,1.4873
lse-aw-cql-seed1-C,cql,33000,2,33000,c216a4d60b774d0d,-598.78338623,168808,33814,30.8716,19.9468,10.9249,56.0906,0.19477,0.8901,1.0634,1.1946
lse-aw-cql-seed1-C,cql,33000,4,33000,c216a4d60b774d0d,-598.78338623,35214,133999,-0.0868,9.2321,-9.3188,56.0906,-0.16614,0.8955,0.9834,1.0982
lse-aw-cql-seed1-C,cql,33000,5,33000,c216a4d60b774d0d,-598.78338623,40938,30344,0.509,4.3981,-3.8891,56.0906,-0.06934,0.9328,1.1004,1.1797
lse-aw-cql-seed1-C,cql,33000,6,33000,c216a4d60b774d0d,-598.78338623,51996,11915,13.6636,10.7095,2.9541,56.0906,0.05267,0.9518,1.1469,1.2049
lse-aw-cql-seed1-C,cql,33000,7,33000,c216a4d60b774d0d,-598.78338623,64933,19513,14.5944,14.2531,0.3413,56.0906,0.00608,0.9209,1.1075,1.2026
lse-aw-cql-seed1-C,cql,33000,11,33000,c216a4d60b774d0d,-598.78338623,76763,39227,16.6064,14.0851,2.5213,56.0906,0.04495,0.9635,1.0541,1.094
lse-aw-cql-seed1-C,cql,33000,12,33000,c216a4d60b774d0d,-598.78338623,33583,82841,12.1164,12.5948,-0.4784,56.0906,-0.00853,0.9483,1.0194,1.0749
lse-aw-cql-seed1-C,cql,33000,13,33000,c216a4d60b774d0d,-598.78338623,29838,52509,9.2688,6.4506,2.8182,56.0906,0.05024,0.912,1.0516,1.1532
lse-aw-cql-seed1-C,cql,33000,14,33000,c216a4d60b774d0d,-598.78338623,36307,14110,19.3489,8.2148,11.1341,56.0906,0.1985,0.9571,1.2189,1.2735
lse-aw-cql-seed1-C,cql,34000,0,34000,cf732216f0ae3eaf,-618.655517578,237311,68413,41.7257,23.5974,18.1283,58.0781,0.31214,0.8433,1.2607,1.4948
lse-aw-cql-seed1-C,cql,34000,2,34000,cf732216f0ae3eaf,-618.655517578,168808,33814,30.1557,19.3257,10.83,58.0781,0.18647,0.8893,1.0652,1.1978
lse-aw-cql-seed1-C,cql,34000,4,34000,cf732216f0ae3eaf,-618.655517578,35214,133999,-2.0873,8.8993,-10.9866,58.0781,-0.18917,0.895,0.9823,1.0975
lse-aw-cql-seed1-C,cql,34000,5,34000,cf732216f0ae3eaf,-618.655517578,40938,30344,-0.8822,4.1349,-5.0171,58.0781,-0.08639,0.9311,1.0966,1.1778
lse-aw-cql-seed1-C,cql,34000,6,34000,cf732216f0ae3eaf,-618.655517578,51996,11915,12.2372,10.2045,2.0328,58.0781,0.035,0.955,1.1398,1.1935
lse-aw-cql-seed1-C,cql,34000,7,34000,cf732216f0ae3eaf,-618.655517578,64933,19513,13.255,13.452,-0.197,58.0781,-0.00339,0.9182,1.1059,1.2045
lse-aw-cql-seed1-C,cql,34000,11,34000,cf732216f0ae3eaf,-618.655517578,76763,39227,15.0668,13.3085,1.7582,58.0781,0.03027,0.9613,1.0488,1.091
lse-aw-cql-seed1-C,cql,34000,12,34000,cf732216f0ae3eaf,-618.655517578,33583,82841,10.6392,11.5812,-0.942,58.0781,-0.01622,0.9477,1.0177,1.0739
lse-aw-cql-seed1-C,cql,34000,13,34000,cf732216f0ae3eaf,-618.655517578,29838,52509,8.2704,5.8993,2.3711,58.0781,0.04083,0.9079,1.0501,1.1567
lse-aw-cql-seed1-C,cql,34000,14,34000,cf732216f0ae3eaf,-618.655517578,36307,14110,18.655,8.141,10.514,58.0781,0.18103,0.9504,1.2047,1.2676
lse-aw-cql-seed1-C,cql,35000,0,35000,fd007d448606d436,-636.199951172,237311,68413,42.2468,24.4145,17.8323,59.0659,0.30191,0.8444,1.252,1.4827
lse-aw-cql-seed1-C,cql,35000,2,35000,fd007d448606d436,-636.199951172,168808,33814,30.7474,19.6973,11.0501,59.0659,0.18708,0.8898,1.0606,1.192
lse-aw-cql-seed1-C,cql,35000,4,35000,fd007d448606d436,-636.199951172,35214,133999,-3.4432,8.4583,-11.9015,59.0659,-0.20149,0.8978,0.9806,1.0922
lse-aw-cql-seed1-C,cql,35000,5,35000,fd007d448606d436,-636.199951172,40938,30344,-0.4424,4.1166,-4.559,59.0659,-0.07719,0.9318,1.0966,1.1769
lse-aw-cql-seed1-C,cql,35000,6,35000,fd007d448606d436,-636.199951172,51996,11915,12.1805,10.4436,1.7369,59.0659,0.02941,0.9549,1.1426,1.1966
lse-aw-cql-seed1-C,cql,35000,7,35000,fd007d448606d436,-636.199951172,64933,19513,12.9576,13.9556,-0.998,59.0659,-0.0169,0.9243,1.1211,1.2129
lse-aw-cql-seed1-C,cql,35000,11,35000,fd007d448606d436,-636.199951172,76763,39227,15.6562,13.231,2.4251,59.0659,0.04106,0.9671,1.0548,1.0907
lse-aw-cql-seed1-C,cql,35000,12,35000,fd007d448606d436,-636.199951172,33583,82841,9.5208,11.4201,-1.8993,59.0659,-0.03216,0.9522,1.0203,1.0716
lse-aw-cql-seed1-C,cql,35000,13,35000,fd007d448606d436,-636.199951172,29838,52509,7.7299,5.7471,1.9828,59.0659,0.03357,0.9117,1.0481,1.1497
lse-aw-cql-seed1-C,cql,35000,14,35000,fd007d448606d436,-636.199951172,36307,14110,19.3871,8.368,11.019,59.0659,0.18655,0.9483,1.2045,1.2702
lse-aw-cql-seed1-C,cql,36000,0,36000,66cec42a4253980a,-654.835754395,237311,68413,41.4089,23.8014,17.6075,59.172,0.29756,0.8437,1.2563,1.4891
lse-aw-cql-seed1-C,cql,36000,2,36000,66cec42a4253980a,-654.835754395,168808,33814,29.7639,19.4433,10.3206,59.172,0.17442,0.8902,1.062,1.1929
lse-aw-cql-seed1-C,cql,36000,4,36000,66cec42a4253980a,-654.835754395,35214,133999,-3.7677,8.576,-12.3437,59.172,-0.20861,0.8938,0.9807,1.0972
lse-aw-cql-seed1-C,cql,36000,5,36000,66cec42a4253980a,-654.835754395,40938,30344,-1.5406,4.1834,-5.724,59.172,-0.09674,0.928,1.0983,1.1836
lse-aw-cql-seed1-C,cql,36000,6,36000,66cec42a4253980a,-654.835754395,51996,11915,10.6179,9.9561,0.6618,59.172,0.01118,0.9516,1.1352,1.1929
lse-aw-cql-seed1-C,cql,36000,7,36000,66cec42a4253980a,-654.835754395,64933,19513,12.3613,13.1596,-0.7983,59.172,-0.01349,0.9202,1.1019,1.1974
lse-aw-cql-seed1-C,cql,36000,11,36000,66cec42a4253980a,-654.835754395,76763,39227,14.482,12.4699,2.0121,59.172,0.034,0.9654,1.0517,1.0894
lse-aw-cql-seed1-C,cql,36000,12,36000,66cec42a4253980a,-654.835754395,33583,82841,9.0166,10.9621,-1.9455,59.172,-0.03288,0.9496,1.0195,1.0736
lse-aw-cql-seed1-C,cql,36000,13,36000,66cec42a4253980a,-654.835754395,29838,52509,7.302,5.9242,1.3778,59.172,0.02328,0.9077,1.0511,1.1581
lse-aw-cql-seed1-C,cql,36000,14,36000,66cec42a4253980a,-654.835754395,36307,14110,17.6073,7.9295,9.6778,59.172,0.16355,0.9506,1.216,1.2792
lse-aw-cql-seed1-C,cql,37000,0,37000,74826016dbf9c886,-673.426269531,237311,68413,40.3652,22.858,17.5072,58.7347,0.29807,0.8434,1.2511,1.4834
lse-aw-cql-seed1-C,cql,37000,2,37000,74826016dbf9c886,-673.426269531,168808,33814,29.2447,18.9735,10.2712,58.7347,0.17487,0.891,1.0629,1.1928
lse-aw-cql-seed1-C,cql,37000,4,37000,74826016dbf9c886,-673.426269531,35214,133999,-3.7763,9.036,-12.8123,58.7347,-0.21814,0.8963,0.9772,1.0902
lse-aw-cql-seed1-C,cql,37000,5,37000,74826016dbf9c886,-673.426269531,40938,30344,-1.4002,4.2894,-5.6897,58.7347,-0.09687,0.9282,1.0898,1.1741
lse-aw-cql-seed1-C,cql,37000,6,37000,74826016dbf9c886,-673.426269531,51996,11915,10.279,9.7767,0.5023,58.7347,0.00855,0.9521,1.1312,1.1882
lse-aw-cql-seed1-C,cql,37000,7,37000,74826016dbf9c886,-673.426269531,64933,19513,10.9496,12.2177,-1.2681,58.7347,-0.02159,0.9192,1.1059,1.2031
lse-aw-cql-seed1-C,cql,37000,11,37000,74826016dbf9c886,-673.426269531,76763,39227,14.4347,12.5932,1.8414,58.7347,0.03135,0.9648,1.05,1.0883
lse-aw-cql-seed1-C,cql,37000,12,37000,74826016dbf9c886,-673.426269531,33583,82841,9.441,11.948,-2.507,58.7347,-0.04268,0.9508,1.0189,1.0717
lse-aw-cql-seed1-C,cql,37000,13,37000,74826016dbf9c886,-673.426269531,29838,52509,7.8587,6.4919,1.3668,58.7347,0.02327,0.9081,1.0458,1.1517
lse-aw-cql-seed1-C,cql,37000,14,37000,74826016dbf9c886,-673.426269531,36307,14110,18.6837,8.2951,10.3885,58.7347,0.17687,0.9457,1.2033,1.2724
lse-aw-cql-seed1-C,cql,38000,0,38000,48a3effbdb10859d,-691.700012207,237311,68413,40.4494,22.8334,17.616,59.6696,0.29523,0.8419,1.2508,1.4856
lse-aw-cql-seed1-C,cql,38000,2,38000,48a3effbdb10859d,-691.700012207,168808,33814,28.7556,18.7145,10.0411,59.6696,0.16828,0.887,1.0565,1.1911
lse-aw-cql-seed1-C,cql,38000,4,38000,48a3effbdb10859d,-691.700012207,35214,133999,-5.8797,8.0394,-13.9191,59.6696,-0.23327,0.8977,0.9784,1.0899
lse-aw-cql-seed1-C,cql,38000,5,38000,48a3effbdb10859d,-691.700012207,40938,30344,-1.9088,3.9759,-5.8847,59.6696,-0.09862,0.9279,1.0913,1.1761
lse-aw-cql-seed1-C,cql,38000,6,38000,48a3effbdb10859d,-691.700012207,51996,11915,10.3583,10.0287,0.3296,59.6696,0.00552,0.947,1.1292,1.1925
lse-aw-cql-seed1-C,cql,38000,7,38000,48a3effbdb10859d,-691.700012207,64933,19513,11.4794,12.8587,-1.3793,59.6696,-0.02312,0.9154,1.0961,1.1974
lse-aw-cql-seed1-C,cql,38000,11,38000,48a3effbdb10859d,-691.700012207,76763,39227,14.1468,12.5399,1.6069,59.6696,0.02693,0.9646,1.0496,1.0881
lse-aw-cql-seed1-C,cql,38000,12,38000,48a3effbdb10859d,-691.700012207,33583,82841,8.8319,11.3189,-2.487,59.6696,-0.04168,0.9457,1.0136,1.0719
lse-aw-cql-seed1-C,cql,38000,13,38000,48a3effbdb10859d,-691.700012207,29838,52509,6.5296,6.0212,0.5084,59.6696,0.00852,0.9038,1.0438,1.1549
lse-aw-cql-seed1-C,cql,38000,14,38000,48a3effbdb10859d,-691.700012207,36307,14110,16.6325,7.7749,8.8575,59.6696,0.14844,0.9432,1.198,1.2701
lse-aw-cql-seed1-C,cql,39000,0,39000,f4016f1485ccca1f,-709.535766602,237311,68413,40.4135,22.9488,17.4647,60.7521,0.28747,0.843,1.2505,1.4835
lse-aw-cql-seed1-C,cql,39000,2,39000,f4016f1485ccca1f,-709.535766602,168808,33814,28.8936,18.0998,10.7938,60.7521,0.17767,0.8897,1.0582,1.1894
lse-aw-cql-seed1-C,cql,39000,4,39000,f4016f1485ccca1f,-709.535766602,35214,133999,-5.8621,8.5947,-14.4567,60.7521,-0.23796,0.8923,0.98,1.0983
lse-aw-cql-seed1-C,cql,39000,5,39000,f4016f1485ccca1f,-709.535766602,40938,30344,-3.0495,3.8946,-6.9441,60.7521,-0.1143,0.924,1.0943,1.1843
lse-aw-cql-seed1-C,cql,39000,6,39000,f4016f1485ccca1f,-709.535766602,51996,11915,10.3815,9.9477,0.4339,60.7521,0.00714,0.9488,1.1337,1.1948
lse-aw-cql-seed1-C,cql,39000,7,39000,f4016f1485ccca1f,-709.535766602,64933,19513,11.2753,12.9619,-1.6866,60.7521,-0.02776,0.9189,1.0974,1.1943
lse-aw-cql-seed1-C,cql,39000,11,39000,f4016f1485ccca1f,-709.535766602,76763,39227,13.8492,12.4232,1.426,60.7521,0.02347,0.9635,1.0488,1.0886
lse-aw-cql-seed1-C,cql,39000,12,39000,f4016f1485ccca1f,-709.535766602,33583,82841,6.9075,10.9197,-4.0122,60.7521,-0.06604,0.9487,1.0157,1.0706
lse-aw-cql-seed1-C,cql,39000,13,39000,f4016f1485ccca1f,-709.535766602,29838,52509,6.6562,5.8661,0.7901,60.7521,0.01301,0.9042,1.0503,1.1616
lse-aw-cql-seed1-C,cql,39000,14,39000,f4016f1485ccca1f,-709.535766602,36307,14110,17.5407,7.8468,9.6939,60.7521,0.15956,0.9451,1.2061,1.2761
lse-aw-cql-seed1-C,cql,40000,0,40000,0123f2da6f88767a,-726.32800293,237311,68413,40.17,22.54,17.63,59.6918,0.29535,0.8431,1.2475,1.4797
lse-aw-cql-seed1-C,cql,40000,2,40000,0123f2da6f88767a,-726.32800293,168808,33814,28.7633,18.21,10.5533,59.6918,0.1768,0.8884,1.0558,1.1885
lse-aw-cql-seed1-C,cql,40000,4,40000,0123f2da6f88767a,-726.32800293,35214,133999,-4.8129,8.3492,-13.162,59.6918,-0.2205,0.8957,0.974,1.0875
lse-aw-cql-seed1-C,cql,40000,5,40000,0123f2da6f88767a,-726.32800293,40938,30344,-2.5259,4.2357,-6.7616,59.6918,-0.11328,0.9243,1.0859,1.1748
lse-aw-cql-seed1-C,cql,40000,6,40000,0123f2da6f88767a,-726.32800293,51996,11915,9.3724,9.3553,0.0171,59.6918,0.00029,0.9463,1.1206,1.1842
lse-aw-cql-seed1-C,cql,40000,7,40000,0123f2da6f88767a,-726.32800293,64933,19513,9.9101,11.5845,-1.6743,59.6918,-0.02805,0.9178,1.0941,1.192
lse-aw-cql-seed1-C,cql,40000,11,40000,0123f2da6f88767a,-726.32800293,76763,39227,13.1864,12.3602,0.8262,59.6918,0.01384,0.9643,1.0489,1.0877
lse-aw-cql-seed1-C,cql,40000,12,40000,0123f2da6f88767a,-726.32800293,33583,82841,7.8433,11.0157,-3.1725,59.6918,-0.05315,0.9474,1.0148,1.0712
lse-aw-cql-seed1-C,cql,40000,13,40000,0123f2da6f88767a,-726.32800293,29838,52509,6.0518,6.1527,-0.1008,59.6918,-0.00169,0.9015,1.0418,1.1557
lse-aw-cql-seed1-C,cql,40000,14,40000,0123f2da6f88767a,-726.32800293,36307,14110,16.6147,7.2496,9.3651,59.6918,0.15689,0.9393,1.1928,1.2699
lse-aw-cql-seed1-C,cql,41000,0,41000,d24314c598fd598e,-740.084960938,237311,68413,39.2971,21.6741,17.623,60.077,0.29334,0.8422,1.2414,1.474
lse-aw-cql-seed1-C,cql,41000,2,41000,d24314c598fd598e,-740.084960938,168808,33814,28.5728,18.3252,10.2476,60.077,0.17057,0.8898,1.0556,1.1863
lse-aw-cql-seed1-C,cql,41000,4,41000,d24314c598fd598e,-740.084960938,35214,133999,-5.5534,8.269,-13.8224,60.077,-0.23008,0.8879,0.9774,1.1008
lse-aw-cql-seed1-C,cql,41000,5,41000,d24314c598fd598e,-740.084960938,40938,30344,-3.6902,4.0192,-7.7094,60.077,-0.12833,0.924,1.0908,1.1805
lse-aw-cql-seed1-C,cql,41000,6,41000,d24314c598fd598e,-740.084960938,51996,11915,9.5783,9.727,-0.1488,60.077,-0.00248,0.9495,1.1291,1.1892
lse-aw-cql-seed1-C,cql,41000,7,41000,d24314c598fd598e,-740.084960938,64933,19513,9.85,11.8412,-1.9912,60.077,-0.03314,0.9193,1.0968,1.193
lse-aw-cql-seed1-C,cql,41000,11,41000,d24314c598fd598e,-740.084960938,76763,39227,13.4746,12.1492,1.3253,60.077,0.02206,0.9621,1.0471,1.0884
lse-aw-cql-seed1-C,cql,41000,12,41000,d24314c598fd598e,-740.084960938,33583,82841,7.1514,10.8563,-3.7048,60.077,-0.06167,0.9452,1.0145,1.0732
lse-aw-cql-seed1-C,cql,41000,13,41000,d24314c598fd598e,-740.084960938,29838,52509,5.6065,5.7513,-0.1447,60.077,-0.00241,0.897,1.0435,1.1633
lse-aw-cql-seed1-C,cql,41000,14,41000,d24314c598fd598e,-740.084960938,36307,14110,17.0991,7.9197,9.1794,60.077,0.15279,0.9402,1.1998,1.2761
lse-aw-cql-seed1-C,cql,42000,0,42000,3b7b02bab63ade09,-758.828796387,237311,68413,39.9179,22.9438,16.9741,61.9142,0.27416,0.8454,1.2485,1.4768
lse-aw-cql-seed1-C,cql,42000,2,42000,3b7b02bab63ade09,-758.828796387,168808,33814,27.7421,18.3793,9.3629,61.9142,0.15122,0.8894,1.0601,1.1919
lse-aw-cql-seed1-C,cql,42000,4,42000,3b7b02bab63ade09,-758.828796387,35214,133999,-6.7365,8.1014,-14.8379,61.9142,-0.23965,0.8932,0.974,1.0904
lse-aw-cql-seed1-C,cql,42000,5,42000,3b7b02bab63ade09,-758.828796387,40938,30344,-5.096,3.4941,-8.59,61.9142,-0.13874,0.9215,1.0852,1.1777
lse-aw-cql-seed1-C,cql,42000,6,42000,3b7b02bab63ade09,-758.828796387,51996,11915,8.2259,8.4023,-0.1765,61.9142,-0.00285,0.9477,1.127,1.1892
lse-aw-cql-seed1-C,cql,42000,7,42000,3b7b02bab63ade09,-758.828796387,64933,19513,9.4139,11.5882,-2.1742,61.9142,-0.03512,0.9204,1.1008,1.1961
lse-aw-cql-seed1-C,cql,42000,11,42000,3b7b02bab63ade09,-758.828796387,76763,39227,12.0309,11.7367,0.2942,61.9142,0.00475,0.9639,1.0479,1.0872
lse-aw-cql-seed1-C,cql,42000,12,42000,3b7b02bab63ade09,-758.828796387,33583,82841,6.8099,11.2338,-4.4238,61.9142,-0.07145,0.9481,1.0149,1.0705
lse-aw-cql-seed1-C,cql,42000,13,42000,3b7b02bab63ade09,-758.828796387,29838,52509,3.1069,5.6339,-2.5269,61.9142,-0.04081,0.9006,1.0433,1.1585
lse-aw-cql-seed1-C,cql,42000,14,42000,3b7b02bab63ade09,-758.828796387,36307,14110,15.4031,6.8678,8.5353,61.9142,0.13786,0.939,1.1936,1.2711
lse-aw-cql-seed1-C,cql,43000,0,43000,abb738b0a88a4f3c,-771.395874023,237311,68413,39.3163,20.7211,18.5952,62.8508,0.29586,0.8442,1.2478,1.4781
lse-aw-cql-seed1-C,cql,43000,2,43000,abb738b0a88a4f3c,-771.395874023,168808,33814,28.1179,18.0375,10.0804,62.8508,0.16039,0.8903,1.0597,1.1903
lse-aw-cql-seed1-C,cql,43000,4,43000,abb738b0a88a4f3c,-771.395874023,35214,133999,-7.7421,8.1619,-15.904,62.8508,-0.25304,0.8935,0.9743,1.0904
lse-aw-cql-seed1-C,cql,43000,5,43000,abb738b0a88a4f3c,-771.395874023,40938,30344,-6.1674,3.2542,-9.4216,62.8508,-0.1499,0.9211,1.0792,1.1716
lse-aw-cql-seed1-C,cql,43000,6,43000,abb738b0a88a4f3c,-771.395874023,51996,11915,7.7446,9.0967,-1.3521,62.8508,-0.02151,0.9446,1.1222,1.1881
lse-aw-cql-seed1-C,cql,43000,7,43000,abb738b0a88a4f3c,-771.395874023,64933,19513,8.5639,11.6838,-3.12,62.8508,-0.04964,0.916,1.0927,1.1929
lse-aw-cql-seed1-C,cql,43000,11,43000,abb738b0a88a4f3c,-771.395874023,76763,39227,12.7886,11.8762,0.9124,62.8508,0.01452,0.9616,1.0468,1.0886
lse-aw-cql-seed1-C,cql,43000,12,43000,abb738b0a88a4f3c,-771.395874023,33583,82841,5.5377,10.42,-4.8823,62.8508,-0.07768,0.947,1.0129,1.0696
lse-aw-cql-seed1-C,cql,43000,13,43000,abb738b0a88a4f3c,-771.395874023,29838,52509,3.4235,5.4868,-2.0633,62.8508,-0.03283,0.8983,1.0381,1.1556
lse-aw-cql-seed1-C,cql,43000,14,43000,abb738b0a88a4f3c,-771.395874023,36307,14110,15.4472,7.15,8.2972,62.8508,0.13201,0.94,1.1944,1.2706
lse-aw-cql-seed1-C,cql,44000,0,44000,06a40cc84ba6ba20,-785.436889648,237311,68413,39.842,21.6812,18.1608,61.6384,0.29464,0.8424,1.248,1.4815
lse-aw-cql-seed1-C,cql,44000,2,44000,06a40cc84ba6ba20,-785.436889648,168808,33814,27.9469,17.9207,10.0262,61.6384,0.16266,0.8906,1.0576,1.1875
lse-aw-cql-seed1-C,cql,44000,4,44000,06a40cc84ba6ba20,-785.436889648,35214,133999,-8.2793,7.5793,-15.8586,61.6384,-0.25728,0.8991,0.9759,1.0854
lse-aw-cql-seed1-C,cql,44000,5,44000,06a40cc84ba6ba20,-785.436889648,40938,30344,-4.361,3.9196,-8.2806,61.6384,-0.13434,0.9303,1.0804,1.1614
lse-aw-cql-seed1-C,cql,44000,6,44000,06a40cc84ba6ba20,-785.436889648,51996,11915,7.6647,8.9741,-1.3094,61.6384,-0.02124,0.9471,1.1285,1.1915
lse-aw-cql-seed1-C,cql,44000,7,44000,06a40cc84ba6ba20,-785.436889648,64933,19513,8.9355,11.3882,-2.4528,61.6384,-0.03979,0.9166,1.0906,1.1898
lse-aw-cql-seed1-C,cql,44000,11,44000,06a40cc84ba6ba20,-785.436889648,76763,39227,12.2173,11.9598,0.2575,61.6384,0.00418,0.9612,1.0443,1.0865
lse-aw-cql-seed1-C,cql,44000,12,44000,06a40cc84ba6ba20,-785.436889648,33583,82841,6.4541,10.2292,-3.7751,61.6384,-0.06125,0.9484,1.0139,1.069
lse-aw-cql-seed1-C,cql,44000,13,44000,06a40cc84ba6ba20,-785.436889648,29838,52509,6.4457,5.612,0.8337,61.6384,0.01353,0.9038,1.0467,1.1582
lse-aw-cql-seed1-C,cql,44000,14,44000,06a40cc84ba6ba20,-785.436889648,36307,14110,16.5439,7.6445,8.8993,61.6384,0.14438,0.9452,1.2096,1.2798
lse-aw-cql-seed1-C,cql,45000,0,45000,1f92016f4326de88,-798.627075195,237311,68413,38.7798,20.7755,18.0043,63.0698,0.28547,0.8418,1.2457,1.4799
lse-aw-cql-seed1-C,cql,45000,2,45000,1f92016f4326de88,-798.627075195,168808,33814,27.5013,17.6273,9.874,63.0698,0.15656,0.8874,1.052,1.1856
lse-aw-cql-seed1-C,cql,45000,4,45000,1f92016f4326de88,-798.627075195,35214,133999,-10.2251,7.1902,-17.4153,63.0698,-0.27613,0.8959,0.9719,1.0849
lse-aw-cql-seed1-C,cql,45000,5,45000,1f92016f4326de88,-798.627075195,40938,30344,-5.7999,3.2959,-9.0959,63.0698,-0.14422,0.9279,1.0786,1.1624
lse-aw-cql-seed1-C,cql,45000,6,45000,1f92016f4326de88,-798.627075195,51996,11915,6.995,8.0405,-1.0455,63.0698,-0.01658,0.9482,1.1228,1.1842
lse-aw-cql-seed1-C,cql,45000,7,45000,1f92016f4326de88,-798.627075195,64933,19513,8.3688,10.9919,-2.6231,63.0698,-0.04159,0.9188,1.0959,1.1928
lse-aw-cql-seed1-C,cql,45000,11,45000,1f92016f4326de88,-798.627075195,76763,39227,12.0793,11.3893,0.6899,63.0698,0.01094,0.9593,1.0421,1.0863
lse-aw-cql-seed1-C,cql,45000,12,45000,1f92016f4326de88,-798.627075195,33583,82841,4.7863,10.2602,-5.474,63.0698,-0.08679,0.9493,1.0141,1.0682
lse-aw-cql-seed1-C,cql,45000,13,45000,1f92016f4326de88,-798.627075195,29838,52509,2.1698,4.9841,-2.8143,63.0698,-0.04462,0.9,1.0401,1.1556
lse-aw-cql-seed1-C,cql,45000,14,45000,1f92016f4326de88,-798.627075195,36307,14110,15.149,7.0972,8.0518,63.0698,0.12766,0.942,1.1969,1.2705
lse-aw-cql-seed1-C,cql,46000,0,46000,e86fdf2ea8a92111,-813.375732422,237311,68413,38.6187,20.4568,18.162,63.3807,0.28655,0.8425,1.2456,1.4784
lse-aw-cql-seed1-C,cql,46000,2,46000,e86fdf2ea8a92111,-813.375732422,168808,33814,27.4508,17.1821,10.2687,63.3807,0.16202,0.89,1.059,1.1899
lse-aw-cql-seed1-C,cql,46000,4,46000,e86fdf2ea8a92111,-813.375732422,35214,133999,-9.848,7.546,-17.3939,63.3807,-0.27444,0.894,0.9726,1.0879
lse-aw-cql-seed1-C,cql,46000,5,46000,e86fdf2ea8a92111,-813.375732422,40938,30344,-6.0491,3.12,-9.1691,63.3807,-0.14467,0.9273,1.0774,1.162
lse-aw-cql-seed1-C,cql,46000,6,46000,e86fdf2ea8a92111,-813.375732422,51996,11915,7.0268,8.4888,-1.462,63.3807,-0.02307,0.9457,1.1196,1.184
lse-aw-cql-seed1-C,cql,46000,7,46000,e86fdf2ea8a92111,-813.375732422,64933,19513,8.2145,11.4827,-3.2682,63.3807,-0.05156,0.9164,1.0911,1.1907
lse-aw-cql-seed1-C,cql,46000,11,46000,e86fdf2ea8a92111,-813.375732422,76763,39227,12.2783,11.9848,0.2935,63.3807,0.00463,0.9608,1.0433,1.0858
lse-aw-cql-seed1-C,cql,46000,12,46000,e86fdf2ea8a92111,-813.375732422,33583,82841,5.2438,10.1859,-4.9421,63.3807,-0.07797,0.9482,1.0134,1.0688
lse-aw-cql-seed1-C,cql,46000,13,46000,e86fdf2ea8a92111,-813.375732422,29838,52509,3.5513,5.206,-1.6547,63.3807,-0.02611,0.8983,1.0408,1.1586
lse-aw-cql-seed1-C,cql,46000,14,46000,e86fdf2ea8a92111,-813.375732422,36307,14110,14.7613,6.8713,7.89,63.3807,0.12449,0.9383,1.1924,1.2708
lse-aw-cql-seed1-C,cql,47000,0,47000,7517a86f16fb6175,-824.105712891,237311,68413,38.8663,21.1643,17.7019,65.3694,0.2708,0.8446,1.2419,1.4704
lse-aw-cql-seed1-C,cql,47000,2,47000,7517a86f16fb6175,-824.105712891,168808,33814,27.6794,17.289,10.3904,65.3694,0.15895,0.8885,1.0531,1.1853
lse-aw-cql-seed1-C,cql,47000,4,47000,7517a86f16fb6175,-824.105712891,35214,133999,-11.9827,7.2931,-19.2758,65.3694,-0.29488,0.8947,0.9722,1.0867
lse-aw-cql-seed1-C,cql,47000,5,47000,7517a86f16fb6175,-824.105712891,40938,30344,-7.3969,3.1803,-10.5772,65.3694,-0.16181,0.9312,1.0771,1.1567
lse-aw-cql-seed1-C,cql,47000,6,47000,7517a86f16fb6175,-824.105712891,51996,11915,6.5054,8.3704,-1.8649,65.3694,-0.02853,0.9472,1.1207,1.1833
lse-aw-cql-seed1-C,cql,47000,7,47000,7517a86f16fb6175,-824.105712891,64933,19513,7.9232,10.671,-2.7478,65.3694,-0.04204,0.9162,1.0891,1.1886
lse-aw-cql-seed1-C,cql,47000,11,47000,7517a86f16fb6175,-824.105712891,76763,39227,11.1853,11.35,-0.1647,65.3694,-0.00252,0.9619,1.0443,1.0857
lse-aw-cql-seed1-C,cql,47000,12,47000,7517a86f16fb6175,-824.105712891,33583,82841,2.9403,9.3073,-6.367,65.3694,-0.0974,0.9456,1.0113,1.0695
lse-aw-cql-seed1-C,cql,47000,13,47000,7517a86f16fb6175,-824.105712891,29838,52509,2.2614,5.0477,-2.7862,65.3694,-0.04262,0.8995,1.0393,1.1554
lse-aw-cql-seed1-C,cql,47000,14,47000,7517a86f16fb6175,-824.105712891,36307,14110,14.5078,6.8369,7.6709,65.3694,0.11735,0.94,1.1933,1.2695
lse-aw-cql-seed1-C,cql,48000,0,48000,c5f1499ced662e5a,-833.341491699,237311,68413,38.5744,20.688,17.8863,64.9291,0.27548,0.8432,1.2423,1.4733
lse-aw-cql-seed1-C,cql,48000,2,48000,c5f1499ced662e5a,-833.341491699,168808,33814,27.1045,17.2493,9.8553,64.9291,0.15179,0.8886,1.0541,1.1862
lse-aw-cql-seed1-C,cql,48000,4,48000,c5f1499ced662e5a,-833.341491699,35214,133999,-12.593,7.1308,-19.7238,64.9291,-0.30377,0.8913,0.9735,1.0922
lse-aw-cql-seed1-C,cql,48000,5,48000,c5f1499ced662e5a,-833.341491699,40938,30344,-5.746,3.2289,-8.975,64.9291,-0.13823,0.9273,1.0806,1.1653
lse-aw-cql-seed1-C,cql,48000,6,48000,c5f1499ced662e5a,-833.341491699,51996,11915,7.0011,8.3364,-1.3353,64.9291,-0.02057,0.9487,1.1216,1.1822
lse-aw-cql-seed1-C,cql,48000,7,48000,c5f1499ced662e5a,-833.341491699,64933,19513,8.2745,11.3325,-3.0579,64.9291,-0.0471,0.9177,1.0951,1.1933
lse-aw-cql-seed1-C,cql,48000,11,48000,c5f1499ced662e5a,-833.341491699,76763,39227,11.3447,11.2046,0.1401,64.9291,0.00216,0.97,1.0479,1.0803
lse-aw-cql-seed1-C,cql,48000,12,48000,c5f1499ced662e5a,-833.341491699,33583,82841,4.0873,9.6542,-5.5668,64.9291,-0.08574,0.9481,1.0137,1.0691
lse-aw-cql-seed1-C,cql,48000,13,48000,c5f1499ced662e5a,-833.341491699,29838,52509,3.4334,5.2609,-1.8274,64.9291,-0.02815,0.8996,1.0446,1.1611
lse-aw-cql-seed1-C,cql,48000,14,48000,c5f1499ced662e5a,-833.341491699,36307,14110,15.5967,7.22,8.3766,64.9291,0.12901,0.9386,1.1953,1.2736
lse-aw-cql-seed1-C,cql,49000,0,49000,6b8c65f9848a4cc2,-844.347106934,237311,68413,38.1351,20.4044,17.7307,63.6352,0.27863,0.8423,1.2424,1.475
lse-aw-cql-seed1-C,cql,49000,2,49000,6b8c65f9848a4cc2,-844.347106934,168808,33814,26.6923,16.6041,10.0882,63.6352,0.15853,0.888,1.0523,1.1851
lse-aw-cql-seed1-C,cql,49000,4,49000,6b8c65f9848a4cc2,-844.347106934,35214,133999,-11.3299,7.6879,-19.0178,63.6352,-0.29886,0.8931,0.9705,1.0866
lse-aw-cql-seed1-C,cql,49000,5,49000,6b8c65f9848a4cc2,-844.347106934,40938,30344,-6.5047,3.4565,-9.9612,63.6352,-0.15654,0.9285,1.0764,1.1592
lse-aw-cql-seed1-C,cql,49000,6,49000,6b8c65f9848a4cc2,-844.347106934,51996,11915,6.4238,8.1924,-1.7685,63.6352,-0.02779,0.9471,1.122,1.1846
lse-aw-cql-seed1-C,cql,49000,7,49000,6b8c65f9848a4cc2,-844.347106934,64933,19513,7.6339,10.487,-2.853,63.6352,-0.04483,0.9176,1.087,1.1846
lse-aw-cql-seed1-C,cql,49000,11,49000,6b8c65f9848a4cc2,-844.347106934,76763,39227,10.9979,11.0469,-0.0491,63.6352,-0.00077,0.9626,1.0446,1.0852
lse-aw-cql-seed1-C,cql,49000,12,49000,6b8c65f9848a4cc2,-844.347106934,33583,82841,4.1781,10.1617,-5.9836,63.6352,-0.09403,0.949,1.0123,1.0667
lse-aw-cql-seed1-C,cql,49000,13,49000,6b8c65f9848a4cc2,-844.347106934,29838,52509,3.4849,5.8156,-2.3308,63.6352,-0.03663,0.9013,1.0406,1.1547
lse-aw-cql-seed1-C,cql,49000,14,49000,6b8c65f9848a4cc2,-844.347106934,36307,14110,14.6518,6.9935,7.6583,63.6352,0.12035,0.9383,1.1921,1.2706
lse-aw-cql-seed1-C,cql,50000,0,50000,735f9549be204d4e,-855.090759277,237311,68413,37.7432,20.1196,17.6235,66.016,0.26696,0.8417,1.2494,1.4844
lse-aw-cql-seed1-C,cql,50000,2,50000,735f9549be204d4e,-855.090759277,168808,33814,27.0278,17.0761,9.9516,66.016,0.15075,0.8895,1.0559,1.1871
lse-aw-cql-seed1-C,cql,50000,4,50000,735f9549be204d4e,-855.090759277,35214,133999,-12.9513,7.7625,-20.7139,66.016,-0.31377,0.8952,0.9724,1.0863
lse-aw-cql-seed1-C,cql,50000,5,50000,735f9549be204d4e,-855.090759277,40938,30344,-7.6305,3.5574,-11.1879,66.016,-0.16947,0.9325,1.077,1.1549
lse-aw-cql-seed1-C,cql,50000,6,50000,735f9549be204d4e,-855.090759277,51996,11915,5.2761,8.4039,-3.1278,66.016,-0.04738,0.9457,1.1149,1.179
lse-aw-cql-seed1-C,cql,50000,7,50000,735f9549be204d4e,-855.090759277,64933,19513,6.9952,10.9172,-3.922,66.016,-0.05941,0.9147,1.0874,1.1887
lse-aw-cql-seed1-C,cql,50000,11,50000,735f9549be204d4e,-855.090759277,76763,39227,10.739,10.8396,-0.1006,66.016,-0.00152,0.96,1.042,1.0855
lse-aw-cql-seed1-C,cql,50000,12,50000,735f9549be204d4e,-855.090759277,33583,82841,2.9615,10.0672,-7.1057,66.016,-0.10764,0.9492,1.0118,1.066
lse-aw-cql-seed1-C,cql,50000,13,50000,735f9549be204d4e,-855.090759277,29838,52509,1.8953,5.7225,-3.8272,66.016,-0.05797,0.9006,1.0413,1.1563
lse-aw-cql-seed1-C,cql,50000,14,50000,735f9549be204d4e,-855.090759277,36307,14110,15.2575,7.0848,8.1728,66.016,0.1238,0.9419,1.1935,1.2672
lse-aw-cql-seed1-C,cql,51000,0,51000,9f5207281431aee8,-867.153076172,237311,68413,37.1887,19.6899,17.4988,66.364,0.26368,0.8417,1.2368,1.4695
lse-aw-cql-seed1-C,cql,51000,2,51000,9f5207281431aee8,-867.153076172,168808,33814,27.0225,16.8306,10.1919,66.364,0.15358,0.8874,1.0514,1.1848
lse-aw-cql-seed1-C,cql,51000,4,51000,9f5207281431aee8,-867.153076172,35214,133999,-13.3846,6.9931,-20.3777,66.364,-0.30706,0.9001,0.973,1.081
lse-aw-cql-seed1-C,cql,51000,5,51000,9f5207281431aee8,-867.153076172,40938,30344,-8.3888,2.5369,-10.9257,66.364,-0.16463,0.9312,1.0772,1.1568
lse-aw-cql-seed1-C,cql,51000,6,51000,9f5207281431aee8,-867.153076172,51996,11915,5.4742,7.6611,-2.1869,66.364,-0.03295,0.9447,1.1154,1.1806
lse-aw-cql-seed1-C,cql,51000,7,51000,9f5207281431aee8,-867.153076172,64933,19513,6.9442,10.0869,-3.1427,66.364,-0.04736,0.9154,1.0832,1.1834
lse-aw-cql-seed1-C,cql,51000,11,51000,9f5207281431aee8,-867.153076172,76763,39227,10.4482,10.7175,-0.2693,66.364,-0.00406,0.9632,1.0436,1.0835
lse-aw-cql-seed1-C,cql,51000,12,51000,9f5207281431aee8,-867.153076172,33583,82841,3.334,9.4625,-6.1285,66.364,-0.09235,0.9491,1.0113,1.0656
lse-aw-cql-seed1-C,cql,51000,13,51000,9f5207281431aee8,-867.153076172,29838,52509,1.6708,4.693,-3.0222,66.364,-0.04554,0.8979,1.0415,1.1599
lse-aw-cql-seed1-C,cql,51000,14,51000,9f5207281431aee8,-867.153076172,36307,14110,14.0418,6.6784,7.3635,66.364,0.11096,0.9382,1.1938,1.2725
lse-aw-cql-seed1-C,cql,52000,0,52000,ba8ab43563f065c2,-875.313049316,237311,68413,37.922,21.0897,16.8323,66.5023,0.25311,0.8409,1.2425,1.4776
lse-aw-cql-seed1-C,cql,52000,2,52000,ba8ab43563f065c2,-875.313049316,168808,33814,26.5944,16.8542,9.7402,66.5023,0.14646,0.8881,1.0516,1.1841
lse-aw-cql-seed1-C,cql,52000,4,52000,ba8ab43563f065c2,-875.313049316,35214,133999,-13.7082,7.0308,-20.739,66.5023,-0.31185,0.8968,0.9747,1.0869
lse-aw-cql-seed1-C,cql,52000,5,52000,ba8ab43563f065c2,-875.313049316,40938,30344,-9.2053,2.6133,-11.8186,66.5023,-0.17772,0.9327,1.081,1.159
lse-aw-cql-seed1-C,cql,52000,6,52000,ba8ab43563f065c2,-875.313049316,51996,11915,4.0781,6.7507,-2.6726,66.5023,-0.04019,0.951,1.1206,1.1784
lse-aw-cql-seed1-C,cql,52000,7,52000,ba8ab43563f065c2,-875.313049316,64933,19513,6.0869,9.6917,-3.6048,66.5023,-0.05421,0.9215,1.097,1.1904
lse-aw-cql-seed1-C,cql,52000,11,52000,ba8ab43563f065c2,-875.313049316,76763,39227,9.2685,10.3299,-1.0614,66.5023,-0.01596,0.9623,1.0431,1.0839
lse-aw-cql-seed1-C,cql,52000,12,52000,ba8ab43563f065c2,-875.313049316,33583,82841,1.2483,9.2587,-8.0104,66.5023,-0.12045,0.951,1.0139,1.0661
lse-aw-cql-seed1-C,cql,52000,13,52000,ba8ab43563f065c2,-875.313049316,29838,52509,1.4016,5.076,-3.6744,66.5023,-0.05525,0.9016,1.0434,1.1573
lse-aw-cql-seed1-C,cql,52000,14,52000,ba8ab43563f065c2,-875.313049316,36307,14110,13.8197,6.6912,7.1285,66.5023,0.10719,0.9401,1.1926,1.2686
lse-aw-cql-seed1-C,cql,53000,0,53000,afd0213514af594b,-879.45098877,237311,68413,38.0175,20.3574,17.6601,66.4466,0.26578,0.8415,1.242,1.476
lse-aw-cql-seed1-C,cql,53000,2,53000,afd0213514af594b,-879.45098877,168808,33814,26.2151,16.318,9.897,66.4466,0.14895,0.8863,1.0516,1.1865
lse-aw-cql-seed1-C,cql,53000,4,53000,afd0213514af594b,-879.45098877,35214,133999,-12.2722,6.7133,-18.9855,66.4466,-0.28573,0.9028,0.9762,1.0813
lse-aw-cql-seed1-C,cql,53000,5,53000,afd0213514af594b,-879.45098877,40938,30344,-9.1702,2.5127,-11.6829,66.4466,-0.17582,0.9284,1.0788,1.162
lse-aw-cql-seed1-C,cql,53000,6,53000,afd0213514af594b,-879.45098877,51996,11915,4.7739,7.5849,-2.811,66.4466,-0.0423,0.9432,1.1105,1.1774
lse-aw-cql-seed1-C,cql,53000,7,53000,afd0213514af594b,-879.45098877,64933,19513,5.5836,9.5559,-3.9723,66.4466,-0.05978,0.914,1.085,1.1872
lse-aw-cql-seed1-C,cql,53000,11,53000,afd0213514af594b,-879.45098877,76763,39227,10.5528,10.8606,-0.3078,66.4466,-0.00463,0.9593,1.0406,1.0848
lse-aw-cql-seed1-C,cql,53000,12,53000,afd0213514af594b,-879.45098877,33583,82841,1.6803,9.2164,-7.5361,66.4466,-0.11342,0.9513,1.0132,1.0651
lse-aw-cql-seed1-C,cql,53000,13,53000,afd0213514af594b,-879.45098877,29838,52509,1.4727,4.6554,-3.1827,66.4466,-0.0479,0.9005,1.042,1.1572
lse-aw-cql-seed1-C,cql,53000,14,53000,afd0213514af594b,-879.45098877,36307,14110,14.1731,7.0821,7.091,66.4466,0.10672,0.9375,1.1943,1.2739
lse-aw-cql-seed1-C,cql,54000,0,54000,4e8085936a9318c4,-888.391540527,237311,68413,37.2347,19.5264,17.7083,67.3944,0.26276,0.8429,1.2403,1.4715
lse-aw-cql-seed1-C,cql,54000,2,54000,4e8085936a9318c4,-888.391540527,168808,33814,26.0742,16.5344,9.5398,67.3944,0.14155,0.8892,1.0514,1.1824
lse-aw-cql-seed1-C,cql,54000,4,54000,4e8085936a9318c4,-888.391540527,35214,133999,-15.2182,7.1791,-22.3973,67.3944,-0.33233,0.8976,0.975,1.0862
lse-aw-cql-seed1-C,cql,54000,5,54000,4e8085936a9318c4,-888.391540527,40938,30344,-10.0635,2.5709,-12.6344,67.3944,-0.18747,0.9288,1.0776,1.1602
lse-aw-cql-seed1-C,cql,54000,6,54000,4e8085936a9318c4,-888.391540527,51996,11915,4.8264,7.4292,-2.6028,67.3944,-0.03862,0.9443,1.1123,1.178
lse-aw-cql-seed1-C,cql,54000,7,54000,4e8085936a9318c4,-888.391540527,64933,19513,5.933,9.3984,-3.4654,67.3944,-0.05142,0.9156,1.0812,1.1809
lse-aw-cql-seed1-C,cql,54000,11,54000,4e8085936a9318c4,-888.391540527,76763,39227,9.4271,10.493,-1.0659,67.3944,-0.01582,0.967,1.0447,1.0804
lse-aw-cql-seed1-C,cql,54000,12,54000,4e8085936a9318c4,-888.391540527,33583,82841,1.2519,9.4202,-8.1683,67.3944,-0.1212,0.9494,1.0117,1.0657
lse-aw-cql-seed1-C,cql,54000,13,54000,4e8085936a9318c4,-888.391540527,29838,52509,0.3642,4.6896,-4.3254,67.3944,-0.06418,0.8968,1.041,1.1607
lse-aw-cql-seed1-C,cql,54000,14,54000,4e8085936a9318c4,-888.391540527,36307,14110,13.6735,6.3699,7.3036,67.3944,0.10837,0.9363,1.1891,1.27
lse-aw-cql-seed1-C,cql,55000,0,55000,000e78cfcbdec331,-896.987915039,237311,68413,37.4055,20.0369,17.3686,68.2266,0.25457,0.8425,1.2387,1.4702
lse-aw-cql-seed1-C,cql,55000,2,55000,000e78cfcbdec331,-896.987915039,168808,33814,25.624,16.7177,8.9064,68.2266,0.13054,0.8873,1.0513,1.1848
lse-aw-cql-seed1-C,cql,55000,4,55000,000e78cfcbdec331,-896.987915039,35214,133999,-14.8194,7.0941,-21.9135,68.2266,-0.32119,0.8966,0.9705,1.0824
lse-aw-cql-seed1-C,cql,55000,5,55000,000e78cfcbdec331,-896.987915039,40938,30344,-10.6139,2.3464,-12.9603,68.2266,-0.18996,0.9287,1.0767,1.1594
lse-aw-cql-seed1-C,cql,55000,6,55000,000e78cfcbdec331,-896.987915039,51996,11915,4.5232,7.4842,-2.961,68.2266,-0.0434,0.9461,1.1148,1.1783
lse-aw-cql-seed1-C,cql,55000,7,55000,000e78cfcbdec331,-896.987915039,64933,19513,4.8431,9.0104,-4.1672,68.2266,-0.06108,0.9142,1.0793,1.1806
lse-aw-cql-seed1-C,cql,55000,11,55000,000e78cfcbdec331,-896.987915039,76763,39227,9.4293,10.2614,-0.8321,68.2266,-0.0122,0.9607,1.0386,1.0811
lse-aw-cql-seed1-C,cql,55000,12,55000,000e78cfcbdec331,-896.987915039,33583,82841,1.0289,8.9339,-7.905,68.2266,-0.11586,0.9499,1.0104,1.0637
lse-aw-cql-seed1-C,cql,55000,13,55000,000e78cfcbdec331,-896.987915039,29838,52509,0.2817,5.0735,-4.7918,68.2266,-0.07023,0.9032,1.0415,1.1531
lse-aw-cql-seed1-C,cql,55000,14,55000,000e78cfcbdec331,-896.987915039,36307,14110,13.6284,6.6425,6.9859,68.2266,0.10239,0.9406,1.197,1.2726
lse-aw-cql-seed1-C,cql,56000,0,56000,ae3ce62191c8b6ce,-906.63458252,237311,68413,36.1606,18.3626,17.798,68.5053,0.2598,0.8404,1.2308,1.4644
lse-aw-cql-seed1-C,cql,56000,2,56000,ae3ce62191c8b6ce,-906.63458252,168808,33814,25.8187,16.1953,9.6234,68.5053,0.14048,0.8888,1.0507,1.1823
lse-aw-cql-seed1-C,cql,56000,4,56000,ae3ce62191c8b6ce,-906.63458252,35214,133999,-17.0506,6.5173,-23.5679,68.5053,-0.34403,0.9008,0.9749,1.0822
lse-aw-cql-seed1-C,cql,56000,5,56000,ae3ce62191c8b6ce,-906.63458252,40938,30344,-10.2642,2.7078,-12.972,68.5053,-0.18936,0.9322,1.0782,1.1566
lse-aw-cql-seed1-C,cql,56000,6,56000,ae3ce62191c8b6ce,-906.63458252,51996,11915,3.6956,7.7332,-4.0375,68.5053,-0.05894,0.9528,1.1171,1.1724
lse-aw-cql-seed1-C,cql,56000,7,56000,ae3ce62191c8b6ce,-906.63458252,64933,19513,4.5693,9.4136,-4.8443,68.5053,-0.07071,0.9162,1.0856,1.185
lse-aw-cql-seed1-C,cql,56000,11,56000,ae3ce62191c8b6ce,-906.63458252,76763,39227,9.4357,10.4553,-1.0195,68.5053,-0.01488,0.9625,1.0414,1.0821
lse-aw-cql-seed1-C,cql,56000,12,56000,ae3ce62191c8b6ce,-906.63458252,33583,82841,1.3845,9.3993,-8.0148,68.5053,-0.117,0.9503,1.0141,1.0672
lse-aw-cql-seed1-C,cql,56000,13,56000,ae3ce62191c8b6ce,-906.63458252,29838,52509,-1.0894,4.716,-5.8054,68.5053,-0.08474,0.9038,1.0451,1.1563
lse-aw-cql-seed1-C,cql,56000,14,56000,ae3ce62191c8b6ce,-906.63458252,36307,14110,13.7061,6.7798,6.9263,68.5053,0.10111,0.9414,1.1904,1.2645
lse-aw-cql-seed1-C,cql,57000,0,57000,a40467871591673e,-911.509521484,237311,68413,36.3838,18.9581,17.4257,68.3588,0.25492,0.8423,1.2358,1.4671
lse-aw-cql-seed1-C,cql,57000,2,57000,a40467871591673e,-911.509521484,168808,33814,26.0796,16.2294,9.8503,68.3588,0.1441,0.887,1.0499,1.1837
lse-aw-cql-seed1-C,cql,57000,4,57000,a40467871591673e,-911.509521484,35214,133999,-16.2534,6.5774,-22.8308,68.3588,-0.33398,0.9002,0.9728,1.0807
lse-aw-cql-seed1-C,cql,57000,5,57000,a40467871591673e,-911.509521484,40938,30344,-10.5823,2.1352,-12.7175,68.3588,-0.18604,0.9326,1.08,1.1579
lse-aw-cql-seed1-C,cql,57000,6,57000,a40467871591673e,-911.509521484,51996,11915,4.433,6.7351,-2.3021,68.3588,-0.03368,0.9483,1.1154,1.1762
lse-aw-cql-seed1-C,cql,57000,7,57000,a40467871591673e,-911.509521484,64933,19513,4.5692,8.8811,-4.3119,68.3588,-0.06308,0.9191,1.0827,1.178
lse-aw-cql-seed1-C,cql,57000,11,57000,a40467871591673e,-911.509521484,76763,39227,9.1735,10.2473,-1.0738,68.3588,-0.01571,0.9637,1.0433,1.0827
lse-aw-cql-seed1-C,cql,57000,12,57000,a40467871591673e,-911.509521484,33583,82841,-0.8068,8.5715,-9.3784,68.3588,-0.13719,0.9531,1.0146,1.0646
lse-aw-cql-seed1-C,cql,57000,13,57000,a40467871591673e,-911.509521484,29838,52509,-1.8874,4.2667,-6.1541,68.3588,-0.09003,0.9007,1.0449,1.1601
lse-aw-cql-seed1-C,cql,57000,14,57000,a40467871591673e,-911.509521484,36307,14110,13.3853,6.4545,6.9308,68.3588,0.10139,0.9408,1.1984,1.2737
lse-aw-cql-seed1-C,cql,58000,0,58000,e9266322db1d8a86,-921.484313965,237311,68413,36.7224,18.653,18.0694,69.5448,0.25982,0.8414,1.238,1.4713
lse-aw-cql-seed1-C,cql,58000,2,58000,e9266322db1d8a86,-921.484313965,168808,33814,25.3467,16.1371,9.2096,69.5448,0.13243,0.8874,1.051,1.1843
lse-aw-cql-seed1-C,cql,58000,4,58000,e9266322db1d8a86,-921.484313965,35214,133999,-16.3371,6.2276,-22.5647,69.5448,-0.32446,0.8917,0.9673,1.0848
lse-aw-cql-seed1-C,cql,58000,5,58000,e9266322db1d8a86,-921.484313965,40938,30344,-10.9423,2.3019,-13.2442,69.5448,-0.19044,0.925,1.0719,1.1588
lse-aw-cql-seed1-C,cql,58000,6,58000,e9266322db1d8a86,-921.484313965,51996,11915,2.7379,6.4606,-3.7227,69.5448,-0.05353,0.9431,1.111,1.178
lse-aw-cql-seed1-C,cql,58000,7,58000,e9266322db1d8a86,-921.484313965,64933,19513,3.6428,8.1953,-4.5526,69.5448,-0.06546,0.9145,1.0778,1.1786
lse-aw-cql-seed1-C,cql,58000,11,58000,e9266322db1d8a86,-921.484313965,76763,39227,8.4173,9.7486,-1.3313,69.5448,-0.01914,0.9662,1.0425,1.079
lse-aw-cql-seed1-C,cql,58000,12,58000,e9266322db1d8a86,-921.484313965,33583,82841,-1.4043,8.7351,-10.1394,69.5448,-0.1458,0.9487,1.0096,1.0643
lse-aw-cql-seed1-C,cql,58000,13,58000,e9266322db1d8a86,-921.484313965,29838,52509,0.3919,4.8089,-4.417,69.5448,-0.06351,0.8919,1.0361,1.1616
lse-aw-cql-seed1-C,cql,58000,14,58000,e9266322db1d8a86,-921.484313965,36307,14110,13.0549,6.4525,6.6025,69.5448,0.09494,0.9334,1.1883,1.2731
lse-aw-cql-seed1-C,cql,59000,0,59000,03007a8076b2d4dc,-931.229736328,237311,68413,36.3955,19.019,17.3765,68.7429,0.25277,0.8401,1.2324,1.4671
lse-aw-cql-seed1-C,cql,59000,2,59000,03007a8076b2d4dc,-931.229736328,168808,33814,24.9701,16.0315,8.9386,68.7429,0.13003,0.8867,1.0465,1.1802
lse-aw-cql-seed1-C,cql,59000,4,59000,03007a8076b2d4dc,-931.229736328,35214,133999,-16.3974,6.5484,-22.9458,68.7429,-0.33379,0.8976,0.971,1.0817
lse-aw-cql-seed1-C,cql,59000,5,59000,03007a8076b2d4dc,-931.229736328,40938,30344,-10.9966,2.1825,-13.1791,68.7429,-0.19172,0.9343,1.0765,1.1522
lse-aw-cql-seed1-C,cql,59000,6,59000,03007a8076b2d4dc,-931.229736328,51996,11915,3.0617,7.5334,-4.4718,68.7429,-0.06505,0.9458,1.1116,1.1753
lse-aw-cql-seed1-C,cql,59000,7,59000,03007a8076b2d4dc,-931.229736328,64933,19513,3.8723,8.9993,-5.127,68.7429,-0.07458,0.9114,1.0774,1.1821
lse-aw-cql-seed1-C,cql,59000,11,59000,03007a8076b2d4dc,-931.229736328,76763,39227,8.665,10.0531,-1.3881,68.7429,-0.02019,0.9576,1.0375,1.0835
lse-aw-cql-seed1-C,cql,59000,12,59000,03007a8076b2d4dc,-931.229736328,33583,82841,0.6953,8.6831,-7.9877,68.7429,-0.1162,0.9475,1.0091,1.065
lse-aw-cql-seed1-C,cql,59000,13,59000,03007a8076b2d4dc,-931.229736328,29838,52509,0.6542,4.6806,-4.0264,68.7429,-0.05857,0.9031,1.0394,1.151
lse-aw-cql-seed1-C,cql,59000,14,59000,03007a8076b2d4dc,-931.229736328,36307,14110,14.1699,6.6712,7.4987,68.7429,0.10908,0.94,1.1874,1.2632
lse-aw-cql-seed1-C,cql,60000,0,60000,aa0e1147c8309277,-937.821228027,237311,68413,36.5457,18.808,17.7377,70.3859,0.25201,0.8403,1.2349,1.4696
lse-aw-cql-seed1-C,cql,60000,2,60000,aa0e1147c8309277,-937.821228027,168808,33814,25.2486,15.7553,9.4933,70.3859,0.13488,0.8872,1.049,1.1824
lse-aw-cql-seed1-C,cql,60000,4,60000,aa0e1147c8309277,-937.821228027,35214,133999,-17.9657,6.1363,-24.102,70.3859,-0.34243,0.8906,0.9708,1.0901
lse-aw-cql-seed1-C,cql,60000,5,60000,aa0e1147c8309277,-937.821228027,40938,30344,-12.3018,2.5193,-14.8211,70.3859,-0.21057,0.9291,1.078,1.1603
lse-aw-cql-seed1-C,cql,60000,6,60000,aa0e1147c8309277,-937.821228027,51996,11915,2.6837,6.9877,-4.3039,70.3859,-0.06115,0.9478,1.1099,1.1711
lse-aw-cql-seed1-C,cql,60000,7,60000,aa0e1147c8309277,-937.821228027,64933,19513,4.3755,9.0123,-4.6369,70.3859,-0.06588,0.9142,1.0766,1.1777
lse-aw-cql-seed1-C,cql,60000,11,60000,aa0e1147c8309277,-937.821228027,76763,39227,9.7451,10.4973,-0.7522,70.3859,-0.01069,0.9576,1.0366,1.0824
lse-aw-cql-seed1-C,cql,60000,12,60000,aa0e1147c8309277,-937.821228027,33583,82841,0.3132,9.3945,-9.0812,70.3859,-0.12902,0.947,1.0098,1.0662
lse-aw-cql-seed1-C,cql,60000,13,60000,aa0e1147c8309277,-937.821228027,29838,52509,-1.1541,4.4385,-5.5925,70.3859,-0.07946,0.899,1.0397,1.1566
lse-aw-cql-seed1-C,cql,60000,14,60000,aa0e1147c8309277,-937.821228027,36307,14110,12.3191,5.9859,6.3332,70.3859,0.08998,0.939,1.1882,1.2654
lse-aw-cql-seed1-C,cql,61000,0,61000,cb6c6c3c9d3ac4d3,-946.264770508,237311,68413,36.1287,18.3958,17.7328,70.2065,0.25258,0.8423,1.2352,1.4664
lse-aw-cql-seed1-C,cql,61000,2,61000,cb6c6c3c9d3ac4d3,-946.264770508,168808,33814,25.4064,15.9228,9.4836,70.2065,0.13508,0.8876,1.0489,1.1818
lse-aw-cql-seed1-C,cql,61000,4,61000,cb6c6c3c9d3ac4d3,-946.264770508,35214,133999,-18.0135,6.5464,-24.5599,70.2065,-0.34982,0.8964,0.9703,1.0825
lse-aw-cql-seed1-C,cql,61000,5,61000,cb6c6c3c9d3ac4d3,-946.264770508,40938,30344,-11.4355,2.3299,-13.7655,70.2065,-0.19607,0.925,1.0746,1.1618
lse-aw-cql-seed1-C,cql,61000,6,61000,cb6c6c3c9d3ac4d3,-946.264770508,51996,11915,2.4829,7.294,-4.8111,70.2065,-0.06853,0.9447,1.1096,1.1745
lse-aw-cql-seed1-C,cql,61000,7,61000,cb6c6c3c9d3ac4d3,-946.264770508,64933,19513,2.769,8.9738,-6.2048,70.2065,-0.08838,0.9154,1.0773,1.1769
lse-aw-cql-seed1-C,cql,61000,11,61000,cb6c6c3c9d3ac4d3,-946.264770508,76763,39227,8.1799,9.9007,-1.7208,70.2065,-0.02451,0.9607,1.0398,1.0823
lse-aw-cql-seed1-C,cql,61000,12,61000,cb6c6c3c9d3ac4d3,-946.264770508,33583,82841,-1.6328,8.2567,-9.8895,70.2065,-0.14086,0.9494,1.0101,1.064
lse-aw-cql-seed1-C,cql,61000,13,61000,cb6c6c3c9d3ac4d3,-946.264770508,29838,52509,-0.2325,4.5904,-4.8229,70.2065,-0.0687,0.8942,1.0349,1.1574
lse-aw-cql-seed1-C,cql,61000,14,61000,cb6c6c3c9d3ac4d3,-946.264770508,36307,14110,13.798,6.4374,7.3606,70.2065,0.10484,0.9371,1.1873,1.267
lse-aw-cql-seed1-C,cql,62000,0,62000,08d97565b42672b7,-956.451843262,237311,68413,35.9465,18.3587,17.5877,71.2159,0.24696,0.8397,1.2338,1.4693
lse-aw-cql-seed1-C,cql,62000,2,62000,08d97565b42672b7,-956.451843262,168808,33814,25.287,16.1493,9.1377,71.2159,0.12831,0.8851,1.0486,1.1848
lse-aw-cql-seed1-C,cql,62000,4,62000,08d97565b42672b7,-956.451843262,35214,133999,-19.1702,5.8591,-25.0293,71.2159,-0.35146,0.8959,0.9702,1.0829
lse-aw-cql-seed1-C,cql,62000,5,62000,08d97565b42672b7,-956.451843262,40938,30344,-12.7745,1.7459,-14.5204,71.2159,-0.20389,0.9323,1.0767,1.1549
lse-aw-cql-seed1-C,cql,62000,6,62000,08d97565b42672b7,-956.451843262,51996,11915,1.2071,6.1155,-4.9085,71.2159,-0.06892,0.9479,1.1076,1.1684
lse-aw-cql-seed1-C,cql,62000,7,62000,08d97565b42672b7,-956.451843262,64933,19513,2.2703,7.9851,-5.7148,71.2159,-0.08025,0.9151,1.0775,1.1775
lse-aw-cql-seed1-C,cql,62000,11,62000,08d97565b42672b7,-956.451843262,76763,39227,8.064,9.8368,-1.7728,71.2159,-0.02489,0.9632,1.0407,1.0805
lse-aw-cql-seed1-C,cql,62000,12,62000,08d97565b42672b7,-956.451843262,33583,82841,-0.3048,8.9937,-9.2985,71.2159,-0.13057,0.9495,1.0096,1.0633
lse-aw-cql-seed1-C,cql,62000,13,62000,08d97565b42672b7,-956.451843262,29838,52509,-0.9106,4.0767,-4.9872,71.2159,-0.07003,0.899,1.0388,1.1554
lse-aw-cql-seed1-C,cql,62000,14,62000,08d97565b42672b7,-956.451843262,36307,14110,13.1137,5.9616,7.1521,71.2159,0.10043,0.939,1.1858,1.2629
lse-aw-cql-seed1-C,cql,63000,0,63000,84ef6aaa6c4014b2,-961.79876709,237311,68413,35.4519,18.3477,17.1042,72.3544,0.23639,0.841,1.2345,1.4678
lse-aw-cql-seed1-C,cql,63000,2,63000,84ef6aaa6c4014b2,-961.79876709,168808,33814,24.146,15.6272,8.5188,72.3544,0.11774,0.886,1.0481,1.183
lse-aw-cql-seed1-C,cql,63000,4,63000,84ef6aaa6c4014b2,-961.79876709,35214,133999,-20.471,6.2725,-26.7436,72.3544,-0.36962,0.899,0.9694,1.0784
lse-aw-cql-seed1-C,cql,63000,5,63000,84ef6aaa6c4014b2,-961.79876709,40938,30344,-15.2279,1.8865,-17.1145,72.3544,-0.23654,0.9281,1.0739,1.1572
lse-aw-cql-seed1-C,cql,63000,6,63000,84ef6aaa6c4014b2,-961.79876709,51996,11915,0.9059,6.8332,-5.9273,72.3544,-0.08192,0.9452,1.1121,1.1766
lse-aw-cql-seed1-C,cql,63000,7,63000,84ef6aaa6c4014b2,-961.79876709,64933,19513,2.2814,8.2978,-6.0165,72.3544,-0.08315,0.914,1.0812,1.1829
lse-aw-cql-seed1-C,cql,63000,11,63000,84ef6aaa6c4014b2,-961.79876709,76763,39227,8.354,9.932,-1.578,72.3544,-0.02181,0.9623,1.0396,1.0803
lse-aw-cql-seed1-C,cql,63000,12,63000,84ef6aaa6c4014b2,-961.79876709,33583,82841,-1.927,8.7693,-10.6964,72.3544,-0.14783,0.9512,1.0102,1.062
lse-aw-cql-seed1-C,cql,63000,13,63000,84ef6aaa6c4014b2,-961.79876709,29838,52509,-1.2392,4.5081,-5.7472,72.3544,-0.07943,0.8987,1.0348,1.1514
lse-aw-cql-seed1-C,cql,63000,14,63000,84ef6aaa6c4014b2,-961.79876709,36307,14110,12.3919,6.3039,6.0879,72.3544,0.08414,0.9349,1.1853,1.2678
lse-aw-cql-seed1-C,cql,64000,0,64000,71939a4f78aa441d,-970.722900391,237311,68413,36.4094,18.8695,17.5399,71.5286,0.24521,0.8406,1.2354,1.4697
lse-aw-cql-seed1-C,cql,64000,2,64000,71939a4f78aa441d,-970.722900391,168808,33814,25.0436,16.0106,9.033,71.5286,0.12629,0.8866,1.0528,1.1875
lse-aw-cql-seed1-C,cql,64000,4,64000,71939a4f78aa441d,-970.722900391,35214,133999,-19.3416,6.2405,-25.582,71.5286,-0.35765,0.8964,0.9698,1.0819
lse-aw-cql-seed1-C,cql,64000,5,64000,71939a4f78aa441d,-970.722900391,40938,30344,-13.0536,1.834,-14.8876,71.5286,-0.20813,0.9284,1.0769,1.1599
lse-aw-cql-seed1-C,cql,64000,6,64000,71939a4f78aa441d,-970.722900391,51996,11915,0.8,5.8173,-5.0174,71.5286,-0.07014,0.9449,1.1116,1.1763
lse-aw-cql-seed1-C,cql,64000,7,64000,71939a4f78aa441d,-970.722900391,64933,19513,1.838,7.6146,-5.7766,71.5286,-0.08076,0.9134,1.081,1.1835
lse-aw-cql-seed1-C,cql,64000,11,64000,71939a4f78aa441d,-970.722900391,76763,39227,8.0281,9.5933,-1.5652,71.5286,-0.02188,0.9593,1.0381,1.0821
lse-aw-cql-seed1-C,cql,64000,12,64000,71939a4f78aa441d,-970.722900391,33583,82841,-1.0932,8.7376,-9.8308,71.5286,-0.13744,0.9484,1.0088,1.0637
lse-aw-cql-seed1-C,cql,64000,13,64000,71939a4f78aa441d,-970.722900391,29838,52509,-1.3274,4.3694,-5.6967,71.5286,-0.07964,0.8981,1.0349,1.1523
lse-aw-cql-seed1-C,cql,64000,14,64000,71939a4f78aa441d,-970.722900391,36307,14110,12.2972,6.2197,6.0774,71.5286,0.08496,0.9355,1.1887,1.2707
lse-aw-cql-seed1-C,cql,65000,0,65000,6fe12b2cc7aa742e,-983.138671875,237311,68413,36.2399,18.6189,17.621,71.1528,0.24765,0.8392,1.2306,1.4664
lse-aw-cql-seed1-C,cql,65000,2,65000,6fe12b2cc7aa742e,-983.138671875,168808,33814,24.453,15.7235,8.7295,71.1528,0.12269,0.8861,1.047,1.1816
lse-aw-cql-seed1-C,cql,65000,4,65000,6fe12b2cc7aa742e,-983.138671875,35214,133999,-17.7694,6.3103,-24.0797,71.1528,-0.33842,0.895,0.9703,1.0842
lse-aw-cql-seed1-C,cql,65000,5,65000,6fe12b2cc7aa742e,-983.138671875,40938,30344,-13.4179,2.2153,-15.6332,71.1528,-0.21971,0.9279,1.0776,1.1613
lse-aw-cql-seed1-C,cql,65000,6,65000,6fe12b2cc7aa742e,-983.138671875,51996,11915,0.8871,6.0707,-5.1835,71.1528,-0.07285,0.9483,1.1107,1.1713
lse-aw-cql-seed1-C,cql,65000,7,65000,6fe12b2cc7aa742e,-983.138671875,64933,19513,2.1023,7.619,-5.5167,71.1528,-0.07753,0.9143,1.0773,1.1782
lse-aw-cql-seed1-C,cql,65000,11,65000,6fe12b2cc7aa742e,-983.138671875,76763,39227,8.0668,9.9,-1.8332,71.1528,-0.02576,0.9602,1.0387,1.0818
lse-aw-cql-seed1-C,cql,65000,12,65000,6fe12b2cc7aa742e,-983.138671875,33583,82841,-1.0629,8.439,-9.5019,71.1528,-0.13354,0.9469,1.0082,1.0648
lse-aw-cql-seed1-C,cql,65000,13,65000,6fe12b2cc7aa742e,-983.138671875,29838,52509,-1.5127,4.4915,-6.0042,71.1528,-0.08438,0.8966,1.0362,1.1558
lse-aw-cql-seed1-C,cql,65000,14,65000,6fe12b2cc7aa742e,-983.138671875,36307,14110,12.6437,6.3489,6.2949,71.1528,0.08847,0.9358,1.19,1.2716
lse-aw-cql-seed1-C,cql,66000,0,66000,2123724dd4a2d0b6,-983.609985352,237311,68413,35.4069,18.5177,16.8892,73.3629,0.23021,0.8413,1.2304,1.4625
lse-aw-cql-seed1-C,cql,66000,2,66000,2123724dd4a2d0b6,-983.609985352,168808,33814,24.3286,16.0236,8.3051,73.3629,0.11321,0.8885,1.0494,1.1811
lse-aw-cql-seed1-C,cql,66000,4,66000,2123724dd4a2d0b6,-983.609985352,35214,133999,-21.9437,5.9702,-27.9139,73.3629,-0.38049,0.8944,0.9692,1.0836
lse-aw-cql-seed1-C,cql,66000,5,66000,2123724dd4a2d0b6,-983.609985352,40938,30344,-14.0298,1.6728,-15.7025,73.3629,-0.21404,0.9253,1.0723,1.1589
lse-aw-cql-seed1-C,cql,66000,6,66000,2123724dd4a2d0b6,-983.609985352,51996,11915,0.7458,6.2089,-5.4631,73.3629,-0.07447,0.9451,1.1046,1.1687
lse-aw-cql-seed1-C,cql,66000,7,66000,2123724dd4a2d0b6,-983.609985352,64933,19513,2.0132,7.4722,-5.459,73.3629,-0.07441,0.914,1.0783,1.1798
lse-aw-cql-seed1-C,cql,66000,11,66000,2123724dd4a2d0b6,-983.609985352,76763,39227,6.3351,9.338,-3.0028,73.3629,-0.04093,0.9615,1.0375,1.0791
lse-aw-cql-seed1-C,cql,66000,12,66000,2123724dd4a2d0b6,-983.609985352,33583,82841,-2.6704,8.1814,-10.8518,73.3629,-0.14792,0.951,1.0104,1.0625
lse-aw-cql-seed1-C,cql,66000,13,66000,2123724dd4a2d0b6,-983.609985352,29838,52509,-2.2061,4.0908,-6.2969,73.3629,-0.08583,0.8976,1.0331,1.151
lse-aw-cql-seed1-C,cql,66000,14,66000,2123724dd4a2d0b6,-983.609985352,36307,14110,12.1213,5.4985,6.6228,73.3629,0.09027,0.9326,1.1728,1.2575
lse-aw-cql-seed1-C,cql,67000,0,67000,543ac6260c3692d3,-988.423278809,237311,68413,35.5608,17.6395,17.9213,72.1361,0.24844,0.8403,1.2303,1.4642
lse-aw-cql-seed1-C,cql,67000,2,67000,543ac6260c3692d3,-988.423278809,168808,33814,24.5433,15.1625,9.3808,72.1361,0.13004,0.8863,1.0474,1.1818
lse-aw-cql-seed1-C,cql,67000,4,67000,543ac6260c3692d3,-988.423278809,35214,133999,-20.9777,6.3456,-27.3233,72.1361,-0.37877,0.896,0.9704,1.0831
lse-aw-cql-seed1-C,cql,67000,5,67000,543ac6260c3692d3,-988.423278809,40938,30344,-13.7585,2.3599,-16.1184,72.1361,-0.22344,0.9289,1.0786,1.1612
lse-aw-cql-seed1-C,cql,67000,6,67000,543ac6260c3692d3,-988.423278809,51996,11915,2.003,7.0394,-5.0364,72.1361,-0.06982,0.9457,1.1094,1.1731
lse-aw-cql-seed1-C,cql,67000,7,67000,543ac6260c3692d3,-988.423278809,64933,19513,1.6093,7.9333,-6.324,72.1361,-0.08767,0.9165,1.0765,1.1746
lse-aw-cql-seed1-C,cql,67000,11,67000,543ac6260c3692d3,-988.423278809,76763,39227,8.2437,9.8421,-1.5984,72.1361,-0.02216,0.9634,1.0413,1.0808
lse-aw-cql-seed1-C,cql,67000,12,67000,543ac6260c3692d3,-988.423278809,33583,82841,-0.6563,8.9407,-9.597,72.1361,-0.13304,0.9515,1.0105,1.062
lse-aw-cql-seed1-C,cql,67000,13,67000,543ac6260c3692d3,-988.423278809,29838,52509,-1.2515,4.7294,-5.9809,72.1361,-0.08291,0.896,1.0363,1.1566
lse-aw-cql-seed1-C,cql,67000,14,67000,543ac6260c3692d3,-988.423278809,36307,14110,12.5577,6.365,6.1927,72.1361,0.08585,0.9408,1.196,1.2713
lse-aw-cql-seed1-C,cql,68000,0,68000,59014681aadbf354,-991.783081055,237311,68413,35.6345,18.6438,16.9908,73.5126,0.23113,0.8408,1.2339,1.4675
lse-aw-cql-seed1-C,cql,68000,2,68000,59014681aadbf354,-991.783081055,168808,33814,24.4914,16.1066,8.3847,73.5126,0.11406,0.8867,1.0484,1.1824
lse-aw-cql-seed1-C,cql,68000,4,68000,59014681aadbf354,-991.783081055,35214,133999,-21.5514,5.5881,-27.1396,73.5126,-0.36918,0.8965,0.9691,1.081
lse-aw-cql-seed1-C,cql,68000,5,68000,59014681aadbf354,-991.783081055,40938,30344,-13.633,1.5797,-15.2128,73.5126,-0.20694,0.9283,1.0747,1.1577
lse-aw-cql-seed1-C,cql,68000,6,68000,59014681aadbf354,-991.783081055,51996,11915,1.2979,6.5258,-5.228,73.5126,-0.07112,0.9454,1.1084,1.1724
lse-aw-cql-seed1-C,cql,68000,7,68000,59014681aadbf354,-991.783081055,64933,19513,1.7065,7.9724,-6.2659,73.5126,-0.08524,0.9146,1.0818,1.1829
lse-aw-cql-seed1-C,cql,68000,11,68000,59014681aadbf354,-991.783081055,76763,39227,6.839,9.3723,-2.5332,73.5126,-0.03446,0.9617,1.0388,1.0802
lse-aw-cql-seed1-C,cql,68000,12,68000,59014681aadbf354,-991.783081055,33583,82841,-4.2137,7.472,-11.6857,73.5126,-0.15896,0.948,1.0084,1.0638
lse-aw-cql-seed1-C,cql,68000,13,68000,59014681aadbf354,-991.783081055,29838,52509,-1.8002,3.9183,-5.7186,73.5126,-0.07779,0.8975,1.0324,1.1503
lse-aw-cql-seed1-C,cql,68000,14,68000,59014681aadbf354,-991.783081055,36307,14110,12.2612,5.3646,6.8966,73.5126,0.09381,0.9357,1.1825,1.2638
lse-aw-cql-seed1-C,cql,69000,0,69000,932387dc3ea014b8,-995.064208984,237311,68413,35.1443,17.9539,17.1904,73.5455,0.23374,0.8412,1.2341,1.4671
lse-aw-cql-seed1-C,cql,69000,2,69000,932387dc3ea014b8,-995.064208984,168808,33814,23.9322,15.4066,8.5257,73.5455,0.11592,0.8871,1.0488,1.1823
lse-aw-cql-seed1-C,cql,69000,4,69000,932387dc3ea014b8,-995.064208984,35214,133999,-21.3962,5.3713,-26.7676,73.5455,-0.36396,0.8956,0.9698,1.0828
lse-aw-cql-seed1-C,cql,69000,5,69000,932387dc3ea014b8,-995.064208984,40938,30344,-14.0642,1.8213,-15.8854,73.5455,-0.21599,0.9308,1.0764,1.1565
lse-aw-cql-seed1-C,cql,69000,6,69000,932387dc3ea014b8,-995.064208984,51996,11915,1.5835,6.0379,-4.4545,73.5455,-0.06057,0.9464,1.1025,1.1649
lse-aw-cql-seed1-C,cql,69000,7,69000,932387dc3ea014b8,-995.064208984,64933,19513,1.0274,7.1886,-6.1613,73.5455,-0.08377,0.9161,1.0713,1.1693
lse-aw-cql-seed1-C,cql,69000,11,69000,932387dc3ea014b8,-995.064208984,76763,39227,6.9508,9.2045,-2.2537,73.5455,-0.03064,0.9653,1.0396,1.077
lse-aw-cql-seed1-C,cql,69000,12,69000,932387dc3ea014b8,-995.064208984,33583,82841,-4.2039,7.8734,-12.0773,73.5455,-0.16421,0.9519,1.0099,1.0609
lse-aw-cql-seed1-C,cql,69000,13,69000,932387dc3ea014b8,-995.064208984,29838,52509,-3.0507,3.7306,-6.7813,73.5455,-0.09221,0.9066,1.0346,1.1412
lse-aw-cql-seed1-C,cql,69000,14,69000,932387dc3ea014b8,-995.064208984,36307,14110,11.5889,5.5341,6.0548,73.5455,0.08233,0.9349,1.1742,1.256
lse-aw-cql-seed1-C,cql,70000,0,70000,55cfdd18f9d99401,-997.368103027,237311,68413,35.3438,17.9333,17.4106,73.2565,0.23767,0.8416,1.2329,1.465
lse-aw-cql-seed1-C,cql,70000,2,70000,55cfdd18f9d99401,-997.368103027,168808,33814,23.788,15.0689,8.7191,73.2565,0.11902,0.8879,1.0451,1.1771
lse-aw-cql-seed1-C,cql,70000,4,70000,55cfdd18f9d99401,-997.368103027,35214,133999,-20.2937,5.9731,-26.2668,73.2565,-0.35856,0.8904,0.9685,1.0877
lse-aw-cql-seed1-C,cql,70000,5,70000,55cfdd18f9d99401,-997.368103027,40938,30344,-14.1347,2.0236,-16.1583,73.2565,-0.22057,0.9247,1.0727,1.1601
lse-aw-cql-seed1-C,cql,70000,6,70000,55cfdd18f9d99401,-997.368103027,51996,11915,0.2649,6.4638,-6.1989,73.2565,-0.08462,0.9426,1.1068,1.1742
lse-aw-cql-seed1-C,cql,70000,7,70000,55cfdd18f9d99401,-997.368103027,64933,19513,0.7363,7.193,-6.4567,73.2565,-0.08814,0.9124,1.0726,1.1757
lse-aw-cql-seed1-C,cql,70000,11,70000,55cfdd18f9d99401,-997.368103027,76763,39227,6.8172,9.2225,-2.4053,73.2565,-0.03283,0.9608,1.0382,1.0806
lse-aw-cql-seed1-C,cql,70000,12,70000,55cfdd18f9d99401,-997.368103027,33583,82841,-3.6295,7.9942,-11.6236,73.2565,-0.15867,0.9498,1.0094,1.0627
lse-aw-cql-seed1-C,cql,70000,13,70000,55cfdd18f9d99401,-997.368103027,29838,52509,-1.8155,4.5897,-6.4052,73.2565,-0.08744,0.8991,1.034,1.15
lse-aw-cql-seed1-C,cql,70000,14,70000,55cfdd18f9d99401,-997.368103027,36307,14110,11.8132,5.5878,6.2254,73.2565,0.08498,0.9352,1.1731,1.2543
lse-aw-cql-seed1-C,cql,71000,0,71000,51a0271bdc4f08cf,-995.61932373,237311,68413,34.1928,16.7362,17.4566,74.3671,0.23474,0.8411,1.2318,1.4646
lse-aw-cql-seed1-C,cql,71000,2,71000,51a0271bdc4f08cf,-995.61932373,168808,33814,23.6391,15.2264,8.4128,74.3671,0.11312,0.8861,1.0471,1.1817
lse-aw-cql-seed1-C,cql,71000,4,71000,51a0271bdc4f08cf,-995.61932373,35214,133999,-23.3113,5.4607,-28.7719,74.3671,-0.38689,0.8966,0.9716,1.0837
lse-aw-cql-seed1-C,cql,71000,5,71000,51a0271bdc4f08cf,-995.61932373,40938,30344,-15.5743,1.224,-16.7983,74.3671,-0.22588,0.9312,1.0788,1.1585
lse-aw-cql-seed1-C,cql,71000,6,71000,51a0271bdc4f08cf,-995.61932373,51996,11915,-1.9675,5.5104,-7.4778,74.3671,-0.10055,0.9478,1.1088,1.1698
lse-aw-cql-seed1-C,cql,71000,7,71000,51a0271bdc4f08cf,-995.61932373,64933,19513,-0.2769,6.8015,-7.0784,74.3671,-0.09518,0.9128,1.0773,1.1803
lse-aw-cql-seed1-C,cql,71000,11,71000,51a0271bdc4f08cf,-995.61932373,76763,39227,5.7098,8.8728,-3.1629,74.3671,-0.04253,0.9615,1.0384,1.0799
lse-aw-cql-seed1-C,cql,71000,12,71000,51a0271bdc4f08cf,-995.61932373,33583,82841,-4.5716,7.6442,-12.2158,74.3671,-0.16426,0.9546,1.012,1.0601
lse-aw-cql-seed1-C,cql,71000,13,71000,51a0271bdc4f08cf,-995.61932373,29838,52509,-2.8402,3.8337,-6.674,74.3671,-0.08974,0.9045,1.038,1.1476
lse-aw-cql-seed1-C,cql,71000,14,71000,51a0271bdc4f08cf,-995.61932373,36307,14110,12.0905,5.3364,6.7541,74.3671,0.09082,0.9384,1.1703,1.2471
lse-aw-cql-seed1-C,cql,72000,0,72000,1f9599dc085a5efd,-995.158935547,237311,68413,34.9708,17.5761,17.3947,75.0839,0.23167,0.842,1.2309,1.4618
lse-aw-cql-seed1-C,cql,72000,2,72000,1f9599dc085a5efd,-995.158935547,168808,33814,23.7981,15.2925,8.5056,75.0839,0.11328,0.8875,1.0458,1.1784
lse-aw-cql-seed1-C,cql,72000,4,72000,1f9599dc085a5efd,-995.158935547,35214,133999,-23.5787,5.8813,-29.46,75.0839,-0.39236,0.8941,0.9704,1.0854
lse-aw-cql-seed1-C,cql,72000,5,72000,1f9599dc085a5efd,-995.158935547,40938,30344,-14.7751,1.8923,-16.6673,75.0839,-0.22198,0.9276,1.0802,1.1645
lse-aw-cql-seed1-C,cql,72000,6,72000,1f9599dc085a5efd,-995.158935547,51996,11915,-0.8542,5.5318,-6.386,75.0839,-0.08505,0.9457,1.1106,1.1743
lse-aw-cql-seed1-C,cql,72000,7,72000,1f9599dc085a5efd,-995.158935547,64933,19513,0.2951,6.8864,-6.5913,75.0839,-0.08779,0.9141,1.0722,1.1729
lse-aw-cql-seed1-C,cql,72000,11,72000,1f9599dc085a5efd,-995.158935547,76763,39227,5.8735,9.1273,-3.2538,75.0839,-0.04334,0.9608,1.0372,1.0795
lse-aw-cql-seed1-C,cql,72000,12,72000,1f9599dc085a5efd,-995.158935547,33583,82841,-4.6355,7.8944,-12.5299,75.0839,-0.16688,0.9505,1.0101,1.0626
lse-aw-cql-seed1-C,cql,72000,13,72000,1f9599dc085a5efd,-995.158935547,29838,52509,-2.6995,4.1587,-6.8582,75.0839,-0.09134,0.9035,1.0386,1.1495
lse-aw-cql-seed1-C,cql,72000,14,72000,1f9599dc085a5efd,-995.158935547,36307,14110,12.0191,5.9122,6.1068,75.0839,0.08133,0.9377,1.1799,1.2584
lse-aw-cql-seed1-C,cql,73000,0,73000,b5ea3d07806a5179,-997.063110352,237311,68413,34.4397,17.5854,16.8542,75.1094,0.2244,0.8394,1.2268,1.4616
lse-aw-cql-seed1-C,cql,73000,2,73000,b5ea3d07806a5179,-997.063110352,168808,33814,23.5157,15.3078,8.2079,75.1094,0.10928,0.8859,1.0465,1.1814
lse-aw-cql-seed1-C,cql,73000,4,73000,b5ea3d07806a5179,-997.063110352,35214,133999,-23.6413,5.3595,-29.0008,75.1094,-0.38611,0.9004,0.9706,1.078
lse-aw-cql-seed1-C,cql,73000,5,73000,b5ea3d07806a5179,-997.063110352,40938,30344,-16.5757,0.9647,-17.5404,75.1094,-0.23353,0.9262,1.0739,1.1594
lse-aw-cql-seed1-C,cql,73000,6,73000,b5ea3d07806a5179,-997.063110352,51996,11915,0.627,5.8683,-5.2414,75.1094,-0.06978,0.9447,1.1107,1.1758
lse-aw-cql-seed1-C,cql,73000,7,73000,b5ea3d07806a5179,-997.063110352,64933,19513,1.4865,7.8102,-6.3237,75.1094,-0.08419,0.9166,1.0736,1.1713
lse-aw-cql-seed1-C,cql,73000,11,73000,b5ea3d07806a5179,-997.063110352,76763,39227,5.8219,8.8522,-3.0303,75.1094,-0.04034,0.963,1.0389,1.0788
lse-aw-cql-seed1-C,cql,73000,12,73000,b5ea3d07806a5179,-997.063110352,33583,82841,-5.1733,7.4947,-12.668,75.1094,-0.16866,0.9526,1.0096,1.0598
lse-aw-cql-seed1-C,cql,73000,13,73000,b5ea3d07806a5179,-997.063110352,29838,52509,-3.1204,3.8359,-6.9564,75.1094,-0.09262,0.902,1.0354,1.1478
lse-aw-cql-seed1-C,cql,73000,14,73000,b5ea3d07806a5179,-997.063110352,36307,14110,11.4937,5.6239,5.8698,75.1094,0.07815,0.9353,1.1768,1.2583
lse-aw-cql-seed1-C,cql,74000,0,74000,7bf2a03b11fe72e6,-999.360717773,237311,68413,34.839,17.4429,17.3961,76.5739,0.22718,0.841,1.2359,1.4696
lse-aw-cql-seed1-C,cql,74000,2,74000,7bf2a03b11fe72e6,-999.360717773,168808,33814,23.489,14.9792,8.5098,76.5739,0.11113,0.8862,1.0465,1.1809
lse-aw-cql-seed1-C,cql,74000,4,74000,7bf2a03b11fe72e6,-999.360717773,35214,133999,-24.5753,5.5593,-30.1346,76.5739,-0.39354,0.8958,0.9683,1.081
lse-aw-cql-seed1-C,cql,74000,5,74000,7bf2a03b11fe72e6,-999.360717773,40938,30344,-16.3692,1.3126,-17.6819,76.5739,-0.23091,0.9292,1.0743,1.1562
lse-aw-cql-seed1-C,cql,74000,6,74000,7bf2a03b11fe72e6,-999.360717773,51996,11915,-2.5187,5.4116,-7.9304,76.5739,-0.10356,0.9456,1.1093,1.1731
lse-aw-cql-seed1-C,cql,74000,7,74000,7bf2a03b11fe72e6,-999.360717773,64933,19513,-0.7305,7.0787,-7.8092,76.5739,-0.10198,0.9124,1.077,1.1805
lse-aw-cql-seed1-C,cql,74000,11,74000,7bf2a03b11fe72e6,-999.360717773,76763,39227,4.688,8.6376,-3.9496,76.5739,-0.05158,0.9635,1.0382,1.0775
lse-aw-cql-seed1-C,cql,74000,12,74000,7bf2a03b11fe72e6,-999.360717773,33583,82841,-5.9647,7.6375,-13.6022,76.5739,-0.17764,0.9524,1.0095,1.0599
lse-aw-cql-seed1-C,cql,74000,13,74000,7bf2a03b11fe72e6,-999.360717773,29838,52509,-4.2901,3.5506,-7.8407,76.5739,-0.10239,0.9027,1.0333,1.1446
lse-aw-cql-seed1-C,cql,74000,14,74000,7bf2a03b11fe72e6,-999.360717773,36307,14110,11.2306,5.3025,5.9281,76.5739,0.07742,0.9349,1.1712,1.2528
lse-aw-cql-seed1-C,cql,75000,0,75000,1e158b44465bfa23,-1000.065795898,237311,68413,34.5322,17.2673,17.265,76.293,0.2263,0.8401,1.2304,1.4646
lse-aw-cql-seed1-C,cql,75000,2,75000,1e158b44465bfa23,-1000.065795898,168808,33814,23.6157,15.3733,8.2424,76.293,0.10804,0.887,1.0451,1.1783
lse-aw-cql-seed1-C,cql,75000,4,75000,1e158b44465bfa23,-1000.065795898,35214,133999,-23.9888,5.8404,-29.8292,76.293,-0.39098,0.8958,0.9692,1.0819
lse-aw-cql-seed1-C,cql,75000,5,75000,1e158b44465bfa23,-1000.065795898,40938,30344,-16.7425,1.6029,-18.3455,76.293,-0.24046,0.9263,1.0748,1.1603
lse-aw-cql-seed1-C,cql,75000,6,75000,1e158b44465bfa23,-1000.065795898,51996,11915,-1.1334,5.6839,-6.8173,76.293,-0.08936,0.9423,1.1033,1.1708
lse-aw-cql-seed1-C,cql,75000,7,75000,1e158b44465bfa23,-1000.065795898,64933,19513,-0.6145,6.4051,-7.0196,76.293,-0.09201,0.9136,1.0747,1.1763
lse-aw-cql-seed1-C,cql,75000,11,75000,1e158b44465bfa23,-1000.065795898,76763,39227,5.8663,8.9821,-3.1158,76.293,-0.04084,0.9608,1.0369,1.0792
lse-aw-cql-seed1-C,cql,75000,12,75000,1e158b44465bfa23,-1000.065795898,33583,82841,-5.7553,7.9857,-13.7409,76.293,-0.18011,0.9524,1.0099,1.0603
lse-aw-cql-seed1-C,cql,75000,13,75000,1e158b44465bfa23,-1000.065795898,29838,52509,-3.9471,4.1838,-8.1309,76.293,-0.10657,0.8995,1.0335,1.1489
lse-aw-cql-seed1-C,cql,75000,14,75000,1e158b44465bfa23,-1000.065795898,36307,14110,11.0747,5.7764,5.2983,76.293,0.06945,0.9336,1.1743,1.2578
lse-aw-cql-seed1-C,cql,76000,0,76000,c8dfb35fb6a7a657,-1002.898742676,237311,68413,34.6319,17.0497,17.5822,78.4926,0.224,0.8392,1.2292,1.4648
lse-aw-cql-seed1-C,cql,76000,2,76000,c8dfb35fb6a7a657,-1002.898742676,168808,33814,23.7473,15.0949,8.6524,78.4926,0.11023,0.8874,1.0468,1.1796
lse-aw-cql-seed1-C,cql,76000,4,76000,c8dfb35fb6a7a657,-1002.898742676,35214,133999,-27.5243,5.2194,-32.7437,78.4926,-0.41716,0.8941,0.9693,1.0841
lse-aw-cql-seed1-C,cql,76000,5,76000,c8dfb35fb6a7a657,-1002.898742676,40938,30344,-16.9429,1.6379,-18.5808,78.4926,-0.23672,0.9253,1.0719,1.1584
lse-aw-cql-seed1-C,cql,76000,6,76000,c8dfb35fb6a7a657,-1002.898742676,51996,11915,-2.025,5.5693,-7.5943,78.4926,-0.09675,0.943,1.1088,1.1758
lse-aw-cql-seed1-C,cql,76000,7,76000,c8dfb35fb6a7a657,-1002.898742676,64933,19513,0.0109,7.4801,-7.4692,78.4926,-0.09516,0.9138,1.0707,1.1717
lse-aw-cql-seed1-C,cql,76000,11,76000,c8dfb35fb6a7a657,-1002.898742676,76763,39227,4.9608,8.7583,-3.7976,78.4926,-0.04838,0.9603,1.0371,1.0801
lse-aw-cql-seed1-C,cql,76000,12,76000,c8dfb35fb6a7a657,-1002.898742676,33583,82841,-4.4857,7.7839,-12.2696,78.4926,-0.15632,0.9482,1.0089,1.064
lse-aw-cql-seed1-C,cql,76000,13,76000,c8dfb35fb6a7a657,-1002.898742676,29838,52509,-3.8121,3.8261,-7.6382,78.4926,-0.09731,0.8979,1.0338,1.1514
lse-aw-cql-seed1-C,cql,76000,14,76000,c8dfb35fb6a7a657,-1002.898742676,36307,14110,11.8645,5.7121,6.1524,78.4926,0.07838,0.9328,1.1737,1.2582
lse-aw-cql-seed1-C,cql,77000,0,77000,f72d88927c04a5ea,-1005.731323242,237311,68413,34.7834,17.7636,17.0198,78.1337,0.21783,0.8395,1.2313,1.4666
lse-aw-cql-seed1-C,cql,77000,2,77000,f72d88927c04a5ea,-1005.731323242,168808,33814,23.2472,15.2189,8.0283,78.1337,0.10275,0.886,1.0464,1.181
lse-aw-cql-seed1-C,cql,77000,4,77000,f72d88927c04a5ea,-1005.731323242,35214,133999,-24.1961,5.9234,-30.1196,78.1337,-0.38549,0.8989,0.97,1.0791
lse-aw-cql-seed1-C,cql,77000,5,77000,f72d88927c04a5ea,-1005.731323242,40938,30344,-17.9067,1.5604,-19.4671,78.1337,-0.24915,0.927,1.0745,1.159
lse-aw-cql-seed1-C,cql,77000,6,77000,f72d88927c04a5ea,-1005.731323242,51996,11915,-1.6886,5.6082,-7.2969,78.1337,-0.09339,0.944,1.1033,1.1688
lse-aw-cql-seed1-C,cql,77000,7,77000,f72d88927c04a5ea,-1005.731323242,64933,19513,-1.1127,6.7822,-7.8949,78.1337,-0.10104,0.9121,1.0675,1.1704
lse-aw-cql-seed1-C,cql,77000,11,77000,f72d88927c04a5ea,-1005.731323242,76763,39227,4.5369,8.4239,-3.887,78.1337,-0.04975,0.9606,1.034,1.0764
lse-aw-cql-seed1-C,cql,77000,12,77000,f72d88927c04a5ea,-1005.731323242,33583,82841,-7.6476,7.3392,-14.9868,78.1337,-0.19181,0.9567,1.0111,1.0568
lse-aw-cql-seed1-C,cql,77000,13,77000,f72d88927c04a5ea,-1005.731323242,29838,52509,-4.9124,3.8085,-8.7209,78.1337,-0.11161,0.9021,1.0359,1.1483
lse-aw-cql-seed1-C,cql,77000,14,77000,f72d88927c04a5ea,-1005.731323242,36307,14110,11.6958,5.4677,6.2281,78.1337,0.07971,0.9345,1.174,1.2563
lse-aw-cql-seed1-C,cql,78000,0,78000,81494836bbb83bad,-1010.019165039,237311,68413,34.692,17.8212,16.8708,77.3271,0.21817,0.84,1.2344,1.4695
lse-aw-cql-seed1-C,cql,78000,2,78000,81494836bbb83bad,-1010.019165039,168808,33814,23.5893,15.1578,8.4315,77.3271,0.10904,0.886,1.0445,1.1788
lse-aw-cql-seed1-C,cql,78000,4,78000,81494836bbb83bad,-1010.019165039,35214,133999,-25.8722,5.3185,-31.1907,77.3271,-0.40336,0.8917,0.9681,1.0856
lse-aw-cql-seed1-C,cql,78000,5,78000,81494836bbb83bad,-1010.019165039,40938,30344,-16.7455,1.9673,-18.7128,77.3271,-0.242,0.9265,1.073,1.1581
lse-aw-cql-seed1-C,cql,78000,6,78000,81494836bbb83bad,-1010.019165039,51996,11915,-1.152,6.2879,-7.44,77.3271,-0.09621,0.9439,1.1039,1.1696
lse-aw-cql-seed1-C,cql,78000,7,78000,81494836bbb83bad,-1010.019165039,64933,19513,-1.376,6.7934,-8.1694,77.3271,-0.10565,0.9142,1.0733,1.174
lse-aw-cql-seed1-C,cql,78000,11,78000,81494836bbb83bad,-1010.019165039,76763,39227,6.3368,8.9665,-2.6297,77.3271,-0.03401,0.9615,1.0362,1.0777
lse-aw-cql-seed1-C,cql,78000,12,78000,81494836bbb83bad,-1010.019165039,33583,82841,-4.5152,7.9876,-12.5028,77.3271,-0.16169,0.9488,1.0087,1.063
lse-aw-cql-seed1-C,cql,78000,13,78000,81494836bbb83bad,-1010.019165039,29838,52509,-3.3389,4.3222,-7.6611,77.3271,-0.09907,0.9014,1.0349,1.1481
lse-aw-cql-seed1-C,cql,78000,14,78000,81494836bbb83bad,-1010.019165039,36307,14110,11.5568,5.8944,5.6624,77.3271,0.07323,0.9339,1.1719,1.2549
lse-aw-cql-seed1-C,cql,79000,0,79000,ae5444a61040e0d5,-1011.582519531,237311,68413,34.6887,17.4386,17.2501,79.6699,0.21652,0.8399,1.2353,1.4708
lse-aw-cql-seed1-C,cql,79000,2,79000,ae5444a61040e0d5,-1011.582519531,168808,33814,23.3439,15.2518,8.0921,79.6699,0.10157,0.8856,1.0462,1.1813
lse-aw-cql-seed1-C,cql,79000,4,79000,ae5444a61040e0d5,-1011.582519531,35214,133999,-27.3161,5.24,-32.5562,79.6699,-0.40864,0.8983,0.971,1.0809
lse-aw-cql-seed1-C,cql,79000,5,79000,ae5444a61040e0d5,-1011.582519531,40938,30344,-17.4117,1.4032,-18.8149,79.6699,-0.23616,0.9281,1.0773,1.1607
lse-aw-cql-seed1-C,cql,79000,6,79000,ae5444a61040e0d5,-1011.582519531,51996,11915,-1.3881,5.2428,-6.6309,79.6699,-0.08323,0.9468,1.1049,1.1669
lse-aw-cql-seed1-C,cql,79000,7,79000,ae5444a61040e0d5,-1011.582519531,64933,19513,-1.282,6.5322,-7.8141,79.6699,-0.09808,0.9119,1.0714,1.175
lse-aw-cql-seed1-C,cql,79000,11,79000,ae5444a61040e0d5,-1011.582519531,76763,39227,4.5426,8.5239,-3.9813,79.6699,-0.04997,0.9615,1.0352,1.0767
lse-aw-cql-seed1-C,cql,79000,12,79000,ae5444a61040e0d5,-1011.582519531,33583,82841,-7.5528,7.4191,-14.9718,79.6699,-0.18792,0.9533,1.0098,1.0592
lse-aw-cql-seed1-C,cql,79000,13,79000,ae5444a61040e0d5,-1011.582519531,29838,52509,-5.2438,3.968,-9.2117,79.6699,-0.11562,0.902,1.0368,1.1493
lse-aw-cql-seed1-C,cql,79000,14,79000,ae5444a61040e0d5,-1011.582519531,36307,14110,11.484,5.9005,5.5835,79.6699,0.07008,0.9404,1.1735,1.2478
lse-aw-cql-seed1-C,cql,80000,0,80000,9a96bf46c0c51ed6,-1013.65222168,237311,68413,33.7202,16.7471,16.9731,79.866,0.21252,0.8393,1.2308,1.4664
lse-aw-cql-seed1-C,cql,80000,2,80000,9a96bf46c0c51ed6,-1013.65222168,168808,33814,22.7699,14.7384,8.0315,79.866,0.10056,0.886,1.0436,1.1779
lse-aw-cql-seed1-C,cql,80000,4,80000,9a96bf46c0c51ed6,-1013.65222168,35214,133999,-28.5162,4.8446,-33.3608,79.866,-0.41771,0.8924,0.9672,1.0839
lse-aw-cql-seed1-C,cql,80000,5,80000,9a96bf46c0c51ed6,-1013.65222168,40938,30344,-19.0678,1.0622,-20.1299,79.866,-0.25205,0.9227,1.0733,1.1632
lse-aw-cql-seed1-C,cql,80000,6,80000,9a96bf46c0c51ed6,-1013.65222168,51996,11915,-2.6039,5.6931,-8.2969,79.866,-0.10389,0.9436,1.1044,1.1704
lse-aw-cql-seed1-C,cql,80000,7,80000,9a96bf46c0c51ed6,-1013.65222168,64933,19513,-0.9333,6.5606,-7.4939,79.866,-0.09383,0.9134,1.0705,1.172
lse-aw-cql-seed1-C,cql,80000,11,80000,9a96bf46c0c51ed6,-1013.65222168,76763,39227,4.4489,8.3648,-3.9159,79.866,-0.04903,0.9612,1.0368,1.0786
lse-aw-cql-seed1-C,cql,80000,12,80000,9a96bf46c0c51ed6,-1013.65222168,33583,82841,-7.0661,7.3199,-14.386,79.866,-0.18013,0.9516,1.0089,1.0602
lse-aw-cql-seed1-C,cql,80000,13,80000,9a96bf46c0c51ed6,-1013.65222168,29838,52509,-3.1276,4.013,-7.1406,79.866,-0.08941,0.8993,1.0327,1.1483
lse-aw-cql-seed1-C,cql,80000,14,80000,9a96bf46c0c51ed6,-1013.65222168,36307,14110,11.5978,5.6033,5.9945,79.866,0.07506,0.9315,1.1703,1.2564
lse-aw-cql-seed1-C,cql,81000,0,81000,4345d1cb95790ccf,-1011.290283203,237311,68413,33.516,16.3312,17.1848,80.498,0.21348,0.8398,1.2298,1.4644
lse-aw-cql-seed1-C,cql,81000,2,81000,4345d1cb95790ccf,-1011.290283203,168808,33814,22.5434,14.7476,7.7957,80.498,0.09684,0.8874,1.0418,1.174
lse-aw-cql-seed1-C,cql,81000,4,81000,4345d1cb95790ccf,-1011.290283203,35214,133999,-28.4495,4.6982,-33.1478,80.498,-0.41178,0.8985,0.9687,1.0781
lse-aw-cql-seed1-C,cql,81000,5,81000,4345d1cb95790ccf,-1011.290283203,40938,30344,-20.2178,0.7715,-20.9893,80.498,-0.26074,0.9276,1.076,1.16
lse-aw-cql-seed1-C,cql,81000,6,81000,4345d1cb95790ccf,-1011.290283203,51996,11915,-3.7175,4.8751,-8.5926,80.498,-0.10674,0.9423,1.105,1.1726
lse-aw-cql-seed1-C,cql,81000,7,81000,4345d1cb95790ccf,-1011.290283203,64933,19513,-1.9361,6.1106,-8.0467,80.498,-0.09996,0.9121,1.0726,1.176
lse-aw-cql-seed1-C,cql,81000,11,81000,4345d1cb95790ccf,-1011.290283203,76763,39227,4.6949,8.6759,-3.981,80.498,-0.04946,0.9605,1.0343,1.0769
lse-aw-cql-seed1-C,cql,81000,12,81000,4345d1cb95790ccf,-1011.290283203,33583,82841,-6.9434,7.3275,-14.2709,80.498,-0.17728,0.9524,1.0087,1.0591
lse-aw-cql-seed1-C,cql,81000,13,81000,4345d1cb95790ccf,-1011.290283203,29838,52509,-5.0734,3.717,-8.7904,80.498,-0.1092,0.9029,1.0344,1.1457
lse-aw-cql-seed1-C,cql,81000,14,81000,4345d1cb95790ccf,-1011.290283203,36307,14110,9.9029,5.3679,4.5349,80.498,0.05634,0.9343,1.1759,1.2586
lse-aw-cql-seed1-C,cql,82000,0,82000,fbf98748a25efcbe,-1009.979614258,237311,68413,34.4054,17.0301,17.3754,81.6771,0.21273,0.8392,1.2267,1.4617
lse-aw-cql-seed1-C,cql,82000,2,82000,fbf98748a25efcbe,-1009.979614258,168808,33814,23.3634,14.9146,8.4488,81.6771,0.10344,0.8858,1.0426,1.177
lse-aw-cql-seed1-C,cql,82000,4,82000,fbf98748a25efcbe,-1009.979614258,35214,133999,-28.9133,5.1559,-34.0692,81.6771,-0.41712,0.8963,0.9704,1.0827
lse-aw-cql-seed1-C,cql,82000,5,82000,fbf98748a25efcbe,-1009.979614258,40938,30344,-18.7675,1.0721,-19.8396,81.6771,-0.2429,0.9286,1.0763,1.1591
lse-aw-cql-seed1-C,cql,82000,6,82000,fbf98748a25efcbe,-1009.979614258,51996,11915,-3.0579,4.9882,-8.0461,81.6771,-0.09851,0.9467,1.1076,1.1699
lse-aw-cql-seed1-C,cql,82000,7,82000,fbf98748a25efcbe,-1009.979614258,64933,19513,-1.2801,5.8103,-7.0904,81.6771,-0.08681,0.9181,1.0755,1.1715
lse-aw-cql-seed1-C,cql,82000,11,82000,fbf98748a25efcbe,-1009.979614258,76763,39227,3.1102,8.0011,-4.8909,81.6771,-0.05988,0.9626,1.0365,1.0768
lse-aw-cql-seed1-C,cql,82000,12,82000,fbf98748a25efcbe,-1009.979614258,33583,82841,-7.4897,7.2507,-14.7404,81.6771,-0.18047,0.9521,1.009,1.0598
lse-aw-cql-seed1-C,cql,82000,13,82000,fbf98748a25efcbe,-1009.979614258,29838,52509,-4.904,3.5458,-8.4498,81.6771,-0.10345,0.9013,1.0355,1.1489
lse-aw-cql-seed1-C,cql,82000,14,82000,fbf98748a25efcbe,-1009.979614258,36307,14110,10.745,4.9604,5.7846,81.6771,0.07082,0.9358,1.17,1.2502
lse-aw-cql-seed1-C,cql,83000,0,83000,d844581136d6450e,-1007.184204102,237311,68413,34.0475,17.1472,16.9003,79.8672,0.21161,0.8382,1.2312,1.4689
lse-aw-cql-seed1-C,cql,83000,2,83000,d844581136d6450e,-1007.184204102,168808,33814,22.3643,14.9274,7.4369,79.8672,0.09312,0.8861,1.0425,1.1765
lse-aw-cql-seed1-C,cql,83000,4,83000,d844581136d6450e,-1007.184204102,35214,133999,-27.2014,5.7087,-32.9101,79.8672,-0.41206,0.8913,0.9685,1.0866
lse-aw-cql-seed1-C,cql,83000,5,83000,d844581136d6450e,-1007.184204102,40938,30344,-19.6391,1.8768,-21.5158,79.8672,-0.2694,0.9222,1.0737,1.1643
lse-aw-cql-seed1-C,cql,83000,6,83000,d844581136d6450e,-1007.184204102,51996,11915,-3.3051,5.3118,-8.6168,79.8672,-0.10789,0.9445,1.1061,1.1711
lse-aw-cql-seed1-C,cql,83000,7,83000,d844581136d6450e,-1007.184204102,64933,19513,-2.2462,6.4419,-8.6881,79.8672,-0.10878,0.9147,1.0722,1.1722
lse-aw-cql-seed1-C,cql,83000,11,83000,d844581136d6450e,-1007.184204102,76763,39227,4.6086,8.3847,-3.7761,79.8672,-0.04728,0.9649,1.0378,1.0755
lse-aw-cql-seed1-C,cql,83000,12,83000,d844581136d6450e,-1007.184204102,33583,82841,-7.6407,7.5071,-15.1478,79.8672,-0.18966,0.9524,1.0098,1.0602
lse-aw-cql-seed1-C,cql,83000,13,83000,d844581136d6450e,-1007.184204102,29838,52509,-4.5178,4.4144,-8.9323,79.8672,-0.11184,0.8968,1.0324,1.1512
lse-aw-cql-seed1-C,cql,83000,14,83000,d844581136d6450e,-1007.184204102,36307,14110,11.1767,5.8185,5.3581,79.8672,0.06709,0.9321,1.1701,1.2553
lse-aw-cql-seed1-C,cql,84000,0,84000,8680f2ff6ad82116,-1002.631225586,237311,68413,33.7756,16.8753,16.9002,80.6331,0.20959,0.8386,1.2296,1.4663
lse-aw-cql-seed1-C,cql,84000,2,84000,8680f2ff6ad82116,-1002.631225586,168808,33814,22.1548,14.3713,7.7835,80.6331,0.09653,0.8866,1.0435,1.1769
lse-aw-cql-seed1-C,cql,84000,4,84000,8680f2ff6ad82116,-1002.631225586,35214,133999,-27.5394,5.3087,-32.8481,80.6331,-0.40738,0.8946,0.9694,1.0836
lse-aw-cql-seed1-C,cql,84000,5,84000,8680f2ff6ad82116,-1002.631225586,40938,30344,-19.7669,1.2977,-21.0646,80.6331,-0.26124,0.9252,1.074,1.1609
lse-aw-cql-seed1-C,cql,84000,6,84000,8680f2ff6ad82116,-1002.631225586,51996,11915,-3.2809,4.9985,-8.2794,80.6331,-0.10268,0.9447,1.1063,1.171
lse-aw-cql-seed1-C,cql,84000,7,84000,8680f2ff6ad82116,-1002.631225586,64933,19513,-2.2062,6.161,-8.3672,80.6331,-0.10377,0.9146,1.0698,1.1698
lse-aw-cql-seed1-C,cql,84000,11,84000,8680f2ff6ad82116,-1002.631225586,76763,39227,3.943,8.4348,-4.4918,80.6331,-0.05571,0.965,1.0392,1.0769
lse-aw-cql-seed1-C,cql,84000,12,84000,8680f2ff6ad82116,-1002.631225586,33583,82841,-7.1006,7.1457,-14.2462,80.6331,-0.17668,0.9536,1.0098,1.059
lse-aw-cql-seed1-C,cql,84000,13,84000,8680f2ff6ad82116,-1002.631225586,29838,52509,-3.8517,4.0355,-7.8872,80.6331,-0.09782,0.9017,1.0342,1.1469
lse-aw-cql-seed1-C,cql,84000,14,84000,8680f2ff6ad82116,-1002.631225586,36307,14110,10.6415,5.3174,5.3242,80.6331,0.06603,0.9344,1.1715,1.2538
lse-aw-cql-seed1-C,cql,85000,0,85000,98aef06293da0944,-997.72064209,237311,68413,33.2292,16.1915,17.0377,80.2123,0.21241,0.8398,1.2307,1.4654
lse-aw-cql-seed1-C,cql,85000,2,85000,98aef06293da0944,-997.72064209,168808,33814,22.4286,14.8019,7.6268,80.2123,0.09508,0.8859,1.0448,1.1793
lse-aw-cql-seed1-C,cql,85000,4,85000,98aef06293da0944,-997.72064209,35214,133999,-28.0372,5.5267,-33.5639,80.2123,-0.41844,0.8937,0.9694,1.0848
lse-aw-cql-seed1-C,cql,85000,5,85000,98aef06293da0944,-997.72064209,40938,30344,-19.4254,1.2527,-20.6781,80.2123,-0.25779,0.9241,1.0741,1.1624
lse-aw-cql-seed1-C,cql,85000,6,85000,98aef06293da0944,-997.72064209,51996,11915,-4.2143,4.7019,-8.9161,80.2123,-0.11116,0.9415,1.1057,1.1744
lse-aw-cql-seed1-C,cql,85000,7,85000,98aef06293da0944,-997.72064209,64933,19513,-3.5494,5.6341,-9.1834,80.2123,-0.11449,0.9141,1.0703,1.1708
lse-aw-cql-seed1-C,cql,85000,11,85000,98aef06293da0944,-997.72064209,76763,39227,3.1375,7.892,-4.7545,80.2123,-0.05927,0.9635,1.0371,1.0763
lse-aw-cql-seed1-C,cql,85000,12,85000,98aef06293da0944,-997.72064209,33583,82841,-9.2339,7.0671,-16.301,80.2123,-0.20322,0.9564,1.0106,1.0567
lse-aw-cql-seed1-C,cql,85000,13,85000,98aef06293da0944,-997.72064209,29838,52509,-4.4613,4.1608,-8.6221,80.2123,-0.10749,0.8982,1.0345,1.1517
lse-aw-cql-seed1-C,cql,85000,14,85000,98aef06293da0944,-997.72064209,36307,14110,10.7159,5.4686,5.2474,80.2123,0.06542,0.9351,1.1754,1.257
lse-aw-cql-seed1-C,cql,86000,0,86000,325ce7e704f8a432,-995.537475586,237311,68413,33.6816,17.4098,16.2718,81.2287,0.20032,0.8396,1.2321,1.4676
lse-aw-cql-seed1-C,cql,86000,2,86000,325ce7e704f8a432,-995.537475586,168808,33814,22.4583,14.7956,7.6626,81.2287,0.09433,0.8861,1.0455,1.1799
lse-aw-cql-seed1-C,cql,86000,4,86000,325ce7e704f8a432,-995.537475586,35214,133999,-28.4951,5.2548,-33.7499,81.2287,-0.41549,0.8937,0.9686,1.0837
lse-aw-cql-seed1-C,cql,86000,5,86000,325ce7e704f8a432,-995.537475586,40938,30344,-19.6954,1.0685,-20.7639,81.2287,-0.25562,0.9242,1.0723,1.1602
lse-aw-cql-seed1-C,cql,86000,6,86000,325ce7e704f8a432,-995.537475586,51996,11915,-4.315,4.5997,-8.9147,81.2287,-0.10975,0.9445,1.1062,1.1712
lse-aw-cql-seed1-C,cql,86000,7,86000,325ce7e704f8a432,-995.537475586,64933,19513,-3.9593,5.6574,-9.6166,81.2287,-0.11839,0.9133,1.0732,1.175
lse-aw-cql-seed1-C,cql,86000,11,86000,325ce7e704f8a432,-995.537475586,76763,39227,3.334,7.8466,-4.5126,81.2287,-0.05555,0.9628,1.0359,1.0759
lse-aw-cql-seed1-C,cql,86000,12,86000,325ce7e704f8a432,-995.537475586,33583,82841,-7.3016,7.3692,-14.6708,81.2287,-0.18061,0.9508,1.0076,1.0598
lse-aw-cql-seed1-C,cql,86000,13,86000,325ce7e704f8a432,-995.537475586,29838,52509,-5.5031,3.8425,-9.3457,81.2287,-0.11505,0.8984,1.0327,1.1494
lse-aw-cql-seed1-C,cql,86000,14,86000,325ce7e704f8a432,-995.537475586,36307,14110,10.3233,5.3851,4.9382,81.2287,0.06079,0.9332,1.1684,1.2521
lse-aw-cql-seed1-C,cql,87000,0,87000,3177780c128de8ca,-994.255004883,237311,68413,33.8308,16.9156,16.9152,81.3934,0.20782,0.8395,1.2307,1.466
lse-aw-cql-seed1-C,cql,87000,2,87000,3177780c128de8ca,-994.255004883,168808,33814,21.8396,14.4858,7.3538,81.3934,0.09035,0.8868,1.0472,1.1809
lse-aw-cql-seed1-C,cql,87000,4,87000,3177780c128de8ca,-994.255004883,35214,133999,-28.571,4.9825,-33.5535,81.3934,-0.41224,0.8935,0.9688,1.0843
lse-aw-cql-seed1-C,cql,87000,5,87000,3177780c128de8ca,-994.255004883,40938,30344,-20.568,0.8457,-21.4137,81.3934,-0.26309,0.9258,1.0734,1.1595
lse-aw-cql-seed1-C,cql,87000,6,87000,3177780c128de8ca,-994.255004883,51996,11915,-4.6837,4.5575,-9.2412,81.3934,-0.11354,0.9436,1.1028,1.1687
lse-aw-cql-seed1-C,cql,87000,7,87000,3177780c128de8ca,-994.255004883,64933,19513,-3.2115,5.7637,-8.9751,81.3934,-0.11027,0.9137,1.0682,1.1691
lse-aw-cql-seed1-C,cql,87000,11,87000,3177780c128de8ca,-994.255004883,76763,39227,3.2465,8.2577,-5.0112,81.3934,-0.06157,0.9594,1.0359,1.0797
lse-aw-cql-seed1-C,cql,87000,12,87000,3177780c128de8ca,-994.255004883,33583,82841,-8.853,7.0503,-15.9033,81.3934,-0.19539,0.9516,1.0084,1.0597
lse-aw-cql-seed1-C,cql,87000,13,87000,3177780c128de8ca,-994.255004883,29838,52509,-6.0813,3.2708,-9.3522,81.3934,-0.1149,0.9032,1.0336,1.1444
lse-aw-cql-seed1-C,cql,87000,14,87000,3177780c128de8ca,-994.255004883,36307,14110,9.6381,4.9456,4.6924,81.3934,0.05765,0.9364,1.1717,1.2512
lse-aw-cql-seed1-C,cql,88000,0,88000,587d377d711b0e8c,-990.368774414,237311,68413,33.2858,16.307,16.9788,83.6598,0.20295,0.8395,1.23,1.4651
lse-aw-cql-seed1-C,cql,88000,2,88000,587d377d711b0e8c,-990.368774414,168808,33814,21.6063,14.2861,7.3202,83.6598,0.0875,0.8869,1.044,1.1772
lse-aw-cql-seed1-C,cql,88000,4,88000,587d377d711b0e8c,-990.368774414,35214,133999,-31.9332,4.9219,-36.8552,83.6598,-0.44054,0.8952,0.9689,1.0824
lse-aw-cql-seed1-C,cql,88000,5,88000,587d377d711b0e8c,-990.368774414,40938,30344,-21.3387,0.9341,-22.2728,83.6598,-0.26623,0.9303,1.0753,1.1559
lse-aw-cql-seed1-C,cql,88000,6,88000,587d377d711b0e8c,-990.368774414,51996,11915,-4.4963,4.5665,-9.0629,83.6598,-0.10833,0.9451,1.1041,1.1683
lse-aw-cql-seed1-C,cql,88000,7,88000,587d377d711b0e8c,-990.368774414,64933,19513,-3.0882,6.0985,-9.1867,83.6598,-0.10981,0.9156,1.0729,1.1717
lse-aw-cql-seed1-C,cql,88000,11,88000,587d377d711b0e8c,-990.368774414,76763,39227,4.1414,8.5181,-4.3767,83.6598,-0.05232,0.9627,1.0373,1.0774
lse-aw-cql-seed1-C,cql,88000,12,88000,587d377d711b0e8c,-990.368774414,33583,82841,-8.8596,7.034,-15.8937,83.6598,-0.18998,0.9525,1.0097,1.06
lse-aw-cql-seed1-C,cql,88000,13,88000,587d377d711b0e8c,-990.368774414,29838,52509,-6.5923,3.4853,-10.0776,83.6598,-0.12046,0.903,1.0353,1.1464
lse-aw-cql-seed1-C,cql,88000,14,88000,587d377d711b0e8c,-990.368774414,36307,14110,10.255,5.3021,4.9529,83.6598,0.0592,0.936,1.1679,1.2478
lse-aw-cql-seed1-C,cql,89000,0,89000,a3220f12ec92c9e4,-986.552734375,237311,68413,33.7249,16.9498,16.7751,83.5147,0.20086,0.8388,1.2271,1.463
lse-aw-cql-seed1-C,cql,89000,2,89000,a3220f12ec92c9e4,-986.552734375,168808,33814,22.0387,14.2945,7.7442,83.5147,0.09273,0.8864,1.0439,1.1777
lse-aw-cql-seed1-C,cql,89000,4,89000,a3220f12ec92c9e4,-986.552734375,35214,133999,-30.7963,5.168,-35.9644,83.5147,-0.43063,0.8939,0.9689,1.0839
lse-aw-cql-seed1-C,cql,89000,5,89000,a3220f12ec92c9e4,-986.552734375,40938,30344,-21.6076,1.0756,-22.6832,83.5147,-0.27161,0.9264,1.0738,1.1591
lse-aw-cql-seed1-C,cql,89000,6,89000,a3220f12ec92c9e4,-986.552734375,51996,11915,-5.2667,4.4893,-9.756,83.5147,-0.11682,0.9425,1.1023,1.1696
lse-aw-cql-seed1-C,cql,89000,7,89000,a3220f12ec92c9e4,-986.552734375,64933,19513,-4.1411,5.6754,-9.8165,83.5147,-0.11754,0.9138,1.0668,1.1675
lse-aw-cql-seed1-C,cql,89000,11,89000,a3220f12ec92c9e4,-986.552734375,76763,39227,2.417,7.9135,-5.4965,83.5147,-0.06582,0.9633,1.0353,1.0746
lse-aw-cql-seed1-C,cql,89000,12,89000,a3220f12ec92c9e4,-986.552734375,33583,82841,-9.2993,6.6546,-15.9539,83.5147,-0.19103,0.9522,1.0102,1.0608
lse-aw-cql-seed1-C,cql,89000,13,89000,a3220f12ec92c9e4,-986.552734375,29838,52509,-4.7266,3.7161,-8.4426,83.5147,-0.10109,0.8998,1.0354,1.1506
lse-aw-cql-seed1-C,cql,89000,14,89000,a3220f12ec92c9e4,-986.552734375,36307,14110,10.34,5.3386,5.0014,83.5147,0.05989,0.9338,1.1673,1.25
lse-aw-cql-seed1-C,cql,90000,0,90000,91b3ff75ed7780d1,-982.706970215,237311,68413,32.7175,16.0863,16.6312,83.1798,0.19994,0.8387,1.229,1.4653
lse-aw-cql-seed1-C,cql,90000,2,90000,91b3ff75ed7780d1,-982.706970215,168808,33814,21.5805,14.5504,7.0302,83.1798,0.08452,0.8876,1.0438,1.176
lse-aw-cql-seed1-C,cql,90000,4,90000,91b3ff75ed7780d1,-982.706970215,35214,133999,-30.9042,5.412,-36.3161,83.1798,-0.4366,0.8913,0.9677,1.0857
lse-aw-cql-seed1-C,cql,90000,5,90000,91b3ff75ed7780d1,-982.706970215,40938,30344,-20.4161,1.5762,-21.9922,83.1798,-0.26439,0.9232,1.072,1.1612
lse-aw-cql-seed1-C,cql,90000,6,90000,91b3ff75ed7780d1,-982.706970215,51996,11915,-5.7535,4.4681,-10.2217,83.1798,-0.12289,0.9452,1.1054,1.1695
lse-aw-cql-seed1-C,cql,90000,7,90000,91b3ff75ed7780d1,-982.706970215,64933,19513,-4.612,5.4515,-10.0635,83.1798,-0.12098,0.9151,1.0693,1.1685
lse-aw-cql-seed1-C,cql,90000,11,90000,91b3ff75ed7780d1,-982.706970215,76763,39227,2.0094,7.5733,-5.5639,83.1798,-0.06689,0.9614,1.0356,1.0771
lse-aw-cql-seed1-C,cql,90000,12,90000,91b3ff75ed7780d1,-982.706970215,33583,82841,-9.4621,6.7377,-16.1998,83.1798,-0.19476,0.9528,1.0096,1.0596
lse-aw-cql-seed1-C,cql,90000,13,90000,91b3ff75ed7780d1,-982.706970215,29838,52509,-5.4298,3.7891,-9.2189,83.1798,-0.11083,0.8964,1.0326,1.1519
lse-aw-cql-seed1-C,cql,90000,14,90000,91b3ff75ed7780d1,-982.706970215,36307,14110,10.3356,5.1703,5.1652,83.1798,0.0621,0.9332,1.1709,1.2548
lse-aw-cql-seed1-C,cql,91000,0,91000,89d17c3c477b17e2,-980.108642578,237311,68413,33.4421,16.9186,16.5235,84.1799,0.19629,0.8393,1.2276,1.4626
lse-aw-cql-seed1-C,cql,91000,2,91000,89d17c3c477b17e2,-980.108642578,168808,33814,22.0378,14.7819,7.2559,84.1799,0.0862,0.8867,1.0407,1.1737
lse-aw-cql-seed1-C,cql,91000,4,91000,89d17c3c477b17e2,-980.108642578,35214,133999,-29.8785,5.3071,-35.1856,84.1799,-0.41798,0.8966,0.9705,1.0825
lse-aw-cql-seed1-C,cql,91000,5,91000,89d17c3c477b17e2,-980.108642578,40938,30344,-21.4694,1.183,-22.6524,84.1799,-0.26909,0.931,1.0746,1.1542
lse-aw-cql-seed1-C,cql,91000,6,91000,89d17c3c477b17e2,-980.108642578,51996,11915,-6.3863,4.0383,-10.4246,84.1799,-0.12384,0.9422,1.1056,1.1735
lse-aw-cql-seed1-C,cql,91000,7,91000,89d17c3c477b17e2,-980.108642578,64933,19513,-5.25,5.1194,-10.3694,84.1799,-0.12318,0.9133,1.0684,1.1698
lse-aw-cql-seed1-C,cql,91000,11,91000,89d17c3c477b17e2,-980.108642578,76763,39227,3.0775,8.2298,-5.1523,84.1799,-0.06121,0.9613,1.0343,1.0759
lse-aw-cql-seed1-C,cql,91000,12,91000,89d17c3c477b17e2,-980.108642578,33583,82841,-10.3596,7.1699,-17.5295,84.1799,-0.20824,0.9519,1.0094,1.0604
lse-aw-cql-seed1-C,cql,91000,13,91000,89d17c3c477b17e2,-980.108642578,29838,52509,-6.4054,3.7521,-10.1575,84.1799,-0.12066,0.9033,1.0358,1.1467
lse-aw-cql-seed1-C,cql,91000,14,91000,89d17c3c477b17e2,-980.108642578,36307,14110,10.0446,4.8884,5.1562,84.1799,0.06125,0.936,1.1703,1.2503
lse-aw-cql-seed1-C,cql,92000,0,92000,5f55ac2e1bc6e6c0,-975.984680176,237311,68413,33.3893,16.6613,16.728,84.9136,0.197,0.8388,1.2316,1.4683
lse-aw-cql-seed1-C,cql,92000,2,92000,5f55ac2e1bc6e6c0,-975.984680176,168808,33814,21.9373,14.6488,7.2885,84.9136,0.08583,0.8866,1.0435,1.177
lse-aw-cql-seed1-C,cql,92000,4,92000,5f55ac2e1bc6e6c0,-975.984680176,35214,133999,-32.1707,4.6632,-36.834,84.9136,-0.43378,0.8962,0.9699,1.0823
lse-aw-cql-seed1-C,cql,92000,5,92000,5f55ac2e1bc6e6c0,-975.984680176,40938,30344,-21.9341,0.8539,-22.788,84.9136,-0.26837,0.9256,1.0743,1.1607
lse-aw-cql-seed1-C,cql,92000,6,92000,5f55ac2e1bc6e6c0,-975.984680176,51996,11915,-5.5637,4.2507,-9.8144,84.9136,-0.11558,0.9436,1.1027,1.1686
lse-aw-cql-seed1-C,cql,92000,7,92000,5f55ac2e1bc6e6c0,-975.984680176,64933,19513,-4.3972,5.3136,-9.7108,84.9136,-0.11436,0.9142,1.0691,1.1695
lse-aw-cql-seed1-C,cql,92000,11,92000,5f55ac2e1bc6e6c0,-975.984680176,76763,39227,2.5465,7.7471,-5.2006,84.9136,-0.06125,0.9639,1.0344,1.0732
lse-aw-cql-seed1-C,cql,92000,12,92000,5f55ac2e1bc6e6c0,-975.984680176,33583,82841,-9.497,6.6916,-16.1886,84.9136,-0.19065,0.9496,1.0081,1.0616
lse-aw-cql-seed1-C,cql,92000,13,92000,5f55ac2e1bc6e6c0,-975.984680176,29838,52509,-6.6722,3.4928,-10.165,84.9136,-0.11971,0.899,1.0335,1.1497
lse-aw-cql-seed1-C,cql,92000,14,92000,5f55ac2e1bc6e6c0,-975.984680176,36307,14110,10.4805,5.0735,5.407,84.9136,0.06368,0.9346,1.173,1.2551
lse-aw-cql-seed1-C,cql,93000,0,93000,3f755694fcd8c345,-968.323242188,237311,68413,33.2578,16.7279,16.5299,85.8901,0.19245,0.8398,1.232,1.4671
lse-aw-cql-seed1-C,cql,93000,2,93000,3f755694fcd8c345,-968.323242188,168808,33814,21.9894,14.9009,7.0886,85.8901,0.08253,0.8863,1.0446,1.1786
lse-aw-cql-seed1-C,cql,93000,4,93000,3f755694fcd8c345,-968.323242188,35214,133999,-34.2075,4.9352,-39.1427,85.8901,-0.45573,0.8957,0.9689,1.0818
lse-aw-cql-seed1-C,cql,93000,5,93000,3f755694fcd8c345,-968.323242188,40938,30344,-22.8692,0.4421,-23.3114,85.8901,-0.27141,0.9224,1.0726,1.1628
lse-aw-cql-seed1-C,cql,93000,6,93000,3f755694fcd8c345,-968.323242188,51996,11915,-5.1668,4.3337,-9.5005,85.8901,-0.11061,0.944,1.1039,1.1694
lse-aw-cql-seed1-C,cql,93000,7,93000,3f755694fcd8c345,-968.323242188,64933,19513,-4.5742,5.5076,-10.0817,85.8901,-0.11738,0.9152,1.0699,1.169
lse-aw-cql-seed1-C,cql,93000,11,93000,3f755694fcd8c345,-968.323242188,76763,39227,1.4644,7.4313,-5.9668,85.8901,-0.06947,0.9654,1.0367,1.0739
lse-aw-cql-seed1-C,cql,93000,12,93000,3f755694fcd8c345,-968.323242188,33583,82841,-9.6287,6.422,-16.0506,85.8901,-0.18687,0.9535,1.01,1.0593
lse-aw-cql-seed1-C,cql,93000,13,93000,3f755694fcd8c345,-968.323242188,29838,52509,-6.1931,3.4626,-9.6557,85.8901,-0.11242,0.9012,1.035,1.1485
lse-aw-cql-seed1-C,cql,93000,14,93000,3f755694fcd8c345,-968.323242188,36307,14110,9.8561,4.9027,4.9534,85.8901,0.05767,0.9336,1.1684,1.2516
lse-aw-cql-seed1-C,cql,94000,0,94000,dda31156a8c4d05a,-964.509094238,237311,68413,33.2374,15.7196,17.5178,85.9516,0.20381,0.8407,1.2288,1.4617
lse-aw-cql-seed1-C,cql,94000,2,94000,dda31156a8c4d05a,-964.509094238,168808,33814,21.8982,14.2565,7.6417,85.9516,0.08891,0.887,1.0421,1.1749
lse-aw-cql-seed1-C,cql,94000,4,94000,dda31156a8c4d05a,-964.509094238,35214,133999,-31.7975,4.6757,-36.4732,85.9516,-0.42435,0.8913,0.9669,1.0848
lse-aw-cql-seed1-C,cql,94000,5,94000,dda31156a8c4d05a,-964.509094238,40938,30344,-22.4055,0.9124,-23.3179,85.9516,-0.27129,0.9228,1.0702,1.1598
lse-aw-cql-seed1-C,cql,94000,6,94000,dda31156a8c4d05a,-964.509094238,51996,11915,-6.6092,4.2124,-10.8216,85.9516,-0.1259,0.9437,1.1081,1.1743
lse-aw-cql-seed1-C,cql,94000,7,94000,dda31156a8c4d05a,-964.509094238,64933,19513,-4.2564,5.3642,-9.6207,85.9516,-0.11193,0.9136,1.0703,1.1715
lse-aw-cql-seed1-C,cql,94000,11,94000,dda31156a8c4d05a,-964.509094238,76763,39227,1.6057,7.8083,-6.2026,85.9516,-0.07216,0.9663,1.0379,1.0741
lse-aw-cql-seed1-C,cql,94000,12,94000,dda31156a8c4d05a,-964.509094238,33583,82841,-10.4889,6.6612,-17.1501,85.9516,-0.19953,0.9542,1.0103,1.0588
lse-aw-cql-seed1-C,cql,94000,13,94000,dda31156a8c4d05a,-964.509094238,29838,52509,-5.8037,3.5819,-9.3856,85.9516,-0.1092,0.8986,1.0327,1.1493
lse-aw-cql-seed1-C,cql,94000,14,94000,dda31156a8c4d05a,-964.509094238,36307,14110,9.5777,5.1482,4.4295,85.9516,0.05153,0.933,1.1657,1.2495
lse-aw-cql-seed1-C,cql,95000,0,95000,33a7398022d244c9,-965.953186035,237311,68413,32.7932,16.0911,16.7021,85.0962,0.19627,0.8398,1.2332,1.4685
lse-aw-cql-seed1-C,cql,95000,2,95000,33a7398022d244c9,-965.953186035,168808,33814,21.8648,14.8282,7.0366,85.0962,0.08269,0.8874,1.0431,1.1755
lse-aw-cql-seed1-C,cql,95000,4,95000,33a7398022d244c9,-965.953186035,35214,133999,-31.2475,5.4512,-36.6987,85.0962,-0.43126,0.8911,0.969,1.0874
lse-aw-cql-seed1-C,cql,95000,5,95000,33a7398022d244c9,-965.953186035,40938,30344,-20.553,1.5321,-22.0851,85.0962,-0.25953,0.9203,1.0732,1.1662
lse-aw-cql-seed1-C,cql,95000,6,95000,33a7398022d244c9,-965.953186035,51996,11915,-5.707,4.3947,-10.1017,85.0962,-0.11871,0.9442,1.1076,1.1731
lse-aw-cql-seed1-C,cql,95000,7,95000,33a7398022d244c9,-965.953186035,64933,19513,-4.8448,5.133,-9.9778,85.0962,-0.11725,0.9151,1.0684,1.1676
lse-aw-cql-seed1-C,cql,95000,11,95000,33a7398022d244c9,-965.953186035,76763,39227,1.6564,7.6196,-5.9632,85.0962,-0.07008,0.964,1.0361,1.0747
lse-aw-cql-seed1-C,cql,95000,12,95000,33a7398022d244c9,-965.953186035,33583,82841,-10.5048,6.7682,-17.273,85.0962,-0.20298,0.9549,1.0102,1.0579
lse-aw-cql-seed1-C,cql,95000,13,95000,33a7398022d244c9,-965.953186035,29838,52509,-6.2,4.0252,-10.2252,85.0962,-0.12016,0.8959,1.0341,1.1543
lse-aw-cql-seed1-C,cql,95000,14,95000,33a7398022d244c9,-965.953186035,36307,14110,10.1303,5.6221,4.5082,85.0962,0.05298,0.933,1.1721,1.2564
lse-aw-cql-seed1-C,cql,96000,0,96000,6260335a69151fb6,-962.97644043,237311,68413,32.6893,15.6645,17.0248,86.4974,0.19682,0.8401,1.2317,1.466
lse-aw-cql-seed1-C,cql,96000,2,96000,6260335a69151fb6,-962.97644043,168808,33814,21.4172,14.2591,7.1581,86.4974,0.08275,0.8878,1.0467,1.179
lse-aw-cql-seed1-C,cql,96000,4,96000,6260335a69151fb6,-962.97644043,35214,133999,-32.5148,4.7359,-37.2507,86.4974,-0.43066,0.8969,0.9704,1.082
lse-aw-cql-seed1-C,cql,96000,5,96000,6260335a69151fb6,-962.97644043,40938,30344,-23.1876,0.5536,-23.7413,86.4974,-0.27447,0.9255,1.0752,1.1618
lse-aw-cql-seed1-C,cql,96000,6,96000,6260335a69151fb6,-962.97644043,51996,11915,-5.6315,4.0381,-9.6696,86.4974,-0.11179,0.9472,1.1065,1.1682
lse-aw-cql-seed1-C,cql,96000,7,96000,6260335a69151fb6,-962.97644043,64933,19513,-4.7885,5.4868,-10.2753,86.4974,-0.11879,0.9225,1.0791,1.1698
lse-aw-cql-seed1-C,cql,96000,11,96000,6260335a69151fb6,-962.97644043,76763,39227,1.3916,7.7862,-6.3946,86.4974,-0.07393,0.9673,1.039,1.0742
lse-aw-cql-seed1-C,cql,96000,12,96000,6260335a69151fb6,-962.97644043,33583,82841,-11.398,6.9548,-18.3527,86.4974,-0.21218,0.9532,1.0093,1.0589
lse-aw-cql-seed1-C,cql,96000,13,96000,6260335a69151fb6,-962.97644043,29838,52509,-7.0271,3.6056,-10.6327,86.4974,-0.12293,0.8996,1.035,1.1505
lse-aw-cql-seed1-C,cql,96000,14,96000,6260335a69151fb6,-962.97644043,36307,14110,9.5122,4.8939,4.6183,86.4974,0.05339,0.9353,1.1686,1.2495
lse-aw-cql-seed1-C,cql,97000,0,97000,135565e5b9427021,-959.087158203,237311,68413,32.5079,16.5042,16.0036,87.9029,0.18206,0.8393,1.2292,1.4645
lse-aw-cql-seed1-C,cql,97000,2,97000,135565e5b9427021,-959.087158203,168808,33814,21.3861,13.9479,7.4382,87.9029,0.08462,0.8864,1.0403,1.1737
lse-aw-cql-seed1-C,cql,97000,4,97000,135565e5b9427021,-959.087158203,35214,133999,-33.8454,5.1149,-38.9604,87.9029,-0.44322,0.8983,0.9704,1.0802
lse-aw-cql-seed1-C,cql,97000,5,97000,135565e5b9427021,-959.087158203,40938,30344,-22.7399,0.9926,-23.7325,87.9029,-0.26999,0.9246,1.074,1.1616
lse-aw-cql-seed1-C,cql,97000,6,97000,135565e5b9427021,-959.087158203,51996,11915,-6.9043,3.9407,-10.8451,87.9029,-0.12338,0.9434,1.1019,1.168
lse-aw-cql-seed1-C,cql,97000,7,97000,135565e5b9427021,-959.087158203,64933,19513,-7.0464,4.6447,-11.6911,87.9029,-0.133,0.9175,1.0718,1.1681
lse-aw-cql-seed1-C,cql,97000,11,97000,135565e5b9427021,-959.087158203,76763,39227,0.6996,7.1106,-6.411,87.9029,-0.07293,0.9652,1.0369,1.0743
lse-aw-cql-seed1-C,cql,97000,12,97000,135565e5b9427021,-959.087158203,33583,82841,-12.1628,6.7313,-18.8942,87.9029,-0.21494,0.9557,1.0097,1.0565
lse-aw-cql-seed1-C,cql,97000,13,97000,135565e5b9427021,-959.087158203,29838,52509,-6.0271,3.7949,-9.822,87.9029,-0.11174,0.8993,1.034,1.1498
lse-aw-cql-seed1-C,cql,97000,14,97000,135565e5b9427021,-959.087158203,36307,14110,9.8168,4.9686,4.8482,87.9029,0.05515,0.9351,1.1635,1.2442
lse-aw-cql-seed1-C,cql,98000,0,98000,d848c50b92c83b21,-955.723388672,237311,68413,32.7328,16.6221,16.1107,87.7164,0.18367,0.8394,1.2301,1.4655
lse-aw-cql-seed1-C,cql,98000,2,98000,d848c50b92c83b21,-955.723388672,168808,33814,21.6668,14.4912,7.1756,87.7164,0.0818,0.8876,1.0435,1.1756
lse-aw-cql-seed1-C,cql,98000,4,98000,d848c50b92c83b21,-955.723388672,35214,133999,-33.5264,5.0624,-38.5888,87.7164,-0.43993,0.8973,0.9717,1.0829
lse-aw-cql-seed1-C,cql,98000,5,98000,d848c50b92c83b21,-955.723388672,40938,30344,-24.2576,0.698,-24.9556,87.7164,-0.2845,0.9288,1.0751,1.1575
lse-aw-cql-seed1-C,cql,98000,6,98000,d848c50b92c83b21,-955.723388672,51996,11915,-7.6964,4.0993,-11.7957,87.7164,-0.13448,0.9484,1.1046,1.1647
lse-aw-cql-seed1-C,cql,98000,7,98000,d848c50b92c83b21,-955.723388672,64933,19513,-6.8939,4.4044,-11.2983,87.7164,-0.1288,0.9205,1.075,1.1679
lse-aw-cql-seed1-C,cql,98000,11,98000,d848c50b92c83b21,-955.723388672,76763,39227,0.9101,7.3503,-6.4402,87.7164,-0.07342,0.9637,1.035,1.074
lse-aw-cql-seed1-C,cql,98000,12,98000,d848c50b92c83b21,-955.723388672,33583,82841,-12.0894,6.4903,-18.5797,87.7164,-0.21182,0.9512,1.0085,1.0603
lse-aw-cql-seed1-C,cql,98000,13,98000,d848c50b92c83b21,-955.723388672,29838,52509,-7.2382,3.4784,-10.7166,87.7164,-0.12217,0.8987,1.033,1.1494
lse-aw-cql-seed1-C,cql,98000,14,98000,d848c50b92c83b21,-955.723388672,36307,14110,9.0496,4.9457,4.1039,87.7164,0.04679,0.934,1.1654,1.2478
lse-aw-cql-seed1-C,cql,99000,0,99000,ba7941efbfed6be6,-953.510253906,237311,68413,31.9471,15.6799,16.2671,87.9983,0.18486,0.8391,1.2317,1.4679
lse-aw-cql-seed1-C,cql,99000,2,99000,ba7941efbfed6be6,-953.510253906,168808,33814,21.3868,13.8709,7.5159,87.9983,0.08541,0.8868,1.0403,1.1731
lse-aw-cql-seed1-C,cql,99000,4,99000,ba7941efbfed6be6,-953.510253906,35214,133999,-33.7986,4.8973,-38.6959,87.9983,-0.43974,0.8985,0.9704,1.08
lse-aw-cql-seed1-C,cql,99000,5,99000,ba7941efbfed6be6,-953.510253906,40938,30344,-24.0382,1.115,-25.1532,87.9983,-0.28584,0.9242,1.074,1.1621
lse-aw-cql-seed1-C,cql,99000,6,99000,ba7941efbfed6be6,-953.510253906,51996,11915,-7.1605,3.9962,-11.1568,87.9983,-0.12678,0.942,1.1055,1.1736
lse-aw-cql-seed1-C,cql,99000,7,99000,ba7941efbfed6be6,-953.510253906,64933,19513,-5.2643,5.0994,-10.3637,87.9983,-0.11777,0.914,1.0714,1.1723
lse-aw-cql-seed1-C,cql,99000,11,99000,ba7941efbfed6be6,-953.510253906,76763,39227,0.935,7.1102,-6.1752,87.9983,-0.07017,0.9627,1.0345,1.0746
lse-aw-cql-seed1-C,cql,99000,12,99000,ba7941efbfed6be6,-953.510253906,33583,82841,-10.2561,6.7806,-17.0366,87.9983,-0.1936,0.953,1.009,1.0588
lse-aw-cql-seed1-C,cql,99000,13,99000,ba7941efbfed6be6,-953.510253906,29838,52509,-7.0972,3.7265,-10.8237,87.9983,-0.123,0.9001,1.0347,1.1495
lse-aw-cql-seed1-C,cql,99000,14,99000,ba7941efbfed6be6,-953.510253906,36307,14110,9.7404,4.7883,4.9521,87.9983,0.05628,0.9335,1.1642,1.2471
lse-aw-cql-seed1-C,cql,100000,0,100000,83766c176e3c8dc0,-946.115966797,237311,68413,32.3671,16.4084,15.9587,88.9553,0.1794,0.8408,1.2315,1.4647
lse-aw-cql-seed1-C,cql,100000,2,100000,83766c176e3c8dc0,-946.115966797,168808,33814,21.0818,13.7641,7.3177,88.9553,0.08226,0.8888,1.0463,1.1771
lse-aw-cql-seed1-C,cql,100000,4,100000,83766c176e3c8dc0,-946.115966797,35214,133999,-34.0962,4.9552,-39.0514,88.9553,-0.439,0.8952,0.9715,1.0852
lse-aw-cql-seed1-C,cql,100000,5,100000,83766c176e3c8dc0,-946.115966797,40938,30344,-25.4954,0.6169,-26.1123,88.9553,-0.29354,0.929,1.0741,1.1563
lse-aw-cql-seed1-C,cql,100000,6,100000,83766c176e3c8dc0,-946.115966797,51996,11915,-7.3641,4.0858,-11.4499,88.9553,-0.12872,0.9491,1.1072,1.1666
lse-aw-cql-seed1-C,cql,100000,7,100000,83766c176e3c8dc0,-946.115966797,64933,19513,-7.9684,4.634,-12.6024,88.9553,-0.14167,0.9186,1.0742,1.1695
lse-aw-cql-seed1-C,cql,100000,11,100000,83766c176e3c8dc0,-946.115966797,76763,39227,0.7311,7.16,-6.4289,88.9553,-0.07227,0.9642,1.0371,1.0757
lse-aw-cql-seed1-C,cql,100000,12,100000,83766c176e3c8dc0,-946.115966797,33583,82841,-11.3124,6.4582,-17.7706,88.9553,-0.19977,0.9523,1.0104,1.0611
lse-aw-cql-seed1-C,cql,100000,13,100000,83766c176e3c8dc0,-946.115966797,29838,52509,-7.2837,3.4081,-10.6918,88.9553,-0.12019,0.9008,1.0371,1.1514
lse-aw-cql-seed1-C,cql,100000,14,100000,83766c176e3c8dc0,-946.115966797,36307,14110,9.5559,5.0738,4.4821,88.9553,0.05039,0.937,1.1703,1.249
