run,algo,step,bin,checkpoint_global_step,critic_checksum,first_layer_sum,n_surv,n_fail,Q_surv,Q_fail,Delta,span,Delta_hat,d_surv,d_fail,d_ratio
dw-cql-seed1,cql,1000,0,1000,d902d259a71fdb48,-33.839164734,237311,68413,24.0921,6.0801,18.012,152.7767,0.1179,1.0858,1.3858,1.2763
dw-cql-seed1,cql,1000,2,1000,d902d259a71fdb48,-33.839164734,168808,33814,19.9035,8.7445,11.159,152.7767,0.07304,1.1403,1.253,1.0989
dw-cql-seed1,cql,1000,4,1000,d902d259a71fdb48,-33.839164734,35214,133999,-38.8942,1.9972,-40.8914,152.7767,-0.26765,1.2484,1.2326,0.9874
dw-cql-seed1,cql,1000,5,1000,d902d259a71fdb48,-33.839164734,40938,30344,-63.5728,-17.5153,-46.0575,152.7767,-0.30147,1.3728,1.4397,1.0487
dw-cql-seed1,cql,1000,6,1000,d902d259a71fdb48,-33.839164734,51996,11915,-72.1526,-77.6631,5.5106,152.7767,0.03607,1.3226,1.5012,1.1351
dw-cql-seed1,cql,1000,7,1000,d902d259a71fdb48,-33.839164734,64933,19513,-81.4009,-82.3697,0.9688,152.7767,0.00634,1.2569,1.3889,1.105
dw-cql-seed1,cql,1000,11,1000,d902d259a71fdb48,-33.839164734,76763,39227,-10.3391,-16.9855,6.6464,152.7767,0.0435,1.3404,1.4033,1.047
dw-cql-seed1,cql,1000,12,1000,d902d259a71fdb48,-33.839164734,33583,82841,-11.572,-2.3622,-9.2097,152.7767,-0.06028,1.241,1.2663,1.0204
dw-cql-seed1,cql,1000,13,1000,d902d259a71fdb48,-33.839164734,29838,52509,-52.2407,-6.5645,-45.6762,152.7767,-0.29897,1.3096,1.3556,1.0351
dw-cql-seed1,cql,1000,14,1000,d902d259a71fdb48,-33.839164734,36307,14110,-46.5734,-42.0032,-4.5702,152.7767,-0.02991,1.4032,1.6007,1.1408
dw-cql-seed1,cql,2000,0,2000,4acf70a299441a5e,-41.243736267,237311,68413,61.9691,33.9025,28.0666,76.7184,0.36584,0.9621,1.3406,1.3934
dw-cql-seed1,cql,2000,2,2000,4acf70a299441a5e,-41.243736267,168808,33814,49.3633,24.0847,25.2786,76.7184,0.3295,1.0319,1.1826,1.1461
dw-cql-seed1,cql,2000,4,2000,4acf70a299441a5e,-41.243736267,35214,133999,45.2425,15.732,29.5105,76.7184,0.38466,1.0995,1.2184,1.1082
dw-cql-seed1,cql,2000,5,2000,4acf70a299441a5e,-41.243736267,40938,30344,45.4094,10.2454,35.164,76.7184,0.45835,1.1453,1.3605,1.1879
dw-cql-seed1,cql,2000,6,2000,4acf70a299441a5e,-41.243736267,51996,11915,45.046,25.449,19.597,76.7184,0.25544,1.1627,1.3887,1.1944
dw-cql-seed1,cql,2000,7,2000,4acf70a299441a5e,-41.243736267,64933,19513,45.5611,32.484,13.0772,76.7184,0.17046,1.1638,1.3389,1.1504
dw-cql-seed1,cql,2000,11,2000,4acf70a299441a5e,-41.243736267,76763,39227,39.4298,19.6236,19.8062,76.7184,0.25817,1.1989,1.3158,1.0976
dw-cql-seed1,cql,2000,12,2000,4acf70a299441a5e,-41.243736267,33583,82841,41.7848,20.0748,21.71,76.7184,0.28298,1.1837,1.2995,1.0979
dw-cql-seed1,cql,2000,13,2000,4acf70a299441a5e,-41.243736267,29838,52509,49.484,10.1167,39.3674,76.7184,0.51314,1.1179,1.3009,1.1637
dw-cql-seed1,cql,2000,14,2000,4acf70a299441a5e,-41.243736267,36307,14110,50.4752,12.2825,38.1927,76.7184,0.49783,1.1801,1.4925,1.2647
dw-cql-seed1,cql,3000,0,3000,a510016914936624,-49.152351379,237311,68413,63.7127,29.3904,34.3223,87.1392,0.39388,0.9146,1.3223,1.4457
dw-cql-seed1,cql,3000,2,3000,a510016914936624,-49.152351379,168808,33814,51.3493,19.5139,31.8355,87.1392,0.36534,0.964,1.1391,1.1816
dw-cql-seed1,cql,3000,4,3000,a510016914936624,-49.152351379,35214,133999,55.3743,17.8467,37.5276,87.1392,0.43066,1.025,1.1412,1.1133
dw-cql-seed1,cql,3000,5,3000,a510016914936624,-49.152351379,40938,30344,54.2394,9.9062,44.3331,87.1392,0.50876,1.0932,1.303,1.1919
dw-cql-seed1,cql,3000,6,3000,a510016914936624,-49.152351379,51996,11915,52.9217,27.3482,25.5735,87.1392,0.29348,1.0779,1.3225,1.2268
dw-cql-seed1,cql,3000,7,3000,a510016914936624,-49.152351379,64933,19513,51.0833,34.6913,16.392,87.1392,0.18811,1.0428,1.2671,1.215
dw-cql-seed1,cql,3000,11,3000,a510016914936624,-49.152351379,76763,39227,41.3143,14.6212,26.6931,87.1392,0.30633,1.0972,1.238,1.1283
dw-cql-seed1,cql,3000,12,3000,a510016914936624,-49.152351379,33583,82841,50.4411,21.6382,28.8029,87.1392,0.33054,1.0744,1.1853,1.1033
dw-cql-seed1,cql,3000,13,3000,a510016914936624,-49.152351379,29838,52509,54.4122,11.931,42.4812,87.1392,0.48751,1.0765,1.2162,1.1298
dw-cql-seed1,cql,3000,14,3000,a510016914936624,-49.152351379,36307,14110,53.611,11.4996,42.1113,87.1392,0.48327,1.1215,1.4034,1.2513
dw-cql-seed1,cql,4000,0,4000,d52e7e985cdbabef,-63.324764252,237311,68413,69.2291,29.4356,39.7935,85.44,0.46575,0.8785,1.3015,1.4816
dw-cql-seed1,cql,4000,2,4000,d52e7e985cdbabef,-63.324764252,168808,33814,55.9392,20.0043,35.935,85.44,0.42059,0.9271,1.1127,1.2002
dw-cql-seed1,cql,4000,4,4000,d52e7e985cdbabef,-63.324764252,35214,133999,54.4859,12.4023,42.0836,85.44,0.49255,0.9585,1.0664,1.1126
dw-cql-seed1,cql,4000,5,4000,d52e7e985cdbabef,-63.324764252,40938,30344,50.429,6.9985,43.4305,85.44,0.50832,1.0166,1.2139,1.1941
dw-cql-seed1,cql,4000,6,4000,d52e7e985cdbabef,-63.324764252,51996,11915,46.2675,18.1307,28.1368,85.44,0.32932,1.0179,1.2579,1.2357
dw-cql-seed1,cql,4000,7,4000,d52e7e985cdbabef,-63.324764252,64933,19513,43.2331,24.701,18.5321,85.44,0.2169,0.989,1.2157,1.2293
dw-cql-seed1,cql,4000,11,4000,d52e7e985cdbabef,-63.324764252,76763,39227,41.0589,14.7591,26.2998,85.44,0.30782,1.0362,1.1779,1.1368
dw-cql-seed1,cql,4000,12,4000,d52e7e985cdbabef,-63.324764252,33583,82841,50.4054,20.6974,29.7081,85.44,0.34771,1.0127,1.1215,1.1074
dw-cql-seed1,cql,4000,13,4000,d52e7e985cdbabef,-63.324764252,29838,52509,54.8092,10.1134,44.6958,85.44,0.52313,1.0022,1.1451,1.1426
dw-cql-seed1,cql,4000,14,4000,d52e7e985cdbabef,-63.324764252,36307,14110,51.7377,8.0905,43.6472,85.44,0.51085,1.0461,1.3399,1.2808
dw-cql-seed1,cql,5000,0,5000,eb4101aa88e751f4,-78.909896851,237311,68413,64.6948,26.7207,37.9741,77.3075,0.49121,0.8663,1.2964,1.4964
dw-cql-seed1,cql,5000,2,5000,eb4101aa88e751f4,-78.909896851,168808,33814,49.529,18.5379,30.9911,77.3075,0.40088,0.9186,1.1161,1.2151
dw-cql-seed1,cql,5000,4,5000,eb4101aa88e751f4,-78.909896851,35214,133999,45.024,10.0295,34.9945,77.3075,0.45267,0.929,1.0409,1.1205
dw-cql-seed1,cql,5000,5,5000,eb4101aa88e751f4,-78.909896851,40938,30344,41.0569,4.7352,36.3217,77.3075,0.46983,0.9906,1.194,1.2054
dw-cql-seed1,cql,5000,6,5000,eb4101aa88e751f4,-78.909896851,51996,11915,36.3961,13.5379,22.8582,77.3075,0.29568,0.9923,1.2453,1.2549
dw-cql-seed1,cql,5000,7,5000,eb4101aa88e751f4,-78.909896851,64933,19513,35.2562,20.1976,15.0586,77.3075,0.19479,0.9683,1.1834,1.2221
dw-cql-seed1,cql,5000,11,5000,eb4101aa88e751f4,-78.909896851,76763,39227,36.0188,14.4427,21.5761,77.3075,0.27909,1.0107,1.1363,1.1243
dw-cql-seed1,cql,5000,12,5000,eb4101aa88e751f4,-78.909896851,33583,82841,40.0626,17.8188,22.2438,77.3075,0.28773,0.9818,1.0876,1.1077
dw-cql-seed1,cql,5000,13,5000,eb4101aa88e751f4,-78.909896851,29838,52509,46.2533,8.4615,37.7919,77.3075,0.48885,0.9676,1.1178,1.1552
dw-cql-seed1,cql,5000,14,5000,eb4101aa88e751f4,-78.909896851,36307,14110,45.6188,8.1468,37.472,77.3075,0.48471,1.0154,1.3251,1.305
dw-cql-seed1,cql,6000,0,6000,de4e53779e67b13e,-106.483383179,237311,68413,66.701,28.5599,38.1411,80.5895,0.47328,0.8618,1.3012,1.5099
dw-cql-seed1,cql,6000,2,6000,de4e53779e67b13e,-106.483383179,168808,33814,51.5428,21.4034,30.1394,80.5895,0.37399,0.9126,1.1166,1.2236
dw-cql-seed1,cql,6000,4,6000,de4e53779e67b13e,-106.483383179,35214,133999,43.2724,9.3023,33.97,80.5895,0.42152,0.9414,1.0463,1.1114
dw-cql-seed1,cql,6000,5,6000,de4e53779e67b13e,-106.483383179,40938,30344,40.1268,3.3866,36.7402,80.5895,0.45589,1.002,1.1952,1.1928
dw-cql-seed1,cql,6000,6,6000,de4e53779e67b13e,-106.483383179,51996,11915,39.8072,14.3473,25.4599,80.5895,0.31592,0.9884,1.2471,1.2618
dw-cql-seed1,cql,6000,7,6000,de4e53779e67b13e,-106.483383179,64933,19513,39.8298,23.7825,16.0472,80.5895,0.19912,0.9451,1.1793,1.2479
dw-cql-seed1,cql,6000,11,6000,de4e53779e67b13e,-106.483383179,76763,39227,38.4126,16.2314,22.1812,80.5895,0.27524,0.9909,1.1295,1.1399
dw-cql-seed1,cql,6000,12,6000,de4e53779e67b13e,-106.483383179,33583,82841,40.4616,16.9872,23.4744,80.5895,0.29128,0.9719,1.0755,1.1067
dw-cql-seed1,cql,6000,13,6000,de4e53779e67b13e,-106.483383179,29838,52509,44.9535,6.6363,38.3172,80.5895,0.47546,0.9701,1.1171,1.1515
dw-cql-seed1,cql,6000,14,6000,de4e53779e67b13e,-106.483383179,36307,14110,45.9673,7.3085,38.6588,80.5895,0.4797,1.0196,1.3271,1.3016
dw-cql-seed1,cql,7000,0,7000,3f7c61b771421342,-133.986846924,237311,68413,65.1726,25.337,39.8356,80.3989,0.49547,0.8579,1.2984,1.5134
dw-cql-seed1,cql,7000,2,7000,3f7c61b771421342,-133.986846924,168808,33814,49.8043,19.8244,29.9799,80.3989,0.37289,0.9048,1.1103,1.2271
dw-cql-seed1,cql,7000,4,7000,3f7c61b771421342,-133.986846924,35214,133999,46.17,11.9269,34.2431,80.3989,0.42592,0.9168,1.0301,1.1236
dw-cql-seed1,cql,7000,5,7000,3f7c61b771421342,-133.986846924,40938,30344,43.2127,6.0642,37.1484,80.3989,0.46205,0.9715,1.1776,1.2121
dw-cql-seed1,cql,7000,6,7000,3f7c61b771421342,-133.986846924,51996,11915,42.4692,18.3128,24.1564,80.3989,0.30046,0.9807,1.2326,1.2568
dw-cql-seed1,cql,7000,7,7000,3f7c61b771421342,-133.986846924,64933,19513,41.3952,25.0965,16.2987,80.3989,0.20272,0.9473,1.1902,1.2564
dw-cql-seed1,cql,7000,11,7000,3f7c61b771421342,-133.986846924,76763,39227,39.1619,15.6266,23.5353,80.3989,0.29273,0.9883,1.127,1.1403
dw-cql-seed1,cql,7000,12,7000,3f7c61b771421342,-133.986846924,33583,82841,42.7679,20.1923,22.5756,80.3989,0.28079,0.9675,1.0827,1.119
dw-cql-seed1,cql,7000,13,7000,3f7c61b771421342,-133.986846924,29838,52509,47.5781,9.8987,37.6794,80.3989,0.46866,0.9444,1.1021,1.1671
dw-cql-seed1,cql,7000,14,7000,3f7c61b771421342,-133.986846924,36307,14110,48.1892,9.4174,38.7718,80.3989,0.48224,0.9943,1.3022,1.3096
dw-cql-seed1,cql,8000,0,8000,f6191983c70df917,-153.527114868,237311,68413,64.3085,26.9947,37.3138,79.5264,0.4692,0.8582,1.3032,1.5185
dw-cql-seed1,cql,8000,2,8000,f6191983c70df917,-153.527114868,168808,33814,49.8208,21.0212,28.7996,79.5264,0.36214,0.9074,1.1143,1.228
dw-cql-seed1,cql,8000,4,8000,f6191983c70df917,-153.527114868,35214,133999,43.0017,10.7509,32.2507,79.5264,0.40553,0.9121,1.0224,1.1208
dw-cql-seed1,cql,8000,5,8000,f6191983c70df917,-153.527114868,40938,30344,41.0979,5.7262,35.3717,79.5264,0.44478,0.9657,1.1656,1.207
dw-cql-seed1,cql,8000,6,8000,f6191983c70df917,-153.527114868,51996,11915,40.9369,17.8583,23.0786,79.5264,0.2902,0.9703,1.2333,1.271
dw-cql-seed1,cql,8000,7,8000,f6191983c70df917,-153.527114868,64933,19513,40.2222,23.6733,16.5489,79.5264,0.20809,0.9402,1.1856,1.2611
dw-cql-seed1,cql,8000,11,8000,f6191983c70df917,-153.527114868,76763,39227,37.6375,14.8963,22.7412,79.5264,0.28596,0.9817,1.1186,1.1395
dw-cql-seed1,cql,8000,12,8000,f6191983c70df917,-153.527114868,33583,82841,40.2596,17.679,22.5806,79.5264,0.28394,0.9646,1.0791,1.1186
dw-cql-seed1,cql,8000,13,8000,f6191983c70df917,-153.527114868,29838,52509,44.5212,8.8396,35.6816,79.5264,0.44868,0.9394,1.0924,1.1629
dw-cql-seed1,cql,8000,14,8000,f6191983c70df917,-153.527114868,36307,14110,46.6377,8.7027,37.935,79.5264,0.47701,0.9874,1.2933,1.3099
dw-cql-seed1,cql,9000,0,9000,38002b8d7eaea868,-183.032348633,237311,68413,64.4759,25.5387,38.9372,80.8012,0.48189,0.8577,1.3025,1.5185
dw-cql-seed1,cql,9000,2,9000,38002b8d7eaea868,-183.032348633,168808,33814,50.1485,19.9107,30.2378,80.8012,0.37422,0.9048,1.1184,1.236
dw-cql-seed1,cql,9000,4,9000,38002b8d7eaea868,-183.032348633,35214,133999,43.4399,10.0682,33.3717,80.8012,0.41301,0.908,1.0215,1.125
dw-cql-seed1,cql,9000,5,9000,38002b8d7eaea868,-183.032348633,40938,30344,42.4708,6.1346,36.3362,80.8012,0.4497,0.9632,1.1675,1.2122
dw-cql-seed1,cql,9000,6,9000,38002b8d7eaea868,-183.032348633,51996,11915,41.7312,17.0833,24.6479,80.8012,0.30504,0.9654,1.2308,1.2749
dw-cql-seed1,cql,9000,7,9000,38002b8d7eaea868,-183.032348633,64933,19513,40.6317,25.0663,15.5654,80.8012,0.19264,0.9293,1.1761,1.2656
dw-cql-seed1,cql,9000,11,9000,38002b8d7eaea868,-183.032348633,76763,39227,38.7696,15.6578,23.1119,80.8012,0.28603,0.9746,1.1129,1.1418
dw-cql-seed1,cql,9000,12,9000,38002b8d7eaea868,-183.032348633,33583,82841,40.9254,18.0143,22.9111,80.8012,0.28355,0.9579,1.0643,1.1111
dw-cql-seed1,cql,9000,13,9000,38002b8d7eaea868,-183.032348633,29838,52509,43.2227,8.6013,34.6214,80.8012,0.42848,0.9374,1.0956,1.1688
dw-cql-seed1,cql,9000,14,9000,38002b8d7eaea868,-183.032348633,36307,14110,45.3687,9.5071,35.8616,80.8012,0.44383,0.9794,1.2976,1.3248
dw-cql-seed1,cql,10000,0,10000,ee68b9b0a5a20359,-208.340454102,237311,68413,63.4706,23.7321,39.7384,82.6936,0.48055,0.8532,1.3015,1.5255
dw-cql-seed1,cql,10000,2,10000,ee68b9b0a5a20359,-208.340454102,168808,33814,48.618,15.8774,32.7406,82.6936,0.39593,0.9093,1.1207,1.2325
dw-cql-seed1,cql,10000,4,10000,ee68b9b0a5a20359,-208.340454102,35214,133999,41.7666,10.4347,31.3319,82.6936,0.37889,0.9171,1.0256,1.1183
dw-cql-seed1,cql,10000,5,10000,ee68b9b0a5a20359,-208.340454102,40938,30344,41.4316,5.9393,35.4922,82.6936,0.4292,0.9618,1.1625,1.2087
dw-cql-seed1,cql,10000,6,10000,ee68b9b0a5a20359,-208.340454102,51996,11915,41.8216,17.5256,24.296,82.6936,0.29381,0.9641,1.2169,1.2622
dw-cql-seed1,cql,10000,7,10000,ee68b9b0a5a20359,-208.340454102,64933,19513,41.771,25.954,15.817,82.6936,0.19127,0.9285,1.1721,1.2623
dw-cql-seed1,cql,10000,11,10000,ee68b9b0a5a20359,-208.340454102,76763,39227,37.2463,14.4747,22.7717,82.6936,0.27537,0.9715,1.1068,1.1393
dw-cql-seed1,cql,10000,12,10000,ee68b9b0a5a20359,-208.340454102,33583,82841,39.0199,16.5153,22.5046,82.6936,0.27214,0.961,1.065,1.1082
dw-cql-seed1,cql,10000,13,10000,ee68b9b0a5a20359,-208.340454102,29838,52509,42.6171,8.2085,34.4085,82.6936,0.4161,0.937,1.0922,1.1656
dw-cql-seed1,cql,10000,14,10000,ee68b9b0a5a20359,-208.340454102,36307,14110,45.7363,10.3065,35.4298,82.6936,0.42845,0.9828,1.2848,1.3072
dw-cql-seed1,cql,11000,0,11000,94753972034aeae1,-236.096740723,237311,68413,61.8767,23.133,38.7438,84.2449,0.45989,0.8528,1.3033,1.5283
dw-cql-seed1,cql,11000,2,11000,94753972034aeae1,-236.096740723,168808,33814,47.16,15.595,31.5649,84.2449,0.37468,0.9004,1.1154,1.2388
dw-cql-seed1,cql,11000,4,11000,94753972034aeae1,-236.096740723,35214,133999,40.5186,9.1466,31.372,84.2449,0.37239,0.8948,1.0101,1.1289
dw-cql-seed1,cql,11000,5,11000,94753972034aeae1,-236.096740723,40938,30344,40.2306,4.8724,35.3582,84.2449,0.41971,0.9408,1.1422,1.2141
dw-cql-seed1,cql,11000,6,11000,94753972034aeae1,-236.096740723,51996,11915,39.6467,15.8736,23.7732,84.2449,0.28219,0.959,1.2203,1.2725
dw-cql-seed1,cql,11000,7,11000,94753972034aeae1,-236.096740723,64933,19513,40.0424,23.1046,16.9378,84.2449,0.20105,0.9283,1.1783,1.2693
dw-cql-seed1,cql,11000,11,11000,94753972034aeae1,-236.096740723,76763,39227,36.1597,13.846,22.3137,84.2449,0.26487,0.9757,1.117,1.1448
dw-cql-seed1,cql,11000,12,11000,94753972034aeae1,-236.096740723,33583,82841,37.802,16.2908,21.5112,84.2449,0.25534,0.953,1.0602,1.1125
dw-cql-seed1,cql,11000,13,11000,94753972034aeae1,-236.096740723,29838,52509,41.3929,7.5665,33.8264,84.2449,0.40153,0.9183,1.0757,1.1713
dw-cql-seed1,cql,11000,14,11000,94753972034aeae1,-236.096740723,36307,14110,44.4849,9.4367,35.0482,84.2449,0.41603,0.9618,1.2629,1.313
dw-cql-seed1,cql,12000,0,12000,6506299054385eea,-261.583190918,237311,68413,62.2484,21.3361,40.9122,89.2635,0.45833,0.85,1.3036,1.5337
dw-cql-seed1,cql,12000,2,12000,6506299054385eea,-261.583190918,168808,33814,46.8068,15.2564,31.5503,89.2635,0.35345,0.8983,1.1103,1.236
dw-cql-seed1,cql,12000,4,12000,6506299054385eea,-261.583190918,35214,133999,41.4364,9.9479,31.4885,89.2635,0.35276,0.9002,1.0147,1.1272
dw-cql-seed1,cql,12000,5,12000,6506299054385eea,-261.583190918,40938,30344,40.5617,5.5406,35.0211,89.2635,0.39233,0.9509,1.15,1.2094
dw-cql-seed1,cql,12000,6,12000,6506299054385eea,-261.583190918,51996,11915,41.1806,17.067,24.1136,89.2635,0.27014,0.9624,1.2204,1.2681
dw-cql-seed1,cql,12000,7,12000,6506299054385eea,-261.583190918,64933,19513,40.18,23.3779,16.8021,89.2635,0.18823,0.9286,1.1703,1.2603
dw-cql-seed1,cql,12000,11,12000,6506299054385eea,-261.583190918,76763,39227,35.0507,13.9163,21.1344,89.2635,0.23676,0.9794,1.1152,1.1386
dw-cql-seed1,cql,12000,12,12000,6506299054385eea,-261.583190918,33583,82841,36.1419,15.2028,20.9391,89.2635,0.23458,0.9542,1.057,1.1078
dw-cql-seed1,cql,12000,13,12000,6506299054385eea,-261.583190918,29838,52509,41.2663,7.5689,33.6973,89.2635,0.3775,0.9216,1.0793,1.1711
dw-cql-seed1,cql,12000,14,12000,6506299054385eea,-261.583190918,36307,14110,44.7719,9.0848,35.687,89.2635,0.39979,0.9666,1.2704,1.3143
dw-cql-seed1,cql,13000,0,13000,cbbccf8cbaa497fe,-294.19128418,237311,68413,60.7118,23.4515,37.2603,86.665,0.42993,0.8504,1.3051,1.5346
dw-cql-seed1,cql,13000,2,13000,cbbccf8cbaa497fe,-294.19128418,168808,33814,45.0859,14.9934,30.0924,86.665,0.34723,0.8964,1.1075,1.2356
dw-cql-seed1,cql,13000,4,13000,cbbccf8cbaa497fe,-294.19128418,35214,133999,39.5642,9.5448,30.0194,86.665,0.34638,0.9014,1.0095,1.12
dw-cql-seed1,cql,13000,5,13000,cbbccf8cbaa497fe,-294.19128418,40938,30344,39.5812,5.8288,33.7524,86.665,0.38946,0.9485,1.1467,1.2089
dw-cql-seed1,cql,13000,6,13000,cbbccf8cbaa497fe,-294.19128418,51996,11915,39.6663,15.0082,24.6581,86.665,0.28452,0.9592,1.2232,1.2752
dw-cql-seed1,cql,13000,7,13000,cbbccf8cbaa497fe,-294.19128418,64933,19513,39.368,21.0624,18.3056,86.665,0.21122,0.9261,1.1751,1.2688
dw-cql-seed1,cql,13000,11,13000,cbbccf8cbaa497fe,-294.19128418,76763,39227,33.3994,11.9473,21.452,86.665,0.24753,0.9728,1.1065,1.1374
dw-cql-seed1,cql,13000,12,13000,cbbccf8cbaa497fe,-294.19128418,33583,82841,34.7784,13.9443,20.8341,86.665,0.2404,0.9483,1.0565,1.114
dw-cql-seed1,cql,13000,13,13000,cbbccf8cbaa497fe,-294.19128418,29838,52509,39.9912,7.8224,32.1689,86.665,0.37119,0.9205,1.0808,1.1742
dw-cql-seed1,cql,13000,14,13000,cbbccf8cbaa497fe,-294.19128418,36307,14110,43.1481,9.1376,34.0105,86.665,0.39244,0.9767,1.276,1.3064
dw-cql-seed1,cql,14000,0,14000,dd6e067e386550b0,-319.342498779,237311,68413,58.7631,18.6954,40.0677,86.6743,0.46228,0.8488,1.2991,1.5305
dw-cql-seed1,cql,14000,2,14000,dd6e067e386550b0,-319.342498779,168808,33814,44.2646,13.0807,31.1839,86.6743,0.35978,0.9027,1.1148,1.2349
dw-cql-seed1,cql,14000,4,14000,dd6e067e386550b0,-319.342498779,35214,133999,38.2772,9.4828,28.7944,86.6743,0.33221,0.8855,0.9979,1.1269
dw-cql-seed1,cql,14000,5,14000,dd6e067e386550b0,-319.342498779,40938,30344,38.6403,6.3512,32.2891,86.6743,0.37253,0.9322,1.1304,1.2127
dw-cql-seed1,cql,14000,6,14000,dd6e067e386550b0,-319.342498779,51996,11915,39.9236,13.9579,25.9657,86.6743,0.29958,0.9516,1.2042,1.2654
dw-cql-seed1,cql,14000,7,14000,dd6e067e386550b0,-319.342498779,64933,19513,38.4836,19.7037,18.7798,86.6743,0.21667,0.9182,1.174,1.2786
dw-cql-seed1,cql,14000,11,14000,dd6e067e386550b0,-319.342498779,76763,39227,34.0452,12.0666,21.9786,86.6743,0.25358,0.967,1.1047,1.1424
dw-cql-seed1,cql,14000,12,14000,dd6e067e386550b0,-319.342498779,33583,82841,35.5386,15.2741,20.2645,86.6743,0.2338,0.9458,1.0548,1.1152
dw-cql-seed1,cql,14000,13,14000,dd6e067e386550b0,-319.342498779,29838,52509,39.1212,7.6771,31.4442,86.6743,0.36279,0.9085,1.071,1.1788
dw-cql-seed1,cql,14000,14,14000,dd6e067e386550b0,-319.342498779,36307,14110,42.8577,9.8492,33.0085,86.6743,0.38083,0.9538,1.2472,1.3076
dw-cql-seed1,cql,15000,0,15000,fc4cb42955775d9e,-349.550964355,237311,68413,59.3206,18.5566,40.764,91.3687,0.44615,0.8492,1.306,1.5379
dw-cql-seed1,cql,15000,2,15000,fc4cb42955775d9e,-349.550964355,168808,33814,44.77,12.8336,31.9364,91.3687,0.34953,0.8956,1.1053,1.2341
dw-cql-seed1,cql,15000,4,15000,fc4cb42955775d9e,-349.550964355,35214,133999,37.2259,8.7162,28.5097,91.3687,0.31203,0.8847,0.9947,1.1244
dw-cql-seed1,cql,15000,5,15000,fc4cb42955775d9e,-349.550964355,40938,30344,37.1083,5.0805,32.0278,91.3687,0.35053,0.9319,1.1278,1.2101
dw-cql-seed1,cql,15000,6,15000,fc4cb42955775d9e,-349.550964355,51996,11915,38.7194,12.2118,26.5076,91.3687,0.29012,0.9511,1.2067,1.2687
dw-cql-seed1,cql,15000,7,15000,fc4cb42955775d9e,-349.550964355,64933,19513,38.3961,18.1406,20.2555,91.3687,0.22169,0.9177,1.1805,1.2863
dw-cql-seed1,cql,15000,11,15000,fc4cb42955775d9e,-349.550964355,76763,39227,32.5772,11.6701,20.9071,91.3687,0.22882,0.9662,1.0999,1.1384
dw-cql-seed1,cql,15000,12,15000,fc4cb42955775d9e,-349.550964355,33583,82841,33.8523,14.0001,19.8521,91.3687,0.21727,0.9426,1.0457,1.1094
dw-cql-seed1,cql,15000,13,15000,fc4cb42955775d9e,-349.550964355,29838,52509,37.9603,6.6925,31.2679,91.3687,0.34222,0.9059,1.065,1.1757
dw-cql-seed1,cql,15000,14,15000,fc4cb42955775d9e,-349.550964355,36307,14110,42.1158,8.7591,33.3567,91.3687,0.36508,0.9529,1.2472,1.3088
dw-cql-seed1,cql,16000,0,16000,750558f0e33afc64,-383.962799072,237311,68413,57.6789,16.1736,41.5053,90.6727,0.45775,0.8459,1.3021,1.5394
dw-cql-seed1,cql,16000,2,16000,750558f0e33afc64,-383.962799072,168808,33814,41.8525,11.9374,29.9151,90.6727,0.32992,0.8922,1.1001,1.2331
dw-cql-seed1,cql,16000,4,16000,750558f0e33afc64,-383.962799072,35214,133999,37.3381,9.4534,27.8847,90.6727,0.30753,0.8889,0.9994,1.1243
dw-cql-seed1,cql,16000,5,16000,750558f0e33afc64,-383.962799072,40938,30344,38.009,5.4091,32.5999,90.6727,0.35953,0.9358,1.1263,1.2035
dw-cql-seed1,cql,16000,6,16000,750558f0e33afc64,-383.962799072,51996,11915,38.3484,13.1459,25.2025,90.6727,0.27795,0.9516,1.2032,1.2645
dw-cql-seed1,cql,16000,7,16000,750558f0e33afc64,-383.962799072,64933,19513,37.9579,18.1437,19.8141,90.6727,0.21852,0.9218,1.1945,1.2959
dw-cql-seed1,cql,16000,11,16000,750558f0e33afc64,-383.962799072,76763,39227,31.3217,10.0396,21.2821,90.6727,0.23471,0.9668,1.1013,1.1392
dw-cql-seed1,cql,16000,12,16000,750558f0e33afc64,-383.962799072,33583,82841,33.4381,14.7253,18.7128,90.6727,0.20638,0.9437,1.0485,1.111
dw-cql-seed1,cql,16000,13,16000,750558f0e33afc64,-383.962799072,29838,52509,38.5864,7.5447,31.0417,90.6727,0.34235,0.9123,1.0692,1.172
dw-cql-seed1,cql,16000,14,16000,750558f0e33afc64,-383.962799072,36307,14110,41.7105,8.3311,33.3794,90.6727,0.36813,0.958,1.2477,1.3024
dw-cql-seed1,cql,17000,0,17000,d3c4f0fe344390b5,-414.903442383,237311,68413,57.5395,16.2245,41.315,91.9177,0.44948,0.8482,1.3071,1.5409
dw-cql-seed1,cql,17000,2,17000,d3c4f0fe344390b5,-414.903442383,168808,33814,41.7427,11.4063,30.3364,91.9177,0.33004,0.8937,1.1052,1.2366
dw-cql-seed1,cql,17000,4,17000,d3c4f0fe344390b5,-414.903442383,35214,133999,35.3023,8.4541,26.8482,91.9177,0.29209,0.8827,0.9974,1.1299
dw-cql-seed1,cql,17000,5,17000,d3c4f0fe344390b5,-414.903442383,40938,30344,36.3517,4.6602,31.6915,91.9177,0.34478,0.9268,1.1242,1.2129
dw-cql-seed1,cql,17000,6,17000,d3c4f0fe344390b5,-414.903442383,51996,11915,36.5287,10.2598,26.2689,91.9177,0.28579,0.9469,1.1978,1.2649
dw-cql-seed1,cql,17000,7,17000,d3c4f0fe344390b5,-414.903442383,64933,19513,36.4455,16.4481,19.9974,91.9177,0.21756,0.9182,1.1762,1.281
dw-cql-seed1,cql,17000,11,17000,d3c4f0fe344390b5,-414.903442383,76763,39227,31.5112,10.5045,21.0068,91.9177,0.22854,0.9605,1.0929,1.1379
dw-cql-seed1,cql,17000,12,17000,d3c4f0fe344390b5,-414.903442383,33583,82841,31.5673,12.1672,19.4001,91.9177,0.21106,0.9431,1.0477,1.1109
dw-cql-seed1,cql,17000,13,17000,d3c4f0fe344390b5,-414.903442383,29838,52509,36.6725,6.4952,30.1772,91.9177,0.32831,0.9021,1.0649,1.1805
dw-cql-seed1,cql,17000,14,17000,d3c4f0fe344390b5,-414.903442383,36307,14110,41.0757,8.7636,32.3121,91.9177,0.35153,0.9492,1.2443,1.3108
dw-cql-seed1,cql,18000,0,18000,c41ec1cfa20a5551,-448.069458008,237311,68413,55.5651,11.042,44.5231,95.263,0.46737,0.8454,1.2981,1.5356
dw-cql-seed1,cql,18000,2,18000,c41ec1cfa20a5551,-448.069458008,168808,33814,41.4191,9.7267,31.6924,95.263,0.33268,0.8919,1.0989,1.2321
dw-cql-seed1,cql,18000,4,18000,c41ec1cfa20a5551,-448.069458008,35214,133999,35.1899,9.0378,26.1521,95.263,0.27453,0.892,1.0026,1.124
dw-cql-seed1,cql,18000,5,18000,c41ec1cfa20a5551,-448.069458008,40938,30344,36.8949,5.9078,30.9872,95.263,0.32528,0.9394,1.1279,1.2006
dw-cql-seed1,cql,18000,6,18000,c41ec1cfa20a5551,-448.069458008,51996,11915,36.1759,11.6674,24.5085,95.263,0.25727,0.9509,1.2051,1.2674
dw-cql-seed1,cql,18000,7,18000,c41ec1cfa20a5551,-448.069458008,64933,19513,36.202,15.835,20.3671,95.263,0.2138,0.9146,1.1668,1.2759
dw-cql-seed1,cql,18000,11,18000,c41ec1cfa20a5551,-448.069458008,76763,39227,30.8771,10.648,20.2292,95.263,0.21235,0.962,1.0925,1.1356
dw-cql-seed1,cql,18000,12,18000,c41ec1cfa20a5551,-448.069458008,33583,82841,31.1375,13.4922,17.6453,95.263,0.18523,0.9448,1.0459,1.107
dw-cql-seed1,cql,18000,13,18000,c41ec1cfa20a5551,-448.069458008,29838,52509,36.3092,7.4527,28.8565,95.263,0.30291,0.9151,1.07,1.1693
dw-cql-seed1,cql,18000,14,18000,c41ec1cfa20a5551,-448.069458008,36307,14110,40.0879,9.1504,30.9375,95.263,0.32476,0.9567,1.2383,1.2943
dw-cql-seed1,cql,19000,0,19000,be15426f70a8d28e,-478.740722656,237311,68413,54.7792,10.4493,44.3298,94.9731,0.46676,0.8459,1.2976,1.534
dw-cql-seed1,cql,19000,2,19000,be15426f70a8d28e,-478.740722656,168808,33814,41.5262,10.2097,31.3165,94.9731,0.32974,0.8934,1.1016,1.233
dw-cql-seed1,cql,19000,4,19000,be15426f70a8d28e,-478.740722656,35214,133999,33.6624,8.1849,25.4775,94.9731,0.26826,0.8883,0.9971,1.1224
dw-cql-seed1,cql,19000,5,19000,be15426f70a8d28e,-478.740722656,40938,30344,34.5156,4.9681,29.5476,94.9731,0.31112,0.9403,1.1282,1.1998
dw-cql-seed1,cql,19000,6,19000,be15426f70a8d28e,-478.740722656,51996,11915,36.5315,10.6713,25.8602,94.9731,0.27229,0.951,1.1988,1.2605
dw-cql-seed1,cql,19000,7,19000,be15426f70a8d28e,-478.740722656,64933,19513,35.9541,15.0442,20.9099,94.9731,0.22017,0.915,1.179,1.2886
dw-cql-seed1,cql,19000,11,19000,be15426f70a8d28e,-478.740722656,76763,39227,29.7717,8.8392,20.9325,94.9731,0.2204,0.9697,1.1003,1.1346
dw-cql-seed1,cql,19000,12,19000,be15426f70a8d28e,-478.740722656,33583,82841,30.1235,12.8576,17.2659,94.9731,0.1818,0.947,1.0516,1.1105
dw-cql-seed1,cql,19000,13,19000,be15426f70a8d28e,-478.740722656,29838,52509,33.5485,6.5125,27.036,94.9731,0.28467,0.9171,1.0719,1.1687
dw-cql-seed1,cql,19000,14,19000,be15426f70a8d28e,-478.740722656,36307,14110,37.705,6.9641,30.7409,94.9731,0.32368,0.9598,1.2467,1.2989
dw-cql-seed1,cql,20000,0,20000,dd93ab49ecf2da7c,-510.634216309,237311,68413,54.7995,14.4831,40.3164,90.6282,0.44485,0.8451,1.2927,1.5297
dw-cql-seed1,cql,20000,2,20000,dd93ab49ecf2da7c,-510.634216309,168808,33814,40.2203,11.0974,29.1229,90.6282,0.32134,0.8936,1.1,1.231
dw-cql-seed1,cql,20000,4,20000,dd93ab49ecf2da7c,-510.634216309,35214,133999,32.3699,7.8443,24.5256,90.6282,0.27062,0.8905,0.9975,1.1201
dw-cql-seed1,cql,20000,5,20000,dd93ab49ecf2da7c,-510.634216309,40938,30344,32.6472,4.2511,28.3961,90.6282,0.31333,0.9364,1.1232,1.1995
dw-cql-seed1,cql,20000,6,20000,dd93ab49ecf2da7c,-510.634216309,51996,11915,34.5454,10.5391,24.0064,90.6282,0.26489,0.9532,1.1964,1.2551
dw-cql-seed1,cql,20000,7,20000,dd93ab49ecf2da7c,-510.634216309,64933,19513,33.5973,13.2017,20.3956,90.6282,0.22505,0.9184,1.1894,1.295
dw-cql-seed1,cql,20000,11,20000,dd93ab49ecf2da7c,-510.634216309,76763,39227,29.413,9.5992,19.8138,90.6282,0.21863,0.9683,1.0926,1.1283
dw-cql-seed1,cql,20000,12,20000,dd93ab49ecf2da7c,-510.634216309,33583,82841,29.0138,12.0503,16.9635,90.6282,0.18718,0.949,1.0522,1.1087
dw-cql-seed1,cql,20000,13,20000,dd93ab49ecf2da7c,-510.634216309,29838,52509,33.1082,6.7111,26.3971,90.6282,0.29127,0.9132,1.069,1.1707
dw-cql-seed1,cql,20000,14,20000,dd93ab49ecf2da7c,-510.634216309,36307,14110,36.9436,6.654,30.2896,90.6282,0.33422,0.9573,1.2432,1.2987
dw-cql-seed1,cql,21000,0,21000,10a9dbaaac1bedcd,-550.824829102,237311,68413,53.0825,7.0669,46.0156,97.9934,0.46958,0.8447,1.2914,1.5288
dw-cql-seed1,cql,21000,2,21000,10a9dbaaac1bedcd,-550.824829102,168808,33814,39.1147,8.5387,30.5759,97.9934,0.31202,0.8913,1.0936,1.2269
dw-cql-seed1,cql,21000,4,21000,10a9dbaaac1bedcd,-550.824829102,35214,133999,31.8363,7.6961,24.1401,97.9934,0.24634,0.879,0.9906,1.1269
dw-cql-seed1,cql,21000,5,21000,10a9dbaaac1bedcd,-550.824829102,40938,30344,33.1967,4.2733,28.9234,97.9934,0.29516,0.9224,1.1174,1.2114
dw-cql-seed1,cql,21000,6,21000,10a9dbaaac1bedcd,-550.824829102,51996,11915,34.4503,9.862,24.5883,97.9934,0.25092,0.9429,1.1901,1.2622
dw-cql-seed1,cql,21000,7,21000,10a9dbaaac1bedcd,-550.824829102,64933,19513,33.2808,11.5984,21.6824,97.9934,0.22126,0.9086,1.173,1.291
dw-cql-seed1,cql,21000,11,21000,10a9dbaaac1bedcd,-550.824829102,76763,39227,28.4941,8.5315,19.9627,97.9934,0.20371,0.9607,1.0876,1.1321
dw-cql-seed1,cql,21000,12,21000,10a9dbaaac1bedcd,-550.824829102,33583,82841,28.5195,11.4159,17.1035,97.9934,0.17454,0.9366,1.0376,1.1078
dw-cql-seed1,cql,21000,13,21000,10a9dbaaac1bedcd,-550.824829102,29838,52509,32.3165,5.9088,26.4077,97.9934,0.26948,0.8967,1.0601,1.1821
dw-cql-seed1,cql,21000,14,21000,10a9dbaaac1bedcd,-550.824829102,36307,14110,36.8617,7.5863,29.2754,97.9934,0.29875,0.9438,1.237,1.3108
dw-cql-seed1,cql,22000,0,22000,dabafdfdf34687e8,-587.649108887,237311,68413,53.3469,8.6824,44.6645,95.9338,0.46558,0.8453,1.2898,1.5259
dw-cql-seed1,cql,22000,2,22000,dabafdfdf34687e8,-587.649108887,168808,33814,38.3854,7.7963,30.5891,95.9338,0.31886,0.891,1.0937,1.2276
dw-cql-seed1,cql,22000,4,22000,dabafdfdf34687e8,-587.649108887,35214,133999,32.6641,8.0112,24.6529,95.9338,0.25698,0.8805,0.9899,1.1242
dw-cql-seed1,cql,22000,5,22000,dabafdfdf34687e8,-587.649108887,40938,30344,32.8743,4.0993,28.775,95.9338,0.29995,0.9246,1.1177,1.2088
dw-cql-seed1,cql,22000,6,22000,dabafdfdf34687e8,-587.649108887,51996,11915,34.0445,9.5112,24.5333,95.9338,0.25573,0.9469,1.1983,1.2655
dw-cql-seed1,cql,22000,7,22000,dabafdfdf34687e8,-587.649108887,64933,19513,33.7916,13.0416,20.75,95.9338,0.21629,0.9154,1.1718,1.28
dw-cql-seed1,cql,22000,11,22000,dabafdfdf34687e8,-587.649108887,76763,39227,27.9413,8.6402,19.3011,95.9338,0.20119,0.9613,1.0874,1.1311
dw-cql-seed1,cql,22000,12,22000,dabafdfdf34687e8,-587.649108887,33583,82841,28.5979,11.9314,16.6666,95.9338,0.17373,0.9397,1.0389,1.1055
dw-cql-seed1,cql,22000,13,22000,dabafdfdf34687e8,-587.649108887,29838,52509,32.6476,6.3388,26.3088,95.9338,0.27424,0.9014,1.0597,1.1756
dw-cql-seed1,cql,22000,14,22000,dabafdfdf34687e8,-587.649108887,36307,14110,37.1091,7.2809,29.8282,95.9338,0.31092,0.9461,1.2381,1.3086
dw-cql-seed1,cql,23000,0,23000,9ed27d60d4cdf63f,-628.306945801,237311,68413,52.7982,10.3076,42.4906,90.2857,0.47062,0.8443,1.2895,1.5273
dw-cql-seed1,cql,23000,2,23000,9ed27d60d4cdf63f,-628.306945801,168808,33814,38.1582,8.2089,29.9493,90.2857,0.33172,0.8916,1.0875,1.2197
dw-cql-seed1,cql,23000,4,23000,9ed27d60d4cdf63f,-628.306945801,35214,133999,31.5611,7.3262,24.2349,90.2857,0.26842,0.8782,0.9895,1.1267
dw-cql-seed1,cql,23000,5,23000,9ed27d60d4cdf63f,-628.306945801,40938,30344,33.2204,3.8502,29.3702,90.2857,0.3253,0.9236,1.1163,1.2087
dw-cql-seed1,cql,23000,6,23000,9ed27d60d4cdf63f,-628.306945801,51996,11915,33.8006,10.2189,23.5817,90.2857,0.26119,0.944,1.1984,1.2695
dw-cql-seed1,cql,23000,7,23000,9ed27d60d4cdf63f,-628.306945801,64933,19513,33.1097,12.0571,21.0525,90.2857,0.23318,0.9108,1.1603,1.274
dw-cql-seed1,cql,23000,11,23000,9ed27d60d4cdf63f,-628.306945801,76763,39227,26.6755,9.135,17.5406,90.2857,0.19428,0.9611,1.0822,1.126
dw-cql-seed1,cql,23000,12,23000,9ed27d60d4cdf63f,-628.306945801,33583,82841,27.3838,10.6786,16.7052,90.2857,0.18503,0.9389,1.0373,1.1048
dw-cql-seed1,cql,23000,13,23000,9ed27d60d4cdf63f,-628.306945801,29838,52509,31.9023,5.7125,26.1898,90.2857,0.29008,0.8976,1.0608,1.1819
dw-cql-seed1,cql,23000,14,23000,9ed27d60d4cdf63f,-628.306945801,36307,14110,35.3173,5.5688,29.7485,90.2857,0.32949,0.9439,1.2416,1.3154
dw-cql-seed1,cql,24000,0,24000,afaec85c00eec535,-665.061035156,237311,68413,51.3715,4.6382,46.7333,95.6373,0.48865,0.8452,1.2899,1.5262
dw-cql-seed1,cql,24000,2,24000,afaec85c00eec535,-665.061035156,168808,33814,37.897,7.7328,30.1643,95.6373,0.3154,0.8929,1.0947,1.226
dw-cql-seed1,cql,24000,4,24000,afaec85c00eec535,-665.061035156,35214,133999,30.2798,7.0652,23.2146,95.6373,0.24274,0.8792,0.9893,1.1252
dw-cql-seed1,cql,24000,5,24000,afaec85c00eec535,-665.061035156,40938,30344,30.5724,3.476,27.0964,95.6373,0.28332,0.9264,1.1185,1.2073
dw-cql-seed1,cql,24000,6,24000,afaec85c00eec535,-665.061035156,51996,11915,31.6114,8.2075,23.4039,95.6373,0.24472,0.9479,1.1967,1.2625
dw-cql-seed1,cql,24000,7,24000,afaec85c00eec535,-665.061035156,64933,19513,32.1912,11.3619,20.8293,95.6373,0.21779,0.9154,1.1734,1.2819
dw-cql-seed1,cql,24000,11,24000,afaec85c00eec535,-665.061035156,76763,39227,26.0273,8.7097,17.3176,95.6373,0.18108,0.962,1.0814,1.124
dw-cql-seed1,cql,24000,12,24000,afaec85c00eec535,-665.061035156,33583,82841,26.2922,10.848,15.4442,95.6373,0.16149,0.9372,1.0386,1.1082
dw-cql-seed1,cql,24000,13,24000,afaec85c00eec535,-665.061035156,29838,52509,29.8071,5.1413,24.6657,95.6373,0.25791,0.8981,1.06,1.1803
dw-cql-seed1,cql,24000,14,24000,afaec85c00eec535,-665.061035156,36307,14110,34.6604,5.9925,28.6679,95.6373,0.29976,0.9466,1.2375,1.3073
dw-cql-seed1,cql,25000,0,25000,28e1010211aec3e0,-698.884155273,237311,68413,50.5691,4.3932,46.1758,95.3939,0.48405,0.843,1.2839,1.523
dw-cql-seed1,cql,25000,2,25000,28e1010211aec3e0,-698.884155273,168808,33814,36.7806,7.7637,29.0169,95.3939,0.30418,0.8934,1.0885,1.2183
dw-cql-seed1,cql,25000,4,25000,28e1010211aec3e0,-698.884155273,35214,133999,30.4562,7.9417,22.5145,95.3939,0.23602,0.8764,0.9892,1.1287
dw-cql-seed1,cql,25000,5,25000,28e1010211aec3e0,-698.884155273,40938,30344,31.8025,3.9259,27.8766,95.3939,0.29223,0.9254,1.1235,1.2141
dw-cql-seed1,cql,25000,6,25000,28e1010211aec3e0,-698.884155273,51996,11915,32.3858,8.5599,23.826,95.3939,0.24976,0.9456,1.1998,1.2688
dw-cql-seed1,cql,25000,7,25000,28e1010211aec3e0,-698.884155273,64933,19513,32.0441,10.6013,21.4427,95.3939,0.22478,0.9117,1.1594,1.2716
dw-cql-seed1,cql,25000,11,25000,28e1010211aec3e0,-698.884155273,76763,39227,24.6048,7.2968,17.308,95.3939,0.18144,0.9631,1.0825,1.124
dw-cql-seed1,cql,25000,12,25000,28e1010211aec3e0,-698.884155273,33583,82841,27.3911,11.513,15.8781,95.3939,0.16645,0.9383,1.0379,1.1062
dw-cql-seed1,cql,25000,13,25000,28e1010211aec3e0,-698.884155273,29838,52509,32.0106,6.4542,25.5563,95.3939,0.2679,0.8997,1.064,1.1826
dw-cql-seed1,cql,25000,14,25000,28e1010211aec3e0,-698.884155273,36307,14110,35.6363,7.3832,28.2531,95.3939,0.29617,0.9471,1.2443,1.3138
dw-cql-seed1,cql,26000,0,26000,d5f40646000af9b5,-729.101501465,237311,68413,49.7222,4.4574,45.2648,91.0722,0.49702,0.8426,1.2875,1.5281
dw-cql-seed1,cql,26000,2,26000,d5f40646000af9b5,-729.101501465,168808,33814,36.0592,6.4904,29.5688,91.0722,0.32467,0.8907,1.0908,1.2247
dw-cql-seed1,cql,26000,4,26000,d5f40646000af9b5,-729.101501465,35214,133999,27.3596,6.784,20.5756,91.0722,0.22593,0.8855,0.9904,1.1185
dw-cql-seed1,cql,26000,5,26000,d5f40646000af9b5,-729.101501465,40938,30344,28.7036,3.3637,25.3399,91.0722,0.27824,0.9338,1.1166,1.1958
dw-cql-seed1,cql,26000,6,26000,d5f40646000af9b5,-729.101501465,51996,11915,29.7421,6.5687,23.1734,91.0722,0.25445,0.9456,1.1872,1.2554
dw-cql-seed1,cql,26000,7,26000,d5f40646000af9b5,-729.101501465,64933,19513,30.4287,10.7068,19.7219,91.0722,0.21655,0.9071,1.1577,1.2762
dw-cql-seed1,cql,26000,11,26000,d5f40646000af9b5,-729.101501465,76763,39227,25.0308,7.6338,17.3971,91.0722,0.19102,0.9582,1.0806,1.1277
dw-cql-seed1,cql,26000,12,26000,d5f40646000af9b5,-729.101501465,33583,82841,25.5141,10.4912,15.0229,91.0722,0.16496,0.9389,1.0372,1.1047
dw-cql-seed1,cql,26000,13,26000,d5f40646000af9b5,-729.101501465,29838,52509,29.1249,5.3584,23.7665,91.0722,0.26096,0.9063,1.0631,1.1731
dw-cql-seed1,cql,26000,14,26000,d5f40646000af9b5,-729.101501465,36307,14110,34.8078,5.9724,28.8354,91.0722,0.31662,0.9485,1.2305,1.2974
dw-cql-seed1,cql,27000,0,27000,886caafd6bac2397,-771.934326172,237311,68413,49.9802,0.8141,49.1661,92.3097,0.53262,0.845,1.2866,1.5226
dw-cql-seed1,cql,27000,2,27000,886caafd6bac2397,-771.934326172,168808,33814,36.4182,6.6025,29.8157,92.3097,0.323,0.8938,1.0899,1.2194
dw-cql-seed1,cql,27000,4,27000,886caafd6bac2397,-771.934326172,35214,133999,27.5162,6.395,21.1212,92.3097,0.22881,0.8735,0.9893,1.1326
dw-cql-seed1,cql,27000,5,27000,886caafd6bac2397,-771.934326172,40938,30344,29.7643,3.3595,26.4048,92.3097,0.28605,0.9135,1.1106,1.2157
dw-cql-seed1,cql,27000,6,27000,886caafd6bac2397,-771.934326172,51996,11915,30.828,8.9595,21.8686,92.3097,0.2369,0.9384,1.1818,1.2594
dw-cql-seed1,cql,27000,7,27000,886caafd6bac2397,-771.934326172,64933,19513,30.5615,12.2327,18.3287,92.3097,0.19856,0.9101,1.1622,1.277
dw-cql-seed1,cql,27000,11,27000,886caafd6bac2397,-771.934326172,76763,39227,24.5974,7.1915,17.4059,92.3097,0.18856,0.9577,1.0785,1.1261
dw-cql-seed1,cql,27000,12,27000,886caafd6bac2397,-771.934326172,33583,82841,25.5443,9.9562,15.5881,92.3097,0.16887,0.9363,1.035,1.1055
dw-cql-seed1,cql,27000,13,27000,886caafd6bac2397,-771.934326172,29838,52509,28.0145,4.6598,23.3546,92.3097,0.253,0.8911,1.0574,1.1866
dw-cql-seed1,cql,27000,14,27000,886caafd6bac2397,-771.934326172,36307,14110,34.0942,6.15,27.9442,92.3097,0.30272,0.9381,1.2302,1.3114
dw-cql-seed1,cql,28000,0,28000,a9948b26ce356410,-815.841918945,237311,68413,48.7687,2.2509,46.5178,88.8147,0.52376,0.8428,1.2832,1.5225
dw-cql-seed1,cql,28000,2,28000,a9948b26ce356410,-815.841918945,168808,33814,35.2551,6.0206,29.2345,88.8147,0.32916,0.8884,1.0812,1.217
dw-cql-seed1,cql,28000,4,28000,a9948b26ce356410,-815.841918945,35214,133999,27.1881,6.5819,20.6062,88.8147,0.23201,0.8821,0.9878,1.1198
dw-cql-seed1,cql,28000,5,28000,a9948b26ce356410,-815.841918945,40938,30344,29.3692,3.5824,25.7868,88.8147,0.29034,0.9303,1.1194,1.2033
dw-cql-seed1,cql,28000,6,28000,a9948b26ce356410,-815.841918945,51996,11915,30.5853,8.751,21.8343,88.8147,0.24584,0.9448,1.1922,1.262
dw-cql-seed1,cql,28000,7,28000,a9948b26ce356410,-815.841918945,64933,19513,29.7982,10.4047,19.3936,88.8147,0.21836,0.906,1.149,1.2682
dw-cql-seed1,cql,28000,11,28000,a9948b26ce356410,-815.841918945,76763,39227,23.246,7.2667,15.9793,88.8147,0.17992,0.9565,1.0767,1.1256
dw-cql-seed1,cql,28000,12,28000,a9948b26ce356410,-815.841918945,33583,82841,24.5141,10.0493,14.4648,88.8147,0.16286,0.9366,1.0316,1.1015
dw-cql-seed1,cql,28000,13,28000,a9948b26ce356410,-815.841918945,29838,52509,29.5903,5.6127,23.9776,88.8147,0.26997,0.9041,1.0616,1.1742
dw-cql-seed1,cql,28000,14,28000,a9948b26ce356410,-815.841918945,36307,14110,33.7062,5.8953,27.8109,88.8147,0.31313,0.9524,1.2472,1.3095
dw-cql-seed1,cql,29000,0,29000,859f1d15c8fb7fa0,-856.549194336,237311,68413,48.1154,-2.6492,50.7646,92.3992,0.54941,0.8427,1.2799,1.5187
dw-cql-seed1,cql,29000,2,29000,859f1d15c8fb7fa0,-856.549194336,168808,33814,33.9892,3.04,30.9492,92.3992,0.33495,0.8909,1.0812,1.2136
dw-cql-seed1,cql,29000,4,29000,859f1d15c8fb7fa0,-856.549194336,35214,133999,26.7812,6.6842,20.097,92.3992,0.2175,0.8799,0.9871,1.1218
dw-cql-seed1,cql,29000,5,29000,859f1d15c8fb7fa0,-856.549194336,40938,30344,27.5268,2.7575,24.7693,92.3992,0.26807,0.9265,1.1164,1.205
dw-cql-seed1,cql,29000,6,29000,859f1d15c8fb7fa0,-856.549194336,51996,11915,29.0946,7.1523,21.9424,92.3992,0.23747,0.9429,1.1778,1.2491
dw-cql-seed1,cql,29000,7,29000,859f1d15c8fb7fa0,-856.549194336,64933,19513,28.2231,9.827,18.3961,92.3992,0.19909,0.906,1.155,1.2748
dw-cql-seed1,cql,29000,11,29000,859f1d15c8fb7fa0,-856.549194336,76763,39227,22.9441,7.4632,15.4809,92.3992,0.16754,0.9551,1.0749,1.1254
dw-cql-seed1,cql,29000,12,29000,859f1d15c8fb7fa0,-856.549194336,33583,82841,24.0988,10.1537,13.9451,92.3992,0.15092,0.934,1.0314,1.1043
dw-cql-seed1,cql,29000,13,29000,859f1d15c8fb7fa0,-856.549194336,29838,52509,27.4306,4.8986,22.532,92.3992,0.24385,0.8988,1.0595,1.1788
dw-cql-seed1,cql,29000,14,29000,859f1d15c8fb7fa0,-856.549194336,36307,14110,31.6365,5.393,26.2435,92.3992,0.28402,0.945,1.2256,1.2969
dw-cql-seed1,cql,30000,0,30000,3e21c28fe6b74ea6,-893.823669434,237311,68413,47.6388,-3.3306,50.9693,94.8338,0.53746,0.8442,1.2839,1.5209
dw-cql-seed1,cql,30000,2,30000,3e21c28fe6b74ea6,-893.823669434,168808,33814,33.2108,3.9301,29.2807,94.8338,0.30876,0.8913,1.0817,1.2135
dw-cql-seed1,cql,30000,4,30000,3e21c28fe6b74ea6,-893.823669434,35214,133999,25.5028,5.9978,19.505,94.8338,0.20568,0.8809,0.9908,1.1247
dw-cql-seed1,cql,30000,5,30000,3e21c28fe6b74ea6,-893.823669434,40938,30344,26.7537,2.5415,24.2122,94.8338,0.25531,0.9234,1.114,1.2064
dw-cql-seed1,cql,30000,6,30000,3e21c28fe6b74ea6,-893.823669434,51996,11915,28.3272,7.4741,20.8531,94.8338,0.21989,0.9428,1.1849,1.2567
dw-cql-seed1,cql,30000,7,30000,3e21c28fe6b74ea6,-893.823669434,64933,19513,28.858,9.9458,18.9121,94.8338,0.19942,0.908,1.145,1.2611
dw-cql-seed1,cql,30000,11,30000,3e21c28fe6b74ea6,-893.823669434,76763,39227,22.8862,6.7131,16.1731,94.8338,0.17054,0.956,1.0744,1.1238
dw-cql-seed1,cql,30000,12,30000,3e21c28fe6b74ea6,-893.823669434,33583,82841,23.6107,9.3657,14.245,94.8338,0.15021,0.9342,1.0303,1.1028
dw-cql-seed1,cql,30000,13,30000,3e21c28fe6b74ea6,-893.823669434,29838,52509,26.4365,4.3774,22.0591,94.8338,0.23261,0.9016,1.0635,1.1796
dw-cql-seed1,cql,30000,14,30000,3e21c28fe6b74ea6,-893.823669434,36307,14110,32.3801,6.05,26.3301,94.8338,0.27764,0.947,1.235,1.3042
dw-cql-seed1,cql,31000,0,31000,c5324c362c632af7,-941.57244873,237311,68413,47.771,-0.9293,48.7003,91.0617,0.53481,0.842,1.2774,1.5171
dw-cql-seed1,cql,31000,2,31000,c5324c362c632af7,-941.57244873,168808,33814,33.7026,5.0434,28.6592,91.0617,0.31472,0.8913,1.0836,1.2157
dw-cql-seed1,cql,31000,4,31000,c5324c362c632af7,-941.57244873,35214,133999,26.9027,7.2104,19.6923,91.0617,0.21625,0.8765,0.9868,1.1259
dw-cql-seed1,cql,31000,5,31000,c5324c362c632af7,-941.57244873,40938,30344,27.5415,3.5716,23.9699,91.0617,0.26323,0.9173,1.1088,1.2088
dw-cql-seed1,cql,31000,6,31000,c5324c362c632af7,-941.57244873,51996,11915,28.9203,7.3964,21.5239,91.0617,0.23637,0.9391,1.1851,1.262
dw-cql-seed1,cql,31000,7,31000,c5324c362c632af7,-941.57244873,64933,19513,27.6627,7.8166,19.8461,91.0617,0.21794,0.9084,1.1484,1.2642
dw-cql-seed1,cql,31000,11,31000,c5324c362c632af7,-941.57244873,76763,39227,22.5524,6.4708,16.0816,91.0617,0.1766,0.9572,1.0748,1.1228
dw-cql-seed1,cql,31000,12,31000,c5324c362c632af7,-941.57244873,33583,82841,23.7441,9.7594,13.9846,91.0617,0.15357,0.9339,1.0319,1.1049
dw-cql-seed1,cql,31000,13,31000,c5324c362c632af7,-941.57244873,29838,52509,27.6469,5.5263,22.1206,91.0617,0.24292,0.8918,1.0543,1.1823
dw-cql-seed1,cql,31000,14,31000,c5324c362c632af7,-941.57244873,36307,14110,31.9532,6.7451,25.2081,91.0617,0.27682,0.9377,1.2235,1.3048
dw-cql-seed1,cql,32000,0,32000,55c74e4af2f9eed0,-980.672241211,237311,68413,46.6044,-1.0599,47.6643,91.5029,0.52091,0.8421,1.2794,1.5193
dw-cql-seed1,cql,32000,2,32000,55c74e4af2f9eed0,-980.672241211,168808,33814,31.8979,2.15,29.7479,91.5029,0.3251,0.8895,1.0801,1.2142
dw-cql-seed1,cql,32000,4,32000,55c74e4af2f9eed0,-980.672241211,35214,133999,25.9516,6.6473,19.3043,91.5029,0.21097,0.8738,0.9831,1.1251
dw-cql-seed1,cql,32000,5,32000,55c74e4af2f9eed0,-980.672241211,40938,30344,26.6942,3.058,23.6362,91.5029,0.25831,0.9176,1.1075,1.2069
dw-cql-seed1,cql,32000,6,32000,55c74e4af2f9eed0,-980.672241211,51996,11915,28.4116,8.129,20.2826,91.5029,0.22166,0.9395,1.1856,1.2619
dw-cql-seed1,cql,32000,7,32000,55c74e4af2f9eed0,-980.672241211,64933,19513,28.2757,10.8067,17.469,91.5029,0.19091,0.9055,1.1414,1.2605
dw-cql-seed1,cql,32000,11,32000,55c74e4af2f9eed0,-980.672241211,76763,39227,21.8982,6.8408,15.0573,91.5029,0.16456,0.9548,1.0715,1.1223
dw-cql-seed1,cql,32000,12,32000,55c74e4af2f9eed0,-980.672241211,33583,82841,22.892,9.6075,13.2845,91.5029,0.14518,0.9337,1.0295,1.1026
dw-cql-seed1,cql,32000,13,32000,55c74e4af2f9eed0,-980.672241211,29838,52509,27.0552,4.8174,22.2378,91.5029,0.24303,0.8935,1.0545,1.1801
dw-cql-seed1,cql,32000,14,32000,55c74e4af2f9eed0,-980.672241211,36307,14110,32.0888,6.2336,25.8552,91.5029,0.28256,0.9419,1.2265,1.3021
dw-cql-seed1,cql,33000,0,33000,2a40ada7df469ab9,-1025.119262695,237311,68413,46.6614,-2.7956,49.457,92.9838,0.53189,0.8427,1.276,1.5142
dw-cql-seed1,cql,33000,2,33000,2a40ada7df469ab9,-1025.119262695,168808,33814,32.9378,4.4685,28.4692,92.9838,0.30617,0.8911,1.0797,1.2117
dw-cql-seed1,cql,33000,4,33000,2a40ada7df469ab9,-1025.119262695,35214,133999,25.7906,6.7825,19.0081,92.9838,0.20442,0.872,0.9833,1.1277
dw-cql-seed1,cql,33000,5,33000,2a40ada7df469ab9,-1025.119262695,40938,30344,25.5643,2.7606,22.8037,92.9838,0.24524,0.9124,1.1064,1.2126
dw-cql-seed1,cql,33000,6,33000,2a40ada7df469ab9,-1025.119262695,51996,11915,27.2912,6.3036,20.9876,92.9838,0.22571,0.9382,1.1815,1.2592
dw-cql-seed1,cql,33000,7,33000,2a40ada7df469ab9,-1025.119262695,64933,19513,27.2527,8.506,18.7467,92.9838,0.20161,0.9066,1.1404,1.2578
dw-cql-seed1,cql,33000,11,33000,2a40ada7df469ab9,-1025.119262695,76763,39227,21.3819,5.9033,15.4787,92.9838,0.16647,0.957,1.0719,1.1202
dw-cql-seed1,cql,33000,12,33000,2a40ada7df469ab9,-1025.119262695,33583,82841,22.4905,9.1495,13.341,92.9838,0.14348,0.9344,1.0274,1.0995
dw-cql-seed1,cql,33000,13,33000,2a40ada7df469ab9,-1025.119262695,29838,52509,25.8017,4.7101,21.0916,92.9838,0.22683,0.8879,1.0517,1.1845
dw-cql-seed1,cql,33000,14,33000,2a40ada7df469ab9,-1025.119262695,36307,14110,31.4724,5.2448,26.2276,92.9838,0.28207,0.935,1.2221,1.307
dw-cql-seed1,cql,34000,0,34000,c4da46269c70784d,-1062.789550781,237311,68413,46.0112,-1.8431,47.8543,86.7689,0.55151,0.8414,1.2744,1.5146
dw-cql-seed1,cql,34000,2,34000,c4da46269c70784d,-1062.789550781,168808,33814,31.8834,3.6535,28.23,86.7689,0.32535,0.8917,1.0778,1.2086
dw-cql-seed1,cql,34000,4,34000,c4da46269c70784d,-1062.789550781,35214,133999,24.3917,6.1687,18.2231,86.7689,0.21002,0.8733,0.9814,1.1239
dw-cql-seed1,cql,34000,5,34000,c4da46269c70784d,-1062.789550781,40938,30344,25.3398,2.6921,22.6476,86.7689,0.26101,0.915,1.1027,1.2052
dw-cql-seed1,cql,34000,6,34000,c4da46269c70784d,-1062.789550781,51996,11915,27.608,7.1991,20.4089,86.7689,0.23521,0.9403,1.1735,1.248
dw-cql-seed1,cql,34000,7,34000,c4da46269c70784d,-1062.789550781,64933,19513,27.3637,10.1974,17.1662,86.7689,0.19784,0.9056,1.1456,1.265
dw-cql-seed1,cql,34000,11,34000,c4da46269c70784d,-1062.789550781,76763,39227,20.5636,7.0793,13.4843,86.7689,0.15541,0.9552,1.0682,1.1183
dw-cql-seed1,cql,34000,12,34000,c4da46269c70784d,-1062.789550781,33583,82841,21.1193,8.6441,12.4752,86.7689,0.14378,0.9348,1.0284,1.1001
dw-cql-seed1,cql,34000,13,34000,c4da46269c70784d,-1062.789550781,29838,52509,26.2881,5.1381,21.15,86.7689,0.24375,0.8905,1.0487,1.1777
dw-cql-seed1,cql,34000,14,34000,c4da46269c70784d,-1062.789550781,36307,14110,31.4537,5.3154,26.1383,86.7689,0.30124,0.9357,1.215,1.2985
dw-cql-seed1,cql,35000,0,35000,5d32b168d76b5f3d,-1099.74621582,237311,68413,45.2173,-6.8249,52.0422,94.6345,0.54993,0.8399,1.2697,1.5118
dw-cql-seed1,cql,35000,2,35000,5d32b168d76b5f3d,-1099.74621582,168808,33814,31.3546,3.1473,28.2073,94.6345,0.29807,0.8896,1.0721,1.2051
dw-cql-seed1,cql,35000,4,35000,5d32b168d76b5f3d,-1099.74621582,35214,133999,24.1029,6.5556,17.5474,94.6345,0.18542,0.8723,0.9834,1.1273
dw-cql-seed1,cql,35000,5,35000,5d32b168d76b5f3d,-1099.74621582,40938,30344,24.6431,2.8026,21.8405,94.6345,0.23079,0.9122,1.1007,1.2066
dw-cql-seed1,cql,35000,6,35000,5d32b168d76b5f3d,-1099.74621582,51996,11915,26.7868,6.4137,20.3731,94.6345,0.21528,0.9359,1.1697,1.2498
dw-cql-seed1,cql,35000,7,35000,5d32b168d76b5f3d,-1099.74621582,64933,19513,26.3696,7.537,18.8326,94.6345,0.199,0.9029,1.1411,1.2639
dw-cql-seed1,cql,35000,11,35000,5d32b168d76b5f3d,-1099.74621582,76763,39227,20.3383,6.0323,14.306,94.6345,0.15117,0.9514,1.0663,1.1207
dw-cql-seed1,cql,35000,12,35000,5d32b168d76b5f3d,-1099.74621582,33583,82841,21.6649,8.9116,12.7532,94.6345,0.13476,0.9317,1.0258,1.101
dw-cql-seed1,cql,35000,13,35000,5d32b168d76b5f3d,-1099.74621582,29838,52509,25.8071,5.1854,20.6217,94.6345,0.21791,0.8871,1.0495,1.1831
dw-cql-seed1,cql,35000,14,35000,5d32b168d76b5f3d,-1099.74621582,36307,14110,30.3342,5.5804,24.7538,94.6345,0.26157,0.9324,1.2141,1.3022
dw-cql-seed1,cql,36000,0,36000,b215f705ab9d230b,-1141.556762695,237311,68413,44.5461,-4.3807,48.9268,88.3836,0.55357,0.8406,1.2678,1.5082
dw-cql-seed1,cql,36000,2,36000,b215f705ab9d230b,-1141.556762695,168808,33814,31.2666,4.6614,26.6052,88.3836,0.30102,0.8877,1.0719,1.2076
dw-cql-seed1,cql,36000,4,36000,b215f705ab9d230b,-1141.556762695,35214,133999,23.2637,6.1214,17.1423,88.3836,0.19395,0.8754,0.9866,1.1271
dw-cql-seed1,cql,36000,5,36000,b215f705ab9d230b,-1141.556762695,40938,30344,24.0379,2.7752,21.2627,88.3836,0.24057,0.9139,1.108,1.2124
dw-cql-seed1,cql,36000,6,36000,b215f705ab9d230b,-1141.556762695,51996,11915,25.9841,6.5103,19.4738,88.3836,0.22033,0.9391,1.1791,1.2555
dw-cql-seed1,cql,36000,7,36000,b215f705ab9d230b,-1141.556762695,64933,19513,26.161,8.1142,18.0468,88.3836,0.20419,0.904,1.1379,1.2588
dw-cql-seed1,cql,36000,11,36000,b215f705ab9d230b,-1141.556762695,76763,39227,19.9859,6.072,13.9139,88.3836,0.15743,0.9533,1.0664,1.1187
dw-cql-seed1,cql,36000,12,36000,b215f705ab9d230b,-1141.556762695,33583,82841,20.248,8.2156,12.0323,88.3836,0.13614,0.9348,1.0288,1.1006
dw-cql-seed1,cql,36000,13,36000,b215f705ab9d230b,-1141.556762695,29838,52509,24.9974,4.8663,20.1311,88.3836,0.22777,0.8914,1.0569,1.1858
dw-cql-seed1,cql,36000,14,36000,b215f705ab9d230b,-1141.556762695,36307,14110,30.6169,5.0771,25.5399,88.3836,0.28897,0.9365,1.2237,1.3067
dw-cql-seed1,cql,37000,0,37000,779ff696b3e9f4b8,-1183.547973633,237311,68413,44.342,-7.2356,51.5777,90.5485,0.56961,0.8406,1.2704,1.5113
dw-cql-seed1,cql,37000,2,37000,779ff696b3e9f4b8,-1183.547973633,168808,33814,30.7584,2.7433,28.0151,90.5485,0.30939,0.8898,1.0749,1.2081
dw-cql-seed1,cql,37000,4,37000,779ff696b3e9f4b8,-1183.547973633,35214,133999,22.6008,5.0721,17.5287,90.5485,0.19358,0.8769,0.9853,1.1237
dw-cql-seed1,cql,37000,5,37000,779ff696b3e9f4b8,-1183.547973633,40938,30344,23.735,1.8077,21.9273,90.5485,0.24216,0.9166,1.105,1.2055
dw-cql-seed1,cql,37000,6,37000,779ff696b3e9f4b8,-1183.547973633,51996,11915,26.0893,5.5995,20.4897,90.5485,0.22628,0.9382,1.1732,1.2505
dw-cql-seed1,cql,37000,7,37000,779ff696b3e9f4b8,-1183.547973633,64933,19513,25.937,8.6834,17.2536,90.5485,0.19055,0.9082,1.1341,1.2487
dw-cql-seed1,cql,37000,11,37000,779ff696b3e9f4b8,-1183.547973633,76763,39227,20.5666,5.8267,14.7399,90.5485,0.16278,0.9557,1.0654,1.1148
dw-cql-seed1,cql,37000,12,37000,779ff696b3e9f4b8,-1183.547973633,33583,82841,20.4956,8.2069,12.2887,90.5485,0.13571,0.9319,1.0238,1.0987
dw-cql-seed1,cql,37000,13,37000,779ff696b3e9f4b8,-1183.547973633,29838,52509,23.8769,3.9271,19.9498,90.5485,0.22032,0.8927,1.0514,1.1778
dw-cql-seed1,cql,37000,14,37000,779ff696b3e9f4b8,-1183.547973633,36307,14110,28.9961,3.9697,25.0264,90.5485,0.27639,0.9379,1.2199,1.3006
dw-cql-seed1,cql,38000,0,38000,551ba14498da9d9b,-1216.795898438,237311,68413,44.0105,-4.814,48.8245,85.9195,0.56826,0.8423,1.2761,1.515
dw-cql-seed1,cql,38000,2,38000,551ba14498da9d9b,-1216.795898438,168808,33814,30.6901,3.539,27.1511,85.9195,0.31601,0.8886,1.0766,1.2116
dw-cql-seed1,cql,38000,4,38000,551ba14498da9d9b,-1216.795898438,35214,133999,24.2561,5.9683,18.2878,85.9195,0.21285,0.8711,0.9847,1.1305
dw-cql-seed1,cql,38000,5,38000,551ba14498da9d9b,-1216.795898438,40938,30344,25.1373,3.1247,22.0125,85.9195,0.2562,0.9123,1.1065,1.2128
dw-cql-seed1,cql,38000,6,38000,551ba14498da9d9b,-1216.795898438,51996,11915,26.2499,5.7042,20.5456,85.9195,0.23913,0.9375,1.1791,1.2577
dw-cql-seed1,cql,38000,7,38000,551ba14498da9d9b,-1216.795898438,64933,19513,26.3297,8.9277,17.4019,85.9195,0.20254,0.9053,1.133,1.2515
dw-cql-seed1,cql,38000,11,38000,551ba14498da9d9b,-1216.795898438,76763,39227,21.102,6.7928,14.3091,85.9195,0.16654,0.9553,1.0654,1.1152
dw-cql-seed1,cql,38000,12,38000,551ba14498da9d9b,-1216.795898438,33583,82841,21.7051,9.1556,12.5495,85.9195,0.14606,0.932,1.0245,1.0992
dw-cql-seed1,cql,38000,13,38000,551ba14498da9d9b,-1216.795898438,29838,52509,25.3013,4.7982,20.5031,85.9195,0.23863,0.8866,1.0525,1.1871
dw-cql-seed1,cql,38000,14,38000,551ba14498da9d9b,-1216.795898438,36307,14110,29.778,5.3873,24.3907,85.9195,0.28388,0.9346,1.2243,1.31
dw-cql-seed1,cql,39000,0,39000,9588fbd7c75c46ab,-1260.894775391,237311,68413,42.8297,-8.5398,51.3695,89.0035,0.57716,0.8426,1.2718,1.5094
dw-cql-seed1,cql,39000,2,39000,9588fbd7c75c46ab,-1260.894775391,168808,33814,29.9646,3.7717,26.1929,89.0035,0.29429,0.888,1.0732,1.2086
dw-cql-seed1,cql,39000,4,39000,9588fbd7c75c46ab,-1260.894775391,35214,133999,23.4551,5.922,17.5331,89.0035,0.19699,0.8795,0.9867,1.1218
dw-cql-seed1,cql,39000,5,39000,9588fbd7c75c46ab,-1260.894775391,40938,30344,23.8211,2.353,21.468,89.0035,0.2412,0.9219,1.1125,1.2067
dw-cql-seed1,cql,39000,6,39000,9588fbd7c75c46ab,-1260.894775391,51996,11915,24.7637,5.0114,19.7523,89.0035,0.22193,0.9395,1.1814,1.2575
dw-cql-seed1,cql,39000,7,39000,9588fbd7c75c46ab,-1260.894775391,64933,19513,25.7257,7.7463,17.9794,89.0035,0.20201,0.9021,1.1319,1.2547
dw-cql-seed1,cql,39000,11,39000,9588fbd7c75c46ab,-1260.894775391,76763,39227,20.1747,6.2417,13.933,89.0035,0.15654,0.9537,1.0642,1.1158
dw-cql-seed1,cql,39000,12,39000,9588fbd7c75c46ab,-1260.894775391,33583,82841,20.5207,8.3433,12.1774,89.0035,0.13682,0.9333,1.0252,1.0985
dw-cql-seed1,cql,39000,13,39000,9588fbd7c75c46ab,-1260.894775391,29838,52509,24.4257,4.4514,19.9743,89.0035,0.22442,0.8939,1.0564,1.1817
dw-cql-seed1,cql,39000,14,39000,9588fbd7c75c46ab,-1260.894775391,36307,14110,28.9088,4.4321,24.4767,89.0035,0.27501,0.9425,1.2357,1.3111
dw-cql-seed1,cql,40000,0,40000,bc8f4d9b12a5d9d3,-1297.879638672,237311,68413,42.981,-5.5461,48.5271,86.2235,0.56281,0.8403,1.265,1.5054
dw-cql-seed1,cql,40000,2,40000,bc8f4d9b12a5d9d3,-1297.879638672,168808,33814,28.9648,3.2473,25.7175,86.2235,0.29827,0.8867,1.0659,1.2021
dw-cql-seed1,cql,40000,4,40000,bc8f4d9b12a5d9d3,-1297.879638672,35214,133999,21.5443,5.5492,15.9951,86.2235,0.18551,0.8692,0.9781,1.1253
dw-cql-seed1,cql,40000,5,40000,bc8f4d9b12a5d9d3,-1297.879638672,40938,30344,22.4649,1.9652,20.4997,86.2235,0.23775,0.909,1.0989,1.2089
dw-cql-seed1,cql,40000,6,40000,bc8f4d9b12a5d9d3,-1297.879638672,51996,11915,24.7222,4.3003,20.4218,86.2235,0.23685,0.9327,1.1688,1.2531
dw-cql-seed1,cql,40000,7,40000,bc8f4d9b12a5d9d3,-1297.879638672,64933,19513,25.1225,7.3326,17.7899,86.2235,0.20632,0.9028,1.1307,1.2524
dw-cql-seed1,cql,40000,11,40000,bc8f4d9b12a5d9d3,-1297.879638672,76763,39227,19.1497,5.1865,13.9632,86.2235,0.16194,0.9499,1.0588,1.1146
dw-cql-seed1,cql,40000,12,40000,bc8f4d9b12a5d9d3,-1297.879638672,33583,82841,19.2262,7.8524,11.3737,86.2235,0.13191,0.9286,1.0209,1.0994
dw-cql-seed1,cql,40000,13,40000,bc8f4d9b12a5d9d3,-1297.879638672,29838,52509,21.6221,3.661,17.9611,86.2235,0.20831,0.8848,1.0461,1.1822
dw-cql-seed1,cql,40000,14,40000,bc8f4d9b12a5d9d3,-1297.879638672,36307,14110,27.6743,3.5457,24.1286,86.2235,0.27984,0.9309,1.2148,1.305
dw-cql-seed1,cql,41000,0,41000,d255c30e68857e94,-1332.760009766,237311,68413,42.8817,-7.8853,50.767,88.7798,0.57183,0.8409,1.2642,1.5035
dw-cql-seed1,cql,41000,2,41000,d255c30e68857e94,-1332.760009766,168808,33814,28.6522,3.0428,25.6094,88.7798,0.28846,0.8878,1.071,1.2064
dw-cql-seed1,cql,41000,4,41000,d255c30e68857e94,-1332.760009766,35214,133999,21.3473,5.0835,16.2638,88.7798,0.18319,0.8709,0.9832,1.1289
dw-cql-seed1,cql,41000,5,41000,d255c30e68857e94,-1332.760009766,40938,30344,22.7878,2.0107,20.7771,88.7798,0.23403,0.9149,1.1118,1.2152
dw-cql-seed1,cql,41000,6,41000,d255c30e68857e94,-1332.760009766,51996,11915,23.7242,4.3694,19.3547,88.7798,0.21801,0.9395,1.1787,1.2546
dw-cql-seed1,cql,41000,7,41000,d255c30e68857e94,-1332.760009766,64933,19513,24.059,6.5019,17.557,88.7798,0.19776,0.9062,1.1359,1.2535
dw-cql-seed1,cql,41000,11,41000,d255c30e68857e94,-1332.760009766,76763,39227,18.2455,6.0261,12.2194,88.7798,0.13764,0.9507,1.0608,1.1158
dw-cql-seed1,cql,41000,12,41000,d255c30e68857e94,-1332.760009766,33583,82841,18.8886,7.7348,11.1538,88.7798,0.12563,0.9321,1.0254,1.1001
dw-cql-seed1,cql,41000,13,41000,d255c30e68857e94,-1332.760009766,29838,52509,22.6566,4.1839,18.4726,88.7798,0.20807,0.8894,1.0552,1.1864
dw-cql-seed1,cql,41000,14,41000,d255c30e68857e94,-1332.760009766,36307,14110,27.7509,4.2999,23.451,88.7798,0.26415,0.9389,1.2334,1.3137
dw-cql-seed1,cql,42000,0,42000,71601d617607678e,-1376.215942383,237311,68413,42.317,-7.6533,49.9703,89.3474,0.55928,0.8404,1.2636,1.5035
dw-cql-seed1,cql,42000,2,42000,71601d617607678e,-1376.215942383,168808,33814,28.5368,2.6978,25.839,89.3474,0.2892,0.8891,1.0702,1.2036
dw-cql-seed1,cql,42000,4,42000,71601d617607678e,-1376.215942383,35214,133999,20.6482,5.2364,15.4118,89.3474,0.17249,0.8761,0.9822,1.1212
dw-cql-seed1,cql,42000,5,42000,71601d617607678e,-1376.215942383,40938,30344,22.8512,2.3745,20.4766,89.3474,0.22918,0.9194,1.1097,1.207
dw-cql-seed1,cql,42000,6,42000,71601d617607678e,-1376.215942383,51996,11915,24.6672,5.5689,19.0984,89.3474,0.21375,0.9392,1.1742,1.2501
dw-cql-seed1,cql,42000,7,42000,71601d617607678e,-1376.215942383,64933,19513,24.8554,8.2887,16.5667,89.3474,0.18542,0.9038,1.1263,1.2461
dw-cql-seed1,cql,42000,11,42000,71601d617607678e,-1376.215942383,76763,39227,19.4912,5.7638,13.7274,89.3474,0.15364,0.9545,1.0617,1.1122
dw-cql-seed1,cql,42000,12,42000,71601d617607678e,-1376.215942383,33583,82841,18.2064,7.209,10.9974,89.3474,0.12309,0.9305,1.0213,1.0975
dw-cql-seed1,cql,42000,13,42000,71601d617607678e,-1376.215942383,29838,52509,22.6523,3.974,18.6783,89.3474,0.20905,0.8925,1.0517,1.1783
dw-cql-seed1,cql,42000,14,42000,71601d617607678e,-1376.215942383,36307,14110,28.2517,3.6129,24.6388,89.3474,0.27576,0.9413,1.2285,1.3051
dw-cql-seed1,cql,43000,0,43000,2d19121f3c158670,-1416.364746094,237311,68413,41.4515,-5.0575,46.5091,82.4241,0.56427,0.8398,1.2617,1.5023
dw-cql-seed1,cql,43000,2,43000,2d19121f3c158670,-1416.364746094,168808,33814,28.3923,3.0427,25.3496,82.4241,0.30755,0.8871,1.0684,1.2044
dw-cql-seed1,cql,43000,4,43000,2d19121f3c158670,-1416.364746094,35214,133999,20.8037,5.1063,15.6974,82.4241,0.19045,0.8785,0.985,1.1213
dw-cql-seed1,cql,43000,5,43000,2d19121f3c158670,-1416.364746094,40938,30344,21.9923,1.8902,20.102,82.4241,0.24389,0.9181,1.1072,1.2059
dw-cql-seed1,cql,43000,6,43000,2d19121f3c158670,-1416.364746094,51996,11915,23.5659,4.7455,18.8205,82.4241,0.22834,0.9353,1.1655,1.2461
dw-cql-seed1,cql,43000,7,43000,2d19121f3c158670,-1416.364746094,64933,19513,23.4528,7.9321,15.5207,82.4241,0.1883,0.9012,1.1279,1.2516
dw-cql-seed1,cql,43000,11,43000,2d19121f3c158670,-1416.364746094,76763,39227,18.4451,5.8558,12.5893,82.4241,0.15274,0.9514,1.06,1.1141
dw-cql-seed1,cql,43000,12,43000,2d19121f3c158670,-1416.364746094,33583,82841,19.8023,8.6713,11.1311,82.4241,0.13505,0.9335,1.0265,1.0996
dw-cql-seed1,cql,43000,13,43000,2d19121f3c158670,-1416.364746094,29838,52509,22.6717,3.874,18.7977,82.4241,0.22806,0.8953,1.0561,1.1796
dw-cql-seed1,cql,43000,14,43000,2d19121f3c158670,-1416.364746094,36307,14110,26.852,3.1307,23.7213,82.4241,0.2878,0.9405,1.2203,1.2975
dw-cql-seed1,cql,44000,0,44000,ba65573051279779,-1453.922851562,237311,68413,41.8251,-9.1093,50.9344,88.2059,0.57745,0.8396,1.2603,1.501
dw-cql-seed1,cql,44000,2,44000,ba65573051279779,-1453.922851562,168808,33814,28.3933,2.7238,25.6695,88.2059,0.29102,0.888,1.0648,1.1991
dw-cql-seed1,cql,44000,4,44000,ba65573051279779,-1453.922851562,35214,133999,20.441,5.1538,15.2872,88.2059,0.17331,0.87,0.9775,1.1236
dw-cql-seed1,cql,44000,5,44000,ba65573051279779,-1453.922851562,40938,30344,22.0855,1.6361,20.4494,88.2059,0.23184,0.9073,1.0995,1.2118
dw-cql-seed1,cql,44000,6,44000,ba65573051279779,-1453.922851562,51996,11915,24.8194,4.6218,20.1976,88.2059,0.22898,0.9349,1.1648,1.2459
dw-cql-seed1,cql,44000,7,44000,ba65573051279779,-1453.922851562,64933,19513,24.8891,7.3785,17.5106,88.2059,0.19852,0.9008,1.1279,1.2521
dw-cql-seed1,cql,44000,11,44000,ba65573051279779,-1453.922851562,76763,39227,18.6918,5.5611,13.1307,88.2059,0.14886,0.95,1.0597,1.1154
dw-cql-seed1,cql,44000,12,44000,ba65573051279779,-1453.922851562,33583,82841,19.1369,7.3929,11.744,88.2059,0.13314,0.9303,1.021,1.0975
dw-cql-seed1,cql,44000,13,44000,ba65573051279779,-1453.922851562,29838,52509,22.3564,3.7994,18.557,88.2059,0.21038,0.8824,1.0456,1.1849
dw-cql-seed1,cql,44000,14,44000,ba65573051279779,-1453.922851562,36307,14110,27.1908,3.6645,23.5263,88.2059,0.26672,0.9314,1.2181,1.3079
dw-cql-seed1,cql,45000,0,45000,2bd945d03b585860,-1492.848876953,237311,68413,41.8021,-4.4615,46.2636,81.9217,0.56473,0.8392,1.2576,1.4987
dw-cql-seed1,cql,45000,2,45000,2bd945d03b585860,-1492.848876953,168808,33814,28.948,4.0224,24.9256,81.9217,0.30426,0.8879,1.0634,1.1977
dw-cql-seed1,cql,45000,4,45000,2bd945d03b585860,-1492.848876953,35214,133999,20.7778,5.6934,15.0843,81.9217,0.18413,0.87,0.9783,1.1245
dw-cql-seed1,cql,45000,5,45000,2bd945d03b585860,-1492.848876953,40938,30344,21.9506,2.2297,19.7209,81.9217,0.24073,0.9085,1.0987,1.2094
dw-cql-seed1,cql,45000,6,45000,2bd945d03b585860,-1492.848876953,51996,11915,24.5162,5.0941,19.4221,81.9217,0.23708,0.9353,1.1676,1.2484
dw-cql-seed1,cql,45000,7,45000,2bd945d03b585860,-1492.848876953,64933,19513,24.4425,7.4769,16.9656,81.9217,0.2071,0.9014,1.1225,1.2453
dw-cql-seed1,cql,45000,11,45000,2bd945d03b585860,-1492.848876953,76763,39227,19.1566,6.4416,12.715,81.9217,0.15521,0.9512,1.0579,1.1121
dw-cql-seed1,cql,45000,12,45000,2bd945d03b585860,-1492.848876953,33583,82841,19.4385,8.3078,11.1306,81.9217,0.13587,0.9307,1.02,1.0959
dw-cql-seed1,cql,45000,13,45000,2bd945d03b585860,-1492.848876953,29838,52509,21.8406,4.3527,17.4879,81.9217,0.21347,0.8846,1.046,1.1824
dw-cql-seed1,cql,45000,14,45000,2bd945d03b585860,-1492.848876953,36307,14110,27.1147,3.9474,23.1672,81.9217,0.2828,0.932,1.2171,1.306
dw-cql-seed1,cql,46000,0,46000,388f6e99261ae239,-1538.146606445,237311,68413,42.1068,-6.6785,48.7853,81.6216,0.5977,0.8406,1.2609,1.5
dw-cql-seed1,cql,46000,2,46000,388f6e99261ae239,-1538.146606445,168808,33814,27.9803,4.171,23.8093,81.6216,0.2917,0.8871,1.0632,1.1984
dw-cql-seed1,cql,46000,4,46000,388f6e99261ae239,-1538.146606445,35214,133999,20.4605,4.8583,15.6021,81.6216,0.19115,0.8688,0.9777,1.1254
dw-cql-seed1,cql,46000,5,46000,388f6e99261ae239,-1538.146606445,40938,30344,22.3211,1.7081,20.613,81.6216,0.25254,0.9115,1.1019,1.2089
dw-cql-seed1,cql,46000,6,46000,388f6e99261ae239,-1538.146606445,51996,11915,23.6344,3.9147,19.7197,81.6216,0.2416,0.9349,1.1643,1.2454
dw-cql-seed1,cql,46000,7,46000,388f6e99261ae239,-1538.146606445,64933,19513,23.6626,7.3373,16.3253,81.6216,0.20001,0.9005,1.124,1.2482
dw-cql-seed1,cql,46000,11,46000,388f6e99261ae239,-1538.146606445,76763,39227,17.9626,5.7188,12.2438,81.6216,0.15001,0.9495,1.057,1.1132
dw-cql-seed1,cql,46000,12,46000,388f6e99261ae239,-1538.146606445,33583,82841,18.9264,7.7551,11.1713,81.6216,0.13687,0.9288,1.019,1.097
dw-cql-seed1,cql,46000,13,46000,388f6e99261ae239,-1538.146606445,29838,52509,22.8319,3.6925,19.1394,81.6216,0.23449,0.8842,1.0467,1.1838
dw-cql-seed1,cql,46000,14,46000,388f6e99261ae239,-1538.146606445,36307,14110,27.4098,3.3907,24.0192,81.6216,0.29427,0.933,1.2201,1.3078
dw-cql-seed1,cql,47000,0,47000,7517c56526c717e8,-1575.58984375,237311,68413,40.6527,-8.5654,49.2182,83.4652,0.58969,0.8396,1.2563,1.4962
dw-cql-seed1,cql,47000,2,47000,7517c56526c717e8,-1575.58984375,168808,33814,27.3487,2.8904,24.4584,83.4652,0.29304,0.8859,1.0637,1.2007
dw-cql-seed1,cql,47000,4,47000,7517c56526c717e8,-1575.58984375,35214,133999,20.2998,4.9315,15.3683,83.4652,0.18413,0.8708,0.9775,1.1224
dw-cql-seed1,cql,47000,5,47000,7517c56526c717e8,-1575.58984375,40938,30344,21.6706,1.8755,19.7951,83.4652,0.23717,0.9077,1.0963,1.2079
dw-cql-seed1,cql,47000,6,47000,7517c56526c717e8,-1575.58984375,51996,11915,23.4952,3.8199,19.6752,83.4652,0.23573,0.9328,1.1622,1.2458
dw-cql-seed1,cql,47000,7,47000,7517c56526c717e8,-1575.58984375,64933,19513,23.0773,6.1665,16.9108,83.4652,0.20261,0.9007,1.1193,1.2427
dw-cql-seed1,cql,47000,11,47000,7517c56526c717e8,-1575.58984375,76763,39227,18.0161,5.7006,12.3155,83.4652,0.14755,0.9523,1.0559,1.1088
dw-cql-seed1,cql,47000,12,47000,7517c56526c717e8,-1575.58984375,33583,82841,18.1605,7.3874,10.7731,83.4652,0.12907,0.931,1.0197,1.0953
dw-cql-seed1,cql,47000,13,47000,7517c56526c717e8,-1575.58984375,29838,52509,20.9582,3.4782,17.4801,83.4652,0.20943,0.8852,1.0456,1.1813
dw-cql-seed1,cql,47000,14,47000,7517c56526c717e8,-1575.58984375,36307,14110,25.9151,3.4754,22.4397,83.4652,0.26885,0.9307,1.2094,1.2994
dw-cql-seed1,cql,48000,0,48000,169b0d6599f5cd79,-1610.718505859,237311,68413,40.3502,-8.5615,48.9117,81.2845,0.60173,0.8403,1.2572,1.496
dw-cql-seed1,cql,48000,2,48000,169b0d6599f5cd79,-1610.718505859,168808,33814,27.4512,2.7841,24.6671,81.2845,0.30347,0.8883,1.0651,1.1991
dw-cql-seed1,cql,48000,4,48000,169b0d6599f5cd79,-1610.718505859,35214,133999,19.7994,4.9912,14.8082,81.2845,0.18218,0.8686,0.977,1.1248
dw-cql-seed1,cql,48000,5,48000,169b0d6599f5cd79,-1610.718505859,40938,30344,21.2594,2.2753,18.9841,81.2845,0.23355,0.9122,1.1012,1.2073
dw-cql-seed1,cql,48000,6,48000,169b0d6599f5cd79,-1610.718505859,51996,11915,22.984,4.7107,18.2733,81.2845,0.22481,0.935,1.1665,1.2476
dw-cql-seed1,cql,48000,7,48000,169b0d6599f5cd79,-1610.718505859,64933,19513,23.3972,7.7441,15.6531,81.2845,0.19257,0.9006,1.1191,1.2426
dw-cql-seed1,cql,48000,11,48000,169b0d6599f5cd79,-1610.718505859,76763,39227,17.7545,5.382,12.3725,81.2845,0.15221,0.95,1.0558,1.1114
dw-cql-seed1,cql,48000,12,48000,169b0d6599f5cd79,-1610.718505859,33583,82841,17.8148,6.9585,10.8562,81.2845,0.13356,0.9287,1.0167,1.0947
dw-cql-seed1,cql,48000,13,48000,169b0d6599f5cd79,-1610.718505859,29838,52509,21.7436,3.8587,17.8849,81.2845,0.22003,0.8871,1.047,1.1802
dw-cql-seed1,cql,48000,14,48000,169b0d6599f5cd79,-1610.718505859,36307,14110,26.3588,3.6928,22.666,81.2845,0.27885,0.9346,1.2185,1.3038
dw-cql-seed1,cql,49000,0,49000,2d6b080caa00bb7f,-1652.502563477,237311,68413,40.1178,-8.3963,48.5141,81.8031,0.59306,0.8396,1.2532,1.4926
dw-cql-seed1,cql,49000,2,49000,2d6b080caa00bb7f,-1652.502563477,168808,33814,26.5283,3.214,23.3143,81.8031,0.285,0.8871,1.0606,1.1955
dw-cql-seed1,cql,49000,4,49000,2d6b080caa00bb7f,-1652.502563477,35214,133999,18.2372,5.256,12.9811,81.8031,0.15869,0.8665,0.977,1.1276
dw-cql-seed1,cql,49000,5,49000,2d6b080caa00bb7f,-1652.502563477,40938,30344,19.0788,1.5198,17.559,81.8031,0.21465,0.9059,1.0958,1.2096
dw-cql-seed1,cql,49000,6,49000,2d6b080caa00bb7f,-1652.502563477,51996,11915,22.2199,4.2873,17.9325,81.8031,0.21922,0.931,1.1558,1.2414
dw-cql-seed1,cql,49000,7,49000,2d6b080caa00bb7f,-1652.502563477,64933,19513,22.5049,7.0222,15.4827,81.8031,0.18927,0.9004,1.1171,1.2406
dw-cql-seed1,cql,49000,11,49000,2d6b080caa00bb7f,-1652.502563477,76763,39227,16.8646,4.6725,12.1921,81.8031,0.14904,0.9497,1.0537,1.1095
dw-cql-seed1,cql,49000,12,49000,2d6b080caa00bb7f,-1652.502563477,33583,82841,16.7602,6.8974,9.8628,81.8031,0.12057,0.9282,1.0168,1.0955
dw-cql-seed1,cql,49000,13,49000,2d6b080caa00bb7f,-1652.502563477,29838,52509,19.5127,3.2729,16.2398,81.8031,0.19852,0.881,1.0439,1.1849
dw-cql-seed1,cql,49000,14,49000,2d6b080caa00bb7f,-1652.502563477,36307,14110,25.2205,3.2644,21.9561,81.8031,0.2684,0.9282,1.2119,1.3056
dw-cql-seed1,cql,50000,0,50000,3f0c69db588d473b,-1691.236083984,237311,68413,40.4059,-5.3782,45.7842,78.8848,0.58039,0.8386,1.2515,1.4923
dw-cql-seed1,cql,50000,2,50000,3f0c69db588d473b,-1691.236083984,168808,33814,26.5239,3.0419,23.482,78.8848,0.29767,0.8852,1.0583,1.1955
dw-cql-seed1,cql,50000,4,50000,3f0c69db588d473b,-1691.236083984,35214,133999,19.3929,5.4329,13.9599,78.8848,0.17697,0.8693,0.9755,1.1222
dw-cql-seed1,cql,50000,5,50000,3f0c69db588d473b,-1691.236083984,40938,30344,21.1861,1.873,19.3131,78.8848,0.24483,0.9064,1.0962,1.2094
dw-cql-seed1,cql,50000,6,50000,3f0c69db588d473b,-1691.236083984,51996,11915,22.8795,4.8222,18.0573,78.8848,0.22891,0.9313,1.1588,1.2444
dw-cql-seed1,cql,50000,7,50000,3f0c69db588d473b,-1691.236083984,64933,19513,21.9226,7.2606,14.662,78.8848,0.18587,0.9001,1.1164,1.2404
dw-cql-seed1,cql,50000,11,50000,3f0c69db588d473b,-1691.236083984,76763,39227,16.6536,5.3513,11.3023,78.8848,0.14328,0.9486,1.0511,1.1081
dw-cql-seed1,cql,50000,12,50000,3f0c69db588d473b,-1691.236083984,33583,82841,17.1908,7.0949,10.0959,78.8848,0.12798,0.9279,1.0148,1.0937
dw-cql-seed1,cql,50000,13,50000,3f0c69db588d473b,-1691.236083984,29838,52509,21.4006,4.0792,17.3214,78.8848,0.21958,0.8841,1.0432,1.18
dw-cql-seed1,cql,50000,14,50000,3f0c69db588d473b,-1691.236083984,36307,14110,25.9854,3.53,22.4554,78.8848,0.28466,0.9307,1.2154,1.3059
dw-cql-seed1,cql,51000,0,51000,236cbd5eb4550b8f,-1734.880981445,237311,68413,39.7461,-6.2131,45.9592,80.9796,0.56754,0.8394,1.2541,1.4941
dw-cql-seed1,cql,51000,2,51000,236cbd5eb4550b8f,-1734.880981445,168808,33814,26.5242,2.6448,23.8794,80.9796,0.29488,0.8858,1.0642,1.2014
dw-cql-seed1,cql,51000,4,51000,236cbd5eb4550b8f,-1734.880981445,35214,133999,18.7003,5.3704,13.3298,80.9796,0.16461,0.87,0.9746,1.1203
dw-cql-seed1,cql,51000,5,51000,236cbd5eb4550b8f,-1734.880981445,40938,30344,20.0889,2.0532,18.0357,80.9796,0.22272,0.9112,1.101,1.2083
dw-cql-seed1,cql,51000,6,51000,236cbd5eb4550b8f,-1734.880981445,51996,11915,21.5542,3.1701,18.3842,80.9796,0.22702,0.9352,1.1675,1.2483
dw-cql-seed1,cql,51000,7,51000,236cbd5eb4550b8f,-1734.880981445,64933,19513,21.7387,5.5585,16.1802,80.9796,0.19981,0.9006,1.1208,1.2444
dw-cql-seed1,cql,51000,11,51000,236cbd5eb4550b8f,-1734.880981445,76763,39227,15.771,4.428,11.343,80.9796,0.14007,0.9486,1.053,1.11
dw-cql-seed1,cql,51000,12,51000,236cbd5eb4550b8f,-1734.880981445,33583,82841,17.6732,7.2644,10.4088,80.9796,0.12854,0.9304,1.0172,1.0932
dw-cql-seed1,cql,51000,13,51000,236cbd5eb4550b8f,-1734.880981445,29838,52509,20.7876,4.4155,16.3722,80.9796,0.20218,0.8872,1.0455,1.1784
dw-cql-seed1,cql,51000,14,51000,236cbd5eb4550b8f,-1734.880981445,36307,14110,25.5006,3.5991,21.9015,80.9796,0.27046,0.9344,1.2199,1.3056
dw-cql-seed1,cql,52000,0,52000,8e8d0988fe60fc00,-1777.661010742,237311,68413,39.5033,-7.4401,46.9434,81.8424,0.57358,0.8398,1.2503,1.4887
dw-cql-seed1,cql,52000,2,52000,8e8d0988fe60fc00,-1777.661010742,168808,33814,26.3931,1.768,24.6251,81.8424,0.30088,0.8857,1.0567,1.1931
dw-cql-seed1,cql,52000,4,52000,8e8d0988fe60fc00,-1777.661010742,35214,133999,18.6364,4.8651,13.7713,81.8424,0.16827,0.8665,0.9758,1.1262
dw-cql-seed1,cql,52000,5,52000,8e8d0988fe60fc00,-1777.661010742,40938,30344,19.8083,1.5553,18.2531,81.8424,0.22303,0.9048,1.0933,1.2083
dw-cql-seed1,cql,52000,6,52000,8e8d0988fe60fc00,-1777.661010742,51996,11915,21.4617,3.2905,18.1712,81.8424,0.22203,0.9311,1.1552,1.2407
dw-cql-seed1,cql,52000,7,52000,8e8d0988fe60fc00,-1777.661010742,64933,19513,21.5205,4.8179,16.7026,81.8424,0.20408,0.8985,1.1172,1.2433
dw-cql-seed1,cql,52000,11,52000,8e8d0988fe60fc00,-1777.661010742,76763,39227,15.309,3.9492,11.3598,81.8424,0.1388,0.9498,1.0527,1.1084
dw-cql-seed1,cql,52000,12,52000,8e8d0988fe60fc00,-1777.661010742,33583,82841,16.4175,6.7369,9.6805,81.8424,0.11828,0.929,1.0158,1.0934
dw-cql-seed1,cql,52000,13,52000,8e8d0988fe60fc00,-1777.661010742,29838,52509,20.4904,3.6755,16.8149,81.8424,0.20545,0.8828,1.0419,1.1801
dw-cql-seed1,cql,52000,14,52000,8e8d0988fe60fc00,-1777.661010742,36307,14110,25.4976,3.2775,22.2201,81.8424,0.2715,0.9305,1.2114,1.3019
dw-cql-seed1,cql,53000,0,53000,e3af529c83feb342,-1823.140136719,237311,68413,39.5551,-7.7513,47.3065,80.3662,0.58864,0.84,1.2522,1.4906
dw-cql-seed1,cql,53000,2,53000,e3af529c83feb342,-1823.140136719,168808,33814,25.7464,2.7781,22.9683,80.3662,0.2858,0.8857,1.0599,1.1966
dw-cql-seed1,cql,53000,4,53000,e3af529c83feb342,-1823.140136719,35214,133999,18.2256,4.9326,13.2931,80.3662,0.16541,0.8721,0.9759,1.119
dw-cql-seed1,cql,53000,5,53000,e3af529c83feb342,-1823.140136719,40938,30344,20.4809,2.097,18.384,80.3662,0.22875,0.9112,1.0988,1.2058
dw-cql-seed1,cql,53000,6,53000,e3af529c83feb342,-1823.140136719,51996,11915,22.2902,4.1909,18.0993,80.3662,0.22521,0.9319,1.158,1.2426
dw-cql-seed1,cql,53000,7,53000,e3af529c83feb342,-1823.140136719,64933,19513,21.7504,6.1585,15.5918,80.3662,0.19401,0.8985,1.1175,1.2436
dw-cql-seed1,cql,53000,11,53000,e3af529c83feb342,-1823.140136719,76763,39227,16.4062,5.1213,11.285,80.3662,0.14042,0.9479,1.0501,1.1078
dw-cql-seed1,cql,53000,12,53000,e3af529c83feb342,-1823.140136719,33583,82841,16.3869,6.9533,9.4336,80.3662,0.11738,0.9305,1.0175,1.0935
dw-cql-seed1,cql,53000,13,53000,e3af529c83feb342,-1823.140136719,29838,52509,20.5773,4.0543,16.523,80.3662,0.2056,0.8878,1.0465,1.1788
dw-cql-seed1,cql,53000,14,53000,e3af529c83feb342,-1823.140136719,36307,14110,25.9004,3.9179,21.9825,80.3662,0.27353,0.9314,1.2156,1.3051
dw-cql-seed1,cql,54000,0,54000,110d1d3c155bd402,-1869.653808594,237311,68413,38.6142,-5.952,44.5662,77.0217,0.57862,0.8383,1.2456,1.4859
dw-cql-seed1,cql,54000,2,54000,110d1d3c155bd402,-1869.653808594,168808,33814,26.3519,3.1228,23.2291,77.0217,0.30159,0.8854,1.054,1.1905
dw-cql-seed1,cql,54000,4,54000,110d1d3c155bd402,-1869.653808594,35214,133999,17.7318,4.747,12.9848,77.0217,0.16859,0.8668,0.9757,1.1256
dw-cql-seed1,cql,54000,5,54000,110d1d3c155bd402,-1869.653808594,40938,30344,19.0466,1.3084,17.7382,77.0217,0.2303,0.904,1.0958,1.2122
dw-cql-seed1,cql,54000,6,54000,110d1d3c155bd402,-1869.653808594,51996,11915,21.3395,3.5896,17.7499,77.0217,0.23045,0.9336,1.1589,1.2413
dw-cql-seed1,cql,54000,7,54000,110d1d3c155bd402,-1869.653808594,64933,19513,22.0048,7.4527,14.552,77.0217,0.18893,0.9008,1.1126,1.2351
dw-cql-seed1,cql,54000,11,54000,110d1d3c155bd402,-1869.653808594,76763,39227,16.0687,5.592,10.4767,77.0217,0.13602,0.9494,1.0498,1.1058
dw-cql-seed1,cql,54000,12,54000,110d1d3c155bd402,-1869.653808594,33583,82841,16.5904,7.2897,9.3007,77.0217,0.12075,0.9282,1.0152,1.0937
dw-cql-seed1,cql,54000,13,54000,110d1d3c155bd402,-1869.653808594,29838,52509,19.0023,3.7007,15.3017,77.0217,0.19867,0.8815,1.0439,1.1842
dw-cql-seed1,cql,54000,14,54000,110d1d3c155bd402,-1869.653808594,36307,14110,25.3234,3.4037,21.9198,77.0217,0.28459,0.9271,1.2084,1.3034
dw-cql-seed1,cql,55000,0,55000,7acb7c0240ee2207,-1921.806762695,237311,68413,38.0564,-7.1034,45.1599,79.0952,0.57096,0.8394,1.2475,1.4861
dw-cql-seed1,cql,55000,2,55000,7acb7c0240ee2207,-1921.806762695,168808,33814,25.1389,1.3604,23.7785,79.0952,0.30063,0.886,1.058,1.194
dw-cql-seed1,cql,55000,4,55000,7acb7c0240ee2207,-1921.806762695,35214,133999,16.952,4.5706,12.3814,79.0952,0.15654,0.8682,0.9746,1.1225
dw-cql-seed1,cql,55000,5,55000,7acb7c0240ee2207,-1921.806762695,40938,30344,18.9344,1.142,17.7923,79.0952,0.22495,0.9089,1.0976,1.2075
dw-cql-seed1,cql,55000,6,55000,7acb7c0240ee2207,-1921.806762695,51996,11915,21.1195,3.4655,17.654,79.0952,0.2232,0.9362,1.1616,1.2408
dw-cql-seed1,cql,55000,7,55000,7acb7c0240ee2207,-1921.806762695,64933,19513,20.6787,5.2362,15.4426,79.0952,0.19524,0.9059,1.1239,1.2407
dw-cql-seed1,cql,55000,11,55000,7acb7c0240ee2207,-1921.806762695,76763,39227,15.7123,4.7726,10.9397,79.0952,0.13831,0.9501,1.0526,1.1079
dw-cql-seed1,cql,55000,12,55000,7acb7c0240ee2207,-1921.806762695,33583,82841,15.9013,6.4797,9.4216,79.0952,0.11912,0.9303,1.0168,1.0929
dw-cql-seed1,cql,55000,13,55000,7acb7c0240ee2207,-1921.806762695,29838,52509,18.9024,3.1625,15.7398,79.0952,0.199,0.8857,1.0452,1.1801
dw-cql-seed1,cql,55000,14,55000,7acb7c0240ee2207,-1921.806762695,36307,14110,24.534,2.9174,21.6166,79.0952,0.2733,0.933,1.2147,1.302
dw-cql-seed1,cql,56000,0,56000,8191c385ae3be2ff,-1970.611938477,237311,68413,38.197,-7.9081,46.1052,79.4561,0.58026,0.8384,1.243,1.4827
dw-cql-seed1,cql,56000,2,56000,8191c385ae3be2ff,-1970.611938477,168808,33814,25.8175,2.6744,23.1431,79.4561,0.29127,0.8871,1.0586,1.1932
dw-cql-seed1,cql,56000,4,56000,8191c385ae3be2ff,-1970.611938477,35214,133999,17.3198,4.217,13.1029,79.4561,0.16491,0.8694,0.974,1.1203
dw-cql-seed1,cql,56000,5,56000,8191c385ae3be2ff,-1970.611938477,40938,30344,18.2337,0.7115,17.5222,79.4561,0.22053,0.9059,1.0934,1.207
dw-cql-seed1,cql,56000,6,56000,8191c385ae3be2ff,-1970.611938477,51996,11915,21.5959,2.7906,18.8054,79.4561,0.23668,0.9314,1.1517,1.2365
dw-cql-seed1,cql,56000,7,56000,8191c385ae3be2ff,-1970.611938477,64933,19513,22.0077,6.3632,15.6445,79.4561,0.1969,0.8983,1.1096,1.2351
dw-cql-seed1,cql,56000,11,56000,8191c385ae3be2ff,-1970.611938477,76763,39227,15.6045,4.7294,10.8751,79.4561,0.13687,0.9486,1.0503,1.1072
dw-cql-seed1,cql,56000,12,56000,8191c385ae3be2ff,-1970.611938477,33583,82841,15.6224,6.2933,9.3291,79.4561,0.11741,0.9281,1.0143,1.0929
dw-cql-seed1,cql,56000,13,56000,8191c385ae3be2ff,-1970.611938477,29838,52509,19.2247,3.2816,15.9431,79.4561,0.20065,0.8822,1.0403,1.1791
dw-cql-seed1,cql,56000,14,56000,8191c385ae3be2ff,-1970.611938477,36307,14110,24.1196,2.4173,21.7023,79.4561,0.27314,0.9292,1.2084,1.3005
dw-cql-seed1,cql,57000,0,57000,7a58d3474906680c,-2012.607177734,237311,68413,37.63,-8.7277,46.3577,79.4592,0.58342,0.8393,1.2444,1.4826
dw-cql-seed1,cql,57000,2,57000,7a58d3474906680c,-2012.607177734,168808,33814,24.465,1.5603,22.9046,79.4592,0.28826,0.8873,1.0575,1.1918
dw-cql-seed1,cql,57000,4,57000,7a58d3474906680c,-2012.607177734,35214,133999,17.2509,4.5497,12.7012,79.4592,0.15985,0.8683,0.9755,1.1235
dw-cql-seed1,cql,57000,5,57000,7a58d3474906680c,-2012.607177734,40938,30344,18.7799,0.7221,18.0578,79.4592,0.22726,0.9083,1.0944,1.2049
dw-cql-seed1,cql,57000,6,57000,7a58d3474906680c,-2012.607177734,51996,11915,21.1104,1.9699,19.1405,79.4592,0.24088,0.9298,1.1493,1.2361
dw-cql-seed1,cql,57000,7,57000,7a58d3474906680c,-2012.607177734,64933,19513,20.8341,6.0686,14.7656,79.4592,0.18583,0.8973,1.1096,1.2366
dw-cql-seed1,cql,57000,11,57000,7a58d3474906680c,-2012.607177734,76763,39227,14.9758,4.9129,10.0629,79.4592,0.12664,0.9466,1.0474,1.1064
dw-cql-seed1,cql,57000,12,57000,7a58d3474906680c,-2012.607177734,33583,82841,15.4529,6.4306,9.0224,79.4592,0.11355,0.9272,1.0112,1.0905
dw-cql-seed1,cql,57000,13,57000,7a58d3474906680c,-2012.607177734,29838,52509,18.0614,2.9413,15.1201,79.4592,0.19029,0.8849,1.042,1.1775
dw-cql-seed1,cql,57000,14,57000,7a58d3474906680c,-2012.607177734,36307,14110,24.1037,2.7862,21.3174,79.4592,0.26828,0.9277,1.2036,1.2974
dw-cql-seed1,cql,58000,0,58000,85b82215663d53ad,-2063.412353516,237311,68413,38.0586,-6.6576,44.7162,78.8474,0.56712,0.838,1.2462,1.487
dw-cql-seed1,cql,58000,2,58000,85b82215663d53ad,-2063.412353516,168808,33814,24.6091,1.8151,22.794,78.8474,0.28909,0.8849,1.0545,1.1918
dw-cql-seed1,cql,58000,4,58000,85b82215663d53ad,-2063.412353516,35214,133999,17.8405,4.3935,13.4469,78.8474,0.17054,0.8694,0.9747,1.1212
dw-cql-seed1,cql,58000,5,58000,85b82215663d53ad,-2063.412353516,40938,30344,19.3637,1.2107,18.1529,78.8474,0.23023,0.9073,1.094,1.2058
dw-cql-seed1,cql,58000,6,58000,85b82215663d53ad,-2063.412353516,51996,11915,21.5415,3.0984,18.4432,78.8474,0.23391,0.9332,1.1563,1.2391
dw-cql-seed1,cql,58000,7,58000,85b82215663d53ad,-2063.412353516,64933,19513,21.0694,6.4051,14.6643,78.8474,0.18598,0.901,1.1138,1.2361
dw-cql-seed1,cql,58000,11,58000,85b82215663d53ad,-2063.412353516,76763,39227,15.4019,5.1617,10.2401,78.8474,0.12987,0.9499,1.0501,1.1054
dw-cql-seed1,cql,58000,12,58000,85b82215663d53ad,-2063.412353516,33583,82841,16.1864,6.6713,9.515,78.8474,0.12068,0.9301,1.0165,1.0929
dw-cql-seed1,cql,58000,13,58000,85b82215663d53ad,-2063.412353516,29838,52509,19.2177,3.5228,15.6949,78.8474,0.19905,0.8837,1.0427,1.18
dw-cql-seed1,cql,58000,14,58000,85b82215663d53ad,-2063.412353516,36307,14110,24.624,3.0444,21.5796,78.8474,0.27369,0.9319,1.2084,1.2967
dw-cql-seed1,cql,59000,0,59000,f136f6447e3cebcc,-2107.541992188,237311,68413,37.3615,-6.5339,43.8954,75.8874,0.57843,0.8385,1.2433,1.4828
dw-cql-seed1,cql,59000,2,59000,f136f6447e3cebcc,-2107.541992188,168808,33814,24.402,2.4525,21.9495,75.8874,0.28924,0.8856,1.0557,1.1921
dw-cql-seed1,cql,59000,4,59000,f136f6447e3cebcc,-2107.541992188,35214,133999,17.3179,4.4321,12.8857,75.8874,0.1698,0.8648,0.9717,1.1237
dw-cql-seed1,cql,59000,5,59000,f136f6447e3cebcc,-2107.541992188,40938,30344,18.9045,1.1662,17.7383,75.8874,0.23374,0.9019,1.0909,1.2095
dw-cql-seed1,cql,59000,6,59000,f136f6447e3cebcc,-2107.541992188,51996,11915,21.4303,3.694,17.7363,75.8874,0.23372,0.9287,1.1488,1.237
dw-cql-seed1,cql,59000,7,59000,f136f6447e3cebcc,-2107.541992188,64933,19513,20.4602,5.7253,14.7348,75.8874,0.19417,0.8988,1.1068,1.2314
dw-cql-seed1,cql,59000,11,59000,f136f6447e3cebcc,-2107.541992188,76763,39227,15.0297,4.5972,10.4325,75.8874,0.13747,0.9459,1.0464,1.1062
dw-cql-seed1,cql,59000,12,59000,f136f6447e3cebcc,-2107.541992188,33583,82841,16.5447,7.0675,9.4772,75.8874,0.12489,0.9263,1.0115,1.092
dw-cql-seed1,cql,59000,13,59000,f136f6447e3cebcc,-2107.541992188,29838,52509,19.3387,3.1881,16.1507,75.8874,0.21282,0.8791,1.0395,1.1825
dw-cql-seed1,cql,59000,14,59000,f136f6447e3cebcc,-2107.541992188,36307,14110,25.4146,3.9272,21.4874,75.8874,0.28315,0.9256,1.2036,1.3004
dw-cql-seed1,cql,60000,0,60000,5f68e105ad4be937,-2151.353027344,237311,68413,37.1673,-6.9909,44.1582,76.3478,0.57838,0.8389,1.2431,1.4819
dw-cql-seed1,cql,60000,2,60000,5f68e105ad4be937,-2151.353027344,168808,33814,24.8783,3.0119,21.8664,76.3478,0.28641,0.8857,1.0559,1.1922
dw-cql-seed1,cql,60000,4,60000,5f68e105ad4be937,-2151.353027344,35214,133999,16.4035,4.3564,12.0472,76.3478,0.15779,0.8667,0.9735,1.1232
dw-cql-seed1,cql,60000,5,60000,5f68e105ad4be937,-2151.353027344,40938,30344,18.0891,1.2189,16.8702,76.3478,0.22096,0.9036,1.095,1.2119
dw-cql-seed1,cql,60000,6,60000,5f68e105ad4be937,-2151.353027344,51996,11915,20.4834,2.5546,17.9287,76.3478,0.23483,0.9296,1.1493,1.2363
dw-cql-seed1,cql,60000,7,60000,5f68e105ad4be937,-2151.353027344,64933,19513,20.4552,5.4437,15.0115,76.3478,0.19662,0.899,1.1072,1.2316
dw-cql-seed1,cql,60000,11,60000,5f68e105ad4be937,-2151.353027344,76763,39227,14.4803,4.1375,10.3428,76.3478,0.13547,0.9466,1.045,1.1039
dw-cql-seed1,cql,60000,12,60000,5f68e105ad4be937,-2151.353027344,33583,82841,15.3149,6.1354,9.1795,76.3478,0.12023,0.9291,1.0126,1.0899
dw-cql-seed1,cql,60000,13,60000,5f68e105ad4be937,-2151.353027344,29838,52509,18.4834,3.1496,15.3338,76.3478,0.20084,0.8818,1.0422,1.1818
dw-cql-seed1,cql,60000,14,60000,5f68e105ad4be937,-2151.353027344,36307,14110,23.6169,2.4217,21.1952,76.3478,0.27761,0.9271,1.2046,1.2992
dw-cql-seed1,cql,61000,0,61000,86168a445a5a6840,-2200.539794922,237311,68413,36.4771,-7.1733,43.6504,75.0363,0.58172,0.8387,1.2415,1.4803
dw-cql-seed1,cql,61000,2,61000,86168a445a5a6840,-2200.539794922,168808,33814,23.8999,2.6462,21.2536,75.0363,0.28324,0.8844,1.0516,1.1891
dw-cql-seed1,cql,61000,4,61000,86168a445a5a6840,-2200.539794922,35214,133999,14.9255,4.2745,10.6511,75.0363,0.14195,0.8677,0.9721,1.1203
dw-cql-seed1,cql,61000,5,61000,86168a445a5a6840,-2200.539794922,40938,30344,17.6557,1.0415,16.6141,75.0363,0.22141,0.9094,1.0983,1.2077
dw-cql-seed1,cql,61000,6,61000,86168a445a5a6840,-2200.539794922,51996,11915,20.1197,2.8456,17.2741,75.0363,0.23021,0.9311,1.1512,1.2364
dw-cql-seed1,cql,61000,7,61000,86168a445a5a6840,-2200.539794922,64933,19513,19.5746,5.5787,13.9959,75.0363,0.18652,0.8979,1.1055,1.2313
dw-cql-seed1,cql,61000,11,61000,86168a445a5a6840,-2200.539794922,76763,39227,13.9638,3.9754,9.9883,75.0363,0.13311,0.9479,1.0476,1.1052
dw-cql-seed1,cql,61000,12,61000,86168a445a5a6840,-2200.539794922,33583,82841,14.6487,6.2875,8.3612,75.0363,0.11143,0.9276,1.0113,1.0903
dw-cql-seed1,cql,61000,13,61000,86168a445a5a6840,-2200.539794922,29838,52509,18.1001,3.3979,14.7022,75.0363,0.19593,0.8847,1.0433,1.1793
dw-cql-seed1,cql,61000,14,61000,86168a445a5a6840,-2200.539794922,36307,14110,23.6,2.8842,20.7158,75.0363,0.27608,0.9319,1.2108,1.2994
dw-cql-seed1,cql,62000,0,62000,6b19c1cee41adedb,-2245.934326172,237311,68413,36.1817,-7.1241,43.3058,74.5303,0.58105,0.8382,1.2421,1.4818
dw-cql-seed1,cql,62000,2,62000,6b19c1cee41adedb,-2245.934326172,168808,33814,23.9417,2.0858,21.8558,74.5303,0.29325,0.8849,1.0527,1.1897
dw-cql-seed1,cql,62000,4,62000,6b19c1cee41adedb,-2245.934326172,35214,133999,16.2231,3.7376,12.4854,74.5303,0.16752,0.8657,0.9709,1.1215
dw-cql-seed1,cql,62000,5,62000,6b19c1cee41adedb,-2245.934326172,40938,30344,17.9749,0.8324,17.1426,74.5303,0.23001,0.9027,1.0929,1.2107
dw-cql-seed1,cql,62000,6,62000,6b19c1cee41adedb,-2245.934326172,51996,11915,20.4735,2.9644,17.5091,74.5303,0.23493,0.9292,1.1491,1.2367
dw-cql-seed1,cql,62000,7,62000,6b19c1cee41adedb,-2245.934326172,64933,19513,20.1385,6.1285,14.01,74.5303,0.18798,0.8976,1.1084,1.2348
dw-cql-seed1,cql,62000,11,62000,6b19c1cee41adedb,-2245.934326172,76763,39227,14.6703,4.3574,10.3129,74.5303,0.13837,0.9462,1.0472,1.1067
dw-cql-seed1,cql,62000,12,62000,6b19c1cee41adedb,-2245.934326172,33583,82841,15.3485,6.2525,9.096,74.5303,0.12204,0.9269,1.0104,1.09
dw-cql-seed1,cql,62000,13,62000,6b19c1cee41adedb,-2245.934326172,29838,52509,17.8886,2.9519,14.9367,74.5303,0.20041,0.8797,1.0392,1.1813
dw-cql-seed1,cql,62000,14,62000,6b19c1cee41adedb,-2245.934326172,36307,14110,23.2364,2.4783,20.7582,74.5303,0.27852,0.9254,1.2037,1.3007
dw-cql-seed1,cql,63000,0,63000,e9c808ecc69751bf,-2289.072265625,237311,68413,36.4113,-5.5017,41.913,74.8823,0.55972,0.8376,1.2391,1.4794
dw-cql-seed1,cql,63000,2,63000,e9c808ecc69751bf,-2289.072265625,168808,33814,23.6803,2.2331,21.4472,74.8823,0.28641,0.8853,1.0512,1.1874
dw-cql-seed1,cql,63000,4,63000,e9c808ecc69751bf,-2289.072265625,35214,133999,15.8899,3.9385,11.9514,74.8823,0.1596,0.8706,0.9747,1.1196
dw-cql-seed1,cql,63000,5,63000,e9c808ecc69751bf,-2289.072265625,40938,30344,17.637,0.9966,16.6404,74.8823,0.22222,0.91,1.0951,1.2033
dw-cql-seed1,cql,63000,6,63000,e9c808ecc69751bf,-2289.072265625,51996,11915,19.8574,2.6596,17.1978,74.8823,0.22966,0.9321,1.1493,1.2329
dw-cql-seed1,cql,63000,7,63000,e9c808ecc69751bf,-2289.072265625,64933,19513,19.2818,4.9237,14.3581,74.8823,0.19174,0.8981,1.1076,1.2333
dw-cql-seed1,cql,63000,11,63000,e9c808ecc69751bf,-2289.072265625,76763,39227,14.7314,4.7626,9.9688,74.8823,0.13313,0.9474,1.0475,1.1056
dw-cql-seed1,cql,63000,12,63000,e9c808ecc69751bf,-2289.072265625,33583,82841,14.8487,6.002,8.8467,74.8823,0.11814,0.9294,1.013,1.09
dw-cql-seed1,cql,63000,13,63000,e9c808ecc69751bf,-2289.072265625,29838,52509,17.068,2.7045,14.3635,74.8823,0.19181,0.8857,1.0427,1.1772
dw-cql-seed1,cql,63000,14,63000,e9c808ecc69751bf,-2289.072265625,36307,14110,22.7399,1.8651,20.8748,74.8823,0.27877,0.9298,1.2051,1.2961
dw-cql-seed1,cql,64000,0,64000,f4a430f200fe5708,-2329.940673828,237311,68413,36.085,-5.4986,41.5836,72.4723,0.57379,0.8379,1.2359,1.475
dw-cql-seed1,cql,64000,2,64000,f4a430f200fe5708,-2329.940673828,168808,33814,23.0923,2.3393,20.753,72.4723,0.28636,0.8849,1.0501,1.1866
dw-cql-seed1,cql,64000,4,64000,f4a430f200fe5708,-2329.940673828,35214,133999,15.035,3.7545,11.2805,72.4723,0.15565,0.87,0.9734,1.1188
dw-cql-seed1,cql,64000,5,64000,f4a430f200fe5708,-2329.940673828,40938,30344,17.4125,0.5875,16.825,72.4723,0.23216,0.908,1.0941,1.205
dw-cql-seed1,cql,64000,6,64000,f4a430f200fe5708,-2329.940673828,51996,11915,20.5176,3.3718,17.1458,72.4723,0.23658,0.9303,1.1521,1.2384
dw-cql-seed1,cql,64000,7,64000,f4a430f200fe5708,-2329.940673828,64933,19513,19.6429,6.2487,13.3942,72.4723,0.18482,0.8966,1.1087,1.2365
dw-cql-seed1,cql,64000,11,64000,f4a430f200fe5708,-2329.940673828,76763,39227,13.4925,4.2409,9.2516,72.4723,0.12766,0.9474,1.0464,1.1044
dw-cql-seed1,cql,64000,12,64000,f4a430f200fe5708,-2329.940673828,33583,82841,14.2375,5.6378,8.5997,72.4723,0.11866,0.9271,1.0108,1.0902
dw-cql-seed1,cql,64000,13,64000,f4a430f200fe5708,-2329.940673828,29838,52509,17.3028,2.6912,14.6117,72.4723,0.20162,0.8839,1.0413,1.1781
dw-cql-seed1,cql,64000,14,64000,f4a430f200fe5708,-2329.940673828,36307,14110,22.9011,2.9988,19.9023,72.4723,0.27462,0.9314,1.2094,1.2985
dw-cql-seed1,cql,65000,0,65000,4010d3fb7a0a2de0,-2376.060546875,237311,68413,35.7553,-4.1085,39.8638,69.7747,0.57132,0.8391,1.24,1.4777
dw-cql-seed1,cql,65000,2,65000,4010d3fb7a0a2de0,-2376.060546875,168808,33814,23.4775,3.1655,20.312,69.7747,0.29111,0.8851,1.0541,1.1909
dw-cql-seed1,cql,65000,4,65000,4010d3fb7a0a2de0,-2376.060546875,35214,133999,15.3097,3.8357,11.474,69.7747,0.16444,0.8645,0.9713,1.1235
dw-cql-seed1,cql,65000,5,65000,4010d3fb7a0a2de0,-2376.060546875,40938,30344,16.8359,-0.0468,16.8827,69.7747,0.24196,0.9034,1.0913,1.208
dw-cql-seed1,cql,65000,6,65000,4010d3fb7a0a2de0,-2376.060546875,51996,11915,19.3649,1.7765,17.5884,69.7747,0.25207,0.9292,1.1433,1.2305
dw-cql-seed1,cql,65000,7,65000,4010d3fb7a0a2de0,-2376.060546875,64933,19513,19.0516,5.0687,13.9829,69.7747,0.2004,0.8971,1.1023,1.2288
dw-cql-seed1,cql,65000,11,65000,4010d3fb7a0a2de0,-2376.060546875,76763,39227,13.9608,4.5928,9.368,69.7747,0.13426,0.9463,1.0446,1.1039
dw-cql-seed1,cql,65000,12,65000,4010d3fb7a0a2de0,-2376.060546875,33583,82841,14.559,5.9401,8.6189,69.7747,0.12352,0.9256,1.0093,1.0904
dw-cql-seed1,cql,65000,13,65000,4010d3fb7a0a2de0,-2376.060546875,29838,52509,16.8418,2.3561,14.4857,69.7747,0.20761,0.8817,1.0401,1.1796
dw-cql-seed1,cql,65000,14,65000,4010d3fb7a0a2de0,-2376.060546875,36307,14110,21.915,1.7943,20.1208,69.7747,0.28837,0.927,1.2,1.2946
dw-cql-seed1,cql,66000,0,66000,0f65316d8860205f,-2417.205566406,237311,68413,36.1071,-4.9544,41.0615,72.3876,0.56724,0.8376,1.2354,1.4749
dw-cql-seed1,cql,66000,2,66000,0f65316d8860205f,-2417.205566406,168808,33814,23.6836,2.5924,21.0912,72.3876,0.29136,0.885,1.0514,1.188
dw-cql-seed1,cql,66000,4,66000,0f65316d8860205f,-2417.205566406,35214,133999,14.4044,3.349,11.0554,72.3876,0.15273,0.8667,0.971,1.1203
dw-cql-seed1,cql,66000,5,66000,0f65316d8860205f,-2417.205566406,40938,30344,15.8864,0.2965,15.5899,72.3876,0.21537,0.9041,1.0905,1.2061
dw-cql-seed1,cql,66000,6,66000,0f65316d8860205f,-2417.205566406,51996,11915,19.8897,2.6072,17.2825,72.3876,0.23875,0.9291,1.1478,1.2355
dw-cql-seed1,cql,66000,7,66000,0f65316d8860205f,-2417.205566406,64933,19513,18.6553,5.0383,13.617,72.3876,0.18811,0.8962,1.1009,1.2283
dw-cql-seed1,cql,66000,11,66000,0f65316d8860205f,-2417.205566406,76763,39227,14.0722,4.7297,9.3425,72.3876,0.12906,0.947,1.045,1.1035
dw-cql-seed1,cql,66000,12,66000,0f65316d8860205f,-2417.205566406,33583,82841,14.2465,5.4435,8.8029,72.3876,0.12161,0.926,1.0095,1.0901
dw-cql-seed1,cql,66000,13,66000,0f65316d8860205f,-2417.205566406,29838,52509,16.736,2.6011,14.1349,72.3876,0.19527,0.8809,1.0381,1.1784
dw-cql-seed1,cql,66000,14,66000,0f65316d8860205f,-2417.205566406,36307,14110,22.5092,2.185,20.3242,72.3876,0.28077,0.9271,1.201,1.2954
dw-cql-seed1,cql,67000,0,67000,2bb8174e0dac63c7,-2458.930419922,237311,68413,35.6799,-5.5751,41.255,72.2681,0.57086,0.8381,1.237,1.4761
dw-cql-seed1,cql,67000,2,67000,2bb8174e0dac63c7,-2458.930419922,168808,33814,22.2416,2.3452,19.8964,72.2681,0.27531,0.8838,1.0475,1.1851
dw-cql-seed1,cql,67000,4,67000,2bb8174e0dac63c7,-2458.930419922,35214,133999,14.5615,3.7938,10.7677,72.2681,0.149,0.8681,0.9703,1.1177
dw-cql-seed1,cql,67000,5,67000,2bb8174e0dac63c7,-2458.930419922,40938,30344,16.5184,0.3278,16.1906,72.2681,0.22404,0.905,1.0927,1.2073
dw-cql-seed1,cql,67000,6,67000,2bb8174e0dac63c7,-2458.930419922,51996,11915,19.32,2.7607,16.5593,72.2681,0.22914,0.929,1.1467,1.2343
dw-cql-seed1,cql,67000,7,67000,2bb8174e0dac63c7,-2458.930419922,64933,19513,18.7851,5.3983,13.3868,72.2681,0.18524,0.8975,1.1054,1.2317
dw-cql-seed1,cql,67000,11,67000,2bb8174e0dac63c7,-2458.930419922,76763,39227,13.9722,4.5526,9.4196,72.2681,0.13034,0.9472,1.045,1.1032
dw-cql-seed1,cql,67000,12,67000,2bb8174e0dac63c7,-2458.930419922,33583,82841,13.499,5.8265,7.6725,72.2681,0.10617,0.9273,1.0092,1.0883
dw-cql-seed1,cql,67000,13,67000,2bb8174e0dac63c7,-2458.930419922,29838,52509,16.1524,2.7562,13.3962,72.2681,0.18537,0.8817,1.0393,1.1788
dw-cql-seed1,cql,67000,14,67000,2bb8174e0dac63c7,-2458.930419922,36307,14110,21.5675,1.7749,19.7926,72.2681,0.27388,0.9283,1.2087,1.302
dw-cql-seed1,cql,68000,0,68000,0f4aad41ae93dafc,-2501.537597656,237311,68413,35.6888,-5.3466,41.0354,72.3251,0.56737,0.837,1.2337,1.4739
dw-cql-seed1,cql,68000,2,68000,0f4aad41ae93dafc,-2501.537597656,168808,33814,22.711,2.2558,20.4552,72.3251,0.28282,0.8845,1.0468,1.1835
dw-cql-seed1,cql,68000,4,68000,0f4aad41ae93dafc,-2501.537597656,35214,133999,14.8446,3.9398,10.9047,72.3251,0.15077,0.8668,0.9704,1.1195
dw-cql-seed1,cql,68000,5,68000,0f4aad41ae93dafc,-2501.537597656,40938,30344,16.4469,0.0229,16.424,72.3251,0.22709,0.9052,1.0895,1.2036
dw-cql-seed1,cql,68000,6,68000,0f4aad41ae93dafc,-2501.537597656,51996,11915,19.4218,2.919,16.5028,72.3251,0.22818,0.9302,1.1457,1.2317
dw-cql-seed1,cql,68000,7,68000,0f4aad41ae93dafc,-2501.537597656,64933,19513,19.1546,5.6159,13.5387,72.3251,0.18719,0.8972,1.1068,1.2336
dw-cql-seed1,cql,68000,11,68000,0f4aad41ae93dafc,-2501.537597656,76763,39227,13.5057,4.4579,9.0479,72.3251,0.1251,0.9477,1.0451,1.1028
dw-cql-seed1,cql,68000,12,68000,0f4aad41ae93dafc,-2501.537597656,33583,82841,13.7237,5.8047,7.919,72.3251,0.10949,0.9266,1.0093,1.0892
dw-cql-seed1,cql,68000,13,68000,0f4aad41ae93dafc,-2501.537597656,29838,52509,16.6583,2.4071,14.2511,72.3251,0.19704,0.8817,1.0387,1.1781
dw-cql-seed1,cql,68000,14,68000,0f4aad41ae93dafc,-2501.537597656,36307,14110,21.9828,1.6659,20.3169,72.3251,0.28091,0.9254,1.1999,1.2966
dw-cql-seed1,cql,69000,0,69000,8b2377d5caa1a4e3,-2548.784179688,237311,68413,35.0937,-5.0338,40.1275,70.0279,0.57302,0.838,1.2332,1.4716
dw-cql-seed1,cql,69000,2,69000,8b2377d5caa1a4e3,-2548.784179688,168808,33814,22.2823,2.4094,19.873,70.0279,0.28379,0.8843,1.0452,1.1819
dw-cql-seed1,cql,69000,4,69000,8b2377d5caa1a4e3,-2548.784179688,35214,133999,13.7298,3.875,9.8547,70.0279,0.14073,0.8642,0.97,1.1224
dw-cql-seed1,cql,69000,5,69000,8b2377d5caa1a4e3,-2548.784179688,40938,30344,16.2196,0.3604,15.8592,70.0279,0.22647,0.9012,1.0921,1.2118
dw-cql-seed1,cql,69000,6,69000,8b2377d5caa1a4e3,-2548.784179688,51996,11915,19.3176,2.3394,16.9782,70.0279,0.24245,0.9287,1.1439,1.2317
dw-cql-seed1,cql,69000,7,69000,8b2377d5caa1a4e3,-2548.784179688,64933,19513,18.6911,5.0254,13.6657,70.0279,0.19515,0.8959,1.1018,1.2297
dw-cql-seed1,cql,69000,11,69000,8b2377d5caa1a4e3,-2548.784179688,76763,39227,13.3285,4.5598,8.7687,70.0279,0.12522,0.9461,1.0432,1.1027
dw-cql-seed1,cql,69000,12,69000,8b2377d5caa1a4e3,-2548.784179688,33583,82841,13.3404,5.7146,7.6257,70.0279,0.1089,0.9266,1.0082,1.0881
dw-cql-seed1,cql,69000,13,69000,8b2377d5caa1a4e3,-2548.784179688,29838,52509,16.4489,2.8366,13.6122,70.0279,0.19438,0.8787,1.0383,1.1816
dw-cql-seed1,cql,69000,14,69000,8b2377d5caa1a4e3,-2548.784179688,36307,14110,22.0909,2.4466,19.6444,70.0279,0.28052,0.925,1.2029,1.3004
dw-cql-seed1,cql,70000,0,70000,2ce8769e2d564711,-2588.5703125,237311,68413,34.9702,-3.0183,37.9884,68.3618,0.5557,0.837,1.2308,1.4704
dw-cql-seed1,cql,70000,2,70000,2ce8769e2d564711,-2588.5703125,168808,33814,22.0543,2.3939,19.6604,68.3618,0.28759,0.8849,1.0477,1.184
dw-cql-seed1,cql,70000,4,70000,2ce8769e2d564711,-2588.5703125,35214,133999,14.0657,3.572,10.4937,68.3618,0.1535,0.8667,0.9705,1.1198
dw-cql-seed1,cql,70000,5,70000,2ce8769e2d564711,-2588.5703125,40938,30344,15.6706,0.2141,15.4565,68.3618,0.2261,0.9032,1.0908,1.2078
dw-cql-seed1,cql,70000,6,70000,2ce8769e2d564711,-2588.5703125,51996,11915,18.7224,1.9383,16.7841,68.3618,0.24552,0.9279,1.1447,1.2337
dw-cql-seed1,cql,70000,7,70000,2ce8769e2d564711,-2588.5703125,64933,19513,18.4795,5.1665,13.313,68.3618,0.19474,0.8961,1.1018,1.2296
dw-cql-seed1,cql,70000,11,70000,2ce8769e2d564711,-2588.5703125,76763,39227,13.0746,4.2745,8.8001,68.3618,0.12873,0.9452,1.0429,1.1034
dw-cql-seed1,cql,70000,12,70000,2ce8769e2d564711,-2588.5703125,33583,82841,12.7884,5.4497,7.3387,68.3618,0.10735,0.9262,1.0087,1.0892
dw-cql-seed1,cql,70000,13,70000,2ce8769e2d564711,-2588.5703125,29838,52509,15.2045,2.3151,12.8894,68.3618,0.18855,0.8798,1.0388,1.1807
dw-cql-seed1,cql,70000,14,70000,2ce8769e2d564711,-2588.5703125,36307,14110,20.4289,1.4747,18.9542,68.3618,0.27726,0.925,1.202,1.2994
dw-cql-seed1,cql,71000,0,71000,b4b6ad14e139ea7d,-2631.410644531,237311,68413,35.1414,-6.2792,41.4206,72.2883,0.57299,0.8378,1.2326,1.4713
dw-cql-seed1,cql,71000,2,71000,b4b6ad14e139ea7d,-2631.410644531,168808,33814,22.3601,1.8058,20.5543,72.2883,0.28434,0.885,1.0487,1.1849
dw-cql-seed1,cql,71000,4,71000,b4b6ad14e139ea7d,-2631.410644531,35214,133999,13.3678,3.3877,9.98,72.2883,0.13806,0.8678,0.9696,1.1173
dw-cql-seed1,cql,71000,5,71000,b4b6ad14e139ea7d,-2631.410644531,40938,30344,15.7545,0.463,15.2915,72.2883,0.21153,0.9047,1.0915,1.2065
dw-cql-seed1,cql,71000,6,71000,b4b6ad14e139ea7d,-2631.410644531,51996,11915,18.5056,2.3753,16.1303,72.2883,0.22314,0.9282,1.1473,1.236
dw-cql-seed1,cql,71000,7,71000,b4b6ad14e139ea7d,-2631.410644531,64933,19513,18.1421,5.0108,13.1313,72.2883,0.18165,0.8972,1.1057,1.2325
dw-cql-seed1,cql,71000,11,71000,b4b6ad14e139ea7d,-2631.410644531,76763,39227,12.7937,3.9676,8.8261,72.2883,0.1221,0.9466,1.043,1.1018
dw-cql-seed1,cql,71000,12,71000,b4b6ad14e139ea7d,-2631.410644531,33583,82841,14.0213,5.6562,8.365,72.2883,0.11572,0.9276,1.0104,1.0893
dw-cql-seed1,cql,71000,13,71000,b4b6ad14e139ea7d,-2631.410644531,29838,52509,16.2534,2.4409,13.8124,72.2883,0.19107,0.8821,1.0385,1.1772
dw-cql-seed1,cql,71000,14,71000,b4b6ad14e139ea7d,-2631.410644531,36307,14110,21.703,2.2542,19.4488,72.2883,0.26904,0.9269,1.2017,1.2964
dw-cql-seed1,cql,72000,0,72000,55806e4c406dca4c,-2667.075683594,237311,68413,34.2109,-5.9127,40.1236,69.5614,0.57681,0.8373,1.2334,1.4731
dw-cql-seed1,cql,72000,2,72000,55806e4c406dca4c,-2667.075683594,168808,33814,21.6702,2.1863,19.4839,69.5614,0.2801,0.8853,1.0501,1.1861
dw-cql-seed1,cql,72000,4,72000,55806e4c406dca4c,-2667.075683594,35214,133999,13.9872,3.7424,10.2448,69.5614,0.14728,0.8663,0.9698,1.1195
dw-cql-seed1,cql,72000,5,72000,55806e4c406dca4c,-2667.075683594,40938,30344,15.9735,0.566,15.4075,69.5614,0.22149,0.9033,1.0886,1.2052
dw-cql-seed1,cql,72000,6,72000,55806e4c406dca4c,-2667.075683594,51996,11915,19.4486,2.2939,17.1548,69.5614,0.24661,0.9277,1.1399,1.2287
dw-cql-seed1,cql,72000,7,72000,55806e4c406dca4c,-2667.075683594,64933,19513,19.2152,5.4399,13.7753,69.5614,0.19803,0.8966,1.0998,1.2266
dw-cql-seed1,cql,72000,11,72000,55806e4c406dca4c,-2667.075683594,76763,39227,13.1016,4.1915,8.9102,69.5614,0.12809,0.9455,1.0415,1.1016
dw-cql-seed1,cql,72000,12,72000,55806e4c406dca4c,-2667.075683594,33583,82841,12.9197,5.4943,7.4255,69.5614,0.10675,0.9256,1.0071,1.0881
dw-cql-seed1,cql,72000,13,72000,55806e4c406dca4c,-2667.075683594,29838,52509,16.119,2.4985,13.6205,69.5614,0.19581,0.8803,1.0372,1.1783
dw-cql-seed1,cql,72000,14,72000,55806e4c406dca4c,-2667.075683594,36307,14110,22.0393,2.131,19.9083,69.5614,0.2862,0.9244,1.1951,1.2927
dw-cql-seed1,cql,73000,0,73000,9ae47bbe497db906,-2717.406982422,237311,68413,33.6891,-3.6381,37.3273,65.5581,0.56938,0.8376,1.2299,1.4685
dw-cql-seed1,cql,73000,2,73000,9ae47bbe497db906,-2717.406982422,168808,33814,21.6633,2.9139,18.7494,65.5581,0.286,0.8846,1.0479,1.1847
dw-cql-seed1,cql,73000,4,73000,9ae47bbe497db906,-2717.406982422,35214,133999,12.859,3.5107,9.3483,65.5581,0.1426,0.8641,0.9676,1.1198
dw-cql-seed1,cql,73000,5,73000,9ae47bbe497db906,-2717.406982422,40938,30344,14.7397,0.1429,14.5968,65.5581,0.22265,0.9017,1.0885,1.2072
dw-cql-seed1,cql,73000,6,73000,9ae47bbe497db906,-2717.406982422,51996,11915,18.5503,2.0917,16.4587,65.5581,0.25106,0.9279,1.1438,1.2327
dw-cql-seed1,cql,73000,7,73000,9ae47bbe497db906,-2717.406982422,64933,19513,18.0892,4.8378,13.2514,65.5581,0.20213,0.8973,1.1031,1.2293
dw-cql-seed1,cql,73000,11,73000,9ae47bbe497db906,-2717.406982422,76763,39227,12.7129,4.3331,8.3798,65.5581,0.12782,0.9476,1.044,1.1018
dw-cql-seed1,cql,73000,12,73000,9ae47bbe497db906,-2717.406982422,33583,82841,12.6582,5.4749,7.1833,65.5581,0.10957,0.9272,1.0079,1.087
dw-cql-seed1,cql,73000,13,73000,9ae47bbe497db906,-2717.406982422,29838,52509,14.1589,2.3137,11.8452,65.5581,0.18068,0.8794,1.037,1.1793
dw-cql-seed1,cql,73000,14,73000,9ae47bbe497db906,-2717.406982422,36307,14110,20.0931,1.2235,18.8695,65.5581,0.28783,0.926,1.1985,1.2943
dw-cql-seed1,cql,74000,0,74000,18bd301806f09c83,-2758.501464844,237311,68413,34.1375,-6.0024,40.1398,70.2399,0.57147,0.8371,1.2304,1.4699
dw-cql-seed1,cql,74000,2,74000,18bd301806f09c83,-2758.501464844,168808,33814,21.5142,1.4388,20.0754,70.2399,0.28581,0.8836,1.047,1.1849
dw-cql-seed1,cql,74000,4,74000,18bd301806f09c83,-2758.501464844,35214,133999,12.5648,3.0169,9.5479,70.2399,0.13593,0.8665,0.9692,1.1186
dw-cql-seed1,cql,74000,5,74000,18bd301806f09c83,-2758.501464844,40938,30344,14.6708,-0.244,14.9148,70.2399,0.21234,0.9022,1.0905,1.2087
dw-cql-seed1,cql,74000,6,74000,18bd301806f09c83,-2758.501464844,51996,11915,18.0832,2.0966,15.9866,70.2399,0.2276,0.9288,1.1444,1.2321
dw-cql-seed1,cql,74000,7,74000,18bd301806f09c83,-2758.501464844,64933,19513,18.2021,5.3486,12.8535,70.2399,0.18299,0.8963,1.1025,1.2301
dw-cql-seed1,cql,74000,11,74000,18bd301806f09c83,-2758.501464844,76763,39227,12.2236,4.0177,8.2059,70.2399,0.11683,0.9455,1.0414,1.1015
dw-cql-seed1,cql,74000,12,74000,18bd301806f09c83,-2758.501464844,33583,82841,12.4039,5.0098,7.3941,70.2399,0.10527,0.9271,1.0082,1.0874
dw-cql-seed1,cql,74000,13,74000,18bd301806f09c83,-2758.501464844,29838,52509,15.0781,2.09,12.9881,70.2399,0.18491,0.8792,1.0376,1.1802
dw-cql-seed1,cql,74000,14,74000,18bd301806f09c83,-2758.501464844,36307,14110,20.3798,1.6755,18.7043,70.2399,0.26629,0.9249,1.2036,1.3013
dw-cql-seed1,cql,75000,0,75000,29899382713b76ea,-2808.639404297,237311,68413,33.8769,-4.1161,37.9931,67.1328,0.56594,0.8371,1.2278,1.4666
dw-cql-seed1,cql,75000,2,75000,29899382713b76ea,-2808.639404297,168808,33814,20.8674,2.0322,18.8352,67.1328,0.28057,0.8845,1.0435,1.1797
dw-cql-seed1,cql,75000,4,75000,29899382713b76ea,-2808.639404297,35214,133999,12.9932,3.2704,9.7228,67.1328,0.14483,0.8661,0.9703,1.1203
dw-cql-seed1,cql,75000,5,75000,29899382713b76ea,-2808.639404297,40938,30344,14.9063,-0.2213,15.1276,67.1328,0.22534,0.9058,1.0916,1.2051
dw-cql-seed1,cql,75000,6,75000,29899382713b76ea,-2808.639404297,51996,11915,17.2303,0.5573,16.6731,67.1328,0.24836,0.9308,1.1449,1.2301
dw-cql-seed1,cql,75000,7,75000,29899382713b76ea,-2808.639404297,64933,19513,17.401,4.1875,13.2135,67.1328,0.19683,0.8977,1.0998,1.225
dw-cql-seed1,cql,75000,11,75000,29899382713b76ea,-2808.639404297,76763,39227,11.5906,4.1191,7.4715,67.1328,0.11129,0.9457,1.0427,1.1026
dw-cql-seed1,cql,75000,12,75000,29899382713b76ea,-2808.639404297,33583,82841,10.9163,4.728,6.1883,67.1328,0.09218,0.9266,1.0078,1.0876
dw-cql-seed1,cql,75000,13,75000,29899382713b76ea,-2808.639404297,29838,52509,14.2816,2.0811,12.2006,67.1328,0.18174,0.8824,1.0393,1.1778
dw-cql-seed1,cql,75000,14,75000,29899382713b76ea,-2808.639404297,36307,14110,19.6706,1.2564,18.4142,67.1328,0.27429,0.9294,1.2016,1.2929
dw-cql-seed1,cql,76000,0,76000,b79b325321307a79,-2846.844970703,237311,68413,33.7763,-5.6491,39.4253,69.1792,0.5699,0.8375,1.2294,1.4679
dw-cql-seed1,cql,76000,2,76000,b79b325321307a79,-2846.844970703,168808,33814,21.3389,2.4722,18.8666,69.1792,0.27272,0.8848,1.0467,1.183
dw-cql-seed1,cql,76000,4,76000,b79b325321307a79,-2846.844970703,35214,133999,12.29,3.1914,9.0986,69.1792,0.13152,0.8693,0.9688,1.1144
dw-cql-seed1,cql,76000,5,76000,b79b325321307a79,-2846.844970703,40938,30344,14.687,0.1051,14.5818,69.1792,0.21078,0.9056,1.0919,1.2056
dw-cql-seed1,cql,76000,6,76000,b79b325321307a79,-2846.844970703,51996,11915,18.089,1.3116,16.7774,69.1792,0.24252,0.929,1.1454,1.2329
dw-cql-seed1,cql,76000,7,76000,b79b325321307a79,-2846.844970703,64933,19513,17.3966,4.2955,13.101,69.1792,0.18938,0.8954,1.099,1.2274
dw-cql-seed1,cql,76000,11,76000,b79b325321307a79,-2846.844970703,76763,39227,11.7502,3.9427,7.8074,69.1792,0.11286,0.944,1.0392,1.1008
dw-cql-seed1,cql,76000,12,76000,b79b325321307a79,-2846.844970703,33583,82841,11.7291,4.9434,6.7857,69.1792,0.09809,0.9268,1.0074,1.087
dw-cql-seed1,cql,76000,13,76000,b79b325321307a79,-2846.844970703,29838,52509,14.5562,2.53,12.0263,69.1792,0.17384,0.8829,1.0387,1.1765
dw-cql-seed1,cql,76000,14,76000,b79b325321307a79,-2846.844970703,36307,14110,19.3653,0.9707,18.3945,69.1792,0.2659,0.9273,1.2064,1.3009
dw-cql-seed1,cql,77000,0,77000,375bf5efa56be934,-2897.646972656,237311,68413,33.623,-5.677,39.3,67.3079,0.58388,0.8369,1.2267,1.4657
dw-cql-seed1,cql,77000,2,77000,375bf5efa56be934,-2897.646972656,168808,33814,20.5796,2.3151,18.2645,67.3079,0.27136,0.8839,1.0443,1.1814
dw-cql-seed1,cql,77000,4,77000,375bf5efa56be934,-2897.646972656,35214,133999,12.2512,3.2917,8.9596,67.3079,0.13311,0.8654,0.9676,1.1181
dw-cql-seed1,cql,77000,5,77000,375bf5efa56be934,-2897.646972656,40938,30344,14.2912,-0.2331,14.5243,67.3079,0.21579,0.9009,1.0908,1.2108
dw-cql-seed1,cql,77000,6,77000,375bf5efa56be934,-2897.646972656,51996,11915,17.0302,1.3285,15.7017,67.3079,0.23328,0.9292,1.1453,1.2326
dw-cql-seed1,cql,77000,7,77000,375bf5efa56be934,-2897.646972656,64933,19513,17.6622,4.9302,12.732,67.3079,0.18916,0.8972,1.0985,1.2244
dw-cql-seed1,cql,77000,11,77000,375bf5efa56be934,-2897.646972656,76763,39227,11.5308,3.8297,7.701,67.3079,0.11441,0.9479,1.042,1.0994
dw-cql-seed1,cql,77000,12,77000,375bf5efa56be934,-2897.646972656,33583,82841,10.8886,4.6198,6.2688,67.3079,0.09314,0.9274,1.0079,1.0867
dw-cql-seed1,cql,77000,13,77000,375bf5efa56be934,-2897.646972656,29838,52509,13.3745,1.9448,11.4297,67.3079,0.16981,0.8778,1.0373,1.1817
dw-cql-seed1,cql,77000,14,77000,375bf5efa56be934,-2897.646972656,36307,14110,19.6283,1.3844,18.2438,67.3079,0.27105,0.924,1.1994,1.298
dw-cql-seed1,cql,78000,0,78000,7b73a3bce6566806,-2940.935302734,237311,68413,33.3806,-6.6989,40.0795,68.8353,0.58225,0.8377,1.2292,1.4674
dw-cql-seed1,cql,78000,2,78000,7b73a3bce6566806,-2940.935302734,168808,33814,20.5293,1.6326,18.8966,68.8353,0.27452,0.8835,1.0433,1.1808
dw-cql-seed1,cql,78000,4,78000,7b73a3bce6566806,-2940.935302734,35214,133999,12.0741,2.6927,9.3815,68.8353,0.13629,0.8656,0.9688,1.1192
dw-cql-seed1,cql,78000,5,78000,7b73a3bce6566806,-2940.935302734,40938,30344,14.2584,-0.7422,15.0006,68.8353,0.21792,0.9019,1.0905,1.2091
dw-cql-seed1,cql,78000,6,78000,7b73a3bce6566806,-2940.935302734,51996,11915,16.9593,1.1267,15.8325,68.8353,0.23001,0.9268,1.1393,1.2293
dw-cql-seed1,cql,78000,7,78000,7b73a3bce6566806,-2940.935302734,64933,19513,17.4163,4.804,12.6122,68.8353,0.18322,0.8954,1.0974,1.2255
dw-cql-seed1,cql,78000,11,78000,7b73a3bce6566806,-2940.935302734,76763,39227,12.125,3.9228,8.2023,68.8353,0.11916,0.946,1.0415,1.1009
dw-cql-seed1,cql,78000,12,78000,7b73a3bce6566806,-2940.935302734,33583,82841,11.137,4.5823,6.5546,68.8353,0.09522,0.9258,1.0065,1.0871
dw-cql-seed1,cql,78000,13,78000,7b73a3bce6566806,-2940.935302734,29838,52509,14.7284,1.8797,12.8487,68.8353,0.18666,0.8798,1.0377,1.1795
dw-cql-seed1,cql,78000,14,78000,7b73a3bce6566806,-2940.935302734,36307,14110,19.8681,1.1704,18.6977,68.8353,0.27163,0.9239,1.1995,1.2983
dw-cql-seed1,cql,79000,0,79000,451a7a4ae55a8693,-2982.451904297,237311,68413,32.6289,-6.4355,39.0645,67.8099,0.57609,0.837,1.2286,1.4678
dw-cql-seed1,cql,79000,2,79000,451a7a4ae55a8693,-2982.451904297,168808,33814,20.5706,2.2978,18.2727,67.8099,0.26947,0.8843,1.0427,1.1791
dw-cql-seed1,cql,79000,4,79000,451a7a4ae55a8693,-2982.451904297,35214,133999,11.5191,2.811,8.7082,67.8099,0.12842,0.8684,0.9688,1.1155
dw-cql-seed1,cql,79000,5,79000,451a7a4ae55a8693,-2982.451904297,40938,30344,14.0689,-0.5121,14.581,67.8099,0.21503,0.904,1.0911,1.2069
dw-cql-seed1,cql,79000,6,79000,451a7a4ae55a8693,-2982.451904297,51996,11915,17.7947,1.162,16.6327,67.8099,0.24528,0.928,1.1421,1.2307
dw-cql-seed1,cql,79000,7,79000,451a7a4ae55a8693,-2982.451904297,64933,19513,16.3574,3.6801,12.6772,67.8099,0.18695,0.8956,1.1039,1.2326
dw-cql-seed1,cql,79000,11,79000,451a7a4ae55a8693,-2982.451904297,76763,39227,11.578,4.3037,7.2743,67.8099,0.10728,0.9457,1.0409,1.1006
dw-cql-seed1,cql,79000,12,79000,451a7a4ae55a8693,-2982.451904297,33583,82841,11.3494,4.7949,6.5545,67.8099,0.09666,0.9267,1.0071,1.0867
dw-cql-seed1,cql,79000,13,79000,451a7a4ae55a8693,-2982.451904297,29838,52509,14.7552,2.4177,12.3374,67.8099,0.18194,0.8815,1.038,1.1775
dw-cql-seed1,cql,79000,14,79000,451a7a4ae55a8693,-2982.451904297,36307,14110,19.9005,1.0007,18.8997,67.8099,0.27872,0.9265,1.1955,1.2904
dw-cql-seed1,cql,80000,0,80000,e02f2c25aff5ed76,-3024.317382812,237311,68413,32.6042,-4.2535,36.8577,64.1474,0.57458,0.8364,1.226,1.4657
dw-cql-seed1,cql,80000,2,80000,e02f2c25aff5ed76,-3024.317382812,168808,33814,20.3146,2.8308,17.4837,64.1474,0.27256,0.8841,1.0445,1.1815
dw-cql-seed1,cql,80000,4,80000,e02f2c25aff5ed76,-3024.317382812,35214,133999,11.6034,2.9772,8.6263,64.1474,0.13448,0.8659,0.9677,1.1176
dw-cql-seed1,cql,80000,5,80000,e02f2c25aff5ed76,-3024.317382812,40938,30344,13.1703,-0.3913,13.5616,64.1474,0.21141,0.9015,1.0886,1.2075
dw-cql-seed1,cql,80000,6,80000,e02f2c25aff5ed76,-3024.317382812,51996,11915,16.6126,0.4993,16.1133,64.1474,0.25119,0.9287,1.1452,1.2331
dw-cql-seed1,cql,80000,7,80000,e02f2c25aff5ed76,-3024.317382812,64933,19513,16.1522,3.5348,12.6174,64.1474,0.19669,0.896,1.099,1.2266
dw-cql-seed1,cql,80000,11,80000,e02f2c25aff5ed76,-3024.317382812,76763,39227,11.9221,4.2324,7.6897,64.1474,0.11988,0.9459,1.0409,1.1004
dw-cql-seed1,cql,80000,12,80000,e02f2c25aff5ed76,-3024.317382812,33583,82841,11.1933,4.56,6.6334,64.1474,0.10341,0.9259,1.0063,1.0868
dw-cql-seed1,cql,80000,13,80000,e02f2c25aff5ed76,-3024.317382812,29838,52509,14.089,1.8837,12.2053,64.1474,0.19027,0.8803,1.037,1.178
dw-cql-seed1,cql,80000,14,80000,e02f2c25aff5ed76,-3024.317382812,36307,14110,18.9917,1.0344,17.9573,64.1474,0.27994,0.9242,1.1953,1.2933
dw-cql-seed1,cql,81000,0,81000,a9f08a7d69c334f0,-3067.895019531,237311,68413,33.0291,-4.1339,37.163,66.0387,0.56275,0.837,1.2262,1.4649
dw-cql-seed1,cql,81000,2,81000,a9f08a7d69c334f0,-3067.895019531,168808,33814,20.0862,1.911,18.1753,66.0387,0.27522,0.884,1.0431,1.18
dw-cql-seed1,cql,81000,4,81000,a9f08a7d69c334f0,-3067.895019531,35214,133999,11.8164,2.7777,9.0387,66.0387,0.13687,0.8653,0.9653,1.1156
dw-cql-seed1,cql,81000,5,81000,a9f08a7d69c334f0,-3067.895019531,40938,30344,14.2836,-0.3529,14.6366,66.0387,0.22164,0.9007,1.0855,1.2052
dw-cql-seed1,cql,81000,6,81000,a9f08a7d69c334f0,-3067.895019531,51996,11915,16.8638,1.0847,15.7791,66.0387,0.23894,0.9269,1.139,1.2289
dw-cql-seed1,cql,81000,7,81000,a9f08a7d69c334f0,-3067.895019531,64933,19513,16.4744,3.5256,12.9488,66.0387,0.19608,0.8953,1.0965,1.2247
dw-cql-seed1,cql,81000,11,81000,a9f08a7d69c334f0,-3067.895019531,76763,39227,10.6563,3.2123,7.444,66.0387,0.11272,0.9446,1.0387,1.0996
dw-cql-seed1,cql,81000,12,81000,a9f08a7d69c334f0,-3067.895019531,33583,82841,10.6087,4.2802,6.3285,66.0387,0.09583,0.9263,1.0049,1.0849
dw-cql-seed1,cql,81000,13,81000,a9f08a7d69c334f0,-3067.895019531,29838,52509,14.7133,1.9941,12.7192,66.0387,0.1926,0.8784,1.0334,1.1764
dw-cql-seed1,cql,81000,14,81000,a9f08a7d69c334f0,-3067.895019531,36307,14110,20.1896,1.6399,18.5497,66.0387,0.28089,0.9217,1.1927,1.294
dw-cql-seed1,cql,82000,0,82000,c8374ad759008b59,-3113.456054688,237311,68413,32.6174,-6.2284,38.8458,68.6803,0.5656,0.8369,1.2266,1.4656
dw-cql-seed1,cql,82000,2,82000,c8374ad759008b59,-3113.456054688,168808,33814,19.8354,0.5503,19.2851,68.6803,0.28079,0.8832,1.0433,1.1814
dw-cql-seed1,cql,82000,4,82000,c8374ad759008b59,-3113.456054688,35214,133999,11.4576,2.0823,9.3754,68.6803,0.13651,0.8624,0.9654,1.1194
dw-cql-seed1,cql,82000,5,82000,c8374ad759008b59,-3113.456054688,40938,30344,13.2916,-0.9878,14.2794,68.6803,0.20791,0.9,1.0889,1.2099
dw-cql-seed1,cql,82000,6,82000,c8374ad759008b59,-3113.456054688,51996,11915,16.0164,0.2748,15.7415,68.6803,0.2292,0.9273,1.143,1.2326
dw-cql-seed1,cql,82000,7,82000,c8374ad759008b59,-3113.456054688,64933,19513,16.0274,3.1076,12.9198,68.6803,0.18811,0.8968,1.1009,1.2277
dw-cql-seed1,cql,82000,11,82000,c8374ad759008b59,-3113.456054688,76763,39227,11.0316,3.208,7.8236,68.6803,0.11391,0.945,1.0389,1.0994
dw-cql-seed1,cql,82000,12,82000,c8374ad759008b59,-3113.456054688,33583,82841,10.8651,4.1632,6.7019,68.6803,0.09758,0.9256,1.0071,1.0881
dw-cql-seed1,cql,82000,13,82000,c8374ad759008b59,-3113.456054688,29838,52509,13.8447,1.3628,12.4819,68.6803,0.18174,0.8764,1.0347,1.1805
dw-cql-seed1,cql,82000,14,82000,c8374ad759008b59,-3113.456054688,36307,14110,18.7243,0.4093,18.315,68.6803,0.26667,0.9234,1.1996,1.2991
dw-cql-seed1,cql,83000,0,83000,6cdff5c9ee15def0,-3158.342529297,237311,68413,32.7866,-5.9883,38.7749,66.9373,0.57927,0.8371,1.2273,1.4661
dw-cql-seed1,cql,83000,2,83000,6cdff5c9ee15def0,-3158.342529297,168808,33814,19.6121,1.8061,17.806,66.9373,0.26601,0.8842,1.043,1.1797
dw-cql-seed1,cql,83000,4,83000,6cdff5c9ee15def0,-3158.342529297,35214,133999,11.3687,3.0,8.3687,66.9373,0.12502,0.8638,0.9668,1.1192
dw-cql-seed1,cql,83000,5,83000,6cdff5c9ee15def0,-3158.342529297,40938,30344,13.0447,-0.1195,13.1642,66.9373,0.19666,0.8996,1.0908,1.2126
dw-cql-seed1,cql,83000,6,83000,6cdff5c9ee15def0,-3158.342529297,51996,11915,16.8699,1.0801,15.7898,66.9373,0.23589,0.9278,1.1449,1.234
dw-cql-seed1,cql,83000,7,83000,6cdff5c9ee15def0,-3158.342529297,64933,19513,16.4527,4.281,12.1717,66.9373,0.18184,0.8955,1.1026,1.2313
dw-cql-seed1,cql,83000,11,83000,6cdff5c9ee15def0,-3158.342529297,76763,39227,10.7422,3.7273,7.015,66.9373,0.1048,0.9446,1.0393,1.1002
dw-cql-seed1,cql,83000,12,83000,6cdff5c9ee15def0,-3158.342529297,33583,82841,11.0698,4.7805,6.2893,66.9373,0.09396,0.9261,1.0054,1.0856
dw-cql-seed1,cql,83000,13,83000,6cdff5c9ee15def0,-3158.342529297,29838,52509,13.3754,2.0245,11.3509,66.9373,0.16958,0.8778,1.037,1.1813
dw-cql-seed1,cql,83000,14,83000,6cdff5c9ee15def0,-3158.342529297,36307,14110,17.8454,0.8286,17.0168,66.9373,0.25422,0.9235,1.1995,1.2988
dw-cql-seed1,cql,84000,0,84000,8811f5c18c896050,-3195.337890625,237311,68413,31.7027,-5.5008,37.2035,65.7943,0.56545,0.8365,1.2274,1.4672
dw-cql-seed1,cql,84000,2,84000,8811f5c18c896050,-3195.337890625,168808,33814,19.3352,1.488,17.8472,65.7943,0.27126,0.8838,1.0445,1.1818
dw-cql-seed1,cql,84000,4,84000,8811f5c18c896050,-3195.337890625,35214,133999,10.4774,2.1361,8.3413,65.7943,0.12678,0.8651,0.9657,1.1162
dw-cql-seed1,cql,84000,5,84000,8811f5c18c896050,-3195.337890625,40938,30344,13.2154,-0.2258,13.4412,65.7943,0.20429,0.9001,1.0881,1.2089
dw-cql-seed1,cql,84000,6,84000,8811f5c18c896050,-3195.337890625,51996,11915,16.2126,0.5083,15.7043,65.7943,0.23869,0.928,1.1421,1.2308
dw-cql-seed1,cql,84000,7,84000,8811f5c18c896050,-3195.337890625,64933,19513,16.7065,3.6786,13.0279,65.7943,0.19801,0.8956,1.098,1.2261
dw-cql-seed1,cql,84000,11,84000,8811f5c18c896050,-3195.337890625,76763,39227,10.3687,3.0372,7.3315,65.7943,0.11143,0.9439,1.0389,1.1006
dw-cql-seed1,cql,84000,12,84000,8811f5c18c896050,-3195.337890625,33583,82841,10.6865,3.8827,6.8038,65.7943,0.10341,0.9264,1.0052,1.0851
dw-cql-seed1,cql,84000,13,84000,8811f5c18c896050,-3195.337890625,29838,52509,14.2819,1.7503,12.5316,65.7943,0.19047,0.8778,1.0339,1.1778
dw-cql-seed1,cql,84000,14,84000,8811f5c18c896050,-3195.337890625,36307,14110,18.9335,0.6723,18.2612,65.7943,0.27755,0.9242,1.1961,1.2942
dw-cql-seed1,cql,85000,0,85000,f0a4ae5ad137376e,-3242.642822266,237311,68413,31.3418,-6.6662,38.008,65.8656,0.57705,0.8377,1.2271,1.4649
dw-cql-seed1,cql,85000,2,85000,f0a4ae5ad137376e,-3242.642822266,168808,33814,19.0297,1.3052,17.7245,65.8656,0.2691,0.8846,1.0428,1.1789
dw-cql-seed1,cql,85000,4,85000,f0a4ae5ad137376e,-3242.642822266,35214,133999,10.7805,2.5336,8.247,65.8656,0.12521,0.868,0.9661,1.113
dw-cql-seed1,cql,85000,5,85000,f0a4ae5ad137376e,-3242.642822266,40938,30344,12.9921,-1.0185,14.0106,65.8656,0.21271,0.904,1.087,1.2025
dw-cql-seed1,cql,85000,6,85000,f0a4ae5ad137376e,-3242.642822266,51996,11915,16.2107,0.6044,15.6063,65.8656,0.23694,0.927,1.1363,1.2258
dw-cql-seed1,cql,85000,7,85000,f0a4ae5ad137376e,-3242.642822266,64933,19513,16.1859,3.4462,12.7397,65.8656,0.19342,0.8957,1.0955,1.2232
dw-cql-seed1,cql,85000,11,85000,f0a4ae5ad137376e,-3242.642822266,76763,39227,10.6415,3.2198,7.4218,65.8656,0.11268,0.9459,1.0407,1.1001
dw-cql-seed1,cql,85000,12,85000,f0a4ae5ad137376e,-3242.642822266,33583,82841,10.1004,4.3453,5.7551,65.8656,0.08738,0.9281,1.0061,1.084
dw-cql-seed1,cql,85000,13,85000,f0a4ae5ad137376e,-3242.642822266,29838,52509,13.426,1.6213,11.8047,65.8656,0.17922,0.8833,1.0341,1.1708
dw-cql-seed1,cql,85000,14,85000,f0a4ae5ad137376e,-3242.642822266,36307,14110,18.7491,0.5467,18.2024,65.8656,0.27636,0.9263,1.1943,1.2893
dw-cql-seed1,cql,86000,0,86000,3d751feb9bf8d9a2,-3293.809570312,237311,68413,31.1704,-7.1885,38.3589,67.1059,0.57162,0.8369,1.2269,1.466
dw-cql-seed1,cql,86000,2,86000,3d751feb9bf8d9a2,-3293.809570312,168808,33814,18.7214,0.4972,18.2241,67.1059,0.27157,0.8853,1.0443,1.1797
dw-cql-seed1,cql,86000,4,86000,3d751feb9bf8d9a2,-3293.809570312,35214,133999,11.0747,2.9016,8.1731,67.1059,0.12179,0.8643,0.965,1.1165
dw-cql-seed1,cql,86000,5,86000,3d751feb9bf8d9a2,-3293.809570312,40938,30344,13.4092,0.2503,13.1589,67.1059,0.19609,0.8992,1.0881,1.2101
dw-cql-seed1,cql,86000,6,86000,3d751feb9bf8d9a2,-3293.809570312,51996,11915,16.5379,1.1117,15.4262,67.1059,0.22988,0.9285,1.1415,1.2294
dw-cql-seed1,cql,86000,7,86000,3d751feb9bf8d9a2,-3293.809570312,64933,19513,15.797,3.3336,12.4635,67.1059,0.18573,0.8966,1.1004,1.2273
dw-cql-seed1,cql,86000,11,86000,3d751feb9bf8d9a2,-3293.809570312,76763,39227,10.563,3.4369,7.1261,67.1059,0.10619,0.9457,1.0403,1.1
dw-cql-seed1,cql,86000,12,86000,3d751feb9bf8d9a2,-3293.809570312,33583,82841,9.7402,3.8511,5.8892,67.1059,0.08776,0.9268,1.0058,1.0852
dw-cql-seed1,cql,86000,13,86000,3d751feb9bf8d9a2,-3293.809570312,29838,52509,13.043,2.1052,10.9378,67.1059,0.16299,0.8775,1.0343,1.1787
dw-cql-seed1,cql,86000,14,86000,3d751feb9bf8d9a2,-3293.809570312,36307,14110,18.6676,1.1006,17.5671,67.1059,0.26178,0.9229,1.1953,1.2952
dw-cql-seed1,cql,87000,0,87000,c099697936f1fa3b,-3342.857666016,237311,68413,31.2255,-7.6493,38.8748,67.1315,0.57908,0.8359,1.2227,1.4626
dw-cql-seed1,cql,87000,2,87000,c099697936f1fa3b,-3342.857666016,168808,33814,19.8074,2.0463,17.7611,67.1315,0.26457,0.8837,1.0413,1.1785
dw-cql-seed1,cql,87000,4,87000,c099697936f1fa3b,-3342.857666016,35214,133999,9.6146,2.1894,7.4252,67.1315,0.11061,0.8654,0.9639,1.1139
dw-cql-seed1,cql,87000,5,87000,c099697936f1fa3b,-3342.857666016,40938,30344,12.3902,-1.0059,13.3961,67.1315,0.19955,0.8991,1.0853,1.2071
dw-cql-seed1,cql,87000,6,87000,c099697936f1fa3b,-3342.857666016,51996,11915,15.975,0.0148,15.9603,67.1315,0.23775,0.9276,1.1386,1.2276
dw-cql-seed1,cql,87000,7,87000,c099697936f1fa3b,-3342.857666016,64933,19513,15.4901,3.0412,12.4489,67.1315,0.18544,0.8951,1.0956,1.224
dw-cql-seed1,cql,87000,11,87000,c099697936f1fa3b,-3342.857666016,76763,39227,10.2631,3.2189,7.0442,67.1315,0.10493,0.945,1.0391,1.0996
dw-cql-seed1,cql,87000,12,87000,c099697936f1fa3b,-3342.857666016,33583,82841,9.8692,3.9635,5.9057,67.1315,0.08797,0.9263,1.0057,1.0856
dw-cql-seed1,cql,87000,13,87000,c099697936f1fa3b,-3342.857666016,29838,52509,12.6173,1.5268,11.0905,67.1315,0.1652,0.8778,1.0321,1.1757
dw-cql-seed1,cql,87000,14,87000,c099697936f1fa3b,-3342.857666016,36307,14110,18.5458,0.5318,18.014,67.1315,0.26834,0.9229,1.1931,1.2927
dw-cql-seed1,cql,88000,0,88000,5e0a182e5769e924,-3385.144042969,237311,68413,31.5266,-6.0087,37.5353,64.1677,0.58496,0.8369,1.225,1.4638
dw-cql-seed1,cql,88000,2,88000,5e0a182e5769e924,-3385.144042969,168808,33814,19.4145,1.8833,17.5313,64.1677,0.27321,0.8831,1.0406,1.1783
dw-cql-seed1,cql,88000,4,88000,5e0a182e5769e924,-3385.144042969,35214,133999,10.2811,2.3854,7.8957,64.1677,0.12305,0.8652,0.964,1.1143
dw-cql-seed1,cql,88000,5,88000,5e0a182e5769e924,-3385.144042969,40938,30344,12.5283,-0.6627,13.191,64.1677,0.20557,0.8997,1.0865,1.2076
dw-cql-seed1,cql,88000,6,88000,5e0a182e5769e924,-3385.144042969,51996,11915,15.2472,-1.0089,16.2561,64.1677,0.25334,0.9279,1.1417,1.2303
dw-cql-seed1,cql,88000,7,88000,5e0a182e5769e924,-3385.144042969,64933,19513,15.5933,2.7316,12.8616,64.1677,0.20044,0.8959,1.0981,1.2257
dw-cql-seed1,cql,88000,11,88000,5e0a182e5769e924,-3385.144042969,76763,39227,9.9185,2.7417,7.1768,64.1677,0.11184,0.9453,1.0389,1.099
dw-cql-seed1,cql,88000,12,88000,5e0a182e5769e924,-3385.144042969,33583,82841,9.8267,3.7108,6.1159,64.1677,0.09531,0.9258,1.004,1.0845
dw-cql-seed1,cql,88000,13,88000,5e0a182e5769e924,-3385.144042969,29838,52509,12.419,1.2726,11.1464,64.1677,0.17371,0.8777,1.0315,1.1752
dw-cql-seed1,cql,88000,14,88000,5e0a182e5769e924,-3385.144042969,36307,14110,16.9243,-0.3568,17.2811,64.1677,0.26931,0.9245,1.1954,1.293
dw-cql-seed1,cql,89000,0,89000,7703451b4c013142,-3429.430175781,237311,68413,30.7615,-7.0682,37.8297,65.4297,0.57817,0.8358,1.2228,1.4631
dw-cql-seed1,cql,89000,2,89000,7703451b4c013142,-3429.430175781,168808,33814,19.2632,1.9531,17.3101,65.4297,0.26456,0.8837,1.0396,1.1764
dw-cql-seed1,cql,89000,4,89000,7703451b4c013142,-3429.430175781,35214,133999,10.6799,2.8845,7.7954,65.4297,0.11914,0.8663,0.9651,1.114
dw-cql-seed1,cql,89000,5,89000,7703451b4c013142,-3429.430175781,40938,30344,12.7712,0.0381,12.7332,65.4297,0.19461,0.9016,1.0893,1.2082
dw-cql-seed1,cql,89000,6,89000,7703451b4c013142,-3429.430175781,51996,11915,15.8071,0.9862,14.8209,65.4297,0.22652,0.9281,1.1437,1.2322
dw-cql-seed1,cql,89000,7,89000,7703451b4c013142,-3429.430175781,64933,19513,14.8953,3.0642,11.8311,65.4297,0.18082,0.8948,1.0979,1.2269
dw-cql-seed1,cql,89000,11,89000,7703451b4c013142,-3429.430175781,76763,39227,10.4903,3.2773,7.213,65.4297,0.11024,0.9454,1.038,1.0979
dw-cql-seed1,cql,89000,12,89000,7703451b4c013142,-3429.430175781,33583,82841,10.4264,4.4847,5.9416,65.4297,0.09081,0.9266,1.0056,1.0853
dw-cql-seed1,cql,89000,13,89000,7703451b4c013142,-3429.430175781,29838,52509,13.3147,2.2871,11.0276,65.4297,0.16854,0.8801,1.0337,1.1745
dw-cql-seed1,cql,89000,14,89000,7703451b4c013142,-3429.430175781,36307,14110,18.6635,1.4882,17.1753,65.4297,0.2625,0.9243,1.1978,1.2959
dw-cql-seed1,cql,90000,0,90000,e84e4ba5b02a5e56,-3471.700195312,237311,68413,31.0396,-6.7545,37.7941,64.2002,0.58869,0.8359,1.223,1.4631
dw-cql-seed1,cql,90000,2,90000,e84e4ba5b02a5e56,-3471.700195312,168808,33814,18.1783,1.5856,16.5927,64.2002,0.25845,0.8824,1.0384,1.1768
dw-cql-seed1,cql,90000,4,90000,e84e4ba5b02a5e56,-3471.700195312,35214,133999,9.151,2.4764,6.6746,64.2002,0.10397,0.8667,0.964,1.1123
dw-cql-seed1,cql,90000,5,90000,e84e4ba5b02a5e56,-3471.700195312,40938,30344,11.2621,-1.1589,12.421,64.2002,0.19347,0.8974,1.0885,1.2129
dw-cql-seed1,cql,90000,6,90000,e84e4ba5b02a5e56,-3471.700195312,51996,11915,14.985,-0.4397,15.4247,64.2002,0.24026,0.93,1.1449,1.2311
dw-cql-seed1,cql,90000,7,90000,e84e4ba5b02a5e56,-3471.700195312,64933,19513,14.8433,2.7973,12.046,64.2002,0.18763,0.8964,1.0973,1.2241
dw-cql-seed1,cql,90000,11,90000,e84e4ba5b02a5e56,-3471.700195312,76763,39227,10.1396,3.4087,6.7309,64.2002,0.10484,0.9451,1.0382,1.0985
dw-cql-seed1,cql,90000,12,90000,e84e4ba5b02a5e56,-3471.700195312,33583,82841,9.9945,4.4378,5.5567,64.2002,0.08655,0.9269,1.0045,1.0838
dw-cql-seed1,cql,90000,13,90000,e84e4ba5b02a5e56,-3471.700195312,29838,52509,12.2601,1.5385,10.7216,64.2002,0.167,0.8778,1.0331,1.177
dw-cql-seed1,cql,90000,14,90000,e84e4ba5b02a5e56,-3471.700195312,36307,14110,17.6592,0.1173,17.5419,64.2002,0.27324,0.9231,1.1978,1.2975
dw-cql-seed1,cql,91000,0,91000,36881c73be5d06ef,-3524.342285156,237311,68413,30.3867,-6.6327,37.0194,65.4371,0.56573,0.8357,1.2196,1.4594
dw-cql-seed1,cql,91000,2,91000,36881c73be5d06ef,-3524.342285156,168808,33814,18.3782,1.421,16.9572,65.4371,0.25914,0.8831,1.0411,1.179
dw-cql-seed1,cql,91000,4,91000,36881c73be5d06ef,-3524.342285156,35214,133999,9.3472,3.0807,6.2666,65.4371,0.09576,0.8646,0.964,1.1149
dw-cql-seed1,cql,91000,5,91000,36881c73be5d06ef,-3524.342285156,40938,30344,11.8023,-0.157,11.9593,65.4371,0.18276,0.8995,1.0879,1.2094
dw-cql-seed1,cql,91000,6,91000,36881c73be5d06ef,-3524.342285156,51996,11915,14.9943,0.0455,14.9488,65.4371,0.22845,0.9269,1.1428,1.233
dw-cql-seed1,cql,91000,7,91000,36881c73be5d06ef,-3524.342285156,64933,19513,14.4121,2.0591,12.3529,65.4371,0.18878,0.8946,1.0959,1.225
dw-cql-seed1,cql,91000,11,91000,36881c73be5d06ef,-3524.342285156,76763,39227,9.1649,2.5431,6.6218,65.4371,0.10119,0.9458,1.0386,1.0982
dw-cql-seed1,cql,91000,12,91000,36881c73be5d06ef,-3524.342285156,33583,82841,8.8676,4.0805,4.7871,65.4371,0.07316,0.9259,1.0045,1.0849
dw-cql-seed1,cql,91000,13,91000,36881c73be5d06ef,-3524.342285156,29838,52509,12.0732,2.3589,9.7143,65.4371,0.14845,0.878,1.0329,1.1764
dw-cql-seed1,cql,91000,14,91000,36881c73be5d06ef,-3524.342285156,36307,14110,17.5555,0.4034,17.1521,65.4371,0.26212,0.9234,1.1979,1.2973
dw-cql-seed1,cql,92000,0,92000,6689716908d468b6,-3566.030273438,237311,68413,30.9152,-5.3976,36.3128,63.5583,0.57133,0.8368,1.2221,1.4606
dw-cql-seed1,cql,92000,2,92000,6689716908d468b6,-3566.030273438,168808,33814,18.6805,1.7441,16.9364,63.5583,0.26647,0.8836,1.0385,1.1753
dw-cql-seed1,cql,92000,4,92000,6689716908d468b6,-3566.030273438,35214,133999,9.5813,2.5569,7.0244,63.5583,0.11052,0.8649,0.9637,1.1142
dw-cql-seed1,cql,92000,5,92000,6689716908d468b6,-3566.030273438,40938,30344,11.5683,-0.7489,12.3172,63.5583,0.19379,0.8976,1.0825,1.206
dw-cql-seed1,cql,92000,6,92000,6689716908d468b6,-3566.030273438,51996,11915,14.6639,-0.1461,14.81,63.5583,0.23301,0.9259,1.1401,1.2313
dw-cql-seed1,cql,92000,7,92000,6689716908d468b6,-3566.030273438,64933,19513,15.1094,2.9178,12.1916,63.5583,0.19182,0.8956,1.095,1.2227
dw-cql-seed1,cql,92000,11,92000,6689716908d468b6,-3566.030273438,76763,39227,9.8053,3.5857,6.2196,63.5583,0.09786,0.9467,1.0396,1.0981
dw-cql-seed1,cql,92000,12,92000,6689716908d468b6,-3566.030273438,33583,82841,8.6422,3.8795,4.7627,63.5583,0.07493,0.9265,1.0041,1.0837
dw-cql-seed1,cql,92000,13,92000,6689716908d468b6,-3566.030273438,29838,52509,11.6239,1.4324,10.1915,63.5583,0.16035,0.8784,1.0298,1.1724
dw-cql-seed1,cql,92000,14,92000,6689716908d468b6,-3566.030273438,36307,14110,17.2226,0.1287,17.0939,63.5583,0.26895,0.9205,1.1875,1.2901
dw-cql-seed1,cql,93000,0,93000,b89c1969502f1307,-3604.587890625,237311,68413,30.2596,-7.2097,37.4693,64.6771,0.57933,0.8356,1.2245,1.4654
dw-cql-seed1,cql,93000,2,93000,b89c1969502f1307,-3604.587890625,168808,33814,17.577,0.5163,17.0607,64.6771,0.26378,0.8831,1.0402,1.178
dw-cql-seed1,cql,93000,4,93000,b89c1969502f1307,-3604.587890625,35214,133999,8.7033,2.2097,6.4936,64.6771,0.1004,0.8642,0.9628,1.114
dw-cql-seed1,cql,93000,5,93000,b89c1969502f1307,-3604.587890625,40938,30344,10.9694,-0.891,11.8605,64.6771,0.18338,0.8974,1.0839,1.2078
dw-cql-seed1,cql,93000,6,93000,b89c1969502f1307,-3604.587890625,51996,11915,14.5476,0.5632,13.9844,64.6771,0.21622,0.9267,1.1389,1.229
dw-cql-seed1,cql,93000,7,93000,b89c1969502f1307,-3604.587890625,64933,19513,14.5725,2.8028,11.7698,64.6771,0.18198,0.8949,1.0952,1.2238
dw-cql-seed1,cql,93000,11,93000,b89c1969502f1307,-3604.587890625,76763,39227,9.057,2.8471,6.2099,64.6771,0.09601,0.9448,1.0376,1.0982
dw-cql-seed1,cql,93000,12,93000,b89c1969502f1307,-3604.587890625,33583,82841,9.0917,3.6667,5.425,64.6771,0.08388,0.9258,1.0035,1.0839
dw-cql-seed1,cql,93000,13,93000,b89c1969502f1307,-3604.587890625,29838,52509,11.8677,1.5683,10.2994,64.6771,0.15924,0.8765,1.0301,1.1752
dw-cql-seed1,cql,93000,14,93000,b89c1969502f1307,-3604.587890625,36307,14110,17.124,0.6399,16.484,64.6771,0.25487,0.9205,1.1933,1.2964
dw-cql-seed1,cql,94000,0,94000,d08db27f650710b2,-3644.518798828,237311,68413,30.0579,-6.0336,36.0915,63.7862,0.56582,0.8355,1.2201,1.4603
dw-cql-seed1,cql,94000,2,94000,d08db27f650710b2,-3644.518798828,168808,33814,18.4437,1.3625,17.0812,63.7862,0.26779,0.883,1.0373,1.1748
dw-cql-seed1,cql,94000,4,94000,d08db27f650710b2,-3644.518798828,35214,133999,8.8653,1.9874,6.8779,63.7862,0.10783,0.8667,0.9636,1.1118
dw-cql-seed1,cql,94000,5,94000,d08db27f650710b2,-3644.518798828,40938,30344,11.5743,-1.2674,12.8417,63.7862,0.20132,0.8997,1.0884,1.2098
dw-cql-seed1,cql,94000,6,94000,d08db27f650710b2,-3644.518798828,51996,11915,15.1954,-0.2995,15.4949,63.7862,0.24292,0.9273,1.1456,1.2354
dw-cql-seed1,cql,94000,7,94000,d08db27f650710b2,-3644.518798828,64933,19513,14.7675,2.5148,12.2526,63.7862,0.19209,0.895,1.0966,1.2252
dw-cql-seed1,cql,94000,11,94000,d08db27f650710b2,-3644.518798828,76763,39227,9.7368,3.106,6.6308,63.7862,0.10395,0.9455,1.0377,1.0975
dw-cql-seed1,cql,94000,12,94000,d08db27f650710b2,-3644.518798828,33583,82841,8.7565,3.5248,5.2317,63.7862,0.08202,0.927,1.0041,1.0832
dw-cql-seed1,cql,94000,13,94000,d08db27f650710b2,-3644.518798828,29838,52509,11.3036,0.8794,10.4242,63.7862,0.16342,0.8806,1.0332,1.1733
dw-cql-seed1,cql,94000,14,94000,d08db27f650710b2,-3644.518798828,36307,14110,17.7686,0.1364,17.6322,63.7862,0.27643,0.9241,1.2011,1.2998
dw-cql-seed1,cql,95000,0,95000,f0f66436c15c7c0c,-3688.237304688,237311,68413,29.8545,-5.8315,35.6859,62.1661,0.57404,0.8366,1.2226,1.4615
dw-cql-seed1,cql,95000,2,95000,f0f66436c15c7c0c,-3688.237304688,168808,33814,18.257,1.9041,16.3529,62.1661,0.26305,0.8837,1.0396,1.1764
dw-cql-seed1,cql,95000,4,95000,f0f66436c15c7c0c,-3688.237304688,35214,133999,8.5441,2.1932,6.3508,62.1661,0.10216,0.8647,0.9626,1.1132
dw-cql-seed1,cql,95000,5,95000,f0f66436c15c7c0c,-3688.237304688,40938,30344,11.4162,-0.5795,11.9957,62.1661,0.19296,0.8981,1.0831,1.206
dw-cql-seed1,cql,95000,6,95000,f0f66436c15c7c0c,-3688.237304688,51996,11915,14.8086,-0.1724,14.9811,62.1661,0.24099,0.9252,1.135,1.2267
dw-cql-seed1,cql,95000,7,95000,f0f66436c15c7c0c,-3688.237304688,64933,19513,14.7511,2.5361,12.215,62.1661,0.19649,0.895,1.0929,1.2212
dw-cql-seed1,cql,95000,11,95000,f0f66436c15c7c0c,-3688.237304688,76763,39227,9.4678,3.1534,6.3143,62.1661,0.10157,0.9453,1.0369,1.097
dw-cql-seed1,cql,95000,12,95000,f0f66436c15c7c0c,-3688.237304688,33583,82841,9.6215,4.1255,5.496,62.1661,0.08841,0.9252,1.003,1.0841
dw-cql-seed1,cql,95000,13,95000,f0f66436c15c7c0c,-3688.237304688,29838,52509,12.4475,1.9911,10.4563,62.1661,0.1682,0.8789,1.0297,1.1716
dw-cql-seed1,cql,95000,14,95000,f0f66436c15c7c0c,-3688.237304688,36307,14110,17.5312,0.3663,17.1648,62.1661,0.27611,0.922,1.1878,1.2883
dw-cql-seed1,cql,96000,0,96000,610b7913f753d9ba,-3738.217529297,237311,68413,30.0377,-6.9096,36.9473,63.9956,0.57734,0.8361,1.2197,1.4588
dw-cql-seed1,cql,96000,2,96000,610b7913f753d9ba,-3738.217529297,168808,33814,18.0014,1.4152,16.5861,63.9956,0.25918,0.8839,1.0411,1.1779
dw-cql-seed1,cql,96000,4,96000,610b7913f753d9ba,-3738.217529297,35214,133999,8.7094,2.0675,6.6418,63.9956,0.10379,0.8643,0.9619,1.1129
dw-cql-seed1,cql,96000,5,96000,610b7913f753d9ba,-3738.217529297,40938,30344,10.7577,-0.9564,11.7141,63.9956,0.18305,0.8977,1.0836,1.2071
dw-cql-seed1,cql,96000,6,96000,610b7913f753d9ba,-3738.217529297,51996,11915,13.1825,-0.654,13.8365,63.9956,0.21621,0.9257,1.1378,1.2292
dw-cql-seed1,cql,96000,7,96000,610b7913f753d9ba,-3738.217529297,64933,19513,14.2547,2.9962,11.2585,63.9956,0.17593,0.8936,1.0918,1.2218
dw-cql-seed1,cql,96000,11,96000,610b7913f753d9ba,-3738.217529297,76763,39227,9.5188,3.3078,6.211,63.9956,0.09705,0.9444,1.0368,1.0978
dw-cql-seed1,cql,96000,12,96000,610b7913f753d9ba,-3738.217529297,33583,82841,8.8279,3.6394,5.1884,63.9956,0.08107,0.9259,1.0029,1.0831
dw-cql-seed1,cql,96000,13,96000,610b7913f753d9ba,-3738.217529297,29838,52509,12.2727,1.6787,10.594,63.9956,0.16554,0.8774,1.0291,1.1729
dw-cql-seed1,cql,96000,14,96000,610b7913f753d9ba,-3738.217529297,36307,14110,16.4987,-0.0003,16.499,63.9956,0.25782,0.9217,1.1953,1.2969
dw-cql-seed1,cql,97000,0,97000,5028d8087b9b2326,-3781.041748047,237311,68413,29.8482,-6.934,36.7822,63.5563,0.57873,0.8369,1.2233,1.4618
dw-cql-seed1,cql,97000,2,97000,5028d8087b9b2326,-3781.041748047,168808,33814,17.7029,1.4363,16.2666,63.5563,0.25594,0.8824,1.0407,1.1794
dw-cql-seed1,cql,97000,4,97000,5028d8087b9b2326,-3781.041748047,35214,133999,8.5109,1.6345,6.8763,63.5563,0.10819,0.8686,0.9637,1.1095
dw-cql-seed1,cql,97000,5,97000,5028d8087b9b2326,-3781.041748047,40938,30344,10.9001,-1.2663,12.1665,63.5563,0.19143,0.8997,1.084,1.2048
dw-cql-seed1,cql,97000,6,97000,5028d8087b9b2326,-3781.041748047,51996,11915,13.6676,-0.9876,14.6552,63.5563,0.23059,0.9269,1.1375,1.2273
dw-cql-seed1,cql,97000,7,97000,5028d8087b9b2326,-3781.041748047,64933,19513,13.9292,2.3807,11.5485,63.5563,0.18171,0.8953,1.0937,1.2216
dw-cql-seed1,cql,97000,11,97000,5028d8087b9b2326,-3781.041748047,76763,39227,8.2331,2.1048,6.1282,63.5563,0.09642,0.9454,1.0375,1.0974
dw-cql-seed1,cql,97000,12,97000,5028d8087b9b2326,-3781.041748047,33583,82841,8.1868,3.2754,4.9113,63.5563,0.07728,0.9269,1.0033,1.0824
dw-cql-seed1,cql,97000,13,97000,5028d8087b9b2326,-3781.041748047,29838,52509,11.5518,1.3216,10.2302,63.5563,0.16096,0.8798,1.0315,1.1725
dw-cql-seed1,cql,97000,14,97000,5028d8087b9b2326,-3781.041748047,36307,14110,17.078,-0.2959,17.3739,63.5563,0.27336,0.9224,1.1919,1.2922
dw-cql-seed1,cql,98000,0,98000,285d18d8944d7867,-3830.932861328,237311,68413,30.1012,-5.5086,35.6098,62.3825,0.57083,0.8364,1.2163,1.4543
dw-cql-seed1,cql,98000,2,98000,285d18d8944d7867,-3830.932861328,168808,33814,17.7786,1.5615,16.2171,62.3825,0.25996,0.8836,1.0397,1.1767
dw-cql-seed1,cql,98000,4,98000,285d18d8944d7867,-3830.932861328,35214,133999,8.2672,2.0077,6.2596,62.3825,0.10034,0.8683,0.962,1.108
dw-cql-seed1,cql,98000,5,98000,285d18d8944d7867,-3830.932861328,40938,30344,11.1326,-0.7749,11.9075,62.3825,0.19088,0.8996,1.0809,1.2016
dw-cql-seed1,cql,98000,6,98000,285d18d8944d7867,-3830.932861328,51996,11915,13.4739,-0.4884,13.9623,62.3825,0.22382,0.926,1.1377,1.2286
dw-cql-seed1,cql,98000,7,98000,285d18d8944d7867,-3830.932861328,64933,19513,13.545,2.2831,11.2619,62.3825,0.18053,0.8958,1.0928,1.2199
dw-cql-seed1,cql,98000,11,98000,285d18d8944d7867,-3830.932861328,76763,39227,8.6352,2.3467,6.2885,62.3825,0.10081,0.9455,1.0382,1.0981
dw-cql-seed1,cql,98000,12,98000,285d18d8944d7867,-3830.932861328,33583,82841,8.4557,3.4924,4.9632,62.3825,0.07956,0.9265,1.0036,1.0832
dw-cql-seed1,cql,98000,13,98000,285d18d8944d7867,-3830.932861328,29838,52509,11.4354,1.2877,10.1477,62.3825,0.16267,0.8806,1.0294,1.169
dw-cql-seed1,cql,98000,14,98000,285d18d8944d7867,-3830.932861328,36307,14110,16.3875,-0.1132,16.5007,62.3825,0.26451,0.9217,1.1897,1.2908
dw-cql-seed1,cql,99000,0,99000,c4d6a0457323e54f,-3869.697753906,237311,68413,29.7143,-6.3456,36.0599,63.7329,0.5658,0.8353,1.2156,1.4552
dw-cql-seed1,cql,99000,2,99000,c4d6a0457323e54f,-3869.697753906,168808,33814,17.0961,0.7491,16.347,63.7329,0.25649,0.8836,1.0365,1.173
dw-cql-seed1,cql,99000,4,99000,c4d6a0457323e54f,-3869.697753906,35214,133999,6.3523,2.2786,4.0737,63.7329,0.06392,0.8683,0.9614,1.1072
dw-cql-seed1,cql,99000,5,99000,c4d6a0457323e54f,-3869.697753906,40938,30344,9.3581,-1.0197,10.3778,63.7329,0.16283,0.8987,1.0838,1.2059
dw-cql-seed1,cql,99000,6,99000,c4d6a0457323e54f,-3869.697753906,51996,11915,13.5453,-0.8996,14.445,63.7329,0.22665,0.9262,1.1379,1.2286
dw-cql-seed1,cql,99000,7,99000,c4d6a0457323e54f,-3869.697753906,64933,19513,13.6693,2.0043,11.665,63.7329,0.18303,0.8957,1.0942,1.2216
dw-cql-seed1,cql,99000,11,99000,c4d6a0457323e54f,-3869.697753906,76763,39227,8.4788,2.5752,5.9036,63.7329,0.09263,0.9445,1.036,1.0968
dw-cql-seed1,cql,99000,12,99000,c4d6a0457323e54f,-3869.697753906,33583,82841,7.5384,3.5385,3.9999,63.7329,0.06276,0.9271,1.003,1.0819
dw-cql-seed1,cql,99000,13,99000,c4d6a0457323e54f,-3869.697753906,29838,52509,10.4032,1.5043,8.8989,63.7329,0.13963,0.8794,1.0286,1.1696
dw-cql-seed1,cql,99000,14,99000,c4d6a0457323e54f,-3869.697753906,36307,14110,16.5172,0.0168,16.5005,63.7329,0.2589,0.9208,1.1925,1.295
dw-cql-seed1,cql,100000,0,100000,c25787b2706a216c,-3905.624511719,237311,68413,28.9314,-6.9377,35.8691,62.2186,0.5765,0.8356,1.2175,1.457
dw-cql-seed1,cql,100000,2,100000,c25787b2706a216c,-3905.624511719,168808,33814,17.1019,1.1697,15.9322,62.2186,0.25607,0.8826,1.0388,1.1769
dw-cql-seed1,cql,100000,4,100000,c25787b2706a216c,-3905.624511719,35214,133999,7.0305,1.9276,5.103,62.2186,0.08202,0.868,0.9616,1.1078
dw-cql-seed1,cql,100000,5,100000,c25787b2706a216c,-3905.624511719,40938,30344,9.7525,-1.289,11.0415,62.2186,0.17746,0.8987,1.0797,1.2014
dw-cql-seed1,cql,100000,6,100000,c25787b2706a216c,-3905.624511719,51996,11915,13.7539,-0.8625,14.6165,62.2186,0.23492,0.9267,1.139,1.229
dw-cql-seed1,cql,100000,7,100000,c25787b2706a216c,-3905.624511719,64933,19513,13.7942,2.3921,11.4021,62.2186,0.18326,0.8953,1.0933,1.2212
dw-cql-seed1,cql,100000,11,100000,c25787b2706a216c,-3905.624511719,76763,39227,8.7908,2.6556,6.1352,62.2186,0.09861,0.9461,1.0386,1.0978
dw-cql-seed1,cql,100000,12,100000,c25787b2706a216c,-3905.624511719,33583,82841,8.5531,3.7194,4.8337,62.2186,0.07769,0.927,1.0037,1.0828
dw-cql-seed1,cql,100000,13,100000,c25787b2706a216c,-3905.624511719,29838,52509,11.2119,1.3096,9.9024,62.2186,0.15915,0.8799,1.0278,1.1681
dw-cql-seed1,cql,100000,14,100000,c25787b2706a216c,-3905.624511719,36307,14110,16.5313,-0.394,16.9253,62.2186,0.27203,0.9213,1.188,1.2896
