run,algo,step,bin,checkpoint_global_step,critic_checksum,first_layer_sum,n_surv,n_fail,Q_surv,Q_fail,Delta,span,Delta_hat,d_surv,d_fail,d_ratio
20260801_074833-g1_29dof_wbt_fall_and_getup_aw_cql_manager-locomotion,cql,1000,0,1000,5e336afab0e62aaa,-6.003190994,192109,6729,-3.5581,-2.2869,-1.2712,252.9785,-0.00503,1.2586,1.6882,1.3413
20260801_074833-g1_29dof_wbt_fall_and_getup_aw_cql_manager-locomotion,cql,1000,1,1000,5e336afab0e62aaa,-6.003190994,94738,12464,-3.0729,-3.5926,0.5197,252.9785,0.00205,1.2182,1.5304,1.2563
20260801_074833-g1_29dof_wbt_fall_and_getup_aw_cql_manager-locomotion,cql,1000,2,1000,5e336afab0e62aaa,-6.003190994,16213,105373,-36.7255,-5.2018,-31.5236,252.9785,-0.12461,1.533,1.3752,0.8971
20260801_074833-g1_29dof_wbt_fall_and_getup_aw_cql_manager-locomotion,cql,1000,3,1000,5e336afab0e62aaa,-6.003190994,18957,19294,-204.1687,-10.2816,-193.8871,252.9785,-0.76642,2.7595,1.8143,0.6575
20260801_074833-g1_29dof_wbt_fall_and_getup_aw_cql_manager-locomotion,cql,1000,4,1000,5e336afab0e62aaa,-6.003190994,21006,10750,-188.1819,-56.8165,-131.3654,252.9785,-0.51927,2.8696,2.1734,0.7574
20260801_074833-g1_29dof_wbt_fall_and_getup_aw_cql_manager-locomotion,cql,1000,5,1000,5e336afab0e62aaa,-6.003190994,29649,5332,-129.3852,-88.3777,-41.0075,252.9785,-0.1621,2.1586,2.5052,1.1606
20260801_074833-g1_29dof_wbt_fall_and_getup_aw_cql_manager-locomotion,cql,1000,8,1000,5e336afab0e62aaa,-6.003190994,74157,3344,-21.8087,-28.3557,6.547,252.9785,0.02588,1.2173,1.4733,1.2103
20260801_074833-g1_29dof_wbt_fall_and_getup_aw_cql_manager-locomotion,cql,1000,12,1000,5e336afab0e62aaa,-6.003190994,134624,2881,24.3842,10.2569,14.1273,252.9785,0.05584,1.1253,1.3766,1.2234
20260801_074833-g1_29dof_wbt_fall_and_getup_aw_cql_manager-locomotion,cql,1000,16,1000,5e336afab0e62aaa,-6.003190994,198771,3756,39.4419,22.242,17.1999,252.9785,0.06799,1.0836,1.314,1.2127
20260801_074833-g1_29dof_wbt_fall_and_getup_aw_cql_manager-locomotion,cql,2000,0,2000,bf2de11b514d2302,66.742797852,192109,6729,42.8989,19.5879,23.311,96.6047,0.2413,1.1364,1.9993,1.7593
20260801_074833-g1_29dof_wbt_fall_and_getup_aw_cql_manager-locomotion,cql,2000,1,2000,bf2de11b514d2302,66.742797852,94738,12464,11.5113,8.6589,2.8525,96.6047,0.02953,1.1168,1.3841,1.2394
20260801_074833-g1_29dof_wbt_fall_and_getup_aw_cql_manager-locomotion,cql,2000,2,2000,bf2de11b514d2302,66.742797852,16213,105373,-4.7327,1.902,-6.6347,96.6047,-0.06868,1.3535,1.2423,0.9178
20260801_074833-g1_29dof_wbt_fall_and_getup_aw_cql_manager-locomotion,cql,2000,3,2000,bf2de11b514d2302,66.742797852,18957,19294,-17.7274,-3.7521,-13.9753,96.6047,-0.14466,1.5396,1.6467,1.0695
20260801_074833-g1_29dof_wbt_fall_and_getup_aw_cql_manager-locomotion,cql,2000,4,2000,bf2de11b514d2302,66.742797852,21006,10750,1.7592,-4.7456,6.5048,96.6047,0.06733,1.6738,1.7973,1.0738
20260801_074833-g1_29dof_wbt_fall_and_getup_aw_cql_manager-locomotion,cql,2000,5,2000,bf2de11b514d2302,66.742797852,29649,5332,36.6835,8.5966,28.0869,96.6047,0.29074,1.5659,1.9311,1.2332
20260801_074833-g1_29dof_wbt_fall_and_getup_aw_cql_manager-locomotion,cql,2000,8,2000,bf2de11b514d2302,66.742797852,74157,3344,75.2579,42.7483,32.5096,96.6047,0.33652,1.1126,1.4318,1.2869
20260801_074833-g1_29dof_wbt_fall_and_getup_aw_cql_manager-locomotion,cql,2000,12,2000,bf2de11b514d2302,66.742797852,134624,2881,81.759,44.0797,37.6793,96.6047,0.39004,1.0055,1.3527,1.3452
20260801_074833-g1_29dof_wbt_fall_and_getup_aw_cql_manager-locomotion,cql,2000,16,2000,bf2de11b514d2302,66.742797852,198771,3756,40.4514,22.3637,18.0877,96.6047,0.18723,0.9692,1.3051,1.3467
20260801_074833-g1_29dof_wbt_fall_and_getup_aw_cql_manager-locomotion,cql,3000,0,3000,ff4637674d51e40e,83.737724304,192109,6729,58.6216,35.9047,22.7169,82.3097,0.27599,1.1298,2.0697,1.832
20260801_074833-g1_29dof_wbt_fall_and_getup_aw_cql_manager-locomotion,cql,3000,1,3000,ff4637674d51e40e,83.737724304,94738,12464,45.0135,39.8543,5.1592,82.3097,0.06268,1.1032,1.4076,1.2759
20260801_074833-g1_29dof_wbt_fall_and_getup_aw_cql_manager-locomotion,cql,3000,2,3000,ff4637674d51e40e,83.737724304,16213,105373,38.4439,24.5966,13.8472,82.3097,0.16823,1.2154,1.2673,1.0427
20260801_074833-g1_29dof_wbt_fall_and_getup_aw_cql_manager-locomotion,cql,3000,3,3000,ff4637674d51e40e,83.737724304,18957,19294,37.1378,1.827,35.3108,82.3097,0.429,1.4125,1.6155,1.1437
20260801_074833-g1_29dof_wbt_fall_and_getup_aw_cql_manager-locomotion,cql,3000,4,3000,ff4637674d51e40e,83.737724304,21006,10750,43.0818,15.2818,27.8,82.3097,0.33775,1.5234,1.8448,1.211
20260801_074833-g1_29dof_wbt_fall_and_getup_aw_cql_manager-locomotion,cql,3000,5,3000,ff4637674d51e40e,83.737724304,29649,5332,50.4665,19.8636,30.6029,82.3097,0.3718,1.4531,1.785,1.2284
20260801_074833-g1_29dof_wbt_fall_and_getup_aw_cql_manager-locomotion,cql,3000,8,3000,ff4637674d51e40e,83.737724304,74157,3344,70.3803,29.8647,40.5155,82.3097,0.49223,1.0067,1.3264,1.3175
20260801_074833-g1_29dof_wbt_fall_and_getup_aw_cql_manager-locomotion,cql,3000,12,3000,ff4637674d51e40e,83.737724304,134624,2881,71.1774,35.2138,35.9636,82.3097,0.43693,0.9306,1.2839,1.3797
20260801_074833-g1_29dof_wbt_fall_and_getup_aw_cql_manager-locomotion,cql,3000,16,3000,ff4637674d51e40e,83.737724304,198771,3756,47.3847,19.7746,27.6101,82.3097,0.33544,0.8923,1.2305,1.379
20260801_074833-g1_29dof_wbt_fall_and_getup_aw_cql_manager-locomotion,cql,4000,0,4000,b562c0f2fd596ed7,52.620117188,192109,6729,73.9875,43.8102,30.1773,92.4903,0.32628,1.0162,2.0205,1.9882
20260801_074833-g1_29dof_wbt_fall_and_getup_aw_cql_manager-locomotion,cql,4000,1,4000,b562c0f2fd596ed7,52.620117188,94738,12464,45.8049,37.8251,7.9798,92.4903,0.08628,1.0034,1.3123,1.3079
20260801_074833-g1_29dof_wbt_fall_and_getup_aw_cql_manager-locomotion,cql,4000,2,4000,b562c0f2fd596ed7,52.620117188,16213,105373,29.6293,12.6713,16.9579,92.4903,0.18335,1.1342,1.1707,1.0322
20260801_074833-g1_29dof_wbt_fall_and_getup_aw_cql_manager-locomotion,cql,4000,3,4000,b562c0f2fd596ed7,52.620117188,18957,19294,24.8192,-0.2791,25.0983,92.4903,0.27136,1.3411,1.51,1.1259
20260801_074833-g1_29dof_wbt_fall_and_getup_aw_cql_manager-locomotion,cql,4000,4,4000,b562c0f2fd596ed7,52.620117188,21006,10750,19.2289,0.9307,18.2983,92.4903,0.19784,1.3947,1.718,1.2318
20260801_074833-g1_29dof_wbt_fall_and_getup_aw_cql_manager-locomotion,cql,4000,5,4000,b562c0f2fd596ed7,52.620117188,29649,5332,26.6673,6.1511,20.5162,92.4903,0.22182,1.2995,1.6544,1.2731
20260801_074833-g1_29dof_wbt_fall_and_getup_aw_cql_manager-locomotion,cql,4000,8,4000,b562c0f2fd596ed7,52.620117188,74157,3344,54.5748,15.2315,39.3434,92.4903,0.42538,0.9362,1.2457,1.3306
20260801_074833-g1_29dof_wbt_fall_and_getup_aw_cql_manager-locomotion,cql,4000,12,4000,b562c0f2fd596ed7,52.620117188,134624,2881,59.1783,17.8917,41.2865,92.4903,0.44639,0.8879,1.2347,1.3905
20260801_074833-g1_29dof_wbt_fall_and_getup_aw_cql_manager-locomotion,cql,4000,16,4000,b562c0f2fd596ed7,52.620117188,198771,3756,37.3376,9.5793,27.7583,92.4903,0.30012,0.853,1.1816,1.3852
20260801_074833-g1_29dof_wbt_fall_and_getup_aw_cql_manager-locomotion,cql,5000,0,5000,2b69a3d3a129ad21,14.192925453,192109,6729,42.0037,25.637,16.3667,70.0045,0.2338,0.9834,1.9202,1.9526
20260801_074833-g1_29dof_wbt_fall_and_getup_aw_cql_manager-locomotion,cql,5000,1,5000,2b69a3d3a129ad21,14.192925453,94738,12464,17.6547,12.1367,5.5181,70.0045,0.07882,0.9705,1.2716,1.3103
20260801_074833-g1_29dof_wbt_fall_and_getup_aw_cql_manager-locomotion,cql,5000,2,5000,2b69a3d3a129ad21,14.192925453,16213,105373,8.8349,2.4287,6.4062,70.0045,0.09151,1.0652,1.0775,1.0116
20260801_074833-g1_29dof_wbt_fall_and_getup_aw_cql_manager-locomotion,cql,5000,3,5000,2b69a3d3a129ad21,14.192925453,18957,19294,5.474,-2.6068,8.0807,70.0045,0.11543,1.2845,1.3655,1.0631
20260801_074833-g1_29dof_wbt_fall_and_getup_aw_cql_manager-locomotion,cql,5000,4,5000,2b69a3d3a129ad21,14.192925453,21006,10750,2.3222,-5.3024,7.6246,70.0045,0.10892,1.3426,1.4916,1.111
20260801_074833-g1_29dof_wbt_fall_and_getup_aw_cql_manager-locomotion,cql,5000,5,5000,2b69a3d3a129ad21,14.192925453,29649,5332,10.0724,-5.7692,15.8416,70.0045,0.22629,1.2354,1.549,1.2538
20260801_074833-g1_29dof_wbt_fall_and_getup_aw_cql_manager-locomotion,cql,5000,8,5000,2b69a3d3a129ad21,14.192925453,74157,3344,35.5904,1.5005,34.0899,70.0045,0.48697,0.9082,1.2167,1.3397
20260801_074833-g1_29dof_wbt_fall_and_getup_aw_cql_manager-locomotion,cql,5000,12,5000,2b69a3d3a129ad21,14.192925453,134624,2881,44.7356,4.1551,40.5806,70.0045,0.57969,0.8651,1.2052,1.3932
20260801_074833-g1_29dof_wbt_fall_and_getup_aw_cql_manager-locomotion,cql,5000,16,5000,2b69a3d3a129ad21,14.192925453,198771,3756,33.7556,3.55,30.2056,70.0045,0.43148,0.8349,1.153,1.381
20260801_074833-g1_29dof_wbt_fall_and_getup_aw_cql_manager-locomotion,cql,6000,0,6000,74c55d0a34ccfea5,-15.803985596,192109,6729,51.0432,28.8965,22.1467,73.7161,0.30043,0.9829,2.0102,2.0451
20260801_074833-g1_29dof_wbt_fall_and_getup_aw_cql_manager-locomotion,cql,6000,1,6000,74c55d0a34ccfea5,-15.803985596,94738,12464,29.7126,21.8779,7.8347,73.7161,0.10628,0.9635,1.2829,1.3315
20260801_074833-g1_29dof_wbt_fall_and_getup_aw_cql_manager-locomotion,cql,6000,2,6000,74c55d0a34ccfea5,-15.803985596,16213,105373,20.3279,8.217,12.111,73.7161,0.16429,1.057,1.0743,1.0164
20260801_074833-g1_29dof_wbt_fall_and_getup_aw_cql_manager-locomotion,cql,6000,3,6000,74c55d0a34ccfea5,-15.803985596,18957,19294,13.0835,-1.7465,14.83,73.7161,0.20118,1.2401,1.3392,1.0799
20260801_074833-g1_29dof_wbt_fall_and_getup_aw_cql_manager-locomotion,cql,6000,4,6000,74c55d0a34ccfea5,-15.803985596,21006,10750,8.0485,-2.8368,10.8853,73.7161,0.14766,1.2987,1.4623,1.1259
20260801_074833-g1_29dof_wbt_fall_and_getup_aw_cql_manager-locomotion,cql,6000,5,6000,74c55d0a34ccfea5,-15.803985596,29649,5332,14.7071,-2.4473,17.1544,73.7161,0.23271,1.2006,1.4902,1.2413
20260801_074833-g1_29dof_wbt_fall_and_getup_aw_cql_manager-locomotion,cql,6000,8,6000,74c55d0a34ccfea5,-15.803985596,74157,3344,42.3437,6.5153,35.8284,73.7161,0.48603,0.8906,1.1941,1.3407
20260801_074833-g1_29dof_wbt_fall_and_getup_aw_cql_manager-locomotion,cql,6000,12,6000,74c55d0a34ccfea5,-15.803985596,134624,2881,49.1665,7.2612,41.9052,73.7161,0.56847,0.8545,1.1976,1.4016
20260801_074833-g1_29dof_wbt_fall_and_getup_aw_cql_manager-locomotion,cql,6000,16,6000,74c55d0a34ccfea5,-15.803985596,198771,3756,34.639,3.8725,30.7664,73.7161,0.41736,0.8223,1.1484,1.3965
20260801_074833-g1_29dof_wbt_fall_and_getup_aw_cql_manager-locomotion,cql,7000,0,7000,70463f7ca54e1f62,-43.010406494,192109,6729,53.8739,31.6028,22.2711,76.4398,0.29136,0.9839,2.0838,2.1179
20260801_074833-g1_29dof_wbt_fall_and_getup_aw_cql_manager-locomotion,cql,7000,1,7000,70463f7ca54e1f62,-43.010406494,94738,12464,31.5084,23.5638,7.9446,76.4398,0.10393,0.9744,1.3026,1.3369
20260801_074833-g1_29dof_wbt_fall_and_getup_aw_cql_manager-locomotion,cql,7000,2,7000,70463f7ca54e1f62,-43.010406494,16213,105373,25.8106,11.0527,14.7579,76.4398,0.19307,1.0643,1.099,1.0326
20260801_074833-g1_29dof_wbt_fall_and_getup_aw_cql_manager-locomotion,cql,7000,3,7000,70463f7ca54e1f62,-43.010406494,18957,19294,19.8419,-2.0897,21.9316,76.4398,0.28691,1.2176,1.3279,1.0906
20260801_074833-g1_29dof_wbt_fall_and_getup_aw_cql_manager-locomotion,cql,7000,4,7000,70463f7ca54e1f62,-43.010406494,21006,10750,13.3587,-1.4893,14.848,76.4398,0.19424,1.2876,1.4223,1.1046
20260801_074833-g1_29dof_wbt_fall_and_getup_aw_cql_manager-locomotion,cql,7000,5,7000,70463f7ca54e1f62,-43.010406494,29649,5332,17.4635,-1.4667,18.9302,76.4398,0.24765,1.1892,1.4692,1.2354
20260801_074833-g1_29dof_wbt_fall_and_getup_aw_cql_manager-locomotion,cql,7000,8,7000,70463f7ca54e1f62,-43.010406494,74157,3344,40.7331,6.9504,33.7827,76.4398,0.44195,0.8924,1.196,1.3403
20260801_074833-g1_29dof_wbt_fall_and_getup_aw_cql_manager-locomotion,cql,7000,12,7000,70463f7ca54e1f62,-43.010406494,134624,2881,49.4513,7.5445,41.9067,76.4398,0.54823,0.8532,1.206,1.4136
20260801_074833-g1_29dof_wbt_fall_and_getup_aw_cql_manager-locomotion,cql,7000,16,7000,70463f7ca54e1f62,-43.010406494,198771,3756,35.4063,3.5789,31.8274,76.4398,0.41637,0.8216,1.1527,1.4031
20260801_074833-g1_29dof_wbt_fall_and_getup_aw_cql_manager-locomotion,cql,8000,0,8000,945d9e8363266a96,-75.350540161,192109,6729,59.053,38.4084,20.6447,78.1447,0.26418,0.9669,2.0229,2.0921
20260801_074833-g1_29dof_wbt_fall_and_getup_aw_cql_manager-locomotion,cql,8000,1,8000,945d9e8363266a96,-75.350540161,94738,12464,38.1636,29.0355,9.1281,78.1447,0.11681,0.9516,1.2883,1.3538
20260801_074833-g1_29dof_wbt_fall_and_getup_aw_cql_manager-locomotion,cql,8000,2,8000,945d9e8363266a96,-75.350540161,16213,105373,29.3845,12.3635,17.021,78.1447,0.21781,1.0392,1.0844,1.0435
20260801_074833-g1_29dof_wbt_fall_and_getup_aw_cql_manager-locomotion,cql,8000,3,8000,945d9e8363266a96,-75.350540161,18957,19294,23.3529,-0.9434,24.2963,78.1447,0.31091,1.2174,1.3213,1.0853
20260801_074833-g1_29dof_wbt_fall_and_getup_aw_cql_manager-locomotion,cql,8000,4,8000,945d9e8363266a96,-75.350540161,21006,10750,19.7199,-0.1828,19.9027,78.1447,0.25469,1.2614,1.4245,1.1293
20260801_074833-g1_29dof_wbt_fall_and_getup_aw_cql_manager-locomotion,cql,8000,5,8000,945d9e8363266a96,-75.350540161,29649,5332,23.2833,2.2372,21.0461,78.1447,0.26932,1.1759,1.4574,1.2394
20260801_074833-g1_29dof_wbt_fall_and_getup_aw_cql_manager-locomotion,cql,8000,8,8000,945d9e8363266a96,-75.350540161,74157,3344,42.1061,9.1176,32.9885,78.1447,0.42215,0.8861,1.1984,1.3525
20260801_074833-g1_29dof_wbt_fall_and_getup_aw_cql_manager-locomotion,cql,8000,12,8000,945d9e8363266a96,-75.350540161,134624,2881,48.1525,8.263,39.8896,78.1447,0.51046,0.8496,1.2087,1.4227
20260801_074833-g1_29dof_wbt_fall_and_getup_aw_cql_manager-locomotion,cql,8000,16,8000,945d9e8363266a96,-75.350540161,198771,3756,33.8625,3.6919,30.1705,78.1447,0.38609,0.8206,1.15,1.4014
20260801_074833-g1_29dof_wbt_fall_and_getup_aw_cql_manager-locomotion,cql,9000,0,9000,bad76854c574752d,-108.837203979,192109,6729,58.2195,37.251,20.9685,77.013,0.27227,0.9651,2.013,2.0859
20260801_074833-g1_29dof_wbt_fall_and_getup_aw_cql_manager-locomotion,cql,9000,1,9000,bad76854c574752d,-108.837203979,94738,12464,39.4252,30.1847,9.2405,77.013,0.11999,0.9513,1.2705,1.3355
20260801_074833-g1_29dof_wbt_fall_and_getup_aw_cql_manager-locomotion,cql,9000,2,9000,bad76854c574752d,-108.837203979,16213,105373,31.3374,12.8163,18.5211,77.013,0.24049,1.0297,1.0661,1.0354
20260801_074833-g1_29dof_wbt_fall_and_getup_aw_cql_manager-locomotion,cql,9000,3,9000,bad76854c574752d,-108.837203979,18957,19294,22.9772,-1.067,24.0442,77.013,0.31221,1.1923,1.3163,1.1041
20260801_074833-g1_29dof_wbt_fall_and_getup_aw_cql_manager-locomotion,cql,9000,4,9000,bad76854c574752d,-108.837203979,21006,10750,14.5543,-2.0149,16.5693,77.013,0.21515,1.2567,1.4058,1.1187
20260801_074833-g1_29dof_wbt_fall_and_getup_aw_cql_manager-locomotion,cql,9000,5,9000,bad76854c574752d,-108.837203979,29649,5332,17.872,-1.3169,19.1889,77.013,0.24916,1.1745,1.4476,1.2326
20260801_074833-g1_29dof_wbt_fall_and_getup_aw_cql_manager-locomotion,cql,9000,8,9000,bad76854c574752d,-108.837203979,74157,3344,42.1988,9.6659,32.5329,77.013,0.42243,0.8843,1.205,1.3627
20260801_074833-g1_29dof_wbt_fall_and_getup_aw_cql_manager-locomotion,cql,9000,12,9000,bad76854c574752d,-108.837203979,134624,2881,47.1025,8.6642,38.4383,77.013,0.49911,0.8451,1.2042,1.4249
20260801_074833-g1_29dof_wbt_fall_and_getup_aw_cql_manager-locomotion,cql,9000,16,9000,bad76854c574752d,-108.837203979,198771,3756,33.2705,4.7271,28.5434,77.013,0.37063,0.817,1.1453,1.4018
20260801_074833-g1_29dof_wbt_fall_and_getup_aw_cql_manager-locomotion,cql,10000,0,10000,67023fddbd9ff77f,-138.377182007,192109,6729,58.8666,40.2389,18.6276,77.0602,0.24173,0.964,2.002,2.0768
20260801_074833-g1_29dof_wbt_fall_and_getup_aw_cql_manager-locomotion,cql,10000,1,10000,67023fddbd9ff77f,-138.377182007,94738,12464,39.1045,29.6538,9.4508,77.0602,0.12264,0.9498,1.2765,1.344
20260801_074833-g1_29dof_wbt_fall_and_getup_aw_cql_manager-locomotion,cql,10000,2,10000,67023fddbd9ff77f,-138.377182007,16213,105373,32.0793,13.8585,18.2207,77.0602,0.23645,1.0261,1.0741,1.0467
20260801_074833-g1_29dof_wbt_fall_and_getup_aw_cql_manager-locomotion,cql,10000,3,10000,67023fddbd9ff77f,-138.377182007,18957,19294,24.1691,-0.8417,25.0108,77.0602,0.32456,1.172,1.3172,1.1239
20260801_074833-g1_29dof_wbt_fall_and_getup_aw_cql_manager-locomotion,cql,10000,4,10000,67023fddbd9ff77f,-138.377182007,21006,10750,17.9144,-1.7804,19.6948,77.0602,0.25558,1.2268,1.3987,1.14
20260801_074833-g1_29dof_wbt_fall_and_getup_aw_cql_manager-locomotion,cql,10000,5,10000,67023fddbd9ff77f,-138.377182007,29649,5332,21.9938,2.1913,19.8024,77.0602,0.25697,1.1594,1.4289,1.2325
20260801_074833-g1_29dof_wbt_fall_and_getup_aw_cql_manager-locomotion,cql,10000,8,10000,67023fddbd9ff77f,-138.377182007,74157,3344,40.7562,9.5174,31.2388,77.0602,0.40538,0.878,1.1908,1.3563
20260801_074833-g1_29dof_wbt_fall_and_getup_aw_cql_manager-locomotion,cql,10000,12,10000,67023fddbd9ff77f,-138.377182007,134624,2881,46.5991,9.4872,37.1119,77.0602,0.4816,0.8442,1.2037,1.4259
20260801_074833-g1_29dof_wbt_fall_and_getup_aw_cql_manager-locomotion,cql,10000,16,10000,67023fddbd9ff77f,-138.377182007,198771,3756,32.4014,5.4842,26.9172,77.0602,0.3493,0.8162,1.1457,1.4037
20260801_074833-g1_29dof_wbt_fall_and_getup_aw_cql_manager-locomotion,cql,11000,0,11000,d4bc90663c551db5,-173.678237915,192109,6729,59.9642,37.6684,22.2958,78.1368,0.28534,0.9751,2.0435,2.0957
20260801_074833-g1_29dof_wbt_fall_and_getup_aw_cql_manager-locomotion,cql,11000,1,11000,d4bc90663c551db5,-173.678237915,94738,12464,39.7403,30.6564,9.0839,78.1368,0.11626,0.9625,1.2952,1.3457
20260801_074833-g1_29dof_wbt_fall_and_getup_aw_cql_manager-locomotion,cql,11000,2,11000,d4bc90663c551db5,-173.678237915,16213,105373,33.6721,13.8741,19.798,78.1368,0.25338,1.0277,1.0798,1.0508
20260801_074833-g1_29dof_wbt_fall_and_getup_aw_cql_manager-locomotion,cql,11000,3,11000,d4bc90663c551db5,-173.678237915,18957,19294,25.2609,-0.1031,25.364,78.1368,0.32461,1.1702,1.333,1.139
20260801_074833-g1_29dof_wbt_fall_and_getup_aw_cql_manager-locomotion,cql,11000,4,11000,d4bc90663c551db5,-173.678237915,21006,10750,18.6191,-0.8762,19.4954,78.1368,0.2495,1.2496,1.4106,1.1289
20260801_074833-g1_29dof_wbt_fall_and_getup_aw_cql_manager-locomotion,cql,11000,5,11000,d4bc90663c551db5,-173.678237915,29649,5332,20.7288,0.9206,19.8082,78.1368,0.25351,1.1422,1.4102,1.2347
20260801_074833-g1_29dof_wbt_fall_and_getup_aw_cql_manager-locomotion,cql,11000,8,11000,d4bc90663c551db5,-173.678237915,74157,3344,43.9312,10.7096,33.2216,78.1368,0.42517,0.8694,1.1868,1.3651
20260801_074833-g1_29dof_wbt_fall_and_getup_aw_cql_manager-locomotion,cql,11000,12,11000,d4bc90663c551db5,-173.678237915,134624,2881,45.1972,8.2826,36.9146,78.1368,0.47244,0.8395,1.2035,1.4335
20260801_074833-g1_29dof_wbt_fall_and_getup_aw_cql_manager-locomotion,cql,11000,16,11000,d4bc90663c551db5,-173.678237915,198771,3756,31.5829,4.9437,26.6391,78.1368,0.34093,0.8127,1.1438,1.4074
20260801_074833-g1_29dof_wbt_fall_and_getup_aw_cql_manager-locomotion,cql,12000,0,12000,235a1e223beff67a,-208.676422119,192109,6729,57.1908,37.1449,20.046,74.8191,0.26793,0.9637,2.0242,2.1003
20260801_074833-g1_29dof_wbt_fall_and_getup_aw_cql_manager-locomotion,cql,12000,1,12000,235a1e223beff67a,-208.676422119,94738,12464,37.2574,26.4609,10.7965,74.8191,0.1443,0.9435,1.2823,1.3591
20260801_074833-g1_29dof_wbt_fall_and_getup_aw_cql_manager-locomotion,cql,12000,2,12000,235a1e223beff67a,-208.676422119,16213,105373,28.9818,10.6184,18.3634,74.8191,0.24544,1.0266,1.0698,1.0422
20260801_074833-g1_29dof_wbt_fall_and_getup_aw_cql_manager-locomotion,cql,12000,3,12000,235a1e223beff67a,-208.676422119,18957,19294,24.9176,-0.9756,25.8932,74.8191,0.34608,1.158,1.3053,1.1271
20260801_074833-g1_29dof_wbt_fall_and_getup_aw_cql_manager-locomotion,cql,12000,4,12000,235a1e223beff67a,-208.676422119,21006,10750,17.9069,0.1518,17.7551,74.8191,0.23731,1.2025,1.3748,1.1433
20260801_074833-g1_29dof_wbt_fall_and_getup_aw_cql_manager-locomotion,cql,12000,5,12000,235a1e223beff67a,-208.676422119,29649,5332,21.473,1.2573,20.2157,74.8191,0.27019,1.1299,1.3992,1.2383
20260801_074833-g1_29dof_wbt_fall_and_getup_aw_cql_manager-locomotion,cql,12000,8,12000,235a1e223beff67a,-208.676422119,74157,3344,41.9419,9.657,32.2849,74.8191,0.43151,0.866,1.1953,1.3803
20260801_074833-g1_29dof_wbt_fall_and_getup_aw_cql_manager-locomotion,cql,12000,12,12000,235a1e223beff67a,-208.676422119,134624,2881,45.4763,9.1725,36.3037,74.8191,0.48522,0.8376,1.2142,1.4496
20260801_074833-g1_29dof_wbt_fall_and_getup_aw_cql_manager-locomotion,cql,12000,16,12000,235a1e223beff67a,-208.676422119,198771,3756,30.8128,5.1102,25.7026,74.8191,0.34353,0.8119,1.1492,1.4154
20260801_074833-g1_29dof_wbt_fall_and_getup_aw_cql_manager-locomotion,cql,13000,0,13000,d7f5925f02962d91,-245.882537842,192109,6729,55.176,38.9747,16.2013,72.1603,0.22452,0.968,1.9867,2.0524
20260801_074833-g1_29dof_wbt_fall_and_getup_aw_cql_manager-locomotion,cql,13000,1,13000,d7f5925f02962d91,-245.882537842,94738,12464,34.9281,24.8498,10.0782,72.1603,0.13966,0.9494,1.2741,1.3419
20260801_074833-g1_29dof_wbt_fall_and_getup_aw_cql_manager-locomotion,cql,13000,2,13000,d7f5925f02962d91,-245.882537842,16213,105373,28.4545,9.4876,18.9669,72.1603,0.26284,1.0234,1.0627,1.0383
20260801_074833-g1_29dof_wbt_fall_and_getup_aw_cql_manager-locomotion,cql,13000,3,13000,d7f5925f02962d91,-245.882537842,18957,19294,26.1636,0.1688,25.9949,72.1603,0.36024,1.1647,1.3111,1.1257
20260801_074833-g1_29dof_wbt_fall_and_getup_aw_cql_manager-locomotion,cql,13000,4,13000,d7f5925f02962d91,-245.882537842,21006,10750,19.0877,0.8353,18.2524,72.1603,0.25294,1.219,1.3834,1.1348
20260801_074833-g1_29dof_wbt_fall_and_getup_aw_cql_manager-locomotion,cql,13000,5,13000,d7f5925f02962d91,-245.882537842,29649,5332,24.7544,3.1819,21.5725,72.1603,0.29895,1.1338,1.4025,1.237
20260801_074833-g1_29dof_wbt_fall_and_getup_aw_cql_manager-locomotion,cql,13000,8,13000,d7f5925f02962d91,-245.882537842,74157,3344,41.9525,10.3103,31.6421,72.1603,0.4385,0.87,1.196,1.3747
20260801_074833-g1_29dof_wbt_fall_and_getup_aw_cql_manager-locomotion,cql,13000,12,13000,d7f5925f02962d91,-245.882537842,134624,2881,44.4288,7.7021,36.7266,72.1603,0.50896,0.8384,1.2172,1.4519
20260801_074833-g1_29dof_wbt_fall_and_getup_aw_cql_manager-locomotion,cql,13000,16,13000,d7f5925f02962d91,-245.882537842,198771,3756,30.2584,4.257,26.0014,72.1603,0.36033,0.8117,1.1528,1.4203
20260801_074833-g1_29dof_wbt_fall_and_getup_aw_cql_manager-locomotion,cql,14000,0,14000,3ee020374e837df5,-278.602539062,192109,6729,56.4951,37.9073,18.5878,74.4841,0.24955,0.9586,1.9864,2.0721
20260801_074833-g1_29dof_wbt_fall_and_getup_aw_cql_manager-locomotion,cql,14000,1,14000,3ee020374e837df5,-278.602539062,94738,12464,37.9478,28.3797,9.5681,74.4841,0.12846,0.9407,1.2694,1.3494
20260801_074833-g1_29dof_wbt_fall_and_getup_aw_cql_manager-locomotion,cql,14000,2,14000,3ee020374e837df5,-278.602539062,16213,105373,31.0207,10.5764,20.4444,74.4841,0.27448,1.0165,1.065,1.0477
20260801_074833-g1_29dof_wbt_fall_and_getup_aw_cql_manager-locomotion,cql,14000,3,14000,3ee020374e837df5,-278.602539062,18957,19294,24.7019,-0.7865,25.4884,74.4841,0.3422,1.1685,1.3103,1.1213
20260801_074833-g1_29dof_wbt_fall_and_getup_aw_cql_manager-locomotion,cql,14000,4,14000,3ee020374e837df5,-278.602539062,21006,10750,17.999,-1.146,19.145,74.4841,0.25704,1.2004,1.3694,1.1408
20260801_074833-g1_29dof_wbt_fall_and_getup_aw_cql_manager-locomotion,cql,14000,5,14000,3ee020374e837df5,-278.602539062,29649,5332,24.2699,2.6112,21.6587,74.4841,0.29078,1.1285,1.4021,1.2424
20260801_074833-g1_29dof_wbt_fall_and_getup_aw_cql_manager-locomotion,cql,14000,8,14000,3ee020374e837df5,-278.602539062,74157,3344,41.2654,8.9442,32.3212,74.4841,0.43393,0.8623,1.1939,1.3845
20260801_074833-g1_29dof_wbt_fall_and_getup_aw_cql_manager-locomotion,cql,14000,12,14000,3ee020374e837df5,-278.602539062,134624,2881,45.2828,8.6604,36.6224,74.4841,0.49168,0.8366,1.2194,1.4577
20260801_074833-g1_29dof_wbt_fall_and_getup_aw_cql_manager-locomotion,cql,14000,16,14000,3ee020374e837df5,-278.602539062,198771,3756,30.3552,4.4752,25.88,74.4841,0.34746,0.8102,1.1497,1.419
20260801_074833-g1_29dof_wbt_fall_and_getup_aw_cql_manager-locomotion,cql,15000,0,15000,6b623faa957b4ca6,-311.27053833,192109,6729,53.811,33.1374,20.6736,72.047,0.28695,0.9672,2.0397,2.1088
20260801_074833-g1_29dof_wbt_fall_and_getup_aw_cql_manager-locomotion,cql,15000,1,15000,6b623faa957b4ca6,-311.27053833,94738,12464,32.8659,21.9835,10.8823,72.047,0.15104,0.9494,1.2935,1.3625
20260801_074833-g1_29dof_wbt_fall_and_getup_aw_cql_manager-locomotion,cql,15000,2,15000,6b623faa957b4ca6,-311.27053833,16213,105373,25.6723,8.986,16.6863,72.047,0.2316,1.0243,1.0603,1.0352
20260801_074833-g1_29dof_wbt_fall_and_getup_aw_cql_manager-locomotion,cql,15000,3,15000,6b623faa957b4ca6,-311.27053833,18957,19294,22.4348,-0.4095,22.8443,72.047,0.31708,1.1731,1.3159,1.1218
20260801_074833-g1_29dof_wbt_fall_and_getup_aw_cql_manager-locomotion,cql,15000,4,15000,6b623faa957b4ca6,-311.27053833,21006,10750,13.2978,-1.2403,14.5381,72.047,0.20179,1.228,1.393,1.1344
20260801_074833-g1_29dof_wbt_fall_and_getup_aw_cql_manager-locomotion,cql,15000,5,15000,6b623faa957b4ca6,-311.27053833,29649,5332,21.0949,0.1778,20.9171,72.047,0.29033,1.1387,1.412,1.24
20260801_074833-g1_29dof_wbt_fall_and_getup_aw_cql_manager-locomotion,cql,15000,8,15000,6b623faa957b4ca6,-311.27053833,74157,3344,39.1683,7.9775,31.1908,72.047,0.43292,0.8606,1.1977,1.3917
20260801_074833-g1_29dof_wbt_fall_and_getup_aw_cql_manager-locomotion,cql,15000,12,15000,6b623faa957b4ca6,-311.27053833,134624,2881,43.9681,8.0377,35.9305,72.047,0.49871,0.8361,1.2209,1.4603
20260801_074833-g1_29dof_wbt_fall_and_getup_aw_cql_manager-locomotion,cql,15000,16,15000,6b623faa957b4ca6,-311.27053833,198771,3756,29.3717,4.5446,24.8271,72.047,0.3446,0.8099,1.1523,1.4228
20260801_074833-g1_29dof_wbt_fall_and_getup_aw_cql_manager-locomotion,cql,16000,0,16000,5167affb47bc26a4,-345.760681152,192109,6729,55.0565,35.5062,19.5504,73.5198,0.26592,0.9614,1.959,2.0376
20260801_074833-g1_29dof_wbt_fall_and_getup_aw_cql_manager-locomotion,cql,16000,1,16000,5167affb47bc26a4,-345.760681152,94738,12464,35.4251,24.8532,10.5719,73.5198,0.1438,0.9435,1.271,1.3472
20260801_074833-g1_29dof_wbt_fall_and_getup_aw_cql_manager-locomotion,cql,16000,2,16000,5167affb47bc26a4,-345.760681152,16213,105373,26.5953,9.1376,17.4577,73.5198,0.23746,1.0189,1.0607,1.041
20260801_074833-g1_29dof_wbt_fall_and_getup_aw_cql_manager-locomotion,cql,16000,3,16000,5167affb47bc26a4,-345.760681152,18957,19294,20.4358,-0.487,20.9227,73.5198,0.28459,1.1495,1.2967,1.128
20260801_074833-g1_29dof_wbt_fall_and_getup_aw_cql_manager-locomotion,cql,16000,4,16000,5167affb47bc26a4,-345.760681152,21006,10750,13.1787,-2.3044,15.4831,73.5198,0.2106,1.2034,1.3664,1.1354
20260801_074833-g1_29dof_wbt_fall_and_getup_aw_cql_manager-locomotion,cql,16000,5,16000,5167affb47bc26a4,-345.760681152,29649,5332,18.6441,-1.6276,20.2717,73.5198,0.27573,1.1256,1.3925,1.2371
20260801_074833-g1_29dof_wbt_fall_and_getup_aw_cql_manager-locomotion,cql,16000,8,16000,5167affb47bc26a4,-345.760681152,74157,3344,41.8412,8.8585,32.9827,73.5198,0.44862,0.8647,1.1976,1.385
20260801_074833-g1_29dof_wbt_fall_and_getup_aw_cql_manager-locomotion,cql,16000,12,16000,5167affb47bc26a4,-345.760681152,134624,2881,43.1401,7.4881,35.652,73.5198,0.48493,0.8353,1.2163,1.4562
20260801_074833-g1_29dof_wbt_fall_and_getup_aw_cql_manager-locomotion,cql,16000,16,16000,5167affb47bc26a4,-345.760681152,198771,3756,29.4,4.0689,25.3311,73.5198,0.34455,0.8092,1.1487,1.4195
20260801_074833-g1_29dof_wbt_fall_and_getup_aw_cql_manager-locomotion,cql,17000,0,17000,44d06a10a4e34fc2,-380.43862915,192109,6729,53.3837,34.0989,19.2847,72.7226,0.26518,0.9623,2.0138,2.0927
20260801_074833-g1_29dof_wbt_fall_and_getup_aw_cql_manager-locomotion,cql,17000,1,17000,44d06a10a4e34fc2,-380.43862915,94738,12464,34.8243,24.9052,9.9191,72.7226,0.1364,0.9431,1.2784,1.3556
20260801_074833-g1_29dof_wbt_fall_and_getup_aw_cql_manager-locomotion,cql,17000,2,17000,44d06a10a4e34fc2,-380.43862915,16213,105373,26.9811,8.581,18.4001,72.7226,0.25302,1.0132,1.0559,1.0422
20260801_074833-g1_29dof_wbt_fall_and_getup_aw_cql_manager-locomotion,cql,17000,3,17000,44d06a10a4e34fc2,-380.43862915,18957,19294,18.3918,-1.1507,19.5426,72.7226,0.26873,1.1493,1.2893,1.1218
20260801_074833-g1_29dof_wbt_fall_and_getup_aw_cql_manager-locomotion,cql,17000,4,17000,44d06a10a4e34fc2,-380.43862915,21006,10750,11.9752,-3.674,15.6492,72.7226,0.21519,1.2013,1.3587,1.1311
20260801_074833-g1_29dof_wbt_fall_and_getup_aw_cql_manager-locomotion,cql,17000,5,17000,44d06a10a4e34fc2,-380.43862915,29649,5332,19.508,-0.5349,20.0428,72.7226,0.27561,1.1126,1.3778,1.2384
20260801_074833-g1_29dof_wbt_fall_and_getup_aw_cql_manager-locomotion,cql,17000,8,17000,44d06a10a4e34fc2,-380.43862915,74157,3344,39.9236,7.7589,32.1647,72.7226,0.44229,0.8598,1.1927,1.3872
20260801_074833-g1_29dof_wbt_fall_and_getup_aw_cql_manager-locomotion,cql,17000,12,17000,44d06a10a4e34fc2,-380.43862915,134624,2881,43.2137,6.7573,36.4564,72.7226,0.50131,0.8346,1.2144,1.4551
20260801_074833-g1_29dof_wbt_fall_and_getup_aw_cql_manager-locomotion,cql,17000,16,17000,44d06a10a4e34fc2,-380.43862915,198771,3756,29.4604,3.8266,25.6338,72.7226,0.35249,0.8101,1.1475,1.4166
20260801_074833-g1_29dof_wbt_fall_and_getup_aw_cql_manager-locomotion,cql,18000,0,18000,6cf4a6c055cdbbf4,-417.767242432,192109,6729,52.8192,33.9557,18.8634,70.7168,0.26675,0.9567,1.9622,2.051
20260801_074833-g1_29dof_wbt_fall_and_getup_aw_cql_manager-locomotion,cql,18000,1,18000,6cf4a6c055cdbbf4,-417.767242432,94738,12464,32.8929,22.8657,10.0272,70.7168,0.14179,0.9372,1.2668,1.3517
20260801_074833-g1_29dof_wbt_fall_and_getup_aw_cql_manager-locomotion,cql,18000,2,18000,6cf4a6c055cdbbf4,-417.767242432,16213,105373,26.2676,8.2204,18.0472,70.7168,0.2552,1.0143,1.0574,1.0425
20260801_074833-g1_29dof_wbt_fall_and_getup_aw_cql_manager-locomotion,cql,18000,3,18000,6cf4a6c055cdbbf4,-417.767242432,18957,19294,21.6997,-0.3246,22.0243,70.7168,0.31144,1.1366,1.296,1.1402
20260801_074833-g1_29dof_wbt_fall_and_getup_aw_cql_manager-locomotion,cql,18000,4,18000,6cf4a6c055cdbbf4,-417.767242432,21006,10750,12.7674,-1.7802,14.5475,70.7168,0.20572,1.177,1.3402,1.1387
20260801_074833-g1_29dof_wbt_fall_and_getup_aw_cql_manager-locomotion,cql,18000,5,18000,6cf4a6c055cdbbf4,-417.767242432,29649,5332,19.0025,-1.196,20.1985,70.7168,0.28563,1.1043,1.3616,1.2329
20260801_074833-g1_29dof_wbt_fall_and_getup_aw_cql_manager-locomotion,cql,18000,8,18000,6cf4a6c055cdbbf4,-417.767242432,74157,3344,39.2999,8.4852,30.8147,70.7168,0.43575,0.8558,1.1884,1.3887
20260801_074833-g1_29dof_wbt_fall_and_getup_aw_cql_manager-locomotion,cql,18000,12,18000,6cf4a6c055cdbbf4,-417.767242432,134624,2881,42.4992,7.4767,35.0225,70.7168,0.49525,0.8316,1.2082,1.4528
20260801_074833-g1_29dof_wbt_fall_and_getup_aw_cql_manager-locomotion,cql,18000,16,18000,6cf4a6c055cdbbf4,-417.767242432,198771,3756,28.724,3.8553,24.8687,70.7168,0.35167,0.8077,1.1478,1.421
20260801_074833-g1_29dof_wbt_fall_and_getup_aw_cql_manager-locomotion,cql,19000,0,19000,19a293457d728d77,-451.036682129,192109,6729,50.6731,33.1823,17.4909,69.6971,0.25096,0.959,1.9603,2.044
20260801_074833-g1_29dof_wbt_fall_and_getup_aw_cql_manager-locomotion,cql,19000,1,19000,19a293457d728d77,-451.036682129,94738,12464,31.3154,20.0093,11.3061,69.6971,0.16222,0.9429,1.2747,1.3519
20260801_074833-g1_29dof_wbt_fall_and_getup_aw_cql_manager-locomotion,cql,19000,2,19000,19a293457d728d77,-451.036682129,16213,105373,22.0573,6.6011,15.4561,69.6971,0.22176,1.0103,1.0556,1.0448
20260801_074833-g1_29dof_wbt_fall_and_getup_aw_cql_manager-locomotion,cql,19000,3,19000,19a293457d728d77,-451.036682129,18957,19294,15.0246,-1.9053,16.9299,69.6971,0.24291,1.1388,1.2873,1.1305
20260801_074833-g1_29dof_wbt_fall_and_getup_aw_cql_manager-locomotion,cql,19000,4,19000,19a293457d728d77,-451.036682129,21006,10750,10.8927,-4.0915,14.9842,69.6971,0.21499,1.1914,1.3469,1.1305
20260801_074833-g1_29dof_wbt_fall_and_getup_aw_cql_manager-locomotion,cql,19000,5,19000,19a293457d728d77,-451.036682129,29649,5332,19.4637,-1.2434,20.7071,69.6971,0.2971,1.1148,1.3786,1.2366
20260801_074833-g1_29dof_wbt_fall_and_getup_aw_cql_manager-locomotion,cql,19000,8,19000,19a293457d728d77,-451.036682129,74157,3344,39.9636,7.7653,32.1983,69.6971,0.46198,0.8612,1.2016,1.3952
20260801_074833-g1_29dof_wbt_fall_and_getup_aw_cql_manager-locomotion,cql,19000,12,19000,19a293457d728d77,-451.036682129,134624,2881,42.7094,6.3515,36.3579,69.6971,0.52166,0.8373,1.2279,1.4665
20260801_074833-g1_29dof_wbt_fall_and_getup_aw_cql_manager-locomotion,cql,19000,16,19000,19a293457d728d77,-451.036682129,198771,3756,29.5705,3.5836,25.9869,69.6971,0.37286,0.8104,1.156,1.4265
20260801_074833-g1_29dof_wbt_fall_and_getup_aw_cql_manager-locomotion,cql,20000,0,20000,38fe2e3f06de91d1,-483.815979004,192109,6729,50.0529,31.9452,18.1077,68.0171,0.26622,0.9599,1.9481,2.0295
20260801_074833-g1_29dof_wbt_fall_and_getup_aw_cql_manager-locomotion,cql,20000,1,20000,38fe2e3f06de91d1,-483.815979004,94738,12464,32.2553,20.8056,11.4498,68.0171,0.16834,0.9413,1.2704,1.3497
20260801_074833-g1_29dof_wbt_fall_and_getup_aw_cql_manager-locomotion,cql,20000,2,20000,38fe2e3f06de91d1,-483.815979004,16213,105373,27.123,8.22,18.903,68.0171,0.27792,1.0121,1.0516,1.0391
20260801_074833-g1_29dof_wbt_fall_and_getup_aw_cql_manager-locomotion,cql,20000,3,20000,38fe2e3f06de91d1,-483.815979004,18957,19294,21.46,-0.6804,22.1404,68.0171,0.32551,1.1352,1.2905,1.1368
20260801_074833-g1_29dof_wbt_fall_and_getup_aw_cql_manager-locomotion,cql,20000,4,20000,38fe2e3f06de91d1,-483.815979004,21006,10750,12.1596,-2.067,14.2266,68.0171,0.20916,1.1903,1.342,1.1275
20260801_074833-g1_29dof_wbt_fall_and_getup_aw_cql_manager-locomotion,cql,20000,5,20000,38fe2e3f06de91d1,-483.815979004,29649,5332,18.8758,0.4677,18.4081,68.0171,0.27064,1.1134,1.3763,1.2361
20260801_074833-g1_29dof_wbt_fall_and_getup_aw_cql_manager-locomotion,cql,20000,8,20000,38fe2e3f06de91d1,-483.815979004,74157,3344,40.318,9.0138,31.3042,68.0171,0.46024,0.8577,1.1986,1.3974
20260801_074833-g1_29dof_wbt_fall_and_getup_aw_cql_manager-locomotion,cql,20000,12,20000,38fe2e3f06de91d1,-483.815979004,134624,2881,41.743,5.8273,35.9156,68.0171,0.52804,0.8352,1.2234,1.4649
20260801_074833-g1_29dof_wbt_fall_and_getup_aw_cql_manager-locomotion,cql,20000,16,20000,38fe2e3f06de91d1,-483.815979004,198771,3756,28.9933,3.5656,25.4277,68.0171,0.37384,0.8092,1.1561,1.4287
20260801_074833-g1_29dof_wbt_fall_and_getup_aw_cql_manager-locomotion,cql,21000,0,21000,eef202b483b31e7e,-515.743835449,192109,6729,48.9174,31.5155,17.4019,67.5765,0.25751,0.9563,1.957,2.0465
20260801_074833-g1_29dof_wbt_fall_and_getup_aw_cql_manager-locomotion,cql,21000,1,21000,eef202b483b31e7e,-515.743835449,94738,12464,27.9924,17.9706,10.0218,67.5765,0.1483,0.945,1.2678,1.3416
20260801_074833-g1_29dof_wbt_fall_and_getup_aw_cql_manager-locomotion,cql,21000,2,21000,eef202b483b31e7e,-515.743835449,16213,105373,21.3686,5.6127,15.7559,67.5765,0.23316,1.0145,1.0469,1.0319
20260801_074833-g1_29dof_wbt_fall_and_getup_aw_cql_manager-locomotion,cql,21000,3,21000,eef202b483b31e7e,-515.743835449,18957,19294,18.1402,-1.0659,19.2061,67.5765,0.28421,1.146,1.288,1.124
20260801_074833-g1_29dof_wbt_fall_and_getup_aw_cql_manager-locomotion,cql,21000,4,21000,eef202b483b31e7e,-515.743835449,21006,10750,11.889,-2.1677,14.0566,67.5765,0.20801,1.1897,1.3374,1.1242
20260801_074833-g1_29dof_wbt_fall_and_getup_aw_cql_manager-locomotion,cql,21000,5,21000,eef202b483b31e7e,-515.743835449,29649,5332,20.3388,0.0695,20.2693,67.5765,0.29995,1.1127,1.3781,1.2386
20260801_074833-g1_29dof_wbt_fall_and_getup_aw_cql_manager-locomotion,cql,21000,8,21000,eef202b483b31e7e,-515.743835449,74157,3344,40.0133,8.9842,31.0291,67.5765,0.45917,0.8611,1.2033,1.3974
20260801_074833-g1_29dof_wbt_fall_and_getup_aw_cql_manager-locomotion,cql,21000,12,21000,eef202b483b31e7e,-515.743835449,134624,2881,41.6651,6.6434,35.0217,67.5765,0.51825,0.836,1.2162,1.4547
20260801_074833-g1_29dof_wbt_fall_and_getup_aw_cql_manager-locomotion,cql,21000,16,21000,eef202b483b31e7e,-515.743835449,198771,3756,28.2527,3.6542,24.5985,67.5765,0.36401,0.8092,1.1498,1.421
20260801_074833-g1_29dof_wbt_fall_and_getup_aw_cql_manager-locomotion,cql,22000,0,22000,362e1d2dba269145,-549.7734375,192109,6729,49.8542,33.5961,16.2581,69.6773,0.23333,0.9579,1.9536,2.0395
20260801_074833-g1_29dof_wbt_fall_and_getup_aw_cql_manager-locomotion,cql,22000,1,22000,362e1d2dba269145,-549.7734375,94738,12464,28.7072,19.6069,9.1002,69.6773,0.13061,0.9401,1.2705,1.3514
20260801_074833-g1_29dof_wbt_fall_and_getup_aw_cql_manager-locomotion,cql,22000,2,22000,362e1d2dba269145,-549.7734375,16213,105373,23.4194,7.288,16.1315,69.6773,0.23152,1.0065,1.0491,1.0423
20260801_074833-g1_29dof_wbt_fall_and_getup_aw_cql_manager-locomotion,cql,22000,3,22000,362e1d2dba269145,-549.7734375,18957,19294,16.0097,-1.8932,17.9029,69.6773,0.25694,1.1399,1.2789,1.1219
20260801_074833-g1_29dof_wbt_fall_and_getup_aw_cql_manager-locomotion,cql,22000,4,22000,362e1d2dba269145,-549.7734375,21006,10750,11.9368,-3.1503,15.087,69.6773,0.21653,1.1899,1.3349,1.1219
20260801_074833-g1_29dof_wbt_fall_and_getup_aw_cql_manager-locomotion,cql,22000,5,22000,362e1d2dba269145,-549.7734375,29649,5332,19.4993,-0.5913,20.0906,69.6773,0.28834,1.1002,1.3647,1.2404
20260801_074833-g1_29dof_wbt_fall_and_getup_aw_cql_manager-locomotion,cql,22000,8,22000,362e1d2dba269145,-549.7734375,74157,3344,38.4766,6.543,31.9337,69.6773,0.45831,0.8615,1.2098,1.4042
20260801_074833-g1_29dof_wbt_fall_and_getup_aw_cql_manager-locomotion,cql,22000,12,22000,362e1d2dba269145,-549.7734375,134624,2881,41.9828,6.5911,35.3917,69.6773,0.50794,0.8324,1.2225,1.4687
20260801_074833-g1_29dof_wbt_fall_and_getup_aw_cql_manager-locomotion,cql,22000,16,22000,362e1d2dba269145,-549.7734375,198771,3756,28.85,3.5498,25.3002,69.6773,0.36311,0.8073,1.1498,1.4242
20260801_074833-g1_29dof_wbt_fall_and_getup_aw_cql_manager-locomotion,cql,23000,0,23000,a0652d8604c7d899,-587.182128906,192109,6729,48.1389,31.1815,16.9574,67.9438,0.24958,0.9649,1.9657,2.0373
20260801_074833-g1_29dof_wbt_fall_and_getup_aw_cql_manager-locomotion,cql,23000,1,23000,a0652d8604c7d899,-587.182128906,94738,12464,28.8083,18.3966,10.4117,67.9438,0.15324,0.9449,1.2821,1.357
20260801_074833-g1_29dof_wbt_fall_and_getup_aw_cql_manager-locomotion,cql,23000,2,23000,a0652d8604c7d899,-587.182128906,16213,105373,21.3308,5.6067,15.7241,67.9438,0.23143,1.0114,1.05,1.0382
20260801_074833-g1_29dof_wbt_fall_and_getup_aw_cql_manager-locomotion,cql,23000,3,23000,a0652d8604c7d899,-587.182128906,18957,19294,13.4943,-1.5283,15.0226,67.9438,0.2211,1.1323,1.2746,1.1257
20260801_074833-g1_29dof_wbt_fall_and_getup_aw_cql_manager-locomotion,cql,23000,4,23000,a0652d8604c7d899,-587.182128906,21006,10750,11.1921,-2.8194,14.0115,67.9438,0.20622,1.1891,1.3439,1.1302
20260801_074833-g1_29dof_wbt_fall_and_getup_aw_cql_manager-locomotion,cql,23000,5,23000,a0652d8604c7d899,-587.182128906,29649,5332,18.4835,-1.8025,20.286,67.9438,0.29857,1.102,1.3724,1.2453
20260801_074833-g1_29dof_wbt_fall_and_getup_aw_cql_manager-locomotion,cql,23000,8,23000,a0652d8604c7d899,-587.182128906,74157,3344,38.1033,7.9232,30.1801,67.9438,0.44419,0.8534,1.1904,1.3949
20260801_074833-g1_29dof_wbt_fall_and_getup_aw_cql_manager-locomotion,cql,23000,12,23000,a0652d8604c7d899,-587.182128906,134624,2881,41.8349,6.5848,35.2501,67.9438,0.51881,0.8313,1.2128,1.4589
20260801_074833-g1_29dof_wbt_fall_and_getup_aw_cql_manager-locomotion,cql,23000,16,23000,a0652d8604c7d899,-587.182128906,198771,3756,28.582,3.2249,25.3571,67.9438,0.37321,0.8075,1.1502,1.4245
20260801_074833-g1_29dof_wbt_fall_and_getup_aw_cql_manager-locomotion,cql,24000,0,24000,53a549625832c137,-619.424682617,192109,6729,45.5881,28.0182,17.5699,65.4751,0.26835,0.958,1.944,2.0293
20260801_074833-g1_29dof_wbt_fall_and_getup_aw_cql_manager-locomotion,cql,24000,1,24000,53a549625832c137,-619.424682617,94738,12464,25.2854,14.5376,10.7478,65.4751,0.16415,0.9454,1.268,1.3412
20260801_074833-g1_29dof_wbt_fall_and_getup_aw_cql_manager-locomotion,cql,24000,2,24000,53a549625832c137,-619.424682617,16213,105373,19.4151,4.6719,14.7432,65.4751,0.22517,1.0156,1.0538,1.0376
20260801_074833-g1_29dof_wbt_fall_and_getup_aw_cql_manager-locomotion,cql,24000,3,24000,53a549625832c137,-619.424682617,18957,19294,13.1075,-1.7043,14.8118,65.4751,0.22622,1.1459,1.2867,1.1229
20260801_074833-g1_29dof_wbt_fall_and_getup_aw_cql_manager-locomotion,cql,24000,4,24000,53a549625832c137,-619.424682617,21006,10750,6.0146,-4.5883,10.6029,65.4751,0.16194,1.174,1.3241,1.1278
20260801_074833-g1_29dof_wbt_fall_and_getup_aw_cql_manager-locomotion,cql,24000,5,24000,53a549625832c137,-619.424682617,29649,5332,15.133,-2.9338,18.0668,65.4751,0.27593,1.099,1.3623,1.2396
20260801_074833-g1_29dof_wbt_fall_and_getup_aw_cql_manager-locomotion,cql,24000,8,24000,53a549625832c137,-619.424682617,74157,3344,38.6612,7.6456,31.0156,65.4751,0.4737,0.854,1.1865,1.3893
20260801_074833-g1_29dof_wbt_fall_and_getup_aw_cql_manager-locomotion,cql,24000,12,24000,53a549625832c137,-619.424682617,134624,2881,41.1195,6.5394,34.5801,65.4751,0.52814,0.8309,1.2064,1.452
20260801_074833-g1_29dof_wbt_fall_and_getup_aw_cql_manager-locomotion,cql,24000,16,24000,53a549625832c137,-619.424682617,198771,3756,28.595,3.1793,25.4156,65.4751,0.38817,0.8069,1.1459,1.4201
20260801_074833-g1_29dof_wbt_fall_and_getup_aw_cql_manager-locomotion,cql,25000,0,25000,7e94b2f3fd583a5b,-654.786376953,192109,6729,44.6498,28.9018,15.748,64.5042,0.24414,0.9546,1.9257,2.0173
20260801_074833-g1_29dof_wbt_fall_and_getup_aw_cql_manager-locomotion,cql,25000,1,25000,7e94b2f3fd583a5b,-654.786376953,94738,12464,24.6077,15.4618,9.1459,64.5042,0.14179,0.939,1.2654,1.3475
20260801_074833-g1_29dof_wbt_fall_and_getup_aw_cql_manager-locomotion,cql,25000,2,25000,7e94b2f3fd583a5b,-654.786376953,16213,105373,18.0529,4.2155,13.8374,64.5042,0.21452,1.0104,1.0451,1.0344
20260801_074833-g1_29dof_wbt_fall_and_getup_aw_cql_manager-locomotion,cql,25000,3,25000,7e94b2f3fd583a5b,-654.786376953,18957,19294,10.459,-2.1234,12.5824,64.5042,0.19506,1.1301,1.2864,1.1383
20260801_074833-g1_29dof_wbt_fall_and_getup_aw_cql_manager-locomotion,cql,25000,4,25000,7e94b2f3fd583a5b,-654.786376953,21006,10750,3.8826,-4.9809,8.8634,64.5042,0.13741,1.1809,1.3221,1.1195
20260801_074833-g1_29dof_wbt_fall_and_getup_aw_cql_manager-locomotion,cql,25000,5,25000,7e94b2f3fd583a5b,-654.786376953,29649,5332,13.6442,-4.0206,17.6648,64.5042,0.27385,1.0991,1.3534,1.2314
20260801_074833-g1_29dof_wbt_fall_and_getup_aw_cql_manager-locomotion,cql,25000,8,25000,7e94b2f3fd583a5b,-654.786376953,74157,3344,37.6082,7.7041,29.9041,64.5042,0.4636,0.8518,1.1852,1.3914
20260801_074833-g1_29dof_wbt_fall_and_getup_aw_cql_manager-locomotion,cql,25000,12,25000,7e94b2f3fd583a5b,-654.786376953,134624,2881,41.1318,7.3081,33.8237,64.5042,0.52437,0.8296,1.2058,1.4534
20260801_074833-g1_29dof_wbt_fall_and_getup_aw_cql_manager-locomotion,cql,25000,16,25000,7e94b2f3fd583a5b,-654.786376953,198771,3756,28.5158,3.3882,25.1275,64.5042,0.38955,0.807,1.147,1.4212
20260801_074833-g1_29dof_wbt_fall_and_getup_aw_cql_manager-locomotion,cql,26000,0,26000,b1fcb2ebc0904579,-686.519775391,192109,6729,45.0495,31.196,13.8535,64.1046,0.21611,0.9562,1.9132,2.0008
20260801_074833-g1_29dof_wbt_fall_and_getup_aw_cql_manager-locomotion,cql,26000,1,26000,b1fcb2ebc0904579,-686.519775391,94738,12464,24.7506,13.557,11.1936,64.1046,0.17461,0.9383,1.2636,1.3467
20260801_074833-g1_29dof_wbt_fall_and_getup_aw_cql_manager-locomotion,cql,26000,2,26000,b1fcb2ebc0904579,-686.519775391,16213,105373,17.921,4.4985,13.4225,64.1046,0.20938,1.0039,1.0368,1.0328
20260801_074833-g1_29dof_wbt_fall_and_getup_aw_cql_manager-locomotion,cql,26000,3,26000,b1fcb2ebc0904579,-686.519775391,18957,19294,12.5717,-0.9751,13.5468,64.1046,0.21132,1.1202,1.2714,1.135
20260801_074833-g1_29dof_wbt_fall_and_getup_aw_cql_manager-locomotion,cql,26000,4,26000,b1fcb2ebc0904579,-686.519775391,21006,10750,7.4141,-3.682,11.096,64.1046,0.17309,1.1695,1.3195,1.1283
20260801_074833-g1_29dof_wbt_fall_and_getup_aw_cql_manager-locomotion,cql,26000,5,26000,b1fcb2ebc0904579,-686.519775391,29649,5332,17.6741,-0.9059,18.58,64.1046,0.28984,1.1019,1.3671,1.2407
20260801_074833-g1_29dof_wbt_fall_and_getup_aw_cql_manager-locomotion,cql,26000,8,26000,b1fcb2ebc0904579,-686.519775391,74157,3344,37.4122,7.6689,29.7433,64.1046,0.46398,0.8507,1.1873,1.3957
20260801_074833-g1_29dof_wbt_fall_and_getup_aw_cql_manager-locomotion,cql,26000,12,26000,b1fcb2ebc0904579,-686.519775391,134624,2881,40.3793,6.4757,33.9036,64.1046,0.52888,0.8295,1.2078,1.456
20260801_074833-g1_29dof_wbt_fall_and_getup_aw_cql_manager-locomotion,cql,26000,16,26000,b1fcb2ebc0904579,-686.519775391,198771,3756,27.7425,3.0903,24.6523,64.1046,0.38456,0.8062,1.1476,1.4234
20260801_074833-g1_29dof_wbt_fall_and_getup_aw_cql_manager-locomotion,cql,27000,0,27000,f8316034c0ee6ad5,-718.535583496,192109,6729,43.5921,26.3758,17.2163,63.4478,0.27135,0.9559,1.8984,1.9859
20260801_074833-g1_29dof_wbt_fall_and_getup_aw_cql_manager-locomotion,cql,27000,1,27000,f8316034c0ee6ad5,-718.535583496,94738,12464,24.5626,14.8418,9.7208,63.4478,0.15321,0.9422,1.2625,1.3399
20260801_074833-g1_29dof_wbt_fall_and_getup_aw_cql_manager-locomotion,cql,27000,2,27000,f8316034c0ee6ad5,-718.535583496,16213,105373,18.6436,5.1254,13.5183,63.4478,0.21306,1.0086,1.0458,1.0369
20260801_074833-g1_29dof_wbt_fall_and_getup_aw_cql_manager-locomotion,cql,27000,3,27000,f8316034c0ee6ad5,-718.535583496,18957,19294,13.3408,-1.1861,14.527,63.4478,0.22896,1.1225,1.2676,1.1293
20260801_074833-g1_29dof_wbt_fall_and_getup_aw_cql_manager-locomotion,cql,27000,4,27000,f8316034c0ee6ad5,-718.535583496,21006,10750,6.9654,-4.6717,11.6371,63.4478,0.18341,1.1681,1.3186,1.1288
20260801_074833-g1_29dof_wbt_fall_and_getup_aw_cql_manager-locomotion,cql,27000,5,27000,f8316034c0ee6ad5,-718.535583496,29649,5332,15.7919,-3.3559,19.1477,63.4478,0.30179,1.098,1.3591,1.2378
20260801_074833-g1_29dof_wbt_fall_and_getup_aw_cql_manager-locomotion,cql,27000,8,27000,f8316034c0ee6ad5,-718.535583496,74157,3344,38.4604,8.0399,30.4205,63.4478,0.47946,0.8535,1.1931,1.3978
20260801_074833-g1_29dof_wbt_fall_and_getup_aw_cql_manager-locomotion,cql,27000,12,27000,f8316034c0ee6ad5,-718.535583496,134624,2881,41.0272,7.3465,33.6807,63.4478,0.53084,0.8294,1.2083,1.4569
20260801_074833-g1_29dof_wbt_fall_and_getup_aw_cql_manager-locomotion,cql,27000,16,27000,f8316034c0ee6ad5,-718.535583496,198771,3756,28.0974,3.342,24.7554,63.4478,0.39017,0.8061,1.1479,1.4241
20260801_074833-g1_29dof_wbt_fall_and_getup_aw_cql_manager-locomotion,cql,28000,0,28000,f3046fd43a7b035f,-743.540893555,192109,6729,43.4288,27.1022,16.3266,63.9919,0.25514,0.96,1.9373,2.018
20260801_074833-g1_29dof_wbt_fall_and_getup_aw_cql_manager-locomotion,cql,28000,1,28000,f3046fd43a7b035f,-743.540893555,94738,12464,25.3356,15.2069,10.1287,63.9919,0.15828,0.944,1.2718,1.3473
20260801_074833-g1_29dof_wbt_fall_and_getup_aw_cql_manager-locomotion,cql,28000,2,28000,f3046fd43a7b035f,-743.540893555,16213,105373,19.1454,5.1646,13.9808,63.9919,0.21848,1.0115,1.0491,1.0372
20260801_074833-g1_29dof_wbt_fall_and_getup_aw_cql_manager-locomotion,cql,28000,3,28000,f3046fd43a7b035f,-743.540893555,18957,19294,11.4773,-0.9637,12.441,63.9919,0.19441,1.1162,1.2685,1.1365
20260801_074833-g1_29dof_wbt_fall_and_getup_aw_cql_manager-locomotion,cql,28000,4,28000,f3046fd43a7b035f,-743.540893555,21006,10750,4.1159,-5.526,9.6419,63.9919,0.15067,1.1634,1.3144,1.1298
20260801_074833-g1_29dof_wbt_fall_and_getup_aw_cql_manager-locomotion,cql,28000,5,28000,f3046fd43a7b035f,-743.540893555,29649,5332,14.2989,-4.1432,18.442,63.9919,0.28819,1.0861,1.3462,1.2396
20260801_074833-g1_29dof_wbt_fall_and_getup_aw_cql_manager-locomotion,cql,28000,8,28000,f3046fd43a7b035f,-743.540893555,74157,3344,36.3784,5.6092,30.7692,63.9919,0.48083,0.8511,1.1975,1.407
20260801_074833-g1_29dof_wbt_fall_and_getup_aw_cql_manager-locomotion,cql,28000,12,28000,f3046fd43a7b035f,-743.540893555,134624,2881,39.847,5.6105,34.2364,63.9919,0.53501,0.829,1.2047,1.4532
20260801_074833-g1_29dof_wbt_fall_and_getup_aw_cql_manager-locomotion,cql,28000,16,28000,f3046fd43a7b035f,-743.540893555,198771,3756,27.5255,2.5122,25.0133,63.9919,0.39088,0.8058,1.146,1.4223
20260801_074833-g1_29dof_wbt_fall_and_getup_aw_cql_manager-locomotion,cql,29000,0,29000,e41fe9ba10ada982,-773.706237793,192109,6729,41.7041,26.1717,15.5324,61.8794,0.25101,0.9538,1.9048,1.997
20260801_074833-g1_29dof_wbt_fall_and_getup_aw_cql_manager-locomotion,cql,29000,1,29000,e41fe9ba10ada982,-773.706237793,94738,12464,23.3791,13.5021,9.877,61.8794,0.15962,0.9424,1.2558,1.3326
20260801_074833-g1_29dof_wbt_fall_and_getup_aw_cql_manager-locomotion,cql,29000,2,29000,e41fe9ba10ada982,-773.706237793,16213,105373,15.6076,3.0089,12.5988,61.8794,0.2036,1.0058,1.0392,1.0332
20260801_074833-g1_29dof_wbt_fall_and_getup_aw_cql_manager-locomotion,cql,29000,3,29000,e41fe9ba10ada982,-773.706237793,18957,19294,11.75,-1.4924,13.2424,61.8794,0.214,1.1272,1.2776,1.1334
20260801_074833-g1_29dof_wbt_fall_and_getup_aw_cql_manager-locomotion,cql,29000,4,29000,e41fe9ba10ada982,-773.706237793,21006,10750,7.0859,-3.6659,10.7518,61.8794,0.17375,1.1756,1.3261,1.128
20260801_074833-g1_29dof_wbt_fall_and_getup_aw_cql_manager-locomotion,cql,29000,5,29000,e41fe9ba10ada982,-773.706237793,29649,5332,13.6783,-2.8009,16.4792,61.8794,0.26631,1.0971,1.3655,1.2447
20260801_074833-g1_29dof_wbt_fall_and_getup_aw_cql_manager-locomotion,cql,29000,8,29000,e41fe9ba10ada982,-773.706237793,74157,3344,37.5427,6.6084,30.9343,61.8794,0.49991,0.8524,1.1821,1.3869
20260801_074833-g1_29dof_wbt_fall_and_getup_aw_cql_manager-locomotion,cql,29000,12,29000,e41fe9ba10ada982,-773.706237793,134624,2881,40.6,5.8528,34.7472,61.8794,0.56153,0.8283,1.1958,1.4437
20260801_074833-g1_29dof_wbt_fall_and_getup_aw_cql_manager-locomotion,cql,29000,16,29000,e41fe9ba10ada982,-773.706237793,198771,3756,28.0541,2.7354,25.3187,61.8794,0.40916,0.8052,1.142,1.4183
20260801_074833-g1_29dof_wbt_fall_and_getup_aw_cql_manager-locomotion,cql,30000,0,30000,bac21111f8311d10,-809.176818848,192109,6729,41.8397,25.9844,15.8553,62.5638,0.25343,0.9545,1.9319,2.0241
20260801_074833-g1_29dof_wbt_fall_and_getup_aw_cql_manager-locomotion,cql,30000,1,30000,bac21111f8311d10,-809.176818848,94738,12464,23.0795,12.9579,10.1216,62.5638,0.16178,0.9395,1.255,1.3358
20260801_074833-g1_29dof_wbt_fall_and_getup_aw_cql_manager-locomotion,cql,30000,2,30000,bac21111f8311d10,-809.176818848,16213,105373,15.2133,3.4643,11.749,62.5638,0.18779,1.0081,1.0399,1.0316
20260801_074833-g1_29dof_wbt_fall_and_getup_aw_cql_manager-locomotion,cql,30000,3,30000,bac21111f8311d10,-809.176818848,18957,19294,10.0767,-1.4437,11.5204,62.5638,0.18414,1.1233,1.2642,1.1254
20260801_074833-g1_29dof_wbt_fall_and_getup_aw_cql_manager-locomotion,cql,30000,4,30000,bac21111f8311d10,-809.176818848,21006,10750,6.2042,-4.2962,10.5004,62.5638,0.16783,1.189,1.33,1.1185
20260801_074833-g1_29dof_wbt_fall_and_getup_aw_cql_manager-locomotion,cql,30000,5,30000,bac21111f8311d10,-809.176818848,29649,5332,14.1184,-3.4879,17.6063,62.5638,0.28141,1.095,1.3479,1.231
20260801_074833-g1_29dof_wbt_fall_and_getup_aw_cql_manager-locomotion,cql,30000,8,30000,bac21111f8311d10,-809.176818848,74157,3344,38.4204,8.1122,30.3083,62.5638,0.48444,0.8526,1.1965,1.4034
20260801_074833-g1_29dof_wbt_fall_and_getup_aw_cql_manager-locomotion,cql,30000,12,30000,bac21111f8311d10,-809.176818848,134624,2881,39.9173,6.2656,33.6517,62.5638,0.53788,0.8288,1.203,1.4515
20260801_074833-g1_29dof_wbt_fall_and_getup_aw_cql_manager-locomotion,cql,30000,16,30000,bac21111f8311d10,-809.176818848,198771,3756,27.5676,2.8512,24.7164,62.5638,0.39506,0.8054,1.1458,1.4226
20260801_074833-g1_29dof_wbt_fall_and_getup_aw_cql_manager-locomotion,cql,31000,0,31000,b65c4358462de8dc,-834.354553223,192109,6729,40.1386,24.7732,15.3654,61.7999,0.24863,0.9538,1.9036,1.9958
20260801_074833-g1_29dof_wbt_fall_and_getup_aw_cql_manager-locomotion,cql,31000,1,31000,b65c4358462de8dc,-834.354553223,94738,12464,19.9016,10.4873,9.4144,61.7999,0.15234,0.9374,1.2557,1.3395
20260801_074833-g1_29dof_wbt_fall_and_getup_aw_cql_manager-locomotion,cql,31000,2,31000,b65c4358462de8dc,-834.354553223,16213,105373,13.5593,2.5958,10.9635,61.7999,0.1774,1.0023,1.0318,1.0294
20260801_074833-g1_29dof_wbt_fall_and_getup_aw_cql_manager-locomotion,cql,31000,3,31000,b65c4358462de8dc,-834.354553223,18957,19294,8.388,-1.4418,9.8298,61.7999,0.15906,1.1294,1.2645,1.1196
20260801_074833-g1_29dof_wbt_fall_and_getup_aw_cql_manager-locomotion,cql,31000,4,31000,b65c4358462de8dc,-834.354553223,21006,10750,4.722,-5.1645,9.8865,61.7999,0.15998,1.1748,1.3266,1.1292
20260801_074833-g1_29dof_wbt_fall_and_getup_aw_cql_manager-locomotion,cql,31000,5,31000,b65c4358462de8dc,-834.354553223,29649,5332,14.4445,-3.3264,17.7709,61.7999,0.28756,1.0866,1.3483,1.2408
20260801_074833-g1_29dof_wbt_fall_and_getup_aw_cql_manager-locomotion,cql,31000,8,31000,b65c4358462de8dc,-834.354553223,74157,3344,35.8738,5.9335,29.9402,61.7999,0.48447,0.8472,1.1843,1.3979
20260801_074833-g1_29dof_wbt_fall_and_getup_aw_cql_manager-locomotion,cql,31000,12,31000,b65c4358462de8dc,-834.354553223,134624,2881,39.5169,5.8337,33.6832,61.7999,0.54504,0.8293,1.1989,1.4456
20260801_074833-g1_29dof_wbt_fall_and_getup_aw_cql_manager-locomotion,cql,31000,16,31000,b65c4358462de8dc,-834.354553223,198771,3756,27.4965,2.3462,25.1503,61.7999,0.40696,0.8065,1.144,1.4185
20260801_074833-g1_29dof_wbt_fall_and_getup_aw_cql_manager-locomotion,cql,32000,0,32000,b7dd6cc405431b3a,-869.759521484,192109,6729,40.5547,25.4669,15.0877,61.8837,0.24381,0.9569,1.9296,2.0166
20260801_074833-g1_29dof_wbt_fall_and_getup_aw_cql_manager-locomotion,cql,32000,1,32000,b7dd6cc405431b3a,-869.759521484,94738,12464,21.1955,11.9948,9.2007,61.8837,0.14868,0.9404,1.2705,1.3511
20260801_074833-g1_29dof_wbt_fall_and_getup_aw_cql_manager-locomotion,cql,32000,2,32000,b7dd6cc405431b3a,-869.759521484,16213,105373,14.9721,3.592,11.3802,61.8837,0.1839,1.0072,1.032,1.0246
20260801_074833-g1_29dof_wbt_fall_and_getup_aw_cql_manager-locomotion,cql,32000,3,32000,b7dd6cc405431b3a,-869.759521484,18957,19294,12.1654,-1.3652,13.5306,61.8837,0.21865,1.1339,1.2637,1.1145
20260801_074833-g1_29dof_wbt_fall_and_getup_aw_cql_manager-locomotion,cql,32000,4,32000,b7dd6cc405431b3a,-869.759521484,21006,10750,6.5333,-4.2668,10.8001,61.8837,0.17452,1.1738,1.3253,1.129
20260801_074833-g1_29dof_wbt_fall_and_getup_aw_cql_manager-locomotion,cql,32000,5,32000,b7dd6cc405431b3a,-869.759521484,29649,5332,12.9838,-3.51,16.4938,61.8837,0.26653,1.0837,1.348,1.2439
20260801_074833-g1_29dof_wbt_fall_and_getup_aw_cql_manager-locomotion,cql,32000,8,32000,b7dd6cc405431b3a,-869.759521484,74157,3344,37.7667,7.0125,30.7542,61.8837,0.49697,0.8495,1.1944,1.406
20260801_074833-g1_29dof_wbt_fall_and_getup_aw_cql_manager-locomotion,cql,32000,12,32000,b7dd6cc405431b3a,-869.759521484,134624,2881,39.545,5.8801,33.6649,61.8837,0.544,0.8301,1.213,1.4612
20260801_074833-g1_29dof_wbt_fall_and_getup_aw_cql_manager-locomotion,cql,32000,16,32000,b7dd6cc405431b3a,-869.759521484,198771,3756,27.1743,2.395,24.7793,61.8837,0.40042,0.806,1.1538,1.4314
20260801_074833-g1_29dof_wbt_fall_and_getup_aw_cql_manager-locomotion,cql,33000,0,33000,e95ed60338036f27,-905.106750488,192109,6729,37.5512,21.7319,15.8193,60.8309,0.26005,0.9553,1.9055,1.9945
20260801_074833-g1_29dof_wbt_fall_and_getup_aw_cql_manager-locomotion,cql,33000,1,33000,e95ed60338036f27,-905.106750488,94738,12464,18.4526,9.2283,9.2243,60.8309,0.15164,0.943,1.2611,1.3373
20260801_074833-g1_29dof_wbt_fall_and_getup_aw_cql_manager-locomotion,cql,33000,2,33000,e95ed60338036f27,-905.106750488,16213,105373,12.3444,2.2056,10.1388,60.8309,0.16667,1.0142,1.0409,1.0264
20260801_074833-g1_29dof_wbt_fall_and_getup_aw_cql_manager-locomotion,cql,33000,3,33000,e95ed60338036f27,-905.106750488,18957,19294,7.8196,-1.5878,9.4074,60.8309,0.15465,1.1336,1.2839,1.1326
20260801_074833-g1_29dof_wbt_fall_and_getup_aw_cql_manager-locomotion,cql,33000,4,33000,e95ed60338036f27,-905.106750488,21006,10750,2.6925,-5.7662,8.4587,60.8309,0.13905,1.1833,1.3347,1.1279
20260801_074833-g1_29dof_wbt_fall_and_getup_aw_cql_manager-locomotion,cql,33000,5,33000,e95ed60338036f27,-905.106750488,29649,5332,14.8123,-2.9049,17.7172,60.8309,0.29125,1.0802,1.3362,1.237
20260801_074833-g1_29dof_wbt_fall_and_getup_aw_cql_manager-locomotion,cql,33000,8,33000,e95ed60338036f27,-905.106750488,74157,3344,36.8293,6.3979,30.4314,60.8309,0.50026,0.8478,1.1874,1.4006
20260801_074833-g1_29dof_wbt_fall_and_getup_aw_cql_manager-locomotion,cql,33000,12,33000,e95ed60338036f27,-905.106750488,134624,2881,39.4856,5.4482,34.0374,60.8309,0.55954,0.8284,1.2036,1.4529
20260801_074833-g1_29dof_wbt_fall_and_getup_aw_cql_manager-locomotion,cql,33000,16,33000,e95ed60338036f27,-905.106750488,198771,3756,27.4807,2.4053,25.0754,60.8309,0.41221,0.8056,1.1544,1.4331
20260801_074833-g1_29dof_wbt_fall_and_getup_aw_cql_manager-locomotion,cql,34000,0,34000,c8f395b80a7faefc,-931.317138672,192109,6729,36.4379,22.2777,14.1603,59.0678,0.23973,0.9568,1.8878,1.9729
20260801_074833-g1_29dof_wbt_fall_and_getup_aw_cql_manager-locomotion,cql,34000,1,34000,c8f395b80a7faefc,-931.317138672,94738,12464,19.8585,11.9391,7.9194,59.0678,0.13407,0.9408,1.2624,1.3418
20260801_074833-g1_29dof_wbt_fall_and_getup_aw_cql_manager-locomotion,cql,34000,2,34000,c8f395b80a7faefc,-931.317138672,16213,105373,13.5404,3.1341,10.4063,59.0678,0.17618,1.0028,1.0376,1.0346
20260801_074833-g1_29dof_wbt_fall_and_getup_aw_cql_manager-locomotion,cql,34000,3,34000,c8f395b80a7faefc,-931.317138672,18957,19294,8.5567,-1.4046,9.9613,59.0678,0.16864,1.1381,1.263,1.1098
20260801_074833-g1_29dof_wbt_fall_and_getup_aw_cql_manager-locomotion,cql,34000,4,34000,c8f395b80a7faefc,-931.317138672,21006,10750,2.4246,-5.1359,7.5605,59.0678,0.128,1.1794,1.3389,1.1353
20260801_074833-g1_29dof_wbt_fall_and_getup_aw_cql_manager-locomotion,cql,34000,5,34000,c8f395b80a7faefc,-931.317138672,29649,5332,11.6047,-4.1934,15.7982,59.0678,0.26746,1.0776,1.3311,1.2352
20260801_074833-g1_29dof_wbt_fall_and_getup_aw_cql_manager-locomotion,cql,34000,8,34000,c8f395b80a7faefc,-931.317138672,74157,3344,35.0302,5.5787,29.4515,59.0678,0.49861,0.847,1.186,1.4002
20260801_074833-g1_29dof_wbt_fall_and_getup_aw_cql_manager-locomotion,cql,34000,12,34000,c8f395b80a7faefc,-931.317138672,134624,2881,37.9542,5.2339,32.7202,59.0678,0.55394,0.827,1.1946,1.4445
20260801_074833-g1_29dof_wbt_fall_and_getup_aw_cql_manager-locomotion,cql,34000,16,34000,c8f395b80a7faefc,-931.317138672,198771,3756,27.0758,2.4184,24.6573,59.0678,0.41744,0.8039,1.1451,1.4245
20260801_074833-g1_29dof_wbt_fall_and_getup_aw_cql_manager-locomotion,cql,35000,0,35000,a62e99fffd85b6e9,-963.954467773,192109,6729,39.3726,22.7566,16.616,62.3109,0.26666,0.9544,1.9284,2.0205
20260801_074833-g1_29dof_wbt_fall_and_getup_aw_cql_manager-locomotion,cql,35000,1,35000,a62e99fffd85b6e9,-963.954467773,94738,12464,18.2967,10.1442,8.1525,62.3109,0.13084,0.9407,1.2599,1.3393
20260801_074833-g1_29dof_wbt_fall_and_getup_aw_cql_manager-locomotion,cql,35000,2,35000,a62e99fffd85b6e9,-963.954467773,16213,105373,13.1202,2.6037,10.5165,62.3109,0.16878,1.0095,1.0316,1.0219
20260801_074833-g1_29dof_wbt_fall_and_getup_aw_cql_manager-locomotion,cql,35000,3,35000,a62e99fffd85b6e9,-963.954467773,18957,19294,7.7574,-1.4493,9.2068,62.3109,0.14776,1.131,1.2609,1.1149
20260801_074833-g1_29dof_wbt_fall_and_getup_aw_cql_manager-locomotion,cql,35000,4,35000,a62e99fffd85b6e9,-963.954467773,21006,10750,2.9203,-5.1883,8.1086,62.3109,0.13013,1.17,1.3181,1.1266
20260801_074833-g1_29dof_wbt_fall_and_getup_aw_cql_manager-locomotion,cql,35000,5,35000,a62e99fffd85b6e9,-963.954467773,29649,5332,14.6298,-4.0598,18.6896,62.3109,0.29994,1.0989,1.3503,1.2288
20260801_074833-g1_29dof_wbt_fall_and_getup_aw_cql_manager-locomotion,cql,35000,8,35000,a62e99fffd85b6e9,-963.954467773,74157,3344,35.6044,5.3313,30.2731,62.3109,0.48584,0.8455,1.1892,1.4065
20260801_074833-g1_29dof_wbt_fall_and_getup_aw_cql_manager-locomotion,cql,35000,12,35000,a62e99fffd85b6e9,-963.954467773,134624,2881,39.4282,6.4021,33.026,62.3109,0.53002,0.8276,1.2028,1.4533
20260801_074833-g1_29dof_wbt_fall_and_getup_aw_cql_manager-locomotion,cql,35000,16,35000,a62e99fffd85b6e9,-963.954467773,198771,3756,26.9724,2.3661,24.6063,62.3109,0.3949,0.8048,1.1497,1.4285
20260801_074833-g1_29dof_wbt_fall_and_getup_aw_cql_manager-locomotion,cql,36000,0,36000,812eab98cf59a6ae,-995.635925293,192109,6729,36.8436,22.8452,13.9985,59.868,0.23382,0.9581,1.9455,2.0306
20260801_074833-g1_29dof_wbt_fall_and_getup_aw_cql_manager-locomotion,cql,36000,1,36000,812eab98cf59a6ae,-995.635925293,94738,12464,18.4408,9.6943,8.7465,59.868,0.1461,0.9477,1.2714,1.3416
20260801_074833-g1_29dof_wbt_fall_and_getup_aw_cql_manager-locomotion,cql,36000,2,36000,812eab98cf59a6ae,-995.635925293,16213,105373,11.3293,1.6099,9.7194,59.868,0.16235,1.0137,1.0415,1.0274
20260801_074833-g1_29dof_wbt_fall_and_getup_aw_cql_manager-locomotion,cql,36000,3,36000,812eab98cf59a6ae,-995.635925293,18957,19294,6.7162,-1.5841,8.3004,59.868,0.13864,1.1348,1.2735,1.1222
20260801_074833-g1_29dof_wbt_fall_and_getup_aw_cql_manager-locomotion,cql,36000,4,36000,812eab98cf59a6ae,-995.635925293,21006,10750,2.7447,-4.9436,7.6884,59.868,0.12842,1.172,1.3135,1.1208
20260801_074833-g1_29dof_wbt_fall_and_getup_aw_cql_manager-locomotion,cql,36000,5,36000,812eab98cf59a6ae,-995.635925293,29649,5332,12.0061,-4.1796,16.1857,59.868,0.27036,1.0914,1.3439,1.2314
20260801_074833-g1_29dof_wbt_fall_and_getup_aw_cql_manager-locomotion,cql,36000,8,36000,812eab98cf59a6ae,-995.635925293,74157,3344,34.7931,6.0131,28.78,59.868,0.48072,0.8486,1.1974,1.4111
20260801_074833-g1_29dof_wbt_fall_and_getup_aw_cql_manager-locomotion,cql,36000,12,36000,812eab98cf59a6ae,-995.635925293,134624,2881,38.7015,6.6658,32.0357,59.868,0.5351,0.8283,1.2066,1.4566
20260801_074833-g1_29dof_wbt_fall_and_getup_aw_cql_manager-locomotion,cql,36000,16,36000,812eab98cf59a6ae,-995.635925293,198771,3756,26.567,2.4218,24.1451,59.868,0.40331,0.8048,1.153,1.4327
20260801_074833-g1_29dof_wbt_fall_and_getup_aw_cql_manager-locomotion,cql,37000,0,37000,5936a8208fae74b4,-1026.508544922,192109,6729,36.5657,21.6052,14.9605,60.5278,0.24717,0.9525,1.9016,1.9965
20260801_074833-g1_29dof_wbt_fall_and_getup_aw_cql_manager-locomotion,cql,37000,1,37000,5936a8208fae74b4,-1026.508544922,94738,12464,18.1451,9.0725,9.0726,60.5278,0.14989,0.9396,1.2563,1.337
20260801_074833-g1_29dof_wbt_fall_and_getup_aw_cql_manager-locomotion,cql,37000,2,37000,5936a8208fae74b4,-1026.508544922,16213,105373,9.1252,1.7196,7.4056,60.5278,0.12235,1.0034,1.031,1.0275
20260801_074833-g1_29dof_wbt_fall_and_getup_aw_cql_manager-locomotion,cql,37000,3,37000,5936a8208fae74b4,-1026.508544922,18957,19294,6.8553,-1.8797,8.735,60.5278,0.14431,1.1243,1.2593,1.12
20260801_074833-g1_29dof_wbt_fall_and_getup_aw_cql_manager-locomotion,cql,37000,4,37000,5936a8208fae74b4,-1026.508544922,21006,10750,2.6162,-6.2666,8.8829,60.5278,0.14676,1.163,1.3083,1.1249
20260801_074833-g1_29dof_wbt_fall_and_getup_aw_cql_manager-locomotion,cql,37000,5,37000,5936a8208fae74b4,-1026.508544922,29649,5332,12.9788,-5.1663,18.1452,60.5278,0.29978,1.0889,1.3417,1.2322
20260801_074833-g1_29dof_wbt_fall_and_getup_aw_cql_manager-locomotion,cql,37000,8,37000,5936a8208fae74b4,-1026.508544922,74157,3344,35.231,6.0443,29.1867,60.5278,0.4822,0.8453,1.1912,1.4092
20260801_074833-g1_29dof_wbt_fall_and_getup_aw_cql_manager-locomotion,cql,37000,12,37000,5936a8208fae74b4,-1026.508544922,134624,2881,38.8909,6.2002,32.6907,60.5278,0.54009,0.8271,1.2011,1.4522
20260801_074833-g1_29dof_wbt_fall_and_getup_aw_cql_manager-locomotion,cql,37000,16,37000,5936a8208fae74b4,-1026.508544922,198771,3756,26.4617,2.0023,24.4594,60.5278,0.4041,0.8044,1.1503,1.43
20260801_074833-g1_29dof_wbt_fall_and_getup_aw_cql_manager-locomotion,cql,38000,0,38000,e622c7bcf15c3966,-1053.387939453,192109,6729,35.206,17.1958,18.0101,60.5158,0.29761,0.9496,1.8691,1.9683
20260801_074833-g1_29dof_wbt_fall_and_getup_aw_cql_manager-locomotion,cql,38000,1,38000,e622c7bcf15c3966,-1053.387939453,94738,12464,17.4448,8.2378,9.207,60.5158,0.15214,0.9358,1.2471,1.3326
20260801_074833-g1_29dof_wbt_fall_and_getup_aw_cql_manager-locomotion,cql,38000,2,38000,e622c7bcf15c3966,-1053.387939453,16213,105373,9.9583,1.6546,8.3037,60.5158,0.13722,1.0014,1.025,1.0236
20260801_074833-g1_29dof_wbt_fall_and_getup_aw_cql_manager-locomotion,cql,38000,3,38000,e622c7bcf15c3966,-1053.387939453,18957,19294,4.4692,-1.1957,5.6649,60.5158,0.09361,1.1292,1.2504,1.1073
20260801_074833-g1_29dof_wbt_fall_and_getup_aw_cql_manager-locomotion,cql,38000,4,38000,e622c7bcf15c3966,-1053.387939453,21006,10750,-1.4878,-6.6149,5.1272,60.5158,0.08472,1.1614,1.299,1.1185
20260801_074833-g1_29dof_wbt_fall_and_getup_aw_cql_manager-locomotion,cql,38000,5,38000,e622c7bcf15c3966,-1053.387939453,29649,5332,10.2585,-5.0409,15.2994,60.5158,0.25282,1.0773,1.3293,1.2339
20260801_074833-g1_29dof_wbt_fall_and_getup_aw_cql_manager-locomotion,cql,38000,8,38000,e622c7bcf15c3966,-1053.387939453,74157,3344,34.4043,5.4305,28.9738,60.5158,0.47878,0.8441,1.1841,1.4028
20260801_074833-g1_29dof_wbt_fall_and_getup_aw_cql_manager-locomotion,cql,38000,12,38000,e622c7bcf15c3966,-1053.387939453,134624,2881,38.1854,6.5709,31.6145,60.5158,0.52242,0.8265,1.1951,1.4459
20260801_074833-g1_29dof_wbt_fall_and_getup_aw_cql_manager-locomotion,cql,38000,16,38000,e622c7bcf15c3966,-1053.387939453,198771,3756,26.3196,1.7283,24.5913,60.5158,0.40636,0.804,1.1451,1.4241
20260801_074833-g1_29dof_wbt_fall_and_getup_aw_cql_manager-locomotion,cql,39000,0,39000,811ef04645cd2db3,-1086.415405273,192109,6729,33.3842,19.8294,13.5548,60.7178,0.22324,0.9536,1.8981,1.9904
20260801_074833-g1_29dof_wbt_fall_and_getup_aw_cql_manager-locomotion,cql,39000,1,39000,811ef04645cd2db3,-1086.415405273,94738,12464,13.7489,5.4435,8.3054,60.7178,0.13679,0.94,1.2591,1.3394
20260801_074833-g1_29dof_wbt_fall_and_getup_aw_cql_manager-locomotion,cql,39000,2,39000,811ef04645cd2db3,-1086.415405273,16213,105373,8.962,1.5256,7.4364,60.7178,0.12247,1.0034,1.0315,1.028
20260801_074833-g1_29dof_wbt_fall_and_getup_aw_cql_manager-locomotion,cql,39000,3,39000,811ef04645cd2db3,-1086.415405273,18957,19294,5.702,-1.7391,7.4411,60.7178,0.12255,1.1158,1.2408,1.112
20260801_074833-g1_29dof_wbt_fall_and_getup_aw_cql_manager-locomotion,cql,39000,4,39000,811ef04645cd2db3,-1086.415405273,21006,10750,1.7621,-6.3424,8.1045,60.7178,0.13348,1.1511,1.2939,1.1241
20260801_074833-g1_29dof_wbt_fall_and_getup_aw_cql_manager-locomotion,cql,39000,5,39000,811ef04645cd2db3,-1086.415405273,29649,5332,10.6518,-4.8572,15.509,60.7178,0.25543,1.0753,1.3325,1.2392
20260801_074833-g1_29dof_wbt_fall_and_getup_aw_cql_manager-locomotion,cql,39000,8,39000,811ef04645cd2db3,-1086.415405273,74157,3344,34.9389,5.7474,29.1915,60.7178,0.48077,0.8445,1.1886,1.4073
20260801_074833-g1_29dof_wbt_fall_and_getup_aw_cql_manager-locomotion,cql,39000,12,39000,811ef04645cd2db3,-1086.415405273,134624,2881,38.4416,5.7706,32.671,60.7178,0.53808,0.8265,1.1962,1.4473
20260801_074833-g1_29dof_wbt_fall_and_getup_aw_cql_manager-locomotion,cql,39000,16,39000,811ef04645cd2db3,-1086.415405273,198771,3756,26.2919,1.7902,24.5017,60.7178,0.40353,0.8036,1.1449,1.4247
20260801_074833-g1_29dof_wbt_fall_and_getup_aw_cql_manager-locomotion,cql,40000,0,40000,9e5ee662c56bbdd2,-1117.026123047,192109,6729,33.8119,17.4488,16.3631,60.4297,0.27078,0.9496,1.8613,1.9602
20260801_074833-g1_29dof_wbt_fall_and_getup_aw_cql_manager-locomotion,cql,40000,1,40000,9e5ee662c56bbdd2,-1117.026123047,94738,12464,15.6707,6.3548,9.3158,60.4297,0.15416,0.934,1.2462,1.3343
20260801_074833-g1_29dof_wbt_fall_and_getup_aw_cql_manager-locomotion,cql,40000,2,40000,9e5ee662c56bbdd2,-1117.026123047,16213,105373,8.8604,1.6537,7.2067,60.4297,0.11926,0.9992,1.0195,1.0203
20260801_074833-g1_29dof_wbt_fall_and_getup_aw_cql_manager-locomotion,cql,40000,3,40000,9e5ee662c56bbdd2,-1117.026123047,18957,19294,2.1138,-1.6473,3.7611,60.4297,0.06224,1.1169,1.2415,1.1116
20260801_074833-g1_29dof_wbt_fall_and_getup_aw_cql_manager-locomotion,cql,40000,4,40000,9e5ee662c56bbdd2,-1117.026123047,21006,10750,-2.7399,-7.3176,4.5777,60.4297,0.07575,1.1519,1.2917,1.1213
20260801_074833-g1_29dof_wbt_fall_and_getup_aw_cql_manager-locomotion,cql,40000,5,40000,9e5ee662c56bbdd2,-1117.026123047,29649,5332,11.4892,-5.1827,16.6719,60.4297,0.27589,1.0798,1.3341,1.2356
20260801_074833-g1_29dof_wbt_fall_and_getup_aw_cql_manager-locomotion,cql,40000,8,40000,9e5ee662c56bbdd2,-1117.026123047,74157,3344,33.7919,4.438,29.3539,60.4297,0.48575,0.8466,1.1941,1.4104
20260801_074833-g1_29dof_wbt_fall_and_getup_aw_cql_manager-locomotion,cql,40000,12,40000,9e5ee662c56bbdd2,-1117.026123047,134624,2881,37.8148,5.3593,32.4555,60.4297,0.53708,0.8281,1.2008,1.4501
20260801_074833-g1_29dof_wbt_fall_and_getup_aw_cql_manager-locomotion,cql,40000,16,40000,9e5ee662c56bbdd2,-1117.026123047,198771,3756,25.7508,1.3658,24.385,60.4297,0.40353,0.8051,1.1463,1.4238
20260801_074833-g1_29dof_wbt_fall_and_getup_aw_cql_manager-locomotion,cql,41000,0,41000,17ebdcdb1f048902,-1144.302124023,192109,6729,34.1361,17.1175,17.0185,59.2722,0.28713,0.9477,1.8477,1.9497
20260801_074833-g1_29dof_wbt_fall_and_getup_aw_cql_manager-locomotion,cql,41000,1,41000,17ebdcdb1f048902,-1144.302124023,94738,12464,16.3742,7.0645,9.3096,59.2722,0.15707,0.9382,1.235,1.3164
20260801_074833-g1_29dof_wbt_fall_and_getup_aw_cql_manager-locomotion,cql,41000,2,41000,17ebdcdb1f048902,-1144.302124023,16213,105373,9.7688,1.6509,8.118,59.2722,0.13696,1.0011,1.0255,1.0244
20260801_074833-g1_29dof_wbt_fall_and_getup_aw_cql_manager-locomotion,cql,41000,3,41000,17ebdcdb1f048902,-1144.302124023,18957,19294,4.3445,-1.2609,5.6053,59.2722,0.09457,1.1313,1.2468,1.102
20260801_074833-g1_29dof_wbt_fall_and_getup_aw_cql_manager-locomotion,cql,41000,4,41000,17ebdcdb1f048902,-1144.302124023,21006,10750,2.0382,-5.0254,7.0636,59.2722,0.11917,1.1597,1.305,1.1253
20260801_074833-g1_29dof_wbt_fall_and_getup_aw_cql_manager-locomotion,cql,41000,5,41000,17ebdcdb1f048902,-1144.302124023,29649,5332,10.5436,-4.6052,15.1488,59.2722,0.25558,1.0899,1.3406,1.23
20260801_074833-g1_29dof_wbt_fall_and_getup_aw_cql_manager-locomotion,cql,41000,8,41000,17ebdcdb1f048902,-1144.302124023,74157,3344,35.4574,6.0086,29.4488,59.2722,0.49684,0.8456,1.1832,1.3993
20260801_074833-g1_29dof_wbt_fall_and_getup_aw_cql_manager-locomotion,cql,41000,12,41000,17ebdcdb1f048902,-1144.302124023,134624,2881,37.9412,6.1856,31.7556,59.2722,0.53576,0.8264,1.1922,1.4427
20260801_074833-g1_29dof_wbt_fall_and_getup_aw_cql_manager-locomotion,cql,41000,16,41000,17ebdcdb1f048902,-1144.302124023,198771,3756,26.4367,1.9403,24.4964,59.2722,0.41329,0.8046,1.1439,1.4218
20260801_074833-g1_29dof_wbt_fall_and_getup_aw_cql_manager-locomotion,cql,42000,0,42000,f28a0dcbb5d4dc90,-1173.206176758,192109,6729,31.8374,16.4375,15.3999,59.6952,0.25798,0.9517,1.873,1.9681
20260801_074833-g1_29dof_wbt_fall_and_getup_aw_cql_manager-locomotion,cql,42000,1,42000,f28a0dcbb5d4dc90,-1173.206176758,94738,12464,13.7345,5.5134,8.2211,59.6952,0.13772,0.9372,1.2467,1.3303
20260801_074833-g1_29dof_wbt_fall_and_getup_aw_cql_manager-locomotion,cql,42000,2,42000,f28a0dcbb5d4dc90,-1173.206176758,16213,105373,7.6122,0.8217,6.7905,59.6952,0.11375,1.0011,1.0243,1.0232
20260801_074833-g1_29dof_wbt_fall_and_getup_aw_cql_manager-locomotion,cql,42000,3,42000,f28a0dcbb5d4dc90,-1173.206176758,18957,19294,3.3193,-2.0547,5.374,59.6952,0.09002,1.1288,1.2449,1.1029
20260801_074833-g1_29dof_wbt_fall_and_getup_aw_cql_manager-locomotion,cql,42000,4,42000,f28a0dcbb5d4dc90,-1173.206176758,21006,10750,-0.3444,-5.9966,5.6522,59.6952,0.09468,1.1591,1.3032,1.1243
20260801_074833-g1_29dof_wbt_fall_and_getup_aw_cql_manager-locomotion,cql,42000,5,42000,f28a0dcbb5d4dc90,-1173.206176758,29649,5332,10.2717,-4.1551,14.4269,59.6952,0.24168,1.072,1.32,1.2313
20260801_074833-g1_29dof_wbt_fall_and_getup_aw_cql_manager-locomotion,cql,42000,8,42000,f28a0dcbb5d4dc90,-1173.206176758,74157,3344,34.8499,5.8944,28.9555,59.6952,0.48506,0.8468,1.1917,1.4073
20260801_074833-g1_29dof_wbt_fall_and_getup_aw_cql_manager-locomotion,cql,42000,12,42000,f28a0dcbb5d4dc90,-1173.206176758,134624,2881,37.4277,5.8723,31.5554,59.6952,0.52861,0.8263,1.1968,1.4485
20260801_074833-g1_29dof_wbt_fall_and_getup_aw_cql_manager-locomotion,cql,42000,16,42000,f28a0dcbb5d4dc90,-1173.206176758,198771,3756,26.2452,1.9182,24.327,59.6952,0.40752,0.8039,1.1487,1.4289
20260801_074833-g1_29dof_wbt_fall_and_getup_aw_cql_manager-locomotion,cql,43000,0,43000,b6dfac31fe1c538e,-1201.665039062,192109,6729,32.7157,17.9633,14.7524,59.6321,0.24739,0.9502,1.8781,1.9765
20260801_074833-g1_29dof_wbt_fall_and_getup_aw_cql_manager-locomotion,cql,43000,1,43000,b6dfac31fe1c538e,-1201.665039062,94738,12464,14.3995,5.9828,8.4167,59.6321,0.14114,0.9347,1.2438,1.3307
20260801_074833-g1_29dof_wbt_fall_and_getup_aw_cql_manager-locomotion,cql,43000,2,43000,b6dfac31fe1c538e,-1201.665039062,16213,105373,8.3187,1.1844,7.1343,59.6321,0.11964,1.007,1.0284,1.0212
20260801_074833-g1_29dof_wbt_fall_and_getup_aw_cql_manager-locomotion,cql,43000,3,43000,b6dfac31fe1c538e,-1201.665039062,18957,19294,2.0653,-1.7276,3.7928,59.6321,0.0636,1.1306,1.2479,1.1038
20260801_074833-g1_29dof_wbt_fall_and_getup_aw_cql_manager-locomotion,cql,43000,4,43000,b6dfac31fe1c538e,-1201.665039062,21006,10750,-0.1315,-6.5195,6.388,59.6321,0.10712,1.1722,1.3015,1.1103
20260801_074833-g1_29dof_wbt_fall_and_getup_aw_cql_manager-locomotion,cql,43000,5,43000,b6dfac31fe1c538e,-1201.665039062,29649,5332,9.7703,-5.7765,15.5468,59.6321,0.26071,1.0797,1.3335,1.235
20260801_074833-g1_29dof_wbt_fall_and_getup_aw_cql_manager-locomotion,cql,43000,8,43000,b6dfac31fe1c538e,-1201.665039062,74157,3344,33.4107,5.0141,28.3966,59.6321,0.4762,0.8452,1.1837,1.4004
20260801_074833-g1_29dof_wbt_fall_and_getup_aw_cql_manager-locomotion,cql,43000,12,43000,b6dfac31fe1c538e,-1201.665039062,134624,2881,37.4067,5.7191,31.6877,59.6321,0.53139,0.8247,1.1929,1.4465
20260801_074833-g1_29dof_wbt_fall_and_getup_aw_cql_manager-locomotion,cql,43000,16,43000,b6dfac31fe1c538e,-1201.665039062,198771,3756,26.0762,1.6609,24.4153,59.6321,0.40943,0.8029,1.1453,1.4263
20260801_074833-g1_29dof_wbt_fall_and_getup_aw_cql_manager-locomotion,cql,44000,0,44000,a95b73b4822050be,-1229.126953125,192109,6729,30.7629,15.7822,14.9807,60.2183,0.24877,0.9497,1.8743,1.9736
20260801_074833-g1_29dof_wbt_fall_and_getup_aw_cql_manager-locomotion,cql,44000,1,44000,a95b73b4822050be,-1229.126953125,94738,12464,13.623,6.2029,7.4201,60.2183,0.12322,0.935,1.2441,1.3306
20260801_074833-g1_29dof_wbt_fall_and_getup_aw_cql_manager-locomotion,cql,44000,2,44000,a95b73b4822050be,-1229.126953125,16213,105373,4.4684,0.8935,3.5749,60.2183,0.05937,1.0023,1.0238,1.0214
20260801_074833-g1_29dof_wbt_fall_and_getup_aw_cql_manager-locomotion,cql,44000,3,44000,a95b73b4822050be,-1229.126953125,18957,19294,-1.3603,-1.911,0.5507,60.2183,0.00914,1.1402,1.2514,1.0975
20260801_074833-g1_29dof_wbt_fall_and_getup_aw_cql_manager-locomotion,cql,44000,4,44000,a95b73b4822050be,-1229.126953125,21006,10750,-2.6119,-6.7656,4.1537,60.2183,0.06898,1.1782,1.3134,1.1147
20260801_074833-g1_29dof_wbt_fall_and_getup_aw_cql_manager-locomotion,cql,44000,5,44000,a95b73b4822050be,-1229.126953125,29649,5332,9.131,-6.3023,15.4333,60.2183,0.25629,1.0744,1.3287,1.2367
20260801_074833-g1_29dof_wbt_fall_and_getup_aw_cql_manager-locomotion,cql,44000,8,44000,a95b73b4822050be,-1229.126953125,74157,3344,34.5731,5.8694,28.7037,60.2183,0.47666,0.8444,1.1873,1.4061
20260801_074833-g1_29dof_wbt_fall_and_getup_aw_cql_manager-locomotion,cql,44000,12,44000,a95b73b4822050be,-1229.126953125,134624,2881,37.1697,5.6255,31.5442,60.2183,0.52383,0.8261,1.1921,1.4431
20260801_074833-g1_29dof_wbt_fall_and_getup_aw_cql_manager-locomotion,cql,44000,16,44000,a95b73b4822050be,-1229.126953125,198771,3756,25.6244,1.3299,24.2945,60.2183,0.40344,0.8039,1.1439,1.4229
20260801_074833-g1_29dof_wbt_fall_and_getup_aw_cql_manager-locomotion,cql,45000,0,45000,bf7fc0d8454ebda4,-1257.799438477,192109,6729,30.9671,16.5454,14.4217,59.6443,0.24179,0.9486,1.8472,1.9473
20260801_074833-g1_29dof_wbt_fall_and_getup_aw_cql_manager-locomotion,cql,45000,1,45000,bf7fc0d8454ebda4,-1257.799438477,94738,12464,12.3594,4.6668,7.6926,59.6443,0.12897,0.9311,1.2356,1.327
20260801_074833-g1_29dof_wbt_fall_and_getup_aw_cql_manager-locomotion,cql,45000,2,45000,bf7fc0d8454ebda4,-1257.799438477,16213,105373,6.3622,0.7053,5.657,59.6443,0.09484,1.0038,1.0215,1.0176
20260801_074833-g1_29dof_wbt_fall_and_getup_aw_cql_manager-locomotion,cql,45000,3,45000,bf7fc0d8454ebda4,-1257.799438477,18957,19294,0.2123,-2.2647,2.477,59.6443,0.04153,1.1208,1.2371,1.1037
20260801_074833-g1_29dof_wbt_fall_and_getup_aw_cql_manager-locomotion,cql,45000,4,45000,bf7fc0d8454ebda4,-1257.799438477,21006,10750,-2.4065,-7.905,5.4985,59.6443,0.09219,1.1623,1.2968,1.1158
20260801_074833-g1_29dof_wbt_fall_and_getup_aw_cql_manager-locomotion,cql,45000,5,45000,bf7fc0d8454ebda4,-1257.799438477,29649,5332,10.06,-5.0499,15.1099,59.6443,0.25333,1.0702,1.3157,1.2295
20260801_074833-g1_29dof_wbt_fall_and_getup_aw_cql_manager-locomotion,cql,45000,8,45000,bf7fc0d8454ebda4,-1257.799438477,74157,3344,32.6219,4.3626,28.2593,59.6443,0.4738,0.8431,1.1836,1.4039
20260801_074833-g1_29dof_wbt_fall_and_getup_aw_cql_manager-locomotion,cql,45000,12,45000,bf7fc0d8454ebda4,-1257.799438477,134624,2881,37.1673,5.4344,31.7329,59.6443,0.53203,0.8258,1.1965,1.449
20260801_074833-g1_29dof_wbt_fall_and_getup_aw_cql_manager-locomotion,cql,45000,16,45000,bf7fc0d8454ebda4,-1257.799438477,198771,3756,25.6778,1.2562,24.4216,59.6443,0.40945,0.8041,1.1462,1.4254
20260801_074833-g1_29dof_wbt_fall_and_getup_aw_cql_manager-locomotion,cql,46000,0,46000,e74f3a88b86ca0bc,-1284.92199707,192109,6729,30.1846,14.6908,15.4938,60.071,0.25792,0.9549,1.8884,1.9776
20260801_074833-g1_29dof_wbt_fall_and_getup_aw_cql_manager-locomotion,cql,46000,1,46000,e74f3a88b86ca0bc,-1284.92199707,94738,12464,12.6482,5.1633,7.4849,60.071,0.1246,0.9398,1.2572,1.3378
20260801_074833-g1_29dof_wbt_fall_and_getup_aw_cql_manager-locomotion,cql,46000,2,46000,e74f3a88b86ca0bc,-1284.92199707,16213,105373,6.302,0.7173,5.5847,60.071,0.09297,1.0038,1.0256,1.0218
20260801_074833-g1_29dof_wbt_fall_and_getup_aw_cql_manager-locomotion,cql,46000,3,46000,e74f3a88b86ca0bc,-1284.92199707,18957,19294,1.1782,-2.3207,3.4989,60.071,0.05825,1.1218,1.2373,1.103
20260801_074833-g1_29dof_wbt_fall_and_getup_aw_cql_manager-locomotion,cql,46000,4,46000,e74f3a88b86ca0bc,-1284.92199707,21006,10750,-2.7225,-8.0186,5.2961,60.071,0.08816,1.1541,1.2898,1.1175
20260801_074833-g1_29dof_wbt_fall_and_getup_aw_cql_manager-locomotion,cql,46000,5,46000,e74f3a88b86ca0bc,-1284.92199707,29649,5332,9.2372,-4.9766,14.2138,60.071,0.23662,1.0725,1.3186,1.2295
20260801_074833-g1_29dof_wbt_fall_and_getup_aw_cql_manager-locomotion,cql,46000,8,46000,e74f3a88b86ca0bc,-1284.92199707,74157,3344,33.1764,4.4718,28.7046,60.071,0.47784,0.8427,1.1895,1.4115
20260801_074833-g1_29dof_wbt_fall_and_getup_aw_cql_manager-locomotion,cql,46000,12,46000,e74f3a88b86ca0bc,-1284.92199707,134624,2881,36.5931,5.5473,31.0459,60.071,0.51682,0.8265,1.1973,1.4486
20260801_074833-g1_29dof_wbt_fall_and_getup_aw_cql_manager-locomotion,cql,46000,16,46000,e74f3a88b86ca0bc,-1284.92199707,198771,3756,26.0046,1.2613,24.7433,60.071,0.4119,0.8049,1.15,1.4288
20260801_074833-g1_29dof_wbt_fall_and_getup_aw_cql_manager-locomotion,cql,47000,0,47000,562646ec9a12c4f1,-1311.062988281,192109,6729,29.647,16.4426,13.2044,59.972,0.22018,0.9494,1.8699,1.9696
20260801_074833-g1_29dof_wbt_fall_and_getup_aw_cql_manager-locomotion,cql,47000,1,47000,562646ec9a12c4f1,-1311.062988281,94738,12464,10.7673,3.2192,7.5481,59.972,0.12586,0.9333,1.2378,1.3264
20260801_074833-g1_29dof_wbt_fall_and_getup_aw_cql_manager-locomotion,cql,47000,2,47000,562646ec9a12c4f1,-1311.062988281,16213,105373,4.5446,0.4112,4.1334,59.972,0.06892,1.0045,1.0179,1.0133
20260801_074833-g1_29dof_wbt_fall_and_getup_aw_cql_manager-locomotion,cql,47000,3,47000,562646ec9a12c4f1,-1311.062988281,18957,19294,-0.5572,-1.9239,1.3667,59.972,0.02279,1.1236,1.2385,1.1022
20260801_074833-g1_29dof_wbt_fall_and_getup_aw_cql_manager-locomotion,cql,47000,4,47000,562646ec9a12c4f1,-1311.062988281,21006,10750,-2.8679,-7.1956,4.3277,59.972,0.07216,1.151,1.2886,1.1196
20260801_074833-g1_29dof_wbt_fall_and_getup_aw_cql_manager-locomotion,cql,47000,5,47000,562646ec9a12c4f1,-1311.062988281,29649,5332,9.3772,-6.2519,15.6291,59.972,0.26061,1.072,1.3194,1.2308
20260801_074833-g1_29dof_wbt_fall_and_getup_aw_cql_manager-locomotion,cql,47000,8,47000,562646ec9a12c4f1,-1311.062988281,74157,3344,33.2676,5.148,28.1196,59.972,0.46888,0.8448,1.1897,1.4083
20260801_074833-g1_29dof_wbt_fall_and_getup_aw_cql_manager-locomotion,cql,47000,12,47000,562646ec9a12c4f1,-1311.062988281,134624,2881,36.6553,5.4834,31.1719,59.972,0.51977,0.8258,1.1911,1.4423
20260801_074833-g1_29dof_wbt_fall_and_getup_aw_cql_manager-locomotion,cql,47000,16,47000,562646ec9a12c4f1,-1311.062988281,198771,3756,25.8052,1.2282,24.577,59.972,0.40981,0.8043,1.1465,1.4254
20260801_074833-g1_29dof_wbt_fall_and_getup_aw_cql_manager-locomotion,cql,48000,0,48000,e359d34cba8a1a82,-1335.996704102,192109,6729,28.2088,12.0268,16.182,59.7673,0.27075,0.9543,1.8733,1.963
20260801_074833-g1_29dof_wbt_fall_and_getup_aw_cql_manager-locomotion,cql,48000,1,48000,e359d34cba8a1a82,-1335.996704102,94738,12464,11.0018,3.5066,7.4953,59.7673,0.12541,0.9335,1.2476,1.3364
20260801_074833-g1_29dof_wbt_fall_and_getup_aw_cql_manager-locomotion,cql,48000,2,48000,e359d34cba8a1a82,-1335.996704102,16213,105373,3.6238,0.6998,2.9239,59.7673,0.04892,1.0059,1.016,1.01
20260801_074833-g1_29dof_wbt_fall_and_getup_aw_cql_manager-locomotion,cql,48000,3,48000,e359d34cba8a1a82,-1335.996704102,18957,19294,-0.3538,-1.7491,1.3953,59.7673,0.02335,1.1243,1.2314,1.0953
20260801_074833-g1_29dof_wbt_fall_and_getup_aw_cql_manager-locomotion,cql,48000,4,48000,e359d34cba8a1a82,-1335.996704102,21006,10750,-2.7641,-6.9618,4.1977,59.7673,0.07023,1.1549,1.2936,1.1201
20260801_074833-g1_29dof_wbt_fall_and_getup_aw_cql_manager-locomotion,cql,48000,5,48000,e359d34cba8a1a82,-1335.996704102,29649,5332,7.0726,-6.4232,13.4958,59.7673,0.22581,1.0674,1.3149,1.2319
20260801_074833-g1_29dof_wbt_fall_and_getup_aw_cql_manager-locomotion,cql,48000,8,48000,e359d34cba8a1a82,-1335.996704102,74157,3344,33.0397,5.565,27.4747,59.7673,0.45969,0.8414,1.1835,1.4065
20260801_074833-g1_29dof_wbt_fall_and_getup_aw_cql_manager-locomotion,cql,48000,12,48000,e359d34cba8a1a82,-1335.996704102,134624,2881,36.2727,5.4741,30.7986,59.7673,0.51531,0.8255,1.1879,1.439
20260801_074833-g1_29dof_wbt_fall_and_getup_aw_cql_manager-locomotion,cql,48000,16,48000,e359d34cba8a1a82,-1335.996704102,198771,3756,25.1169,0.5142,24.6027,59.7673,0.41164,0.8037,1.1445,1.424
20260801_074833-g1_29dof_wbt_fall_and_getup_aw_cql_manager-locomotion,cql,49000,0,49000,141645dd7db164c4,-1359.183959961,192109,6729,28.0679,13.966,14.1019,60.6584,0.23248,0.9501,1.8405,1.9371
20260801_074833-g1_29dof_wbt_fall_and_getup_aw_cql_manager-locomotion,cql,49000,1,49000,141645dd7db164c4,-1359.183959961,94738,12464,10.5794,3.2627,7.3167,60.6584,0.12062,0.9347,1.2358,1.3221
20260801_074833-g1_29dof_wbt_fall_and_getup_aw_cql_manager-locomotion,cql,49000,2,49000,141645dd7db164c4,-1359.183959961,16213,105373,3.1762,0.4274,2.7488,60.6584,0.04532,1.0009,1.0168,1.0158
20260801_074833-g1_29dof_wbt_fall_and_getup_aw_cql_manager-locomotion,cql,49000,3,49000,141645dd7db164c4,-1359.183959961,18957,19294,-3.4424,-1.8898,-1.5526,60.6584,-0.0256,1.1185,1.2296,1.0994
20260801_074833-g1_29dof_wbt_fall_and_getup_aw_cql_manager-locomotion,cql,49000,4,49000,141645dd7db164c4,-1359.183959961,21006,10750,-5.7845,-7.3415,1.5569,60.6584,0.02567,1.1497,1.279,1.1125
20260801_074833-g1_29dof_wbt_fall_and_getup_aw_cql_manager-locomotion,cql,49000,5,49000,141645dd7db164c4,-1359.183959961,29649,5332,8.5823,-6.0645,14.6468,60.6584,0.24146,1.0731,1.318,1.2282
20260801_074833-g1_29dof_wbt_fall_and_getup_aw_cql_manager-locomotion,cql,49000,8,49000,141645dd7db164c4,-1359.183959961,74157,3344,34.3229,5.4669,28.856,60.6584,0.47571,0.8425,1.1921,1.4149
20260801_074833-g1_29dof_wbt_fall_and_getup_aw_cql_manager-locomotion,cql,49000,12,49000,141645dd7db164c4,-1359.183959961,134624,2881,36.7519,5.5086,31.2433,60.6584,0.51507,0.8248,1.1917,1.4448
20260801_074833-g1_29dof_wbt_fall_and_getup_aw_cql_manager-locomotion,cql,49000,16,49000,141645dd7db164c4,-1359.183959961,198771,3756,25.1627,0.9434,24.2193,60.6584,0.39927,0.8031,1.1476,1.429
20260801_074833-g1_29dof_wbt_fall_and_getup_aw_cql_manager-locomotion,cql,50000,0,50000,6ed6d43a0eee3fa9,-1382.778930664,192109,6729,26.5825,11.0111,15.5714,60.5744,0.25706,0.9502,1.8372,1.9336
20260801_074833-g1_29dof_wbt_fall_and_getup_aw_cql_manager-locomotion,cql,50000,1,50000,6ed6d43a0eee3fa9,-1382.778930664,94738,12464,8.5162,1.6319,6.8843,60.5744,0.11365,0.9346,1.2367,1.3232
20260801_074833-g1_29dof_wbt_fall_and_getup_aw_cql_manager-locomotion,cql,50000,2,50000,6ed6d43a0eee3fa9,-1382.778930664,16213,105373,2.092,-0.1251,2.2172,60.5744,0.0366,1.0019,1.0159,1.014
20260801_074833-g1_29dof_wbt_fall_and_getup_aw_cql_manager-locomotion,cql,50000,3,50000,6ed6d43a0eee3fa9,-1382.778930664,18957,19294,-5.3889,-2.1584,-3.2305,60.5744,-0.05333,1.1235,1.2357,1.0998
20260801_074833-g1_29dof_wbt_fall_and_getup_aw_cql_manager-locomotion,cql,50000,4,50000,6ed6d43a0eee3fa9,-1382.778930664,21006,10750,-6.028,-7.951,1.9229,60.5744,0.03174,1.1527,1.2895,1.1187
20260801_074833-g1_29dof_wbt_fall_and_getup_aw_cql_manager-locomotion,cql,50000,5,50000,6ed6d43a0eee3fa9,-1382.778930664,29649,5332,7.3353,-8.3485,15.6838,60.5744,0.25892,1.0701,1.3134,1.2273
20260801_074833-g1_29dof_wbt_fall_and_getup_aw_cql_manager-locomotion,cql,50000,8,50000,6ed6d43a0eee3fa9,-1382.778930664,74157,3344,31.5034,3.4643,28.0391,60.5744,0.46289,0.8445,1.1947,1.4148
20260801_074833-g1_29dof_wbt_fall_and_getup_aw_cql_manager-locomotion,cql,50000,12,50000,6ed6d43a0eee3fa9,-1382.778930664,134624,2881,36.6503,5.7296,30.9207,60.5744,0.51046,0.8261,1.1936,1.4449
20260801_074833-g1_29dof_wbt_fall_and_getup_aw_cql_manager-locomotion,cql,50000,16,50000,6ed6d43a0eee3fa9,-1382.778930664,198771,3756,25.1144,0.847,24.2674,60.5744,0.40062,0.8039,1.1456,1.4251
20260801_074833-g1_29dof_wbt_fall_and_getup_aw_cql_manager-locomotion,cql,51000,0,51000,62a8014877ffa917,-1403.594238281,192109,6729,26.7586,12.4455,14.3131,60.5809,0.23626,0.9514,1.8519,1.9465
20260801_074833-g1_29dof_wbt_fall_and_getup_aw_cql_manager-locomotion,cql,51000,1,51000,62a8014877ffa917,-1403.594238281,94738,12464,8.8134,1.9667,6.8468,60.5809,0.11302,0.9302,1.2343,1.327
20260801_074833-g1_29dof_wbt_fall_and_getup_aw_cql_manager-locomotion,cql,51000,2,51000,62a8014877ffa917,-1403.594238281,16213,105373,1.2549,-0.1958,1.4507,60.5809,0.02395,1.0107,1.0192,1.0084
20260801_074833-g1_29dof_wbt_fall_and_getup_aw_cql_manager-locomotion,cql,51000,3,51000,62a8014877ffa917,-1403.594238281,18957,19294,-5.5018,-2.3574,-3.1443,60.5809,-0.0519,1.1226,1.2417,1.1061
20260801_074833-g1_29dof_wbt_fall_and_getup_aw_cql_manager-locomotion,cql,51000,4,51000,62a8014877ffa917,-1403.594238281,21006,10750,-7.36,-8.2827,0.9227,60.5809,0.01523,1.1541,1.2911,1.1187
20260801_074833-g1_29dof_wbt_fall_and_getup_aw_cql_manager-locomotion,cql,51000,5,51000,62a8014877ffa917,-1403.594238281,29649,5332,7.071,-5.8752,12.9462,60.5809,0.2137,1.0694,1.3186,1.2331
20260801_074833-g1_29dof_wbt_fall_and_getup_aw_cql_manager-locomotion,cql,51000,8,51000,62a8014877ffa917,-1403.594238281,74157,3344,32.4527,5.2099,27.2428,60.5809,0.44969,0.8421,1.1833,1.4052
20260801_074833-g1_29dof_wbt_fall_and_getup_aw_cql_manager-locomotion,cql,51000,12,51000,62a8014877ffa917,-1403.594238281,134624,2881,35.6939,5.6371,30.0568,60.5809,0.49614,0.8273,1.1901,1.4386
20260801_074833-g1_29dof_wbt_fall_and_getup_aw_cql_manager-locomotion,cql,51000,16,51000,62a8014877ffa917,-1403.594238281,198771,3756,24.8171,1.1394,23.6777,60.5809,0.39084,0.8042,1.1434,1.4217
20260801_074833-g1_29dof_wbt_fall_and_getup_aw_cql_manager-locomotion,cql,52000,0,52000,46513a67e7f7ac38,-1429.633056641,192109,6729,26.0917,9.1894,16.9023,60.2981,0.28031,0.948,1.8274,1.9277
20260801_074833-g1_29dof_wbt_fall_and_getup_aw_cql_manager-locomotion,cql,52000,1,52000,46513a67e7f7ac38,-1429.633056641,94738,12464,8.5241,1.1135,7.4106,60.2981,0.1229,0.9289,1.2248,1.3186
20260801_074833-g1_29dof_wbt_fall_and_getup_aw_cql_manager-locomotion,cql,52000,2,52000,46513a67e7f7ac38,-1429.633056641,16213,105373,1.4048,-0.1201,1.5249,60.2981,0.02529,1.0018,1.0102,1.0085
20260801_074833-g1_29dof_wbt_fall_and_getup_aw_cql_manager-locomotion,cql,52000,3,52000,46513a67e7f7ac38,-1429.633056641,18957,19294,-2.3724,-2.1979,-0.1744,60.2981,-0.00289,1.1156,1.2273,1.1002
20260801_074833-g1_29dof_wbt_fall_and_getup_aw_cql_manager-locomotion,cql,52000,4,52000,46513a67e7f7ac38,-1429.633056641,21006,10750,-5.9039,-7.5721,1.6682,60.2981,0.02767,1.15,1.2747,1.1085
20260801_074833-g1_29dof_wbt_fall_and_getup_aw_cql_manager-locomotion,cql,52000,5,52000,46513a67e7f7ac38,-1429.633056641,29649,5332,7.3607,-5.9655,13.3263,60.2981,0.22101,1.0703,1.3193,1.2326
20260801_074833-g1_29dof_wbt_fall_and_getup_aw_cql_manager-locomotion,cql,52000,8,52000,46513a67e7f7ac38,-1429.633056641,74157,3344,32.0909,3.5868,28.504,60.2981,0.47272,0.845,1.189,1.407
20260801_074833-g1_29dof_wbt_fall_and_getup_aw_cql_manager-locomotion,cql,52000,12,52000,46513a67e7f7ac38,-1429.633056641,134624,2881,36.4876,5.8636,30.6239,60.2981,0.50788,0.8259,1.1908,1.4418
20260801_074833-g1_29dof_wbt_fall_and_getup_aw_cql_manager-locomotion,cql,52000,16,52000,46513a67e7f7ac38,-1429.633056641,198771,3756,25.4053,0.9301,24.4753,60.2981,0.4059,0.8034,1.1451,1.4252
20260801_074833-g1_29dof_wbt_fall_and_getup_aw_cql_manager-locomotion,cql,53000,0,53000,29b656bd63328304,-1449.554077148,192109,6729,25.411,10.7729,14.6381,59.6539,0.24538,0.9525,1.843,1.935
20260801_074833-g1_29dof_wbt_fall_and_getup_aw_cql_manager-locomotion,cql,53000,1,53000,29b656bd63328304,-1449.554077148,94738,12464,8.2618,1.4653,6.7964,59.6539,0.11393,0.932,1.234,1.324
20260801_074833-g1_29dof_wbt_fall_and_getup_aw_cql_manager-locomotion,cql,53000,2,53000,29b656bd63328304,-1449.554077148,16213,105373,1.4221,-0.4101,1.8323,59.6539,0.03072,1.0059,1.0167,1.0107
20260801_074833-g1_29dof_wbt_fall_and_getup_aw_cql_manager-locomotion,cql,53000,3,53000,29b656bd63328304,-1449.554077148,18957,19294,-2.3112,-1.8498,-0.4614,59.6539,-0.00774,1.1292,1.2322,1.0913
20260801_074833-g1_29dof_wbt_fall_and_getup_aw_cql_manager-locomotion,cql,53000,4,53000,29b656bd63328304,-1449.554077148,21006,10750,-5.1837,-6.8212,1.6375,59.6539,0.02745,1.1577,1.2902,1.1145
20260801_074833-g1_29dof_wbt_fall_and_getup_aw_cql_manager-locomotion,cql,53000,5,53000,29b656bd63328304,-1449.554077148,29649,5332,5.6082,-7.0109,12.619,59.6539,0.21154,1.064,1.3048,1.2263
20260801_074833-g1_29dof_wbt_fall_and_getup_aw_cql_manager-locomotion,cql,53000,8,53000,29b656bd63328304,-1449.554077148,74157,3344,32.9504,5.1518,27.7986,59.6539,0.466,0.8434,1.1903,1.4113
20260801_074833-g1_29dof_wbt_fall_and_getup_aw_cql_manager-locomotion,cql,53000,12,53000,29b656bd63328304,-1449.554077148,134624,2881,36.0665,5.9797,30.0867,59.6539,0.50436,0.824,1.1833,1.4361
20260801_074833-g1_29dof_wbt_fall_and_getup_aw_cql_manager-locomotion,cql,53000,16,53000,29b656bd63328304,-1449.554077148,198771,3756,25.2132,1.1758,24.0374,59.6539,0.40295,0.8023,1.1428,1.4245
20260801_074833-g1_29dof_wbt_fall_and_getup_aw_cql_manager-locomotion,cql,54000,0,54000,c27783b1816bd19c,-1480.410888672,192109,6729,25.2372,10.206,15.0312,59.4509,0.25283,0.9522,1.8379,1.9302
20260801_074833-g1_29dof_wbt_fall_and_getup_aw_cql_manager-locomotion,cql,54000,1,54000,c27783b1816bd19c,-1480.410888672,94738,12464,8.0389,1.958,6.0809,59.4509,0.10228,0.9333,1.2314,1.3194
20260801_074833-g1_29dof_wbt_fall_and_getup_aw_cql_manager-locomotion,cql,54000,2,54000,c27783b1816bd19c,-1480.410888672,16213,105373,0.8716,-0.0961,0.9676,59.4509,0.01628,1.0126,1.0168,1.0042
20260801_074833-g1_29dof_wbt_fall_and_getup_aw_cql_manager-locomotion,cql,54000,3,54000,c27783b1816bd19c,-1480.410888672,18957,19294,-3.3594,-2.5202,-0.8392,59.4509,-0.01412,1.119,1.2316,1.1006
20260801_074833-g1_29dof_wbt_fall_and_getup_aw_cql_manager-locomotion,cql,54000,4,54000,c27783b1816bd19c,-1480.410888672,21006,10750,-5.9863,-7.8965,1.9102,59.4509,0.03213,1.148,1.283,1.1176
20260801_074833-g1_29dof_wbt_fall_and_getup_aw_cql_manager-locomotion,cql,54000,5,54000,c27783b1816bd19c,-1480.410888672,29649,5332,5.465,-7.1245,12.5895,59.4509,0.21176,1.0691,1.3134,1.2285
20260801_074833-g1_29dof_wbt_fall_and_getup_aw_cql_manager-locomotion,cql,54000,8,54000,c27783b1816bd19c,-1480.410888672,74157,3344,32.5429,4.9234,27.6195,59.4509,0.46458,0.8436,1.191,1.4119
20260801_074833-g1_29dof_wbt_fall_and_getup_aw_cql_manager-locomotion,cql,54000,12,54000,c27783b1816bd19c,-1480.410888672,134624,2881,35.7666,5.6436,30.123,59.4509,0.50669,0.825,1.188,1.4401
20260801_074833-g1_29dof_wbt_fall_and_getup_aw_cql_manager-locomotion,cql,54000,16,54000,c27783b1816bd19c,-1480.410888672,198771,3756,24.775,0.7793,23.9957,59.4509,0.40362,0.803,1.1425,1.4228
20260801_074833-g1_29dof_wbt_fall_and_getup_aw_cql_manager-locomotion,cql,55000,0,55000,854b93f86e38ddaf,-1498.580810547,192109,6729,24.8809,9.2711,15.6098,60.7312,0.25703,0.9497,1.8101,1.9059
20260801_074833-g1_29dof_wbt_fall_and_getup_aw_cql_manager-locomotion,cql,55000,1,55000,854b93f86e38ddaf,-1498.580810547,94738,12464,8.0948,1.379,6.7158,60.7312,0.11058,0.9308,1.2266,1.3177
20260801_074833-g1_29dof_wbt_fall_and_getup_aw_cql_manager-locomotion,cql,55000,2,55000,854b93f86e38ddaf,-1498.580810547,16213,105373,-0.5309,-0.393,-0.1379,60.7312,-0.00227,0.9999,1.0099,1.01
20260801_074833-g1_29dof_wbt_fall_and_getup_aw_cql_manager-locomotion,cql,55000,3,55000,854b93f86e38ddaf,-1498.580810547,18957,19294,-8.9024,-2.2176,-6.6848,60.7312,-0.11007,1.1143,1.2283,1.1022
20260801_074833-g1_29dof_wbt_fall_and_getup_aw_cql_manager-locomotion,cql,55000,4,55000,854b93f86e38ddaf,-1498.580810547,21006,10750,-7.9201,-7.4115,-0.5085,60.7312,-0.00837,1.1453,1.2823,1.1196
20260801_074833-g1_29dof_wbt_fall_and_getup_aw_cql_manager-locomotion,cql,55000,5,55000,854b93f86e38ddaf,-1498.580810547,29649,5332,6.275,-7.2791,13.5541,60.7312,0.22318,1.0619,1.3072,1.231
20260801_074833-g1_29dof_wbt_fall_and_getup_aw_cql_manager-locomotion,cql,55000,8,55000,854b93f86e38ddaf,-1498.580810547,74157,3344,31.2305,4.0286,27.2018,60.7312,0.44791,0.8408,1.1826,1.4066
20260801_074833-g1_29dof_wbt_fall_and_getup_aw_cql_manager-locomotion,cql,55000,12,55000,854b93f86e38ddaf,-1498.580810547,134624,2881,35.2402,5.747,29.4932,60.7312,0.48563,0.8264,1.1941,1.445
20260801_074833-g1_29dof_wbt_fall_and_getup_aw_cql_manager-locomotion,cql,55000,16,55000,854b93f86e38ddaf,-1498.580810547,198771,3756,24.9168,0.9812,23.9356,60.7312,0.39412,0.8039,1.1492,1.4296
20260801_074833-g1_29dof_wbt_fall_and_getup_aw_cql_manager-locomotion,cql,56000,0,56000,2762c92e16ed1a1a,-1519.9609375,192109,6729,25.3646,11.2175,14.1471,59.0587,0.23954,0.951,1.8381,1.9327
20260801_074833-g1_29dof_wbt_fall_and_getup_aw_cql_manager-locomotion,cql,56000,1,56000,2762c92e16ed1a1a,-1519.9609375,94738,12464,7.8413,1.2336,6.6077,59.0587,0.11188,0.931,1.234,1.3254
20260801_074833-g1_29dof_wbt_fall_and_getup_aw_cql_manager-locomotion,cql,56000,2,56000,2762c92e16ed1a1a,-1519.9609375,16213,105373,0.396,-0.0618,0.4578,59.0587,0.00775,1.0056,1.0098,1.0042
20260801_074833-g1_29dof_wbt_fall_and_getup_aw_cql_manager-locomotion,cql,56000,3,56000,2762c92e16ed1a1a,-1519.9609375,18957,19294,-5.5126,-1.6984,-3.8142,59.0587,-0.06458,1.1112,1.2255,1.1029
20260801_074833-g1_29dof_wbt_fall_and_getup_aw_cql_manager-locomotion,cql,56000,4,56000,2762c92e16ed1a1a,-1519.9609375,21006,10750,-6.2901,-7.992,1.7019,59.0587,0.02882,1.1417,1.2713,1.1135
20260801_074833-g1_29dof_wbt_fall_and_getup_aw_cql_manager-locomotion,cql,56000,5,56000,2762c92e16ed1a1a,-1519.9609375,29649,5332,6.6999,-6.4085,13.1083,59.0587,0.22195,1.0673,1.3084,1.226
20260801_074833-g1_29dof_wbt_fall_and_getup_aw_cql_manager-locomotion,cql,56000,8,56000,2762c92e16ed1a1a,-1519.9609375,74157,3344,32.3874,5.056,27.3314,59.0587,0.46278,0.8427,1.1803,1.4006
20260801_074833-g1_29dof_wbt_fall_and_getup_aw_cql_manager-locomotion,cql,56000,12,56000,2762c92e16ed1a1a,-1519.9609375,134624,2881,35.2908,5.4533,29.8375,59.0587,0.50522,0.825,1.1896,1.4419
20260801_074833-g1_29dof_wbt_fall_and_getup_aw_cql_manager-locomotion,cql,56000,16,56000,2762c92e16ed1a1a,-1519.9609375,198771,3756,24.4293,0.8043,23.625,59.0587,0.40003,0.8035,1.1447,1.4246
20260801_074833-g1_29dof_wbt_fall_and_getup_aw_cql_manager-locomotion,cql,57000,0,57000,a789af11074408fa,-1543.098632812,192109,6729,24.3707,9.2306,15.1401,60.313,0.25103,0.953,1.8461,1.9372
20260801_074833-g1_29dof_wbt_fall_and_getup_aw_cql_manager-locomotion,cql,57000,1,57000,a789af11074408fa,-1543.098632812,94738,12464,7.7363,1.4588,6.2776,60.313,0.10408,0.9336,1.238,1.3261
20260801_074833-g1_29dof_wbt_fall_and_getup_aw_cql_manager-locomotion,cql,57000,2,57000,a789af11074408fa,-1543.098632812,16213,105373,-0.8743,-0.6071,-0.2671,60.313,-0.00443,1.011,1.0151,1.004
20260801_074833-g1_29dof_wbt_fall_and_getup_aw_cql_manager-locomotion,cql,57000,3,57000,a789af11074408fa,-1543.098632812,18957,19294,-7.3666,-2.2863,-5.0803,60.313,-0.08423,1.1165,1.2264,1.0985
20260801_074833-g1_29dof_wbt_fall_and_getup_aw_cql_manager-locomotion,cql,57000,4,57000,a789af11074408fa,-1543.098632812,21006,10750,-7.6744,-8.2815,0.607,60.313,0.01006,1.1497,1.2756,1.1095
20260801_074833-g1_29dof_wbt_fall_and_getup_aw_cql_manager-locomotion,cql,57000,5,57000,a789af11074408fa,-1543.098632812,29649,5332,4.8831,-7.7,12.5831,60.313,0.20863,1.0698,1.31,1.2246
20260801_074833-g1_29dof_wbt_fall_and_getup_aw_cql_manager-locomotion,cql,57000,8,57000,a789af11074408fa,-1543.098632812,74157,3344,31.6614,3.6793,27.9821,60.313,0.46395,0.8418,1.1891,1.4126
20260801_074833-g1_29dof_wbt_fall_and_getup_aw_cql_manager-locomotion,cql,57000,12,57000,a789af11074408fa,-1543.098632812,134624,2881,35.5431,5.0657,30.4773,60.313,0.50532,0.8259,1.1933,1.4448
20260801_074833-g1_29dof_wbt_fall_and_getup_aw_cql_manager-locomotion,cql,57000,16,57000,a789af11074408fa,-1543.098632812,198771,3756,24.2969,0.7809,23.5161,60.313,0.3899,0.8036,1.1443,1.4239
20260801_074833-g1_29dof_wbt_fall_and_getup_aw_cql_manager-locomotion,cql,58000,0,58000,56cb22b0ec747b70,-1565.641723633,192109,6729,24.3938,9.2677,15.1261,59.6765,0.25347,0.9493,1.8115,1.9083
20260801_074833-g1_29dof_wbt_fall_and_getup_aw_cql_manager-locomotion,cql,58000,1,58000,56cb22b0ec747b70,-1565.641723633,94738,12464,8.0748,1.4019,6.6729,59.6765,0.11182,0.929,1.228,1.3219
20260801_074833-g1_29dof_wbt_fall_and_getup_aw_cql_manager-locomotion,cql,58000,2,58000,56cb22b0ec747b70,-1565.641723633,16213,105373,1.1248,-0.0427,1.1675,59.6765,0.01956,1.005,1.0111,1.006
20260801_074833-g1_29dof_wbt_fall_and_getup_aw_cql_manager-locomotion,cql,58000,3,58000,56cb22b0ec747b70,-1565.641723633,18957,19294,-4.6388,-2.0711,-2.5677,59.6765,-0.04303,1.1196,1.2249,1.094
20260801_074833-g1_29dof_wbt_fall_and_getup_aw_cql_manager-locomotion,cql,58000,4,58000,56cb22b0ec747b70,-1565.641723633,21006,10750,-8.474,-9.1167,0.6427,59.6765,0.01077,1.1478,1.2784,1.1138
20260801_074833-g1_29dof_wbt_fall_and_getup_aw_cql_manager-locomotion,cql,58000,5,58000,56cb22b0ec747b70,-1565.641723633,29649,5332,5.2468,-7.95,13.1968,59.6765,0.22114,1.065,1.3059,1.2263
20260801_074833-g1_29dof_wbt_fall_and_getup_aw_cql_manager-locomotion,cql,58000,8,58000,56cb22b0ec747b70,-1565.641723633,74157,3344,31.3555,3.5525,27.803,59.6765,0.46589,0.8407,1.1832,1.4074
20260801_074833-g1_29dof_wbt_fall_and_getup_aw_cql_manager-locomotion,cql,58000,12,58000,56cb22b0ec747b70,-1565.641723633,134624,2881,34.7612,5.4062,29.355,59.6765,0.4919,0.8247,1.1853,1.4371
20260801_074833-g1_29dof_wbt_fall_and_getup_aw_cql_manager-locomotion,cql,58000,16,58000,56cb22b0ec747b70,-1565.641723633,198771,3756,24.4003,0.4856,23.9147,59.6765,0.40074,0.8031,1.1412,1.4211
20260801_074833-g1_29dof_wbt_fall_and_getup_aw_cql_manager-locomotion,cql,59000,0,59000,ebbbc8a74aa18c5e,-1584.819702148,192109,6729,24.192,9.0287,15.1633,59.9857,0.25278,0.95,1.822,1.918
20260801_074833-g1_29dof_wbt_fall_and_getup_aw_cql_manager-locomotion,cql,59000,1,59000,ebbbc8a74aa18c5e,-1584.819702148,94738,12464,7.2174,0.9204,6.297,59.9857,0.10497,0.9296,1.2248,1.3176
20260801_074833-g1_29dof_wbt_fall_and_getup_aw_cql_manager-locomotion,cql,59000,2,59000,ebbbc8a74aa18c5e,-1584.819702148,16213,105373,0.3966,-0.7002,1.0968,59.9857,0.01829,1.0011,1.0092,1.0081
20260801_074833-g1_29dof_wbt_fall_and_getup_aw_cql_manager-locomotion,cql,59000,3,59000,ebbbc8a74aa18c5e,-1584.819702148,18957,19294,-4.4801,-2.2005,-2.2796,59.9857,-0.038,1.1125,1.2249,1.1011
20260801_074833-g1_29dof_wbt_fall_and_getup_aw_cql_manager-locomotion,cql,59000,4,59000,ebbbc8a74aa18c5e,-1584.819702148,21006,10750,-8.2708,-8.428,0.1572,59.9857,0.00262,1.146,1.2788,1.1158
20260801_074833-g1_29dof_wbt_fall_and_getup_aw_cql_manager-locomotion,cql,59000,5,59000,ebbbc8a74aa18c5e,-1584.819702148,29649,5332,3.7525,-8.6575,12.41,59.9857,0.20688,1.0594,1.2929,1.2203
20260801_074833-g1_29dof_wbt_fall_and_getup_aw_cql_manager-locomotion,cql,59000,8,59000,ebbbc8a74aa18c5e,-1584.819702148,74157,3344,32.1963,3.9817,28.2145,59.9857,0.47035,0.8403,1.1782,1.4021
20260801_074833-g1_29dof_wbt_fall_and_getup_aw_cql_manager-locomotion,cql,59000,12,59000,ebbbc8a74aa18c5e,-1584.819702148,134624,2881,34.7487,4.621,30.1277,59.9857,0.50225,0.8255,1.1846,1.4351
20260801_074833-g1_29dof_wbt_fall_and_getup_aw_cql_manager-locomotion,cql,59000,16,59000,ebbbc8a74aa18c5e,-1584.819702148,198771,3756,24.1045,0.5425,23.562,59.9857,0.39279,0.8035,1.143,1.4226
20260801_074833-g1_29dof_wbt_fall_and_getup_aw_cql_manager-locomotion,cql,60000,0,60000,f0caa706bfdb6b64,-1607.377197266,192109,6729,24.7493,9.2078,15.5415,59.6254,0.26065,0.9519,1.8262,1.9185
20260801_074833-g1_29dof_wbt_fall_and_getup_aw_cql_manager-locomotion,cql,60000,1,60000,f0caa706bfdb6b64,-1607.377197266,94738,12464,7.9984,0.877,7.1214,59.6254,0.11944,0.9307,1.234,1.326
20260801_074833-g1_29dof_wbt_fall_and_getup_aw_cql_manager-locomotion,cql,60000,2,60000,f0caa706bfdb6b64,-1607.377197266,16213,105373,-1.1287,0.4418,-1.5705,59.6254,-0.02634,1.0161,1.0161,1.0
20260801_074833-g1_29dof_wbt_fall_and_getup_aw_cql_manager-locomotion,cql,60000,3,60000,f0caa706bfdb6b64,-1607.377197266,18957,19294,-7.791,-1.9266,-5.8644,59.6254,-0.09835,1.1114,1.2295,1.1062
20260801_074833-g1_29dof_wbt_fall_and_getup_aw_cql_manager-locomotion,cql,60000,4,60000,f0caa706bfdb6b64,-1607.377197266,21006,10750,-7.4505,-8.3293,0.8789,59.6254,0.01474,1.1414,1.2712,1.1137
20260801_074833-g1_29dof_wbt_fall_and_getup_aw_cql_manager-locomotion,cql,60000,5,60000,f0caa706bfdb6b64,-1607.377197266,29649,5332,6.5634,-6.5798,13.1432,59.6254,0.22043,1.064,1.3037,1.2253
20260801_074833-g1_29dof_wbt_fall_and_getup_aw_cql_manager-locomotion,cql,60000,8,60000,f0caa706bfdb6b64,-1607.377197266,74157,3344,31.873,3.7167,28.1563,59.6254,0.47222,0.841,1.1816,1.405
20260801_074833-g1_29dof_wbt_fall_and_getup_aw_cql_manager-locomotion,cql,60000,12,60000,f0caa706bfdb6b64,-1607.377197266,134624,2881,34.5342,4.788,29.7463,59.6254,0.49889,0.8263,1.1876,1.4372
20260801_074833-g1_29dof_wbt_fall_and_getup_aw_cql_manager-locomotion,cql,60000,16,60000,f0caa706bfdb6b64,-1607.377197266,198771,3756,24.0268,0.4389,23.5879,59.6254,0.3956,0.8035,1.1407,1.4197
20260801_074833-g1_29dof_wbt_fall_and_getup_aw_cql_manager-locomotion,cql,61000,0,61000,46a1368d3d4ca754,-1626.544921875,192109,6729,22.9683,7.165,15.8034,60.131,0.26282,0.9478,1.8079,1.9074
20260801_074833-g1_29dof_wbt_fall_and_getup_aw_cql_manager-locomotion,cql,61000,1,61000,46a1368d3d4ca754,-1626.544921875,94738,12464,7.0056,0.0194,6.9862,60.131,0.11618,0.9268,1.2224,1.3189
20260801_074833-g1_29dof_wbt_fall_and_getup_aw_cql_manager-locomotion,cql,61000,2,61000,46a1368d3d4ca754,-1626.544921875,16213,105373,-2.2478,-0.497,-1.7509,60.131,-0.02912,1.0062,1.0067,1.0006
20260801_074833-g1_29dof_wbt_fall_and_getup_aw_cql_manager-locomotion,cql,61000,3,61000,46a1368d3d4ca754,-1626.544921875,18957,19294,-7.1862,-2.3382,-4.8479,60.131,-0.08062,1.1064,1.2217,1.1042
20260801_074833-g1_29dof_wbt_fall_and_getup_aw_cql_manager-locomotion,cql,61000,4,61000,46a1368d3d4ca754,-1626.544921875,21006,10750,-8.2084,-8.3874,0.179,60.131,0.00298,1.1426,1.2818,1.1218
20260801_074833-g1_29dof_wbt_fall_and_getup_aw_cql_manager-locomotion,cql,61000,5,61000,46a1368d3d4ca754,-1626.544921875,29649,5332,5.3718,-7.9012,13.273,60.131,0.22073,1.0609,1.2967,1.2223
20260801_074833-g1_29dof_wbt_fall_and_getup_aw_cql_manager-locomotion,cql,61000,8,61000,46a1368d3d4ca754,-1626.544921875,74157,3344,30.669,3.0118,27.6571,60.131,0.45995,0.8414,1.1801,1.4026
20260801_074833-g1_29dof_wbt_fall_and_getup_aw_cql_manager-locomotion,cql,61000,12,61000,46a1368d3d4ca754,-1626.544921875,134624,2881,33.9071,4.4347,29.4724,60.131,0.49014,0.8245,1.1814,1.4329
20260801_074833-g1_29dof_wbt_fall_and_getup_aw_cql_manager-locomotion,cql,61000,16,61000,46a1368d3d4ca754,-1626.544921875,198771,3756,24.0958,0.084,24.0118,60.131,0.39932,0.8027,1.1377,1.4173
20260801_074833-g1_29dof_wbt_fall_and_getup_aw_cql_manager-locomotion,cql,62000,0,62000,47b8a97c724b3b9a,-1647.929321289,192109,6729,22.9696,7.6534,15.3163,59.8771,0.2558,0.9516,1.8186,1.9111
20260801_074833-g1_29dof_wbt_fall_and_getup_aw_cql_manager-locomotion,cql,62000,1,62000,47b8a97c724b3b9a,-1647.929321289,94738,12464,6.4133,-0.7501,7.1634,59.8771,0.11964,0.9313,1.2314,1.3223
20260801_074833-g1_29dof_wbt_fall_and_getup_aw_cql_manager-locomotion,cql,62000,2,62000,47b8a97c724b3b9a,-1647.929321289,16213,105373,-2.6989,-1.16,-1.5388,59.8771,-0.0257,1.0099,1.0104,1.0005
20260801_074833-g1_29dof_wbt_fall_and_getup_aw_cql_manager-locomotion,cql,62000,3,62000,47b8a97c724b3b9a,-1647.929321289,18957,19294,-8.1344,-2.5577,-5.5767,59.8771,-0.09314,1.1084,1.2246,1.1049
20260801_074833-g1_29dof_wbt_fall_and_getup_aw_cql_manager-locomotion,cql,62000,4,62000,47b8a97c724b3b9a,-1647.929321289,21006,10750,-9.0942,-8.6346,-0.4596,59.8771,-0.00768,1.1432,1.2794,1.1192
20260801_074833-g1_29dof_wbt_fall_and_getup_aw_cql_manager-locomotion,cql,62000,5,62000,47b8a97c724b3b9a,-1647.929321289,29649,5332,6.1032,-7.3824,13.4856,59.8771,0.22522,1.0601,1.2956,1.2222
20260801_074833-g1_29dof_wbt_fall_and_getup_aw_cql_manager-locomotion,cql,62000,8,62000,47b8a97c724b3b9a,-1647.929321289,74157,3344,30.8232,3.6696,27.1536,59.8771,0.45349,0.8394,1.1806,1.4065
20260801_074833-g1_29dof_wbt_fall_and_getup_aw_cql_manager-locomotion,cql,62000,12,62000,47b8a97c724b3b9a,-1647.929321289,134624,2881,34.2432,4.9009,29.3423,59.8771,0.49004,0.8246,1.1833,1.435
20260801_074833-g1_29dof_wbt_fall_and_getup_aw_cql_manager-locomotion,cql,62000,16,62000,47b8a97c724b3b9a,-1647.929321289,198771,3756,24.0811,0.1573,23.9238,59.8771,0.39955,0.8027,1.1401,1.4204
20260801_074833-g1_29dof_wbt_fall_and_getup_aw_cql_manager-locomotion,cql,63000,0,63000,32f5cff0f23b65aa,-1670.256591797,192109,6729,22.3215,5.7819,16.5396,59.6493,0.27728,0.9468,1.8009,1.9022
20260801_074833-g1_29dof_wbt_fall_and_getup_aw_cql_manager-locomotion,cql,63000,1,63000,32f5cff0f23b65aa,-1670.256591797,94738,12464,6.6751,-0.1631,6.8382,59.6493,0.11464,0.9275,1.2165,1.3117
20260801_074833-g1_29dof_wbt_fall_and_getup_aw_cql_manager-locomotion,cql,63000,2,63000,32f5cff0f23b65aa,-1670.256591797,16213,105373,-3.0266,-0.7608,-2.2658,59.6493,-0.03798,1.0037,1.0074,1.0036
20260801_074833-g1_29dof_wbt_fall_and_getup_aw_cql_manager-locomotion,cql,63000,3,63000,32f5cff0f23b65aa,-1670.256591797,18957,19294,-9.4719,-2.8252,-6.6467,59.6493,-0.11143,1.1069,1.2209,1.103
20260801_074833-g1_29dof_wbt_fall_and_getup_aw_cql_manager-locomotion,cql,63000,4,63000,32f5cff0f23b65aa,-1670.256591797,21006,10750,-10.1292,-8.7859,-1.3433,59.6493,-0.02252,1.141,1.2769,1.1192
20260801_074833-g1_29dof_wbt_fall_and_getup_aw_cql_manager-locomotion,cql,63000,5,63000,32f5cff0f23b65aa,-1670.256591797,29649,5332,3.5535,-8.1012,11.6547,59.6493,0.19539,1.0688,1.3028,1.2189
20260801_074833-g1_29dof_wbt_fall_and_getup_aw_cql_manager-locomotion,cql,63000,8,63000,32f5cff0f23b65aa,-1670.256591797,74157,3344,29.5255,2.806,26.7195,59.6493,0.44794,0.8388,1.1786,1.4051
20260801_074833-g1_29dof_wbt_fall_and_getup_aw_cql_manager-locomotion,cql,63000,12,63000,32f5cff0f23b65aa,-1670.256591797,134624,2881,33.4328,4.6844,28.7484,59.6493,0.48196,0.8231,1.1806,1.4343
20260801_074833-g1_29dof_wbt_fall_and_getup_aw_cql_manager-locomotion,cql,63000,16,63000,32f5cff0f23b65aa,-1670.256591797,198771,3756,23.6813,0.1313,23.55,59.6493,0.39481,0.8018,1.1416,1.4238
20260801_074833-g1_29dof_wbt_fall_and_getup_aw_cql_manager-locomotion,cql,64000,0,64000,532d8c89f5f97290,-1691.805175781,192109,6729,23.2892,6.533,16.7562,61.2136,0.27373,0.9516,1.797,1.8884
20260801_074833-g1_29dof_wbt_fall_and_getup_aw_cql_manager-locomotion,cql,64000,1,64000,532d8c89f5f97290,-1691.805175781,94738,12464,7.1048,0.4871,6.6176,61.2136,0.10811,0.9305,1.2288,1.3206
20260801_074833-g1_29dof_wbt_fall_and_getup_aw_cql_manager-locomotion,cql,64000,2,64000,532d8c89f5f97290,-1691.805175781,16213,105373,-3.3242,-0.5746,-2.7496,61.2136,-0.04492,1.0141,1.0151,1.001
20260801_074833-g1_29dof_wbt_fall_and_getup_aw_cql_manager-locomotion,cql,64000,3,64000,532d8c89f5f97290,-1691.805175781,18957,19294,-9.3337,-2.6277,-6.706,61.2136,-0.10955,1.1119,1.2331,1.109
20260801_074833-g1_29dof_wbt_fall_and_getup_aw_cql_manager-locomotion,cql,64000,4,64000,532d8c89f5f97290,-1691.805175781,21006,10750,-10.7853,-9.3022,-1.4831,61.2136,-0.02423,1.1445,1.2754,1.1143
20260801_074833-g1_29dof_wbt_fall_and_getup_aw_cql_manager-locomotion,cql,64000,5,64000,532d8c89f5f97290,-1691.805175781,29649,5332,2.758,-8.5865,11.3445,61.2136,0.18533,1.0682,1.2954,1.2127
20260801_074833-g1_29dof_wbt_fall_and_getup_aw_cql_manager-locomotion,cql,64000,8,64000,532d8c89f5f97290,-1691.805175781,74157,3344,29.9451,2.7983,27.1469,61.2136,0.44348,0.8383,1.1803,1.4079
20260801_074833-g1_29dof_wbt_fall_and_getup_aw_cql_manager-locomotion,cql,64000,12,64000,532d8c89f5f97290,-1691.805175781,134624,2881,33.9099,3.845,30.0649,61.2136,0.49115,0.8237,1.1818,1.4347
20260801_074833-g1_29dof_wbt_fall_and_getup_aw_cql_manager-locomotion,cql,64000,16,64000,532d8c89f5f97290,-1691.805175781,198771,3756,23.3103,-0.3644,23.6746,61.2136,0.38675,0.8022,1.1388,1.4196
20260801_074833-g1_29dof_wbt_fall_and_getup_aw_cql_manager-locomotion,cql,65000,0,65000,d36150b23add30fb,-1708.707885742,192109,6729,22.4353,6.6689,15.7664,59.8012,0.26365,0.9441,1.755,1.8589
20260801_074833-g1_29dof_wbt_fall_and_getup_aw_cql_manager-locomotion,cql,65000,1,65000,d36150b23add30fb,-1708.707885742,94738,12464,7.185,0.0065,7.1785,59.8012,0.12004,0.925,1.2149,1.3134
20260801_074833-g1_29dof_wbt_fall_and_getup_aw_cql_manager-locomotion,cql,65000,2,65000,d36150b23add30fb,-1708.707885742,16213,105373,-2.2665,-0.1081,-2.1585,59.8012,-0.03609,1.0078,1.007,0.9992
20260801_074833-g1_29dof_wbt_fall_and_getup_aw_cql_manager-locomotion,cql,65000,3,65000,d36150b23add30fb,-1708.707885742,18957,19294,-8.2058,-2.1251,-6.0807,59.8012,-0.10168,1.1156,1.2232,1.0965
20260801_074833-g1_29dof_wbt_fall_and_getup_aw_cql_manager-locomotion,cql,65000,4,65000,d36150b23add30fb,-1708.707885742,21006,10750,-10.6759,-8.8505,-1.8254,59.8012,-0.03052,1.1518,1.2807,1.1119
20260801_074833-g1_29dof_wbt_fall_and_getup_aw_cql_manager-locomotion,cql,65000,5,65000,d36150b23add30fb,-1708.707885742,29649,5332,1.0187,-8.5126,9.5312,59.8012,0.15938,1.0633,1.2921,1.2152
20260801_074833-g1_29dof_wbt_fall_and_getup_aw_cql_manager-locomotion,cql,65000,8,65000,d36150b23add30fb,-1708.707885742,74157,3344,30.4729,3.1866,27.2864,59.8012,0.45629,0.8408,1.1764,1.3991
20260801_074833-g1_29dof_wbt_fall_and_getup_aw_cql_manager-locomotion,cql,65000,12,65000,d36150b23add30fb,-1708.707885742,134624,2881,33.3664,4.5381,28.8283,59.8012,0.48207,0.8249,1.1809,1.4316
20260801_074833-g1_29dof_wbt_fall_and_getup_aw_cql_manager-locomotion,cql,65000,16,65000,d36150b23add30fb,-1708.707885742,198771,3756,23.9394,0.2217,23.7177,59.8012,0.39661,0.8034,1.1382,1.4166
20260801_074833-g1_29dof_wbt_fall_and_getup_aw_cql_manager-locomotion,cql,66000,0,66000,a1b5639b7bc5eeb7,-1730.611206055,192109,6729,21.8241,5.4619,16.3622,61.8625,0.26449,0.9502,1.8115,1.9066
20260801_074833-g1_29dof_wbt_fall_and_getup_aw_cql_manager-locomotion,cql,66000,1,66000,a1b5639b7bc5eeb7,-1730.611206055,94738,12464,6.2508,-0.9188,7.1696,61.8625,0.1159,0.9325,1.2246,1.3133
20260801_074833-g1_29dof_wbt_fall_and_getup_aw_cql_manager-locomotion,cql,66000,2,66000,a1b5639b7bc5eeb7,-1730.611206055,16213,105373,-3.4719,-0.7996,-2.6723,61.8625,-0.0432,1.0119,1.0112,0.9993
20260801_074833-g1_29dof_wbt_fall_and_getup_aw_cql_manager-locomotion,cql,66000,3,66000,a1b5639b7bc5eeb7,-1730.611206055,18957,19294,-12.4883,-2.5183,-9.97,61.8625,-0.16116,1.1118,1.2258,1.1025
20260801_074833-g1_29dof_wbt_fall_and_getup_aw_cql_manager-locomotion,cql,66000,4,66000,a1b5639b7bc5eeb7,-1730.611206055,21006,10750,-13.2718,-9.625,-3.6468,61.8625,-0.05895,1.1472,1.2867,1.1216
20260801_074833-g1_29dof_wbt_fall_and_getup_aw_cql_manager-locomotion,cql,66000,5,66000,a1b5639b7bc5eeb7,-1730.611206055,29649,5332,4.6118,-7.4102,12.022,61.8625,0.19433,1.0602,1.2933,1.2198
20260801_074833-g1_29dof_wbt_fall_and_getup_aw_cql_manager-locomotion,cql,66000,8,66000,a1b5639b7bc5eeb7,-1730.611206055,74157,3344,29.9802,3.075,26.9052,61.8625,0.43492,0.8396,1.1828,1.4087
20260801_074833-g1_29dof_wbt_fall_and_getup_aw_cql_manager-locomotion,cql,66000,12,66000,a1b5639b7bc5eeb7,-1730.611206055,134624,2881,34.1742,5.0522,29.122,61.8625,0.47075,0.824,1.1842,1.4372
20260801_074833-g1_29dof_wbt_fall_and_getup_aw_cql_manager-locomotion,cql,66000,16,66000,a1b5639b7bc5eeb7,-1730.611206055,198771,3756,23.9266,0.1945,23.7321,61.8625,0.38363,0.8023,1.139,1.4196
20260801_074833-g1_29dof_wbt_fall_and_getup_aw_cql_manager-locomotion,cql,67000,0,67000,1d3f0bc24546814e,-1749.916992188,192109,6729,21.1278,4.9093,16.2185,61.8824,0.26209,0.9492,1.8074,1.9041
20260801_074833-g1_29dof_wbt_fall_and_getup_aw_cql_manager-locomotion,cql,67000,1,67000,1d3f0bc24546814e,-1749.916992188,94738,12464,6.4526,-0.3264,6.779,61.8824,0.10955,0.9303,1.2291,1.3212
20260801_074833-g1_29dof_wbt_fall_and_getup_aw_cql_manager-locomotion,cql,67000,2,67000,1d3f0bc24546814e,-1749.916992188,16213,105373,-5.494,-0.6871,-4.8069,61.8824,-0.07768,1.015,1.0102,0.9953
20260801_074833-g1_29dof_wbt_fall_and_getup_aw_cql_manager-locomotion,cql,67000,3,67000,1d3f0bc24546814e,-1749.916992188,18957,19294,-13.2965,-3.0203,-10.2763,61.8824,-0.16606,1.1072,1.2218,1.1035
20260801_074833-g1_29dof_wbt_fall_and_getup_aw_cql_manager-locomotion,cql,67000,4,67000,1d3f0bc24546814e,-1749.916992188,21006,10750,-11.9799,-8.9475,-3.0324,61.8824,-0.049,1.1409,1.2706,1.1137
20260801_074833-g1_29dof_wbt_fall_and_getup_aw_cql_manager-locomotion,cql,67000,5,67000,1d3f0bc24546814e,-1749.916992188,29649,5332,0.7326,-9.8574,10.59,61.8824,0.17113,1.0688,1.3009,1.2172
20260801_074833-g1_29dof_wbt_fall_and_getup_aw_cql_manager-locomotion,cql,67000,8,67000,1d3f0bc24546814e,-1749.916992188,74157,3344,30.655,2.888,27.7669,61.8824,0.4487,0.8404,1.1824,1.4069
20260801_074833-g1_29dof_wbt_fall_and_getup_aw_cql_manager-locomotion,cql,67000,12,67000,1d3f0bc24546814e,-1749.916992188,134624,2881,33.5711,4.1161,29.455,61.8824,0.47598,0.8255,1.1824,1.4322
20260801_074833-g1_29dof_wbt_fall_and_getup_aw_cql_manager-locomotion,cql,67000,16,67000,1d3f0bc24546814e,-1749.916992188,198771,3756,23.5108,-0.1183,23.6292,61.8824,0.38184,0.8031,1.1385,1.4175
20260801_074833-g1_29dof_wbt_fall_and_getup_aw_cql_manager-locomotion,cql,68000,0,68000,a0470bbf1fe16624,-1763.419433594,192109,6729,20.5018,4.6815,15.8203,61.154,0.2587,0.9472,1.7816,1.8808
20260801_074833-g1_29dof_wbt_fall_and_getup_aw_cql_manager-locomotion,cql,68000,1,68000,a0470bbf1fe16624,-1763.419433594,94738,12464,6.233,-0.3707,6.6036,61.154,0.10798,0.9283,1.215,1.3087
20260801_074833-g1_29dof_wbt_fall_and_getup_aw_cql_manager-locomotion,cql,68000,2,68000,a0470bbf1fe16624,-1763.419433594,16213,105373,-4.3867,-0.5113,-3.8755,61.154,-0.06337,1.0125,1.0083,0.9959
20260801_074833-g1_29dof_wbt_fall_and_getup_aw_cql_manager-locomotion,cql,68000,3,68000,a0470bbf1fe16624,-1763.419433594,18957,19294,-11.4104,-2.3654,-9.045,61.154,-0.14791,1.1093,1.2195,1.0994
20260801_074833-g1_29dof_wbt_fall_and_getup_aw_cql_manager-locomotion,cql,68000,4,68000,a0470bbf1fe16624,-1763.419433594,21006,10750,-12.8534,-8.8311,-4.0223,61.154,-0.06577,1.1395,1.2689,1.1135
20260801_074833-g1_29dof_wbt_fall_and_getup_aw_cql_manager-locomotion,cql,68000,5,68000,a0470bbf1fe16624,-1763.419433594,29649,5332,1.3826,-9.4726,10.8552,61.154,0.17751,1.0553,1.2842,1.2168
20260801_074833-g1_29dof_wbt_fall_and_getup_aw_cql_manager-locomotion,cql,68000,8,68000,a0470bbf1fe16624,-1763.419433594,74157,3344,29.6697,2.5276,27.1422,61.154,0.44383,0.8414,1.1884,1.4124
20260801_074833-g1_29dof_wbt_fall_and_getup_aw_cql_manager-locomotion,cql,68000,12,68000,a0470bbf1fe16624,-1763.419433594,134624,2881,33.6976,4.6393,29.0583,61.154,0.47517,0.8255,1.185,1.4355
20260801_074833-g1_29dof_wbt_fall_and_getup_aw_cql_manager-locomotion,cql,68000,16,68000,a0470bbf1fe16624,-1763.419433594,198771,3756,23.1445,-0.0888,23.2333,61.154,0.37992,0.8025,1.1396,1.4201
20260801_074833-g1_29dof_wbt_fall_and_getup_aw_cql_manager-locomotion,cql,69000,0,69000,62a266c632a3138f,-1784.237304688,192109,6729,21.679,5.8685,15.8105,60.8537,0.25981,0.9517,1.8157,1.9078
20260801_074833-g1_29dof_wbt_fall_and_getup_aw_cql_manager-locomotion,cql,69000,1,69000,62a266c632a3138f,-1784.237304688,94738,12464,6.4653,-0.1385,6.6038,60.8537,0.10852,0.9305,1.2291,1.3209
20260801_074833-g1_29dof_wbt_fall_and_getup_aw_cql_manager-locomotion,cql,69000,2,69000,62a266c632a3138f,-1784.237304688,16213,105373,-3.7896,-0.567,-3.2226,60.8537,-0.05296,1.0147,1.0123,0.9977
20260801_074833-g1_29dof_wbt_fall_and_getup_aw_cql_manager-locomotion,cql,69000,3,69000,62a266c632a3138f,-1784.237304688,18957,19294,-11.6758,-2.5887,-9.0871,60.8537,-0.14933,1.1131,1.2257,1.1012
20260801_074833-g1_29dof_wbt_fall_and_getup_aw_cql_manager-locomotion,cql,69000,4,69000,62a266c632a3138f,-1784.237304688,21006,10750,-12.4954,-9.5224,-2.973,60.8537,-0.04885,1.1383,1.2689,1.1148
20260801_074833-g1_29dof_wbt_fall_and_getup_aw_cql_manager-locomotion,cql,69000,5,69000,62a266c632a3138f,-1784.237304688,29649,5332,1.716,-8.7204,10.4364,60.8537,0.1715,1.0618,1.2935,1.2182
20260801_074833-g1_29dof_wbt_fall_and_getup_aw_cql_manager-locomotion,cql,69000,8,69000,62a266c632a3138f,-1784.237304688,74157,3344,29.041,1.9867,27.0544,60.8537,0.44458,0.8407,1.1844,1.4089
20260801_074833-g1_29dof_wbt_fall_and_getup_aw_cql_manager-locomotion,cql,69000,12,69000,62a266c632a3138f,-1784.237304688,134624,2881,33.6359,4.5339,29.1021,60.8537,0.47823,0.824,1.1841,1.4371
20260801_074833-g1_29dof_wbt_fall_and_getup_aw_cql_manager-locomotion,cql,69000,16,69000,62a266c632a3138f,-1784.237304688,198771,3756,23.6424,-0.3936,24.036,60.8537,0.39498,0.8019,1.1401,1.4218
20260801_074833-g1_29dof_wbt_fall_and_getup_aw_cql_manager-locomotion,cql,70000,0,70000,f8fa64a9c433f5d1,-1799.371582031,192109,6729,21.012,5.412,15.5999,60.009,0.25996,0.949,1.7991,1.8958
20260801_074833-g1_29dof_wbt_fall_and_getup_aw_cql_manager-locomotion,cql,70000,1,70000,f8fa64a9c433f5d1,-1799.371582031,94738,12464,5.9947,-0.4752,6.4699,60.009,0.10781,0.9301,1.2142,1.3055
20260801_074833-g1_29dof_wbt_fall_and_getup_aw_cql_manager-locomotion,cql,70000,2,70000,f8fa64a9c433f5d1,-1799.371582031,16213,105373,-5.2888,-0.9266,-4.3622,60.009,-0.07269,1.0087,1.0094,1.0008
20260801_074833-g1_29dof_wbt_fall_and_getup_aw_cql_manager-locomotion,cql,70000,3,70000,f8fa64a9c433f5d1,-1799.371582031,18957,19294,-11.3489,-2.2731,-9.0758,60.009,-0.15124,1.1144,1.2228,1.0973
20260801_074833-g1_29dof_wbt_fall_and_getup_aw_cql_manager-locomotion,cql,70000,4,70000,f8fa64a9c433f5d1,-1799.371582031,21006,10750,-10.8231,-9.0927,-1.7304,60.009,-0.02884,1.1471,1.2642,1.1021
20260801_074833-g1_29dof_wbt_fall_and_getup_aw_cql_manager-locomotion,cql,70000,5,70000,f8fa64a9c433f5d1,-1799.371582031,29649,5332,0.6866,-9.0576,9.7441,60.009,0.16238,1.0598,1.2927,1.2198
20260801_074833-g1_29dof_wbt_fall_and_getup_aw_cql_manager-locomotion,cql,70000,8,70000,f8fa64a9c433f5d1,-1799.371582031,74157,3344,29.3362,3.0438,26.2924,60.009,0.43814,0.8392,1.1812,1.4076
20260801_074833-g1_29dof_wbt_fall_and_getup_aw_cql_manager-locomotion,cql,70000,12,70000,f8fa64a9c433f5d1,-1799.371582031,134624,2881,33.1359,4.2369,28.8989,60.009,0.48158,0.8247,1.1853,1.4373
20260801_074833-g1_29dof_wbt_fall_and_getup_aw_cql_manager-locomotion,cql,70000,16,70000,f8fa64a9c433f5d1,-1799.371582031,198771,3756,22.9632,-0.1907,23.1539,60.009,0.38584,0.8035,1.1411,1.4201
20260801_074833-g1_29dof_wbt_fall_and_getup_aw_cql_manager-locomotion,cql,71000,0,71000,3e0ef51e83c77c7b,-1818.728149414,192109,6729,20.1539,4.5045,15.6494,61.2812,0.25537,0.9468,1.7565,1.8552
20260801_074833-g1_29dof_wbt_fall_and_getup_aw_cql_manager-locomotion,cql,71000,1,71000,3e0ef51e83c77c7b,-1818.728149414,94738,12464,5.9338,-0.6339,6.5678,61.2812,0.10717,0.928,1.2154,1.3097
20260801_074833-g1_29dof_wbt_fall_and_getup_aw_cql_manager-locomotion,cql,71000,2,71000,3e0ef51e83c77c7b,-1818.728149414,16213,105373,-4.7311,-0.7656,-3.9655,61.2812,-0.06471,1.0117,1.0063,0.9947
20260801_074833-g1_29dof_wbt_fall_and_getup_aw_cql_manager-locomotion,cql,71000,3,71000,3e0ef51e83c77c7b,-1818.728149414,18957,19294,-12.5706,-2.6889,-9.8817,61.2812,-0.16125,1.1098,1.2177,1.0972
20260801_074833-g1_29dof_wbt_fall_and_getup_aw_cql_manager-locomotion,cql,71000,4,71000,3e0ef51e83c77c7b,-1818.728149414,21006,10750,-13.5956,-10.4112,-3.1845,61.2812,-0.05197,1.1463,1.2744,1.1118
20260801_074833-g1_29dof_wbt_fall_and_getup_aw_cql_manager-locomotion,cql,71000,5,71000,3e0ef51e83c77c7b,-1818.728149414,29649,5332,2.3827,-8.4413,10.824,61.2812,0.17663,1.0598,1.29,1.2171
20260801_074833-g1_29dof_wbt_fall_and_getup_aw_cql_manager-locomotion,cql,71000,8,71000,3e0ef51e83c77c7b,-1818.728149414,74157,3344,29.8172,3.399,26.4182,61.2812,0.4311,0.8394,1.1804,1.4063
20260801_074833-g1_29dof_wbt_fall_and_getup_aw_cql_manager-locomotion,cql,71000,12,71000,3e0ef51e83c77c7b,-1818.728149414,134624,2881,33.418,5.1569,28.2611,61.2812,0.46117,0.8245,1.1824,1.434
20260801_074833-g1_29dof_wbt_fall_and_getup_aw_cql_manager-locomotion,cql,71000,16,71000,3e0ef51e83c77c7b,-1818.728149414,198771,3756,23.2562,0.2324,23.0239,61.2812,0.37571,0.8023,1.1396,1.4204
20260801_074833-g1_29dof_wbt_fall_and_getup_aw_cql_manager-locomotion,cql,72000,0,72000,0736d9b6688dc7d0,-1840.454345703,192109,6729,19.7708,4.0302,15.7406,61.0053,0.25802,0.9476,1.7697,1.8676
20260801_074833-g1_29dof_wbt_fall_and_getup_aw_cql_manager-locomotion,cql,72000,1,72000,0736d9b6688dc7d0,-1840.454345703,94738,12464,5.4336,-1.3945,6.828,61.0053,0.11193,0.9268,1.2136,1.3095
20260801_074833-g1_29dof_wbt_fall_and_getup_aw_cql_manager-locomotion,cql,72000,2,72000,0736d9b6688dc7d0,-1840.454345703,16213,105373,-5.7461,-1.5158,-4.2303,61.0053,-0.06934,1.007,1.0041,0.9971
20260801_074833-g1_29dof_wbt_fall_and_getup_aw_cql_manager-locomotion,cql,72000,3,72000,0736d9b6688dc7d0,-1840.454345703,18957,19294,-12.2444,-3.416,-8.8284,61.0053,-0.14471,1.1042,1.2154,1.1007
20260801_074833-g1_29dof_wbt_fall_and_getup_aw_cql_manager-locomotion,cql,72000,4,72000,0736d9b6688dc7d0,-1840.454345703,21006,10750,-12.4629,-9.5485,-2.9143,61.0053,-0.04777,1.1362,1.2634,1.1119
20260801_074833-g1_29dof_wbt_fall_and_getup_aw_cql_manager-locomotion,cql,72000,5,72000,0736d9b6688dc7d0,-1840.454345703,29649,5332,0.0461,-9.2409,9.287,61.0053,0.15223,1.0615,1.2876,1.213
20260801_074833-g1_29dof_wbt_fall_and_getup_aw_cql_manager-locomotion,cql,72000,8,72000,0736d9b6688dc7d0,-1840.454345703,74157,3344,29.575,2.98,26.595,61.0053,0.43595,0.8391,1.1823,1.4089
20260801_074833-g1_29dof_wbt_fall_and_getup_aw_cql_manager-locomotion,cql,72000,12,72000,0736d9b6688dc7d0,-1840.454345703,134624,2881,32.9779,4.2781,28.6998,61.0053,0.47045,0.8235,1.1801,1.433
20260801_074833-g1_29dof_wbt_fall_and_getup_aw_cql_manager-locomotion,cql,72000,16,72000,0736d9b6688dc7d0,-1840.454345703,198771,3756,23.4248,-0.0727,23.4975,61.0053,0.38517,0.8024,1.1389,1.4194
20260801_074833-g1_29dof_wbt_fall_and_getup_aw_cql_manager-locomotion,cql,73000,0,73000,ba4b6e1b1dbe018a,-1862.479736328,192109,6729,20.9216,4.0926,16.8289,61.0461,0.27568,0.947,1.7877,1.8878
20260801_074833-g1_29dof_wbt_fall_and_getup_aw_cql_manager-locomotion,cql,73000,1,73000,ba4b6e1b1dbe018a,-1862.479736328,94738,12464,6.2124,-0.2705,6.4829,61.0461,0.1062,0.9274,1.2119,1.3067
20260801_074833-g1_29dof_wbt_fall_and_getup_aw_cql_manager-locomotion,cql,73000,2,73000,ba4b6e1b1dbe018a,-1862.479736328,16213,105373,-5.6367,-0.2944,-5.3423,61.0461,-0.08751,1.0114,1.0062,0.9948
20260801_074833-g1_29dof_wbt_fall_and_getup_aw_cql_manager-locomotion,cql,73000,3,73000,ba4b6e1b1dbe018a,-1862.479736328,18957,19294,-13.7137,-2.0176,-11.6961,61.0461,-0.19159,1.1047,1.2191,1.1036
20260801_074833-g1_29dof_wbt_fall_and_getup_aw_cql_manager-locomotion,cql,73000,4,73000,ba4b6e1b1dbe018a,-1862.479736328,21006,10750,-14.2911,-9.8611,-4.43,61.0461,-0.07257,1.1362,1.2693,1.1171
20260801_074833-g1_29dof_wbt_fall_and_getup_aw_cql_manager-locomotion,cql,73000,5,73000,ba4b6e1b1dbe018a,-1862.479736328,29649,5332,-0.5522,-10.539,9.9868,61.0461,0.16359,1.0558,1.2791,1.2115
20260801_074833-g1_29dof_wbt_fall_and_getup_aw_cql_manager-locomotion,cql,73000,8,73000,ba4b6e1b1dbe018a,-1862.479736328,74157,3344,29.3183,2.9356,26.3827,61.0461,0.43218,0.8377,1.1774,1.4055
20260801_074833-g1_29dof_wbt_fall_and_getup_aw_cql_manager-locomotion,cql,73000,12,73000,ba4b6e1b1dbe018a,-1862.479736328,134624,2881,32.3966,4.554,27.8426,61.0461,0.45609,0.8233,1.1826,1.4363
20260801_074833-g1_29dof_wbt_fall_and_getup_aw_cql_manager-locomotion,cql,73000,16,73000,ba4b6e1b1dbe018a,-1862.479736328,198771,3756,22.6071,0.3165,22.2906,61.0461,0.36514,0.8022,1.1385,1.4192
20260801_074833-g1_29dof_wbt_fall_and_getup_aw_cql_manager-locomotion,cql,74000,0,74000,765bfdfd1a20ed6d,-1878.068603516,192109,6729,19.9654,4.4402,15.5252,62.1657,0.24974,0.9463,1.7629,1.8629
20260801_074833-g1_29dof_wbt_fall_and_getup_aw_cql_manager-locomotion,cql,74000,1,74000,765bfdfd1a20ed6d,-1878.068603516,94738,12464,5.9424,-0.5063,6.4488,62.1657,0.10373,0.9272,1.2185,1.3141
20260801_074833-g1_29dof_wbt_fall_and_getup_aw_cql_manager-locomotion,cql,74000,2,74000,765bfdfd1a20ed6d,-1878.068603516,16213,105373,-6.7526,-0.7725,-5.9802,62.1657,-0.0962,1.0206,1.009,0.9886
20260801_074833-g1_29dof_wbt_fall_and_getup_aw_cql_manager-locomotion,cql,74000,3,74000,765bfdfd1a20ed6d,-1878.068603516,18957,19294,-14.8687,-2.9029,-11.9658,62.1657,-0.19248,1.1082,1.2185,1.0996
20260801_074833-g1_29dof_wbt_fall_and_getup_aw_cql_manager-locomotion,cql,74000,4,74000,765bfdfd1a20ed6d,-1878.068603516,21006,10750,-16.5665,-10.7775,-5.789,62.1657,-0.09312,1.1389,1.2654,1.1111
20260801_074833-g1_29dof_wbt_fall_and_getup_aw_cql_manager-locomotion,cql,74000,5,74000,765bfdfd1a20ed6d,-1878.068603516,29649,5332,0.0433,-8.6431,8.6864,62.1657,0.13973,1.0584,1.2825,1.2117
20260801_074833-g1_29dof_wbt_fall_and_getup_aw_cql_manager-locomotion,cql,74000,8,74000,765bfdfd1a20ed6d,-1878.068603516,74157,3344,27.899,1.5609,26.3381,62.1657,0.42368,0.8393,1.1777,1.4031
20260801_074833-g1_29dof_wbt_fall_and_getup_aw_cql_manager-locomotion,cql,74000,12,74000,765bfdfd1a20ed6d,-1878.068603516,134624,2881,32.8876,4.9731,27.9146,62.1657,0.44903,0.8241,1.1794,1.4312
20260801_074833-g1_29dof_wbt_fall_and_getup_aw_cql_manager-locomotion,cql,74000,16,74000,765bfdfd1a20ed6d,-1878.068603516,198771,3756,22.8628,0.0181,22.8446,62.1657,0.36748,0.8021,1.1353,1.4154
20260801_074833-g1_29dof_wbt_fall_and_getup_aw_cql_manager-locomotion,cql,75000,0,75000,3cbf151204a0d9c6,-1897.252441406,192109,6729,19.4459,2.4654,16.9805,63.4905,0.26745,0.9479,1.7792,1.877
20260801_074833-g1_29dof_wbt_fall_and_getup_aw_cql_manager-locomotion,cql,75000,1,75000,3cbf151204a0d9c6,-1897.252441406,94738,12464,5.9333,-0.3768,6.3101,63.4905,0.09939,0.9291,1.2188,1.3118
20260801_074833-g1_29dof_wbt_fall_and_getup_aw_cql_manager-locomotion,cql,75000,2,75000,3cbf151204a0d9c6,-1897.252441406,16213,105373,-7.6986,-0.6029,-7.0957,63.4905,-0.11176,1.0146,1.0072,0.9927
20260801_074833-g1_29dof_wbt_fall_and_getup_aw_cql_manager-locomotion,cql,75000,3,75000,3cbf151204a0d9c6,-1897.252441406,18957,19294,-16.2451,-2.7767,-13.4685,63.4905,-0.21213,1.1087,1.2196,1.1
20260801_074833-g1_29dof_wbt_fall_and_getup_aw_cql_manager-locomotion,cql,75000,4,75000,3cbf151204a0d9c6,-1897.252441406,21006,10750,-16.5082,-10.7872,-5.721,63.4905,-0.09011,1.1387,1.268,1.1136
20260801_074833-g1_29dof_wbt_fall_and_getup_aw_cql_manager-locomotion,cql,75000,5,75000,3cbf151204a0d9c6,-1897.252441406,29649,5332,-1.0863,-10.7952,9.7089,63.4905,0.15292,1.056,1.2811,1.2132
20260801_074833-g1_29dof_wbt_fall_and_getup_aw_cql_manager-locomotion,cql,75000,8,75000,3cbf151204a0d9c6,-1897.252441406,74157,3344,28.9281,2.2577,26.6704,63.4905,0.42007,0.8377,1.1811,1.41
20260801_074833-g1_29dof_wbt_fall_and_getup_aw_cql_manager-locomotion,cql,75000,12,75000,3cbf151204a0d9c6,-1897.252441406,134624,2881,32.9194,4.4683,28.451,63.4905,0.44811,0.823,1.1796,1.4334
20260801_074833-g1_29dof_wbt_fall_and_getup_aw_cql_manager-locomotion,cql,75000,16,75000,3cbf151204a0d9c6,-1897.252441406,198771,3756,22.849,-0.3211,23.1701,63.4905,0.36494,0.8016,1.141,1.4235
20260801_074833-g1_29dof_wbt_fall_and_getup_aw_cql_manager-locomotion,cql,76000,0,76000,ea877d682eef8f6f,-1917.373657227,192109,6729,19.703,4.1983,15.5047,63.1741,0.24543,0.9496,1.796,1.8914
20260801_074833-g1_29dof_wbt_fall_and_getup_aw_cql_manager-locomotion,cql,76000,1,76000,ea877d682eef8f6f,-1917.373657227,94738,12464,6.054,-0.3357,6.3898,63.1741,0.10115,0.9285,1.2235,1.3176
20260801_074833-g1_29dof_wbt_fall_and_getup_aw_cql_manager-locomotion,cql,76000,2,76000,ea877d682eef8f6f,-1917.373657227,16213,105373,-7.0717,-0.8998,-6.1719,63.1741,-0.0977,1.0195,1.0106,0.9912
20260801_074833-g1_29dof_wbt_fall_and_getup_aw_cql_manager-locomotion,cql,76000,3,76000,ea877d682eef8f6f,-1917.373657227,18957,19294,-17.2879,-2.9011,-14.3869,63.1741,-0.22773,1.116,1.2284,1.1007
20260801_074833-g1_29dof_wbt_fall_and_getup_aw_cql_manager-locomotion,cql,76000,4,76000,ea877d682eef8f6f,-1917.373657227,21006,10750,-16.626,-11.0926,-5.5334,63.1741,-0.08759,1.1421,1.2793,1.1201
20260801_074833-g1_29dof_wbt_fall_and_getup_aw_cql_manager-locomotion,cql,76000,5,76000,ea877d682eef8f6f,-1917.373657227,29649,5332,-1.4247,-9.8396,8.4149,63.1741,0.1332,1.0541,1.2751,1.2096
20260801_074833-g1_29dof_wbt_fall_and_getup_aw_cql_manager-locomotion,cql,76000,8,76000,ea877d682eef8f6f,-1917.373657227,74157,3344,27.8792,1.5913,26.2878,63.1741,0.41612,0.8376,1.1826,1.4119
20260801_074833-g1_29dof_wbt_fall_and_getup_aw_cql_manager-locomotion,cql,76000,12,76000,ea877d682eef8f6f,-1917.373657227,134624,2881,32.397,4.7929,27.6041,63.1741,0.43695,0.8232,1.1795,1.4328
20260801_074833-g1_29dof_wbt_fall_and_getup_aw_cql_manager-locomotion,cql,76000,16,76000,ea877d682eef8f6f,-1917.373657227,198771,3756,23.0093,0.2657,22.7436,63.1741,0.36001,0.802,1.1404,1.4219
20260801_074833-g1_29dof_wbt_fall_and_getup_aw_cql_manager-locomotion,cql,77000,0,77000,2b996c026a52038c,-1932.822021484,192109,6729,19.5008,4.0371,15.4637,61.61,0.25099,0.9491,1.7773,1.8726
20260801_074833-g1_29dof_wbt_fall_and_getup_aw_cql_manager-locomotion,cql,77000,1,77000,2b996c026a52038c,-1932.822021484,94738,12464,5.5864,-1.0469,6.6333,61.61,0.10767,0.9289,1.2215,1.315
20260801_074833-g1_29dof_wbt_fall_and_getup_aw_cql_manager-locomotion,cql,77000,2,77000,2b996c026a52038c,-1932.822021484,16213,105373,-7.3342,-1.0294,-6.3049,61.61,-0.10234,1.0117,1.0088,0.9972
20260801_074833-g1_29dof_wbt_fall_and_getup_aw_cql_manager-locomotion,cql,77000,3,77000,2b996c026a52038c,-1932.822021484,18957,19294,-15.503,-2.7041,-12.7989,61.61,-0.20774,1.1138,1.228,1.1026
20260801_074833-g1_29dof_wbt_fall_and_getup_aw_cql_manager-locomotion,cql,77000,4,77000,2b996c026a52038c,-1932.822021484,21006,10750,-15.8569,-10.053,-5.8039,61.61,-0.0942,1.1366,1.2676,1.1153
20260801_074833-g1_29dof_wbt_fall_and_getup_aw_cql_manager-locomotion,cql,77000,5,77000,2b996c026a52038c,-1932.822021484,29649,5332,-0.564,-9.3546,8.7906,61.61,0.14268,1.0526,1.2709,1.2075
20260801_074833-g1_29dof_wbt_fall_and_getup_aw_cql_manager-locomotion,cql,77000,8,77000,2b996c026a52038c,-1932.822021484,74157,3344,27.9626,1.7774,26.1852,61.61,0.42502,0.8378,1.1767,1.4045
20260801_074833-g1_29dof_wbt_fall_and_getup_aw_cql_manager-locomotion,cql,77000,12,77000,2b996c026a52038c,-1932.822021484,134624,2881,32.0564,4.8862,27.1701,61.61,0.441,0.8241,1.1803,1.4322
20260801_074833-g1_29dof_wbt_fall_and_getup_aw_cql_manager-locomotion,cql,77000,16,77000,2b996c026a52038c,-1932.822021484,198771,3756,22.8521,0.2579,22.5942,61.61,0.36673,0.8022,1.1386,1.4194
20260801_074833-g1_29dof_wbt_fall_and_getup_aw_cql_manager-locomotion,cql,78000,0,78000,19ec1f5167b8db0c,-1950.683349609,192109,6729,19.7595,3.4672,16.2923,61.7205,0.26397,0.9465,1.7788,1.8792
20260801_074833-g1_29dof_wbt_fall_and_getup_aw_cql_manager-locomotion,cql,78000,1,78000,19ec1f5167b8db0c,-1950.683349609,94738,12464,5.7836,-1.0245,6.8082,61.7205,0.11031,0.9265,1.2112,1.3074
20260801_074833-g1_29dof_wbt_fall_and_getup_aw_cql_manager-locomotion,cql,78000,2,78000,19ec1f5167b8db0c,-1950.683349609,16213,105373,-7.8919,-0.6915,-7.2004,61.7205,-0.11666,1.014,1.0061,0.9922
20260801_074833-g1_29dof_wbt_fall_and_getup_aw_cql_manager-locomotion,cql,78000,3,78000,19ec1f5167b8db0c,-1950.683349609,18957,19294,-16.7875,-2.4271,-14.3604,61.7205,-0.23267,1.1151,1.2251,1.0986
20260801_074833-g1_29dof_wbt_fall_and_getup_aw_cql_manager-locomotion,cql,78000,4,78000,19ec1f5167b8db0c,-1950.683349609,21006,10750,-15.953,-10.0538,-5.8992,61.7205,-0.09558,1.1397,1.2721,1.1161
20260801_074833-g1_29dof_wbt_fall_and_getup_aw_cql_manager-locomotion,cql,78000,5,78000,19ec1f5167b8db0c,-1950.683349609,29649,5332,0.7508,-8.6508,9.4016,61.7205,0.15233,1.0525,1.2735,1.21
20260801_074833-g1_29dof_wbt_fall_and_getup_aw_cql_manager-locomotion,cql,78000,8,78000,19ec1f5167b8db0c,-1950.683349609,74157,3344,29.4107,2.5135,26.8972,61.7205,0.43579,0.8394,1.182,1.4081
20260801_074833-g1_29dof_wbt_fall_and_getup_aw_cql_manager-locomotion,cql,78000,12,78000,19ec1f5167b8db0c,-1950.683349609,134624,2881,31.8056,3.9085,27.8971,61.7205,0.45199,0.8242,1.1763,1.4272
20260801_074833-g1_29dof_wbt_fall_and_getup_aw_cql_manager-locomotion,cql,78000,16,78000,19ec1f5167b8db0c,-1950.683349609,198771,3756,22.2921,-0.5114,22.8035,61.7205,0.36946,0.8027,1.1358,1.4151
20260801_074833-g1_29dof_wbt_fall_and_getup_aw_cql_manager-locomotion,cql,79000,0,79000,dad23e4632f8ef35,-1962.876953125,192109,6729,18.8264,1.703,17.1234,62.9655,0.27195,0.9519,1.7809,1.8709
20260801_074833-g1_29dof_wbt_fall_and_getup_aw_cql_manager-locomotion,cql,79000,1,79000,dad23e4632f8ef35,-1962.876953125,94738,12464,5.1438,-1.8659,7.0096,62.9655,0.11132,0.9323,1.2258,1.3147
20260801_074833-g1_29dof_wbt_fall_and_getup_aw_cql_manager-locomotion,cql,79000,2,79000,dad23e4632f8ef35,-1962.876953125,16213,105373,-8.5817,-1.3446,-7.237,62.9655,-0.11494,1.0215,1.0112,0.9899
20260801_074833-g1_29dof_wbt_fall_and_getup_aw_cql_manager-locomotion,cql,79000,3,79000,dad23e4632f8ef35,-1962.876953125,18957,19294,-16.3313,-2.8145,-13.5168,62.9655,-0.21467,1.1206,1.2257,1.0938
20260801_074833-g1_29dof_wbt_fall_and_getup_aw_cql_manager-locomotion,cql,79000,4,79000,dad23e4632f8ef35,-1962.876953125,21006,10750,-17.4693,-11.4324,-6.0369,62.9655,-0.09588,1.1419,1.2712,1.1131
20260801_074833-g1_29dof_wbt_fall_and_getup_aw_cql_manager-locomotion,cql,79000,5,79000,dad23e4632f8ef35,-1962.876953125,29649,5332,-1.0166,-10.6042,9.5875,62.9655,0.15227,1.0563,1.2773,1.2092
20260801_074833-g1_29dof_wbt_fall_and_getup_aw_cql_manager-locomotion,cql,79000,8,79000,dad23e4632f8ef35,-1962.876953125,74157,3344,27.2117,0.5288,26.6829,62.9655,0.42377,0.8375,1.1777,1.4063
20260801_074833-g1_29dof_wbt_fall_and_getup_aw_cql_manager-locomotion,cql,79000,12,79000,dad23e4632f8ef35,-1962.876953125,134624,2881,32.0275,3.8756,28.1519,62.9655,0.4471,0.8235,1.179,1.4316
20260801_074833-g1_29dof_wbt_fall_and_getup_aw_cql_manager-locomotion,cql,79000,16,79000,dad23e4632f8ef35,-1962.876953125,198771,3756,22.3637,-0.7772,23.1409,62.9655,0.36752,0.8017,1.1377,1.4191
20260801_074833-g1_29dof_wbt_fall_and_getup_aw_cql_manager-locomotion,cql,80000,0,80000,6bd748e2695d387f,-1973.635742188,192109,6729,18.6904,2.4246,16.2658,63.6332,0.25562,0.9462,1.7658,1.8663
20260801_074833-g1_29dof_wbt_fall_and_getup_aw_cql_manager-locomotion,cql,80000,1,80000,6bd748e2695d387f,-1973.635742188,94738,12464,5.291,-1.9367,7.2277,63.6332,0.11358,0.927,1.2147,1.3104
20260801_074833-g1_29dof_wbt_fall_and_getup_aw_cql_manager-locomotion,cql,80000,2,80000,6bd748e2695d387f,-1973.635742188,16213,105373,-8.9265,-1.2109,-7.7156,63.6332,-0.12125,1.022,1.0064,0.9847
20260801_074833-g1_29dof_wbt_fall_and_getup_aw_cql_manager-locomotion,cql,80000,3,80000,6bd748e2695d387f,-1973.635742188,18957,19294,-18.3052,-3.6108,-14.6944,63.6332,-0.23092,1.1094,1.2202,1.0999
20260801_074833-g1_29dof_wbt_fall_and_getup_aw_cql_manager-locomotion,cql,80000,4,80000,6bd748e2695d387f,-1973.635742188,21006,10750,-18.2474,-11.9543,-6.2931,63.6332,-0.0989,1.1424,1.266,1.1082
20260801_074833-g1_29dof_wbt_fall_and_getup_aw_cql_manager-locomotion,cql,80000,5,80000,6bd748e2695d387f,-1973.635742188,29649,5332,-2.3869,-10.3332,7.9463,63.6332,0.12488,1.0569,1.2763,1.2076
20260801_074833-g1_29dof_wbt_fall_and_getup_aw_cql_manager-locomotion,cql,80000,8,80000,6bd748e2695d387f,-1973.635742188,74157,3344,27.51,1.0294,26.4807,63.6332,0.41615,0.8402,1.1811,1.4058
20260801_074833-g1_29dof_wbt_fall_and_getup_aw_cql_manager-locomotion,cql,80000,12,80000,6bd748e2695d387f,-1973.635742188,134624,2881,32.0885,3.856,28.2325,63.6332,0.44368,0.8243,1.1837,1.436
20260801_074833-g1_29dof_wbt_fall_and_getup_aw_cql_manager-locomotion,cql,80000,16,80000,6bd748e2695d387f,-1973.635742188,198771,3756,22.3717,-0.1837,22.5554,63.6332,0.35446,0.8017,1.1378,1.4192
20260801_074833-g1_29dof_wbt_fall_and_getup_aw_cql_manager-locomotion,cql,81000,0,81000,1dca46266caced34,-1990.342285156,192109,6729,18.6923,3.5382,15.154,63.6796,0.23797,0.9477,1.7705,1.8682
20260801_074833-g1_29dof_wbt_fall_and_getup_aw_cql_manager-locomotion,cql,81000,1,81000,1dca46266caced34,-1990.342285156,94738,12464,5.2937,-0.8876,6.1813,63.6796,0.09707,0.9283,1.212,1.3056
20260801_074833-g1_29dof_wbt_fall_and_getup_aw_cql_manager-locomotion,cql,81000,2,81000,1dca46266caced34,-1990.342285156,16213,105373,-8.3986,-1.166,-7.2326,63.6796,-0.11358,1.0175,1.0052,0.9879
20260801_074833-g1_29dof_wbt_fall_and_getup_aw_cql_manager-locomotion,cql,81000,3,81000,1dca46266caced34,-1990.342285156,18957,19294,-17.9354,-3.107,-14.8284,63.6796,-0.23286,1.1101,1.2204,1.0994
20260801_074833-g1_29dof_wbt_fall_and_getup_aw_cql_manager-locomotion,cql,81000,4,81000,1dca46266caced34,-1990.342285156,21006,10750,-18.2737,-12.0078,-6.2658,63.6796,-0.0984,1.141,1.2675,1.1109
20260801_074833-g1_29dof_wbt_fall_and_getup_aw_cql_manager-locomotion,cql,81000,5,81000,1dca46266caced34,-1990.342285156,29649,5332,-3.9695,-11.324,7.3545,63.6796,0.11549,1.0574,1.2785,1.2092
20260801_074833-g1_29dof_wbt_fall_and_getup_aw_cql_manager-locomotion,cql,81000,8,81000,1dca46266caced34,-1990.342285156,74157,3344,27.6439,1.9579,25.6859,63.6796,0.40336,0.838,1.1755,1.4027
20260801_074833-g1_29dof_wbt_fall_and_getup_aw_cql_manager-locomotion,cql,81000,12,81000,1dca46266caced34,-1990.342285156,134624,2881,31.7835,3.9276,27.8559,63.6796,0.43744,0.8238,1.1763,1.4279
20260801_074833-g1_29dof_wbt_fall_and_getup_aw_cql_manager-locomotion,cql,81000,16,81000,1dca46266caced34,-1990.342285156,198771,3756,22.2362,-0.2638,22.5,63.6796,0.35333,0.8023,1.1379,1.4184
20260801_074833-g1_29dof_wbt_fall_and_getup_aw_cql_manager-locomotion,cql,82000,0,82000,20e6fce6c436110c,-2006.72277832,192109,6729,18.9143,2.7405,16.1738,62.8137,0.25749,0.9444,1.7554,1.8586
20260801_074833-g1_29dof_wbt_fall_and_getup_aw_cql_manager-locomotion,cql,82000,1,82000,20e6fce6c436110c,-2006.72277832,94738,12464,5.3882,-1.1126,6.5008,62.8137,0.10349,0.9258,1.2128,1.31
20260801_074833-g1_29dof_wbt_fall_and_getup_aw_cql_manager-locomotion,cql,82000,2,82000,20e6fce6c436110c,-2006.72277832,16213,105373,-8.2941,-1.0369,-7.2573,62.8137,-0.11554,1.0176,1.0054,0.988
20260801_074833-g1_29dof_wbt_fall_and_getup_aw_cql_manager-locomotion,cql,82000,3,82000,20e6fce6c436110c,-2006.72277832,18957,19294,-17.7752,-3.2166,-14.5586,62.8137,-0.23177,1.1075,1.2164,1.0983
20260801_074833-g1_29dof_wbt_fall_and_getup_aw_cql_manager-locomotion,cql,82000,4,82000,20e6fce6c436110c,-2006.72277832,21006,10750,-17.9103,-11.1514,-6.7589,62.8137,-0.1076,1.1411,1.263,1.1067
20260801_074833-g1_29dof_wbt_fall_and_getup_aw_cql_manager-locomotion,cql,82000,5,82000,20e6fce6c436110c,-2006.72277832,29649,5332,-2.572,-10.5122,7.9401,62.8137,0.12641,1.0553,1.2748,1.2081
20260801_074833-g1_29dof_wbt_fall_and_getup_aw_cql_manager-locomotion,cql,82000,8,82000,20e6fce6c436110c,-2006.72277832,74157,3344,27.9446,2.0719,25.8727,62.8137,0.4119,0.8391,1.1804,1.4069
20260801_074833-g1_29dof_wbt_fall_and_getup_aw_cql_manager-locomotion,cql,82000,12,82000,20e6fce6c436110c,-2006.72277832,134624,2881,31.0755,2.9639,28.1115,62.8137,0.44754,0.8235,1.1804,1.4334
20260801_074833-g1_29dof_wbt_fall_and_getup_aw_cql_manager-locomotion,cql,82000,16,82000,20e6fce6c436110c,-2006.72277832,198771,3756,22.168,-0.8259,22.9939,62.8137,0.36607,0.8018,1.1378,1.419
20260801_074833-g1_29dof_wbt_fall_and_getup_aw_cql_manager-locomotion,cql,83000,0,83000,36aac42a05c3f83b,-2024.08581543,192109,6729,18.7735,3.604,15.1695,63.7191,0.23807,0.9455,1.7594,1.8608
20260801_074833-g1_29dof_wbt_fall_and_getup_aw_cql_manager-locomotion,cql,83000,1,83000,36aac42a05c3f83b,-2024.08581543,94738,12464,5.7733,-0.6666,6.4399,63.7191,0.10107,0.9259,1.2135,1.3106
20260801_074833-g1_29dof_wbt_fall_and_getup_aw_cql_manager-locomotion,cql,83000,2,83000,36aac42a05c3f83b,-2024.08581543,16213,105373,-9.4504,-1.105,-8.3454,63.7191,-0.13097,1.0192,1.0033,0.9844
20260801_074833-g1_29dof_wbt_fall_and_getup_aw_cql_manager-locomotion,cql,83000,3,83000,36aac42a05c3f83b,-2024.08581543,18957,19294,-19.8167,-3.1692,-16.6475,63.7191,-0.26126,1.1099,1.2155,1.0951
20260801_074833-g1_29dof_wbt_fall_and_getup_aw_cql_manager-locomotion,cql,83000,4,83000,36aac42a05c3f83b,-2024.08581543,21006,10750,-18.1961,-11.3055,-6.8906,63.7191,-0.10814,1.139,1.2616,1.1076
20260801_074833-g1_29dof_wbt_fall_and_getup_aw_cql_manager-locomotion,cql,83000,5,83000,36aac42a05c3f83b,-2024.08581543,29649,5332,-1.6665,-10.2357,8.5692,63.7191,0.13448,1.0576,1.2797,1.21
20260801_074833-g1_29dof_wbt_fall_and_getup_aw_cql_manager-locomotion,cql,83000,8,83000,36aac42a05c3f83b,-2024.08581543,74157,3344,28.5815,2.0929,26.4886,63.7191,0.41571,0.837,1.1753,1.4042
20260801_074833-g1_29dof_wbt_fall_and_getup_aw_cql_manager-locomotion,cql,83000,12,83000,36aac42a05c3f83b,-2024.08581543,134624,2881,31.8954,3.4003,28.495,63.7191,0.4472,0.8226,1.1783,1.4325
20260801_074833-g1_29dof_wbt_fall_and_getup_aw_cql_manager-locomotion,cql,83000,16,83000,36aac42a05c3f83b,-2024.08581543,198771,3756,22.2818,-0.521,22.8028,63.7191,0.35787,0.8017,1.1387,1.4203
20260801_074833-g1_29dof_wbt_fall_and_getup_aw_cql_manager-locomotion,cql,84000,0,84000,ddca284ebfa85150,-2033.142578125,192109,6729,17.9689,1.8203,16.1486,62.8409,0.25698,0.9486,1.7409,1.8352
20260801_074833-g1_29dof_wbt_fall_and_getup_aw_cql_manager-locomotion,cql,84000,1,84000,ddca284ebfa85150,-2033.142578125,94738,12464,4.584,-1.8064,6.3904,62.8409,0.10169,0.9299,1.2188,1.3106
20260801_074833-g1_29dof_wbt_fall_and_getup_aw_cql_manager-locomotion,cql,84000,2,84000,ddca284ebfa85150,-2033.142578125,16213,105373,-8.8319,-1.3025,-7.5295,62.8409,-0.11982,1.0255,1.0083,0.9832
20260801_074833-g1_29dof_wbt_fall_and_getup_aw_cql_manager-locomotion,cql,84000,3,84000,ddca284ebfa85150,-2033.142578125,18957,19294,-18.5493,-2.8005,-15.7488,62.8409,-0.25061,1.1091,1.2214,1.1012
20260801_074833-g1_29dof_wbt_fall_and_getup_aw_cql_manager-locomotion,cql,84000,4,84000,ddca284ebfa85150,-2033.142578125,21006,10750,-18.724,-10.8458,-7.8782,62.8409,-0.12537,1.141,1.2617,1.1058
20260801_074833-g1_29dof_wbt_fall_and_getup_aw_cql_manager-locomotion,cql,84000,5,84000,ddca284ebfa85150,-2033.142578125,29649,5332,-2.8879,-11.263,8.3751,62.8409,0.13327,1.0533,1.2681,1.2039
20260801_074833-g1_29dof_wbt_fall_and_getup_aw_cql_manager-locomotion,cql,84000,8,84000,ddca284ebfa85150,-2033.142578125,74157,3344,26.7617,0.9751,25.7866,62.8409,0.41035,0.8385,1.175,1.4013
20260801_074833-g1_29dof_wbt_fall_and_getup_aw_cql_manager-locomotion,cql,84000,12,84000,ddca284ebfa85150,-2033.142578125,134624,2881,31.0612,3.4688,27.5924,62.8409,0.43908,0.8237,1.1742,1.4255
20260801_074833-g1_29dof_wbt_fall_and_getup_aw_cql_manager-locomotion,cql,84000,16,84000,ddca284ebfa85150,-2033.142578125,198771,3756,22.0852,-0.6692,22.7544,62.8409,0.36209,0.8017,1.1348,1.4155
20260801_074833-g1_29dof_wbt_fall_and_getup_aw_cql_manager-locomotion,cql,85000,0,85000,d1d00a642ca7e58d,-2046.429443359,192109,6729,18.3159,1.9854,16.3304,62.8529,0.25982,0.9464,1.7262,1.824
20260801_074833-g1_29dof_wbt_fall_and_getup_aw_cql_manager-locomotion,cql,85000,1,85000,d1d00a642ca7e58d,-2046.429443359,94738,12464,6.1255,-1.1099,7.2355,62.8529,0.11512,0.9284,1.2091,1.3023
20260801_074833-g1_29dof_wbt_fall_and_getup_aw_cql_manager-locomotion,cql,85000,2,85000,d1d00a642ca7e58d,-2046.429443359,16213,105373,-8.277,-0.6232,-7.6538,62.8529,-0.12177,1.0193,1.0066,0.9875
20260801_074833-g1_29dof_wbt_fall_and_getup_aw_cql_manager-locomotion,cql,85000,3,85000,d1d00a642ca7e58d,-2046.429443359,18957,19294,-17.9125,-2.7933,-15.1192,62.8529,-0.24055,1.1086,1.2178,1.0985
20260801_074833-g1_29dof_wbt_fall_and_getup_aw_cql_manager-locomotion,cql,85000,4,85000,d1d00a642ca7e58d,-2046.429443359,21006,10750,-19.3003,-11.3193,-7.981,62.8529,-0.12698,1.1361,1.2607,1.1097
20260801_074833-g1_29dof_wbt_fall_and_getup_aw_cql_manager-locomotion,cql,85000,5,85000,d1d00a642ca7e58d,-2046.429443359,29649,5332,-4.2087,-11.7156,7.5069,62.8529,0.11944,1.0592,1.2707,1.1997
20260801_074833-g1_29dof_wbt_fall_and_getup_aw_cql_manager-locomotion,cql,85000,8,85000,d1d00a642ca7e58d,-2046.429443359,74157,3344,27.9413,2.021,25.9203,62.8529,0.4124,0.8373,1.1722,1.3999
20260801_074833-g1_29dof_wbt_fall_and_getup_aw_cql_manager-locomotion,cql,85000,12,85000,d1d00a642ca7e58d,-2046.429443359,134624,2881,31.0513,3.5789,27.4723,62.8529,0.43709,0.823,1.175,1.4278
20260801_074833-g1_29dof_wbt_fall_and_getup_aw_cql_manager-locomotion,cql,85000,16,85000,d1d00a642ca7e58d,-2046.429443359,198771,3756,21.5921,-0.6701,22.2623,62.8529,0.3542,0.8018,1.1361,1.4168
20260801_074833-g1_29dof_wbt_fall_and_getup_aw_cql_manager-locomotion,cql,86000,0,86000,96a198ed84a4bf9c,-2062.600097656,192109,6729,18.5298,1.9392,16.5905,64.575,0.25692,0.9465,1.7598,1.8593
20260801_074833-g1_29dof_wbt_fall_and_getup_aw_cql_manager-locomotion,cql,86000,1,86000,96a198ed84a4bf9c,-2062.600097656,94738,12464,5.4364,-1.1826,6.619,64.575,0.1025,0.9263,1.2166,1.3133
20260801_074833-g1_29dof_wbt_fall_and_getup_aw_cql_manager-locomotion,cql,86000,2,86000,96a198ed84a4bf9c,-2062.600097656,16213,105373,-9.7722,-0.9712,-8.801,64.575,-0.13629,1.0186,1.0057,0.9874
20260801_074833-g1_29dof_wbt_fall_and_getup_aw_cql_manager-locomotion,cql,86000,3,86000,96a198ed84a4bf9c,-2062.600097656,18957,19294,-21.161,-2.9404,-18.2205,64.575,-0.28216,1.1082,1.221,1.1018
20260801_074833-g1_29dof_wbt_fall_and_getup_aw_cql_manager-locomotion,cql,86000,4,86000,96a198ed84a4bf9c,-2062.600097656,21006,10750,-20.561,-10.6775,-9.8835,64.575,-0.15305,1.1384,1.2665,1.1125
20260801_074833-g1_29dof_wbt_fall_and_getup_aw_cql_manager-locomotion,cql,86000,5,86000,96a198ed84a4bf9c,-2062.600097656,29649,5332,-3.8856,-11.2807,7.3951,64.575,0.11452,1.0552,1.2673,1.2011
20260801_074833-g1_29dof_wbt_fall_and_getup_aw_cql_manager-locomotion,cql,86000,8,86000,96a198ed84a4bf9c,-2062.600097656,74157,3344,27.135,2.0674,25.0676,64.575,0.38819,0.8378,1.1788,1.407
20260801_074833-g1_29dof_wbt_fall_and_getup_aw_cql_manager-locomotion,cql,86000,12,86000,96a198ed84a4bf9c,-2062.600097656,134624,2881,31.2684,3.8248,27.4436,64.575,0.42499,0.8236,1.174,1.4254
20260801_074833-g1_29dof_wbt_fall_and_getup_aw_cql_manager-locomotion,cql,86000,16,86000,96a198ed84a4bf9c,-2062.600097656,198771,3756,21.8938,-0.5447,22.4385,64.575,0.34748,0.8023,1.1351,1.4147
20260801_074833-g1_29dof_wbt_fall_and_getup_aw_cql_manager-locomotion,cql,87000,0,87000,a6361fbb5b858cbf,-2075.826171875,192109,6729,19.295,2.5639,16.7311,64.4586,0.25956,0.9479,1.7563,1.8527
20260801_074833-g1_29dof_wbt_fall_and_getup_aw_cql_manager-locomotion,cql,87000,1,87000,a6361fbb5b858cbf,-2075.826171875,94738,12464,5.5684,-1.0691,6.6375,64.4586,0.10297,0.9277,1.2148,1.3095
20260801_074833-g1_29dof_wbt_fall_and_getup_aw_cql_manager-locomotion,cql,87000,2,87000,a6361fbb5b858cbf,-2075.826171875,16213,105373,-10.1553,-1.1812,-8.9741,64.4586,-0.13922,1.0221,1.0068,0.985
20260801_074833-g1_29dof_wbt_fall_and_getup_aw_cql_manager-locomotion,cql,87000,3,87000,a6361fbb5b858cbf,-2075.826171875,18957,19294,-20.3015,-2.8314,-17.47,64.4586,-0.27103,1.1059,1.22,1.1032
20260801_074833-g1_29dof_wbt_fall_and_getup_aw_cql_manager-locomotion,cql,87000,4,87000,a6361fbb5b858cbf,-2075.826171875,21006,10750,-20.7551,-10.8727,-9.8823,64.4586,-0.15331,1.134,1.2566,1.1081
20260801_074833-g1_29dof_wbt_fall_and_getup_aw_cql_manager-locomotion,cql,87000,5,87000,a6361fbb5b858cbf,-2075.826171875,29649,5332,-4.3095,-11.6237,7.3142,64.4586,0.11347,1.056,1.2712,1.2038
20260801_074833-g1_29dof_wbt_fall_and_getup_aw_cql_manager-locomotion,cql,87000,8,87000,a6361fbb5b858cbf,-2075.826171875,74157,3344,27.1566,1.2426,25.914,64.4586,0.40203,0.8384,1.1774,1.4044
20260801_074833-g1_29dof_wbt_fall_and_getup_aw_cql_manager-locomotion,cql,87000,12,87000,a6361fbb5b858cbf,-2075.826171875,134624,2881,31.1001,3.7973,27.3028,64.4586,0.42357,0.8231,1.1733,1.4254
20260801_074833-g1_29dof_wbt_fall_and_getup_aw_cql_manager-locomotion,cql,87000,16,87000,a6361fbb5b858cbf,-2075.826171875,198771,3756,22.131,-0.5874,22.7184,64.4586,0.35245,0.802,1.134,1.4139
20260801_074833-g1_29dof_wbt_fall_and_getup_aw_cql_manager-locomotion,cql,88000,0,88000,32ae864b2ce72eff,-2089.381103516,192109,6729,17.931,1.2034,16.7276,64.8266,0.25804,0.9476,1.771,1.8688
20260801_074833-g1_29dof_wbt_fall_and_getup_aw_cql_manager-locomotion,cql,88000,1,88000,32ae864b2ce72eff,-2089.381103516,94738,12464,4.8881,-1.5576,6.4457,64.8266,0.09943,0.9294,1.218,1.3105
20260801_074833-g1_29dof_wbt_fall_and_getup_aw_cql_manager-locomotion,cql,88000,2,88000,32ae864b2ce72eff,-2089.381103516,16213,105373,-10.3802,-1.1769,-9.2033,64.8266,-0.14197,1.0283,1.01,0.9822
20260801_074833-g1_29dof_wbt_fall_and_getup_aw_cql_manager-locomotion,cql,88000,3,88000,32ae864b2ce72eff,-2089.381103516,18957,19294,-21.9718,-3.2787,-18.6931,64.8266,-0.28836,1.1108,1.2256,1.1033
20260801_074833-g1_29dof_wbt_fall_and_getup_aw_cql_manager-locomotion,cql,88000,4,88000,32ae864b2ce72eff,-2089.381103516,21006,10750,-21.5281,-12.2583,-9.2697,64.8266,-0.14299,1.1395,1.2715,1.1159
20260801_074833-g1_29dof_wbt_fall_and_getup_aw_cql_manager-locomotion,cql,88000,5,88000,32ae864b2ce72eff,-2089.381103516,29649,5332,-4.1818,-11.9793,7.7975,64.8266,0.12028,1.0575,1.2754,1.2061
20260801_074833-g1_29dof_wbt_fall_and_getup_aw_cql_manager-locomotion,cql,88000,8,88000,32ae864b2ce72eff,-2089.381103516,74157,3344,26.5728,0.3681,26.2047,64.8266,0.40423,0.8383,1.1799,1.4075
20260801_074833-g1_29dof_wbt_fall_and_getup_aw_cql_manager-locomotion,cql,88000,12,88000,32ae864b2ce72eff,-2089.381103516,134624,2881,29.8126,2.9701,26.8425,64.8266,0.41407,0.8231,1.1758,1.4285
20260801_074833-g1_29dof_wbt_fall_and_getup_aw_cql_manager-locomotion,cql,88000,16,88000,32ae864b2ce72eff,-2089.381103516,198771,3756,21.3095,-0.7029,22.0124,64.8266,0.33956,0.8017,1.1321,1.4121
20260801_074833-g1_29dof_wbt_fall_and_getup_aw_cql_manager-locomotion,cql,89000,0,89000,dab335eeb268ad83,-2106.604980469,192109,6729,17.2593,1.9033,15.3559,63.5908,0.24148,0.9452,1.7454,1.8465
20260801_074833-g1_29dof_wbt_fall_and_getup_aw_cql_manager-locomotion,cql,89000,1,89000,dab335eeb268ad83,-2106.604980469,94738,12464,4.7807,-2.0129,6.7936,63.5908,0.10683,0.9258,1.2075,1.3043
20260801_074833-g1_29dof_wbt_fall_and_getup_aw_cql_manager-locomotion,cql,89000,2,89000,dab335eeb268ad83,-2106.604980469,16213,105373,-10.0191,-1.3178,-8.7013,63.5908,-0.13683,1.0278,1.0081,0.9809
20260801_074833-g1_29dof_wbt_fall_and_getup_aw_cql_manager-locomotion,cql,89000,3,89000,dab335eeb268ad83,-2106.604980469,18957,19294,-20.9341,-2.8534,-18.0807,63.5908,-0.28433,1.1064,1.2189,1.1017
20260801_074833-g1_29dof_wbt_fall_and_getup_aw_cql_manager-locomotion,cql,89000,4,89000,dab335eeb268ad83,-2106.604980469,21006,10750,-19.7288,-11.4254,-8.3034,63.5908,-0.13058,1.1409,1.2613,1.1055
20260801_074833-g1_29dof_wbt_fall_and_getup_aw_cql_manager-locomotion,cql,89000,5,89000,dab335eeb268ad83,-2106.604980469,29649,5332,-3.9474,-11.9985,8.0512,63.5908,0.12661,1.0592,1.2718,1.2008
20260801_074833-g1_29dof_wbt_fall_and_getup_aw_cql_manager-locomotion,cql,89000,8,89000,dab335eeb268ad83,-2106.604980469,74157,3344,27.2618,1.0189,26.2429,63.5908,0.41268,0.8383,1.1774,1.4046
20260801_074833-g1_29dof_wbt_fall_and_getup_aw_cql_manager-locomotion,cql,89000,12,89000,dab335eeb268ad83,-2106.604980469,134624,2881,30.5313,3.3513,27.18,63.5908,0.42742,0.8238,1.1729,1.4239
20260801_074833-g1_29dof_wbt_fall_and_getup_aw_cql_manager-locomotion,cql,89000,16,89000,dab335eeb268ad83,-2106.604980469,198771,3756,22.0319,-0.5604,22.5923,63.5908,0.35528,0.8023,1.1338,1.4132
20260801_074833-g1_29dof_wbt_fall_and_getup_aw_cql_manager-locomotion,cql,90000,0,90000,faa2323fc2fba335,-2118.223876953,192109,6729,17.7484,0.7058,17.0426,64.2435,0.26528,0.9443,1.7451,1.848
20260801_074833-g1_29dof_wbt_fall_and_getup_aw_cql_manager-locomotion,cql,90000,1,90000,faa2323fc2fba335,-2118.223876953,94738,12464,5.1519,-1.9808,7.1327,64.2435,0.11103,0.9255,1.2106,1.308
20260801_074833-g1_29dof_wbt_fall_and_getup_aw_cql_manager-locomotion,cql,90000,2,90000,faa2323fc2fba335,-2118.223876953,16213,105373,-9.6461,-0.9752,-8.6709,64.2435,-0.13497,1.0137,1.0034,0.9899
20260801_074833-g1_29dof_wbt_fall_and_getup_aw_cql_manager-locomotion,cql,90000,3,90000,faa2323fc2fba335,-2118.223876953,18957,19294,-19.2725,-2.873,-16.3995,64.2435,-0.25527,1.1103,1.2177,1.0968
20260801_074833-g1_29dof_wbt_fall_and_getup_aw_cql_manager-locomotion,cql,90000,4,90000,faa2323fc2fba335,-2118.223876953,21006,10750,-21.7786,-12.2841,-9.4946,64.2435,-0.14779,1.1413,1.2639,1.1074
20260801_074833-g1_29dof_wbt_fall_and_getup_aw_cql_manager-locomotion,cql,90000,5,90000,faa2323fc2fba335,-2118.223876953,29649,5332,-5.0031,-12.0707,7.0676,64.2435,0.11001,1.0577,1.2705,1.2012
20260801_074833-g1_29dof_wbt_fall_and_getup_aw_cql_manager-locomotion,cql,90000,8,90000,faa2323fc2fba335,-2118.223876953,74157,3344,26.2695,0.9865,25.283,64.2435,0.39355,0.8383,1.1716,1.3975
20260801_074833-g1_29dof_wbt_fall_and_getup_aw_cql_manager-locomotion,cql,90000,12,90000,faa2323fc2fba335,-2118.223876953,134624,2881,31.05,3.8328,27.2173,64.2435,0.42366,0.8234,1.1707,1.4218
20260801_074833-g1_29dof_wbt_fall_and_getup_aw_cql_manager-locomotion,cql,90000,16,90000,faa2323fc2fba335,-2118.223876953,198771,3756,21.4717,-0.5107,21.9824,64.2435,0.34217,0.802,1.1302,1.4093
20260801_074833-g1_29dof_wbt_fall_and_getup_aw_cql_manager-locomotion,cql,91000,0,91000,0880017e716271bd,-2129.664794922,192109,6729,17.3094,0.905,16.4045,63.8274,0.25701,0.9464,1.7374,1.8358
20260801_074833-g1_29dof_wbt_fall_and_getup_aw_cql_manager-locomotion,cql,91000,1,91000,0880017e716271bd,-2129.664794922,94738,12464,5.0809,-1.875,6.956,63.8274,0.10898,0.9266,1.2116,1.3076
20260801_074833-g1_29dof_wbt_fall_and_getup_aw_cql_manager-locomotion,cql,91000,2,91000,0880017e716271bd,-2129.664794922,16213,105373,-9.853,-0.8914,-8.9616,63.8274,-0.1404,1.019,1.0052,0.9865
20260801_074833-g1_29dof_wbt_fall_and_getup_aw_cql_manager-locomotion,cql,91000,3,91000,0880017e716271bd,-2129.664794922,18957,19294,-22.229,-2.9408,-19.2882,63.8274,-0.30219,1.1045,1.2211,1.1055
20260801_074833-g1_29dof_wbt_fall_and_getup_aw_cql_manager-locomotion,cql,91000,4,91000,0880017e716271bd,-2129.664794922,21006,10750,-20.7911,-11.3533,-9.4377,63.8274,-0.14786,1.1356,1.2658,1.1146
20260801_074833-g1_29dof_wbt_fall_and_getup_aw_cql_manager-locomotion,cql,91000,5,91000,0880017e716271bd,-2129.664794922,29649,5332,-3.0136,-10.0345,7.0209,63.8274,0.11,1.0605,1.2722,1.1995
20260801_074833-g1_29dof_wbt_fall_and_getup_aw_cql_manager-locomotion,cql,91000,8,91000,0880017e716271bd,-2129.664794922,74157,3344,26.7708,1.6019,25.1689,63.8274,0.39433,0.8384,1.1772,1.4041
20260801_074833-g1_29dof_wbt_fall_and_getup_aw_cql_manager-locomotion,cql,91000,12,91000,0880017e716271bd,-2129.664794922,134624,2881,30.7003,3.8544,26.8459,63.8274,0.4206,0.8233,1.1727,1.4244
20260801_074833-g1_29dof_wbt_fall_and_getup_aw_cql_manager-locomotion,cql,91000,16,91000,0880017e716271bd,-2129.664794922,198771,3756,21.5867,-0.7701,22.3568,63.8274,0.35027,0.8017,1.1331,1.4134
20260801_074833-g1_29dof_wbt_fall_and_getup_aw_cql_manager-locomotion,cql,92000,0,92000,53ed35767e4e57f2,-2144.141845703,192109,6729,17.3953,0.8873,16.508,65.4636,0.25217,0.9446,1.7238,1.8249
20260801_074833-g1_29dof_wbt_fall_and_getup_aw_cql_manager-locomotion,cql,92000,1,92000,53ed35767e4e57f2,-2144.141845703,94738,12464,4.2634,-1.9022,6.1655,65.4636,0.09418,0.9262,1.2008,1.2965
20260801_074833-g1_29dof_wbt_fall_and_getup_aw_cql_manager-locomotion,cql,92000,2,92000,53ed35767e4e57f2,-2144.141845703,16213,105373,-11.8847,-1.6588,-10.2259,65.4636,-0.15621,1.0197,1.0053,0.9859
20260801_074833-g1_29dof_wbt_fall_and_getup_aw_cql_manager-locomotion,cql,92000,3,92000,53ed35767e4e57f2,-2144.141845703,18957,19294,-23.1873,-3.5917,-19.5957,65.4636,-0.29934,1.1146,1.2236,1.0978
20260801_074833-g1_29dof_wbt_fall_and_getup_aw_cql_manager-locomotion,cql,92000,4,92000,53ed35767e4e57f2,-2144.141845703,21006,10750,-23.7397,-12.2104,-11.5293,65.4636,-0.17612,1.1376,1.2732,1.1191
20260801_074833-g1_29dof_wbt_fall_and_getup_aw_cql_manager-locomotion,cql,92000,5,92000,53ed35767e4e57f2,-2144.141845703,29649,5332,-4.9206,-11.8992,6.9785,65.4636,0.1066,1.059,1.2796,1.2082
20260801_074833-g1_29dof_wbt_fall_and_getup_aw_cql_manager-locomotion,cql,92000,8,92000,53ed35767e4e57f2,-2144.141845703,74157,3344,26.4229,0.9827,25.4402,65.4636,0.38862,0.8372,1.1788,1.4081
20260801_074833-g1_29dof_wbt_fall_and_getup_aw_cql_manager-locomotion,cql,92000,12,92000,53ed35767e4e57f2,-2144.141845703,134624,2881,30.5685,2.8709,27.6976,65.4636,0.4231,0.8228,1.1761,1.4293
20260801_074833-g1_29dof_wbt_fall_and_getup_aw_cql_manager-locomotion,cql,92000,16,92000,53ed35767e4e57f2,-2144.141845703,198771,3756,21.6147,-0.6816,22.2963,65.4636,0.34059,0.8016,1.1348,1.4157
20260801_074833-g1_29dof_wbt_fall_and_getup_aw_cql_manager-locomotion,cql,93000,0,93000,7e7064650219ae85,-2158.933105469,192109,6729,17.3482,2.3643,14.9839,64.644,0.23179,0.9463,1.7415,1.8402
20260801_074833-g1_29dof_wbt_fall_and_getup_aw_cql_manager-locomotion,cql,93000,1,93000,7e7064650219ae85,-2158.933105469,94738,12464,4.9019,-1.7023,6.6042,64.644,0.10216,0.9273,1.2169,1.3124
20260801_074833-g1_29dof_wbt_fall_and_getup_aw_cql_manager-locomotion,cql,93000,2,93000,7e7064650219ae85,-2158.933105469,16213,105373,-10.6462,-0.9475,-9.6987,64.644,-0.15003,1.0258,1.0059,0.9805
20260801_074833-g1_29dof_wbt_fall_and_getup_aw_cql_manager-locomotion,cql,93000,3,93000,7e7064650219ae85,-2158.933105469,18957,19294,-24.0455,-2.7671,-21.2785,64.644,-0.32916,1.1028,1.2219,1.108
20260801_074833-g1_29dof_wbt_fall_and_getup_aw_cql_manager-locomotion,cql,93000,4,93000,7e7064650219ae85,-2158.933105469,21006,10750,-21.4664,-11.5383,-9.9282,64.644,-0.15358,1.1382,1.2763,1.1213
20260801_074833-g1_29dof_wbt_fall_and_getup_aw_cql_manager-locomotion,cql,93000,5,93000,7e7064650219ae85,-2158.933105469,29649,5332,-4.9041,-11.8759,6.9719,64.644,0.10785,1.0515,1.2715,1.2092
20260801_074833-g1_29dof_wbt_fall_and_getup_aw_cql_manager-locomotion,cql,93000,8,93000,7e7064650219ae85,-2158.933105469,74157,3344,26.7021,1.975,24.7271,64.644,0.38251,0.836,1.1719,1.4019
20260801_074833-g1_29dof_wbt_fall_and_getup_aw_cql_manager-locomotion,cql,93000,12,93000,7e7064650219ae85,-2158.933105469,134624,2881,29.9717,3.5671,26.4046,64.644,0.40846,0.8234,1.1748,1.4269
20260801_074833-g1_29dof_wbt_fall_and_getup_aw_cql_manager-locomotion,cql,93000,16,93000,7e7064650219ae85,-2158.933105469,198771,3756,21.2961,-0.5828,21.879,64.644,0.33845,0.8018,1.1329,1.413
20260801_074833-g1_29dof_wbt_fall_and_getup_aw_cql_manager-locomotion,cql,94000,0,94000,3820ca36f8063911,-2175.083496094,192109,6729,17.29,0.8196,16.4705,65.3445,0.25206,0.9443,1.7334,1.8356
20260801_074833-g1_29dof_wbt_fall_and_getup_aw_cql_manager-locomotion,cql,94000,1,94000,3820ca36f8063911,-2175.083496094,94738,12464,4.4465,-2.355,6.8015,65.3445,0.10409,0.9242,1.2098,1.3091
20260801_074833-g1_29dof_wbt_fall_and_getup_aw_cql_manager-locomotion,cql,94000,2,94000,3820ca36f8063911,-2175.083496094,16213,105373,-11.6273,-1.6578,-9.9696,65.3445,-0.15257,1.0202,1.0019,0.9821
20260801_074833-g1_29dof_wbt_fall_and_getup_aw_cql_manager-locomotion,cql,94000,3,94000,3820ca36f8063911,-2175.083496094,18957,19294,-23.6251,-3.0825,-20.5426,65.3445,-0.31437,1.1017,1.2164,1.1041
20260801_074833-g1_29dof_wbt_fall_and_getup_aw_cql_manager-locomotion,cql,94000,4,94000,3820ca36f8063911,-2175.083496094,21006,10750,-21.6595,-11.2695,-10.39,65.3445,-0.159,1.1349,1.2679,1.1172
20260801_074833-g1_29dof_wbt_fall_and_getup_aw_cql_manager-locomotion,cql,94000,5,94000,3820ca36f8063911,-2175.083496094,29649,5332,-5.2243,-11.3514,6.1272,65.3445,0.09377,1.0511,1.2688,1.2072
20260801_074833-g1_29dof_wbt_fall_and_getup_aw_cql_manager-locomotion,cql,94000,8,94000,3820ca36f8063911,-2175.083496094,74157,3344,26.1018,0.8386,25.2632,65.3445,0.38662,0.8369,1.1754,1.4044
20260801_074833-g1_29dof_wbt_fall_and_getup_aw_cql_manager-locomotion,cql,94000,12,94000,3820ca36f8063911,-2175.083496094,134624,2881,30.3046,2.4887,27.8159,65.3445,0.42568,0.8232,1.177,1.4299
20260801_074833-g1_29dof_wbt_fall_and_getup_aw_cql_manager-locomotion,cql,94000,16,94000,3820ca36f8063911,-2175.083496094,198771,3756,21.247,-0.9687,22.2157,65.3445,0.33998,0.8017,1.137,1.4183
20260801_074833-g1_29dof_wbt_fall_and_getup_aw_cql_manager-locomotion,cql,95000,0,95000,4b1bcddf910b0313,-2185.817871094,192109,6729,17.1956,-0.2118,17.4074,65.5536,0.26554,0.9467,1.7528,1.8515
20260801_074833-g1_29dof_wbt_fall_and_getup_aw_cql_manager-locomotion,cql,95000,1,95000,4b1bcddf910b0313,-2185.817871094,94738,12464,4.544,-2.6394,7.1835,65.5536,0.10958,0.9275,1.2111,1.3058
20260801_074833-g1_29dof_wbt_fall_and_getup_aw_cql_manager-locomotion,cql,95000,2,95000,4b1bcddf910b0313,-2185.817871094,16213,105373,-13.3166,-1.6598,-11.6567,65.5536,-0.17782,1.0225,1.0066,0.9844
20260801_074833-g1_29dof_wbt_fall_and_getup_aw_cql_manager-locomotion,cql,95000,3,95000,4b1bcddf910b0313,-2185.817871094,18957,19294,-24.2513,-3.2328,-21.0185,65.5536,-0.32063,1.1075,1.2231,1.1044
20260801_074833-g1_29dof_wbt_fall_and_getup_aw_cql_manager-locomotion,cql,95000,4,95000,4b1bcddf910b0313,-2185.817871094,21006,10750,-22.282,-12.1075,-10.1745,65.5536,-0.15521,1.1396,1.2667,1.1115
20260801_074833-g1_29dof_wbt_fall_and_getup_aw_cql_manager-locomotion,cql,95000,5,95000,4b1bcddf910b0313,-2185.817871094,29649,5332,-4.6198,-10.6309,6.0111,65.5536,0.0917,1.051,1.2641,1.2028
20260801_074833-g1_29dof_wbt_fall_and_getup_aw_cql_manager-locomotion,cql,95000,8,95000,4b1bcddf910b0313,-2185.817871094,74157,3344,26.3097,1.1612,25.1484,65.5536,0.38363,0.8379,1.1712,1.3977
20260801_074833-g1_29dof_wbt_fall_and_getup_aw_cql_manager-locomotion,cql,95000,12,95000,4b1bcddf910b0313,-2185.817871094,134624,2881,30.6524,3.3342,27.3183,65.5536,0.41673,0.8228,1.1741,1.427
20260801_074833-g1_29dof_wbt_fall_and_getup_aw_cql_manager-locomotion,cql,95000,16,95000,4b1bcddf910b0313,-2185.817871094,198771,3756,21.411,-1.0605,22.4715,65.5536,0.3428,0.8014,1.1341,1.4151
20260801_074833-g1_29dof_wbt_fall_and_getup_aw_cql_manager-locomotion,cql,96000,0,96000,c59fe0e5cd9fc400,-2196.152832031,192109,6729,16.9792,0.931,16.0482,66.5494,0.24115,0.9435,1.7222,1.8254
20260801_074833-g1_29dof_wbt_fall_and_getup_aw_cql_manager-locomotion,cql,96000,1,96000,c59fe0e5cd9fc400,-2196.152832031,94738,12464,4.7328,-2.1944,6.9272,66.5494,0.10409,0.9246,1.2037,1.3018
20260801_074833-g1_29dof_wbt_fall_and_getup_aw_cql_manager-locomotion,cql,96000,2,96000,c59fe0e5cd9fc400,-2196.152832031,16213,105373,-12.5388,-1.2701,-11.2686,66.5494,-0.16933,1.0236,1.0043,0.9812
20260801_074833-g1_29dof_wbt_fall_and_getup_aw_cql_manager-locomotion,cql,96000,3,96000,c59fe0e5cd9fc400,-2196.152832031,18957,19294,-23.5195,-3.2058,-20.3137,66.5494,-0.30524,1.1014,1.2176,1.1055
20260801_074833-g1_29dof_wbt_fall_and_getup_aw_cql_manager-locomotion,cql,96000,4,96000,c59fe0e5cd9fc400,-2196.152832031,21006,10750,-23.9359,-12.9561,-10.9798,66.5494,-0.16499,1.1322,1.2621,1.1147
20260801_074833-g1_29dof_wbt_fall_and_getup_aw_cql_manager-locomotion,cql,96000,5,96000,c59fe0e5cd9fc400,-2196.152832031,29649,5332,-7.7637,-12.2858,4.5221,66.5494,0.06795,1.0549,1.2676,1.2016
20260801_074833-g1_29dof_wbt_fall_and_getup_aw_cql_manager-locomotion,cql,96000,8,96000,c59fe0e5cd9fc400,-2196.152832031,74157,3344,26.7714,1.0267,25.7447,66.5494,0.38685,0.8406,1.1783,1.4017
20260801_074833-g1_29dof_wbt_fall_and_getup_aw_cql_manager-locomotion,cql,96000,12,96000,c59fe0e5cd9fc400,-2196.152832031,134624,2881,30.4649,3.3095,27.1553,66.5494,0.40805,0.8242,1.1758,1.4266
20260801_074833-g1_29dof_wbt_fall_and_getup_aw_cql_manager-locomotion,cql,96000,16,96000,c59fe0e5cd9fc400,-2196.152832031,198771,3756,21.336,-0.7553,22.0913,66.5494,0.33195,0.8026,1.1343,1.4133
20260801_074833-g1_29dof_wbt_fall_and_getup_aw_cql_manager-locomotion,cql,97000,0,97000,b26458b9644205e2,-2206.039550781,192109,6729,16.854,0.0932,16.7608,65.5612,0.25565,0.9479,1.7416,1.8373
20260801_074833-g1_29dof_wbt_fall_and_getup_aw_cql_manager-locomotion,cql,97000,1,97000,b26458b9644205e2,-2206.039550781,94738,12464,4.1725,-2.8941,7.0667,65.5612,0.10779,0.9274,1.2161,1.3113
20260801_074833-g1_29dof_wbt_fall_and_getup_aw_cql_manager-locomotion,cql,97000,2,97000,b26458b9644205e2,-2206.039550781,16213,105373,-13.9598,-1.4715,-12.4882,65.5612,-0.19048,1.0284,1.0069,0.9792
20260801_074833-g1_29dof_wbt_fall_and_getup_aw_cql_manager-locomotion,cql,97000,3,97000,b26458b9644205e2,-2206.039550781,18957,19294,-24.4141,-2.6296,-21.7845,65.5612,-0.33228,1.1058,1.2184,1.1019
20260801_074833-g1_29dof_wbt_fall_and_getup_aw_cql_manager-locomotion,cql,97000,4,97000,b26458b9644205e2,-2206.039550781,21006,10750,-22.6291,-11.8122,-10.8169,65.5612,-0.16499,1.1373,1.2639,1.1114
20260801_074833-g1_29dof_wbt_fall_and_getup_aw_cql_manager-locomotion,cql,97000,5,97000,b26458b9644205e2,-2206.039550781,29649,5332,-5.4562,-11.3605,5.9042,65.5612,0.09006,1.0596,1.2632,1.1922
20260801_074833-g1_29dof_wbt_fall_and_getup_aw_cql_manager-locomotion,cql,97000,8,97000,b26458b9644205e2,-2206.039550781,74157,3344,26.3815,1.4841,24.8974,65.5612,0.37976,0.8376,1.1777,1.406
20260801_074833-g1_29dof_wbt_fall_and_getup_aw_cql_manager-locomotion,cql,97000,12,97000,b26458b9644205e2,-2206.039550781,134624,2881,29.686,3.4488,26.2372,65.5612,0.40019,0.8227,1.1778,1.4317
20260801_074833-g1_29dof_wbt_fall_and_getup_aw_cql_manager-locomotion,cql,97000,16,97000,b26458b9644205e2,-2206.039550781,198771,3756,21.4519,-0.5832,22.0351,65.5612,0.3361,0.8014,1.1353,1.4166
20260801_074833-g1_29dof_wbt_fall_and_getup_aw_cql_manager-locomotion,cql,98000,0,98000,aa9901be17dcfac6,-2220.34765625,192109,6729,17.0528,1.714,15.3388,64.8996,0.23635,0.945,1.7256,1.8261
20260801_074833-g1_29dof_wbt_fall_and_getup_aw_cql_manager-locomotion,cql,98000,1,98000,aa9901be17dcfac6,-2220.34765625,94738,12464,5.0266,-1.4358,6.4624,64.8996,0.09958,0.926,1.2085,1.3051
20260801_074833-g1_29dof_wbt_fall_and_getup_aw_cql_manager-locomotion,cql,98000,2,98000,aa9901be17dcfac6,-2220.34765625,16213,105373,-12.088,-0.9432,-11.1448,64.8996,-0.17172,1.0255,1.0035,0.9786
20260801_074833-g1_29dof_wbt_fall_and_getup_aw_cql_manager-locomotion,cql,98000,3,98000,aa9901be17dcfac6,-2220.34765625,18957,19294,-23.1818,-2.9941,-20.1877,64.8996,-0.31106,1.1065,1.2178,1.1006
20260801_074833-g1_29dof_wbt_fall_and_getup_aw_cql_manager-locomotion,cql,98000,4,98000,aa9901be17dcfac6,-2220.34765625,21006,10750,-23.9085,-12.936,-10.9725,64.8996,-0.16907,1.1369,1.2733,1.1199
20260801_074833-g1_29dof_wbt_fall_and_getup_aw_cql_manager-locomotion,cql,98000,5,98000,aa9901be17dcfac6,-2220.34765625,29649,5332,-6.6442,-12.0313,5.3872,64.8996,0.08301,1.0493,1.2613,1.202
20260801_074833-g1_29dof_wbt_fall_and_getup_aw_cql_manager-locomotion,cql,98000,8,98000,aa9901be17dcfac6,-2220.34765625,74157,3344,25.6258,1.0559,24.5699,64.8996,0.37858,0.8376,1.1737,1.4013
20260801_074833-g1_29dof_wbt_fall_and_getup_aw_cql_manager-locomotion,cql,98000,12,98000,aa9901be17dcfac6,-2220.34765625,134624,2881,29.3688,3.0617,26.3071,64.8996,0.40535,0.8234,1.1737,1.4254
20260801_074833-g1_29dof_wbt_fall_and_getup_aw_cql_manager-locomotion,cql,98000,16,98000,aa9901be17dcfac6,-2220.34765625,198771,3756,20.9035,-0.4778,21.3813,64.8996,0.32945,0.8021,1.1336,1.4133
20260801_074833-g1_29dof_wbt_fall_and_getup_aw_cql_manager-locomotion,cql,99000,0,99000,490713badc59f558,-2227.684814453,192109,6729,16.7826,0.1898,16.5928,67.5183,0.24575,0.9454,1.7268,1.8266
20260801_074833-g1_29dof_wbt_fall_and_getup_aw_cql_manager-locomotion,cql,99000,1,99000,490713badc59f558,-2227.684814453,94738,12464,4.2676,-2.2519,6.5195,67.5183,0.09656,0.9266,1.2119,1.3079
20260801_074833-g1_29dof_wbt_fall_and_getup_aw_cql_manager-locomotion,cql,99000,2,99000,490713badc59f558,-2227.684814453,16213,105373,-12.1862,-1.0277,-11.1584,67.5183,-0.16527,1.0239,1.0052,0.9818
20260801_074833-g1_29dof_wbt_fall_and_getup_aw_cql_manager-locomotion,cql,99000,3,99000,490713badc59f558,-2227.684814453,18957,19294,-26.4062,-3.3821,-23.0241,67.5183,-0.34101,1.1097,1.2242,1.1032
20260801_074833-g1_29dof_wbt_fall_and_getup_aw_cql_manager-locomotion,cql,99000,4,99000,490713badc59f558,-2227.684814453,21006,10750,-26.5041,-13.2883,-13.2158,67.5183,-0.19574,1.1447,1.2771,1.1156
20260801_074833-g1_29dof_wbt_fall_and_getup_aw_cql_manager-locomotion,cql,99000,5,99000,490713badc59f558,-2227.684814453,29649,5332,-7.5585,-13.3006,5.7422,67.5183,0.08505,1.0549,1.2643,1.1985
20260801_074833-g1_29dof_wbt_fall_and_getup_aw_cql_manager-locomotion,cql,99000,8,99000,490713badc59f558,-2227.684814453,74157,3344,25.8621,0.2001,25.662,67.5183,0.38007,0.8368,1.1693,1.3974
20260801_074833-g1_29dof_wbt_fall_and_getup_aw_cql_manager-locomotion,cql,99000,12,99000,490713badc59f558,-2227.684814453,134624,2881,29.7614,2.5417,27.2197,67.5183,0.40315,0.8228,1.1685,1.4202
20260801_074833-g1_29dof_wbt_fall_and_getup_aw_cql_manager-locomotion,cql,99000,16,99000,490713badc59f558,-2227.684814453,198771,3756,20.9262,-1.2333,22.1595,67.5183,0.3282,0.8016,1.1297,1.4093
20260801_074833-g1_29dof_wbt_fall_and_getup_aw_cql_manager-locomotion,cql,100000,0,100000,db17f422126fca5e,-2244.175292969,192109,6729,16.7806,1.0443,15.7362,68.2889,0.23044,0.9499,1.7696,1.863
20260801_074833-g1_29dof_wbt_fall_and_getup_aw_cql_manager-locomotion,cql,100000,1,100000,db17f422126fca5e,-2244.175292969,94738,12464,4.6565,-1.4463,6.1027,68.2889,0.08937,0.9312,1.2222,1.3126
20260801_074833-g1_29dof_wbt_fall_and_getup_aw_cql_manager-locomotion,cql,100000,2,100000,db17f422126fca5e,-2244.175292969,16213,105373,-13.389,-1.4853,-11.9038,68.2889,-0.17431,1.0261,1.0122,0.9864
20260801_074833-g1_29dof_wbt_fall_and_getup_aw_cql_manager-locomotion,cql,100000,3,100000,db17f422126fca5e,-2244.175292969,18957,19294,-27.8362,-3.4498,-24.3864,68.2889,-0.35711,1.1052,1.2216,1.1053
20260801_074833-g1_29dof_wbt_fall_and_getup_aw_cql_manager-locomotion,cql,100000,4,100000,db17f422126fca5e,-2244.175292969,21006,10750,-27.4931,-13.1802,-14.313,68.2889,-0.20959,1.1318,1.2546,1.1085
20260801_074833-g1_29dof_wbt_fall_and_getup_aw_cql_manager-locomotion,cql,100000,5,100000,db17f422126fca5e,-2244.175292969,29649,5332,-6.7658,-12.3716,5.6058,68.2889,0.08209,1.0519,1.2635,1.2012
20260801_074833-g1_29dof_wbt_fall_and_getup_aw_cql_manager-locomotion,cql,100000,8,100000,db17f422126fca5e,-2244.175292969,74157,3344,25.3231,0.2454,25.0777,68.2889,0.36723,0.8369,1.1783,1.4079
20260801_074833-g1_29dof_wbt_fall_and_getup_aw_cql_manager-locomotion,cql,100000,12,100000,db17f422126fca5e,-2244.175292969,134624,2881,29.5967,2.5049,27.0918,68.2889,0.39672,0.8233,1.1759,1.4283
20260801_074833-g1_29dof_wbt_fall_and_getup_aw_cql_manager-locomotion,cql,100000,16,100000,db17f422126fca5e,-2244.175292969,198771,3756,20.9252,-1.3461,22.2713,68.2889,0.32613,0.8018,1.1352,1.4157
