run,algo,step,bin,checkpoint_global_step,critic_checksum,first_layer_sum,n_surv,n_fail,Q_surv,Q_fail,Delta,span,Delta_hat,d_surv,d_fail,d_ratio
20260803_034538-g1_29dof_wbt_fall_and_getup_iql_manager-locomotion,iql,1000,0,1000,bb5eda1253cc14de,-519.159667969,192109,6729,7.4224,0.3718,7.0506,28.9209,0.24379,0.972,1.5575,1.6023
20260803_034538-g1_29dof_wbt_fall_and_getup_iql_manager-locomotion,iql,1000,1,1000,bb5eda1253cc14de,-519.159667969,94738,12464,3.6667,3.0877,0.579,28.9209,0.02002,0.9567,1.1966,1.2508
20260803_034538-g1_29dof_wbt_fall_and_getup_iql_manager-locomotion,iql,1000,2,1000,bb5eda1253cc14de,-519.159667969,16213,105373,-2.0833,-3.3298,1.2465,28.9209,0.0431,1.0356,1.0466,1.0106
20260803_034538-g1_29dof_wbt_fall_and_getup_iql_manager-locomotion,iql,1000,3,1000,bb5eda1253cc14de,-519.159667969,18957,19294,17.4579,-2.045,19.5029,28.9209,0.67435,1.1793,1.3264,1.1247
20260803_034538-g1_29dof_wbt_fall_and_getup_iql_manager-locomotion,iql,1000,4,1000,bb5eda1253cc14de,-519.159667969,21006,10750,19.2416,13.5082,5.7334,28.9209,0.19824,1.2738,1.5398,1.2088
20260803_034538-g1_29dof_wbt_fall_and_getup_iql_manager-locomotion,iql,1000,5,1000,bb5eda1253cc14de,-519.159667969,29649,5332,19.3582,17.0891,2.2691,28.9209,0.07846,1.1979,1.467,1.2247
20260803_034538-g1_29dof_wbt_fall_and_getup_iql_manager-locomotion,iql,1000,8,1000,bb5eda1253cc14de,-519.159667969,74157,3344,18.945,16.5719,2.3731,28.9209,0.08205,0.8914,1.1532,1.2937
20260803_034538-g1_29dof_wbt_fall_and_getup_iql_manager-locomotion,iql,1000,12,1000,bb5eda1253cc14de,-519.159667969,134624,2881,15.3932,11.7781,3.6151,28.9209,0.125,0.8435,1.1403,1.3519
20260803_034538-g1_29dof_wbt_fall_and_getup_iql_manager-locomotion,iql,1000,16,1000,bb5eda1253cc14de,-519.159667969,198771,3756,10.7124,9.2062,1.5062,28.9209,0.05208,0.8173,1.1017,1.3481
20260803_034538-g1_29dof_wbt_fall_and_getup_iql_manager-locomotion,iql,2000,0,2000,c70d4aecaf607c5c,-755.517089844,192109,6729,5.3202,3.801,1.5193,34.3845,0.04419,0.9553,1.5655,1.6388
20260803_034538-g1_29dof_wbt_fall_and_getup_iql_manager-locomotion,iql,2000,1,2000,c70d4aecaf607c5c,-755.517089844,94738,12464,3.9267,3.86,0.0667,34.3845,0.00194,0.9415,1.1942,1.2685
20260803_034538-g1_29dof_wbt_fall_and_getup_iql_manager-locomotion,iql,2000,2,2000,c70d4aecaf607c5c,-755.517089844,16213,105373,2.4348,1.5089,0.926,34.3845,0.02693,1.0254,1.0335,1.0079
20260803_034538-g1_29dof_wbt_fall_and_getup_iql_manager-locomotion,iql,2000,3,2000,c70d4aecaf607c5c,-755.517089844,18957,19294,12.8681,1.1904,11.6777,34.3845,0.33962,1.1953,1.3133,1.0987
20260803_034538-g1_29dof_wbt_fall_and_getup_iql_manager-locomotion,iql,2000,4,2000,c70d4aecaf607c5c,-755.517089844,21006,10750,16.8307,9.0657,7.765,34.3845,0.22583,1.3,1.4623,1.1248
20260803_034538-g1_29dof_wbt_fall_and_getup_iql_manager-locomotion,iql,2000,5,2000,c70d4aecaf607c5c,-755.517089844,29649,5332,30.2618,24.9533,5.3085,34.3845,0.15439,1.1634,1.4087,1.2108
20260803_034538-g1_29dof_wbt_fall_and_getup_iql_manager-locomotion,iql,2000,8,2000,c70d4aecaf607c5c,-755.517089844,74157,3344,33.7427,27.598,6.1447,34.3845,0.17871,0.8669,1.1366,1.3112
20260803_034538-g1_29dof_wbt_fall_and_getup_iql_manager-locomotion,iql,2000,12,2000,c70d4aecaf607c5c,-755.517089844,134624,2881,34.9595,30.0035,4.956,34.3845,0.14414,0.839,1.144,1.3636
20260803_034538-g1_29dof_wbt_fall_and_getup_iql_manager-locomotion,iql,2000,16,2000,c70d4aecaf607c5c,-755.517089844,198771,3756,31.4147,22.8082,8.6065,34.3845,0.2503,0.8351,1.1293,1.3522
20260803_034538-g1_29dof_wbt_fall_and_getup_iql_manager-locomotion,iql,3000,0,3000,534ae2df097661dc,-803.026123047,192109,6729,9.105,3.6105,5.4945,31.3749,0.17512,0.9674,1.6073,1.6614
20260803_034538-g1_29dof_wbt_fall_and_getup_iql_manager-locomotion,iql,3000,1,3000,534ae2df097661dc,-803.026123047,94738,12464,3.7415,2.8757,0.8658,31.3749,0.0276,0.9565,1.2015,1.2561
20260803_034538-g1_29dof_wbt_fall_and_getup_iql_manager-locomotion,iql,3000,2,3000,534ae2df097661dc,-803.026123047,16213,105373,3.6202,-0.1907,3.8109,31.3749,0.12146,1.0274,1.0406,1.0129
20260803_034538-g1_29dof_wbt_fall_and_getup_iql_manager-locomotion,iql,3000,3,3000,534ae2df097661dc,-803.026123047,18957,19294,18.0071,-1.1295,19.1366,31.3749,0.60993,1.1709,1.2864,1.0987
20260803_034538-g1_29dof_wbt_fall_and_getup_iql_manager-locomotion,iql,3000,4,3000,534ae2df097661dc,-803.026123047,21006,10750,18.8766,5.2516,13.625,31.3749,0.43426,1.2268,1.3847,1.1287
20260803_034538-g1_29dof_wbt_fall_and_getup_iql_manager-locomotion,iql,3000,5,3000,534ae2df097661dc,-803.026123047,29649,5332,23.4773,14.7396,8.7378,31.3749,0.2785,1.15,1.3741,1.1949
20260803_034538-g1_29dof_wbt_fall_and_getup_iql_manager-locomotion,iql,3000,8,3000,534ae2df097661dc,-803.026123047,74157,3344,26.3912,20.1447,6.2465,31.3749,0.19909,0.8621,1.1218,1.3012
20260803_034538-g1_29dof_wbt_fall_and_getup_iql_manager-locomotion,iql,3000,12,3000,534ae2df097661dc,-803.026123047,134624,2881,24.7661,16.3604,8.4057,31.3749,0.26791,0.8358,1.1231,1.3437
20260803_034538-g1_29dof_wbt_fall_and_getup_iql_manager-locomotion,iql,3000,16,3000,534ae2df097661dc,-803.026123047,198771,3756,14.9052,9.7953,5.1099,31.3749,0.16286,0.8261,1.107,1.34
20260803_034538-g1_29dof_wbt_fall_and_getup_iql_manager-locomotion,iql,4000,0,4000,4063dae0f3842dbd,-777.422607422,192109,6729,21.3774,11.5837,9.7937,40.8974,0.23947,0.9813,1.5826,1.6128
20260803_034538-g1_29dof_wbt_fall_and_getup_iql_manager-locomotion,iql,4000,1,4000,4063dae0f3842dbd,-777.422607422,94738,12464,14.4066,11.247,3.1597,40.8974,0.07726,0.9794,1.2173,1.2429
20260803_034538-g1_29dof_wbt_fall_and_getup_iql_manager-locomotion,iql,4000,2,4000,4063dae0f3842dbd,-777.422607422,16213,105373,14.9949,4.669,10.3259,40.8974,0.25248,1.0321,1.0593,1.0264
20260803_034538-g1_29dof_wbt_fall_and_getup_iql_manager-locomotion,iql,4000,3,4000,4063dae0f3842dbd,-777.422607422,18957,19294,22.15,1.244,20.906,40.8974,0.51118,1.178,1.2873,1.0928
20260803_034538-g1_29dof_wbt_fall_and_getup_iql_manager-locomotion,iql,4000,4,4000,4063dae0f3842dbd,-777.422607422,21006,10750,24.8043,10.9905,13.8138,40.8974,0.33777,1.2432,1.3881,1.1165
20260803_034538-g1_29dof_wbt_fall_and_getup_iql_manager-locomotion,iql,4000,5,4000,4063dae0f3842dbd,-777.422607422,29649,5332,30.6,19.9158,10.6841,40.8974,0.26124,1.1651,1.3846,1.1884
20260803_034538-g1_29dof_wbt_fall_and_getup_iql_manager-locomotion,iql,4000,8,4000,4063dae0f3842dbd,-777.422607422,74157,3344,38.5385,30.229,8.3094,40.8974,0.20318,0.8655,1.1252,1.3001
20260803_034538-g1_29dof_wbt_fall_and_getup_iql_manager-locomotion,iql,4000,12,4000,4063dae0f3842dbd,-777.422607422,134624,2881,38.2039,28.0921,10.1117,40.8974,0.24725,0.8388,1.1358,1.3541
20260803_034538-g1_29dof_wbt_fall_and_getup_iql_manager-locomotion,iql,4000,16,4000,4063dae0f3842dbd,-777.422607422,198771,3756,26.6843,17.3433,9.341,40.8974,0.2284,0.8388,1.1218,1.3374
20260803_034538-g1_29dof_wbt_fall_and_getup_iql_manager-locomotion,iql,5000,0,5000,b92b48f075fda839,-879.447875977,192109,6729,17.5611,4.5501,13.0111,35.3789,0.36776,0.9682,1.6134,1.6665
20260803_034538-g1_29dof_wbt_fall_and_getup_iql_manager-locomotion,iql,5000,1,5000,b92b48f075fda839,-879.447875977,94738,12464,10.3796,7.7484,2.6312,35.3789,0.07437,0.9721,1.2148,1.2497
20260803_034538-g1_29dof_wbt_fall_and_getup_iql_manager-locomotion,iql,5000,2,5000,b92b48f075fda839,-879.447875977,16213,105373,11.3109,2.4882,8.8226,35.3789,0.24938,1.0167,1.069,1.0515
20260803_034538-g1_29dof_wbt_fall_and_getup_iql_manager-locomotion,iql,5000,3,5000,b92b48f075fda839,-879.447875977,18957,19294,20.1246,1.6234,18.5012,35.3789,0.52294,1.1663,1.2917,1.1075
20260803_034538-g1_29dof_wbt_fall_and_getup_iql_manager-locomotion,iql,5000,4,5000,b92b48f075fda839,-879.447875977,21006,10750,23.8527,10.0312,13.8214,35.3789,0.39067,1.2087,1.3771,1.1393
20260803_034538-g1_29dof_wbt_fall_and_getup_iql_manager-locomotion,iql,5000,5,5000,b92b48f075fda839,-879.447875977,29649,5332,29.3842,18.102,11.2822,35.3789,0.3189,1.1245,1.3139,1.1684
20260803_034538-g1_29dof_wbt_fall_and_getup_iql_manager-locomotion,iql,5000,8,5000,b92b48f075fda839,-879.447875977,74157,3344,33.954,24.9686,8.9853,35.3789,0.25397,0.861,1.1035,1.2816
20260803_034538-g1_29dof_wbt_fall_and_getup_iql_manager-locomotion,iql,5000,12,5000,b92b48f075fda839,-879.447875977,134624,2881,31.264,22.2805,8.9835,35.3789,0.25392,0.836,1.1065,1.3235
20260803_034538-g1_29dof_wbt_fall_and_getup_iql_manager-locomotion,iql,5000,16,5000,b92b48f075fda839,-879.447875977,198771,3756,20.8867,14.6906,6.1961,35.3789,0.17514,0.824,1.0941,1.3278
20260803_034538-g1_29dof_wbt_fall_and_getup_iql_manager-locomotion,iql,6000,0,6000,ad3e257e3545a674,-1010.673583984,192109,6729,19.897,5.1688,14.7281,34.8951,0.42207,0.9692,1.5681,1.6179
20260803_034538-g1_29dof_wbt_fall_and_getup_iql_manager-locomotion,iql,6000,1,6000,ad3e257e3545a674,-1010.673583984,94738,12464,12.6937,9.841,2.8527,34.8951,0.08175,0.9656,1.2043,1.2471
20260803_034538-g1_29dof_wbt_fall_and_getup_iql_manager-locomotion,iql,6000,2,6000,ad3e257e3545a674,-1010.673583984,16213,105373,15.7241,3.7525,11.9717,34.8951,0.34308,1.0071,1.0505,1.0431
20260803_034538-g1_29dof_wbt_fall_and_getup_iql_manager-locomotion,iql,6000,3,6000,ad3e257e3545a674,-1010.673583984,18957,19294,21.2364,1.9917,19.2447,34.8951,0.5515,1.1643,1.29,1.108
20260803_034538-g1_29dof_wbt_fall_and_getup_iql_manager-locomotion,iql,6000,4,6000,ad3e257e3545a674,-1010.673583984,21006,10750,23.7022,9.9808,13.7215,34.8951,0.39322,1.1824,1.3299,1.1248
20260803_034538-g1_29dof_wbt_fall_and_getup_iql_manager-locomotion,iql,6000,5,6000,ad3e257e3545a674,-1010.673583984,29649,5332,29.771,17.0974,12.6736,34.8951,0.36319,1.1147,1.2789,1.1473
20260803_034538-g1_29dof_wbt_fall_and_getup_iql_manager-locomotion,iql,6000,8,6000,ad3e257e3545a674,-1010.673583984,74157,3344,33.9472,24.1244,9.8228,34.8951,0.2815,0.8556,1.0919,1.2761
20260803_034538-g1_29dof_wbt_fall_and_getup_iql_manager-locomotion,iql,6000,12,6000,ad3e257e3545a674,-1010.673583984,134624,2881,30.7792,21.6745,9.1048,34.8951,0.26092,0.8319,1.0981,1.3199
20260803_034538-g1_29dof_wbt_fall_and_getup_iql_manager-locomotion,iql,6000,16,6000,ad3e257e3545a674,-1010.673583984,198771,3756,19.7575,14.1014,5.6561,34.8951,0.16209,0.8165,1.0866,1.3309
20260803_034538-g1_29dof_wbt_fall_and_getup_iql_manager-locomotion,iql,7000,0,7000,5662a5c2980dc8c5,-1112.951293945,192109,6729,17.9735,3.4333,14.5402,36.4663,0.39873,0.9666,1.5388,1.592
20260803_034538-g1_29dof_wbt_fall_and_getup_iql_manager-locomotion,iql,7000,1,7000,5662a5c2980dc8c5,-1112.951293945,94738,12464,10.0306,7.2948,2.7358,36.4663,0.07502,0.9735,1.2086,1.2414
20260803_034538-g1_29dof_wbt_fall_and_getup_iql_manager-locomotion,iql,7000,2,7000,5662a5c2980dc8c5,-1112.951293945,16213,105373,12.6065,2.5319,10.0746,36.4663,0.27627,1.0097,1.0536,1.0434
20260803_034538-g1_29dof_wbt_fall_and_getup_iql_manager-locomotion,iql,7000,3,7000,5662a5c2980dc8c5,-1112.951293945,18957,19294,21.4072,1.8528,19.5544,36.4663,0.53623,1.1627,1.2904,1.1099
20260803_034538-g1_29dof_wbt_fall_and_getup_iql_manager-locomotion,iql,7000,4,7000,5662a5c2980dc8c5,-1112.951293945,21006,10750,24.6765,10.4399,14.2367,36.4663,0.39041,1.1905,1.3504,1.1343
20260803_034538-g1_29dof_wbt_fall_and_getup_iql_manager-locomotion,iql,7000,5,7000,5662a5c2980dc8c5,-1112.951293945,29649,5332,31.0142,20.3408,10.6734,36.4663,0.29269,1.1016,1.2547,1.1389
20260803_034538-g1_29dof_wbt_fall_and_getup_iql_manager-locomotion,iql,7000,8,7000,5662a5c2980dc8c5,-1112.951293945,74157,3344,36.0558,25.5529,10.5029,36.4663,0.28802,0.8537,1.0856,1.2717
20260803_034538-g1_29dof_wbt_fall_and_getup_iql_manager-locomotion,iql,7000,12,7000,5662a5c2980dc8c5,-1112.951293945,134624,2881,34.4232,24.8541,9.5691,36.4663,0.26241,0.8318,1.0983,1.3204
20260803_034538-g1_29dof_wbt_fall_and_getup_iql_manager-locomotion,iql,7000,16,7000,5662a5c2980dc8c5,-1112.951293945,198771,3756,23.2828,16.4352,6.8475,36.4663,0.18778,0.8128,1.0845,1.3343
20260803_034538-g1_29dof_wbt_fall_and_getup_iql_manager-locomotion,iql,8000,0,8000,006612da4dabc246,-1227.71496582,192109,6729,21.0883,3.7864,17.3019,37.3823,0.46284,0.9654,1.5864,1.6433
20260803_034538-g1_29dof_wbt_fall_and_getup_iql_manager-locomotion,iql,8000,1,8000,006612da4dabc246,-1227.71496582,94738,12464,11.1859,7.9172,3.2687,37.3823,0.08744,0.9725,1.2107,1.2449
20260803_034538-g1_29dof_wbt_fall_and_getup_iql_manager-locomotion,iql,8000,2,8000,006612da4dabc246,-1227.71496582,16213,105373,12.6571,1.8766,10.7805,37.3823,0.28838,1.0064,1.0518,1.0451
20260803_034538-g1_29dof_wbt_fall_and_getup_iql_manager-locomotion,iql,8000,3,8000,006612da4dabc246,-1227.71496582,18957,19294,21.5994,0.7739,20.8255,37.3823,0.5571,1.1659,1.3128,1.1259
20260803_034538-g1_29dof_wbt_fall_and_getup_iql_manager-locomotion,iql,8000,4,8000,006612da4dabc246,-1227.71496582,21006,10750,26.3588,10.322,16.0368,37.3823,0.429,1.1917,1.3479,1.1311
20260803_034538-g1_29dof_wbt_fall_and_getup_iql_manager-locomotion,iql,8000,5,8000,006612da4dabc246,-1227.71496582,29649,5332,30.6358,17.7138,12.922,37.3823,0.34567,1.1183,1.2701,1.1358
20260803_034538-g1_29dof_wbt_fall_and_getup_iql_manager-locomotion,iql,8000,8,8000,006612da4dabc246,-1227.71496582,74157,3344,35.6466,23.2623,12.3843,37.3823,0.33129,0.8508,1.0814,1.2711
20260803_034538-g1_29dof_wbt_fall_and_getup_iql_manager-locomotion,iql,8000,12,8000,006612da4dabc246,-1227.71496582,134624,2881,33.9032,21.8688,12.0343,37.3823,0.32193,0.8321,1.0926,1.313
20260803_034538-g1_29dof_wbt_fall_and_getup_iql_manager-locomotion,iql,8000,16,8000,006612da4dabc246,-1227.71496582,198771,3756,20.6664,13.2932,7.3732,37.3823,0.19724,0.8139,1.0831,1.3308
20260803_034538-g1_29dof_wbt_fall_and_getup_iql_manager-locomotion,iql,9000,0,9000,6d8ffa1fc35b70d7,-1290.458007812,192109,6729,20.3516,3.7404,16.6112,37.1076,0.44765,0.9596,1.5085,1.572
20260803_034538-g1_29dof_wbt_fall_and_getup_iql_manager-locomotion,iql,9000,1,9000,6d8ffa1fc35b70d7,-1290.458007812,94738,12464,11.5562,8.2135,3.3427,37.1076,0.09008,0.9759,1.2021,1.2318
20260803_034538-g1_29dof_wbt_fall_and_getup_iql_manager-locomotion,iql,9000,2,9000,6d8ffa1fc35b70d7,-1290.458007812,16213,105373,14.6491,2.7051,11.944,37.1076,0.32187,1.0047,1.0444,1.0395
20260803_034538-g1_29dof_wbt_fall_and_getup_iql_manager-locomotion,iql,9000,3,9000,6d8ffa1fc35b70d7,-1290.458007812,18957,19294,22.3758,1.5169,20.8589,37.1076,0.56212,1.1374,1.2717,1.118
20260803_034538-g1_29dof_wbt_fall_and_getup_iql_manager-locomotion,iql,9000,4,9000,6d8ffa1fc35b70d7,-1290.458007812,21006,10750,25.4086,9.1959,16.2127,37.1076,0.43691,1.1764,1.3023,1.107
20260803_034538-g1_29dof_wbt_fall_and_getup_iql_manager-locomotion,iql,9000,5,9000,6d8ffa1fc35b70d7,-1290.458007812,29649,5332,31.6484,16.5596,15.0888,37.1076,0.40662,1.1069,1.2611,1.1393
20260803_034538-g1_29dof_wbt_fall_and_getup_iql_manager-locomotion,iql,9000,8,9000,6d8ffa1fc35b70d7,-1290.458007812,74157,3344,36.1397,23.652,12.4877,37.1076,0.33653,0.8493,1.0755,1.2664
20260803_034538-g1_29dof_wbt_fall_and_getup_iql_manager-locomotion,iql,9000,12,9000,6d8ffa1fc35b70d7,-1290.458007812,134624,2881,34.1121,23.8032,10.3089,37.1076,0.27781,0.8302,1.0851,1.307
20260803_034538-g1_29dof_wbt_fall_and_getup_iql_manager-locomotion,iql,9000,16,9000,6d8ffa1fc35b70d7,-1290.458007812,198771,3756,22.3741,15.1538,7.2203,37.1076,0.19458,0.8098,1.075,1.3275
20260803_034538-g1_29dof_wbt_fall_and_getup_iql_manager-locomotion,iql,10000,0,10000,248bcb0e47260938,-1382.614990234,192109,6729,20.7204,3.8853,16.8351,35.3219,0.47662,0.9523,1.536,1.613
20260803_034538-g1_29dof_wbt_fall_and_getup_iql_manager-locomotion,iql,10000,1,10000,248bcb0e47260938,-1382.614990234,94738,12464,14.0178,10.0388,3.979,35.3219,0.11265,0.9567,1.1939,1.2479
20260803_034538-g1_29dof_wbt_fall_and_getup_iql_manager-locomotion,iql,10000,2,10000,248bcb0e47260938,-1382.614990234,16213,105373,15.5476,3.4236,12.124,35.3219,0.34324,1.0035,1.0514,1.0477
20260803_034538-g1_29dof_wbt_fall_and_getup_iql_manager-locomotion,iql,10000,3,10000,248bcb0e47260938,-1382.614990234,18957,19294,21.2467,1.354,19.8926,35.3219,0.56318,1.142,1.2887,1.1284
20260803_034538-g1_29dof_wbt_fall_and_getup_iql_manager-locomotion,iql,10000,4,10000,248bcb0e47260938,-1382.614990234,21006,10750,23.2862,7.3355,15.9507,35.3219,0.45158,1.1874,1.3379,1.1267
20260803_034538-g1_29dof_wbt_fall_and_getup_iql_manager-locomotion,iql,10000,5,10000,248bcb0e47260938,-1382.614990234,29649,5332,30.4915,15.5239,14.9676,35.3219,0.42375,1.0932,1.2602,1.1528
20260803_034538-g1_29dof_wbt_fall_and_getup_iql_manager-locomotion,iql,10000,8,10000,248bcb0e47260938,-1382.614990234,74157,3344,33.974,19.6023,14.3716,35.3219,0.40688,0.8538,1.079,1.2638
20260803_034538-g1_29dof_wbt_fall_and_getup_iql_manager-locomotion,iql,10000,12,10000,248bcb0e47260938,-1382.614990234,134624,2881,29.2841,16.8637,12.4204,35.3219,0.35163,0.8324,1.0847,1.3031
20260803_034538-g1_29dof_wbt_fall_and_getup_iql_manager-locomotion,iql,10000,16,10000,248bcb0e47260938,-1382.614990234,198771,3756,16.6085,9.9648,6.6437,35.3219,0.18809,0.8098,1.0712,1.3228
20260803_034538-g1_29dof_wbt_fall_and_getup_iql_manager-locomotion,iql,11000,0,11000,555439946281c0e0,-1410.747192383,192109,6729,21.0405,3.3872,17.6533,36.2884,0.48647,0.9533,1.5197,1.5941
20260803_034538-g1_29dof_wbt_fall_and_getup_iql_manager-locomotion,iql,11000,1,11000,555439946281c0e0,-1410.747192383,94738,12464,13.5211,9.438,4.0831,36.2884,0.11252,0.9697,1.2035,1.241
20260803_034538-g1_29dof_wbt_fall_and_getup_iql_manager-locomotion,iql,11000,2,11000,555439946281c0e0,-1410.747192383,16213,105373,14.029,2.9841,11.0449,36.2884,0.30436,1.0116,1.0636,1.0515
20260803_034538-g1_29dof_wbt_fall_and_getup_iql_manager-locomotion,iql,11000,3,11000,555439946281c0e0,-1410.747192383,18957,19294,21.5704,1.5216,20.0488,36.2884,0.55249,1.1379,1.288,1.1319
20260803_034538-g1_29dof_wbt_fall_and_getup_iql_manager-locomotion,iql,11000,4,11000,555439946281c0e0,-1410.747192383,21006,10750,23.2843,8.2486,15.0357,36.2884,0.41434,1.1717,1.3227,1.1288
20260803_034538-g1_29dof_wbt_fall_and_getup_iql_manager-locomotion,iql,11000,5,11000,555439946281c0e0,-1410.747192383,29649,5332,30.9332,16.6839,14.2493,36.2884,0.39267,1.0837,1.2319,1.1368
20260803_034538-g1_29dof_wbt_fall_and_getup_iql_manager-locomotion,iql,11000,8,11000,555439946281c0e0,-1410.747192383,74157,3344,35.5005,21.7223,13.7782,36.2884,0.37968,0.8495,1.072,1.262
20260803_034538-g1_29dof_wbt_fall_and_getup_iql_manager-locomotion,iql,11000,12,11000,555439946281c0e0,-1410.747192383,134624,2881,32.2587,20.3946,11.864,36.2884,0.32694,0.8292,1.0786,1.3007
20260803_034538-g1_29dof_wbt_fall_and_getup_iql_manager-locomotion,iql,11000,16,11000,555439946281c0e0,-1410.747192383,198771,3756,20.9766,13.5726,7.404,36.2884,0.20403,0.8062,1.0681,1.3249
20260803_034538-g1_29dof_wbt_fall_and_getup_iql_manager-locomotion,iql,12000,0,12000,48e28a94ae7f27eb,-1471.010864258,192109,6729,20.1175,3.0544,17.0631,35.0931,0.48622,0.9522,1.53,1.6069
20260803_034538-g1_29dof_wbt_fall_and_getup_iql_manager-locomotion,iql,12000,1,12000,48e28a94ae7f27eb,-1471.010864258,94738,12464,12.8115,9.1071,3.7044,35.0931,0.10556,0.9574,1.2014,1.255
20260803_034538-g1_29dof_wbt_fall_and_getup_iql_manager-locomotion,iql,12000,2,12000,48e28a94ae7f27eb,-1471.010864258,16213,105373,14.4598,3.0689,11.3909,35.0931,0.32459,0.9925,1.04,1.0479
20260803_034538-g1_29dof_wbt_fall_and_getup_iql_manager-locomotion,iql,12000,3,12000,48e28a94ae7f27eb,-1471.010864258,18957,19294,22.1822,1.9606,20.2215,35.0931,0.57623,1.1333,1.2713,1.1218
20260803_034538-g1_29dof_wbt_fall_and_getup_iql_manager-locomotion,iql,12000,4,12000,48e28a94ae7f27eb,-1471.010864258,21006,10750,24.9469,9.0484,15.8985,35.0931,0.45304,1.1709,1.3411,1.1454
20260803_034538-g1_29dof_wbt_fall_and_getup_iql_manager-locomotion,iql,12000,5,12000,48e28a94ae7f27eb,-1471.010864258,29649,5332,29.8173,15.6489,14.1685,35.0931,0.40374,1.0892,1.2455,1.1436
20260803_034538-g1_29dof_wbt_fall_and_getup_iql_manager-locomotion,iql,12000,8,12000,48e28a94ae7f27eb,-1471.010864258,74157,3344,34.4084,20.4581,13.9504,35.0931,0.39753,0.8498,1.0683,1.2571
20260803_034538-g1_29dof_wbt_fall_and_getup_iql_manager-locomotion,iql,12000,12,12000,48e28a94ae7f27eb,-1471.010864258,134624,2881,30.5048,17.9141,12.5907,35.0931,0.35878,0.829,1.0811,1.3041
20260803_034538-g1_29dof_wbt_fall_and_getup_iql_manager-locomotion,iql,12000,16,12000,48e28a94ae7f27eb,-1471.010864258,198771,3756,18.9661,11.4469,7.5192,35.0931,0.21426,0.807,1.0692,1.3249
20260803_034538-g1_29dof_wbt_fall_and_getup_iql_manager-locomotion,iql,13000,0,13000,e8bff0146db306a7,-1529.616821289,192109,6729,19.9727,1.8374,18.1352,35.0742,0.51705,0.9537,1.5118,1.5852
20260803_034538-g1_29dof_wbt_fall_and_getup_iql_manager-locomotion,iql,13000,1,13000,e8bff0146db306a7,-1529.616821289,94738,12464,14.449,9.9074,4.5416,35.0742,0.12949,0.9672,1.2002,1.2408
20260803_034538-g1_29dof_wbt_fall_and_getup_iql_manager-locomotion,iql,13000,2,13000,e8bff0146db306a7,-1529.616821289,16213,105373,18.5655,4.6133,13.9522,35.0742,0.39779,1.003,1.0586,1.0555
20260803_034538-g1_29dof_wbt_fall_and_getup_iql_manager-locomotion,iql,13000,3,13000,e8bff0146db306a7,-1529.616821289,18957,19294,22.0532,1.3934,20.6598,35.0742,0.58903,1.1411,1.2823,1.1237
20260803_034538-g1_29dof_wbt_fall_and_getup_iql_manager-locomotion,iql,13000,4,13000,e8bff0146db306a7,-1529.616821289,21006,10750,24.1159,8.1027,16.0132,35.0742,0.45655,1.1606,1.3269,1.1433
20260803_034538-g1_29dof_wbt_fall_and_getup_iql_manager-locomotion,iql,13000,5,13000,e8bff0146db306a7,-1529.616821289,29649,5332,30.1973,15.6659,14.5314,35.0742,0.4143,1.0876,1.2355,1.136
20260803_034538-g1_29dof_wbt_fall_and_getup_iql_manager-locomotion,iql,13000,8,13000,e8bff0146db306a7,-1529.616821289,74157,3344,33.3592,16.4074,16.9518,35.0742,0.48331,0.8522,1.0661,1.251
20260803_034538-g1_29dof_wbt_fall_and_getup_iql_manager-locomotion,iql,13000,12,13000,e8bff0146db306a7,-1529.616821289,134624,2881,28.9319,13.6891,15.2429,35.0742,0.43459,0.8295,1.0719,1.2923
20260803_034538-g1_29dof_wbt_fall_and_getup_iql_manager-locomotion,iql,13000,16,13000,e8bff0146db306a7,-1529.616821289,198771,3756,16.3925,8.5142,7.8783,35.0742,0.22462,0.8071,1.0651,1.3197
20260803_034538-g1_29dof_wbt_fall_and_getup_iql_manager-locomotion,iql,14000,0,14000,1223646681a7e023,-1565.666748047,192109,6729,19.48,2.4739,17.0061,35.8151,0.47483,0.957,1.5133,1.5814
20260803_034538-g1_29dof_wbt_fall_and_getup_iql_manager-locomotion,iql,14000,1,14000,1223646681a7e023,-1565.666748047,94738,12464,11.8863,8.1599,3.7264,35.8151,0.10405,0.9702,1.2088,1.246
20260803_034538-g1_29dof_wbt_fall_and_getup_iql_manager-locomotion,iql,14000,2,14000,1223646681a7e023,-1565.666748047,16213,105373,13.5669,2.121,11.4459,35.8151,0.31958,1.0011,1.05,1.0488
20260803_034538-g1_29dof_wbt_fall_and_getup_iql_manager-locomotion,iql,14000,3,14000,1223646681a7e023,-1565.666748047,18957,19294,22.3995,1.1276,21.2718,35.8151,0.59394,1.1304,1.2795,1.1319
20260803_034538-g1_29dof_wbt_fall_and_getup_iql_manager-locomotion,iql,14000,4,14000,1223646681a7e023,-1565.666748047,21006,10750,25.1823,8.7279,16.4544,35.8151,0.45943,1.1739,1.3325,1.1351
20260803_034538-g1_29dof_wbt_fall_and_getup_iql_manager-locomotion,iql,14000,5,14000,1223646681a7e023,-1565.666748047,29649,5332,30.7293,15.515,15.2143,35.8151,0.4248,1.0962,1.2465,1.1371
20260803_034538-g1_29dof_wbt_fall_and_getup_iql_manager-locomotion,iql,14000,8,14000,1223646681a7e023,-1565.666748047,74157,3344,34.3047,18.1197,16.185,35.8151,0.4519,0.8486,1.0622,1.2517
20260803_034538-g1_29dof_wbt_fall_and_getup_iql_manager-locomotion,iql,14000,12,14000,1223646681a7e023,-1565.666748047,134624,2881,29.4877,14.241,15.2467,35.8151,0.42571,0.8274,1.0718,1.2954
20260803_034538-g1_29dof_wbt_fall_and_getup_iql_manager-locomotion,iql,14000,16,14000,1223646681a7e023,-1565.666748047,198771,3756,16.7405,8.5655,8.175,35.8151,0.22826,0.8066,1.0661,1.3218
20260803_034538-g1_29dof_wbt_fall_and_getup_iql_manager-locomotion,iql,15000,0,15000,38774ebdaf4155df,-1600.145751953,192109,6729,21.3982,4.0667,17.3315,34.851,0.4973,0.9499,1.5241,1.6044
20260803_034538-g1_29dof_wbt_fall_and_getup_iql_manager-locomotion,iql,15000,1,15000,38774ebdaf4155df,-1600.145751953,94738,12464,15.1308,10.7681,4.3627,34.851,0.12518,0.9615,1.1984,1.2464
20260803_034538-g1_29dof_wbt_fall_and_getup_iql_manager-locomotion,iql,15000,2,15000,38774ebdaf4155df,-1600.145751953,16213,105373,15.716,3.7195,11.9965,34.851,0.34422,1.0106,1.0565,1.0454
20260803_034538-g1_29dof_wbt_fall_and_getup_iql_manager-locomotion,iql,15000,3,15000,38774ebdaf4155df,-1600.145751953,18957,19294,22.1521,1.8989,20.2533,34.851,0.58114,1.1493,1.3063,1.1366
20260803_034538-g1_29dof_wbt_fall_and_getup_iql_manager-locomotion,iql,15000,4,15000,38774ebdaf4155df,-1600.145751953,21006,10750,23.6998,7.9101,15.7897,34.851,0.45306,1.1589,1.3453,1.1609
20260803_034538-g1_29dof_wbt_fall_and_getup_iql_manager-locomotion,iql,15000,5,15000,38774ebdaf4155df,-1600.145751953,29649,5332,31.0393,16.4236,14.6157,34.851,0.41938,1.0887,1.2425,1.1413
20260803_034538-g1_29dof_wbt_fall_and_getup_iql_manager-locomotion,iql,15000,8,15000,38774ebdaf4155df,-1600.145751953,74157,3344,34.2765,18.3611,15.9154,34.851,0.45667,0.8501,1.0594,1.2462
20260803_034538-g1_29dof_wbt_fall_and_getup_iql_manager-locomotion,iql,15000,12,15000,38774ebdaf4155df,-1600.145751953,134624,2881,30.4401,15.2758,15.1643,34.851,0.43512,0.8281,1.0668,1.2882
20260803_034538-g1_29dof_wbt_fall_and_getup_iql_manager-locomotion,iql,15000,16,15000,38774ebdaf4155df,-1600.145751953,198771,3756,19.0929,10.4991,8.5938,34.851,0.24659,0.806,1.0608,1.3162
20260803_034538-g1_29dof_wbt_fall_and_getup_iql_manager-locomotion,iql,16000,0,16000,f9cd88ff24d9dc8b,-1678.031738281,192109,6729,23.4471,4.6202,18.8269,36.9294,0.50981,0.9578,1.5255,1.5926
20260803_034538-g1_29dof_wbt_fall_and_getup_iql_manager-locomotion,iql,16000,1,16000,f9cd88ff24d9dc8b,-1678.031738281,94738,12464,15.5843,10.7947,4.7895,36.9294,0.12969,0.9641,1.2016,1.2463
20260803_034538-g1_29dof_wbt_fall_and_getup_iql_manager-locomotion,iql,16000,2,16000,f9cd88ff24d9dc8b,-1678.031738281,16213,105373,20.2792,5.6326,14.6465,36.9294,0.39661,0.9998,1.0481,1.0484
20260803_034538-g1_29dof_wbt_fall_and_getup_iql_manager-locomotion,iql,16000,3,16000,f9cd88ff24d9dc8b,-1678.031738281,18957,19294,23.5783,1.6056,21.9727,36.9294,0.59499,1.1406,1.2762,1.1189
20260803_034538-g1_29dof_wbt_fall_and_getup_iql_manager-locomotion,iql,16000,4,16000,f9cd88ff24d9dc8b,-1678.031738281,21006,10750,26.275,9.5326,16.7424,36.9294,0.45336,1.1654,1.3246,1.1366
20260803_034538-g1_29dof_wbt_fall_and_getup_iql_manager-locomotion,iql,16000,5,16000,f9cd88ff24d9dc8b,-1678.031738281,29649,5332,31.1453,15.4059,15.7394,36.9294,0.4262,1.0833,1.2241,1.13
20260803_034538-g1_29dof_wbt_fall_and_getup_iql_manager-locomotion,iql,16000,8,16000,f9cd88ff24d9dc8b,-1678.031738281,74157,3344,35.5821,19.0511,16.531,36.9294,0.44764,0.8455,1.0516,1.2438
20260803_034538-g1_29dof_wbt_fall_and_getup_iql_manager-locomotion,iql,16000,12,16000,f9cd88ff24d9dc8b,-1678.031738281,134624,2881,32.475,15.0447,17.4303,36.9294,0.47199,0.8269,1.0619,1.2842
20260803_034538-g1_29dof_wbt_fall_and_getup_iql_manager-locomotion,iql,16000,16,16000,f9cd88ff24d9dc8b,-1678.031738281,198771,3756,19.6402,9.6596,9.9806,36.9294,0.27026,0.8056,1.058,1.3134
20260803_034538-g1_29dof_wbt_fall_and_getup_iql_manager-locomotion,iql,17000,0,17000,5c364472aed5780e,-1729.614990234,192109,6729,18.8734,2.2805,16.5929,35.045,0.47347,0.9521,1.499,1.5744
20260803_034538-g1_29dof_wbt_fall_and_getup_iql_manager-locomotion,iql,17000,1,17000,5c364472aed5780e,-1729.614990234,94738,12464,14.0144,9.4913,4.5231,35.045,0.12907,0.9603,1.1914,1.2406
20260803_034538-g1_29dof_wbt_fall_and_getup_iql_manager-locomotion,iql,17000,2,17000,5c364472aed5780e,-1729.614990234,16213,105373,14.0573,3.1618,10.8955,35.045,0.3109,1.0087,1.0561,1.0469
20260803_034538-g1_29dof_wbt_fall_and_getup_iql_manager-locomotion,iql,17000,3,17000,5c364472aed5780e,-1729.614990234,18957,19294,20.7936,1.4636,19.3299,35.045,0.55157,1.1385,1.2808,1.1249
20260803_034538-g1_29dof_wbt_fall_and_getup_iql_manager-locomotion,iql,17000,4,17000,5c364472aed5780e,-1729.614990234,21006,10750,24.4307,8.4766,15.9541,35.045,0.45524,1.1618,1.3314,1.146
20260803_034538-g1_29dof_wbt_fall_and_getup_iql_manager-locomotion,iql,17000,5,17000,5c364472aed5780e,-1729.614990234,29649,5332,31.2134,17.0468,14.1665,35.045,0.40424,1.074,1.2203,1.1363
20260803_034538-g1_29dof_wbt_fall_and_getup_iql_manager-locomotion,iql,17000,8,17000,5c364472aed5780e,-1729.614990234,74157,3344,34.2561,18.3705,15.8856,35.045,0.45329,0.8421,1.0463,1.2426
20260803_034538-g1_29dof_wbt_fall_and_getup_iql_manager-locomotion,iql,17000,12,17000,5c364472aed5780e,-1729.614990234,134624,2881,30.3471,14.5265,15.8207,35.045,0.45144,0.8289,1.0602,1.279
20260803_034538-g1_29dof_wbt_fall_and_getup_iql_manager-locomotion,iql,17000,16,17000,5c364472aed5780e,-1729.614990234,198771,3756,19.7308,10.7883,8.9424,35.045,0.25517,0.8055,1.0539,1.3084
20260803_034538-g1_29dof_wbt_fall_and_getup_iql_manager-locomotion,iql,18000,0,18000,64b325c13b933694,-1795.953735352,192109,6729,18.6637,2.3028,16.3609,34.8596,0.46934,0.9569,1.5015,1.5692
20260803_034538-g1_29dof_wbt_fall_and_getup_iql_manager-locomotion,iql,18000,1,18000,64b325c13b933694,-1795.953735352,94738,12464,14.6646,9.9456,4.719,34.8596,0.13537,0.9654,1.197,1.2398
20260803_034538-g1_29dof_wbt_fall_and_getup_iql_manager-locomotion,iql,18000,2,18000,64b325c13b933694,-1795.953735352,16213,105373,19.4379,6.2914,13.1465,34.8596,0.37713,0.9954,1.0459,1.0507
20260803_034538-g1_29dof_wbt_fall_and_getup_iql_manager-locomotion,iql,18000,3,18000,64b325c13b933694,-1795.953735352,18957,19294,22.518,1.8531,20.6649,34.8596,0.5928,1.1259,1.2803,1.1371
20260803_034538-g1_29dof_wbt_fall_and_getup_iql_manager-locomotion,iql,18000,4,18000,64b325c13b933694,-1795.953735352,21006,10750,23.8373,8.0226,15.8146,34.8596,0.45367,1.1585,1.322,1.1412
20260803_034538-g1_29dof_wbt_fall_and_getup_iql_manager-locomotion,iql,18000,5,18000,64b325c13b933694,-1795.953735352,29649,5332,30.0969,13.0074,17.0895,34.8596,0.49024,1.095,1.2571,1.1481
20260803_034538-g1_29dof_wbt_fall_and_getup_iql_manager-locomotion,iql,18000,8,18000,64b325c13b933694,-1795.953735352,74157,3344,33.6366,15.7573,17.8793,34.8596,0.51289,0.8428,1.0495,1.2452
20260803_034538-g1_29dof_wbt_fall_and_getup_iql_manager-locomotion,iql,18000,12,18000,64b325c13b933694,-1795.953735352,134624,2881,29.664,11.4057,18.2583,34.8596,0.52377,0.8262,1.0593,1.2821
20260803_034538-g1_29dof_wbt_fall_and_getup_iql_manager-locomotion,iql,18000,16,18000,64b325c13b933694,-1795.953735352,198771,3756,16.6041,7.8614,8.7427,34.8596,0.2508,0.8048,1.0542,1.3099
20260803_034538-g1_29dof_wbt_fall_and_getup_iql_manager-locomotion,iql,19000,0,19000,f073a71b0c1a7b88,-1830.832275391,192109,6729,20.8489,2.1692,18.6796,36.6332,0.50991,0.9535,1.4789,1.5511
20260803_034538-g1_29dof_wbt_fall_and_getup_iql_manager-locomotion,iql,19000,1,19000,f073a71b0c1a7b88,-1830.832275391,94738,12464,12.5294,7.6897,4.8397,36.6332,0.13211,0.9561,1.1868,1.2412
20260803_034538-g1_29dof_wbt_fall_and_getup_iql_manager-locomotion,iql,19000,2,19000,f073a71b0c1a7b88,-1830.832275391,16213,105373,16.4963,3.4047,13.0916,36.6332,0.35737,0.991,1.0383,1.0478
20260803_034538-g1_29dof_wbt_fall_and_getup_iql_manager-locomotion,iql,19000,3,19000,f073a71b0c1a7b88,-1830.832275391,18957,19294,22.8958,1.6616,21.2342,36.6332,0.57964,1.1292,1.2677,1.1227
20260803_034538-g1_29dof_wbt_fall_and_getup_iql_manager-locomotion,iql,19000,4,19000,f073a71b0c1a7b88,-1830.832275391,21006,10750,26.999,10.1105,16.8884,36.6332,0.46101,1.1602,1.3239,1.1412
20260803_034538-g1_29dof_wbt_fall_and_getup_iql_manager-locomotion,iql,19000,5,19000,f073a71b0c1a7b88,-1830.832275391,29649,5332,32.6466,19.7993,12.8473,36.6332,0.3507,1.0667,1.2036,1.1284
20260803_034538-g1_29dof_wbt_fall_and_getup_iql_manager-locomotion,iql,19000,8,19000,f073a71b0c1a7b88,-1830.832275391,74157,3344,35.887,20.4173,15.4697,36.6332,0.42229,0.8434,1.0427,1.2363
20260803_034538-g1_29dof_wbt_fall_and_getup_iql_manager-locomotion,iql,19000,12,19000,f073a71b0c1a7b88,-1830.832275391,134624,2881,33.3156,17.0021,16.3135,36.6332,0.44532,0.8256,1.0557,1.2787
20260803_034538-g1_29dof_wbt_fall_and_getup_iql_manager-locomotion,iql,19000,16,19000,f073a71b0c1a7b88,-1830.832275391,198771,3756,21.8346,11.3592,10.4754,36.6332,0.28595,0.8038,1.0526,1.3096
20260803_034538-g1_29dof_wbt_fall_and_getup_iql_manager-locomotion,iql,20000,0,20000,a632851d26c1dfdd,-1902.633178711,192109,6729,21.3381,3.14,18.1981,35.7081,0.50964,0.9565,1.5196,1.5887
20260803_034538-g1_29dof_wbt_fall_and_getup_iql_manager-locomotion,iql,20000,1,20000,a632851d26c1dfdd,-1902.633178711,94738,12464,16.1351,10.641,5.4941,35.7081,0.15386,0.955,1.1936,1.2498
20260803_034538-g1_29dof_wbt_fall_and_getup_iql_manager-locomotion,iql,20000,2,20000,a632851d26c1dfdd,-1902.633178711,16213,105373,19.7261,5.5351,14.191,35.7081,0.39742,0.9862,1.0362,1.0506
20260803_034538-g1_29dof_wbt_fall_and_getup_iql_manager-locomotion,iql,20000,3,20000,a632851d26c1dfdd,-1902.633178711,18957,19294,22.6202,1.3385,21.2817,35.7081,0.59599,1.1224,1.267,1.1288
20260803_034538-g1_29dof_wbt_fall_and_getup_iql_manager-locomotion,iql,20000,4,20000,a632851d26c1dfdd,-1902.633178711,21006,10750,23.8441,7.6916,16.1524,35.7081,0.45235,1.1579,1.3271,1.1462
20260803_034538-g1_29dof_wbt_fall_and_getup_iql_manager-locomotion,iql,20000,5,20000,a632851d26c1dfdd,-1902.633178711,29649,5332,29.3398,12.4116,16.9282,35.7081,0.47407,1.0792,1.2274,1.1374
20260803_034538-g1_29dof_wbt_fall_and_getup_iql_manager-locomotion,iql,20000,8,20000,a632851d26c1dfdd,-1902.633178711,74157,3344,33.902,14.5714,19.3306,35.7081,0.54135,0.8423,1.0501,1.2468
20260803_034538-g1_29dof_wbt_fall_and_getup_iql_manager-locomotion,iql,20000,12,20000,a632851d26c1dfdd,-1902.633178711,134624,2881,30.5282,11.4737,19.0546,35.7081,0.53362,0.8268,1.059,1.2809
20260803_034538-g1_29dof_wbt_fall_and_getup_iql_manager-locomotion,iql,20000,16,20000,a632851d26c1dfdd,-1902.633178711,198771,3756,16.7474,7.4673,9.2802,35.7081,0.25989,0.8054,1.0556,1.3107
20260803_034538-g1_29dof_wbt_fall_and_getup_iql_manager-locomotion,iql,21000,0,21000,ea8f49d165927fc6,-1948.066650391,192109,6729,20.0096,2.8368,17.1727,35.5021,0.48371,0.9496,1.4879,1.5668
20260803_034538-g1_29dof_wbt_fall_and_getup_iql_manager-locomotion,iql,21000,1,21000,ea8f49d165927fc6,-1948.066650391,94738,12464,15.0199,9.7356,5.2843,35.5021,0.14885,0.9577,1.1874,1.2398
20260803_034538-g1_29dof_wbt_fall_and_getup_iql_manager-locomotion,iql,21000,2,21000,ea8f49d165927fc6,-1948.066650391,16213,105373,17.3907,3.9206,13.4701,35.5021,0.37942,1.0009,1.0479,1.0469
20260803_034538-g1_29dof_wbt_fall_and_getup_iql_manager-locomotion,iql,21000,3,21000,ea8f49d165927fc6,-1948.066650391,18957,19294,21.7503,0.954,20.7963,35.5021,0.58578,1.1256,1.28,1.1372
20260803_034538-g1_29dof_wbt_fall_and_getup_iql_manager-locomotion,iql,21000,4,21000,ea8f49d165927fc6,-1948.066650391,21006,10750,22.4201,6.2586,16.1615,35.5021,0.45523,1.1591,1.3265,1.1444
20260803_034538-g1_29dof_wbt_fall_and_getup_iql_manager-locomotion,iql,21000,5,21000,ea8f49d165927fc6,-1948.066650391,29649,5332,28.889,11.6119,17.277,35.5021,0.48665,1.0726,1.2118,1.1297
20260803_034538-g1_29dof_wbt_fall_and_getup_iql_manager-locomotion,iql,21000,8,21000,ea8f49d165927fc6,-1948.066650391,74157,3344,33.9528,15.2522,18.7006,35.5021,0.52675,0.841,1.0396,1.2362
20260803_034538-g1_29dof_wbt_fall_and_getup_iql_manager-locomotion,iql,21000,12,21000,ea8f49d165927fc6,-1948.066650391,134624,2881,30.1135,10.6549,19.4586,35.5021,0.5481,0.8273,1.056,1.2765
20260803_034538-g1_29dof_wbt_fall_and_getup_iql_manager-locomotion,iql,21000,16,21000,ea8f49d165927fc6,-1948.066650391,198771,3756,17.3699,7.7538,9.616,35.5021,0.27086,0.805,1.0543,1.3098
20260803_034538-g1_29dof_wbt_fall_and_getup_iql_manager-locomotion,iql,22000,0,22000,134e5fe1e8845035,-1991.343994141,192109,6729,22.3075,2.7735,19.534,35.6283,0.54827,0.9499,1.4953,1.5741
20260803_034538-g1_29dof_wbt_fall_and_getup_iql_manager-locomotion,iql,22000,1,22000,134e5fe1e8845035,-1991.343994141,94738,12464,16.5623,10.6375,5.9248,35.6283,0.16629,0.9535,1.1885,1.2465
20260803_034538-g1_29dof_wbt_fall_and_getup_iql_manager-locomotion,iql,22000,2,22000,134e5fe1e8845035,-1991.343994141,16213,105373,19.1767,5.062,14.1146,35.6283,0.39616,0.9941,1.0392,1.0454
20260803_034538-g1_29dof_wbt_fall_and_getup_iql_manager-locomotion,iql,22000,3,22000,134e5fe1e8845035,-1991.343994141,18957,19294,23.1396,1.6511,21.4885,35.6283,0.60313,1.135,1.2736,1.1221
20260803_034538-g1_29dof_wbt_fall_and_getup_iql_manager-locomotion,iql,22000,4,22000,134e5fe1e8845035,-1991.343994141,21006,10750,23.8738,7.5789,16.2949,35.6283,0.45736,1.1559,1.3181,1.1403
20260803_034538-g1_29dof_wbt_fall_and_getup_iql_manager-locomotion,iql,22000,5,22000,134e5fe1e8845035,-1991.343994141,29649,5332,29.4808,12.9429,16.5379,35.6283,0.46418,1.0802,1.2112,1.1213
20260803_034538-g1_29dof_wbt_fall_and_getup_iql_manager-locomotion,iql,22000,8,22000,134e5fe1e8845035,-1991.343994141,74157,3344,34.7165,16.2102,18.5064,35.6283,0.51943,0.839,1.0394,1.2389
20260803_034538-g1_29dof_wbt_fall_and_getup_iql_manager-locomotion,iql,22000,12,22000,134e5fe1e8845035,-1991.343994141,134624,2881,31.5295,13.3105,18.219,35.6283,0.51136,0.8269,1.0515,1.2717
20260803_034538-g1_29dof_wbt_fall_and_getup_iql_manager-locomotion,iql,22000,16,22000,134e5fe1e8845035,-1991.343994141,198771,3756,19.9163,10.4153,9.501,35.6283,0.26667,0.8042,1.0512,1.3072
20260803_034538-g1_29dof_wbt_fall_and_getup_iql_manager-locomotion,iql,23000,0,23000,cc378a508aa0e3b8,-2018.439697266,192109,6729,18.8805,2.4543,16.4262,34.1874,0.48048,0.9541,1.5117,1.5844
20260803_034538-g1_29dof_wbt_fall_and_getup_iql_manager-locomotion,iql,23000,1,23000,cc378a508aa0e3b8,-2018.439697266,94738,12464,15.2926,9.5656,5.727,34.1874,0.16752,0.9675,1.1995,1.2399
20260803_034538-g1_29dof_wbt_fall_and_getup_iql_manager-locomotion,iql,23000,2,23000,cc378a508aa0e3b8,-2018.439697266,16213,105373,19.7161,6.5534,13.1627,34.1874,0.38502,0.9936,1.0491,1.0559
20260803_034538-g1_29dof_wbt_fall_and_getup_iql_manager-locomotion,iql,23000,3,23000,cc378a508aa0e3b8,-2018.439697266,18957,19294,22.2395,2.2294,20.0101,34.1874,0.58531,1.1248,1.2751,1.1337
20260803_034538-g1_29dof_wbt_fall_and_getup_iql_manager-locomotion,iql,23000,4,23000,cc378a508aa0e3b8,-2018.439697266,21006,10750,24.3098,8.3421,15.9677,34.1874,0.46706,1.1493,1.3009,1.1319
20260803_034538-g1_29dof_wbt_fall_and_getup_iql_manager-locomotion,iql,23000,5,23000,cc378a508aa0e3b8,-2018.439697266,29649,5332,30.2413,14.8278,15.4134,34.1874,0.45085,1.076,1.2043,1.1193
20260803_034538-g1_29dof_wbt_fall_and_getup_iql_manager-locomotion,iql,23000,8,23000,cc378a508aa0e3b8,-2018.439697266,74157,3344,33.8808,15.572,18.3087,34.1874,0.53554,0.843,1.0387,1.2321
20260803_034538-g1_29dof_wbt_fall_and_getup_iql_manager-locomotion,iql,23000,12,23000,cc378a508aa0e3b8,-2018.439697266,134624,2881,30.317,12.8033,17.5137,34.1874,0.51229,0.8263,1.0531,1.2745
20260803_034538-g1_29dof_wbt_fall_and_getup_iql_manager-locomotion,iql,23000,16,23000,cc378a508aa0e3b8,-2018.439697266,198771,3756,19.1951,10.3194,8.8757,34.1874,0.25962,0.8038,1.0517,1.3084
20260803_034538-g1_29dof_wbt_fall_and_getup_iql_manager-locomotion,iql,24000,0,24000,e777938e56d3ee3f,-2053.815917969,192109,6729,22.5824,3.692,18.8904,35.5024,0.53209,0.954,1.4878,1.5595
20260803_034538-g1_29dof_wbt_fall_and_getup_iql_manager-locomotion,iql,24000,1,24000,e777938e56d3ee3f,-2053.815917969,94738,12464,12.7488,7.6745,5.0743,35.5024,0.14293,0.9629,1.2,1.2463
20260803_034538-g1_29dof_wbt_fall_and_getup_iql_manager-locomotion,iql,24000,2,24000,e777938e56d3ee3f,-2053.815917969,16213,105373,17.6593,3.6897,13.9696,35.5024,0.39348,0.9933,1.045,1.052
20260803_034538-g1_29dof_wbt_fall_and_getup_iql_manager-locomotion,iql,24000,3,24000,e777938e56d3ee3f,-2053.815917969,18957,19294,23.6362,1.4393,22.1969,35.5024,0.62522,1.1244,1.2659,1.1258
20260803_034538-g1_29dof_wbt_fall_and_getup_iql_manager-locomotion,iql,24000,4,24000,e777938e56d3ee3f,-2053.815917969,21006,10750,26.1254,8.7055,17.4199,35.5024,0.49067,1.1638,1.3141,1.1292
20260803_034538-g1_29dof_wbt_fall_and_getup_iql_manager-locomotion,iql,24000,5,24000,e777938e56d3ee3f,-2053.815917969,29649,5332,29.7194,11.9629,17.7564,35.5024,0.50015,1.072,1.202,1.1213
20260803_034538-g1_29dof_wbt_fall_and_getup_iql_manager-locomotion,iql,24000,8,24000,e777938e56d3ee3f,-2053.815917969,74157,3344,34.4932,16.3496,18.1436,35.5024,0.51105,0.8402,1.0345,1.2312
20260803_034538-g1_29dof_wbt_fall_and_getup_iql_manager-locomotion,iql,24000,12,24000,e777938e56d3ee3f,-2053.815917969,134624,2881,31.7623,12.8683,18.894,35.5024,0.53219,0.8265,1.0514,1.2722
20260803_034538-g1_29dof_wbt_fall_and_getup_iql_manager-locomotion,iql,24000,16,24000,e777938e56d3ee3f,-2053.815917969,198771,3756,20.5627,10.4437,10.119,35.5024,0.28502,0.804,1.0507,1.3068
20260803_034538-g1_29dof_wbt_fall_and_getup_iql_manager-locomotion,iql,25000,0,25000,3d2ba8e4c7a480e7,-2087.611328125,192109,6729,21.7711,3.7456,18.0255,35.4877,0.50794,0.9502,1.4759,1.5532
20260803_034538-g1_29dof_wbt_fall_and_getup_iql_manager-locomotion,iql,25000,1,25000,3d2ba8e4c7a480e7,-2087.611328125,94738,12464,13.7275,8.687,5.0404,35.4877,0.14203,0.9587,1.186,1.2371
20260803_034538-g1_29dof_wbt_fall_and_getup_iql_manager-locomotion,iql,25000,2,25000,3d2ba8e4c7a480e7,-2087.611328125,16213,105373,15.1089,2.9603,12.1487,35.4877,0.34233,0.9954,1.0474,1.0522
20260803_034538-g1_29dof_wbt_fall_and_getup_iql_manager-locomotion,iql,25000,3,25000,3d2ba8e4c7a480e7,-2087.611328125,18957,19294,21.1967,0.8977,20.299,35.4877,0.572,1.1308,1.2827,1.1343
20260803_034538-g1_29dof_wbt_fall_and_getup_iql_manager-locomotion,iql,25000,4,25000,3d2ba8e4c7a480e7,-2087.611328125,21006,10750,24.5586,8.3508,16.2078,35.4877,0.45672,1.1539,1.3302,1.1528
20260803_034538-g1_29dof_wbt_fall_and_getup_iql_manager-locomotion,iql,25000,5,25000,3d2ba8e4c7a480e7,-2087.611328125,29649,5332,30.4605,14.6223,15.8383,35.4877,0.4463,1.0757,1.2136,1.1282
20260803_034538-g1_29dof_wbt_fall_and_getup_iql_manager-locomotion,iql,25000,8,25000,3d2ba8e4c7a480e7,-2087.611328125,74157,3344,33.6287,13.2322,20.3965,35.4877,0.57475,0.8435,1.0428,1.2363
20260803_034538-g1_29dof_wbt_fall_and_getup_iql_manager-locomotion,iql,25000,12,25000,3d2ba8e4c7a480e7,-2087.611328125,134624,2881,30.5621,10.3328,20.2293,35.4877,0.57004,0.8255,1.0485,1.2701
20260803_034538-g1_29dof_wbt_fall_and_getup_iql_manager-locomotion,iql,25000,16,25000,3d2ba8e4c7a480e7,-2087.611328125,198771,3756,17.6276,7.7936,9.834,35.4877,0.27711,0.8042,1.05,1.3057
20260803_034538-g1_29dof_wbt_fall_and_getup_iql_manager-locomotion,iql,26000,0,26000,f0589dbea9ce82cf,-2095.465820312,192109,6729,18.6098,2.0058,16.6041,35.249,0.47105,0.9565,1.5037,1.5721
20260803_034538-g1_29dof_wbt_fall_and_getup_iql_manager-locomotion,iql,26000,1,26000,f0589dbea9ce82cf,-2095.465820312,94738,12464,11.2604,6.1533,5.1071,35.249,0.14489,0.9657,1.1967,1.2392
20260803_034538-g1_29dof_wbt_fall_and_getup_iql_manager-locomotion,iql,26000,2,26000,f0589dbea9ce82cf,-2095.465820312,16213,105373,18.1014,3.9375,14.164,35.249,0.40183,0.9895,1.0391,1.0501
20260803_034538-g1_29dof_wbt_fall_and_getup_iql_manager-locomotion,iql,26000,3,26000,f0589dbea9ce82cf,-2095.465820312,18957,19294,22.0516,1.3768,20.6748,35.249,0.58654,1.1226,1.2711,1.1323
20260803_034538-g1_29dof_wbt_fall_and_getup_iql_manager-locomotion,iql,26000,4,26000,f0589dbea9ce82cf,-2095.465820312,21006,10750,23.4514,7.1316,16.3198,35.249,0.46298,1.1679,1.3257,1.135
20260803_034538-g1_29dof_wbt_fall_and_getup_iql_manager-locomotion,iql,26000,5,26000,f0589dbea9ce82cf,-2095.465820312,29649,5332,28.4124,11.0396,17.3728,35.249,0.49286,1.0793,1.2136,1.1245
20260803_034538-g1_29dof_wbt_fall_and_getup_iql_manager-locomotion,iql,26000,8,26000,f0589dbea9ce82cf,-2095.465820312,74157,3344,34.0308,14.1178,19.9129,35.249,0.56492,0.8417,1.0357,1.2305
20260803_034538-g1_29dof_wbt_fall_and_getup_iql_manager-locomotion,iql,26000,12,26000,f0589dbea9ce82cf,-2095.465820312,134624,2881,30.2061,9.9954,20.2106,35.249,0.57337,0.8256,1.0528,1.2752
20260803_034538-g1_29dof_wbt_fall_and_getup_iql_manager-locomotion,iql,26000,16,26000,f0589dbea9ce82cf,-2095.465820312,198771,3756,17.229,7.679,9.55,35.249,0.27093,0.8041,1.0504,1.3063
20260803_034538-g1_29dof_wbt_fall_and_getup_iql_manager-locomotion,iql,27000,0,27000,2215d7d626d80b4b,-2099.761962891,192109,6729,20.4035,3.624,16.7795,33.9641,0.49404,0.9505,1.4678,1.5442
20260803_034538-g1_29dof_wbt_fall_and_getup_iql_manager-locomotion,iql,27000,1,27000,2215d7d626d80b4b,-2099.761962891,94738,12464,13.2184,8.0129,5.2055,33.9641,0.15326,0.9541,1.1829,1.2398
20260803_034538-g1_29dof_wbt_fall_and_getup_iql_manager-locomotion,iql,27000,2,27000,2215d7d626d80b4b,-2099.761962891,16213,105373,18.0307,4.7521,13.2786,33.9641,0.39096,0.9917,1.0416,1.0503
20260803_034538-g1_29dof_wbt_fall_and_getup_iql_manager-locomotion,iql,27000,3,27000,2215d7d626d80b4b,-2099.761962891,18957,19294,21.5723,2.0156,19.5567,33.9641,0.5758,1.1264,1.2724,1.1296
20260803_034538-g1_29dof_wbt_fall_and_getup_iql_manager-locomotion,iql,27000,4,27000,2215d7d626d80b4b,-2099.761962891,21006,10750,24.1129,8.8757,15.2372,33.9641,0.44863,1.1422,1.2947,1.1335
20260803_034538-g1_29dof_wbt_fall_and_getup_iql_manager-locomotion,iql,27000,5,27000,2215d7d626d80b4b,-2099.761962891,29649,5332,29.8481,13.8546,15.9935,33.9641,0.47089,1.0652,1.1907,1.1178
20260803_034538-g1_29dof_wbt_fall_and_getup_iql_manager-locomotion,iql,27000,8,27000,2215d7d626d80b4b,-2099.761962891,74157,3344,33.1985,15.0633,18.1352,33.9641,0.53395,0.8406,1.031,1.2265
20260803_034538-g1_29dof_wbt_fall_and_getup_iql_manager-locomotion,iql,27000,12,27000,2215d7d626d80b4b,-2099.761962891,134624,2881,29.9469,12.0139,17.933,33.9641,0.528,0.8253,1.0432,1.2639
20260803_034538-g1_29dof_wbt_fall_and_getup_iql_manager-locomotion,iql,27000,16,27000,2215d7d626d80b4b,-2099.761962891,198771,3756,18.5796,9.5535,9.026,33.9641,0.26575,0.804,1.0457,1.3006
20260803_034538-g1_29dof_wbt_fall_and_getup_iql_manager-locomotion,iql,28000,0,28000,8fc36f5a971cfdbc,-2134.687744141,192109,6729,19.1179,2.7618,16.3561,34.6025,0.47269,0.9542,1.4918,1.5634
20260803_034538-g1_29dof_wbt_fall_and_getup_iql_manager-locomotion,iql,28000,1,28000,8fc36f5a971cfdbc,-2134.687744141,94738,12464,11.6606,6.3598,5.3009,34.6025,0.15319,0.9657,1.1957,1.2381
20260803_034538-g1_29dof_wbt_fall_and_getup_iql_manager-locomotion,iql,28000,2,28000,8fc36f5a971cfdbc,-2134.687744141,16213,105373,17.2571,4.3941,12.8631,34.6025,0.37174,0.9961,1.0455,1.0496
20260803_034538-g1_29dof_wbt_fall_and_getup_iql_manager-locomotion,iql,28000,3,28000,8fc36f5a971cfdbc,-2134.687744141,18957,19294,21.6098,1.9402,19.6696,34.6025,0.56844,1.1184,1.2749,1.14
20260803_034538-g1_29dof_wbt_fall_and_getup_iql_manager-locomotion,iql,28000,4,28000,8fc36f5a971cfdbc,-2134.687744141,21006,10750,23.4437,8.2595,15.1841,34.6025,0.43882,1.1384,1.3037,1.1452
20260803_034538-g1_29dof_wbt_fall_and_getup_iql_manager-locomotion,iql,28000,5,28000,8fc36f5a971cfdbc,-2134.687744141,29649,5332,29.5569,13.2572,16.2998,34.6025,0.47106,1.0601,1.1915,1.1239
20260803_034538-g1_29dof_wbt_fall_and_getup_iql_manager-locomotion,iql,28000,8,28000,8fc36f5a971cfdbc,-2134.687744141,74157,3344,33.8306,15.5797,18.2509,34.6025,0.52745,0.8384,1.0291,1.2275
20260803_034538-g1_29dof_wbt_fall_and_getup_iql_manager-locomotion,iql,28000,12,28000,8fc36f5a971cfdbc,-2134.687744141,134624,2881,30.7032,12.5245,18.1787,34.6025,0.52536,0.8244,1.0462,1.2691
20260803_034538-g1_29dof_wbt_fall_and_getup_iql_manager-locomotion,iql,28000,16,28000,8fc36f5a971cfdbc,-2134.687744141,198771,3756,19.7202,10.2227,9.4975,34.6025,0.27448,0.8032,1.0472,1.3037
20260803_034538-g1_29dof_wbt_fall_and_getup_iql_manager-locomotion,iql,29000,0,29000,96748ca2f61be9ae,-2157.863769531,192109,6729,21.0869,2.9335,18.1534,35.3801,0.5131,0.947,1.4913,1.5747
20260803_034538-g1_29dof_wbt_fall_and_getup_iql_manager-locomotion,iql,29000,1,29000,96748ca2f61be9ae,-2157.863769531,94738,12464,15.0881,8.5642,6.5239,35.3801,0.1844,0.958,1.1851,1.237
20260803_034538-g1_29dof_wbt_fall_and_getup_iql_manager-locomotion,iql,29000,2,29000,96748ca2f61be9ae,-2157.863769531,16213,105373,16.7527,3.5105,13.2422,35.3801,0.37428,0.999,1.051,1.052
20260803_034538-g1_29dof_wbt_fall_and_getup_iql_manager-locomotion,iql,29000,3,29000,96748ca2f61be9ae,-2157.863769531,18957,19294,22.0267,1.1725,20.8542,35.3801,0.58943,1.1163,1.2642,1.1325
20260803_034538-g1_29dof_wbt_fall_and_getup_iql_manager-locomotion,iql,29000,4,29000,96748ca2f61be9ae,-2157.863769531,21006,10750,23.984,7.9928,15.9911,35.3801,0.45198,1.1377,1.2959,1.139
20260803_034538-g1_29dof_wbt_fall_and_getup_iql_manager-locomotion,iql,29000,5,29000,96748ca2f61be9ae,-2157.863769531,29649,5332,29.7936,12.7683,17.0253,35.3801,0.48121,1.0608,1.1925,1.1242
20260803_034538-g1_29dof_wbt_fall_and_getup_iql_manager-locomotion,iql,29000,8,29000,96748ca2f61be9ae,-2157.863769531,74157,3344,33.8356,14.4035,19.4321,35.3801,0.54924,0.839,1.0276,1.2248
20260803_034538-g1_29dof_wbt_fall_and_getup_iql_manager-locomotion,iql,29000,12,29000,96748ca2f61be9ae,-2157.863769531,134624,2881,30.6661,11.1364,19.5298,35.3801,0.552,0.8249,1.0447,1.2665
20260803_034538-g1_29dof_wbt_fall_and_getup_iql_manager-locomotion,iql,29000,16,29000,96748ca2f61be9ae,-2157.863769531,198771,3756,18.662,8.8771,9.7848,35.3801,0.27656,0.8038,1.0474,1.3031
20260803_034538-g1_29dof_wbt_fall_and_getup_iql_manager-locomotion,iql,30000,0,30000,fae9d064ecf10e18,-2155.927978516,192109,6729,22.4798,2.9124,19.5674,35.9922,0.54366,0.9497,1.4592,1.5365
20260803_034538-g1_29dof_wbt_fall_and_getup_iql_manager-locomotion,iql,30000,1,30000,fae9d064ecf10e18,-2155.927978516,94738,12464,14.9396,8.2159,6.7237,35.9922,0.18681,0.961,1.1868,1.235
20260803_034538-g1_29dof_wbt_fall_and_getup_iql_manager-locomotion,iql,30000,2,30000,fae9d064ecf10e18,-2155.927978516,16213,105373,17.7003,3.6158,14.0845,35.9922,0.39132,0.9943,1.0485,1.0545
20260803_034538-g1_29dof_wbt_fall_and_getup_iql_manager-locomotion,iql,30000,3,30000,fae9d064ecf10e18,-2155.927978516,18957,19294,22.0065,1.0361,20.9705,35.9922,0.58264,1.1287,1.2783,1.1325
20260803_034538-g1_29dof_wbt_fall_and_getup_iql_manager-locomotion,iql,30000,4,30000,fae9d064ecf10e18,-2155.927978516,21006,10750,23.688,7.0147,16.6733,35.9922,0.46325,1.1377,1.3,1.1427
20260803_034538-g1_29dof_wbt_fall_and_getup_iql_manager-locomotion,iql,30000,5,30000,fae9d064ecf10e18,-2155.927978516,29649,5332,30.9818,14.4296,16.5522,35.9922,0.45988,1.0646,1.1911,1.1187
20260803_034538-g1_29dof_wbt_fall_and_getup_iql_manager-locomotion,iql,30000,8,30000,fae9d064ecf10e18,-2155.927978516,74157,3344,34.6576,15.7647,18.8929,35.9922,0.52492,0.8417,1.032,1.2262
20260803_034538-g1_29dof_wbt_fall_and_getup_iql_manager-locomotion,iql,30000,12,30000,fae9d064ecf10e18,-2155.927978516,134624,2881,31.2318,11.1486,20.0832,35.9922,0.55799,0.8261,1.0451,1.2652
20260803_034538-g1_29dof_wbt_fall_and_getup_iql_manager-locomotion,iql,30000,16,30000,fae9d064ecf10e18,-2155.927978516,198771,3756,19.5428,9.2009,10.3419,35.9922,0.28734,0.8039,1.0453,1.3003
20260803_034538-g1_29dof_wbt_fall_and_getup_iql_manager-locomotion,iql,31000,0,31000,e03789084c2be6ee,-2160.495361328,192109,6729,22.9343,3.5685,19.3658,36.3107,0.53334,0.9477,1.4673,1.5483
20260803_034538-g1_29dof_wbt_fall_and_getup_iql_manager-locomotion,iql,31000,1,31000,e03789084c2be6ee,-2160.495361328,94738,12464,17.4888,10.4806,7.0082,36.3107,0.19301,0.9554,1.1876,1.243
20260803_034538-g1_29dof_wbt_fall_and_getup_iql_manager-locomotion,iql,31000,2,31000,e03789084c2be6ee,-2160.495361328,16213,105373,19.2995,5.0497,14.2498,36.3107,0.39244,0.9969,1.0455,1.0487
20260803_034538-g1_29dof_wbt_fall_and_getup_iql_manager-locomotion,iql,31000,3,31000,e03789084c2be6ee,-2160.495361328,18957,19294,21.8586,1.0052,20.8534,36.3107,0.5743,1.1223,1.2723,1.1337
20260803_034538-g1_29dof_wbt_fall_and_getup_iql_manager-locomotion,iql,31000,4,31000,e03789084c2be6ee,-2160.495361328,21006,10750,23.9605,7.0712,16.8893,36.3107,0.46513,1.1396,1.3001,1.1409
20260803_034538-g1_29dof_wbt_fall_and_getup_iql_manager-locomotion,iql,31000,5,31000,e03789084c2be6ee,-2160.495361328,29649,5332,30.5542,11.9571,18.5971,36.3107,0.51217,1.0662,1.1985,1.124
20260803_034538-g1_29dof_wbt_fall_and_getup_iql_manager-locomotion,iql,31000,8,31000,e03789084c2be6ee,-2160.495361328,74157,3344,34.6373,13.7917,20.8456,36.3107,0.57409,0.8396,1.0253,1.2211
20260803_034538-g1_29dof_wbt_fall_and_getup_iql_manager-locomotion,iql,31000,12,31000,e03789084c2be6ee,-2160.495361328,134624,2881,31.5059,9.8518,21.6541,36.3107,0.59636,0.8238,1.0402,1.2627
20260803_034538-g1_29dof_wbt_fall_and_getup_iql_manager-locomotion,iql,31000,16,31000,e03789084c2be6ee,-2160.495361328,198771,3756,19.1812,8.4853,10.6959,36.3107,0.29456,0.8029,1.042,1.2978
20260803_034538-g1_29dof_wbt_fall_and_getup_iql_manager-locomotion,iql,32000,0,32000,95225948cc9c06e9,-2152.888427734,192109,6729,21.7429,3.8264,17.9165,35.6516,0.50254,0.9505,1.4818,1.559
20260803_034538-g1_29dof_wbt_fall_and_getup_iql_manager-locomotion,iql,32000,1,32000,95225948cc9c06e9,-2152.888427734,94738,12464,18.8156,11.8438,6.9717,35.6516,0.19555,0.96,1.1876,1.2371
20260803_034538-g1_29dof_wbt_fall_and_getup_iql_manager-locomotion,iql,32000,2,32000,95225948cc9c06e9,-2152.888427734,16213,105373,20.3357,6.1395,14.1962,35.6516,0.39819,0.9974,1.0461,1.0488
20260803_034538-g1_29dof_wbt_fall_and_getup_iql_manager-locomotion,iql,32000,3,32000,95225948cc9c06e9,-2152.888427734,18957,19294,21.7369,1.3342,20.4027,35.6516,0.57228,1.1305,1.2724,1.1256
20260803_034538-g1_29dof_wbt_fall_and_getup_iql_manager-locomotion,iql,32000,4,32000,95225948cc9c06e9,-2152.888427734,21006,10750,23.1405,6.9724,16.1681,35.6516,0.4535,1.1454,1.3239,1.1558
20260803_034538-g1_29dof_wbt_fall_and_getup_iql_manager-locomotion,iql,32000,5,32000,95225948cc9c06e9,-2152.888427734,29649,5332,30.5198,13.5068,17.013,35.6516,0.4772,1.0651,1.195,1.122
20260803_034538-g1_29dof_wbt_fall_and_getup_iql_manager-locomotion,iql,32000,8,32000,95225948cc9c06e9,-2152.888427734,74157,3344,34.5848,14.3999,20.185,35.6516,0.56617,0.8382,1.0293,1.228
20260803_034538-g1_29dof_wbt_fall_and_getup_iql_manager-locomotion,iql,32000,12,32000,95225948cc9c06e9,-2152.888427734,134624,2881,31.3903,10.2983,21.092,35.6516,0.59161,0.8239,1.0424,1.2652
20260803_034538-g1_29dof_wbt_fall_and_getup_iql_manager-locomotion,iql,32000,16,32000,95225948cc9c06e9,-2152.888427734,198771,3756,20.0797,9.3597,10.72,35.6516,0.30069,0.8031,1.0448,1.301
20260803_034538-g1_29dof_wbt_fall_and_getup_iql_manager-locomotion,iql,33000,0,33000,18c35963b0583b41,-2163.298339844,192109,6729,22.2561,2.6836,19.5725,36.2661,0.53969,0.95,1.4738,1.5514
20260803_034538-g1_29dof_wbt_fall_and_getup_iql_manager-locomotion,iql,33000,1,33000,18c35963b0583b41,-2163.298339844,94738,12464,17.3844,9.3821,8.0023,36.2661,0.22065,0.9569,1.1843,1.2377
20260803_034538-g1_29dof_wbt_fall_and_getup_iql_manager-locomotion,iql,33000,2,33000,18c35963b0583b41,-2163.298339844,16213,105373,19.6469,5.4699,14.177,36.2661,0.39092,0.9927,1.0433,1.0509
20260803_034538-g1_29dof_wbt_fall_and_getup_iql_manager-locomotion,iql,33000,3,33000,18c35963b0583b41,-2163.298339844,18957,19294,22.2631,1.0295,21.2336,36.2661,0.58549,1.1306,1.2731,1.126
20260803_034538-g1_29dof_wbt_fall_and_getup_iql_manager-locomotion,iql,33000,4,33000,18c35963b0583b41,-2163.298339844,21006,10750,25.1419,7.7858,17.3561,36.2661,0.47858,1.1433,1.3048,1.1413
20260803_034538-g1_29dof_wbt_fall_and_getup_iql_manager-locomotion,iql,33000,5,33000,18c35963b0583b41,-2163.298339844,29649,5332,31.0687,13.6336,17.4351,36.2661,0.48075,1.062,1.1915,1.122
20260803_034538-g1_29dof_wbt_fall_and_getup_iql_manager-locomotion,iql,33000,8,33000,18c35963b0583b41,-2163.298339844,74157,3344,34.9784,15.6323,19.3461,36.2661,0.53345,0.8394,1.021,1.2163
20260803_034538-g1_29dof_wbt_fall_and_getup_iql_manager-locomotion,iql,33000,12,33000,18c35963b0583b41,-2163.298339844,134624,2881,31.4661,10.8204,20.6456,36.2661,0.56928,0.8245,1.0388,1.2599
20260803_034538-g1_29dof_wbt_fall_and_getup_iql_manager-locomotion,iql,33000,16,33000,18c35963b0583b41,-2163.298339844,198771,3756,19.8713,9.2852,10.5861,36.2661,0.2919,0.8033,1.0447,1.3005
20260803_034538-g1_29dof_wbt_fall_and_getup_iql_manager-locomotion,iql,34000,0,34000,340e18aaa0773cbc,-2192.457275391,192109,6729,18.1674,1.8064,16.361,36.0269,0.45413,0.9542,1.4836,1.5548
20260803_034538-g1_29dof_wbt_fall_and_getup_iql_manager-locomotion,iql,34000,1,34000,340e18aaa0773cbc,-2192.457275391,94738,12464,11.3012,5.2861,6.0151,36.0269,0.16696,0.9618,1.1968,1.2443
20260803_034538-g1_29dof_wbt_fall_and_getup_iql_manager-locomotion,iql,34000,2,34000,340e18aaa0773cbc,-2192.457275391,16213,105373,17.5529,3.4151,14.1377,36.0269,0.39242,0.9916,1.039,1.0478
20260803_034538-g1_29dof_wbt_fall_and_getup_iql_manager-locomotion,iql,34000,3,34000,340e18aaa0773cbc,-2192.457275391,18957,19294,20.8442,0.68,20.1642,36.0269,0.5597,1.1283,1.2659,1.122
20260803_034538-g1_29dof_wbt_fall_and_getup_iql_manager-locomotion,iql,34000,4,34000,340e18aaa0773cbc,-2192.457275391,21006,10750,23.3176,6.5214,16.7963,36.0269,0.46622,1.1455,1.2998,1.1347
20260803_034538-g1_29dof_wbt_fall_and_getup_iql_manager-locomotion,iql,34000,5,34000,340e18aaa0773cbc,-2192.457275391,29649,5332,29.9352,13.1477,16.7875,36.0269,0.46597,1.0649,1.189,1.1165
20260803_034538-g1_29dof_wbt_fall_and_getup_iql_manager-locomotion,iql,34000,8,34000,340e18aaa0773cbc,-2192.457275391,74157,3344,34.2451,13.5554,20.6897,36.0269,0.57429,0.8362,1.0211,1.2212
20260803_034538-g1_29dof_wbt_fall_and_getup_iql_manager-locomotion,iql,34000,12,34000,340e18aaa0773cbc,-2192.457275391,134624,2881,30.6696,9.373,21.2967,36.0269,0.59113,0.8237,1.0359,1.2575
20260803_034538-g1_29dof_wbt_fall_and_getup_iql_manager-locomotion,iql,34000,16,34000,340e18aaa0773cbc,-2192.457275391,198771,3756,17.1819,7.0657,10.1163,36.0269,0.2808,0.8032,1.0414,1.2965
20260803_034538-g1_29dof_wbt_fall_and_getup_iql_manager-locomotion,iql,35000,0,35000,524b44ed36deb74a,-2203.530029297,192109,6729,19.3785,1.9691,17.4094,34.5787,0.50347,0.9553,1.4749,1.544
20260803_034538-g1_29dof_wbt_fall_and_getup_iql_manager-locomotion,iql,35000,1,35000,524b44ed36deb74a,-2203.530029297,94738,12464,14.1707,7.0663,7.1044,34.5787,0.20546,0.9612,1.1849,1.2327
20260803_034538-g1_29dof_wbt_fall_and_getup_iql_manager-locomotion,iql,35000,2,35000,524b44ed36deb74a,-2203.530029297,16213,105373,16.4541,3.7049,12.7492,34.5787,0.3687,0.9982,1.053,1.0549
20260803_034538-g1_29dof_wbt_fall_and_getup_iql_manager-locomotion,iql,35000,3,35000,524b44ed36deb74a,-2203.530029297,18957,19294,20.8304,1.4216,19.4087,34.5787,0.56129,1.1193,1.2652,1.1304
20260803_034538-g1_29dof_wbt_fall_and_getup_iql_manager-locomotion,iql,35000,4,35000,524b44ed36deb74a,-2203.530029297,21006,10750,22.5817,6.6157,15.966,34.5787,0.46173,1.1334,1.3117,1.1573
20260803_034538-g1_29dof_wbt_fall_and_getup_iql_manager-locomotion,iql,35000,5,35000,524b44ed36deb74a,-2203.530029297,29649,5332,27.8508,9.737,18.1138,34.5787,0.52384,1.0617,1.1969,1.1273
20260803_034538-g1_29dof_wbt_fall_and_getup_iql_manager-locomotion,iql,35000,8,35000,524b44ed36deb74a,-2203.530029297,74157,3344,33.4676,13.5253,19.9423,34.5787,0.57672,0.8385,1.023,1.22
20260803_034538-g1_29dof_wbt_fall_and_getup_iql_manager-locomotion,iql,35000,12,35000,524b44ed36deb74a,-2203.530029297,134624,2881,30.1553,10.5893,19.5661,34.5787,0.56584,0.8246,1.0374,1.2581
20260803_034538-g1_29dof_wbt_fall_and_getup_iql_manager-locomotion,iql,35000,16,35000,524b44ed36deb74a,-2203.530029297,198771,3756,18.6693,9.2258,9.4435,34.5787,0.2731,0.8027,1.0421,1.2982
20260803_034538-g1_29dof_wbt_fall_and_getup_iql_manager-locomotion,iql,36000,0,36000,154bc10c3c33c7d9,-2201.094726562,192109,6729,18.8953,1.7445,17.1508,34.7494,0.49356,0.9496,1.4552,1.5325
20260803_034538-g1_29dof_wbt_fall_and_getup_iql_manager-locomotion,iql,36000,1,36000,154bc10c3c33c7d9,-2201.094726562,94738,12464,14.7379,7.52,7.2179,34.7494,0.20771,0.9599,1.1842,1.2336
20260803_034538-g1_29dof_wbt_fall_and_getup_iql_manager-locomotion,iql,36000,2,36000,154bc10c3c33c7d9,-2201.094726562,16213,105373,16.9496,3.9872,12.9624,34.7494,0.37302,0.9966,1.0445,1.048
20260803_034538-g1_29dof_wbt_fall_and_getup_iql_manager-locomotion,iql,36000,3,36000,154bc10c3c33c7d9,-2201.094726562,18957,19294,20.0883,0.8442,19.2441,34.7494,0.5538,1.1259,1.2684,1.1266
20260803_034538-g1_29dof_wbt_fall_and_getup_iql_manager-locomotion,iql,36000,4,36000,154bc10c3c33c7d9,-2201.094726562,21006,10750,22.9292,7.0929,15.8362,34.7494,0.45573,1.1457,1.2973,1.1324
20260803_034538-g1_29dof_wbt_fall_and_getup_iql_manager-locomotion,iql,36000,5,36000,154bc10c3c33c7d9,-2201.094726562,29649,5332,28.0344,10.9882,17.0462,34.7494,0.49055,1.0588,1.178,1.1125
20260803_034538-g1_29dof_wbt_fall_and_getup_iql_manager-locomotion,iql,36000,8,36000,154bc10c3c33c7d9,-2201.094726562,74157,3344,33.2337,13.801,19.4326,34.7494,0.55922,0.839,1.0255,1.2224
20260803_034538-g1_29dof_wbt_fall_and_getup_iql_manager-locomotion,iql,36000,12,36000,154bc10c3c33c7d9,-2201.094726562,134624,2881,29.365,8.7958,20.5691,34.7494,0.59193,0.8252,1.0404,1.2608
20260803_034538-g1_29dof_wbt_fall_and_getup_iql_manager-locomotion,iql,36000,16,36000,154bc10c3c33c7d9,-2201.094726562,198771,3756,17.5,7.6776,9.8224,34.7494,0.28266,0.8038,1.0444,1.2993
20260803_034538-g1_29dof_wbt_fall_and_getup_iql_manager-locomotion,iql,37000,0,37000,ffdf9802cb713994,-2193.117675781,192109,6729,20.2196,2.4234,17.7962,35.7634,0.49761,0.9504,1.488,1.5657
20260803_034538-g1_29dof_wbt_fall_and_getup_iql_manager-locomotion,iql,37000,1,37000,ffdf9802cb713994,-2193.117675781,94738,12464,13.1717,6.4672,6.7045,35.7634,0.18747,0.9553,1.185,1.2404
20260803_034538-g1_29dof_wbt_fall_and_getup_iql_manager-locomotion,iql,37000,2,37000,ffdf9802cb713994,-2193.117675781,16213,105373,18.3864,4.1308,14.2556,35.7634,0.39861,0.9948,1.0429,1.0483
20260803_034538-g1_29dof_wbt_fall_and_getup_iql_manager-locomotion,iql,37000,3,37000,ffdf9802cb713994,-2193.117675781,18957,19294,21.6639,1.0795,20.5845,35.7634,0.57557,1.1243,1.2739,1.1331
20260803_034538-g1_29dof_wbt_fall_and_getup_iql_manager-locomotion,iql,37000,4,37000,ffdf9802cb713994,-2193.117675781,21006,10750,22.645,6.8444,15.8006,35.7634,0.44181,1.1403,1.2941,1.1349
20260803_034538-g1_29dof_wbt_fall_and_getup_iql_manager-locomotion,iql,37000,5,37000,ffdf9802cb713994,-2193.117675781,29649,5332,28.4478,10.2613,18.1866,35.7634,0.50853,1.0601,1.188,1.1207
20260803_034538-g1_29dof_wbt_fall_and_getup_iql_manager-locomotion,iql,37000,8,37000,ffdf9802cb713994,-2193.117675781,74157,3344,34.2492,14.1633,20.0859,35.7634,0.56163,0.8365,1.0213,1.2208
20260803_034538-g1_29dof_wbt_fall_and_getup_iql_manager-locomotion,iql,37000,12,37000,ffdf9802cb713994,-2193.117675781,134624,2881,31.2605,11.0844,20.1761,35.7634,0.56416,0.8225,1.039,1.2632
20260803_034538-g1_29dof_wbt_fall_and_getup_iql_manager-locomotion,iql,37000,16,37000,ffdf9802cb713994,-2193.117675781,198771,3756,19.4716,8.8781,10.5935,35.7634,0.29621,0.802,1.0451,1.3031
20260803_034538-g1_29dof_wbt_fall_and_getup_iql_manager-locomotion,iql,38000,0,38000,855587054ab1991b,-2213.829345703,192109,6729,21.3563,3.6215,17.7348,35.3221,0.50209,0.9488,1.4877,1.5679
20260803_034538-g1_29dof_wbt_fall_and_getup_iql_manager-locomotion,iql,38000,1,38000,855587054ab1991b,-2213.829345703,94738,12464,14.9977,7.4649,7.5328,35.3221,0.21326,0.9538,1.1816,1.2389
20260803_034538-g1_29dof_wbt_fall_and_getup_iql_manager-locomotion,iql,38000,2,38000,855587054ab1991b,-2213.829345703,16213,105373,15.7549,2.824,12.931,35.3221,0.36609,0.9931,1.044,1.0512
20260803_034538-g1_29dof_wbt_fall_and_getup_iql_manager-locomotion,iql,38000,3,38000,855587054ab1991b,-2213.829345703,18957,19294,21.2674,0.6915,20.5759,35.3221,0.58252,1.112,1.2681,1.1403
20260803_034538-g1_29dof_wbt_fall_and_getup_iql_manager-locomotion,iql,38000,4,38000,855587054ab1991b,-2213.829345703,21006,10750,24.6687,7.4584,17.2104,35.3221,0.48724,1.1354,1.2878,1.1343
20260803_034538-g1_29dof_wbt_fall_and_getup_iql_manager-locomotion,iql,38000,5,38000,855587054ab1991b,-2213.829345703,29649,5332,28.7318,10.145,18.5868,35.3221,0.52621,1.0641,1.1849,1.1136
20260803_034538-g1_29dof_wbt_fall_and_getup_iql_manager-locomotion,iql,38000,8,38000,855587054ab1991b,-2213.829345703,74157,3344,33.4696,13.9195,19.55,35.3221,0.55348,0.8381,1.0233,1.2211
20260803_034538-g1_29dof_wbt_fall_and_getup_iql_manager-locomotion,iql,38000,12,38000,855587054ab1991b,-2213.829345703,134624,2881,30.2347,9.0826,21.1521,35.3221,0.59884,0.8237,1.0418,1.2648
20260803_034538-g1_29dof_wbt_fall_and_getup_iql_manager-locomotion,iql,38000,16,38000,855587054ab1991b,-2213.829345703,198771,3756,18.1726,7.3447,10.828,35.3221,0.30655,0.8031,1.043,1.2988
20260803_034538-g1_29dof_wbt_fall_and_getup_iql_manager-locomotion,iql,39000,0,39000,1821ca6f78f7fa94,-2221.963134766,192109,6729,20.2759,1.7899,18.486,36.2747,0.50961,0.9494,1.4761,1.5548
20260803_034538-g1_29dof_wbt_fall_and_getup_iql_manager-locomotion,iql,39000,1,39000,1821ca6f78f7fa94,-2221.963134766,94738,12464,13.1621,6.335,6.8272,36.2747,0.18821,0.958,1.1853,1.2373
20260803_034538-g1_29dof_wbt_fall_and_getup_iql_manager-locomotion,iql,39000,2,39000,1821ca6f78f7fa94,-2221.963134766,16213,105373,16.8134,3.0818,13.7317,36.2747,0.37855,0.9982,1.0435,1.0454
20260803_034538-g1_29dof_wbt_fall_and_getup_iql_manager-locomotion,iql,39000,3,39000,1821ca6f78f7fa94,-2221.963134766,18957,19294,21.1412,0.7839,20.3573,36.2747,0.5612,1.1276,1.2769,1.1323
20260803_034538-g1_29dof_wbt_fall_and_getup_iql_manager-locomotion,iql,39000,4,39000,1821ca6f78f7fa94,-2221.963134766,21006,10750,22.7707,6.6842,16.0865,36.2747,0.44346,1.1587,1.3246,1.1432
20260803_034538-g1_29dof_wbt_fall_and_getup_iql_manager-locomotion,iql,39000,5,39000,1821ca6f78f7fa94,-2221.963134766,29649,5332,29.9842,12.3492,17.635,36.2747,0.48615,1.0615,1.192,1.1229
20260803_034538-g1_29dof_wbt_fall_and_getup_iql_manager-locomotion,iql,39000,8,39000,1821ca6f78f7fa94,-2221.963134766,74157,3344,34.2414,13.1593,21.0821,36.2747,0.58118,0.8367,1.0249,1.2249
20260803_034538-g1_29dof_wbt_fall_and_getup_iql_manager-locomotion,iql,39000,12,39000,1821ca6f78f7fa94,-2221.963134766,134624,2881,30.8696,9.108,21.7616,36.2747,0.59991,0.8237,1.0369,1.2589
20260803_034538-g1_29dof_wbt_fall_and_getup_iql_manager-locomotion,iql,39000,16,39000,1821ca6f78f7fa94,-2221.963134766,198771,3756,18.4954,7.6322,10.8632,36.2747,0.29947,0.8022,1.0411,1.2977
20260803_034538-g1_29dof_wbt_fall_and_getup_iql_manager-locomotion,iql,40000,0,40000,4d520827f0505d79,-2226.086914062,192109,6729,19.5116,2.0335,17.4781,35.1819,0.49679,0.9513,1.4553,1.5297
20260803_034538-g1_29dof_wbt_fall_and_getup_iql_manager-locomotion,iql,40000,1,40000,4d520827f0505d79,-2226.086914062,94738,12464,11.9991,5.8336,6.1656,35.1819,0.17525,0.9546,1.1831,1.2393
20260803_034538-g1_29dof_wbt_fall_and_getup_iql_manager-locomotion,iql,40000,2,40000,4d520827f0505d79,-2226.086914062,16213,105373,16.871,3.2303,13.6407,35.1819,0.38772,0.9891,1.0409,1.0524
20260803_034538-g1_29dof_wbt_fall_and_getup_iql_manager-locomotion,iql,40000,3,40000,4d520827f0505d79,-2226.086914062,18957,19294,21.2598,1.0044,20.2554,35.1819,0.57573,1.118,1.2687,1.1347
20260803_034538-g1_29dof_wbt_fall_and_getup_iql_manager-locomotion,iql,40000,4,40000,4d520827f0505d79,-2226.086914062,21006,10750,24.0387,7.2327,16.806,35.1819,0.47769,1.1337,1.3081,1.1538
20260803_034538-g1_29dof_wbt_fall_and_getup_iql_manager-locomotion,iql,40000,5,40000,4d520827f0505d79,-2226.086914062,29649,5332,29.6931,11.6277,18.0654,35.1819,0.51349,1.0571,1.1853,1.1213
20260803_034538-g1_29dof_wbt_fall_and_getup_iql_manager-locomotion,iql,40000,8,40000,4d520827f0505d79,-2226.086914062,74157,3344,33.5386,13.1525,20.3862,35.1819,0.57945,0.8359,1.0153,1.2147
20260803_034538-g1_29dof_wbt_fall_and_getup_iql_manager-locomotion,iql,40000,12,40000,4d520827f0505d79,-2226.086914062,134624,2881,30.4922,9.0238,21.4684,35.1819,0.61021,0.8239,1.0398,1.262
20260803_034538-g1_29dof_wbt_fall_and_getup_iql_manager-locomotion,iql,40000,16,40000,4d520827f0505d79,-2226.086914062,198771,3756,18.3067,7.8032,10.5035,35.1819,0.29855,0.8023,1.0428,1.2999
20260803_034538-g1_29dof_wbt_fall_and_getup_iql_manager-locomotion,iql,41000,0,41000,c7141e6ac71b4796,-2222.101806641,192109,6729,18.4486,1.5079,16.9407,34.9615,0.48455,0.9513,1.466,1.541
20260803_034538-g1_29dof_wbt_fall_and_getup_iql_manager-locomotion,iql,41000,1,41000,c7141e6ac71b4796,-2222.101806641,94738,12464,11.2924,4.8462,6.4463,34.9615,0.18438,0.953,1.1905,1.2493
20260803_034538-g1_29dof_wbt_fall_and_getup_iql_manager-locomotion,iql,41000,2,41000,c7141e6ac71b4796,-2222.101806641,16213,105373,15.7278,2.8455,12.8823,34.9615,0.36847,0.9982,1.0431,1.0451
20260803_034538-g1_29dof_wbt_fall_and_getup_iql_manager-locomotion,iql,41000,3,41000,c7141e6ac71b4796,-2222.101806641,18957,19294,20.7104,0.9329,19.7774,34.9615,0.56569,1.1289,1.2629,1.1187
20260803_034538-g1_29dof_wbt_fall_and_getup_iql_manager-locomotion,iql,41000,4,41000,c7141e6ac71b4796,-2222.101806641,21006,10750,22.1382,5.8932,16.2451,34.9615,0.46466,1.149,1.3043,1.1352
20260803_034538-g1_29dof_wbt_fall_and_getup_iql_manager-locomotion,iql,41000,5,41000,c7141e6ac71b4796,-2222.101806641,29649,5332,29.5248,10.6989,18.8259,34.9615,0.53848,1.0672,1.182,1.1076
20260803_034538-g1_29dof_wbt_fall_and_getup_iql_manager-locomotion,iql,41000,8,41000,c7141e6ac71b4796,-2222.101806641,74157,3344,33.0805,11.5167,21.5638,34.9615,0.61679,0.8368,1.0202,1.2191
20260803_034538-g1_29dof_wbt_fall_and_getup_iql_manager-locomotion,iql,41000,12,41000,c7141e6ac71b4796,-2222.101806641,134624,2881,30.1804,8.9869,21.1935,34.9615,0.60619,0.8249,1.0407,1.2617
20260803_034538-g1_29dof_wbt_fall_and_getup_iql_manager-locomotion,iql,41000,16,41000,c7141e6ac71b4796,-2222.101806641,198771,3756,18.6213,8.037,10.5843,34.9615,0.30274,0.8032,1.0422,1.2975
20260803_034538-g1_29dof_wbt_fall_and_getup_iql_manager-locomotion,iql,42000,0,42000,0afe38f1c2dd1f2d,-2232.022216797,192109,6729,21.4981,2.1108,19.3874,35.8756,0.54041,0.9482,1.4635,1.5434
20260803_034538-g1_29dof_wbt_fall_and_getup_iql_manager-locomotion,iql,42000,1,42000,0afe38f1c2dd1f2d,-2232.022216797,94738,12464,12.146,5.6327,6.5133,35.8756,0.18155,0.9566,1.1779,1.2314
20260803_034538-g1_29dof_wbt_fall_and_getup_iql_manager-locomotion,iql,42000,2,42000,0afe38f1c2dd1f2d,-2232.022216797,16213,105373,15.9297,2.8232,13.1065,35.8756,0.36533,0.9867,1.04,1.054
20260803_034538-g1_29dof_wbt_fall_and_getup_iql_manager-locomotion,iql,42000,3,42000,0afe38f1c2dd1f2d,-2232.022216797,18957,19294,20.6985,0.8477,19.8508,35.8756,0.55332,1.1248,1.2726,1.1314
20260803_034538-g1_29dof_wbt_fall_and_getup_iql_manager-locomotion,iql,42000,4,42000,0afe38f1c2dd1f2d,-2232.022216797,21006,10750,22.4879,6.2061,16.2818,35.8756,0.45384,1.1446,1.3027,1.1382
20260803_034538-g1_29dof_wbt_fall_and_getup_iql_manager-locomotion,iql,42000,5,42000,0afe38f1c2dd1f2d,-2232.022216797,29649,5332,29.1641,10.6485,18.5156,35.8756,0.51611,1.0542,1.1798,1.1191
20260803_034538-g1_29dof_wbt_fall_and_getup_iql_manager-locomotion,iql,42000,8,42000,0afe38f1c2dd1f2d,-2232.022216797,74157,3344,34.1712,12.8852,21.286,35.8756,0.59333,0.8374,1.0208,1.2191
20260803_034538-g1_29dof_wbt_fall_and_getup_iql_manager-locomotion,iql,42000,12,42000,0afe38f1c2dd1f2d,-2232.022216797,134624,2881,31.2552,9.4745,21.7807,35.8756,0.60712,0.8227,1.0357,1.2589
20260803_034538-g1_29dof_wbt_fall_and_getup_iql_manager-locomotion,iql,42000,16,42000,0afe38f1c2dd1f2d,-2232.022216797,198771,3756,19.0457,8.0803,10.9654,35.8756,0.30565,0.8025,1.0405,1.2965
20260803_034538-g1_29dof_wbt_fall_and_getup_iql_manager-locomotion,iql,43000,0,43000,617185d064e5c098,-2253.264648438,192109,6729,20.6827,2.7862,17.8965,34.7001,0.51575,0.9475,1.4589,1.5396
20260803_034538-g1_29dof_wbt_fall_and_getup_iql_manager-locomotion,iql,43000,1,43000,617185d064e5c098,-2253.264648438,94738,12464,14.0229,7.1798,6.8431,34.7001,0.19721,0.9578,1.1775,1.2295
20260803_034538-g1_29dof_wbt_fall_and_getup_iql_manager-locomotion,iql,43000,2,43000,617185d064e5c098,-2253.264648438,16213,105373,17.4563,3.9279,13.5283,34.7001,0.38987,0.991,1.0419,1.0513
20260803_034538-g1_29dof_wbt_fall_and_getup_iql_manager-locomotion,iql,43000,3,43000,617185d064e5c098,-2253.264648438,18957,19294,21.1656,1.3659,19.7998,34.7001,0.5706,1.1201,1.2737,1.1371
20260803_034538-g1_29dof_wbt_fall_and_getup_iql_manager-locomotion,iql,43000,4,43000,617185d064e5c098,-2253.264648438,21006,10750,22.7241,6.7475,15.9765,34.7001,0.46042,1.1387,1.2997,1.1414
20260803_034538-g1_29dof_wbt_fall_and_getup_iql_manager-locomotion,iql,43000,5,43000,617185d064e5c098,-2253.264648438,29649,5332,29.1514,10.6434,18.508,34.7001,0.53337,1.0604,1.179,1.1118
20260803_034538-g1_29dof_wbt_fall_and_getup_iql_manager-locomotion,iql,43000,8,43000,617185d064e5c098,-2253.264648438,74157,3344,33.5784,12.4377,21.1407,34.7001,0.60924,0.8367,1.0175,1.216
20260803_034538-g1_29dof_wbt_fall_and_getup_iql_manager-locomotion,iql,43000,12,43000,617185d064e5c098,-2253.264648438,134624,2881,30.6137,10.0208,20.5929,34.7001,0.59345,0.8248,1.0383,1.2588
20260803_034538-g1_29dof_wbt_fall_and_getup_iql_manager-locomotion,iql,43000,16,43000,617185d064e5c098,-2253.264648438,198771,3756,20.3521,9.8228,10.5293,34.7001,0.30344,0.8021,1.0401,1.2968
20260803_034538-g1_29dof_wbt_fall_and_getup_iql_manager-locomotion,iql,44000,0,44000,12863451aae680d7,-2250.23046875,192109,6729,21.6184,2.1702,19.4482,36.1309,0.53827,0.953,1.4757,1.5484
20260803_034538-g1_29dof_wbt_fall_and_getup_iql_manager-locomotion,iql,44000,1,44000,12863451aae680d7,-2250.23046875,94738,12464,14.239,6.4376,7.8014,36.1309,0.21592,0.9652,1.1932,1.2363
20260803_034538-g1_29dof_wbt_fall_and_getup_iql_manager-locomotion,iql,44000,2,44000,12863451aae680d7,-2250.23046875,16213,105373,16.5097,2.7745,13.7352,36.1309,0.38015,0.995,1.049,1.0542
20260803_034538-g1_29dof_wbt_fall_and_getup_iql_manager-locomotion,iql,44000,3,44000,12863451aae680d7,-2250.23046875,18957,19294,21.3388,0.6455,20.6932,36.1309,0.57273,1.1223,1.2761,1.137
20260803_034538-g1_29dof_wbt_fall_and_getup_iql_manager-locomotion,iql,44000,4,44000,12863451aae680d7,-2250.23046875,21006,10750,23.491,6.7806,16.7104,36.1309,0.4625,1.1373,1.3055,1.1479
20260803_034538-g1_29dof_wbt_fall_and_getup_iql_manager-locomotion,iql,44000,5,44000,12863451aae680d7,-2250.23046875,29649,5332,29.9656,10.7099,19.2557,36.1309,0.53294,1.0556,1.1821,1.1199
20260803_034538-g1_29dof_wbt_fall_and_getup_iql_manager-locomotion,iql,44000,8,44000,12863451aae680d7,-2250.23046875,74157,3344,34.0409,11.8848,22.1562,36.1309,0.61322,0.8383,1.0235,1.2209
20260803_034538-g1_29dof_wbt_fall_and_getup_iql_manager-locomotion,iql,44000,12,44000,12863451aae680d7,-2250.23046875,134624,2881,30.5304,8.1905,22.3399,36.1309,0.6183,0.8239,1.0382,1.2601
20260803_034538-g1_29dof_wbt_fall_and_getup_iql_manager-locomotion,iql,44000,16,44000,12863451aae680d7,-2250.23046875,198771,3756,18.4704,7.6295,10.8409,36.1309,0.30004,0.8027,1.041,1.2968
20260803_034538-g1_29dof_wbt_fall_and_getup_iql_manager-locomotion,iql,45000,0,45000,4e616dd86b83f740,-2266.838867188,192109,6729,20.117,2.0002,18.1169,35.2913,0.51335,0.948,1.4597,1.5398
20260803_034538-g1_29dof_wbt_fall_and_getup_iql_manager-locomotion,iql,45000,1,45000,4e616dd86b83f740,-2266.838867188,94738,12464,13.5456,6.2493,7.2963,35.2913,0.20675,0.9572,1.1896,1.2428
20260803_034538-g1_29dof_wbt_fall_and_getup_iql_manager-locomotion,iql,45000,2,45000,4e616dd86b83f740,-2266.838867188,16213,105373,17.8226,3.8107,14.0119,35.2913,0.39704,0.9921,1.0427,1.0509
20260803_034538-g1_29dof_wbt_fall_and_getup_iql_manager-locomotion,iql,45000,3,45000,4e616dd86b83f740,-2266.838867188,18957,19294,21.4841,1.0064,20.4777,35.2913,0.58025,1.1146,1.2612,1.1315
20260803_034538-g1_29dof_wbt_fall_and_getup_iql_manager-locomotion,iql,45000,4,45000,4e616dd86b83f740,-2266.838867188,21006,10750,24.1828,6.8898,17.2929,35.2913,0.49,1.1476,1.2971,1.1303
20260803_034538-g1_29dof_wbt_fall_and_getup_iql_manager-locomotion,iql,45000,5,45000,4e616dd86b83f740,-2266.838867188,29649,5332,29.1533,11.0698,18.0835,35.2913,0.51241,1.0608,1.1765,1.1091
20260803_034538-g1_29dof_wbt_fall_and_getup_iql_manager-locomotion,iql,45000,8,45000,4e616dd86b83f740,-2266.838867188,74157,3344,33.5734,11.9301,21.6433,35.2913,0.61327,0.8351,1.0177,1.2186
20260803_034538-g1_29dof_wbt_fall_and_getup_iql_manager-locomotion,iql,45000,12,45000,4e616dd86b83f740,-2266.838867188,134624,2881,30.4693,9.287,21.1823,35.2913,0.60021,0.8225,1.0327,1.2556
20260803_034538-g1_29dof_wbt_fall_and_getup_iql_manager-locomotion,iql,45000,16,45000,4e616dd86b83f740,-2266.838867188,198771,3756,18.7434,7.9095,10.8339,35.2913,0.30698,0.802,1.0379,1.2942
20260803_034538-g1_29dof_wbt_fall_and_getup_iql_manager-locomotion,iql,46000,0,46000,75c87696f5056ab6,-2264.917480469,192109,6729,18.8985,2.451,16.4475,34.8214,0.47234,0.9516,1.4737,1.5487
20260803_034538-g1_29dof_wbt_fall_and_getup_iql_manager-locomotion,iql,46000,1,46000,75c87696f5056ab6,-2264.917480469,94738,12464,13.6262,6.8629,6.7633,34.8214,0.19423,0.9556,1.1859,1.241
20260803_034538-g1_29dof_wbt_fall_and_getup_iql_manager-locomotion,iql,46000,2,46000,75c87696f5056ab6,-2264.917480469,16213,105373,17.9493,5.0298,12.9195,34.8214,0.37102,0.9916,1.041,1.0498
20260803_034538-g1_29dof_wbt_fall_and_getup_iql_manager-locomotion,iql,46000,3,46000,75c87696f5056ab6,-2264.917480469,18957,19294,20.3651,1.5069,18.8582,34.8214,0.54157,1.1099,1.2696,1.1438
20260803_034538-g1_29dof_wbt_fall_and_getup_iql_manager-locomotion,iql,46000,4,46000,75c87696f5056ab6,-2264.917480469,21006,10750,23.231,6.8976,16.3333,34.8214,0.46906,1.1398,1.3184,1.1567
20260803_034538-g1_29dof_wbt_fall_and_getup_iql_manager-locomotion,iql,46000,5,46000,75c87696f5056ab6,-2264.917480469,29649,5332,28.2576,9.7913,18.4663,34.8214,0.53032,1.0515,1.1707,1.1134
20260803_034538-g1_29dof_wbt_fall_and_getup_iql_manager-locomotion,iql,46000,8,46000,75c87696f5056ab6,-2264.917480469,74157,3344,33.6564,12.0125,21.6439,34.8214,0.62157,0.838,1.0225,1.2201
20260803_034538-g1_29dof_wbt_fall_and_getup_iql_manager-locomotion,iql,46000,12,46000,75c87696f5056ab6,-2264.917480469,134624,2881,30.1595,9.8046,20.3549,34.8214,0.58455,0.8237,1.034,1.2554
20260803_034538-g1_29dof_wbt_fall_and_getup_iql_manager-locomotion,iql,46000,16,46000,75c87696f5056ab6,-2264.917480469,198771,3756,19.1388,9.0761,10.0626,34.8214,0.28898,0.8027,1.0389,1.2942
20260803_034538-g1_29dof_wbt_fall_and_getup_iql_manager-locomotion,iql,47000,0,47000,f0c6012c42f167c0,-2238.678466797,192109,6729,21.197,2.2098,18.9873,35.6465,0.53265,0.9512,1.4644,1.5396
20260803_034538-g1_29dof_wbt_fall_and_getup_iql_manager-locomotion,iql,47000,1,47000,f0c6012c42f167c0,-2238.678466797,94738,12464,13.3032,6.1521,7.151,35.6465,0.20061,0.9579,1.1884,1.2405
20260803_034538-g1_29dof_wbt_fall_and_getup_iql_manager-locomotion,iql,47000,2,47000,f0c6012c42f167c0,-2238.678466797,16213,105373,16.742,3.0538,13.6882,35.6465,0.384,0.9885,1.0398,1.0519
20260803_034538-g1_29dof_wbt_fall_and_getup_iql_manager-locomotion,iql,47000,3,47000,f0c6012c42f167c0,-2238.678466797,18957,19294,21.398,0.765,20.633,35.6465,0.57882,1.1185,1.2694,1.135
20260803_034538-g1_29dof_wbt_fall_and_getup_iql_manager-locomotion,iql,47000,4,47000,f0c6012c42f167c0,-2238.678466797,21006,10750,23.8115,7.0564,16.755,35.6465,0.47003,1.139,1.303,1.144
20260803_034538-g1_29dof_wbt_fall_and_getup_iql_manager-locomotion,iql,47000,5,47000,f0c6012c42f167c0,-2238.678466797,29649,5332,29.3474,10.8456,18.5018,35.6465,0.51903,1.066,1.1946,1.1206
20260803_034538-g1_29dof_wbt_fall_and_getup_iql_manager-locomotion,iql,47000,8,47000,f0c6012c42f167c0,-2238.678466797,74157,3344,33.795,11.3439,22.4511,35.6465,0.62983,0.8368,1.0206,1.2197
20260803_034538-g1_29dof_wbt_fall_and_getup_iql_manager-locomotion,iql,47000,12,47000,f0c6012c42f167c0,-2238.678466797,134624,2881,30.1908,8.2825,21.9084,35.6465,0.6146,0.8247,1.0359,1.2561
20260803_034538-g1_29dof_wbt_fall_and_getup_iql_manager-locomotion,iql,47000,16,47000,f0c6012c42f167c0,-2238.678466797,198771,3756,18.1545,7.6644,10.4901,35.6465,0.29428,0.8023,1.0404,1.2967
20260803_034538-g1_29dof_wbt_fall_and_getup_iql_manager-locomotion,iql,48000,0,48000,ccbb79d78af9d607,-2248.982666016,192109,6729,20.6542,2.162,18.4922,34.8536,0.53057,0.9492,1.485,1.5645
20260803_034538-g1_29dof_wbt_fall_and_getup_iql_manager-locomotion,iql,48000,1,48000,ccbb79d78af9d607,-2248.982666016,94738,12464,15.6764,7.8163,7.8601,34.8536,0.22552,0.9529,1.1817,1.2401
20260803_034538-g1_29dof_wbt_fall_and_getup_iql_manager-locomotion,iql,48000,2,48000,ccbb79d78af9d607,-2248.982666016,16213,105373,18.3508,4.2708,14.08,34.8536,0.40398,0.9914,1.0434,1.0524
20260803_034538-g1_29dof_wbt_fall_and_getup_iql_manager-locomotion,iql,48000,3,48000,ccbb79d78af9d607,-2248.982666016,18957,19294,21.0948,1.4592,19.6356,34.8536,0.56337,1.1282,1.2653,1.1215
20260803_034538-g1_29dof_wbt_fall_and_getup_iql_manager-locomotion,iql,48000,4,48000,ccbb79d78af9d607,-2248.982666016,21006,10750,23.6075,7.1738,16.4337,34.8536,0.47151,1.1407,1.3107,1.149
20260803_034538-g1_29dof_wbt_fall_and_getup_iql_manager-locomotion,iql,48000,5,48000,ccbb79d78af9d607,-2248.982666016,29649,5332,29.6082,12.2317,17.3764,34.8536,0.49855,1.0567,1.1827,1.1192
20260803_034538-g1_29dof_wbt_fall_and_getup_iql_manager-locomotion,iql,48000,8,48000,ccbb79d78af9d607,-2248.982666016,74157,3344,33.7025,12.589,21.1136,34.8536,0.60578,0.8375,1.0218,1.2201
20260803_034538-g1_29dof_wbt_fall_and_getup_iql_manager-locomotion,iql,48000,12,48000,ccbb79d78af9d607,-2248.982666016,134624,2881,30.1589,9.037,21.1219,34.8536,0.60602,0.8225,1.0349,1.2582
20260803_034538-g1_29dof_wbt_fall_and_getup_iql_manager-locomotion,iql,48000,16,48000,ccbb79d78af9d607,-2248.982666016,198771,3756,18.6614,8.67,9.9914,34.8536,0.28667,0.8017,1.0377,1.2944
20260803_034538-g1_29dof_wbt_fall_and_getup_iql_manager-locomotion,iql,49000,0,49000,9edb902e01b99e00,-2259.456542969,192109,6729,18.4793,2.1279,16.3513,34.9964,0.46723,0.9537,1.4632,1.5342
20260803_034538-g1_29dof_wbt_fall_and_getup_iql_manager-locomotion,iql,49000,1,49000,9edb902e01b99e00,-2259.456542969,94738,12464,14.5095,7.1883,7.3211,34.9964,0.2092,0.9568,1.1849,1.2384
20260803_034538-g1_29dof_wbt_fall_and_getup_iql_manager-locomotion,iql,49000,2,49000,9edb902e01b99e00,-2259.456542969,16213,105373,18.2788,4.3368,13.942,34.9964,0.39838,0.9877,1.0408,1.0537
20260803_034538-g1_29dof_wbt_fall_and_getup_iql_manager-locomotion,iql,49000,3,49000,9edb902e01b99e00,-2259.456542969,18957,19294,20.9279,1.0796,19.8483,34.9964,0.56715,1.1111,1.2728,1.1455
20260803_034538-g1_29dof_wbt_fall_and_getup_iql_manager-locomotion,iql,49000,4,49000,9edb902e01b99e00,-2259.456542969,21006,10750,23.1025,7.1083,15.9942,34.9964,0.45702,1.1378,1.3051,1.147
20260803_034538-g1_29dof_wbt_fall_and_getup_iql_manager-locomotion,iql,49000,5,49000,9edb902e01b99e00,-2259.456542969,29649,5332,28.771,10.0185,18.7525,34.9964,0.53584,1.056,1.1804,1.1177
20260803_034538-g1_29dof_wbt_fall_and_getup_iql_manager-locomotion,iql,49000,8,49000,9edb902e01b99e00,-2259.456542969,74157,3344,33.3838,11.8747,21.509,34.9964,0.61461,0.8373,1.0225,1.2213
20260803_034538-g1_29dof_wbt_fall_and_getup_iql_manager-locomotion,iql,49000,12,49000,9edb902e01b99e00,-2259.456542969,134624,2881,29.5606,8.6101,20.9506,34.9964,0.59865,0.8241,1.034,1.2547
20260803_034538-g1_29dof_wbt_fall_and_getup_iql_manager-locomotion,iql,49000,16,49000,9edb902e01b99e00,-2259.456542969,198771,3756,17.8736,7.5586,10.315,34.9964,0.29474,0.8022,1.038,1.294
20260803_034538-g1_29dof_wbt_fall_and_getup_iql_manager-locomotion,iql,50000,0,50000,40b104b493155112,-2268.956298828,192109,6729,18.9726,0.7978,18.1748,35.0264,0.51889,0.9544,1.4625,1.5324
20260803_034538-g1_29dof_wbt_fall_and_getup_iql_manager-locomotion,iql,50000,1,50000,40b104b493155112,-2268.956298828,94738,12464,10.7787,4.4246,6.3541,35.0264,0.18141,0.9631,1.1923,1.238
20260803_034538-g1_29dof_wbt_fall_and_getup_iql_manager-locomotion,iql,50000,2,50000,40b104b493155112,-2268.956298828,16213,105373,16.0173,2.1664,13.851,35.0264,0.39544,0.9887,1.0405,1.0524
20260803_034538-g1_29dof_wbt_fall_and_getup_iql_manager-locomotion,iql,50000,3,50000,40b104b493155112,-2268.956298828,18957,19294,20.6199,0.6404,19.9795,35.0264,0.57041,1.121,1.2641,1.1276
20260803_034538-g1_29dof_wbt_fall_and_getup_iql_manager-locomotion,iql,50000,4,50000,40b104b493155112,-2268.956298828,21006,10750,22.8315,6.5699,16.2615,35.0264,0.46427,1.1425,1.2962,1.1345
20260803_034538-g1_29dof_wbt_fall_and_getup_iql_manager-locomotion,iql,50000,5,50000,40b104b493155112,-2268.956298828,29649,5332,29.2174,10.1632,19.0542,35.0264,0.544,1.053,1.1651,1.1065
20260803_034538-g1_29dof_wbt_fall_and_getup_iql_manager-locomotion,iql,50000,8,50000,40b104b493155112,-2268.956298828,74157,3344,32.9735,10.7891,22.1844,35.0264,0.63336,0.8363,1.0177,1.2169
20260803_034538-g1_29dof_wbt_fall_and_getup_iql_manager-locomotion,iql,50000,12,50000,40b104b493155112,-2268.956298828,134624,2881,29.2465,6.705,22.5414,35.0264,0.64356,0.8231,1.0325,1.2545
20260803_034538-g1_29dof_wbt_fall_and_getup_iql_manager-locomotion,iql,50000,16,50000,40b104b493155112,-2268.956298828,198771,3756,17.026,6.6017,10.4244,35.0264,0.29761,0.8024,1.0385,1.2942
20260803_034538-g1_29dof_wbt_fall_and_getup_iql_manager-locomotion,iql,51000,0,51000,0665bedb3ef8a5b1,-2265.509765625,192109,6729,19.6968,1.6628,18.034,35.0097,0.51511,0.9475,1.4625,1.5435
20260803_034538-g1_29dof_wbt_fall_and_getup_iql_manager-locomotion,iql,51000,1,51000,0665bedb3ef8a5b1,-2265.509765625,94738,12464,11.4543,4.6314,6.8229,35.0097,0.19488,0.9544,1.1801,1.2365
20260803_034538-g1_29dof_wbt_fall_and_getup_iql_manager-locomotion,iql,51000,2,51000,0665bedb3ef8a5b1,-2265.509765625,16213,105373,15.8206,2.5409,13.2796,35.0097,0.37931,0.994,1.0456,1.0519
20260803_034538-g1_29dof_wbt_fall_and_getup_iql_manager-locomotion,iql,51000,3,51000,0665bedb3ef8a5b1,-2265.509765625,18957,19294,20.636,0.6306,20.0054,35.0097,0.57142,1.1182,1.2671,1.1331
20260803_034538-g1_29dof_wbt_fall_and_getup_iql_manager-locomotion,iql,51000,4,51000,0665bedb3ef8a5b1,-2265.509765625,21006,10750,23.1426,6.5284,16.6141,35.0097,0.47456,1.1334,1.297,1.1443
20260803_034538-g1_29dof_wbt_fall_and_getup_iql_manager-locomotion,iql,51000,5,51000,0665bedb3ef8a5b1,-2265.509765625,29649,5332,29.1129,10.8759,18.237,35.0097,0.52091,1.0462,1.1656,1.1141
20260803_034538-g1_29dof_wbt_fall_and_getup_iql_manager-locomotion,iql,51000,8,51000,0665bedb3ef8a5b1,-2265.509765625,74157,3344,33.0128,10.62,22.3928,35.0097,0.63962,0.8354,1.0154,1.2154
20260803_034538-g1_29dof_wbt_fall_and_getup_iql_manager-locomotion,iql,51000,12,51000,0665bedb3ef8a5b1,-2265.509765625,134624,2881,30.0683,8.3939,21.6744,35.0097,0.6191,0.8234,1.0333,1.2549
20260803_034538-g1_29dof_wbt_fall_and_getup_iql_manager-locomotion,iql,51000,16,51000,0665bedb3ef8a5b1,-2265.509765625,198771,3756,18.795,7.5538,11.2412,35.0097,0.32109,0.8027,1.0384,1.2936
20260803_034538-g1_29dof_wbt_fall_and_getup_iql_manager-locomotion,iql,52000,0,52000,a668372ebea0065b,-2266.329589844,192109,6729,21.5349,2.7271,18.8078,35.2676,0.53329,0.9482,1.4741,1.5547
20260803_034538-g1_29dof_wbt_fall_and_getup_iql_manager-locomotion,iql,52000,1,52000,a668372ebea0065b,-2266.329589844,94738,12464,14.7255,7.0948,7.6307,35.2676,0.21637,0.9524,1.176,1.2348
20260803_034538-g1_29dof_wbt_fall_and_getup_iql_manager-locomotion,iql,52000,2,52000,a668372ebea0065b,-2266.329589844,16213,105373,18.1047,3.567,14.5378,35.2676,0.41221,0.9888,1.0373,1.049
20260803_034538-g1_29dof_wbt_fall_and_getup_iql_manager-locomotion,iql,52000,3,52000,a668372ebea0065b,-2266.329589844,18957,19294,21.4522,0.9655,20.4867,35.2676,0.58089,1.1197,1.2645,1.1292
20260803_034538-g1_29dof_wbt_fall_and_getup_iql_manager-locomotion,iql,52000,4,52000,a668372ebea0065b,-2266.329589844,21006,10750,23.4047,7.0234,16.3813,35.2676,0.46449,1.1385,1.2895,1.1326
20260803_034538-g1_29dof_wbt_fall_and_getup_iql_manager-locomotion,iql,52000,5,52000,a668372ebea0065b,-2266.329589844,29649,5332,28.9184,10.1669,18.7515,35.2676,0.53169,1.0555,1.1722,1.1106
20260803_034538-g1_29dof_wbt_fall_and_getup_iql_manager-locomotion,iql,52000,8,52000,a668372ebea0065b,-2266.329589844,74157,3344,33.2164,9.8743,23.3421,35.2676,0.66186,0.8375,1.0187,1.2163
20260803_034538-g1_29dof_wbt_fall_and_getup_iql_manager-locomotion,iql,52000,12,52000,a668372ebea0065b,-2266.329589844,134624,2881,30.3155,7.8201,22.4954,35.2676,0.63785,0.8232,1.0331,1.255
20260803_034538-g1_29dof_wbt_fall_and_getup_iql_manager-locomotion,iql,52000,16,52000,a668372ebea0065b,-2266.329589844,198771,3756,18.0105,7.1244,10.886,35.2676,0.30867,0.8018,1.0361,1.2922
20260803_034538-g1_29dof_wbt_fall_and_getup_iql_manager-locomotion,iql,53000,0,53000,fd27c3b256fb9724,-2250.704589844,192109,6729,18.8828,1.1486,17.7342,35.3617,0.50151,0.9499,1.4543,1.531
20260803_034538-g1_29dof_wbt_fall_and_getup_iql_manager-locomotion,iql,53000,1,53000,fd27c3b256fb9724,-2250.704589844,94738,12464,12.6227,5.9458,6.6769,35.3617,0.18882,0.9602,1.1822,1.2312
20260803_034538-g1_29dof_wbt_fall_and_getup_iql_manager-locomotion,iql,53000,2,53000,fd27c3b256fb9724,-2250.704589844,16213,105373,16.4261,2.9121,13.5141,35.3617,0.38217,0.9951,1.0432,1.0483
20260803_034538-g1_29dof_wbt_fall_and_getup_iql_manager-locomotion,iql,53000,3,53000,fd27c3b256fb9724,-2250.704589844,18957,19294,20.3863,0.6482,19.7381,35.3617,0.55818,1.1241,1.2674,1.1275
20260803_034538-g1_29dof_wbt_fall_and_getup_iql_manager-locomotion,iql,53000,4,53000,fd27c3b256fb9724,-2250.704589844,21006,10750,22.588,5.682,16.9061,35.3617,0.47809,1.1337,1.3047,1.1509
20260803_034538-g1_29dof_wbt_fall_and_getup_iql_manager-locomotion,iql,53000,5,53000,fd27c3b256fb9724,-2250.704589844,29649,5332,28.4171,8.467,19.9501,35.3617,0.56417,1.0541,1.1744,1.1142
20260803_034538-g1_29dof_wbt_fall_and_getup_iql_manager-locomotion,iql,53000,8,53000,fd27c3b256fb9724,-2250.704589844,74157,3344,33.2948,9.9849,23.31,35.3617,0.65919,0.8351,1.0177,1.2187
20260803_034538-g1_29dof_wbt_fall_and_getup_iql_manager-locomotion,iql,53000,12,53000,fd27c3b256fb9724,-2250.704589844,134624,2881,29.9431,7.0468,22.8962,35.3617,0.64749,0.823,1.031,1.2528
20260803_034538-g1_29dof_wbt_fall_and_getup_iql_manager-locomotion,iql,53000,16,53000,fd27c3b256fb9724,-2250.704589844,198771,3756,17.3186,6.5384,10.7802,35.3617,0.30485,0.8016,1.0355,1.2918
20260803_034538-g1_29dof_wbt_fall_and_getup_iql_manager-locomotion,iql,54000,0,54000,2a1134e77241316c,-2245.699951172,192109,6729,19.2001,1.301,17.8991,34.4884,0.51899,0.9483,1.4704,1.5505
20260803_034538-g1_29dof_wbt_fall_and_getup_iql_manager-locomotion,iql,54000,1,54000,2a1134e77241316c,-2245.699951172,94738,12464,10.8879,4.9295,5.9584,34.4884,0.17277,0.9564,1.1749,1.2285
20260803_034538-g1_29dof_wbt_fall_and_getup_iql_manager-locomotion,iql,54000,2,54000,2a1134e77241316c,-2245.699951172,16213,105373,14.0013,2.061,11.9403,34.4884,0.34621,0.9865,1.0381,1.0523
20260803_034538-g1_29dof_wbt_fall_and_getup_iql_manager-locomotion,iql,54000,3,54000,2a1134e77241316c,-2245.699951172,18957,19294,20.0613,0.5843,19.477,34.4884,0.56474,1.1221,1.2727,1.1342
20260803_034538-g1_29dof_wbt_fall_and_getup_iql_manager-locomotion,iql,54000,4,54000,2a1134e77241316c,-2245.699951172,21006,10750,22.3503,5.7154,16.635,34.4884,0.48233,1.1398,1.322,1.1598
20260803_034538-g1_29dof_wbt_fall_and_getup_iql_manager-locomotion,iql,54000,5,54000,2a1134e77241316c,-2245.699951172,29649,5332,27.8238,8.7926,19.0312,34.4884,0.55181,1.0579,1.1793,1.1147
20260803_034538-g1_29dof_wbt_fall_and_getup_iql_manager-locomotion,iql,54000,8,54000,2a1134e77241316c,-2245.699951172,74157,3344,32.1156,8.8779,23.2377,34.4884,0.67378,0.8375,1.0188,1.2164
20260803_034538-g1_29dof_wbt_fall_and_getup_iql_manager-locomotion,iql,54000,12,54000,2a1134e77241316c,-2245.699951172,134624,2881,28.5799,5.9812,22.5987,34.4884,0.65526,0.8239,1.0328,1.2535
20260803_034538-g1_29dof_wbt_fall_and_getup_iql_manager-locomotion,iql,54000,16,54000,2a1134e77241316c,-2245.699951172,198771,3756,16.6301,6.1653,10.4648,34.4884,0.30343,0.8025,1.0371,1.2924
20260803_034538-g1_29dof_wbt_fall_and_getup_iql_manager-locomotion,iql,55000,0,55000,0ad1d206841cc349,-2226.076904297,192109,6729,19.797,1.917,17.8799,35.471,0.50407,0.9494,1.4525,1.53
20260803_034538-g1_29dof_wbt_fall_and_getup_iql_manager-locomotion,iql,55000,1,55000,0ad1d206841cc349,-2226.076904297,94738,12464,13.8988,7.028,6.8708,35.471,0.1937,0.9568,1.1734,1.2265
20260803_034538-g1_29dof_wbt_fall_and_getup_iql_manager-locomotion,iql,55000,2,55000,0ad1d206841cc349,-2226.076904297,16213,105373,17.4768,3.6915,13.7853,35.471,0.38863,0.9928,1.0432,1.0507
20260803_034538-g1_29dof_wbt_fall_and_getup_iql_manager-locomotion,iql,55000,3,55000,0ad1d206841cc349,-2226.076904297,18957,19294,21.0659,1.0883,19.9776,35.471,0.56321,1.1315,1.2729,1.1249
20260803_034538-g1_29dof_wbt_fall_and_getup_iql_manager-locomotion,iql,55000,4,55000,0ad1d206841cc349,-2226.076904297,21006,10750,22.8377,6.3939,16.4438,35.471,0.46358,1.1507,1.3182,1.1455
20260803_034538-g1_29dof_wbt_fall_and_getup_iql_manager-locomotion,iql,55000,5,55000,0ad1d206841cc349,-2226.076904297,29649,5332,29.9198,10.9935,18.9263,35.471,0.53357,1.0617,1.1825,1.1138
20260803_034538-g1_29dof_wbt_fall_and_getup_iql_manager-locomotion,iql,55000,8,55000,0ad1d206841cc349,-2226.076904297,74157,3344,34.103,12.1476,21.9555,35.471,0.61897,0.8338,1.0144,1.2166
20260803_034538-g1_29dof_wbt_fall_and_getup_iql_manager-locomotion,iql,55000,12,55000,0ad1d206841cc349,-2226.076904297,134624,2881,30.8996,8.6451,22.2545,35.471,0.6274,0.8225,1.0297,1.2519
20260803_034538-g1_29dof_wbt_fall_and_getup_iql_manager-locomotion,iql,55000,16,55000,0ad1d206841cc349,-2226.076904297,198771,3756,19.3328,8.0547,11.2781,35.471,0.31795,0.8017,1.0347,1.2908
20260803_034538-g1_29dof_wbt_fall_and_getup_iql_manager-locomotion,iql,56000,0,56000,6f343a340bfbf18c,-2232.441650391,192109,6729,20.6735,1.5964,19.0771,35.5297,0.53693,0.9526,1.4722,1.5454
20260803_034538-g1_29dof_wbt_fall_and_getup_iql_manager-locomotion,iql,56000,1,56000,6f343a340bfbf18c,-2232.441650391,94738,12464,13.1393,5.9871,7.1522,35.5297,0.2013,0.963,1.1805,1.2258
20260803_034538-g1_29dof_wbt_fall_and_getup_iql_manager-locomotion,iql,56000,2,56000,6f343a340bfbf18c,-2232.441650391,16213,105373,15.6147,2.3894,13.2253,35.5297,0.37223,0.9968,1.0464,1.0498
20260803_034538-g1_29dof_wbt_fall_and_getup_iql_manager-locomotion,iql,56000,3,56000,6f343a340bfbf18c,-2232.441650391,18957,19294,19.9487,0.6201,19.3286,35.5297,0.54401,1.114,1.2673,1.1377
20260803_034538-g1_29dof_wbt_fall_and_getup_iql_manager-locomotion,iql,56000,4,56000,6f343a340bfbf18c,-2232.441650391,21006,10750,22.2424,6.0771,16.1653,35.5297,0.45498,1.1311,1.2873,1.1381
20260803_034538-g1_29dof_wbt_fall_and_getup_iql_manager-locomotion,iql,56000,5,56000,6f343a340bfbf18c,-2232.441650391,29649,5332,29.3312,10.0149,19.3163,35.5297,0.54367,1.0593,1.1755,1.1097
20260803_034538-g1_29dof_wbt_fall_and_getup_iql_manager-locomotion,iql,56000,8,56000,6f343a340bfbf18c,-2232.441650391,74157,3344,33.3376,9.3504,23.9871,35.5297,0.67513,0.8341,1.0147,1.2165
20260803_034538-g1_29dof_wbt_fall_and_getup_iql_manager-locomotion,iql,56000,12,56000,6f343a340bfbf18c,-2232.441650391,134624,2881,30.0089,6.8522,23.1567,35.5297,0.65176,0.8221,1.0306,1.2535
20260803_034538-g1_29dof_wbt_fall_and_getup_iql_manager-locomotion,iql,56000,16,56000,6f343a340bfbf18c,-2232.441650391,198771,3756,18.6504,7.1739,11.4765,35.5297,0.32301,0.8014,1.0355,1.2922
20260803_034538-g1_29dof_wbt_fall_and_getup_iql_manager-locomotion,iql,57000,0,57000,4a502bef74c63d4e,-2212.386230469,192109,6729,20.3845,2.2341,18.1504,35.1345,0.5166,0.9491,1.4657,1.5443
20260803_034538-g1_29dof_wbt_fall_and_getup_iql_manager-locomotion,iql,57000,1,57000,4a502bef74c63d4e,-2212.386230469,94738,12464,12.2639,5.7087,6.5552,35.1345,0.18657,0.9581,1.1814,1.2331
20260803_034538-g1_29dof_wbt_fall_and_getup_iql_manager-locomotion,iql,57000,2,57000,4a502bef74c63d4e,-2212.386230469,16213,105373,16.637,3.1085,13.5285,35.1345,0.38505,0.9944,1.041,1.0469
20260803_034538-g1_29dof_wbt_fall_and_getup_iql_manager-locomotion,iql,57000,3,57000,4a502bef74c63d4e,-2212.386230469,18957,19294,21.3897,1.5471,19.8426,35.1345,0.56476,1.1195,1.2683,1.1329
20260803_034538-g1_29dof_wbt_fall_and_getup_iql_manager-locomotion,iql,57000,4,57000,4a502bef74c63d4e,-2212.386230469,21006,10750,23.3511,7.4431,15.908,35.1345,0.45277,1.1396,1.3054,1.1455
20260803_034538-g1_29dof_wbt_fall_and_getup_iql_manager-locomotion,iql,57000,5,57000,4a502bef74c63d4e,-2212.386230469,29649,5332,29.6131,10.2866,19.3265,35.1345,0.55007,1.0483,1.1655,1.1118
20260803_034538-g1_29dof_wbt_fall_and_getup_iql_manager-locomotion,iql,57000,8,57000,4a502bef74c63d4e,-2212.386230469,74157,3344,33.6437,10.6503,22.9934,35.1345,0.65444,0.8336,1.017,1.2201
20260803_034538-g1_29dof_wbt_fall_and_getup_iql_manager-locomotion,iql,57000,12,57000,4a502bef74c63d4e,-2212.386230469,134624,2881,30.5403,8.9495,21.5908,35.1345,0.61452,0.8231,1.0316,1.2533
20260803_034538-g1_29dof_wbt_fall_and_getup_iql_manager-locomotion,iql,57000,16,57000,4a502bef74c63d4e,-2212.386230469,198771,3756,19.2351,8.5894,10.6457,35.1345,0.303,0.8017,1.0372,1.2937
20260803_034538-g1_29dof_wbt_fall_and_getup_iql_manager-locomotion,iql,58000,0,58000,bc39ddc7adf70d87,-2202.015380859,192109,6729,21.3527,2.0452,19.3075,35.8356,0.53878,0.9473,1.4749,1.5569
20260803_034538-g1_29dof_wbt_fall_and_getup_iql_manager-locomotion,iql,58000,1,58000,bc39ddc7adf70d87,-2202.015380859,94738,12464,15.0031,6.8351,8.1679,35.8356,0.22793,0.9549,1.1778,1.2335
20260803_034538-g1_29dof_wbt_fall_and_getup_iql_manager-locomotion,iql,58000,2,58000,bc39ddc7adf70d87,-2202.015380859,16213,105373,18.587,3.5055,15.0815,35.8356,0.42085,0.9865,1.0398,1.054
20260803_034538-g1_29dof_wbt_fall_and_getup_iql_manager-locomotion,iql,58000,3,58000,bc39ddc7adf70d87,-2202.015380859,18957,19294,21.4854,0.747,20.7383,35.8356,0.57871,1.1265,1.2592,1.1178
20260803_034538-g1_29dof_wbt_fall_and_getup_iql_manager-locomotion,iql,58000,4,58000,bc39ddc7adf70d87,-2202.015380859,21006,10750,23.6371,6.7904,16.8468,35.8356,0.47011,1.1356,1.297,1.1422
20260803_034538-g1_29dof_wbt_fall_and_getup_iql_manager-locomotion,iql,58000,5,58000,bc39ddc7adf70d87,-2202.015380859,29649,5332,28.6428,8.6618,19.981,35.8356,0.55757,1.0523,1.1815,1.1228
20260803_034538-g1_29dof_wbt_fall_and_getup_iql_manager-locomotion,iql,58000,8,58000,bc39ddc7adf70d87,-2202.015380859,74157,3344,33.7891,10.1541,23.635,35.8356,0.65954,0.8354,1.0177,1.2181
20260803_034538-g1_29dof_wbt_fall_and_getup_iql_manager-locomotion,iql,58000,12,58000,bc39ddc7adf70d87,-2202.015380859,134624,2881,30.2399,6.8684,23.3714,35.8356,0.65218,0.8242,1.0349,1.2555
20260803_034538-g1_29dof_wbt_fall_and_getup_iql_manager-locomotion,iql,58000,16,58000,bc39ddc7adf70d87,-2202.015380859,198771,3756,18.2213,6.7223,11.499,35.8356,0.32088,0.8026,1.0366,1.2916
20260803_034538-g1_29dof_wbt_fall_and_getup_iql_manager-locomotion,iql,59000,0,59000,1edec007230d2dc6,-2206.173828125,192109,6729,18.5118,1.4549,17.0569,34.5534,0.49364,0.9489,1.47,1.5492
20260803_034538-g1_29dof_wbt_fall_and_getup_iql_manager-locomotion,iql,59000,1,59000,1edec007230d2dc6,-2206.173828125,94738,12464,14.0912,7.1302,6.961,34.5534,0.20146,0.9547,1.1773,1.2331
20260803_034538-g1_29dof_wbt_fall_and_getup_iql_manager-locomotion,iql,59000,2,59000,1edec007230d2dc6,-2206.173828125,16213,105373,18.4185,5.2007,13.2178,34.5534,0.38253,0.9922,1.0463,1.0545
20260803_034538-g1_29dof_wbt_fall_and_getup_iql_manager-locomotion,iql,59000,3,59000,1edec007230d2dc6,-2206.173828125,18957,19294,20.141,1.1535,18.9875,34.5534,0.54951,1.1205,1.2754,1.1383
20260803_034538-g1_29dof_wbt_fall_and_getup_iql_manager-locomotion,iql,59000,4,59000,1edec007230d2dc6,-2206.173828125,21006,10750,22.5302,6.5383,15.992,34.5534,0.46282,1.1319,1.3028,1.1509
20260803_034538-g1_29dof_wbt_fall_and_getup_iql_manager-locomotion,iql,59000,5,59000,1edec007230d2dc6,-2206.173828125,29649,5332,28.0317,8.8353,19.1963,34.5534,0.55556,1.0499,1.1712,1.1156
20260803_034538-g1_29dof_wbt_fall_and_getup_iql_manager-locomotion,iql,59000,8,59000,1edec007230d2dc6,-2206.173828125,74157,3344,32.7948,9.3013,23.4935,34.5534,0.67992,0.8353,1.0212,1.2227
20260803_034538-g1_29dof_wbt_fall_and_getup_iql_manager-locomotion,iql,59000,12,59000,1edec007230d2dc6,-2206.173828125,134624,2881,29.0496,6.8389,22.2108,34.5534,0.6428,0.8237,1.0319,1.2528
20260803_034538-g1_29dof_wbt_fall_and_getup_iql_manager-locomotion,iql,59000,16,59000,1edec007230d2dc6,-2206.173828125,198771,3756,17.0151,6.8587,10.1564,34.5534,0.29393,0.8024,1.036,1.2911
20260803_034538-g1_29dof_wbt_fall_and_getup_iql_manager-locomotion,iql,60000,0,60000,f0c47fbc4c210174,-2200.018798828,192109,6729,18.8853,1.2874,17.5979,35.0799,0.50165,0.9479,1.4849,1.5664
20260803_034538-g1_29dof_wbt_fall_and_getup_iql_manager-locomotion,iql,60000,1,60000,f0c47fbc4c210174,-2200.018798828,94738,12464,12.7786,5.992,6.7866,35.0799,0.19346,0.958,1.1816,1.2335
20260803_034538-g1_29dof_wbt_fall_and_getup_iql_manager-locomotion,iql,60000,2,60000,f0c47fbc4c210174,-2200.018798828,16213,105373,16.0345,2.5579,13.4766,35.0799,0.38417,0.9931,1.0428,1.05
20260803_034538-g1_29dof_wbt_fall_and_getup_iql_manager-locomotion,iql,60000,3,60000,f0c47fbc4c210174,-2200.018798828,18957,19294,20.4111,0.6245,19.7866,35.0799,0.56404,1.118,1.2654,1.1318
20260803_034538-g1_29dof_wbt_fall_and_getup_iql_manager-locomotion,iql,60000,4,60000,f0c47fbc4c210174,-2200.018798828,21006,10750,22.0604,6.0241,16.0362,35.0799,0.45713,1.139,1.2836,1.127
20260803_034538-g1_29dof_wbt_fall_and_getup_iql_manager-locomotion,iql,60000,5,60000,f0c47fbc4c210174,-2200.018798828,29649,5332,28.424,8.1444,20.2796,35.0799,0.5781,1.0581,1.1781,1.1135
20260803_034538-g1_29dof_wbt_fall_and_getup_iql_manager-locomotion,iql,60000,8,60000,f0c47fbc4c210174,-2200.018798828,74157,3344,33.1723,9.5965,23.5758,35.0799,0.67206,0.8356,1.0157,1.2155
20260803_034538-g1_29dof_wbt_fall_and_getup_iql_manager-locomotion,iql,60000,12,60000,f0c47fbc4c210174,-2200.018798828,134624,2881,29.4423,6.3939,23.0484,35.0799,0.65703,0.8238,1.0299,1.2501
20260803_034538-g1_29dof_wbt_fall_and_getup_iql_manager-locomotion,iql,60000,16,60000,f0c47fbc4c210174,-2200.018798828,198771,3756,16.623,5.8895,10.7336,35.0799,0.30598,0.8026,1.035,1.2895
20260803_034538-g1_29dof_wbt_fall_and_getup_iql_manager-locomotion,iql,61000,0,61000,b5ef1fe7a3f0f1f9,-2183.838623047,192109,6729,18.5435,1.0265,17.5169,35.3456,0.49559,0.9477,1.4488,1.5287
20260803_034538-g1_29dof_wbt_fall_and_getup_iql_manager-locomotion,iql,61000,1,61000,b5ef1fe7a3f0f1f9,-2183.838623047,94738,12464,13.9112,6.0453,7.866,35.3456,0.22254,0.9526,1.175,1.2335
20260803_034538-g1_29dof_wbt_fall_and_getup_iql_manager-locomotion,iql,61000,2,61000,b5ef1fe7a3f0f1f9,-2183.838623047,16213,105373,17.2502,3.7082,13.5419,35.3456,0.38313,0.986,1.0363,1.0511
20260803_034538-g1_29dof_wbt_fall_and_getup_iql_manager-locomotion,iql,61000,3,61000,b5ef1fe7a3f0f1f9,-2183.838623047,18957,19294,19.878,0.5984,19.2796,35.3456,0.54546,1.1243,1.2627,1.1231
20260803_034538-g1_29dof_wbt_fall_and_getup_iql_manager-locomotion,iql,61000,4,61000,b5ef1fe7a3f0f1f9,-2183.838623047,21006,10750,22.0203,5.8233,16.1969,35.3456,0.45824,1.1344,1.2931,1.1399
20260803_034538-g1_29dof_wbt_fall_and_getup_iql_manager-locomotion,iql,61000,5,61000,b5ef1fe7a3f0f1f9,-2183.838623047,29649,5332,28.4322,8.0342,20.3979,35.3456,0.5771,1.0526,1.1763,1.1176
20260803_034538-g1_29dof_wbt_fall_and_getup_iql_manager-locomotion,iql,61000,8,61000,b5ef1fe7a3f0f1f9,-2183.838623047,74157,3344,33.1899,9.6507,23.5391,35.3456,0.66597,0.8344,1.0122,1.2131
20260803_034538-g1_29dof_wbt_fall_and_getup_iql_manager-locomotion,iql,61000,12,61000,b5ef1fe7a3f0f1f9,-2183.838623047,134624,2881,30.0007,6.9904,23.0103,35.3456,0.65101,0.8234,1.0319,1.2532
20260803_034538-g1_29dof_wbt_fall_and_getup_iql_manager-locomotion,iql,61000,16,61000,b5ef1fe7a3f0f1f9,-2183.838623047,198771,3756,17.756,6.6575,11.0985,35.3456,0.314,0.8019,1.0366,1.2927
20260803_034538-g1_29dof_wbt_fall_and_getup_iql_manager-locomotion,iql,62000,0,62000,66d55e3ae630d24f,-2156.892333984,192109,6729,19.3628,2.1574,17.2054,34.8785,0.49329,0.9492,1.463,1.5413
20260803_034538-g1_29dof_wbt_fall_and_getup_iql_manager-locomotion,iql,62000,1,62000,66d55e3ae630d24f,-2156.892333984,94738,12464,13.0412,6.3379,6.7033,34.8785,0.19219,0.9538,1.1823,1.2395
20260803_034538-g1_29dof_wbt_fall_and_getup_iql_manager-locomotion,iql,62000,2,62000,66d55e3ae630d24f,-2156.892333984,16213,105373,16.9144,3.3331,13.5813,34.8785,0.38939,0.9848,1.0364,1.0524
20260803_034538-g1_29dof_wbt_fall_and_getup_iql_manager-locomotion,iql,62000,3,62000,66d55e3ae630d24f,-2156.892333984,18957,19294,20.5641,0.9434,19.6207,34.8785,0.56254,1.1085,1.26,1.1366
20260803_034538-g1_29dof_wbt_fall_and_getup_iql_manager-locomotion,iql,62000,4,62000,66d55e3ae630d24f,-2156.892333984,21006,10750,22.8926,6.3121,16.5805,34.8785,0.47538,1.1362,1.3029,1.1468
20260803_034538-g1_29dof_wbt_fall_and_getup_iql_manager-locomotion,iql,62000,5,62000,66d55e3ae630d24f,-2156.892333984,29649,5332,29.3887,9.6542,19.7345,34.8785,0.56581,1.0646,1.1813,1.1096
20260803_034538-g1_29dof_wbt_fall_and_getup_iql_manager-locomotion,iql,62000,8,62000,66d55e3ae630d24f,-2156.892333984,74157,3344,33.3884,10.2731,23.1153,34.8785,0.66274,0.8344,1.0149,1.2163
20260803_034538-g1_29dof_wbt_fall_and_getup_iql_manager-locomotion,iql,62000,12,62000,66d55e3ae630d24f,-2156.892333984,134624,2881,30.4432,8.4885,21.9546,34.8785,0.62946,0.8227,1.0317,1.2541
20260803_034538-g1_29dof_wbt_fall_and_getup_iql_manager-locomotion,iql,62000,16,62000,66d55e3ae630d24f,-2156.892333984,198771,3756,19.0957,8.396,10.6997,34.8785,0.30677,0.8015,1.0371,1.2939
20260803_034538-g1_29dof_wbt_fall_and_getup_iql_manager-locomotion,iql,63000,0,63000,306ebfff47af7300,-2133.040771484,192109,6729,20.1543,2.1239,18.0304,34.6473,0.5204,0.9501,1.4599,1.5366
20260803_034538-g1_29dof_wbt_fall_and_getup_iql_manager-locomotion,iql,63000,1,63000,306ebfff47af7300,-2133.040771484,94738,12464,13.3043,6.2632,7.0411,34.6473,0.20322,0.954,1.1743,1.231
20260803_034538-g1_29dof_wbt_fall_and_getup_iql_manager-locomotion,iql,63000,2,63000,306ebfff47af7300,-2133.040771484,16213,105373,17.0488,3.1262,13.9226,34.6473,0.40184,0.9921,1.0405,1.0488
20260803_034538-g1_29dof_wbt_fall_and_getup_iql_manager-locomotion,iql,63000,3,63000,306ebfff47af7300,-2133.040771484,18957,19294,20.8148,1.3159,19.4989,34.6473,0.56278,1.1205,1.2633,1.1275
20260803_034538-g1_29dof_wbt_fall_and_getup_iql_manager-locomotion,iql,63000,4,63000,306ebfff47af7300,-2133.040771484,21006,10750,22.7714,6.4727,16.2987,34.6473,0.47042,1.1288,1.289,1.1419
20260803_034538-g1_29dof_wbt_fall_and_getup_iql_manager-locomotion,iql,63000,5,63000,306ebfff47af7300,-2133.040771484,29649,5332,28.5035,8.4912,20.0122,34.6473,0.5776,1.0478,1.1738,1.1202
20260803_034538-g1_29dof_wbt_fall_and_getup_iql_manager-locomotion,iql,63000,8,63000,306ebfff47af7300,-2133.040771484,74157,3344,33.078,9.4112,23.6668,34.6473,0.68308,0.8353,1.0134,1.2131
20260803_034538-g1_29dof_wbt_fall_and_getup_iql_manager-locomotion,iql,63000,12,63000,306ebfff47af7300,-2133.040771484,134624,2881,30.1708,7.1323,23.0385,34.6473,0.66494,0.8229,1.029,1.2504
20260803_034538-g1_29dof_wbt_fall_and_getup_iql_manager-locomotion,iql,63000,16,63000,306ebfff47af7300,-2133.040771484,198771,3756,18.4729,7.4803,10.9927,34.6473,0.31727,0.8015,1.0347,1.291
20260803_034538-g1_29dof_wbt_fall_and_getup_iql_manager-locomotion,iql,64000,0,64000,52c8cf52ae6d4e06,-2134.646240234,192109,6729,19.4448,2.0176,17.4272,33.9693,0.51303,0.9492,1.4546,1.5324
20260803_034538-g1_29dof_wbt_fall_and_getup_iql_manager-locomotion,iql,64000,1,64000,52c8cf52ae6d4e06,-2134.646240234,94738,12464,13.0665,6.5589,6.5075,33.9693,0.19157,0.9628,1.179,1.2245
20260803_034538-g1_29dof_wbt_fall_and_getup_iql_manager-locomotion,iql,64000,2,64000,52c8cf52ae6d4e06,-2134.646240234,16213,105373,16.3594,3.4709,12.8885,33.9693,0.37942,0.9938,1.0472,1.0537
20260803_034538-g1_29dof_wbt_fall_and_getup_iql_manager-locomotion,iql,64000,3,64000,52c8cf52ae6d4e06,-2134.646240234,18957,19294,19.2553,1.1628,18.0925,33.9693,0.53261,1.1345,1.2671,1.1168
20260803_034538-g1_29dof_wbt_fall_and_getup_iql_manager-locomotion,iql,64000,4,64000,52c8cf52ae6d4e06,-2134.646240234,21006,10750,20.7496,5.5354,15.2142,33.9693,0.44788,1.1318,1.2941,1.1434
20260803_034538-g1_29dof_wbt_fall_and_getup_iql_manager-locomotion,iql,64000,5,64000,52c8cf52ae6d4e06,-2134.646240234,29649,5332,28.3239,9.2929,19.0309,33.9693,0.56024,1.0519,1.1716,1.1138
20260803_034538-g1_29dof_wbt_fall_and_getup_iql_manager-locomotion,iql,64000,8,64000,52c8cf52ae6d4e06,-2134.646240234,74157,3344,32.3816,9.4345,22.9471,33.9693,0.67552,0.8345,1.0167,1.2183
20260803_034538-g1_29dof_wbt_fall_and_getup_iql_manager-locomotion,iql,64000,12,64000,52c8cf52ae6d4e06,-2134.646240234,134624,2881,28.3389,6.4902,21.8487,33.9693,0.64319,0.8232,1.0328,1.2547
20260803_034538-g1_29dof_wbt_fall_and_getup_iql_manager-locomotion,iql,64000,16,64000,52c8cf52ae6d4e06,-2134.646240234,198771,3756,17.1479,6.701,10.4469,33.9693,0.30754,0.8027,1.035,1.2894
20260803_034538-g1_29dof_wbt_fall_and_getup_iql_manager-locomotion,iql,65000,0,65000,ac54b2d87dd3e9cd,-2111.596923828,192109,6729,20.8505,2.5418,18.3087,34.7829,0.52637,0.9511,1.4708,1.5463
20260803_034538-g1_29dof_wbt_fall_and_getup_iql_manager-locomotion,iql,65000,1,65000,ac54b2d87dd3e9cd,-2111.596923828,94738,12464,16.6581,8.9675,7.6906,34.7829,0.2211,0.9627,1.192,1.2382
20260803_034538-g1_29dof_wbt_fall_and_getup_iql_manager-locomotion,iql,65000,2,65000,ac54b2d87dd3e9cd,-2111.596923828,16213,105373,18.9615,4.9435,14.018,34.7829,0.40301,1.0016,1.0476,1.046
20260803_034538-g1_29dof_wbt_fall_and_getup_iql_manager-locomotion,iql,65000,3,65000,ac54b2d87dd3e9cd,-2111.596923828,18957,19294,20.5829,1.3592,19.2237,34.7829,0.55268,1.1382,1.271,1.1167
20260803_034538-g1_29dof_wbt_fall_and_getup_iql_manager-locomotion,iql,65000,4,65000,ac54b2d87dd3e9cd,-2111.596923828,21006,10750,22.1406,6.3897,15.7509,34.7829,0.45284,1.1364,1.2887,1.134
20260803_034538-g1_29dof_wbt_fall_and_getup_iql_manager-locomotion,iql,65000,5,65000,ac54b2d87dd3e9cd,-2111.596923828,29649,5332,29.7179,10.1626,19.5553,34.7829,0.56221,1.0487,1.1647,1.1107
20260803_034538-g1_29dof_wbt_fall_and_getup_iql_manager-locomotion,iql,65000,8,65000,ac54b2d87dd3e9cd,-2111.596923828,74157,3344,33.7445,11.3876,22.3569,34.7829,0.64276,0.8363,1.0202,1.2199
20260803_034538-g1_29dof_wbt_fall_and_getup_iql_manager-locomotion,iql,65000,12,65000,ac54b2d87dd3e9cd,-2111.596923828,134624,2881,30.6383,9.1198,21.5185,34.7829,0.61865,0.823,1.0298,1.2513
20260803_034538-g1_29dof_wbt_fall_and_getup_iql_manager-locomotion,iql,65000,16,65000,ac54b2d87dd3e9cd,-2111.596923828,198771,3756,19.492,9.0645,10.4275,34.7829,0.29979,0.8022,1.034,1.2889
20260803_034538-g1_29dof_wbt_fall_and_getup_iql_manager-locomotion,iql,66000,0,66000,a3c2a4650d9d63ca,-2092.915771484,192109,6729,20.7144,1.7695,18.9449,34.86,0.54346,0.9491,1.4516,1.5295
20260803_034538-g1_29dof_wbt_fall_and_getup_iql_manager-locomotion,iql,66000,1,66000,a3c2a4650d9d63ca,-2092.915771484,94738,12464,13.4311,5.9856,7.4455,34.86,0.21358,0.9609,1.1861,1.2344
20260803_034538-g1_29dof_wbt_fall_and_getup_iql_manager-locomotion,iql,66000,2,66000,a3c2a4650d9d63ca,-2092.915771484,16213,105373,16.559,2.9877,13.5713,34.86,0.38931,0.9884,1.0439,1.0562
20260803_034538-g1_29dof_wbt_fall_and_getup_iql_manager-locomotion,iql,66000,3,66000,a3c2a4650d9d63ca,-2092.915771484,18957,19294,20.2336,0.968,19.2655,34.86,0.55265,1.1115,1.2662,1.1391
20260803_034538-g1_29dof_wbt_fall_and_getup_iql_manager-locomotion,iql,66000,4,66000,a3c2a4650d9d63ca,-2092.915771484,21006,10750,22.8167,6.4076,16.4091,34.86,0.47072,1.1252,1.2928,1.149
20260803_034538-g1_29dof_wbt_fall_and_getup_iql_manager-locomotion,iql,66000,5,66000,a3c2a4650d9d63ca,-2092.915771484,29649,5332,29.2774,9.7752,19.5022,34.86,0.55944,1.0411,1.1615,1.1156
20260803_034538-g1_29dof_wbt_fall_and_getup_iql_manager-locomotion,iql,66000,8,66000,a3c2a4650d9d63ca,-2092.915771484,74157,3344,33.2723,9.5686,23.7036,34.86,0.67997,0.8328,1.013,1.2164
20260803_034538-g1_29dof_wbt_fall_and_getup_iql_manager-locomotion,iql,66000,12,66000,a3c2a4650d9d63ca,-2092.915771484,134624,2881,30.1223,7.4841,22.6381,34.86,0.6494,0.822,1.0283,1.251
20260803_034538-g1_29dof_wbt_fall_and_getup_iql_manager-locomotion,iql,66000,16,66000,a3c2a4650d9d63ca,-2092.915771484,198771,3756,18.632,7.751,10.8809,34.86,0.31213,0.8008,1.0343,1.2915
20260803_034538-g1_29dof_wbt_fall_and_getup_iql_manager-locomotion,iql,67000,0,67000,abfbc1b5fa91fa07,-2076.889160156,192109,6729,19.2031,1.6374,17.5657,35.5296,0.4944,0.9497,1.4581,1.5353
20260803_034538-g1_29dof_wbt_fall_and_getup_iql_manager-locomotion,iql,67000,1,67000,abfbc1b5fa91fa07,-2076.889160156,94738,12464,11.008,5.4626,5.5454,35.5296,0.15608,0.9623,1.183,1.2294
20260803_034538-g1_29dof_wbt_fall_and_getup_iql_manager-locomotion,iql,67000,2,67000,abfbc1b5fa91fa07,-2076.889160156,16213,105373,16.667,3.0846,13.5823,35.5296,0.38228,0.9879,1.0441,1.0569
20260803_034538-g1_29dof_wbt_fall_and_getup_iql_manager-locomotion,iql,67000,3,67000,abfbc1b5fa91fa07,-2076.889160156,18957,19294,20.5164,0.7598,19.7566,35.5296,0.55606,1.1036,1.2621,1.1437
20260803_034538-g1_29dof_wbt_fall_and_getup_iql_manager-locomotion,iql,67000,4,67000,abfbc1b5fa91fa07,-2076.889160156,21006,10750,23.1316,6.004,17.1276,35.5296,0.48206,1.1328,1.2981,1.1459
20260803_034538-g1_29dof_wbt_fall_and_getup_iql_manager-locomotion,iql,67000,5,67000,abfbc1b5fa91fa07,-2076.889160156,29649,5332,29.7917,9.6333,20.1583,35.5296,0.56737,1.0481,1.1709,1.1171
20260803_034538-g1_29dof_wbt_fall_and_getup_iql_manager-locomotion,iql,67000,8,67000,abfbc1b5fa91fa07,-2076.889160156,74157,3344,33.8098,9.4463,24.3635,35.5296,0.68572,0.8334,1.0148,1.2177
20260803_034538-g1_29dof_wbt_fall_and_getup_iql_manager-locomotion,iql,67000,12,67000,abfbc1b5fa91fa07,-2076.889160156,134624,2881,30.6888,7.7408,22.9481,35.5296,0.64589,0.8229,1.0312,1.2531
20260803_034538-g1_29dof_wbt_fall_and_getup_iql_manager-locomotion,iql,67000,16,67000,abfbc1b5fa91fa07,-2076.889160156,198771,3756,18.9587,7.5473,11.4114,35.5296,0.32118,0.8012,1.0361,1.2933
20260803_034538-g1_29dof_wbt_fall_and_getup_iql_manager-locomotion,iql,68000,0,68000,8de1da30776d043c,-2067.668457031,192109,6729,20.5221,2.6006,17.9215,34.2462,0.52331,0.9496,1.4738,1.5521
20260803_034538-g1_29dof_wbt_fall_and_getup_iql_manager-locomotion,iql,68000,1,68000,8de1da30776d043c,-2067.668457031,94738,12464,15.4324,7.7814,7.651,34.2462,0.22341,0.9596,1.1848,1.2347
20260803_034538-g1_29dof_wbt_fall_and_getup_iql_manager-locomotion,iql,68000,2,68000,8de1da30776d043c,-2067.668457031,16213,105373,17.8132,4.6098,13.2034,34.2462,0.38554,0.9951,1.0458,1.0509
20260803_034538-g1_29dof_wbt_fall_and_getup_iql_manager-locomotion,iql,68000,3,68000,8de1da30776d043c,-2067.668457031,18957,19294,20.2367,1.2023,19.0344,34.2462,0.55581,1.1202,1.2668,1.1309
20260803_034538-g1_29dof_wbt_fall_and_getup_iql_manager-locomotion,iql,68000,4,68000,8de1da30776d043c,-2067.668457031,21006,10750,21.8694,5.9587,15.9107,34.2462,0.4646,1.1329,1.2857,1.135
20260803_034538-g1_29dof_wbt_fall_and_getup_iql_manager-locomotion,iql,68000,5,68000,8de1da30776d043c,-2067.668457031,29649,5332,27.609,8.0905,19.5185,34.2462,0.56995,1.0455,1.1668,1.116
20260803_034538-g1_29dof_wbt_fall_and_getup_iql_manager-locomotion,iql,68000,8,68000,8de1da30776d043c,-2067.668457031,74157,3344,32.837,9.1236,23.7134,34.2462,0.69244,0.834,1.0123,1.2138
20260803_034538-g1_29dof_wbt_fall_and_getup_iql_manager-locomotion,iql,68000,12,68000,8de1da30776d043c,-2067.668457031,134624,2881,29.6059,7.5743,22.0315,34.2462,0.64333,0.8218,1.0265,1.2491
20260803_034538-g1_29dof_wbt_fall_and_getup_iql_manager-locomotion,iql,68000,16,68000,8de1da30776d043c,-2067.668457031,198771,3756,18.9627,8.0959,10.8669,34.2462,0.31732,0.8014,1.0326,1.2885
20260803_034538-g1_29dof_wbt_fall_and_getup_iql_manager-locomotion,iql,69000,0,69000,95f7f8f4a3ecd578,-2043.517578125,192109,6729,21.5279,1.9762,19.5517,35.3634,0.55288,0.9507,1.4476,1.5227
20260803_034538-g1_29dof_wbt_fall_and_getup_iql_manager-locomotion,iql,69000,1,69000,95f7f8f4a3ecd578,-2043.517578125,94738,12464,17.3734,8.397,8.9764,35.3634,0.25383,0.9612,1.176,1.2235
20260803_034538-g1_29dof_wbt_fall_and_getup_iql_manager-locomotion,iql,69000,2,69000,95f7f8f4a3ecd578,-2043.517578125,16213,105373,18.7152,4.8059,13.9093,35.3634,0.39332,0.9937,1.0458,1.0524
20260803_034538-g1_29dof_wbt_fall_and_getup_iql_manager-locomotion,iql,69000,3,69000,95f7f8f4a3ecd578,-2043.517578125,18957,19294,20.2604,0.7552,19.5052,35.3634,0.55156,1.1193,1.2622,1.1277
20260803_034538-g1_29dof_wbt_fall_and_getup_iql_manager-locomotion,iql,69000,4,69000,95f7f8f4a3ecd578,-2043.517578125,21006,10750,22.4853,5.62,16.8653,35.3634,0.47691,1.1274,1.2867,1.1413
20260803_034538-g1_29dof_wbt_fall_and_getup_iql_manager-locomotion,iql,69000,5,69000,95f7f8f4a3ecd578,-2043.517578125,29649,5332,29.1393,8.8254,20.3139,35.3634,0.57443,1.0473,1.1689,1.1161
20260803_034538-g1_29dof_wbt_fall_and_getup_iql_manager-locomotion,iql,69000,8,69000,95f7f8f4a3ecd578,-2043.517578125,74157,3344,33.4985,9.143,24.3555,35.3634,0.68872,0.8347,1.0119,1.2123
20260803_034538-g1_29dof_wbt_fall_and_getup_iql_manager-locomotion,iql,69000,12,69000,95f7f8f4a3ecd578,-2043.517578125,134624,2881,30.5591,7.321,23.2381,35.3634,0.65712,0.8218,1.027,1.2496
20260803_034538-g1_29dof_wbt_fall_and_getup_iql_manager-locomotion,iql,69000,16,69000,95f7f8f4a3ecd578,-2043.517578125,198771,3756,18.4116,7.1042,11.3074,35.3634,0.31975,0.8009,1.0324,1.2891
20260803_034538-g1_29dof_wbt_fall_and_getup_iql_manager-locomotion,iql,70000,0,70000,cf4ebe277730df36,-2024.895385742,192109,6729,19.5626,1.393,18.1695,34.8064,0.52202,0.9461,1.45,1.5326
20260803_034538-g1_29dof_wbt_fall_and_getup_iql_manager-locomotion,iql,70000,1,70000,cf4ebe277730df36,-2024.895385742,94738,12464,13.9973,6.3988,7.5984,34.8064,0.21831,0.9515,1.1718,1.2315
20260803_034538-g1_29dof_wbt_fall_and_getup_iql_manager-locomotion,iql,70000,2,70000,cf4ebe277730df36,-2024.895385742,16213,105373,18.5249,4.3701,14.1548,34.8064,0.40667,0.986,1.036,1.0508
20260803_034538-g1_29dof_wbt_fall_and_getup_iql_manager-locomotion,iql,70000,3,70000,cf4ebe277730df36,-2024.895385742,18957,19294,20.4756,0.8796,19.596,34.8064,0.563,1.1143,1.2563,1.1274
20260803_034538-g1_29dof_wbt_fall_and_getup_iql_manager-locomotion,iql,70000,4,70000,cf4ebe277730df36,-2024.895385742,21006,10750,22.1188,5.6691,16.4496,34.8064,0.4726,1.1267,1.2951,1.1494
20260803_034538-g1_29dof_wbt_fall_and_getup_iql_manager-locomotion,iql,70000,5,70000,cf4ebe277730df36,-2024.895385742,29649,5332,28.9629,8.4907,20.4721,34.8064,0.58817,1.0427,1.1632,1.1155
20260803_034538-g1_29dof_wbt_fall_and_getup_iql_manager-locomotion,iql,70000,8,70000,cf4ebe277730df36,-2024.895385742,74157,3344,33.1031,9.3513,23.7518,34.8064,0.6824,0.8326,1.0114,1.2148
20260803_034538-g1_29dof_wbt_fall_and_getup_iql_manager-locomotion,iql,70000,12,70000,cf4ebe277730df36,-2024.895385742,134624,2881,30.0153,7.9214,22.0939,34.8064,0.63476,0.8213,1.0261,1.2493
20260803_034538-g1_29dof_wbt_fall_and_getup_iql_manager-locomotion,iql,70000,16,70000,cf4ebe277730df36,-2024.895385742,198771,3756,19.0569,7.7201,11.3368,34.8064,0.32571,0.8008,1.0329,1.2899
20260803_034538-g1_29dof_wbt_fall_and_getup_iql_manager-locomotion,iql,71000,0,71000,1399bda689360e13,-2011.546386719,192109,6729,19.3281,2.2621,17.066,34.1359,0.49994,0.951,1.4461,1.5206
20260803_034538-g1_29dof_wbt_fall_and_getup_iql_manager-locomotion,iql,71000,1,71000,1399bda689360e13,-2011.546386719,94738,12464,13.9668,6.9579,7.0089,34.1359,0.20532,0.968,1.1808,1.2199
20260803_034538-g1_29dof_wbt_fall_and_getup_iql_manager-locomotion,iql,71000,2,71000,1399bda689360e13,-2011.546386719,16213,105373,16.3476,3.5755,12.7721,34.1359,0.37415,0.9942,1.0456,1.0517
20260803_034538-g1_29dof_wbt_fall_and_getup_iql_manager-locomotion,iql,71000,3,71000,1399bda689360e13,-2011.546386719,18957,19294,19.3134,0.9965,18.3169,34.1359,0.53659,1.1133,1.2597,1.1315
20260803_034538-g1_29dof_wbt_fall_and_getup_iql_manager-locomotion,iql,71000,4,71000,1399bda689360e13,-2011.546386719,21006,10750,20.342,4.9326,15.4093,34.1359,0.45141,1.1407,1.3102,1.1486
20260803_034538-g1_29dof_wbt_fall_and_getup_iql_manager-locomotion,iql,71000,5,71000,1399bda689360e13,-2011.546386719,29649,5332,27.6078,7.4162,20.1917,34.1359,0.59151,1.0472,1.1686,1.1159
20260803_034538-g1_29dof_wbt_fall_and_getup_iql_manager-locomotion,iql,71000,8,71000,1399bda689360e13,-2011.546386719,74157,3344,32.542,9.3246,23.2174,34.1359,0.68015,0.8322,1.0099,1.2135
20260803_034538-g1_29dof_wbt_fall_and_getup_iql_manager-locomotion,iql,71000,12,71000,1399bda689360e13,-2011.546386719,134624,2881,29.1825,6.9187,22.2638,34.1359,0.65221,0.8218,1.0297,1.253
20260803_034538-g1_29dof_wbt_fall_and_getup_iql_manager-locomotion,iql,71000,16,71000,1399bda689360e13,-2011.546386719,198771,3756,18.1157,7.3694,10.7462,34.1359,0.31481,0.8013,1.0355,1.2923
20260803_034538-g1_29dof_wbt_fall_and_getup_iql_manager-locomotion,iql,72000,0,72000,edaeeb7c42d6e235,-1998.555053711,192109,6729,20.036,2.0233,18.0127,33.7279,0.53406,0.9484,1.4481,1.5269
20260803_034538-g1_29dof_wbt_fall_and_getup_iql_manager-locomotion,iql,72000,1,72000,edaeeb7c42d6e235,-1998.555053711,94738,12464,13.0793,6.5894,6.4899,33.7279,0.19242,0.9586,1.1776,1.2285
20260803_034538-g1_29dof_wbt_fall_and_getup_iql_manager-locomotion,iql,72000,2,72000,edaeeb7c42d6e235,-1998.555053711,16213,105373,15.1447,3.1772,11.9675,33.7279,0.35482,0.9927,1.0454,1.0531
20260803_034538-g1_29dof_wbt_fall_and_getup_iql_manager-locomotion,iql,72000,3,72000,edaeeb7c42d6e235,-1998.555053711,18957,19294,19.6865,1.3099,18.3766,33.7279,0.54485,1.1124,1.256,1.1291
20260803_034538-g1_29dof_wbt_fall_and_getup_iql_manager-locomotion,iql,72000,4,72000,edaeeb7c42d6e235,-1998.555053711,21006,10750,20.865,6.0822,14.7828,33.7279,0.4383,1.1409,1.2999,1.1393
20260803_034538-g1_29dof_wbt_fall_and_getup_iql_manager-locomotion,iql,72000,5,72000,edaeeb7c42d6e235,-1998.555053711,29649,5332,27.4474,7.8859,19.5615,33.7279,0.57998,1.0447,1.1647,1.1149
20260803_034538-g1_29dof_wbt_fall_and_getup_iql_manager-locomotion,iql,72000,8,72000,edaeeb7c42d6e235,-1998.555053711,74157,3344,32.417,9.0494,23.3677,33.7279,0.69283,0.8342,1.0128,1.2142
20260803_034538-g1_29dof_wbt_fall_and_getup_iql_manager-locomotion,iql,72000,12,72000,edaeeb7c42d6e235,-1998.555053711,134624,2881,28.7227,6.9043,21.8184,33.7279,0.64689,0.8221,1.0271,1.2494
20260803_034538-g1_29dof_wbt_fall_and_getup_iql_manager-locomotion,iql,72000,16,72000,edaeeb7c42d6e235,-1998.555053711,198771,3756,18.3988,8.0324,10.3664,33.7279,0.30735,0.8015,1.0334,1.2893
20260803_034538-g1_29dof_wbt_fall_and_getup_iql_manager-locomotion,iql,73000,0,73000,54616b3bd83fe7d9,-1972.178222656,192109,6729,20.4258,2.2215,18.2043,33.3909,0.54519,0.9465,1.4559,1.5381
20260803_034538-g1_29dof_wbt_fall_and_getup_iql_manager-locomotion,iql,73000,1,73000,54616b3bd83fe7d9,-1972.178222656,94738,12464,16.2977,8.123,8.1748,33.3909,0.24482,0.9581,1.1797,1.2312
20260803_034538-g1_29dof_wbt_fall_and_getup_iql_manager-locomotion,iql,73000,2,73000,54616b3bd83fe7d9,-1972.178222656,16213,105373,18.7764,4.8419,13.9345,33.3909,0.41731,0.9917,1.0436,1.0523
20260803_034538-g1_29dof_wbt_fall_and_getup_iql_manager-locomotion,iql,73000,3,73000,54616b3bd83fe7d9,-1972.178222656,18957,19294,19.9597,1.1706,18.7891,33.3909,0.5627,1.1288,1.2636,1.1194
20260803_034538-g1_29dof_wbt_fall_and_getup_iql_manager-locomotion,iql,73000,4,73000,54616b3bd83fe7d9,-1972.178222656,21006,10750,21.9724,6.1631,15.8094,33.3909,0.47346,1.141,1.3008,1.1401
20260803_034538-g1_29dof_wbt_fall_and_getup_iql_manager-locomotion,iql,73000,5,73000,54616b3bd83fe7d9,-1972.178222656,29649,5332,28.1284,8.1913,19.937,33.3909,0.59708,1.0425,1.1644,1.1169
20260803_034538-g1_29dof_wbt_fall_and_getup_iql_manager-locomotion,iql,73000,8,73000,54616b3bd83fe7d9,-1972.178222656,74157,3344,32.0509,9.1853,22.8656,33.3909,0.68479,0.8339,1.0099,1.2111
20260803_034538-g1_29dof_wbt_fall_and_getup_iql_manager-locomotion,iql,73000,12,73000,54616b3bd83fe7d9,-1972.178222656,134624,2881,28.5033,7.4229,21.0804,33.3909,0.63132,0.8225,1.0231,1.2439
20260803_034538-g1_29dof_wbt_fall_and_getup_iql_manager-locomotion,iql,73000,16,73000,54616b3bd83fe7d9,-1972.178222656,198771,3756,18.2274,8.4314,9.796,33.3909,0.29337,0.8013,1.0305,1.286
20260803_034538-g1_29dof_wbt_fall_and_getup_iql_manager-locomotion,iql,74000,0,74000,a99658f07b411b17,-1958.92956543,192109,6729,19.4866,1.8264,17.6601,33.5623,0.52619,0.9507,1.4551,1.5305
20260803_034538-g1_29dof_wbt_fall_and_getup_iql_manager-locomotion,iql,74000,1,74000,a99658f07b411b17,-1958.92956543,94738,12464,14.1867,7.0441,7.1426,33.5623,0.21282,0.966,1.1837,1.2254
20260803_034538-g1_29dof_wbt_fall_and_getup_iql_manager-locomotion,iql,74000,2,74000,a99658f07b411b17,-1958.92956543,16213,105373,18.2388,5.0765,13.1623,33.5623,0.39218,0.9869,1.0396,1.0534
20260803_034538-g1_29dof_wbt_fall_and_getup_iql_manager-locomotion,iql,74000,3,74000,a99658f07b411b17,-1958.92956543,18957,19294,20.3572,1.4961,18.861,33.5623,0.56197,1.1111,1.2594,1.1335
20260803_034538-g1_29dof_wbt_fall_and_getup_iql_manager-locomotion,iql,74000,4,74000,a99658f07b411b17,-1958.92956543,21006,10750,21.8788,6.2181,15.6607,33.5623,0.46662,1.1329,1.2921,1.1405
20260803_034538-g1_29dof_wbt_fall_and_getup_iql_manager-locomotion,iql,74000,5,74000,a99658f07b411b17,-1958.92956543,29649,5332,27.8274,7.8368,19.9906,33.5623,0.59563,1.0469,1.1671,1.1148
20260803_034538-g1_29dof_wbt_fall_and_getup_iql_manager-locomotion,iql,74000,8,74000,a99658f07b411b17,-1958.92956543,74157,3344,32.3181,8.6752,23.6429,33.5623,0.70445,0.8324,1.0166,1.2213
20260803_034538-g1_29dof_wbt_fall_and_getup_iql_manager-locomotion,iql,74000,12,74000,a99658f07b411b17,-1958.92956543,134624,2881,28.8115,7.129,21.6825,33.5623,0.64604,0.822,1.0301,1.2531
20260803_034538-g1_29dof_wbt_fall_and_getup_iql_manager-locomotion,iql,74000,16,74000,a99658f07b411b17,-1958.92956543,198771,3756,18.0212,7.6671,10.3541,33.5623,0.3085,0.8015,1.0352,1.2917
20260803_034538-g1_29dof_wbt_fall_and_getup_iql_manager-locomotion,iql,75000,0,75000,6ff6b8255ed8f9e3,-1932.784790039,192109,6729,19.328,1.4557,17.8723,33.9125,0.52701,0.9511,1.4571,1.532
20260803_034538-g1_29dof_wbt_fall_and_getup_iql_manager-locomotion,iql,75000,1,75000,6ff6b8255ed8f9e3,-1932.784790039,94738,12464,12.2067,5.3305,6.8762,33.9125,0.20276,0.962,1.1799,1.2265
20260803_034538-g1_29dof_wbt_fall_and_getup_iql_manager-locomotion,iql,75000,2,75000,6ff6b8255ed8f9e3,-1932.784790039,16213,105373,16.3377,2.8938,13.4439,33.9125,0.39643,0.9949,1.0445,1.0498
20260803_034538-g1_29dof_wbt_fall_and_getup_iql_manager-locomotion,iql,75000,3,75000,6ff6b8255ed8f9e3,-1932.784790039,18957,19294,20.3556,0.6971,19.6584,33.9125,0.57968,1.116,1.2707,1.1387
20260803_034538-g1_29dof_wbt_fall_and_getup_iql_manager-locomotion,iql,75000,4,75000,6ff6b8255ed8f9e3,-1932.784790039,21006,10750,22.6999,6.0559,16.6439,33.9125,0.49079,1.1321,1.2989,1.1474
20260803_034538-g1_29dof_wbt_fall_and_getup_iql_manager-locomotion,iql,75000,5,75000,6ff6b8255ed8f9e3,-1932.784790039,29649,5332,28.1959,7.6128,20.5831,33.9125,0.60695,1.0482,1.1636,1.1101
20260803_034538-g1_29dof_wbt_fall_and_getup_iql_manager-locomotion,iql,75000,8,75000,6ff6b8255ed8f9e3,-1932.784790039,74157,3344,31.8788,8.3708,23.508,33.9125,0.6932,0.8339,1.0142,1.2162
20260803_034538-g1_29dof_wbt_fall_and_getup_iql_manager-locomotion,iql,75000,12,75000,6ff6b8255ed8f9e3,-1932.784790039,134624,2881,28.2148,5.9754,22.2395,33.9125,0.65579,0.8229,1.0273,1.2484
20260803_034538-g1_29dof_wbt_fall_and_getup_iql_manager-locomotion,iql,75000,16,75000,6ff6b8255ed8f9e3,-1932.784790039,198771,3756,17.1831,6.4754,10.7077,33.9125,0.31575,0.8014,1.033,1.289
20260803_034538-g1_29dof_wbt_fall_and_getup_iql_manager-locomotion,iql,76000,0,76000,968152effa9ec4f3,-1905.258300781,192109,6729,18.5723,1.0389,17.5334,35.1005,0.49952,0.9508,1.4638,1.5396
20260803_034538-g1_29dof_wbt_fall_and_getup_iql_manager-locomotion,iql,76000,1,76000,968152effa9ec4f3,-1905.258300781,94738,12464,12.1294,5.4539,6.6755,35.1005,0.19018,0.9642,1.1907,1.2349
20260803_034538-g1_29dof_wbt_fall_and_getup_iql_manager-locomotion,iql,76000,2,76000,968152effa9ec4f3,-1905.258300781,16213,105373,16.1402,2.5459,13.5944,35.1005,0.3873,0.9903,1.0435,1.0538
20260803_034538-g1_29dof_wbt_fall_and_getup_iql_manager-locomotion,iql,76000,3,76000,968152effa9ec4f3,-1905.258300781,18957,19294,20.3765,0.732,19.6445,35.1005,0.55966,1.1197,1.2631,1.1281
20260803_034538-g1_29dof_wbt_fall_and_getup_iql_manager-locomotion,iql,76000,4,76000,968152effa9ec4f3,-1905.258300781,21006,10750,23.2701,6.2484,17.0217,35.1005,0.48494,1.1502,1.3139,1.1424
20260803_034538-g1_29dof_wbt_fall_and_getup_iql_manager-locomotion,iql,76000,5,76000,968152effa9ec4f3,-1905.258300781,29649,5332,29.3512,9.2848,20.0663,35.1005,0.57168,1.0507,1.1791,1.1222
20260803_034538-g1_29dof_wbt_fall_and_getup_iql_manager-locomotion,iql,76000,8,76000,968152effa9ec4f3,-1905.258300781,74157,3344,33.2413,8.6968,24.5445,35.1005,0.69926,0.8324,1.0106,1.2141
20260803_034538-g1_29dof_wbt_fall_and_getup_iql_manager-locomotion,iql,76000,12,76000,968152effa9ec4f3,-1905.258300781,134624,2881,30.2151,7.1382,23.0769,35.1005,0.65745,0.8216,1.0275,1.2507
20260803_034538-g1_29dof_wbt_fall_and_getup_iql_manager-locomotion,iql,76000,16,76000,968152effa9ec4f3,-1905.258300781,198771,3756,19.1343,7.5399,11.5944,35.1005,0.33032,0.8005,1.032,1.2891
20260803_034538-g1_29dof_wbt_fall_and_getup_iql_manager-locomotion,iql,77000,0,77000,a48c7a6522153282,-1886.394775391,192109,6729,18.9174,0.8123,18.1051,35.0769,0.51615,0.9508,1.4744,1.5506
20260803_034538-g1_29dof_wbt_fall_and_getup_iql_manager-locomotion,iql,77000,1,77000,a48c7a6522153282,-1886.394775391,94738,12464,12.3023,5.6232,6.6791,35.0769,0.19041,0.9612,1.1873,1.2353
20260803_034538-g1_29dof_wbt_fall_and_getup_iql_manager-locomotion,iql,77000,2,77000,a48c7a6522153282,-1886.394775391,16213,105373,16.7183,3.0218,13.6965,35.0769,0.39047,0.9915,1.0477,1.0568
20260803_034538-g1_29dof_wbt_fall_and_getup_iql_manager-locomotion,iql,77000,3,77000,a48c7a6522153282,-1886.394775391,18957,19294,20.0014,0.578,19.4233,35.0769,0.55374,1.1314,1.2699,1.1224
20260803_034538-g1_29dof_wbt_fall_and_getup_iql_manager-locomotion,iql,77000,4,77000,a48c7a6522153282,-1886.394775391,21006,10750,21.4844,4.9783,16.5062,35.0769,0.47057,1.1293,1.2898,1.1421
20260803_034538-g1_29dof_wbt_fall_and_getup_iql_manager-locomotion,iql,77000,5,77000,a48c7a6522153282,-1886.394775391,29649,5332,28.2628,6.7574,21.5053,35.0769,0.61309,1.0467,1.1649,1.1129
20260803_034538-g1_29dof_wbt_fall_and_getup_iql_manager-locomotion,iql,77000,8,77000,a48c7a6522153282,-1886.394775391,74157,3344,32.8234,8.0213,24.8021,35.0769,0.70708,0.8342,1.0142,1.2157
20260803_034538-g1_29dof_wbt_fall_and_getup_iql_manager-locomotion,iql,77000,12,77000,a48c7a6522153282,-1886.394775391,134624,2881,29.6722,6.1179,23.5543,35.0769,0.67151,0.823,1.0316,1.2535
20260803_034538-g1_29dof_wbt_fall_and_getup_iql_manager-locomotion,iql,77000,16,77000,a48c7a6522153282,-1886.394775391,198771,3756,17.7146,6.3778,11.3367,35.0769,0.3232,0.8019,1.0346,1.2902
20260803_034538-g1_29dof_wbt_fall_and_getup_iql_manager-locomotion,iql,78000,0,78000,688ca6f3b18d1239,-1860.100341797,192109,6729,19.7236,1.9798,17.7438,34.7314,0.51089,0.9514,1.4668,1.5417
20260803_034538-g1_29dof_wbt_fall_and_getup_iql_manager-locomotion,iql,78000,1,78000,688ca6f3b18d1239,-1860.100341797,94738,12464,13.3061,6.2705,7.0356,34.7314,0.20257,0.9578,1.1758,1.2276
20260803_034538-g1_29dof_wbt_fall_and_getup_iql_manager-locomotion,iql,78000,2,78000,688ca6f3b18d1239,-1860.100341797,16213,105373,17.5487,3.5583,13.9904,34.7314,0.40282,0.9901,1.0419,1.0523
20260803_034538-g1_29dof_wbt_fall_and_getup_iql_manager-locomotion,iql,78000,3,78000,688ca6f3b18d1239,-1860.100341797,18957,19294,20.2938,1.1799,19.114,34.7314,0.55034,1.1218,1.264,1.1268
20260803_034538-g1_29dof_wbt_fall_and_getup_iql_manager-locomotion,iql,78000,4,78000,688ca6f3b18d1239,-1860.100341797,21006,10750,22.7454,6.0136,16.7319,34.7314,0.48175,1.1234,1.2903,1.1486
20260803_034538-g1_29dof_wbt_fall_and_getup_iql_manager-locomotion,iql,78000,5,78000,688ca6f3b18d1239,-1860.100341797,29649,5332,29.6394,8.9472,20.6922,34.7314,0.59578,1.0444,1.1641,1.1146
20260803_034538-g1_29dof_wbt_fall_and_getup_iql_manager-locomotion,iql,78000,8,78000,688ca6f3b18d1239,-1860.100341797,74157,3344,33.4219,8.6213,24.8006,34.7314,0.71407,0.8326,1.0151,1.2193
20260803_034538-g1_29dof_wbt_fall_and_getup_iql_manager-locomotion,iql,78000,12,78000,688ca6f3b18d1239,-1860.100341797,134624,2881,30.0808,7.3526,22.7282,34.7314,0.6544,0.8219,1.0277,1.2504
20260803_034538-g1_29dof_wbt_fall_and_getup_iql_manager-locomotion,iql,78000,16,78000,688ca6f3b18d1239,-1860.100341797,198771,3756,18.8879,7.7299,11.158,34.7314,0.32127,0.8004,1.0323,1.2898
20260803_034538-g1_29dof_wbt_fall_and_getup_iql_manager-locomotion,iql,79000,0,79000,bd677cd61287ab70,-1845.188842773,192109,6729,20.575,2.6858,17.8892,33.8324,0.52876,0.9485,1.4543,1.5333
20260803_034538-g1_29dof_wbt_fall_and_getup_iql_manager-locomotion,iql,79000,1,79000,bd677cd61287ab70,-1845.188842773,94738,12464,15.1626,7.5712,7.5914,33.8324,0.22438,0.9566,1.1752,1.2285
20260803_034538-g1_29dof_wbt_fall_and_getup_iql_manager-locomotion,iql,79000,2,79000,bd677cd61287ab70,-1845.188842773,16213,105373,18.8045,4.5819,14.2225,33.8324,0.42038,0.9959,1.0418,1.0461
20260803_034538-g1_29dof_wbt_fall_and_getup_iql_manager-locomotion,iql,79000,3,79000,bd677cd61287ab70,-1845.188842773,18957,19294,20.3197,1.4522,18.8675,33.8324,0.55767,1.1181,1.2689,1.1349
20260803_034538-g1_29dof_wbt_fall_and_getup_iql_manager-locomotion,iql,79000,4,79000,bd677cd61287ab70,-1845.188842773,21006,10750,23.111,6.5949,16.5161,33.8324,0.48817,1.1246,1.2933,1.15
20260803_034538-g1_29dof_wbt_fall_and_getup_iql_manager-locomotion,iql,79000,5,79000,bd677cd61287ab70,-1845.188842773,29649,5332,29.296,9.6579,19.6382,33.8324,0.58045,1.0395,1.1577,1.1137
20260803_034538-g1_29dof_wbt_fall_and_getup_iql_manager-locomotion,iql,79000,8,79000,bd677cd61287ab70,-1845.188842773,74157,3344,32.7745,9.3189,23.4556,33.8324,0.69329,0.8354,1.0138,1.2135
20260803_034538-g1_29dof_wbt_fall_and_getup_iql_manager-locomotion,iql,79000,12,79000,bd677cd61287ab70,-1845.188842773,134624,2881,29.1971,7.6198,21.5773,33.8324,0.63777,0.822,1.0263,1.2485
20260803_034538-g1_29dof_wbt_fall_and_getup_iql_manager-locomotion,iql,79000,16,79000,bd677cd61287ab70,-1845.188842773,198771,3756,19.173,8.4355,10.7376,33.8324,0.31738,0.8008,1.0333,1.2903
20260803_034538-g1_29dof_wbt_fall_and_getup_iql_manager-locomotion,iql,80000,0,80000,f03c9ab6240975a4,-1823.560546875,192109,6729,19.9735,1.9238,18.0497,34.9131,0.51699,0.9491,1.4542,1.5321
20260803_034538-g1_29dof_wbt_fall_and_getup_iql_manager-locomotion,iql,80000,1,80000,f03c9ab6240975a4,-1823.560546875,94738,12464,12.781,6.1591,6.6219,34.9131,0.18967,0.9581,1.1738,1.2252
20260803_034538-g1_29dof_wbt_fall_and_getup_iql_manager-locomotion,iql,80000,2,80000,f03c9ab6240975a4,-1823.560546875,16213,105373,16.3992,3.0197,13.3795,34.9131,0.38322,0.997,1.0477,1.0508
20260803_034538-g1_29dof_wbt_fall_and_getup_iql_manager-locomotion,iql,80000,3,80000,f03c9ab6240975a4,-1823.560546875,18957,19294,19.767,0.815,18.952,34.9131,0.54283,1.1157,1.2707,1.1389
20260803_034538-g1_29dof_wbt_fall_and_getup_iql_manager-locomotion,iql,80000,4,80000,f03c9ab6240975a4,-1823.560546875,21006,10750,21.8493,5.5255,16.3238,34.9131,0.46755,1.1278,1.3027,1.1551
20260803_034538-g1_29dof_wbt_fall_and_getup_iql_manager-locomotion,iql,80000,5,80000,f03c9ab6240975a4,-1823.560546875,29649,5332,28.6197,7.9105,20.7092,34.9131,0.59316,1.0421,1.1623,1.1154
20260803_034538-g1_29dof_wbt_fall_and_getup_iql_manager-locomotion,iql,80000,8,80000,f03c9ab6240975a4,-1823.560546875,74157,3344,33.0084,7.9175,25.091,34.9131,0.71867,0.8362,1.0151,1.2139
20260803_034538-g1_29dof_wbt_fall_and_getup_iql_manager-locomotion,iql,80000,12,80000,f03c9ab6240975a4,-1823.560546875,134624,2881,30.0167,6.6678,23.3488,34.9131,0.66877,0.8237,1.0256,1.2452
20260803_034538-g1_29dof_wbt_fall_and_getup_iql_manager-locomotion,iql,80000,16,80000,f03c9ab6240975a4,-1823.560546875,198771,3756,18.3337,6.9364,11.3973,34.9131,0.32645,0.8018,1.0317,1.2867
20260803_034538-g1_29dof_wbt_fall_and_getup_iql_manager-locomotion,iql,81000,0,81000,59fb732f4f8109df,-1791.972900391,192109,6729,17.6261,1.6256,16.0006,33.6302,0.47578,0.9482,1.4607,1.5405
20260803_034538-g1_29dof_wbt_fall_and_getup_iql_manager-locomotion,iql,81000,1,81000,59fb732f4f8109df,-1791.972900391,94738,12464,11.7396,5.5909,6.1487,33.6302,0.18283,0.9604,1.1816,1.2304
20260803_034538-g1_29dof_wbt_fall_and_getup_iql_manager-locomotion,iql,81000,2,81000,59fb732f4f8109df,-1791.972900391,16213,105373,16.584,3.3807,13.2033,33.6302,0.3926,0.9886,1.0391,1.0511
20260803_034538-g1_29dof_wbt_fall_and_getup_iql_manager-locomotion,iql,81000,3,81000,59fb732f4f8109df,-1791.972900391,18957,19294,20.1475,1.1065,19.041,33.6302,0.56619,1.1092,1.2575,1.1338
20260803_034538-g1_29dof_wbt_fall_and_getup_iql_manager-locomotion,iql,81000,4,81000,59fb732f4f8109df,-1791.972900391,21006,10750,21.9636,5.6498,16.3138,33.6302,0.48509,1.1313,1.2938,1.1436
20260803_034538-g1_29dof_wbt_fall_and_getup_iql_manager-locomotion,iql,81000,5,81000,59fb732f4f8109df,-1791.972900391,29649,5332,28.1142,7.4926,20.6216,33.6302,0.61319,1.0412,1.1608,1.1148
20260803_034538-g1_29dof_wbt_fall_and_getup_iql_manager-locomotion,iql,81000,8,81000,59fb732f4f8109df,-1791.972900391,74157,3344,32.0335,7.6646,24.369,33.6302,0.72462,0.8322,1.0172,1.2223
20260803_034538-g1_29dof_wbt_fall_and_getup_iql_manager-locomotion,iql,81000,12,81000,59fb732f4f8109df,-1791.972900391,134624,2881,28.5181,6.6238,21.8942,33.6302,0.65103,0.822,1.0289,1.2516
20260803_034538-g1_29dof_wbt_fall_and_getup_iql_manager-locomotion,iql,81000,16,81000,59fb732f4f8109df,-1791.972900391,198771,3756,17.7688,7.3594,10.4094,33.6302,0.30952,0.8011,1.032,1.2882
20260803_034538-g1_29dof_wbt_fall_and_getup_iql_manager-locomotion,iql,82000,0,82000,d403e6506dc7ebff,-1769.557617188,192109,6729,17.9623,2.1614,15.801,33.7534,0.46813,0.9488,1.4493,1.5275
20260803_034538-g1_29dof_wbt_fall_and_getup_iql_manager-locomotion,iql,82000,1,82000,d403e6506dc7ebff,-1769.557617188,94738,12464,11.7528,6.2787,5.4741,33.7534,0.16218,0.9589,1.1754,1.2257
20260803_034538-g1_29dof_wbt_fall_and_getup_iql_manager-locomotion,iql,82000,2,82000,d403e6506dc7ebff,-1769.557617188,16213,105373,15.9247,3.0559,12.8688,33.7534,0.38126,0.9937,1.0469,1.0535
20260803_034538-g1_29dof_wbt_fall_and_getup_iql_manager-locomotion,iql,82000,3,82000,d403e6506dc7ebff,-1769.557617188,18957,19294,19.3566,1.1003,18.2563,33.7534,0.54087,1.1171,1.266,1.1333
20260803_034538-g1_29dof_wbt_fall_and_getup_iql_manager-locomotion,iql,82000,4,82000,d403e6506dc7ebff,-1769.557617188,21006,10750,21.6089,5.7266,15.8823,33.7534,0.47054,1.1304,1.2974,1.1478
20260803_034538-g1_29dof_wbt_fall_and_getup_iql_manager-locomotion,iql,82000,5,82000,d403e6506dc7ebff,-1769.557617188,29649,5332,28.3706,7.7848,20.5858,33.7534,0.60989,1.0502,1.1736,1.1176
20260803_034538-g1_29dof_wbt_fall_and_getup_iql_manager-locomotion,iql,82000,8,82000,d403e6506dc7ebff,-1769.557617188,74157,3344,32.3392,8.3326,24.0065,33.7534,0.71123,0.8335,1.0114,1.2134
20260803_034538-g1_29dof_wbt_fall_and_getup_iql_manager-locomotion,iql,82000,12,82000,d403e6506dc7ebff,-1769.557617188,134624,2881,29.3873,7.349,22.0383,33.7534,0.65292,0.8222,1.0268,1.2489
20260803_034538-g1_29dof_wbt_fall_and_getup_iql_manager-locomotion,iql,82000,16,82000,d403e6506dc7ebff,-1769.557617188,198771,3756,18.7298,8.1203,10.6095,33.7534,0.31432,0.8019,1.0331,1.2884
20260803_034538-g1_29dof_wbt_fall_and_getup_iql_manager-locomotion,iql,83000,0,83000,18cddc9f937737cb,-1749.370361328,192109,6729,19.6668,1.3242,18.3427,35.1758,0.52146,0.9484,1.4563,1.5355
20260803_034538-g1_29dof_wbt_fall_and_getup_iql_manager-locomotion,iql,83000,1,83000,18cddc9f937737cb,-1749.370361328,94738,12464,12.1819,5.6642,6.5178,35.1758,0.18529,0.9582,1.1821,1.2337
20260803_034538-g1_29dof_wbt_fall_and_getup_iql_manager-locomotion,iql,83000,2,83000,18cddc9f937737cb,-1749.370361328,16213,105373,16.1365,2.5035,13.633,35.1758,0.38757,0.9935,1.0431,1.0499
20260803_034538-g1_29dof_wbt_fall_and_getup_iql_manager-locomotion,iql,83000,3,83000,18cddc9f937737cb,-1749.370361328,18957,19294,20.4629,0.8014,19.6616,35.1758,0.55895,1.1123,1.2652,1.1374
20260803_034538-g1_29dof_wbt_fall_and_getup_iql_manager-locomotion,iql,83000,4,83000,18cddc9f937737cb,-1749.370361328,21006,10750,22.8051,5.7888,17.0163,35.1758,0.48375,1.1196,1.2857,1.1484
20260803_034538-g1_29dof_wbt_fall_and_getup_iql_manager-locomotion,iql,83000,5,83000,18cddc9f937737cb,-1749.370361328,29649,5332,28.9042,7.1707,21.7335,35.1758,0.61785,1.0397,1.1604,1.116
20260803_034538-g1_29dof_wbt_fall_and_getup_iql_manager-locomotion,iql,83000,8,83000,18cddc9f937737cb,-1749.370361328,74157,3344,33.2804,7.9799,25.3006,35.1758,0.71926,0.8326,1.0104,1.2135
20260803_034538-g1_29dof_wbt_fall_and_getup_iql_manager-locomotion,iql,83000,12,83000,18cddc9f937737cb,-1749.370361328,134624,2881,30.4606,7.319,23.1417,35.1758,0.65789,0.8208,1.0247,1.2484
20260803_034538-g1_29dof_wbt_fall_and_getup_iql_manager-locomotion,iql,83000,16,83000,18cddc9f937737cb,-1749.370361328,198771,3756,18.9342,7.2896,11.6446,35.1758,0.33104,0.8007,1.0318,1.2886
20260803_034538-g1_29dof_wbt_fall_and_getup_iql_manager-locomotion,iql,84000,0,84000,742d8ec049386504,-1732.267578125,192109,6729,19.3306,1.2388,18.0918,34.909,0.51825,0.95,1.4556,1.5321
20260803_034538-g1_29dof_wbt_fall_and_getup_iql_manager-locomotion,iql,84000,1,84000,742d8ec049386504,-1732.267578125,94738,12464,14.0434,6.4169,7.6266,34.909,0.21847,0.9577,1.1844,1.2366
20260803_034538-g1_29dof_wbt_fall_and_getup_iql_manager-locomotion,iql,84000,2,84000,742d8ec049386504,-1732.267578125,16213,105373,16.9922,3.2846,13.7076,34.909,0.39267,0.9922,1.0446,1.0527
20260803_034538-g1_29dof_wbt_fall_and_getup_iql_manager-locomotion,iql,84000,3,84000,742d8ec049386504,-1732.267578125,18957,19294,19.6006,0.562,19.0386,34.909,0.54538,1.1141,1.264,1.1346
20260803_034538-g1_29dof_wbt_fall_and_getup_iql_manager-locomotion,iql,84000,4,84000,742d8ec049386504,-1732.267578125,21006,10750,21.8222,5.2751,16.5471,34.909,0.47401,1.1325,1.2967,1.145
20260803_034538-g1_29dof_wbt_fall_and_getup_iql_manager-locomotion,iql,84000,5,84000,742d8ec049386504,-1732.267578125,29649,5332,28.5761,6.7058,21.8703,34.909,0.62649,1.0386,1.1638,1.1206
20260803_034538-g1_29dof_wbt_fall_and_getup_iql_manager-locomotion,iql,84000,8,84000,742d8ec049386504,-1732.267578125,74157,3344,32.9681,7.8552,25.1129,34.909,0.71938,0.8347,1.019,1.2207
20260803_034538-g1_29dof_wbt_fall_and_getup_iql_manager-locomotion,iql,84000,12,84000,742d8ec049386504,-1732.267578125,134624,2881,29.9543,6.2155,23.7388,34.909,0.68002,0.8223,1.0276,1.2498
20260803_034538-g1_29dof_wbt_fall_and_getup_iql_manager-locomotion,iql,84000,16,84000,742d8ec049386504,-1732.267578125,198771,3756,18.7411,7.1359,11.6052,34.909,0.33244,0.8011,1.0304,1.2862
20260803_034538-g1_29dof_wbt_fall_and_getup_iql_manager-locomotion,iql,85000,0,85000,48e0fac3de0cb0f8,-1702.905517578,192109,6729,19.0393,1.8532,17.186,33.5329,0.51251,0.9494,1.4823,1.5612
20260803_034538-g1_29dof_wbt_fall_and_getup_iql_manager-locomotion,iql,85000,1,85000,48e0fac3de0cb0f8,-1702.905517578,94738,12464,13.9175,6.7823,7.1352,33.5329,0.21278,0.9565,1.1847,1.2386
20260803_034538-g1_29dof_wbt_fall_and_getup_iql_manager-locomotion,iql,85000,2,85000,48e0fac3de0cb0f8,-1702.905517578,16213,105373,16.7328,3.6665,13.0663,33.5329,0.38966,0.9971,1.05,1.053
20260803_034538-g1_29dof_wbt_fall_and_getup_iql_manager-locomotion,iql,85000,3,85000,48e0fac3de0cb0f8,-1702.905517578,18957,19294,19.6341,1.1737,18.4604,33.5329,0.55051,1.1152,1.2636,1.1331
20260803_034538-g1_29dof_wbt_fall_and_getup_iql_manager-locomotion,iql,85000,4,85000,48e0fac3de0cb0f8,-1702.905517578,21006,10750,22.0632,6.0903,15.9729,33.5329,0.47634,1.1178,1.2936,1.1572
20260803_034538-g1_29dof_wbt_fall_and_getup_iql_manager-locomotion,iql,85000,5,85000,48e0fac3de0cb0f8,-1702.905517578,29649,5332,27.833,7.6177,20.2152,33.5329,0.60285,1.0354,1.1594,1.1197
20260803_034538-g1_29dof_wbt_fall_and_getup_iql_manager-locomotion,iql,85000,8,85000,48e0fac3de0cb0f8,-1702.905517578,74157,3344,31.9725,7.5643,24.4082,33.5329,0.72789,0.834,1.0152,1.2174
20260803_034538-g1_29dof_wbt_fall_and_getup_iql_manager-locomotion,iql,85000,12,85000,48e0fac3de0cb0f8,-1702.905517578,134624,2881,28.709,6.8531,21.8558,33.5329,0.65177,0.8222,1.026,1.2478
20260803_034538-g1_29dof_wbt_fall_and_getup_iql_manager-locomotion,iql,85000,16,85000,48e0fac3de0cb0f8,-1702.905517578,198771,3756,18.5014,8.0476,10.4538,33.5329,0.31175,0.8017,1.0323,1.2876
20260803_034538-g1_29dof_wbt_fall_and_getup_iql_manager-locomotion,iql,86000,0,86000,40ad744a1840a913,-1665.94128418,192109,6729,19.4086,1.8916,17.517,34.2633,0.51125,0.9467,1.4538,1.5356
20260803_034538-g1_29dof_wbt_fall_and_getup_iql_manager-locomotion,iql,86000,1,86000,40ad744a1840a913,-1665.94128418,94738,12464,13.5653,6.4958,7.0695,34.2633,0.20633,0.9536,1.18,1.2374
20260803_034538-g1_29dof_wbt_fall_and_getup_iql_manager-locomotion,iql,86000,2,86000,40ad744a1840a913,-1665.94128418,16213,105373,16.8706,3.5965,13.2741,34.2633,0.38741,0.9903,1.0417,1.052
20260803_034538-g1_29dof_wbt_fall_and_getup_iql_manager-locomotion,iql,86000,3,86000,40ad744a1840a913,-1665.94128418,18957,19294,19.7836,1.0807,18.7029,34.2633,0.54586,1.1139,1.2623,1.1331
20260803_034538-g1_29dof_wbt_fall_and_getup_iql_manager-locomotion,iql,86000,4,86000,40ad744a1840a913,-1665.94128418,21006,10750,23.0419,6.2103,16.8316,34.2633,0.49124,1.1235,1.2867,1.1453
20260803_034538-g1_29dof_wbt_fall_and_getup_iql_manager-locomotion,iql,86000,5,86000,40ad744a1840a913,-1665.94128418,29649,5332,28.809,8.2063,20.6027,34.2633,0.60131,1.0405,1.1659,1.1205
20260803_034538-g1_29dof_wbt_fall_and_getup_iql_manager-locomotion,iql,86000,8,86000,40ad744a1840a913,-1665.94128418,74157,3344,32.746,8.0806,24.6654,34.2633,0.71988,0.832,1.0098,1.2138
20260803_034538-g1_29dof_wbt_fall_and_getup_iql_manager-locomotion,iql,86000,12,86000,40ad744a1840a913,-1665.94128418,134624,2881,29.6474,7.1374,22.51,34.2633,0.65697,0.8219,1.0252,1.2473
20260803_034538-g1_29dof_wbt_fall_and_getup_iql_manager-locomotion,iql,86000,16,86000,40ad744a1840a913,-1665.94128418,198771,3756,18.7215,7.8158,10.9057,34.2633,0.31829,0.8009,1.0323,1.289
20260803_034538-g1_29dof_wbt_fall_and_getup_iql_manager-locomotion,iql,87000,0,87000,499140c2fe2e2438,-1636.131958008,192109,6729,18.6075,1.5572,17.0502,33.5712,0.50788,0.9528,1.4558,1.528
20260803_034538-g1_29dof_wbt_fall_and_getup_iql_manager-locomotion,iql,87000,1,87000,499140c2fe2e2438,-1636.131958008,94738,12464,12.9471,6.5088,6.4383,33.5712,0.19178,0.9669,1.187,1.2276
20260803_034538-g1_29dof_wbt_fall_and_getup_iql_manager-locomotion,iql,87000,2,87000,499140c2fe2e2438,-1636.131958008,16213,105373,16.2958,3.3432,12.9527,33.5712,0.38583,0.9949,1.0479,1.0533
20260803_034538-g1_29dof_wbt_fall_and_getup_iql_manager-locomotion,iql,87000,3,87000,499140c2fe2e2438,-1636.131958008,18957,19294,19.5474,1.0085,18.5389,33.5712,0.55223,1.1108,1.26,1.1344
20260803_034538-g1_29dof_wbt_fall_and_getup_iql_manager-locomotion,iql,87000,4,87000,499140c2fe2e2438,-1636.131958008,21006,10750,22.3313,6.0794,16.2518,33.5712,0.4841,1.128,1.3012,1.1535
20260803_034538-g1_29dof_wbt_fall_and_getup_iql_manager-locomotion,iql,87000,5,87000,499140c2fe2e2438,-1636.131958008,29649,5332,27.9524,8.2555,19.6969,33.5712,0.58672,1.04,1.1644,1.1197
20260803_034538-g1_29dof_wbt_fall_and_getup_iql_manager-locomotion,iql,87000,8,87000,499140c2fe2e2438,-1636.131958008,74157,3344,31.9847,7.7091,24.2756,33.5712,0.72311,0.8339,1.0115,1.213
20260803_034538-g1_29dof_wbt_fall_and_getup_iql_manager-locomotion,iql,87000,12,87000,499140c2fe2e2438,-1636.131958008,134624,2881,28.7061,6.3687,22.3374,33.5712,0.66537,0.8224,1.0244,1.2456
20260803_034538-g1_29dof_wbt_fall_and_getup_iql_manager-locomotion,iql,87000,16,87000,499140c2fe2e2438,-1636.131958008,198771,3756,17.7769,7.333,10.4439,33.5712,0.3111,0.8024,1.0303,1.284
20260803_034538-g1_29dof_wbt_fall_and_getup_iql_manager-locomotion,iql,88000,0,88000,4d22ff963300748d,-1600.004394531,192109,6729,19.7483,2.3056,17.4427,33.5992,0.51914,0.9511,1.4405,1.5146
20260803_034538-g1_29dof_wbt_fall_and_getup_iql_manager-locomotion,iql,88000,1,88000,4d22ff963300748d,-1600.004394531,94738,12464,13.6853,6.8609,6.8244,33.5992,0.20311,0.9647,1.1779,1.2211
20260803_034538-g1_29dof_wbt_fall_and_getup_iql_manager-locomotion,iql,88000,2,88000,4d22ff963300748d,-1600.004394531,16213,105373,17.9272,4.3677,13.5594,33.5992,0.40356,0.9918,1.0424,1.0511
20260803_034538-g1_29dof_wbt_fall_and_getup_iql_manager-locomotion,iql,88000,3,88000,4d22ff963300748d,-1600.004394531,18957,19294,19.7205,1.4318,18.2888,33.5992,0.54432,1.1172,1.2583,1.1264
20260803_034538-g1_29dof_wbt_fall_and_getup_iql_manager-locomotion,iql,88000,4,88000,4d22ff963300748d,-1600.004394531,21006,10750,21.286,5.8843,15.4017,33.5992,0.45839,1.1243,1.285,1.1429
20260803_034538-g1_29dof_wbt_fall_and_getup_iql_manager-locomotion,iql,88000,5,88000,4d22ff963300748d,-1600.004394531,29649,5332,27.9344,7.1328,20.8016,33.5992,0.61911,1.0345,1.1548,1.1163
20260803_034538-g1_29dof_wbt_fall_and_getup_iql_manager-locomotion,iql,88000,8,88000,4d22ff963300748d,-1600.004394531,74157,3344,32.5389,8.5792,23.9597,33.5992,0.7131,0.8334,1.0119,1.2142
20260803_034538-g1_29dof_wbt_fall_and_getup_iql_manager-locomotion,iql,88000,12,88000,4d22ff963300748d,-1600.004394531,134624,2881,29.3941,7.3783,22.0158,33.5992,0.65525,0.8227,1.0276,1.2491
20260803_034538-g1_29dof_wbt_fall_and_getup_iql_manager-locomotion,iql,88000,16,88000,4d22ff963300748d,-1600.004394531,198771,3756,18.9497,8.1261,10.8237,33.5992,0.32214,0.8016,1.0319,1.2873
20260803_034538-g1_29dof_wbt_fall_and_getup_iql_manager-locomotion,iql,89000,0,89000,2c5f6c877ce419df,-1571.377685547,192109,6729,18.3327,1.2531,17.0797,34.3229,0.49762,0.9473,1.4408,1.5209
20260803_034538-g1_29dof_wbt_fall_and_getup_iql_manager-locomotion,iql,89000,1,89000,2c5f6c877ce419df,-1571.377685547,94738,12464,11.9028,5.8288,6.074,34.3229,0.17697,0.9589,1.1745,1.2248
20260803_034538-g1_29dof_wbt_fall_and_getup_iql_manager-locomotion,iql,89000,2,89000,2c5f6c877ce419df,-1571.377685547,16213,105373,16.5387,3.2176,13.3211,34.3229,0.38811,0.9913,1.0459,1.0551
20260803_034538-g1_29dof_wbt_fall_and_getup_iql_manager-locomotion,iql,89000,3,89000,2c5f6c877ce419df,-1571.377685547,18957,19294,19.1539,0.7585,18.3953,34.3229,0.53595,1.1167,1.2678,1.1354
20260803_034538-g1_29dof_wbt_fall_and_getup_iql_manager-locomotion,iql,89000,4,89000,2c5f6c877ce419df,-1571.377685547,21006,10750,21.3865,5.009,16.3775,34.3229,0.47716,1.1254,1.2923,1.1482
20260803_034538-g1_29dof_wbt_fall_and_getup_iql_manager-locomotion,iql,89000,5,89000,2c5f6c877ce419df,-1571.377685547,29649,5332,27.7133,6.7098,21.0035,34.3229,0.61194,1.0429,1.1654,1.1175
20260803_034538-g1_29dof_wbt_fall_and_getup_iql_manager-locomotion,iql,89000,8,89000,2c5f6c877ce419df,-1571.377685547,74157,3344,32.43,7.4597,24.9704,34.3229,0.72751,0.8322,1.0118,1.2158
20260803_034538-g1_29dof_wbt_fall_and_getup_iql_manager-locomotion,iql,89000,12,89000,2c5f6c877ce419df,-1571.377685547,134624,2881,29.4362,6.7533,22.6829,34.3229,0.66087,0.8225,1.0297,1.2519
20260803_034538-g1_29dof_wbt_fall_and_getup_iql_manager-locomotion,iql,89000,16,89000,2c5f6c877ce419df,-1571.377685547,198771,3756,18.0522,7.1259,10.9263,34.3229,0.31834,0.8016,1.0352,1.2913
20260803_034538-g1_29dof_wbt_fall_and_getup_iql_manager-locomotion,iql,90000,0,90000,26de15d0cbbd1070,-1532.057250977,192109,6729,19.8998,1.4766,18.4232,34.4153,0.53532,0.9477,1.4567,1.5371
20260803_034538-g1_29dof_wbt_fall_and_getup_iql_manager-locomotion,iql,90000,1,90000,26de15d0cbbd1070,-1532.057250977,94738,12464,14.907,6.5895,8.3175,34.4153,0.24168,0.954,1.18,1.2368
20260803_034538-g1_29dof_wbt_fall_and_getup_iql_manager-locomotion,iql,90000,2,90000,26de15d0cbbd1070,-1532.057250977,16213,105373,17.0944,3.042,14.0523,34.4153,0.40832,0.9912,1.0477,1.057
20260803_034538-g1_29dof_wbt_fall_and_getup_iql_manager-locomotion,iql,90000,3,90000,26de15d0cbbd1070,-1532.057250977,18957,19294,19.8701,0.6667,19.2034,34.4153,0.55799,1.1221,1.2615,1.1242
20260803_034538-g1_29dof_wbt_fall_and_getup_iql_manager-locomotion,iql,90000,4,90000,26de15d0cbbd1070,-1532.057250977,21006,10750,22.1662,5.3228,16.8434,34.4153,0.48942,1.123,1.279,1.1389
20260803_034538-g1_29dof_wbt_fall_and_getup_iql_manager-locomotion,iql,90000,5,90000,26de15d0cbbd1070,-1532.057250977,29649,5332,28.826,7.7135,21.1125,34.4153,0.61346,1.0426,1.1641,1.1165
20260803_034538-g1_29dof_wbt_fall_and_getup_iql_manager-locomotion,iql,90000,8,90000,26de15d0cbbd1070,-1532.057250977,74157,3344,32.573,7.7315,24.8415,34.4153,0.72182,0.8345,1.0146,1.2158
20260803_034538-g1_29dof_wbt_fall_and_getup_iql_manager-locomotion,iql,90000,12,90000,26de15d0cbbd1070,-1532.057250977,134624,2881,29.7184,6.8078,22.9106,34.4153,0.66571,0.8235,1.0267,1.2467
20260803_034538-g1_29dof_wbt_fall_and_getup_iql_manager-locomotion,iql,90000,16,90000,26de15d0cbbd1070,-1532.057250977,198771,3756,18.397,6.9881,11.4089,34.4153,0.33151,0.8018,1.0304,1.2851
20260803_034538-g1_29dof_wbt_fall_and_getup_iql_manager-locomotion,iql,91000,0,91000,c3e100cddd24e29f,-1505.419677734,192109,6729,18.3853,1.2271,17.1582,33.9044,0.50608,0.9478,1.4453,1.5249
20260803_034538-g1_29dof_wbt_fall_and_getup_iql_manager-locomotion,iql,91000,1,91000,c3e100cddd24e29f,-1505.419677734,94738,12464,12.9404,6.3107,6.6297,33.9044,0.19554,0.9606,1.181,1.2295
20260803_034538-g1_29dof_wbt_fall_and_getup_iql_manager-locomotion,iql,91000,2,91000,c3e100cddd24e29f,-1505.419677734,16213,105373,16.4515,3.2593,13.1921,33.9044,0.3891,0.9962,1.0501,1.0541
20260803_034538-g1_29dof_wbt_fall_and_getup_iql_manager-locomotion,iql,91000,3,91000,c3e100cddd24e29f,-1505.419677734,18957,19294,19.0085,1.0826,17.9259,33.9044,0.52872,1.1154,1.2625,1.1319
20260803_034538-g1_29dof_wbt_fall_and_getup_iql_manager-locomotion,iql,91000,4,91000,c3e100cddd24e29f,-1505.419677734,21006,10750,21.2384,5.1344,16.104,33.9044,0.47498,1.1315,1.2923,1.1421
20260803_034538-g1_29dof_wbt_fall_and_getup_iql_manager-locomotion,iql,91000,5,91000,c3e100cddd24e29f,-1505.419677734,29649,5332,28.3493,7.6226,20.7266,33.9044,0.61133,1.0381,1.1588,1.1163
20260803_034538-g1_29dof_wbt_fall_and_getup_iql_manager-locomotion,iql,91000,8,91000,c3e100cddd24e29f,-1505.419677734,74157,3344,32.3416,7.8056,24.5361,33.9044,0.72368,0.8312,1.0141,1.22
20260803_034538-g1_29dof_wbt_fall_and_getup_iql_manager-locomotion,iql,91000,12,91000,c3e100cddd24e29f,-1505.419677734,134624,2881,29.4706,6.9126,22.5579,33.9044,0.66534,0.8219,1.0232,1.2449
20260803_034538-g1_29dof_wbt_fall_and_getup_iql_manager-locomotion,iql,91000,16,91000,c3e100cddd24e29f,-1505.419677734,198771,3756,18.4171,7.4901,10.9271,33.9044,0.32229,0.8009,1.0274,1.2828
20260803_034538-g1_29dof_wbt_fall_and_getup_iql_manager-locomotion,iql,92000,0,92000,812cc9238588566b,-1483.221435547,192109,6729,18.5647,1.247,17.3177,34.5872,0.5007,0.9516,1.4589,1.5331
20260803_034538-g1_29dof_wbt_fall_and_getup_iql_manager-locomotion,iql,92000,1,92000,812cc9238588566b,-1483.221435547,94738,12464,11.1697,5.2989,5.8708,34.5872,0.16974,0.9584,1.1828,1.2341
20260803_034538-g1_29dof_wbt_fall_and_getup_iql_manager-locomotion,iql,92000,2,92000,812cc9238588566b,-1483.221435547,16213,105373,15.4826,2.5052,12.9775,34.5872,0.37521,0.9908,1.041,1.0507
20260803_034538-g1_29dof_wbt_fall_and_getup_iql_manager-locomotion,iql,92000,3,92000,812cc9238588566b,-1483.221435547,18957,19294,19.8252,0.7063,19.1189,34.5872,0.55277,1.1181,1.2668,1.133
20260803_034538-g1_29dof_wbt_fall_and_getup_iql_manager-locomotion,iql,92000,4,92000,812cc9238588566b,-1483.221435547,21006,10750,22.0025,5.2751,16.7274,34.5872,0.48363,1.1313,1.2875,1.1381
20260803_034538-g1_29dof_wbt_fall_and_getup_iql_manager-locomotion,iql,92000,5,92000,812cc9238588566b,-1483.221435547,29649,5332,28.3161,6.4529,21.8632,34.5872,0.63212,1.0351,1.155,1.1158
20260803_034538-g1_29dof_wbt_fall_and_getup_iql_manager-locomotion,iql,92000,8,92000,812cc9238588566b,-1483.221435547,74157,3344,32.6009,7.3365,25.2643,34.5872,0.73045,0.8319,1.0129,1.2176
20260803_034538-g1_29dof_wbt_fall_and_getup_iql_manager-locomotion,iql,92000,12,92000,812cc9238588566b,-1483.221435547,134624,2881,29.4699,6.2874,23.1825,34.5872,0.67026,0.8225,1.0269,1.2485
20260803_034538-g1_29dof_wbt_fall_and_getup_iql_manager-locomotion,iql,92000,16,92000,812cc9238588566b,-1483.221435547,198771,3756,17.9051,6.6544,11.2507,34.5872,0.32529,0.8013,1.0318,1.2877
20260803_034538-g1_29dof_wbt_fall_and_getup_iql_manager-locomotion,iql,93000,0,93000,a3d76c7b4c97a576,-1445.562866211,192109,6729,18.7071,1.7525,16.9547,34.5118,0.49127,0.9487,1.4575,1.5363
20260803_034538-g1_29dof_wbt_fall_and_getup_iql_manager-locomotion,iql,93000,1,93000,a3d76c7b4c97a576,-1445.562866211,94738,12464,13.5449,6.451,7.0939,34.5118,0.20555,0.9589,1.1779,1.2283
20260803_034538-g1_29dof_wbt_fall_and_getup_iql_manager-locomotion,iql,93000,2,93000,a3d76c7b4c97a576,-1445.562866211,16213,105373,16.5018,3.2203,13.2815,34.5118,0.38484,0.9913,1.0483,1.0576
20260803_034538-g1_29dof_wbt_fall_and_getup_iql_manager-locomotion,iql,93000,3,93000,a3d76c7b4c97a576,-1445.562866211,18957,19294,19.7088,1.2915,18.4173,34.5118,0.53365,1.112,1.255,1.1286
20260803_034538-g1_29dof_wbt_fall_and_getup_iql_manager-locomotion,iql,93000,4,93000,a3d76c7b4c97a576,-1445.562866211,21006,10750,21.7204,5.3495,16.3708,34.5118,0.47435,1.132,1.2917,1.141
20260803_034538-g1_29dof_wbt_fall_and_getup_iql_manager-locomotion,iql,93000,5,93000,a3d76c7b4c97a576,-1445.562866211,29649,5332,28.9426,6.6843,22.2584,34.5118,0.64495,1.0348,1.1581,1.1191
20260803_034538-g1_29dof_wbt_fall_and_getup_iql_manager-locomotion,iql,93000,8,93000,a3d76c7b4c97a576,-1445.562866211,74157,3344,33.1402,7.6261,25.514,34.5118,0.73928,0.8333,1.0206,1.2248
20260803_034538-g1_29dof_wbt_fall_and_getup_iql_manager-locomotion,iql,93000,12,93000,a3d76c7b4c97a576,-1445.562866211,134624,2881,29.902,7.0049,22.897,34.5118,0.66345,0.822,1.0267,1.2491
20260803_034538-g1_29dof_wbt_fall_and_getup_iql_manager-locomotion,iql,93000,16,93000,a3d76c7b4c97a576,-1445.562866211,198771,3756,18.3101,7.418,10.892,34.5118,0.3156,0.8015,1.0323,1.288
20260803_034538-g1_29dof_wbt_fall_and_getup_iql_manager-locomotion,iql,94000,0,94000,2c35eb43d9cc7540,-1409.806152344,192109,6729,18.4046,1.674,16.7306,34.611,0.48339,0.948,1.4472,1.5266
20260803_034538-g1_29dof_wbt_fall_and_getup_iql_manager-locomotion,iql,94000,1,94000,2c35eb43d9cc7540,-1409.806152344,94738,12464,11.4365,5.2363,6.2002,34.611,0.17914,0.9591,1.1758,1.226
20260803_034538-g1_29dof_wbt_fall_and_getup_iql_manager-locomotion,iql,94000,2,94000,2c35eb43d9cc7540,-1409.806152344,16213,105373,16.2897,2.5782,13.7115,34.611,0.39616,0.9869,1.0378,1.0515
20260803_034538-g1_29dof_wbt_fall_and_getup_iql_manager-locomotion,iql,94000,3,94000,2c35eb43d9cc7540,-1409.806152344,18957,19294,20.0991,0.5126,19.5865,34.611,0.5659,1.1179,1.2552,1.1228
20260803_034538-g1_29dof_wbt_fall_and_getup_iql_manager-locomotion,iql,94000,4,94000,2c35eb43d9cc7540,-1409.806152344,21006,10750,22.5114,5.5522,16.9592,34.611,0.49,1.1233,1.2826,1.1417
20260803_034538-g1_29dof_wbt_fall_and_getup_iql_manager-locomotion,iql,94000,5,94000,2c35eb43d9cc7540,-1409.806152344,29649,5332,27.9348,6.2196,21.7152,34.611,0.62741,1.0401,1.1589,1.1143
20260803_034538-g1_29dof_wbt_fall_and_getup_iql_manager-locomotion,iql,94000,8,94000,2c35eb43d9cc7540,-1409.806152344,74157,3344,32.3364,6.7294,25.607,34.611,0.73985,0.8313,1.0094,1.2143
20260803_034538-g1_29dof_wbt_fall_and_getup_iql_manager-locomotion,iql,94000,12,94000,2c35eb43d9cc7540,-1409.806152344,134624,2881,29.4129,6.3749,23.0381,34.611,0.66563,0.822,1.0242,1.246
20260803_034538-g1_29dof_wbt_fall_and_getup_iql_manager-locomotion,iql,94000,16,94000,2c35eb43d9cc7540,-1409.806152344,198771,3756,17.9483,6.4195,11.5287,34.611,0.33309,0.8007,1.0306,1.2871
20260803_034538-g1_29dof_wbt_fall_and_getup_iql_manager-locomotion,iql,95000,0,95000,68ccea23e5c6ef82,-1392.813598633,192109,6729,19.3898,1.3092,18.0807,34.1934,0.52878,0.9476,1.4553,1.5357
20260803_034538-g1_29dof_wbt_fall_and_getup_iql_manager-locomotion,iql,95000,1,95000,68ccea23e5c6ef82,-1392.813598633,94738,12464,14.0772,6.5655,7.5117,34.1934,0.21968,0.9581,1.1739,1.2252
20260803_034538-g1_29dof_wbt_fall_and_getup_iql_manager-locomotion,iql,95000,2,95000,68ccea23e5c6ef82,-1392.813598633,16213,105373,15.6924,3.0999,12.5925,34.1934,0.36827,0.9894,1.0433,1.0544
20260803_034538-g1_29dof_wbt_fall_and_getup_iql_manager-locomotion,iql,95000,3,95000,68ccea23e5c6ef82,-1392.813598633,18957,19294,19.3204,0.7119,18.6086,34.1934,0.54422,1.1166,1.2591,1.1277
20260803_034538-g1_29dof_wbt_fall_and_getup_iql_manager-locomotion,iql,95000,4,95000,68ccea23e5c6ef82,-1392.813598633,21006,10750,21.9048,5.1594,16.7454,34.1934,0.48973,1.1257,1.2958,1.1512
20260803_034538-g1_29dof_wbt_fall_and_getup_iql_manager-locomotion,iql,95000,5,95000,68ccea23e5c6ef82,-1392.813598633,29649,5332,28.3398,6.6487,21.691,34.1934,0.63436,1.0378,1.1607,1.1184
20260803_034538-g1_29dof_wbt_fall_and_getup_iql_manager-locomotion,iql,95000,8,95000,68ccea23e5c6ef82,-1392.813598633,74157,3344,32.35,6.9884,25.3616,34.1934,0.74171,0.8322,1.0133,1.2177
20260803_034538-g1_29dof_wbt_fall_and_getup_iql_manager-locomotion,iql,95000,12,95000,68ccea23e5c6ef82,-1392.813598633,134624,2881,28.8669,6.126,22.7409,34.1934,0.66507,0.8215,1.0246,1.2473
20260803_034538-g1_29dof_wbt_fall_and_getup_iql_manager-locomotion,iql,95000,16,95000,68ccea23e5c6ef82,-1392.813598633,198771,3756,17.4063,6.5661,10.8402,34.1934,0.31703,0.8006,1.0311,1.2879
20260803_034538-g1_29dof_wbt_fall_and_getup_iql_manager-locomotion,iql,96000,0,96000,32579be040cbdd17,-1356.449829102,192109,6729,18.8905,0.7566,18.1339,34.1231,0.53143,0.9538,1.4489,1.5191
20260803_034538-g1_29dof_wbt_fall_and_getup_iql_manager-locomotion,iql,96000,1,96000,32579be040cbdd17,-1356.449829102,94738,12464,13.3554,5.7253,7.6301,34.1231,0.22361,0.9688,1.1825,1.2206
20260803_034538-g1_29dof_wbt_fall_and_getup_iql_manager-locomotion,iql,96000,2,96000,32579be040cbdd17,-1356.449829102,16213,105373,17.6437,3.84,13.8038,34.1231,0.40453,0.9903,1.0428,1.0531
20260803_034538-g1_29dof_wbt_fall_and_getup_iql_manager-locomotion,iql,96000,3,96000,32579be040cbdd17,-1356.449829102,18957,19294,19.5601,0.7506,18.8095,34.1231,0.55122,1.1082,1.2635,1.1401
20260803_034538-g1_29dof_wbt_fall_and_getup_iql_manager-locomotion,iql,96000,4,96000,32579be040cbdd17,-1356.449829102,21006,10750,22.2763,5.265,17.0114,34.1231,0.49853,1.122,1.2889,1.1488
20260803_034538-g1_29dof_wbt_fall_and_getup_iql_manager-locomotion,iql,96000,5,96000,32579be040cbdd17,-1356.449829102,29649,5332,28.2688,6.9952,21.2736,34.1231,0.62344,1.0316,1.1559,1.1205
20260803_034538-g1_29dof_wbt_fall_and_getup_iql_manager-locomotion,iql,96000,8,96000,32579be040cbdd17,-1356.449829102,74157,3344,32.1278,7.2071,24.9207,34.1231,0.73032,0.8331,1.0129,1.2157
20260803_034538-g1_29dof_wbt_fall_and_getup_iql_manager-locomotion,iql,96000,12,96000,32579be040cbdd17,-1356.449829102,134624,2881,28.68,6.4055,22.2745,34.1231,0.65277,0.8217,1.0242,1.2464
20260803_034538-g1_29dof_wbt_fall_and_getup_iql_manager-locomotion,iql,96000,16,96000,32579be040cbdd17,-1356.449829102,198771,3756,16.9408,6.0908,10.85,34.1231,0.31797,0.8009,1.0282,1.2839
20260803_034538-g1_29dof_wbt_fall_and_getup_iql_manager-locomotion,iql,97000,0,97000,953d64ddfcd21926,-1312.414916992,192109,6729,18.8114,1.864,16.9474,34.0689,0.49745,0.9495,1.4496,1.5266
20260803_034538-g1_29dof_wbt_fall_and_getup_iql_manager-locomotion,iql,97000,1,97000,953d64ddfcd21926,-1312.414916992,94738,12464,12.956,6.2796,6.6764,34.0689,0.19597,0.9605,1.1814,1.23
20260803_034538-g1_29dof_wbt_fall_and_getup_iql_manager-locomotion,iql,97000,2,97000,953d64ddfcd21926,-1312.414916992,16213,105373,16.7737,3.1059,13.6678,34.0689,0.40118,0.9904,1.042,1.0521
20260803_034538-g1_29dof_wbt_fall_and_getup_iql_manager-locomotion,iql,97000,3,97000,953d64ddfcd21926,-1312.414916992,18957,19294,19.7798,1.1732,18.6066,34.0689,0.54614,1.1147,1.258,1.1286
20260803_034538-g1_29dof_wbt_fall_and_getup_iql_manager-locomotion,iql,97000,4,97000,953d64ddfcd21926,-1312.414916992,21006,10750,21.527,5.6666,15.8604,34.0689,0.46554,1.1345,1.3039,1.1493
20260803_034538-g1_29dof_wbt_fall_and_getup_iql_manager-locomotion,iql,97000,5,97000,953d64ddfcd21926,-1312.414916992,29649,5332,28.1862,6.4438,21.7424,34.0689,0.63819,1.0389,1.1695,1.1256
20260803_034538-g1_29dof_wbt_fall_and_getup_iql_manager-locomotion,iql,97000,8,97000,953d64ddfcd21926,-1312.414916992,74157,3344,32.6773,7.7189,24.9584,34.0689,0.73259,0.8319,1.0122,1.2168
20260803_034538-g1_29dof_wbt_fall_and_getup_iql_manager-locomotion,iql,97000,12,97000,953d64ddfcd21926,-1312.414916992,134624,2881,29.6228,7.6364,21.9864,34.0689,0.64535,0.8209,1.0236,1.2469
20260803_034538-g1_29dof_wbt_fall_and_getup_iql_manager-locomotion,iql,97000,16,97000,953d64ddfcd21926,-1312.414916992,198771,3756,19.2266,8.289,10.9376,34.0689,0.32104,0.8003,1.0306,1.2877
20260803_034538-g1_29dof_wbt_fall_and_getup_iql_manager-locomotion,iql,98000,0,98000,f14d7c9a2ce1d1af,-1284.28125,192109,6729,19.8349,1.4731,18.3618,34.6032,0.53064,0.9523,1.4387,1.5107
20260803_034538-g1_29dof_wbt_fall_and_getup_iql_manager-locomotion,iql,98000,1,98000,f14d7c9a2ce1d1af,-1284.28125,94738,12464,13.2489,5.9901,7.2588,34.6032,0.20977,0.9612,1.186,1.2339
20260803_034538-g1_29dof_wbt_fall_and_getup_iql_manager-locomotion,iql,98000,2,98000,f14d7c9a2ce1d1af,-1284.28125,16213,105373,16.6985,3.0155,13.683,34.6032,0.39543,0.9865,1.0424,1.0567
20260803_034538-g1_29dof_wbt_fall_and_getup_iql_manager-locomotion,iql,98000,3,98000,f14d7c9a2ce1d1af,-1284.28125,18957,19294,20.0222,0.7298,19.2924,34.6032,0.55753,1.1137,1.2659,1.1367
20260803_034538-g1_29dof_wbt_fall_and_getup_iql_manager-locomotion,iql,98000,4,98000,f14d7c9a2ce1d1af,-1284.28125,21006,10750,22.7009,5.4618,17.2391,34.6032,0.49819,1.1281,1.2888,1.1425
20260803_034538-g1_29dof_wbt_fall_and_getup_iql_manager-locomotion,iql,98000,5,98000,f14d7c9a2ce1d1af,-1284.28125,29649,5332,29.1415,7.5469,21.5947,34.6032,0.62406,1.0365,1.1599,1.1191
20260803_034538-g1_29dof_wbt_fall_and_getup_iql_manager-locomotion,iql,98000,8,98000,f14d7c9a2ce1d1af,-1284.28125,74157,3344,32.6431,7.0794,25.5637,34.6032,0.73877,0.833,1.01,1.2125
20260803_034538-g1_29dof_wbt_fall_and_getup_iql_manager-locomotion,iql,98000,12,98000,f14d7c9a2ce1d1af,-1284.28125,134624,2881,29.698,6.4984,23.1995,34.6032,0.67044,0.8216,1.0243,1.2467
20260803_034538-g1_29dof_wbt_fall_and_getup_iql_manager-locomotion,iql,98000,16,98000,f14d7c9a2ce1d1af,-1284.28125,198771,3756,18.6616,7.0059,11.6558,34.6032,0.33684,0.8008,1.0298,1.2861
20260803_034538-g1_29dof_wbt_fall_and_getup_iql_manager-locomotion,iql,99000,0,99000,1bbd83793b49a840,-1253.173095703,192109,6729,18.4489,1.7636,16.6853,33.3171,0.5008,0.9499,1.4544,1.5312
20260803_034538-g1_29dof_wbt_fall_and_getup_iql_manager-locomotion,iql,99000,1,99000,1bbd83793b49a840,-1253.173095703,94738,12464,11.9749,5.8299,6.145,33.3171,0.18444,0.9605,1.181,1.2295
20260803_034538-g1_29dof_wbt_fall_and_getup_iql_manager-locomotion,iql,99000,2,99000,1bbd83793b49a840,-1253.173095703,16213,105373,16.5004,3.6209,12.8796,33.3171,0.38657,0.9848,1.0392,1.0552
20260803_034538-g1_29dof_wbt_fall_and_getup_iql_manager-locomotion,iql,99000,3,99000,1bbd83793b49a840,-1253.173095703,18957,19294,19.0308,1.2665,17.7643,33.3171,0.53319,1.1134,1.2652,1.1364
20260803_034538-g1_29dof_wbt_fall_and_getup_iql_manager-locomotion,iql,99000,4,99000,1bbd83793b49a840,-1253.173095703,21006,10750,20.8285,5.3473,15.4812,33.3171,0.46466,1.123,1.2913,1.1499
20260803_034538-g1_29dof_wbt_fall_and_getup_iql_manager-locomotion,iql,99000,5,99000,1bbd83793b49a840,-1253.173095703,29649,5332,27.8326,6.244,21.5886,33.3171,0.64797,1.0382,1.1709,1.1278
20260803_034538-g1_29dof_wbt_fall_and_getup_iql_manager-locomotion,iql,99000,8,99000,1bbd83793b49a840,-1253.173095703,74157,3344,31.9248,7.1652,24.7596,33.3171,0.74315,0.8325,1.0119,1.2154
20260803_034538-g1_29dof_wbt_fall_and_getup_iql_manager-locomotion,iql,99000,12,99000,1bbd83793b49a840,-1253.173095703,134624,2881,28.8593,6.9043,21.9549,33.3171,0.65897,0.8217,1.0228,1.2448
20260803_034538-g1_29dof_wbt_fall_and_getup_iql_manager-locomotion,iql,99000,16,99000,1bbd83793b49a840,-1253.173095703,198771,3756,18.525,7.782,10.743,33.3171,0.32245,0.8007,1.0283,1.2842
20260803_034538-g1_29dof_wbt_fall_and_getup_iql_manager-locomotion,iql,100000,0,100000,e749a2f3c37ee0e1,-1211.374633789,192109,6729,19.7258,1.2773,18.4485,34.4629,0.53531,0.9496,1.4525,1.5295
20260803_034538-g1_29dof_wbt_fall_and_getup_iql_manager-locomotion,iql,100000,1,100000,e749a2f3c37ee0e1,-1211.374633789,94738,12464,15.3314,6.7374,8.5941,34.4629,0.24937,0.9622,1.1847,1.2312
20260803_034538-g1_29dof_wbt_fall_and_getup_iql_manager-locomotion,iql,100000,2,100000,e749a2f3c37ee0e1,-1211.374633789,16213,105373,17.8981,3.8803,14.0178,34.4629,0.40675,0.9952,1.0497,1.0548
20260803_034538-g1_29dof_wbt_fall_and_getup_iql_manager-locomotion,iql,100000,3,100000,e749a2f3c37ee0e1,-1211.374633789,18957,19294,19.7715,0.7103,19.0612,34.4629,0.55309,1.1156,1.2618,1.131
20260803_034538-g1_29dof_wbt_fall_and_getup_iql_manager-locomotion,iql,100000,4,100000,e749a2f3c37ee0e1,-1211.374633789,21006,10750,21.9578,5.4404,16.5174,34.4629,0.47928,1.1251,1.2911,1.1475
20260803_034538-g1_29dof_wbt_fall_and_getup_iql_manager-locomotion,iql,100000,5,100000,e749a2f3c37ee0e1,-1211.374633789,29649,5332,27.7739,5.5653,22.2086,34.4629,0.64442,1.0411,1.1644,1.1185
20260803_034538-g1_29dof_wbt_fall_and_getup_iql_manager-locomotion,iql,100000,8,100000,e749a2f3c37ee0e1,-1211.374633789,74157,3344,32.57,6.9546,25.6154,34.4629,0.74327,0.8337,1.0148,1.2172
20260803_034538-g1_29dof_wbt_fall_and_getup_iql_manager-locomotion,iql,100000,12,100000,e749a2f3c37ee0e1,-1211.374633789,134624,2881,29.4718,6.0636,23.4082,34.4629,0.67923,0.8214,1.0229,1.2454
20260803_034538-g1_29dof_wbt_fall_and_getup_iql_manager-locomotion,iql,100000,16,100000,e749a2f3c37ee0e1,-1211.374633789,198771,3756,18.5906,6.7638,11.8267,34.4629,0.34317,0.8006,1.0293,1.2857
