run,algo,step,bin,checkpoint_global_step,critic_checksum,first_layer_sum,n_surv,n_fail,Q_surv,Q_fail,Delta,span,Delta_hat,d_surv,d_fail,d_ratio
20260731_145639-g1_29dof_wbt_fall_and_getup_cql_manager-locomotion,cql,1000,0,1000,5262914129703816,-6.726163864,192109,6729,-6.37,-5.5067,-0.8633,184.4698,-0.00468,1.2257,1.657,1.3519
20260731_145639-g1_29dof_wbt_fall_and_getup_cql_manager-locomotion,cql,1000,1,1000,5262914129703816,-6.726163864,94738,12464,-2.3274,-5.5133,3.1858,184.4698,0.01727,1.1676,1.4753,1.2635
20260731_145639-g1_29dof_wbt_fall_and_getup_cql_manager-locomotion,cql,1000,2,1000,5262914129703816,-6.726163864,16213,105373,-21.0014,-4.9347,-16.0666,184.4698,-0.0871,1.4828,1.3411,0.9044
20260731_145639-g1_29dof_wbt_fall_and_getup_cql_manager-locomotion,cql,1000,3,1000,5262914129703816,-6.726163864,18957,19294,-121.5808,-7.7183,-113.8625,184.4698,-0.61724,2.4296,1.7786,0.732
20260731_145639-g1_29dof_wbt_fall_and_getup_cql_manager-locomotion,cql,1000,4,1000,5262914129703816,-6.726163864,21006,10750,-145.1818,-51.208,-93.9738,184.4698,-0.50943,2.5885,2.1805,0.8424
20260731_145639-g1_29dof_wbt_fall_and_getup_cql_manager-locomotion,cql,1000,5,1000,5262914129703816,-6.726163864,29649,5332,-112.8067,-96.4474,-16.3593,184.4698,-0.08868,2.0511,2.3918,1.1661
20260731_145639-g1_29dof_wbt_fall_and_getup_cql_manager-locomotion,cql,1000,8,1000,5262914129703816,-6.726163864,74157,3344,-21.5997,-45.4359,23.8362,184.4698,0.12921,1.2283,1.4497,1.1802
20260731_145639-g1_29dof_wbt_fall_and_getup_cql_manager-locomotion,cql,1000,12,1000,5262914129703816,-6.726163864,134624,2881,27.9097,9.7872,18.1225,184.4698,0.09824,1.1649,1.3547,1.1629
20260731_145639-g1_29dof_wbt_fall_and_getup_cql_manager-locomotion,cql,1000,16,1000,5262914129703816,-6.726163864,198771,3756,37.9827,23.5762,14.4065,184.4698,0.0781,1.1234,1.3312,1.185
20260731_145639-g1_29dof_wbt_fall_and_getup_cql_manager-locomotion,cql,2000,0,2000,e80857078e322bd0,56.408504486,192109,6729,45.2697,12.7334,32.5363,87.1518,0.37333,1.1751,1.9207,1.6345
20260731_145639-g1_29dof_wbt_fall_and_getup_cql_manager-locomotion,cql,2000,1,2000,e80857078e322bd0,56.408504486,94738,12464,19.5214,15.4563,4.0651,87.1518,0.04664,1.1649,1.3988,1.2008
20260731_145639-g1_29dof_wbt_fall_and_getup_cql_manager-locomotion,cql,2000,2,2000,e80857078e322bd0,56.408504486,16213,105373,1.5968,4.7208,-3.124,87.1518,-0.03585,1.3866,1.282,0.9245
20260731_145639-g1_29dof_wbt_fall_and_getup_cql_manager-locomotion,cql,2000,3,2000,e80857078e322bd0,56.408504486,18957,19294,5.1159,-1.2955,6.4114,87.1518,0.07357,1.5662,1.5815,1.0098
20260731_145639-g1_29dof_wbt_fall_and_getup_cql_manager-locomotion,cql,2000,4,2000,e80857078e322bd0,56.408504486,21006,10750,14.9156,-1.2941,16.2097,87.1518,0.18599,1.7221,1.7666,1.0258
20260731_145639-g1_29dof_wbt_fall_and_getup_cql_manager-locomotion,cql,2000,5,2000,e80857078e322bd0,56.408504486,29649,5332,37.7468,4.1338,33.613,87.1518,0.38568,1.5538,1.8549,1.1938
20260731_145639-g1_29dof_wbt_fall_and_getup_cql_manager-locomotion,cql,2000,8,2000,e80857078e322bd0,56.408504486,74157,3344,70.2816,28.72,41.5616,87.1518,0.47689,1.1206,1.4223,1.2693
20260731_145639-g1_29dof_wbt_fall_and_getup_cql_manager-locomotion,cql,2000,12,2000,e80857078e322bd0,56.408504486,134624,2881,79.8131,36.211,43.602,87.1518,0.5003,1.0084,1.3499,1.3387
20260731_145639-g1_29dof_wbt_fall_and_getup_cql_manager-locomotion,cql,2000,16,2000,e80857078e322bd0,56.408504486,198771,3756,46.4709,22.1697,24.3012,87.1518,0.27884,0.9674,1.2858,1.3291
20260731_145639-g1_29dof_wbt_fall_and_getup_cql_manager-locomotion,cql,3000,0,3000,2d38ec02b9060e9d,96.971000671,192109,6729,51.2343,17.1583,34.076,82.0814,0.41515,1.0646,1.7915,1.6827
20260731_145639-g1_29dof_wbt_fall_and_getup_cql_manager-locomotion,cql,3000,1,3000,2d38ec02b9060e9d,96.971000671,94738,12464,32.8487,22.8914,9.9573,82.0814,0.12131,1.0671,1.323,1.2398
20260731_145639-g1_29dof_wbt_fall_and_getup_cql_manager-locomotion,cql,3000,2,3000,2d38ec02b9060e9d,96.971000671,16213,105373,20.0597,8.2327,11.827,82.0814,0.14409,1.2039,1.2017,0.9982
20260731_145639-g1_29dof_wbt_fall_and_getup_cql_manager-locomotion,cql,3000,3,3000,2d38ec02b9060e9d,96.971000671,18957,19294,19.1747,-0.3606,19.5354,82.0814,0.238,1.4432,1.4823,1.0271
20260731_145639-g1_29dof_wbt_fall_and_getup_cql_manager-locomotion,cql,3000,4,3000,2d38ec02b9060e9d,96.971000671,21006,10750,20.6555,-1.332,21.9875,82.0814,0.26787,1.5636,1.7227,1.1018
20260731_145639-g1_29dof_wbt_fall_and_getup_cql_manager-locomotion,cql,3000,5,3000,2d38ec02b9060e9d,96.971000671,29649,5332,39.8847,1.9087,37.976,82.0814,0.46266,1.4766,1.7342,1.1745
20260731_145639-g1_29dof_wbt_fall_and_getup_cql_manager-locomotion,cql,3000,8,3000,2d38ec02b9060e9d,96.971000671,74157,3344,68.7517,23.4787,45.273,82.0814,0.55156,1.0348,1.3332,1.2884
20260731_145639-g1_29dof_wbt_fall_and_getup_cql_manager-locomotion,cql,3000,12,3000,2d38ec02b9060e9d,96.971000671,134624,2881,74.2833,29.5996,44.6837,82.0814,0.54438,0.9698,1.3172,1.3582
20260731_145639-g1_29dof_wbt_fall_and_getup_cql_manager-locomotion,cql,3000,16,3000,2d38ec02b9060e9d,96.971000671,198771,3756,47.0798,15.8369,31.2429,82.0814,0.38063,0.9218,1.2442,1.3497
20260731_145639-g1_29dof_wbt_fall_and_getup_cql_manager-locomotion,cql,4000,0,4000,c9b9b7c681f837d0,80.4087677,192109,6729,59.0068,20.5764,38.4304,79.7023,0.48217,1.0334,1.7683,1.7112
20260731_145639-g1_29dof_wbt_fall_and_getup_cql_manager-locomotion,cql,4000,1,4000,c9b9b7c681f837d0,80.4087677,94738,12464,35.5681,24.8573,10.7108,79.7023,0.13438,1.0294,1.2997,1.2625
20260731_145639-g1_29dof_wbt_fall_and_getup_cql_manager-locomotion,cql,4000,2,4000,c9b9b7c681f837d0,80.4087677,16213,105373,15.4243,8.733,6.6913,79.7023,0.08395,1.1452,1.1405,0.9959
20260731_145639-g1_29dof_wbt_fall_and_getup_cql_manager-locomotion,cql,4000,3,4000,c9b9b7c681f837d0,80.4087677,18957,19294,5.7215,-0.9386,6.6602,79.7023,0.08356,1.3314,1.4014,1.0526
20260731_145639-g1_29dof_wbt_fall_and_getup_cql_manager-locomotion,cql,4000,4,4000,c9b9b7c681f837d0,80.4087677,21006,10750,7.345,-4.6875,12.0326,79.7023,0.15097,1.421,1.53,1.0767
20260731_145639-g1_29dof_wbt_fall_and_getup_cql_manager-locomotion,cql,4000,5,4000,c9b9b7c681f837d0,80.4087677,29649,5332,25.0253,-2.6622,27.6875,79.7023,0.34739,1.3427,1.6309,1.2147
20260731_145639-g1_29dof_wbt_fall_and_getup_cql_manager-locomotion,cql,4000,8,4000,c9b9b7c681f837d0,80.4087677,74157,3344,51.0437,7.925,43.1187,79.7023,0.541,0.9492,1.2381,1.3044
20260731_145639-g1_29dof_wbt_fall_and_getup_cql_manager-locomotion,cql,4000,12,4000,c9b9b7c681f837d0,80.4087677,134624,2881,60.8781,8.8057,52.0724,79.7023,0.65334,0.8887,1.214,1.366
20260731_145639-g1_29dof_wbt_fall_and_getup_cql_manager-locomotion,cql,4000,16,4000,c9b9b7c681f837d0,80.4087677,198771,3756,38.1382,7.8065,30.3317,79.7023,0.38056,0.8503,1.1627,1.3674
20260731_145639-g1_29dof_wbt_fall_and_getup_cql_manager-locomotion,cql,5000,0,5000,ad14c12042e43821,50.10326004,192109,6729,37.365,10.5905,26.7745,72.5655,0.36897,0.9824,1.6971,1.7275
20260731_145639-g1_29dof_wbt_fall_and_getup_cql_manager-locomotion,cql,5000,1,5000,ad14c12042e43821,50.10326004,94738,12464,17.0368,13.0982,3.9386,72.5655,0.05428,0.9677,1.2289,1.2699
20260731_145639-g1_29dof_wbt_fall_and_getup_cql_manager-locomotion,cql,5000,2,5000,ad14c12042e43821,50.10326004,16213,105373,-4.4431,3.2054,-7.6484,72.5655,-0.1054,1.1221,1.0726,0.9559
20260731_145639-g1_29dof_wbt_fall_and_getup_cql_manager-locomotion,cql,5000,3,5000,ad14c12042e43821,50.10326004,18957,19294,-16.2672,-2.6115,-13.6556,72.5655,-0.18818,1.2969,1.3288,1.0246
20260731_145639-g1_29dof_wbt_fall_and_getup_cql_manager-locomotion,cql,5000,4,5000,ad14c12042e43821,50.10326004,21006,10750,-11.1205,-9.1625,-1.958,72.5655,-0.02698,1.3536,1.4455,1.0679
20260731_145639-g1_29dof_wbt_fall_and_getup_cql_manager-locomotion,cql,5000,5,5000,ad14c12042e43821,50.10326004,29649,5332,1.9132,-14.0874,16.0006,72.5655,0.2205,1.2656,1.5047,1.1889
20260731_145639-g1_29dof_wbt_fall_and_getup_cql_manager-locomotion,cql,5000,8,5000,ad14c12042e43821,50.10326004,74157,3344,35.9503,-0.7282,36.6785,72.5655,0.50545,0.9071,1.2036,1.3268
20260731_145639-g1_29dof_wbt_fall_and_getup_cql_manager-locomotion,cql,5000,12,5000,ad14c12042e43821,50.10326004,134624,2881,44.7576,-0.6349,45.3925,72.5655,0.62554,0.8618,1.1872,1.3776
20260731_145639-g1_29dof_wbt_fall_and_getup_cql_manager-locomotion,cql,5000,16,5000,ad14c12042e43821,50.10326004,198771,3756,31.8587,1.3768,30.4818,72.5655,0.42006,0.8322,1.1333,1.3618
20260731_145639-g1_29dof_wbt_fall_and_getup_cql_manager-locomotion,cql,6000,0,6000,e6ed00b312536e15,22.384281158,192109,6729,39.3614,10.5292,28.8322,71.2317,0.40477,0.9797,1.6919,1.727
20260731_145639-g1_29dof_wbt_fall_and_getup_cql_manager-locomotion,cql,6000,1,6000,e6ed00b312536e15,22.384281158,94738,12464,18.4901,14.5274,3.9627,71.2317,0.05563,0.9701,1.229,1.2669
20260731_145639-g1_29dof_wbt_fall_and_getup_cql_manager-locomotion,cql,6000,2,6000,e6ed00b312536e15,22.384281158,16213,105373,-0.6334,4.6761,-5.3095,71.2317,-0.07454,1.1009,1.064,0.9665
20260731_145639-g1_29dof_wbt_fall_and_getup_cql_manager-locomotion,cql,6000,3,6000,e6ed00b312536e15,22.384281158,18957,19294,-9.2464,-3.1241,-6.1223,71.2317,-0.08595,1.2485,1.3136,1.0522
20260731_145639-g1_29dof_wbt_fall_and_getup_cql_manager-locomotion,cql,6000,4,6000,e6ed00b312536e15,22.384281158,21006,10750,-5.1429,-9.9131,4.7703,71.2317,0.06697,1.3079,1.3978,1.0688
20260731_145639-g1_29dof_wbt_fall_and_getup_cql_manager-locomotion,cql,6000,5,6000,e6ed00b312536e15,22.384281158,29649,5332,8.8829,-10.1279,19.0109,71.2317,0.26689,1.2143,1.4505,1.1945
20260731_145639-g1_29dof_wbt_fall_and_getup_cql_manager-locomotion,cql,6000,8,6000,e6ed00b312536e15,22.384281158,74157,3344,39.1198,2.3278,36.792,71.2317,0.51651,0.8963,1.1804,1.317
20260731_145639-g1_29dof_wbt_fall_and_getup_cql_manager-locomotion,cql,6000,12,6000,e6ed00b312536e15,22.384281158,134624,2881,49.2955,2.842,46.4535,71.2317,0.65215,0.8528,1.1677,1.3692
20260731_145639-g1_29dof_wbt_fall_and_getup_cql_manager-locomotion,cql,6000,16,6000,e6ed00b312536e15,22.384281158,198771,3756,34.9341,2.7817,32.1524,71.2317,0.45138,0.8226,1.1227,1.3649
20260731_145639-g1_29dof_wbt_fall_and_getup_cql_manager-locomotion,cql,7000,0,7000,3c8502cbd0ec7461,-4.47517395,192109,6729,43.1372,11.1231,32.0141,66.5431,0.4811,0.9698,1.6591,1.7108
20260731_145639-g1_29dof_wbt_fall_and_getup_cql_manager-locomotion,cql,7000,1,7000,3c8502cbd0ec7461,-4.47517395,94738,12464,22.3034,16.5669,5.7366,66.5431,0.08621,0.9565,1.2127,1.2678
20260731_145639-g1_29dof_wbt_fall_and_getup_cql_manager-locomotion,cql,7000,2,7000,3c8502cbd0ec7461,-4.47517395,16213,105373,6.733,6.777,-0.044,66.5431,-0.00066,1.0579,1.0548,0.9971
20260731_145639-g1_29dof_wbt_fall_and_getup_cql_manager-locomotion,cql,7000,3,7000,3c8502cbd0ec7461,-4.47517395,18957,19294,2.0903,-1.6351,3.7254,66.5431,0.05598,1.2275,1.3029,1.0614
20260731_145639-g1_29dof_wbt_fall_and_getup_cql_manager-locomotion,cql,7000,4,7000,3c8502cbd0ec7461,-4.47517395,21006,10750,6.3423,-4.8143,11.1566,66.5431,0.16766,1.271,1.3674,1.0758
20260731_145639-g1_29dof_wbt_fall_and_getup_cql_manager-locomotion,cql,7000,5,7000,3c8502cbd0ec7461,-4.47517395,29649,5332,13.0065,-7.3557,20.3622,66.5431,0.306,1.1824,1.4225,1.203
20260731_145639-g1_29dof_wbt_fall_and_getup_cql_manager-locomotion,cql,7000,8,7000,3c8502cbd0ec7461,-4.47517395,74157,3344,42.0023,8.0206,33.9817,66.5431,0.51067,0.8832,1.1592,1.3126
20260731_145639-g1_29dof_wbt_fall_and_getup_cql_manager-locomotion,cql,7000,12,7000,3c8502cbd0ec7461,-4.47517395,134624,2881,50.1412,5.0225,45.1187,66.5431,0.67804,0.8511,1.1626,1.3661
20260731_145639-g1_29dof_wbt_fall_and_getup_cql_manager-locomotion,cql,7000,16,7000,3c8502cbd0ec7461,-4.47517395,198771,3756,35.0022,1.6559,33.3462,66.5431,0.50112,0.8212,1.1212,1.3653
20260731_145639-g1_29dof_wbt_fall_and_getup_cql_manager-locomotion,cql,8000,0,8000,7d415d95b29def22,-42.404373169,192109,6729,42.0196,9.8084,32.2112,62.5395,0.51505,0.9668,1.6444,1.7008
20260731_145639-g1_29dof_wbt_fall_and_getup_cql_manager-locomotion,cql,8000,1,8000,7d415d95b29def22,-42.404373169,94738,12464,20.3621,14.7697,5.5924,62.5395,0.08942,0.9554,1.2159,1.2727
20260731_145639-g1_29dof_wbt_fall_and_getup_cql_manager-locomotion,cql,8000,2,8000,7d415d95b29def22,-42.404373169,16213,105373,6.7788,6.1342,0.6446,62.5395,0.01031,1.0562,1.0458,0.9901
20260731_145639-g1_29dof_wbt_fall_and_getup_cql_manager-locomotion,cql,8000,3,8000,7d415d95b29def22,-42.404373169,18957,19294,5.1432,-1.2607,6.4039,62.5395,0.1024,1.2346,1.2898,1.0447
20260731_145639-g1_29dof_wbt_fall_and_getup_cql_manager-locomotion,cql,8000,4,8000,7d415d95b29def22,-42.404373169,21006,10750,4.957,-3.6111,8.5681,62.5395,0.137,1.2741,1.366,1.0721
20260731_145639-g1_29dof_wbt_fall_and_getup_cql_manager-locomotion,cql,8000,5,8000,7d415d95b29def22,-42.404373169,29649,5332,16.3754,-3.0071,19.3825,62.5395,0.30992,1.17,1.3891,1.1873
20260731_145639-g1_29dof_wbt_fall_and_getup_cql_manager-locomotion,cql,8000,8,8000,7d415d95b29def22,-42.404373169,74157,3344,40.6154,5.2687,35.3468,62.5395,0.56519,0.8773,1.1573,1.3191
20260731_145639-g1_29dof_wbt_fall_and_getup_cql_manager-locomotion,cql,8000,12,8000,7d415d95b29def22,-42.404373169,134624,2881,48.473,2.3226,46.1504,62.5395,0.73794,0.8445,1.1592,1.3727
20260731_145639-g1_29dof_wbt_fall_and_getup_cql_manager-locomotion,cql,8000,16,8000,7d415d95b29def22,-42.404373169,198771,3756,33.3995,2.4255,30.974,62.5395,0.49527,0.8181,1.119,1.3678
20260731_145639-g1_29dof_wbt_fall_and_getup_cql_manager-locomotion,cql,9000,0,9000,feb472ef248e96d7,-82.816078186,192109,6729,42.8764,9.235,33.6414,63.6951,0.52816,0.9596,1.6157,1.6838
20260731_145639-g1_29dof_wbt_fall_and_getup_cql_manager-locomotion,cql,9000,1,9000,feb472ef248e96d7,-82.816078186,94738,12464,21.8005,14.5457,7.2547,63.6951,0.1139,0.9477,1.1963,1.2623
20260731_145639-g1_29dof_wbt_fall_and_getup_cql_manager-locomotion,cql,9000,2,9000,feb472ef248e96d7,-82.816078186,16213,105373,9.5339,6.6212,2.9127,63.6951,0.04573,1.032,1.0297,0.9977
20260731_145639-g1_29dof_wbt_fall_and_getup_cql_manager-locomotion,cql,9000,3,9000,feb472ef248e96d7,-82.816078186,18957,19294,3.1521,-2.0946,5.2467,63.6951,0.08237,1.1836,1.265,1.0687
20260731_145639-g1_29dof_wbt_fall_and_getup_cql_manager-locomotion,cql,9000,4,9000,feb472ef248e96d7,-82.816078186,21006,10750,2.738,-4.4464,7.1844,63.6951,0.11279,1.2399,1.3312,1.0736
20260731_145639-g1_29dof_wbt_fall_and_getup_cql_manager-locomotion,cql,9000,5,9000,feb472ef248e96d7,-82.816078186,29649,5332,12.6333,-4.5052,17.1385,63.6951,0.26907,1.157,1.3804,1.1931
20260731_145639-g1_29dof_wbt_fall_and_getup_cql_manager-locomotion,cql,9000,8,9000,feb472ef248e96d7,-82.816078186,74157,3344,40.4405,6.4364,34.004,63.6951,0.53386,0.8728,1.1478,1.315
20260731_145639-g1_29dof_wbt_fall_and_getup_cql_manager-locomotion,cql,9000,12,9000,feb472ef248e96d7,-82.816078186,134624,2881,47.5173,2.9792,44.5381,63.6951,0.69924,0.8422,1.1503,1.3658
20260731_145639-g1_29dof_wbt_fall_and_getup_cql_manager-locomotion,cql,9000,16,9000,feb472ef248e96d7,-82.816078186,198771,3756,33.3728,0.7948,32.5781,63.6951,0.51147,0.8155,1.1102,1.3615
20260731_145639-g1_29dof_wbt_fall_and_getup_cql_manager-locomotion,cql,10000,0,10000,fefb047ec74de47b,-115.645095825,192109,6729,41.1845,6.3672,34.8174,62.6788,0.55549,0.9613,1.6226,1.688
20260731_145639-g1_29dof_wbt_fall_and_getup_cql_manager-locomotion,cql,10000,1,10000,fefb047ec74de47b,-115.645095825,94738,12464,20.1448,12.9747,7.1701,62.6788,0.11439,0.9455,1.1992,1.2683
20260731_145639-g1_29dof_wbt_fall_and_getup_cql_manager-locomotion,cql,10000,2,10000,fefb047ec74de47b,-115.645095825,16213,105373,8.8278,6.0442,2.7836,62.6788,0.04441,1.0381,1.0346,0.9967
20260731_145639-g1_29dof_wbt_fall_and_getup_cql_manager-locomotion,cql,10000,3,10000,fefb047ec74de47b,-115.645095825,18957,19294,4.3054,-0.9667,5.2722,62.6788,0.08411,1.1952,1.2688,1.0616
20260731_145639-g1_29dof_wbt_fall_and_getup_cql_manager-locomotion,cql,10000,4,10000,fefb047ec74de47b,-115.645095825,21006,10750,3.5761,-4.4662,8.0423,62.6788,0.12831,1.2431,1.3352,1.074
20260731_145639-g1_29dof_wbt_fall_and_getup_cql_manager-locomotion,cql,10000,5,10000,fefb047ec74de47b,-115.645095825,29649,5332,16.1593,-5.9392,22.0984,62.6788,0.35257,1.1471,1.3643,1.1894
20260731_145639-g1_29dof_wbt_fall_and_getup_cql_manager-locomotion,cql,10000,8,10000,fefb047ec74de47b,-115.645095825,74157,3344,40.0636,5.85,34.2135,62.6788,0.54585,0.8707,1.1461,1.3164
20260731_145639-g1_29dof_wbt_fall_and_getup_cql_manager-locomotion,cql,10000,12,10000,fefb047ec74de47b,-115.645095825,134624,2881,46.4874,3.9889,42.4985,62.6788,0.67804,0.8411,1.153,1.3708
20260731_145639-g1_29dof_wbt_fall_and_getup_cql_manager-locomotion,cql,10000,16,10000,fefb047ec74de47b,-115.645095825,198771,3756,32.0223,0.7951,31.2272,62.6788,0.49821,0.8133,1.1107,1.3658
20260731_145639-g1_29dof_wbt_fall_and_getup_cql_manager-locomotion,cql,11000,0,11000,42ce1225216ff14e,-159.549835205,192109,6729,41.2935,5.9157,35.3779,61.251,0.57759,0.9553,1.5989,1.6736
20260731_145639-g1_29dof_wbt_fall_and_getup_cql_manager-locomotion,cql,11000,1,11000,42ce1225216ff14e,-159.549835205,94738,12464,21.5776,13.7016,7.876,61.251,0.12859,0.9402,1.1922,1.268
20260731_145639-g1_29dof_wbt_fall_and_getup_cql_manager-locomotion,cql,11000,2,11000,42ce1225216ff14e,-159.549835205,16213,105373,11.4076,6.5871,4.8206,61.251,0.0787,1.0283,1.0272,0.9989
20260731_145639-g1_29dof_wbt_fall_and_getup_cql_manager-locomotion,cql,11000,3,11000,42ce1225216ff14e,-159.549835205,18957,19294,9.4252,-1.7872,11.2124,61.251,0.18306,1.1852,1.2532,1.0573
20260731_145639-g1_29dof_wbt_fall_and_getup_cql_manager-locomotion,cql,11000,4,11000,42ce1225216ff14e,-159.549835205,21006,10750,7.4389,-3.3729,10.8118,61.251,0.17652,1.2358,1.3333,1.0789
20260731_145639-g1_29dof_wbt_fall_and_getup_cql_manager-locomotion,cql,11000,5,11000,42ce1225216ff14e,-159.549835205,29649,5332,15.7945,-3.8092,19.6038,61.251,0.32006,1.1415,1.357,1.1888
20260731_145639-g1_29dof_wbt_fall_and_getup_cql_manager-locomotion,cql,11000,8,11000,42ce1225216ff14e,-159.549835205,74157,3344,41.7907,7.7194,34.0713,61.251,0.55626,0.8688,1.1432,1.3158
20260731_145639-g1_29dof_wbt_fall_and_getup_cql_manager-locomotion,cql,11000,12,11000,42ce1225216ff14e,-159.549835205,134624,2881,47.4229,2.8775,44.5454,61.251,0.72726,0.8405,1.1481,1.3661
20260731_145639-g1_29dof_wbt_fall_and_getup_cql_manager-locomotion,cql,11000,16,11000,42ce1225216ff14e,-159.549835205,198771,3756,32.7473,2.3305,30.4168,61.251,0.49659,0.8147,1.1118,1.3647
20260731_145639-g1_29dof_wbt_fall_and_getup_cql_manager-locomotion,cql,12000,0,12000,948fe3d33d8eb5bf,-196.558364868,192109,6729,43.4953,9.3458,34.1495,61.0229,0.55962,0.9559,1.5846,1.6577
20260731_145639-g1_29dof_wbt_fall_and_getup_cql_manager-locomotion,cql,12000,1,12000,948fe3d33d8eb5bf,-196.558364868,94738,12464,22.4379,14.8552,7.5827,61.0229,0.12426,0.9427,1.1928,1.2652
20260731_145639-g1_29dof_wbt_fall_and_getup_cql_manager-locomotion,cql,12000,2,12000,948fe3d33d8eb5bf,-196.558364868,16213,105373,9.717,6.3313,3.3858,61.0229,0.05548,1.0302,1.0314,1.0012
20260731_145639-g1_29dof_wbt_fall_and_getup_cql_manager-locomotion,cql,12000,3,12000,948fe3d33d8eb5bf,-196.558364868,18957,19294,5.6609,-1.0171,6.6781,61.0229,0.10944,1.176,1.2551,1.0673
20260731_145639-g1_29dof_wbt_fall_and_getup_cql_manager-locomotion,cql,12000,4,12000,948fe3d33d8eb5bf,-196.558364868,21006,10750,7.6141,-2.7912,10.4052,61.0229,0.17051,1.2155,1.3047,1.0733
20260731_145639-g1_29dof_wbt_fall_and_getup_cql_manager-locomotion,cql,12000,5,12000,948fe3d33d8eb5bf,-196.558364868,29649,5332,16.1061,-4.2227,20.3287,61.0229,0.33313,1.1232,1.3378,1.1911
20260731_145639-g1_29dof_wbt_fall_and_getup_cql_manager-locomotion,cql,12000,8,12000,948fe3d33d8eb5bf,-196.558364868,74157,3344,41.6009,6.4176,35.1833,61.0229,0.57656,0.8634,1.1434,1.3242
20260731_145639-g1_29dof_wbt_fall_and_getup_cql_manager-locomotion,cql,12000,12,12000,948fe3d33d8eb5bf,-196.558364868,134624,2881,47.3525,1.1102,46.2423,61.0229,0.75779,0.8378,1.1529,1.3761
20260731_145639-g1_29dof_wbt_fall_and_getup_cql_manager-locomotion,cql,12000,16,12000,948fe3d33d8eb5bf,-196.558364868,198771,3756,32.2454,-0.7007,32.9462,61.0229,0.5399,0.8117,1.1082,1.3653
20260731_145639-g1_29dof_wbt_fall_and_getup_cql_manager-locomotion,cql,13000,0,13000,d8bf6a59a87db881,-236.794342041,192109,6729,38.9399,5.3234,33.6165,60.3039,0.55745,0.9532,1.6112,1.6903
20260731_145639-g1_29dof_wbt_fall_and_getup_cql_manager-locomotion,cql,13000,1,13000,d8bf6a59a87db881,-236.794342041,94738,12464,19.1826,11.1921,7.9904,60.3039,0.1325,0.939,1.1924,1.2698
20260731_145639-g1_29dof_wbt_fall_and_getup_cql_manager-locomotion,cql,13000,2,13000,d8bf6a59a87db881,-236.794342041,16213,105373,8.4186,5.6499,2.7687,60.3039,0.04591,1.0265,1.0284,1.0018
20260731_145639-g1_29dof_wbt_fall_and_getup_cql_manager-locomotion,cql,13000,3,13000,d8bf6a59a87db881,-236.794342041,18957,19294,8.0603,-0.2249,8.2851,60.3039,0.13739,1.1805,1.2525,1.061
20260731_145639-g1_29dof_wbt_fall_and_getup_cql_manager-locomotion,cql,13000,4,13000,d8bf6a59a87db881,-236.794342041,21006,10750,6.7022,-1.7799,8.4821,60.3039,0.14066,1.2393,1.3236,1.068
20260731_145639-g1_29dof_wbt_fall_and_getup_cql_manager-locomotion,cql,13000,5,13000,d8bf6a59a87db881,-236.794342041,29649,5332,14.0788,-4.9084,18.9872,60.3039,0.31486,1.1393,1.3547,1.1891
20260731_145639-g1_29dof_wbt_fall_and_getup_cql_manager-locomotion,cql,13000,8,13000,d8bf6a59a87db881,-236.794342041,74157,3344,38.7555,4.8539,33.9016,60.3039,0.56218,0.8681,1.1507,1.3256
20260731_145639-g1_29dof_wbt_fall_and_getup_cql_manager-locomotion,cql,13000,12,13000,d8bf6a59a87db881,-236.794342041,134624,2881,46.529,2.2516,44.2774,60.3039,0.73424,0.8401,1.1573,1.3775
20260731_145639-g1_29dof_wbt_fall_and_getup_cql_manager-locomotion,cql,13000,16,13000,d8bf6a59a87db881,-236.794342041,198771,3756,31.3113,1.2309,30.0805,60.3039,0.49882,0.8141,1.1104,1.364
20260731_145639-g1_29dof_wbt_fall_and_getup_cql_manager-locomotion,cql,14000,0,14000,162d1a8653dd4a92,-283.757049561,192109,6729,38.545,4.2222,34.3228,59.8396,0.57358,0.9568,1.5968,1.6689
20260731_145639-g1_29dof_wbt_fall_and_getup_cql_manager-locomotion,cql,14000,1,14000,162d1a8653dd4a92,-283.757049561,94738,12464,19.869,12.1224,7.7466,59.8396,0.12946,0.9441,1.2014,1.2725
20260731_145639-g1_29dof_wbt_fall_and_getup_cql_manager-locomotion,cql,14000,2,14000,162d1a8653dd4a92,-283.757049561,16213,105373,8.5473,6.1634,2.3839,59.8396,0.03984,1.0234,1.0269,1.0034
20260731_145639-g1_29dof_wbt_fall_and_getup_cql_manager-locomotion,cql,14000,3,14000,162d1a8653dd4a92,-283.757049561,18957,19294,5.2221,-0.5441,5.7661,59.8396,0.09636,1.1598,1.2365,1.0662
20260731_145639-g1_29dof_wbt_fall_and_getup_cql_manager-locomotion,cql,14000,4,14000,162d1a8653dd4a92,-283.757049561,21006,10750,4.684,-4.4677,9.1517,59.8396,0.15294,1.1977,1.2897,1.0768
20260731_145639-g1_29dof_wbt_fall_and_getup_cql_manager-locomotion,cql,14000,5,14000,162d1a8653dd4a92,-283.757049561,29649,5332,15.1233,-3.4865,18.6098,59.8396,0.31099,1.1271,1.3322,1.182
20260731_145639-g1_29dof_wbt_fall_and_getup_cql_manager-locomotion,cql,14000,8,14000,162d1a8653dd4a92,-283.757049561,74157,3344,39.6206,5.6547,33.9659,59.8396,0.56762,0.8649,1.1516,1.3315
20260731_145639-g1_29dof_wbt_fall_and_getup_cql_manager-locomotion,cql,14000,12,14000,162d1a8653dd4a92,-283.757049561,134624,2881,45.7067,4.3895,41.3171,59.8396,0.69046,0.8358,1.1507,1.3769
20260731_145639-g1_29dof_wbt_fall_and_getup_cql_manager-locomotion,cql,14000,16,14000,162d1a8653dd4a92,-283.757049561,198771,3756,31.1734,4.0115,27.1619,59.8396,0.45391,0.8108,1.1054,1.3635
20260731_145639-g1_29dof_wbt_fall_and_getup_cql_manager-locomotion,cql,15000,0,15000,0a3e5d099df1831b,-318.753723145,192109,6729,38.0397,4.3953,33.6444,59.5519,0.56496,0.959,1.5725,1.6397
20260731_145639-g1_29dof_wbt_fall_and_getup_cql_manager-locomotion,cql,15000,1,15000,0a3e5d099df1831b,-318.753723145,94738,12464,20.348,12.2244,8.1236,59.5519,0.13641,0.9459,1.1933,1.2616
20260731_145639-g1_29dof_wbt_fall_and_getup_cql_manager-locomotion,cql,15000,2,15000,0a3e5d099df1831b,-318.753723145,16213,105373,9.1398,6.1304,3.0094,59.5519,0.05053,1.0262,1.0264,1.0002
20260731_145639-g1_29dof_wbt_fall_and_getup_cql_manager-locomotion,cql,15000,3,15000,0a3e5d099df1831b,-318.753723145,18957,19294,6.8211,-0.658,7.4791,59.5519,0.12559,1.1595,1.2408,1.0701
20260731_145639-g1_29dof_wbt_fall_and_getup_cql_manager-locomotion,cql,15000,4,15000,0a3e5d099df1831b,-318.753723145,21006,10750,7.3352,-3.6886,11.0238,59.5519,0.18511,1.2034,1.2947,1.0759
20260731_145639-g1_29dof_wbt_fall_and_getup_cql_manager-locomotion,cql,15000,5,15000,0a3e5d099df1831b,-318.753723145,29649,5332,15.9217,-8.2294,24.151,59.5519,0.40555,1.131,1.3404,1.1852
20260731_145639-g1_29dof_wbt_fall_and_getup_cql_manager-locomotion,cql,15000,8,15000,0a3e5d099df1831b,-318.753723145,74157,3344,38.435,4.2012,34.2338,59.5519,0.57486,0.856,1.1338,1.3245
20260731_145639-g1_29dof_wbt_fall_and_getup_cql_manager-locomotion,cql,15000,12,15000,0a3e5d099df1831b,-318.753723145,134624,2881,45.4234,2.3474,43.076,59.5519,0.72334,0.8345,1.1485,1.3762
20260731_145639-g1_29dof_wbt_fall_and_getup_cql_manager-locomotion,cql,15000,16,15000,0a3e5d099df1831b,-318.753723145,198771,3756,30.9998,1.9631,29.0367,59.5519,0.48759,0.8098,1.1027,1.3618
20260731_145639-g1_29dof_wbt_fall_and_getup_cql_manager-locomotion,cql,16000,0,16000,a1f8fe0a22c894f9,-361.786834717,192109,6729,36.7871,4.495,32.2921,59.7317,0.54062,0.9575,1.5955,1.6664
20260731_145639-g1_29dof_wbt_fall_and_getup_cql_manager-locomotion,cql,16000,1,16000,a1f8fe0a22c894f9,-361.786834717,94738,12464,18.1173,10.1258,7.9914,59.7317,0.13379,0.9422,1.1988,1.2724
20260731_145639-g1_29dof_wbt_fall_and_getup_cql_manager-locomotion,cql,16000,2,16000,a1f8fe0a22c894f9,-361.786834717,16213,105373,7.6768,5.8842,1.7926,59.7317,0.03001,1.0252,1.0257,1.0005
20260731_145639-g1_29dof_wbt_fall_and_getup_cql_manager-locomotion,cql,16000,3,16000,a1f8fe0a22c894f9,-361.786834717,18957,19294,5.85,-0.8149,6.6649,59.7317,0.11158,1.1632,1.2385,1.0648
20260731_145639-g1_29dof_wbt_fall_and_getup_cql_manager-locomotion,cql,16000,4,16000,a1f8fe0a22c894f9,-361.786834717,21006,10750,6.6122,-3.0095,9.6217,59.7317,0.16108,1.2002,1.2894,1.0743
20260731_145639-g1_29dof_wbt_fall_and_getup_cql_manager-locomotion,cql,16000,5,16000,a1f8fe0a22c894f9,-361.786834717,29649,5332,15.2029,-4.7553,19.9582,59.7317,0.33413,1.1185,1.3152,1.1759
20260731_145639-g1_29dof_wbt_fall_and_getup_cql_manager-locomotion,cql,16000,8,16000,a1f8fe0a22c894f9,-361.786834717,74157,3344,39.5291,5.6879,33.8412,59.7317,0.56655,0.8579,1.1404,1.3292
20260731_145639-g1_29dof_wbt_fall_and_getup_cql_manager-locomotion,cql,16000,12,16000,a1f8fe0a22c894f9,-361.786834717,134624,2881,45.6747,3.4898,42.1849,59.7317,0.70624,0.8353,1.1458,1.3718
20260731_145639-g1_29dof_wbt_fall_and_getup_cql_manager-locomotion,cql,16000,16,16000,a1f8fe0a22c894f9,-361.786834717,198771,3756,30.6703,2.1421,28.5282,59.7317,0.47761,0.8099,1.1029,1.3618
20260731_145639-g1_29dof_wbt_fall_and_getup_cql_manager-locomotion,cql,17000,0,17000,8c1bf1b2acbda435,-402.986877441,192109,6729,36.1924,3.3059,32.8865,59.611,0.55168,0.9514,1.5645,1.6445
20260731_145639-g1_29dof_wbt_fall_and_getup_cql_manager-locomotion,cql,17000,1,17000,8c1bf1b2acbda435,-402.986877441,94738,12464,17.8624,10.374,7.4884,59.611,0.12562,0.9409,1.1881,1.2628
20260731_145639-g1_29dof_wbt_fall_and_getup_cql_manager-locomotion,cql,17000,2,17000,8c1bf1b2acbda435,-402.986877441,16213,105373,7.2862,5.2213,2.065,59.611,0.03464,1.0232,1.0202,0.9971
20260731_145639-g1_29dof_wbt_fall_and_getup_cql_manager-locomotion,cql,17000,3,17000,8c1bf1b2acbda435,-402.986877441,18957,19294,4.9209,-0.6353,5.5562,59.611,0.09321,1.1502,1.2301,1.0694
20260731_145639-g1_29dof_wbt_fall_and_getup_cql_manager-locomotion,cql,17000,4,17000,8c1bf1b2acbda435,-402.986877441,21006,10750,4.0113,-3.5819,7.5932,59.611,0.12738,1.2005,1.2855,1.0708
20260731_145639-g1_29dof_wbt_fall_and_getup_cql_manager-locomotion,cql,17000,5,17000,8c1bf1b2acbda435,-402.986877441,29649,5332,12.3181,-5.7117,18.0297,59.611,0.30246,1.1172,1.3135,1.1757
20260731_145639-g1_29dof_wbt_fall_and_getup_cql_manager-locomotion,cql,17000,8,17000,8c1bf1b2acbda435,-402.986877441,74157,3344,38.6154,3.7315,34.8839,59.611,0.58519,0.8547,1.1347,1.3275
20260731_145639-g1_29dof_wbt_fall_and_getup_cql_manager-locomotion,cql,17000,12,17000,8c1bf1b2acbda435,-402.986877441,134624,2881,45.2044,1.1089,44.0954,59.611,0.73972,0.8341,1.1466,1.3746
20260731_145639-g1_29dof_wbt_fall_and_getup_cql_manager-locomotion,cql,17000,16,17000,8c1bf1b2acbda435,-402.986877441,198771,3756,30.6546,2.1479,28.5066,59.611,0.47821,0.8095,1.1019,1.3611
20260731_145639-g1_29dof_wbt_fall_and_getup_cql_manager-locomotion,cql,18000,0,18000,b22098467dbcf432,-449.922180176,192109,6729,36.802,4.4777,32.3242,60.335,0.53575,0.9529,1.5854,1.6638
20260731_145639-g1_29dof_wbt_fall_and_getup_cql_manager-locomotion,cql,18000,1,18000,b22098467dbcf432,-449.922180176,94738,12464,18.2755,11.649,6.6264,60.335,0.10983,0.9402,1.1894,1.2651
20260731_145639-g1_29dof_wbt_fall_and_getup_cql_manager-locomotion,cql,18000,2,18000,b22098467dbcf432,-449.922180176,16213,105373,7.7139,6.0969,1.617,60.335,0.0268,1.0312,1.0227,0.9918
20260731_145639-g1_29dof_wbt_fall_and_getup_cql_manager-locomotion,cql,18000,3,18000,b22098467dbcf432,-449.922180176,18957,19294,4.996,-0.5936,5.5896,60.335,0.09264,1.1587,1.2324,1.0636
20260731_145639-g1_29dof_wbt_fall_and_getup_cql_manager-locomotion,cql,18000,4,18000,b22098467dbcf432,-449.922180176,21006,10750,4.0207,-3.1535,7.1742,60.335,0.11891,1.1951,1.2817,1.0725
20260731_145639-g1_29dof_wbt_fall_and_getup_cql_manager-locomotion,cql,18000,5,18000,b22098467dbcf432,-449.922180176,29649,5332,15.2067,-5.9252,21.132,60.335,0.35024,1.1118,1.312,1.18
20260731_145639-g1_29dof_wbt_fall_and_getup_cql_manager-locomotion,cql,18000,8,18000,b22098467dbcf432,-449.922180176,74157,3344,39.7232,4.0466,35.6765,60.335,0.59131,0.853,1.1295,1.3242
20260731_145639-g1_29dof_wbt_fall_and_getup_cql_manager-locomotion,cql,18000,12,18000,b22098467dbcf432,-449.922180176,134624,2881,46.032,0.6476,45.3844,60.335,0.75221,0.8332,1.1427,1.3715
20260731_145639-g1_29dof_wbt_fall_and_getup_cql_manager-locomotion,cql,18000,16,18000,b22098467dbcf432,-449.922180176,198771,3756,30.6452,1.1237,29.5215,60.335,0.48929,0.809,1.1,1.3598
20260731_145639-g1_29dof_wbt_fall_and_getup_cql_manager-locomotion,cql,19000,0,19000,343a35a3a40d0ee7,-494.997161865,192109,6729,34.1437,1.5611,32.5826,60.5281,0.53831,0.9579,1.5755,1.6447
20260731_145639-g1_29dof_wbt_fall_and_getup_cql_manager-locomotion,cql,19000,1,19000,343a35a3a40d0ee7,-494.997161865,94738,12464,16.6096,10.3864,6.2231,60.5281,0.10281,0.9436,1.1924,1.2637
20260731_145639-g1_29dof_wbt_fall_and_getup_cql_manager-locomotion,cql,19000,2,19000,343a35a3a40d0ee7,-494.997161865,16213,105373,5.8772,4.8748,1.0024,60.5281,0.01656,1.0262,1.0225,0.9964
20260731_145639-g1_29dof_wbt_fall_and_getup_cql_manager-locomotion,cql,19000,3,19000,343a35a3a40d0ee7,-494.997161865,18957,19294,2.6056,-1.3172,3.9228,60.5281,0.06481,1.1587,1.2339,1.0649
20260731_145639-g1_29dof_wbt_fall_and_getup_cql_manager-locomotion,cql,19000,4,19000,343a35a3a40d0ee7,-494.997161865,21006,10750,3.2868,-4.9518,8.2385,60.5281,0.13611,1.1916,1.2806,1.0747
20260731_145639-g1_29dof_wbt_fall_and_getup_cql_manager-locomotion,cql,19000,5,19000,343a35a3a40d0ee7,-494.997161865,29649,5332,12.7638,-5.9376,18.7014,60.5281,0.30897,1.1159,1.308,1.1721
20260731_145639-g1_29dof_wbt_fall_and_getup_cql_manager-locomotion,cql,19000,8,19000,343a35a3a40d0ee7,-494.997161865,74157,3344,39.209,-1.2177,40.4268,60.5281,0.6679,0.8549,1.1344,1.3269
20260731_145639-g1_29dof_wbt_fall_and_getup_cql_manager-locomotion,cql,19000,12,19000,343a35a3a40d0ee7,-494.997161865,134624,2881,44.9873,0.2013,44.786,60.5281,0.73992,0.831,1.1334,1.3639
20260731_145639-g1_29dof_wbt_fall_and_getup_cql_manager-locomotion,cql,19000,16,19000,343a35a3a40d0ee7,-494.997161865,198771,3756,30.1706,1.7487,28.4219,60.5281,0.46957,0.8077,1.0949,1.3556
20260731_145639-g1_29dof_wbt_fall_and_getup_cql_manager-locomotion,cql,20000,0,20000,c446470660b55fb5,-538.389587402,192109,6729,32.7362,0.3931,32.3431,59.2853,0.54555,0.9539,1.5665,1.6423
20260731_145639-g1_29dof_wbt_fall_and_getup_cql_manager-locomotion,cql,20000,1,20000,c446470660b55fb5,-538.389587402,94738,12464,16.1693,9.172,6.9973,59.2853,0.11803,0.9397,1.1887,1.2649
20260731_145639-g1_29dof_wbt_fall_and_getup_cql_manager-locomotion,cql,20000,2,20000,c446470660b55fb5,-538.389587402,16213,105373,6.3439,4.2018,2.1421,59.2853,0.03613,1.0237,1.0193,0.9957
20260731_145639-g1_29dof_wbt_fall_and_getup_cql_manager-locomotion,cql,20000,3,20000,c446470660b55fb5,-538.389587402,18957,19294,3.7897,-1.3312,5.1209,59.2853,0.08638,1.1552,1.2307,1.0654
20260731_145639-g1_29dof_wbt_fall_and_getup_cql_manager-locomotion,cql,20000,4,20000,c446470660b55fb5,-538.389587402,21006,10750,4.9129,-2.5884,7.5013,59.2853,0.12653,1.1958,1.2773,1.0682
20260731_145639-g1_29dof_wbt_fall_and_getup_cql_manager-locomotion,cql,20000,5,20000,c446470660b55fb5,-538.389587402,29649,5332,15.8141,-3.2012,19.0152,59.2853,0.32074,1.1103,1.3098,1.1797
20260731_145639-g1_29dof_wbt_fall_and_getup_cql_manager-locomotion,cql,20000,8,20000,c446470660b55fb5,-538.389587402,74157,3344,37.317,-0.9495,38.2665,59.2853,0.64546,0.8559,1.1376,1.3292
20260731_145639-g1_29dof_wbt_fall_and_getup_cql_manager-locomotion,cql,20000,12,20000,c446470660b55fb5,-538.389587402,134624,2881,44.6071,0.5445,44.0626,59.2853,0.74323,0.8326,1.1368,1.3654
20260731_145639-g1_29dof_wbt_fall_and_getup_cql_manager-locomotion,cql,20000,16,20000,c446470660b55fb5,-538.389587402,198771,3756,30.2551,0.7415,29.5136,59.2853,0.49782,0.8087,1.0973,1.3569
20260731_145639-g1_29dof_wbt_fall_and_getup_cql_manager-locomotion,cql,21000,0,21000,b8b6f28f89eb60e6,-572.060668945,192109,6729,34.3793,2.658,31.7213,58.9375,0.53822,0.9488,1.5413,1.6245
20260731_145639-g1_29dof_wbt_fall_and_getup_cql_manager-locomotion,cql,21000,1,21000,b8b6f28f89eb60e6,-572.060668945,94738,12464,17.3656,9.8494,7.5161,58.9375,0.12753,0.9364,1.1828,1.2631
20260731_145639-g1_29dof_wbt_fall_and_getup_cql_manager-locomotion,cql,21000,2,21000,b8b6f28f89eb60e6,-572.060668945,16213,105373,6.3077,5.2581,1.0496,58.9375,0.01781,1.0216,1.0149,0.9934
20260731_145639-g1_29dof_wbt_fall_and_getup_cql_manager-locomotion,cql,21000,3,21000,b8b6f28f89eb60e6,-572.060668945,18957,19294,2.5979,-0.621,3.2189,58.9375,0.05462,1.1438,1.2248,1.0708
20260731_145639-g1_29dof_wbt_fall_and_getup_cql_manager-locomotion,cql,21000,4,21000,b8b6f28f89eb60e6,-572.060668945,21006,10750,2.3979,-4.2635,6.6614,58.9375,0.11302,1.1917,1.2749,1.0698
20260731_145639-g1_29dof_wbt_fall_and_getup_cql_manager-locomotion,cql,21000,5,21000,b8b6f28f89eb60e6,-572.060668945,29649,5332,13.9147,-5.7981,19.7128,58.9375,0.33447,1.1077,1.3007,1.1743
20260731_145639-g1_29dof_wbt_fall_and_getup_cql_manager-locomotion,cql,21000,8,21000,b8b6f28f89eb60e6,-572.060668945,74157,3344,37.6366,1.8738,35.7628,58.9375,0.60679,0.8533,1.1305,1.3249
20260731_145639-g1_29dof_wbt_fall_and_getup_cql_manager-locomotion,cql,21000,12,21000,b8b6f28f89eb60e6,-572.060668945,134624,2881,44.5156,3.0504,41.4652,58.9375,0.70355,0.832,1.138,1.3678
20260731_145639-g1_29dof_wbt_fall_and_getup_cql_manager-locomotion,cql,21000,16,21000,b8b6f28f89eb60e6,-572.060668945,198771,3756,29.9032,3.0312,26.872,58.9375,0.45594,0.808,1.0936,1.3535
20260731_145639-g1_29dof_wbt_fall_and_getup_cql_manager-locomotion,cql,22000,0,22000,75d72e9b3e578659,-621.626708984,192109,6729,33.8164,1.0506,32.7657,59.4516,0.55113,0.9481,1.5344,1.6184
20260731_145639-g1_29dof_wbt_fall_and_getup_cql_manager-locomotion,cql,22000,1,22000,75d72e9b3e578659,-621.626708984,94738,12464,16.8142,9.6644,7.1498,59.4516,0.12026,0.9325,1.1805,1.266
20260731_145639-g1_29dof_wbt_fall_and_getup_cql_manager-locomotion,cql,22000,2,22000,75d72e9b3e578659,-621.626708984,16213,105373,5.2097,4.6954,0.5142,59.4516,0.00865,1.02,1.0138,0.994
20260731_145639-g1_29dof_wbt_fall_and_getup_cql_manager-locomotion,cql,22000,3,22000,75d72e9b3e578659,-621.626708984,18957,19294,2.1555,-1.4854,3.6409,59.4516,0.06124,1.1475,1.2255,1.0679
20260731_145639-g1_29dof_wbt_fall_and_getup_cql_manager-locomotion,cql,22000,4,22000,75d72e9b3e578659,-621.626708984,21006,10750,2.2881,-4.6384,6.9265,59.4516,0.11651,1.1832,1.2681,1.0717
20260731_145639-g1_29dof_wbt_fall_and_getup_cql_manager-locomotion,cql,22000,5,22000,75d72e9b3e578659,-621.626708984,29649,5332,12.6405,-6.8788,19.5193,59.4516,0.32832,1.1052,1.2909,1.168
20260731_145639-g1_29dof_wbt_fall_and_getup_cql_manager-locomotion,cql,22000,8,22000,75d72e9b3e578659,-621.626708984,74157,3344,37.3903,-0.1025,37.4928,59.4516,0.63064,0.8501,1.1248,1.3232
20260731_145639-g1_29dof_wbt_fall_and_getup_cql_manager-locomotion,cql,22000,12,22000,75d72e9b3e578659,-621.626708984,134624,2881,43.7062,0.3293,43.3769,59.4516,0.72962,0.8305,1.1264,1.3563
20260731_145639-g1_29dof_wbt_fall_and_getup_cql_manager-locomotion,cql,22000,16,22000,75d72e9b3e578659,-621.626708984,198771,3756,29.4326,1.9565,27.4761,59.4516,0.46216,0.8071,1.0899,1.3503
20260731_145639-g1_29dof_wbt_fall_and_getup_cql_manager-locomotion,cql,23000,0,23000,0416e72a93d503b7,-664.750549316,192109,6729,34.3062,2.8719,31.4344,60.3033,0.52127,0.9493,1.5556,1.6386
20260731_145639-g1_29dof_wbt_fall_and_getup_cql_manager-locomotion,cql,23000,1,23000,0416e72a93d503b7,-664.750549316,94738,12464,17.2341,9.9981,7.236,60.3033,0.11999,0.9356,1.1848,1.2664
20260731_145639-g1_29dof_wbt_fall_and_getup_cql_manager-locomotion,cql,23000,2,23000,0416e72a93d503b7,-664.750549316,16213,105373,3.3639,5.1197,-1.7558,60.3033,-0.02912,1.0266,1.0167,0.9904
20260731_145639-g1_29dof_wbt_fall_and_getup_cql_manager-locomotion,cql,23000,3,23000,0416e72a93d503b7,-664.750549316,18957,19294,-0.3454,-0.8603,0.5149,60.3033,0.00854,1.1574,1.2316,1.0641
20260731_145639-g1_29dof_wbt_fall_and_getup_cql_manager-locomotion,cql,23000,4,23000,0416e72a93d503b7,-664.750549316,21006,10750,1.6206,-4.7229,6.3435,60.3033,0.10519,1.1933,1.279,1.0719
20260731_145639-g1_29dof_wbt_fall_and_getup_cql_manager-locomotion,cql,23000,5,23000,0416e72a93d503b7,-664.750549316,29649,5332,11.9148,-8.0479,19.9627,60.3033,0.33104,1.0986,1.2877,1.1721
20260731_145639-g1_29dof_wbt_fall_and_getup_cql_manager-locomotion,cql,23000,8,23000,0416e72a93d503b7,-664.750549316,74157,3344,37.9306,-2.5225,40.4531,60.3033,0.67083,0.8546,1.1382,1.3319
20260731_145639-g1_29dof_wbt_fall_and_getup_cql_manager-locomotion,cql,23000,12,23000,0416e72a93d503b7,-664.750549316,134624,2881,43.3673,-4.5719,47.9391,60.3033,0.79497,0.8323,1.1343,1.3629
20260731_145639-g1_29dof_wbt_fall_and_getup_cql_manager-locomotion,cql,23000,16,23000,0416e72a93d503b7,-664.750549316,198771,3756,28.8129,0.7572,28.0556,60.3033,0.46524,0.8087,1.0964,1.3559
20260731_145639-g1_29dof_wbt_fall_and_getup_cql_manager-locomotion,cql,24000,0,24000,237746ebafdcd4bf,-698.576904297,192109,6729,33.502,1.848,31.654,58.3122,0.54284,0.9486,1.5515,1.6357
20260731_145639-g1_29dof_wbt_fall_and_getup_cql_manager-locomotion,cql,24000,1,24000,237746ebafdcd4bf,-698.576904297,94738,12464,16.4274,9.0472,7.3802,58.3122,0.12656,0.9356,1.1835,1.2649
20260731_145639-g1_29dof_wbt_fall_and_getup_cql_manager-locomotion,cql,24000,2,24000,237746ebafdcd4bf,-698.576904297,16213,105373,4.4867,4.7429,-0.2562,58.3122,-0.00439,1.0237,1.0145,0.991
20260731_145639-g1_29dof_wbt_fall_and_getup_cql_manager-locomotion,cql,24000,3,24000,237746ebafdcd4bf,-698.576904297,18957,19294,2.9149,-0.3449,3.2598,58.3122,0.0559,1.1456,1.2264,1.0706
20260731_145639-g1_29dof_wbt_fall_and_getup_cql_manager-locomotion,cql,24000,4,24000,237746ebafdcd4bf,-698.576904297,21006,10750,2.8255,-2.7642,5.5897,58.3122,0.09586,1.189,1.2707,1.0687
20260731_145639-g1_29dof_wbt_fall_and_getup_cql_manager-locomotion,cql,24000,5,24000,237746ebafdcd4bf,-698.576904297,29649,5332,13.3116,-4.9299,18.2415,58.3122,0.31282,1.1068,1.2969,1.1718
20260731_145639-g1_29dof_wbt_fall_and_getup_cql_manager-locomotion,cql,24000,8,24000,237746ebafdcd4bf,-698.576904297,74157,3344,37.2658,1.5043,35.7615,58.3122,0.61328,0.8494,1.1222,1.3212
20260731_145639-g1_29dof_wbt_fall_and_getup_cql_manager-locomotion,cql,24000,12,24000,237746ebafdcd4bf,-698.576904297,134624,2881,43.1438,0.0583,43.0854,58.3122,0.73887,0.831,1.1267,1.3558
20260731_145639-g1_29dof_wbt_fall_and_getup_cql_manager-locomotion,cql,24000,16,24000,237746ebafdcd4bf,-698.576904297,198771,3756,29.1886,2.1764,27.0122,58.3122,0.46323,0.8072,1.0885,1.3485
20260731_145639-g1_29dof_wbt_fall_and_getup_cql_manager-locomotion,cql,25000,0,25000,ca13bfa54bbe0639,-739.176940918,192109,6729,32.2126,1.6993,30.5133,60.162,0.50718,0.948,1.5634,1.6491
20260731_145639-g1_29dof_wbt_fall_and_getup_cql_manager-locomotion,cql,25000,1,25000,ca13bfa54bbe0639,-739.176940918,94738,12464,15.8842,8.989,6.8952,60.162,0.11461,0.9329,1.1874,1.2728
20260731_145639-g1_29dof_wbt_fall_and_getup_cql_manager-locomotion,cql,25000,2,25000,ca13bfa54bbe0639,-739.176940918,16213,105373,3.5125,4.3812,-0.8687,60.162,-0.01444,1.0301,1.0178,0.988
20260731_145639-g1_29dof_wbt_fall_and_getup_cql_manager-locomotion,cql,25000,3,25000,ca13bfa54bbe0639,-739.176940918,18957,19294,1.6719,-0.9569,2.6289,60.162,0.0437,1.1459,1.2254,1.0694
20260731_145639-g1_29dof_wbt_fall_and_getup_cql_manager-locomotion,cql,25000,4,25000,ca13bfa54bbe0639,-739.176940918,21006,10750,1.5365,-4.7756,6.3121,60.162,0.10492,1.182,1.2613,1.0671
20260731_145639-g1_29dof_wbt_fall_and_getup_cql_manager-locomotion,cql,25000,5,25000,ca13bfa54bbe0639,-739.176940918,29649,5332,11.8942,-7.6394,19.5336,60.162,0.32468,1.1047,1.2873,1.1653
20260731_145639-g1_29dof_wbt_fall_and_getup_cql_manager-locomotion,cql,25000,8,25000,ca13bfa54bbe0639,-739.176940918,74157,3344,35.4082,-2.091,37.4992,60.162,0.6233,0.8494,1.1173,1.3155
20260731_145639-g1_29dof_wbt_fall_and_getup_cql_manager-locomotion,cql,25000,12,25000,ca13bfa54bbe0639,-739.176940918,134624,2881,42.956,-1.6836,44.6396,60.162,0.74199,0.832,1.1279,1.3556
20260731_145639-g1_29dof_wbt_fall_and_getup_cql_manager-locomotion,cql,25000,16,25000,ca13bfa54bbe0639,-739.176940918,198771,3756,28.7054,0.362,28.3434,60.162,0.47112,0.8084,1.0922,1.3511
20260731_145639-g1_29dof_wbt_fall_and_getup_cql_manager-locomotion,cql,26000,0,26000,a869c49c58847c5b,-779.508789062,192109,6729,30.139,0.1223,30.0167,60.0801,0.49961,0.9448,1.5348,1.6245
20260731_145639-g1_29dof_wbt_fall_and_getup_cql_manager-locomotion,cql,26000,1,26000,a869c49c58847c5b,-779.508789062,94738,12464,15.2024,8.5578,6.6446,60.0801,0.1106,0.9292,1.175,1.2645
20260731_145639-g1_29dof_wbt_fall_and_getup_cql_manager-locomotion,cql,26000,2,26000,a869c49c58847c5b,-779.508789062,16213,105373,3.3151,4.24,-0.9249,60.0801,-0.0154,1.0145,1.0071,0.9927
20260731_145639-g1_29dof_wbt_fall_and_getup_cql_manager-locomotion,cql,26000,3,26000,a869c49c58847c5b,-779.508789062,18957,19294,1.2311,-1.4819,2.7131,60.0801,0.04516,1.139,1.2171,1.0685
20260731_145639-g1_29dof_wbt_fall_and_getup_cql_manager-locomotion,cql,26000,4,26000,a869c49c58847c5b,-779.508789062,21006,10750,0.8336,-4.8568,5.6904,60.0801,0.09471,1.1745,1.26,1.0728
20260731_145639-g1_29dof_wbt_fall_and_getup_cql_manager-locomotion,cql,26000,5,26000,a869c49c58847c5b,-779.508789062,29649,5332,11.6396,-6.2906,17.9303,60.0801,0.29844,1.0954,1.2759,1.1648
20260731_145639-g1_29dof_wbt_fall_and_getup_cql_manager-locomotion,cql,26000,8,26000,a869c49c58847c5b,-779.508789062,74157,3344,35.2572,-0.9804,36.2375,60.0801,0.60315,0.8472,1.1234,1.326
20260731_145639-g1_29dof_wbt_fall_and_getup_cql_manager-locomotion,cql,26000,12,26000,a869c49c58847c5b,-779.508789062,134624,2881,43.7458,-0.3833,44.1292,60.0801,0.73451,0.8287,1.1231,1.3553
20260731_145639-g1_29dof_wbt_fall_and_getup_cql_manager-locomotion,cql,26000,16,26000,a869c49c58847c5b,-779.508789062,198771,3756,28.6613,1.2872,27.3741,60.0801,0.45563,0.8057,1.0855,1.3472
20260731_145639-g1_29dof_wbt_fall_and_getup_cql_manager-locomotion,cql,27000,0,27000,59cd651b06de67b5,-820.655456543,192109,6729,30.368,0.7919,29.5761,60.2269,0.49108,0.9488,1.5306,1.6131
20260731_145639-g1_29dof_wbt_fall_and_getup_cql_manager-locomotion,cql,27000,1,27000,59cd651b06de67b5,-820.655456543,94738,12464,14.7345,8.2161,6.5183,60.2269,0.10823,0.9343,1.1774,1.2602
20260731_145639-g1_29dof_wbt_fall_and_getup_cql_manager-locomotion,cql,27000,2,27000,59cd651b06de67b5,-820.655456543,16213,105373,2.2875,3.8639,-1.5764,60.2269,-0.02618,1.0186,1.0127,0.9943
20260731_145639-g1_29dof_wbt_fall_and_getup_cql_manager-locomotion,cql,27000,3,27000,59cd651b06de67b5,-820.655456543,18957,19294,-1.2836,-1.8933,0.6097,60.2269,0.01012,1.1385,1.2245,1.0755
20260731_145639-g1_29dof_wbt_fall_and_getup_cql_manager-locomotion,cql,27000,4,27000,59cd651b06de67b5,-820.655456543,21006,10750,0.1743,-5.0146,5.1889,60.2269,0.08616,1.1702,1.2581,1.0751
20260731_145639-g1_29dof_wbt_fall_and_getup_cql_manager-locomotion,cql,27000,5,27000,59cd651b06de67b5,-820.655456543,29649,5332,9.8991,-7.579,17.478,60.2269,0.2902,1.0936,1.2755,1.1663
20260731_145639-g1_29dof_wbt_fall_and_getup_cql_manager-locomotion,cql,27000,8,27000,59cd651b06de67b5,-820.655456543,74157,3344,34.993,-2.2817,37.2746,60.2269,0.6189,0.8487,1.1246,1.3251
20260731_145639-g1_29dof_wbt_fall_and_getup_cql_manager-locomotion,cql,27000,12,27000,59cd651b06de67b5,-820.655456543,134624,2881,42.494,-1.5508,44.0448,60.2269,0.73131,0.8311,1.122,1.3499
20260731_145639-g1_29dof_wbt_fall_and_getup_cql_manager-locomotion,cql,27000,16,27000,59cd651b06de67b5,-820.655456543,198771,3756,28.5763,-0.7547,29.331,60.2269,0.48701,0.8071,1.0875,1.3474
20260731_145639-g1_29dof_wbt_fall_and_getup_cql_manager-locomotion,cql,28000,0,28000,be9a7031538e0dd5,-856.216369629,192109,6729,30.6656,-0.8502,31.5158,59.4876,0.52979,0.9458,1.5303,1.618
20260731_145639-g1_29dof_wbt_fall_and_getup_cql_manager-locomotion,cql,28000,1,28000,be9a7031538e0dd5,-856.216369629,94738,12464,14.5899,7.294,7.2959,59.4876,0.12265,0.9308,1.1779,1.2654
20260731_145639-g1_29dof_wbt_fall_and_getup_cql_manager-locomotion,cql,28000,2,28000,be9a7031538e0dd5,-856.216369629,16213,105373,1.8669,4.157,-2.29,59.4876,-0.0385,1.0231,1.0095,0.9867
20260731_145639-g1_29dof_wbt_fall_and_getup_cql_manager-locomotion,cql,28000,3,28000,be9a7031538e0dd5,-856.216369629,18957,19294,-2.175,-1.2902,-0.8849,59.4876,-0.01487,1.1396,1.2145,1.0657
20260731_145639-g1_29dof_wbt_fall_and_getup_cql_manager-locomotion,cql,28000,4,28000,be9a7031538e0dd5,-856.216369629,21006,10750,-0.604,-4.9237,4.3197,59.4876,0.07262,1.172,1.2541,1.0701
20260731_145639-g1_29dof_wbt_fall_and_getup_cql_manager-locomotion,cql,28000,5,28000,be9a7031538e0dd5,-856.216369629,29649,5332,10.3752,-6.9043,17.2795,59.4876,0.29047,1.0875,1.2681,1.1662
20260731_145639-g1_29dof_wbt_fall_and_getup_cql_manager-locomotion,cql,28000,8,28000,be9a7031538e0dd5,-856.216369629,74157,3344,35.6399,-4.9804,40.6203,59.4876,0.68284,0.8482,1.1187,1.3189
20260731_145639-g1_29dof_wbt_fall_and_getup_cql_manager-locomotion,cql,28000,12,28000,be9a7031538e0dd5,-856.216369629,134624,2881,42.1368,-3.9432,46.0801,59.4876,0.77462,0.8281,1.1197,1.3522
20260731_145639-g1_29dof_wbt_fall_and_getup_cql_manager-locomotion,cql,28000,16,28000,be9a7031538e0dd5,-856.216369629,198771,3756,28.279,-0.1076,28.3867,59.4876,0.47719,0.8057,1.0859,1.3478
20260731_145639-g1_29dof_wbt_fall_and_getup_cql_manager-locomotion,cql,29000,0,29000,f9b8990065a14c45,-895.981567383,192109,6729,30.3941,-1.1985,31.5926,59.2375,0.53332,0.9502,1.54,1.6207
20260731_145639-g1_29dof_wbt_fall_and_getup_cql_manager-locomotion,cql,29000,1,29000,f9b8990065a14c45,-895.981567383,94738,12464,15.0788,7.6113,7.4675,59.2375,0.12606,0.9345,1.1805,1.2633
20260731_145639-g1_29dof_wbt_fall_and_getup_cql_manager-locomotion,cql,29000,2,29000,f9b8990065a14c45,-895.981567383,16213,105373,1.9024,4.0137,-2.1113,59.2375,-0.03564,1.0255,1.0125,0.9873
20260731_145639-g1_29dof_wbt_fall_and_getup_cql_manager-locomotion,cql,29000,3,29000,f9b8990065a14c45,-895.981567383,18957,19294,-1.7141,-1.8313,0.1172,59.2375,0.00198,1.1411,1.2222,1.071
20260731_145639-g1_29dof_wbt_fall_and_getup_cql_manager-locomotion,cql,29000,4,29000,f9b8990065a14c45,-895.981567383,21006,10750,-0.9897,-4.9538,3.9641,59.2375,0.06692,1.1684,1.2568,1.0756
20260731_145639-g1_29dof_wbt_fall_and_getup_cql_manager-locomotion,cql,29000,5,29000,f9b8990065a14c45,-895.981567383,29649,5332,10.7842,-6.7481,17.5323,59.2375,0.29597,1.086,1.2637,1.1636
20260731_145639-g1_29dof_wbt_fall_and_getup_cql_manager-locomotion,cql,29000,8,29000,f9b8990065a14c45,-895.981567383,74157,3344,34.2177,-3.1923,37.41,59.2375,0.63153,0.8486,1.1217,1.3219
20260731_145639-g1_29dof_wbt_fall_and_getup_cql_manager-locomotion,cql,29000,12,29000,f9b8990065a14c45,-895.981567383,134624,2881,42.1386,-0.154,42.2927,59.2375,0.71395,0.8295,1.1152,1.3444
20260731_145639-g1_29dof_wbt_fall_and_getup_cql_manager-locomotion,cql,29000,16,29000,f9b8990065a14c45,-895.981567383,198771,3756,28.109,0.7849,27.324,59.2375,0.46126,0.8066,1.0861,1.3466
20260731_145639-g1_29dof_wbt_fall_and_getup_cql_manager-locomotion,cql,30000,0,30000,1975caf2bdddb575,-933.323974609,192109,6729,30.2974,-1.4754,31.7727,60.1242,0.52845,0.9482,1.5316,1.6153
20260731_145639-g1_29dof_wbt_fall_and_getup_cql_manager-locomotion,cql,30000,1,30000,1975caf2bdddb575,-933.323974609,94738,12464,15.0566,7.5767,7.4798,60.1242,0.12441,0.9358,1.1799,1.2609
20260731_145639-g1_29dof_wbt_fall_and_getup_cql_manager-locomotion,cql,30000,2,30000,1975caf2bdddb575,-933.323974609,16213,105373,1.4242,4.3155,-2.8912,60.1242,-0.04809,1.0264,1.0112,0.9852
20260731_145639-g1_29dof_wbt_fall_and_getup_cql_manager-locomotion,cql,30000,3,30000,1975caf2bdddb575,-933.323974609,18957,19294,-1.9379,-0.9452,-0.9928,60.1242,-0.01651,1.1346,1.2134,1.0695
20260731_145639-g1_29dof_wbt_fall_and_getup_cql_manager-locomotion,cql,30000,4,30000,1975caf2bdddb575,-933.323974609,21006,10750,-0.7949,-5.138,4.3431,60.1242,0.07224,1.1731,1.2548,1.0697
20260731_145639-g1_29dof_wbt_fall_and_getup_cql_manager-locomotion,cql,30000,5,30000,1975caf2bdddb575,-933.323974609,29649,5332,10.2727,-7.5269,17.7996,60.1242,0.29605,1.0928,1.2707,1.1628
20260731_145639-g1_29dof_wbt_fall_and_getup_cql_manager-locomotion,cql,30000,8,30000,1975caf2bdddb575,-933.323974609,74157,3344,35.5028,-0.8285,36.3313,60.1242,0.60427,0.8456,1.1202,1.3247
20260731_145639-g1_29dof_wbt_fall_and_getup_cql_manager-locomotion,cql,30000,12,30000,1975caf2bdddb575,-933.323974609,134624,2881,41.8766,-4.193,46.0696,60.1242,0.76624,0.8282,1.1137,1.3448
20260731_145639-g1_29dof_wbt_fall_and_getup_cql_manager-locomotion,cql,30000,16,30000,1975caf2bdddb575,-933.323974609,198771,3756,27.6889,-0.2753,27.9642,60.1242,0.46511,0.8056,1.0828,1.3441
20260731_145639-g1_29dof_wbt_fall_and_getup_cql_manager-locomotion,cql,31000,0,31000,f0da93ed63f2a625,-973.446594238,192109,6729,30.0169,-2.0279,32.0449,59.4637,0.5389,0.9472,1.5234,1.6083
20260731_145639-g1_29dof_wbt_fall_and_getup_cql_manager-locomotion,cql,31000,1,31000,f0da93ed63f2a625,-973.446594238,94738,12464,13.9422,7.2091,6.7331,59.4637,0.11323,0.9355,1.1814,1.2628
20260731_145639-g1_29dof_wbt_fall_and_getup_cql_manager-locomotion,cql,31000,2,31000,f0da93ed63f2a625,-973.446594238,16213,105373,1.2657,4.2444,-2.9786,59.4637,-0.05009,1.0312,1.0169,0.9861
20260731_145639-g1_29dof_wbt_fall_and_getup_cql_manager-locomotion,cql,31000,3,31000,f0da93ed63f2a625,-973.446594238,18957,19294,-2.6051,-1.0965,-1.5086,59.4637,-0.02537,1.1378,1.2228,1.0747
20260731_145639-g1_29dof_wbt_fall_and_getup_cql_manager-locomotion,cql,31000,4,31000,f0da93ed63f2a625,-973.446594238,21006,10750,-1.6687,-4.5911,2.9224,59.4637,0.04915,1.1674,1.251,1.0716
20260731_145639-g1_29dof_wbt_fall_and_getup_cql_manager-locomotion,cql,31000,5,31000,f0da93ed63f2a625,-973.446594238,29649,5332,10.3933,-8.6103,19.0036,59.4637,0.31958,1.0836,1.2607,1.1634
20260731_145639-g1_29dof_wbt_fall_and_getup_cql_manager-locomotion,cql,31000,8,31000,f0da93ed63f2a625,-973.446594238,74157,3344,33.6884,-3.0327,36.7211,59.4637,0.61754,0.8452,1.1196,1.3247
20260731_145639-g1_29dof_wbt_fall_and_getup_cql_manager-locomotion,cql,31000,12,31000,f0da93ed63f2a625,-973.446594238,134624,2881,41.3532,-3.3789,44.7321,59.4637,0.75226,0.8286,1.1116,1.3416
20260731_145639-g1_29dof_wbt_fall_and_getup_cql_manager-locomotion,cql,31000,16,31000,f0da93ed63f2a625,-973.446594238,198771,3756,27.4133,-0.2331,27.6463,59.4637,0.46493,0.8063,1.0834,1.3436
20260731_145639-g1_29dof_wbt_fall_and_getup_cql_manager-locomotion,cql,32000,0,32000,c1d482d59bbd87bf,-1011.495361328,192109,6729,29.9814,-1.5218,31.5032,59.6569,0.52807,0.9474,1.5156,1.5997
20260731_145639-g1_29dof_wbt_fall_and_getup_cql_manager-locomotion,cql,32000,1,32000,c1d482d59bbd87bf,-1011.495361328,94738,12464,14.2968,6.4504,7.8464,59.6569,0.13153,0.9328,1.1747,1.2594
20260731_145639-g1_29dof_wbt_fall_and_getup_cql_manager-locomotion,cql,32000,2,32000,c1d482d59bbd87bf,-1011.495361328,16213,105373,1.2988,3.7258,-2.427,59.6569,-0.04068,1.0224,1.0107,0.9885
20260731_145639-g1_29dof_wbt_fall_and_getup_cql_manager-locomotion,cql,32000,3,32000,c1d482d59bbd87bf,-1011.495361328,18957,19294,-2.1731,-1.2201,-0.9531,59.6569,-0.01598,1.1432,1.2207,1.0678
20260731_145639-g1_29dof_wbt_fall_and_getup_cql_manager-locomotion,cql,32000,4,32000,c1d482d59bbd87bf,-1011.495361328,21006,10750,-1.7771,-4.5224,2.7453,59.6569,0.04602,1.1744,1.2535,1.0674
20260731_145639-g1_29dof_wbt_fall_and_getup_cql_manager-locomotion,cql,32000,5,32000,c1d482d59bbd87bf,-1011.495361328,29649,5332,8.5057,-6.5624,15.0681,59.6569,0.25258,1.0803,1.2508,1.1579
20260731_145639-g1_29dof_wbt_fall_and_getup_cql_manager-locomotion,cql,32000,8,32000,c1d482d59bbd87bf,-1011.495361328,74157,3344,33.8973,-0.9573,34.8546,59.6569,0.58425,0.8493,1.1222,1.3213
20260731_145639-g1_29dof_wbt_fall_and_getup_cql_manager-locomotion,cql,32000,12,32000,c1d482d59bbd87bf,-1011.495361328,134624,2881,41.8175,-2.2227,44.0402,59.6569,0.73823,0.8285,1.11,1.3399
20260731_145639-g1_29dof_wbt_fall_and_getup_cql_manager-locomotion,cql,32000,16,32000,c1d482d59bbd87bf,-1011.495361328,198771,3756,27.8793,-0.608,28.4873,59.6569,0.47752,0.8054,1.0806,1.3416
20260731_145639-g1_29dof_wbt_fall_and_getup_cql_manager-locomotion,cql,33000,0,33000,445260e98e51a5ab,-1043.804199219,192109,6729,30.0506,-2.7892,32.8398,58.8007,0.55849,0.9465,1.5274,1.6138
20260731_145639-g1_29dof_wbt_fall_and_getup_cql_manager-locomotion,cql,33000,1,33000,445260e98e51a5ab,-1043.804199219,94738,12464,14.6644,7.6082,7.0562,58.8007,0.12,0.9312,1.1785,1.2656
20260731_145639-g1_29dof_wbt_fall_and_getup_cql_manager-locomotion,cql,33000,2,33000,445260e98e51a5ab,-1043.804199219,16213,105373,1.5772,4.1261,-2.5489,58.8007,-0.04335,1.0223,1.0099,0.9878
20260731_145639-g1_29dof_wbt_fall_and_getup_cql_manager-locomotion,cql,33000,3,33000,445260e98e51a5ab,-1043.804199219,18957,19294,-4.5965,-1.4807,-3.1157,58.8007,-0.05299,1.1397,1.2153,1.0663
20260731_145639-g1_29dof_wbt_fall_and_getup_cql_manager-locomotion,cql,33000,4,33000,445260e98e51a5ab,-1043.804199219,21006,10750,-2.4341,-5.6267,3.1926,58.8007,0.05429,1.1684,1.2536,1.0729
20260731_145639-g1_29dof_wbt_fall_and_getup_cql_manager-locomotion,cql,33000,5,33000,445260e98e51a5ab,-1043.804199219,29649,5332,11.4552,-5.5475,17.0027,58.8007,0.28916,1.0876,1.2623,1.1607
20260731_145639-g1_29dof_wbt_fall_and_getup_cql_manager-locomotion,cql,33000,8,33000,445260e98e51a5ab,-1043.804199219,74157,3344,35.1145,-3.3703,38.4848,58.8007,0.65449,0.8442,1.1146,1.3203
20260731_145639-g1_29dof_wbt_fall_and_getup_cql_manager-locomotion,cql,33000,12,33000,445260e98e51a5ab,-1043.804199219,134624,2881,41.1856,-1.5282,42.7138,58.8007,0.72642,0.8275,1.1092,1.3404
20260731_145639-g1_29dof_wbt_fall_and_getup_cql_manager-locomotion,cql,33000,16,33000,445260e98e51a5ab,-1043.804199219,198771,3756,28.0354,0.7575,27.2779,58.8007,0.4639,0.8051,1.081,1.3427
20260731_145639-g1_29dof_wbt_fall_and_getup_cql_manager-locomotion,cql,34000,0,34000,256b270bf5f4788f,-1081.873779297,192109,6729,29.4428,-3.4244,32.8672,59.4925,0.55246,0.9452,1.5192,1.6073
20260731_145639-g1_29dof_wbt_fall_and_getup_cql_manager-locomotion,cql,34000,1,34000,256b270bf5f4788f,-1081.873779297,94738,12464,14.331,6.4611,7.8698,59.4925,0.13228,0.9306,1.1755,1.2631
20260731_145639-g1_29dof_wbt_fall_and_getup_cql_manager-locomotion,cql,34000,2,34000,256b270bf5f4788f,-1081.873779297,16213,105373,0.8194,4.0789,-3.2594,59.4925,-0.05479,1.0191,1.006,0.9872
20260731_145639-g1_29dof_wbt_fall_and_getup_cql_manager-locomotion,cql,34000,3,34000,256b270bf5f4788f,-1081.873779297,18957,19294,-3.242,-1.3672,-1.8748,59.4925,-0.03151,1.1328,1.2124,1.0702
20260731_145639-g1_29dof_wbt_fall_and_getup_cql_manager-locomotion,cql,34000,4,34000,256b270bf5f4788f,-1081.873779297,21006,10750,-2.6975,-5.923,3.2255,59.4925,0.05422,1.1638,1.2512,1.0752
20260731_145639-g1_29dof_wbt_fall_and_getup_cql_manager-locomotion,cql,34000,5,34000,256b270bf5f4788f,-1081.873779297,29649,5332,9.6826,-8.0797,17.7622,59.4925,0.29856,1.0926,1.2645,1.1574
20260731_145639-g1_29dof_wbt_fall_and_getup_cql_manager-locomotion,cql,34000,8,34000,256b270bf5f4788f,-1081.873779297,74157,3344,33.425,-5.3104,38.7354,59.4925,0.6511,0.844,1.1128,1.3185
20260731_145639-g1_29dof_wbt_fall_and_getup_cql_manager-locomotion,cql,34000,12,34000,256b270bf5f4788f,-1081.873779297,134624,2881,40.7924,-3.3974,44.1898,59.4925,0.74278,0.8271,1.1059,1.3371
20260731_145639-g1_29dof_wbt_fall_and_getup_cql_manager-locomotion,cql,34000,16,34000,256b270bf5f4788f,-1081.873779297,198771,3756,27.2584,-2.4782,29.7366,59.4925,0.49984,0.8047,1.0801,1.3423
20260731_145639-g1_29dof_wbt_fall_and_getup_cql_manager-locomotion,cql,35000,0,35000,b18c5069d193140b,-1126.982543945,192109,6729,28.5823,-2.7878,31.3702,58.4369,0.53682,0.9453,1.5088,1.5961
20260731_145639-g1_29dof_wbt_fall_and_getup_cql_manager-locomotion,cql,35000,1,35000,b18c5069d193140b,-1126.982543945,94738,12464,13.3399,6.6624,6.6775,58.4369,0.11427,0.9309,1.1736,1.2607
20260731_145639-g1_29dof_wbt_fall_and_getup_cql_manager-locomotion,cql,35000,2,35000,b18c5069d193140b,-1126.982543945,16213,105373,0.399,3.4443,-3.0453,58.4369,-0.05211,1.0222,1.0081,0.9862
20260731_145639-g1_29dof_wbt_fall_and_getup_cql_manager-locomotion,cql,35000,3,35000,b18c5069d193140b,-1126.982543945,18957,19294,-1.8354,-0.9264,-0.909,58.4369,-0.01555,1.1356,1.218,1.0725
20260731_145639-g1_29dof_wbt_fall_and_getup_cql_manager-locomotion,cql,35000,4,35000,b18c5069d193140b,-1126.982543945,21006,10750,-1.9618,-5.2902,3.3285,58.4369,0.05696,1.1675,1.2518,1.0721
20260731_145639-g1_29dof_wbt_fall_and_getup_cql_manager-locomotion,cql,35000,5,35000,b18c5069d193140b,-1126.982543945,29649,5332,7.6087,-7.3165,14.9252,58.4369,0.25541,1.0813,1.2517,1.1576
20260731_145639-g1_29dof_wbt_fall_and_getup_cql_manager-locomotion,cql,35000,8,35000,b18c5069d193140b,-1126.982543945,74157,3344,34.3436,-4.8055,39.1491,58.4369,0.66994,0.8464,1.1111,1.3127
20260731_145639-g1_29dof_wbt_fall_and_getup_cql_manager-locomotion,cql,35000,12,35000,b18c5069d193140b,-1126.982543945,134624,2881,40.72,-3.766,44.486,58.4369,0.76127,0.8267,1.1039,1.3353
20260731_145639-g1_29dof_wbt_fall_and_getup_cql_manager-locomotion,cql,35000,16,35000,b18c5069d193140b,-1126.982543945,198771,3756,26.8996,-0.1674,27.067,58.4369,0.46318,0.8045,1.0796,1.3419
20260731_145639-g1_29dof_wbt_fall_and_getup_cql_manager-locomotion,cql,36000,0,36000,14bf44592e7dca94,-1165.508666992,192109,6729,28.5969,-2.8659,31.4628,58.6798,0.53618,0.9481,1.5111,1.5939
20260731_145639-g1_29dof_wbt_fall_and_getup_cql_manager-locomotion,cql,36000,1,36000,14bf44592e7dca94,-1165.508666992,94738,12464,13.5693,6.4967,7.0726,58.6798,0.12053,0.9367,1.1747,1.2541
20260731_145639-g1_29dof_wbt_fall_and_getup_cql_manager-locomotion,cql,36000,2,36000,14bf44592e7dca94,-1165.508666992,16213,105373,0.9372,3.3741,-2.4369,58.6798,-0.04153,1.0273,1.0112,0.9843
20260731_145639-g1_29dof_wbt_fall_and_getup_cql_manager-locomotion,cql,36000,3,36000,14bf44592e7dca94,-1165.508666992,18957,19294,-1.9621,-1.5038,-0.4583,58.6798,-0.00781,1.1296,1.2147,1.0754
20260731_145639-g1_29dof_wbt_fall_and_getup_cql_manager-locomotion,cql,36000,4,36000,14bf44592e7dca94,-1165.508666992,21006,10750,-1.7265,-5.8818,4.1553,58.6798,0.07081,1.1718,1.2589,1.0744
20260731_145639-g1_29dof_wbt_fall_and_getup_cql_manager-locomotion,cql,36000,5,36000,14bf44592e7dca94,-1165.508666992,29649,5332,7.6403,-7.7811,15.4213,58.6798,0.2628,1.0817,1.2556,1.1608
20260731_145639-g1_29dof_wbt_fall_and_getup_cql_manager-locomotion,cql,36000,8,36000,14bf44592e7dca94,-1165.508666992,74157,3344,33.455,-5.6871,39.1421,58.6798,0.66705,0.8416,1.112,1.3213
20260731_145639-g1_29dof_wbt_fall_and_getup_cql_manager-locomotion,cql,36000,12,36000,14bf44592e7dca94,-1165.508666992,134624,2881,40.3591,-8.1706,48.5297,58.6798,0.82703,0.826,1.1056,1.3385
20260731_145639-g1_29dof_wbt_fall_and_getup_cql_manager-locomotion,cql,36000,16,36000,14bf44592e7dca94,-1165.508666992,198771,3756,26.827,-1.6422,28.4692,58.6798,0.48516,0.8041,1.0794,1.3424
20260731_145639-g1_29dof_wbt_fall_and_getup_cql_manager-locomotion,cql,37000,0,37000,cee23a8271077245,-1208.146484375,192109,6729,28.4145,-2.9571,31.3716,58.6564,0.53484,0.953,1.5372,1.613
20260731_145639-g1_29dof_wbt_fall_and_getup_cql_manager-locomotion,cql,37000,1,37000,cee23a8271077245,-1208.146484375,94738,12464,13.6532,6.9996,6.6536,58.6564,0.11343,0.938,1.1848,1.2632
20260731_145639-g1_29dof_wbt_fall_and_getup_cql_manager-locomotion,cql,37000,2,37000,cee23a8271077245,-1208.146484375,16213,105373,0.8519,4.0904,-3.2385,58.6564,-0.05521,1.0318,1.0177,0.9864
20260731_145639-g1_29dof_wbt_fall_and_getup_cql_manager-locomotion,cql,37000,3,37000,cee23a8271077245,-1208.146484375,18957,19294,-2.099,-1.3788,-0.7202,58.6564,-0.01228,1.1326,1.2208,1.0779
20260731_145639-g1_29dof_wbt_fall_and_getup_cql_manager-locomotion,cql,37000,4,37000,cee23a8271077245,-1208.146484375,21006,10750,-3.573,-5.3803,1.8073,58.6564,0.03081,1.1665,1.2571,1.0776
20260731_145639-g1_29dof_wbt_fall_and_getup_cql_manager-locomotion,cql,37000,5,37000,cee23a8271077245,-1208.146484375,29649,5332,8.6654,-7.3582,16.0237,58.6564,0.27318,1.0788,1.2402,1.1496
20260731_145639-g1_29dof_wbt_fall_and_getup_cql_manager-locomotion,cql,37000,8,37000,cee23a8271077245,-1208.146484375,74157,3344,33.3891,-4.6367,38.0258,58.6564,0.64828,0.845,1.1147,1.3192
20260731_145639-g1_29dof_wbt_fall_and_getup_cql_manager-locomotion,cql,37000,12,37000,cee23a8271077245,-1208.146484375,134624,2881,40.3607,-3.9519,44.3126,58.6564,0.75546,0.827,1.1043,1.3352
20260731_145639-g1_29dof_wbt_fall_and_getup_cql_manager-locomotion,cql,37000,16,37000,cee23a8271077245,-1208.146484375,198771,3756,26.7331,-0.6972,27.4303,58.6564,0.46764,0.8052,1.0798,1.3409
20260731_145639-g1_29dof_wbt_fall_and_getup_cql_manager-locomotion,cql,38000,0,38000,72ea910686fd634e,-1244.98815918,192109,6729,28.4974,-3.0875,31.5849,58.237,0.54235,0.9459,1.5103,1.5967
20260731_145639-g1_29dof_wbt_fall_and_getup_cql_manager-locomotion,cql,38000,1,38000,72ea910686fd634e,-1244.98815918,94738,12464,14.1693,7.4355,6.7339,58.237,0.11563,0.9311,1.1722,1.259
20260731_145639-g1_29dof_wbt_fall_and_getup_cql_manager-locomotion,cql,38000,2,38000,72ea910686fd634e,-1244.98815918,16213,105373,0.4468,3.8536,-3.4068,58.237,-0.0585,1.0222,1.0097,0.9877
20260731_145639-g1_29dof_wbt_fall_and_getup_cql_manager-locomotion,cql,38000,3,38000,72ea910686fd634e,-1244.98815918,18957,19294,-3.0525,-1.4899,-1.5626,58.237,-0.02683,1.1395,1.2185,1.0693
20260731_145639-g1_29dof_wbt_fall_and_getup_cql_manager-locomotion,cql,38000,4,38000,72ea910686fd634e,-1244.98815918,21006,10750,-2.3053,-5.349,3.0437,58.237,0.05226,1.1881,1.2613,1.0616
20260731_145639-g1_29dof_wbt_fall_and_getup_cql_manager-locomotion,cql,38000,5,38000,72ea910686fd634e,-1244.98815918,29649,5332,8.4302,-7.6834,16.1136,58.237,0.27669,1.0817,1.2473,1.153
20260731_145639-g1_29dof_wbt_fall_and_getup_cql_manager-locomotion,cql,38000,8,38000,72ea910686fd634e,-1244.98815918,74157,3344,32.6043,-6.6996,39.3039,58.237,0.6749,0.843,1.1099,1.3165
20260731_145639-g1_29dof_wbt_fall_and_getup_cql_manager-locomotion,cql,38000,12,38000,72ea910686fd634e,-1244.98815918,134624,2881,40.0524,-5.41,45.4624,58.237,0.78064,0.8264,1.101,1.3323
20260731_145639-g1_29dof_wbt_fall_and_getup_cql_manager-locomotion,cql,38000,16,38000,72ea910686fd634e,-1244.98815918,198771,3756,26.1628,-0.4885,26.6512,58.237,0.45763,0.805,1.0801,1.3417
20260731_145639-g1_29dof_wbt_fall_and_getup_cql_manager-locomotion,cql,39000,0,39000,ecf541c2f3aaadba,-1277.042724609,192109,6729,27.5996,-4.1628,31.7624,58.8372,0.53983,0.9497,1.5107,1.5906
20260731_145639-g1_29dof_wbt_fall_and_getup_cql_manager-locomotion,cql,39000,1,39000,ecf541c2f3aaadba,-1277.042724609,94738,12464,12.9535,6.0131,6.9405,58.8372,0.11796,0.9345,1.1731,1.2553
20260731_145639-g1_29dof_wbt_fall_and_getup_cql_manager-locomotion,cql,39000,2,39000,ecf541c2f3aaadba,-1277.042724609,16213,105373,0.119,3.4828,-3.3638,58.8372,-0.05717,1.0238,1.0096,0.9862
20260731_145639-g1_29dof_wbt_fall_and_getup_cql_manager-locomotion,cql,39000,3,39000,ecf541c2f3aaadba,-1277.042724609,18957,19294,-3.3321,-1.9017,-1.4304,58.8372,-0.02431,1.1322,1.2185,1.0762
20260731_145639-g1_29dof_wbt_fall_and_getup_cql_manager-locomotion,cql,39000,4,39000,ecf541c2f3aaadba,-1277.042724609,21006,10750,-3.2796,-5.4438,2.1642,58.8372,0.03678,1.1681,1.2543,1.0738
20260731_145639-g1_29dof_wbt_fall_and_getup_cql_manager-locomotion,cql,39000,5,39000,ecf541c2f3aaadba,-1277.042724609,29649,5332,7.6147,-9.6691,17.2839,58.8372,0.29376,1.0733,1.2389,1.1543
20260731_145639-g1_29dof_wbt_fall_and_getup_cql_manager-locomotion,cql,39000,8,39000,ecf541c2f3aaadba,-1277.042724609,74157,3344,32.2085,-4.9724,37.1809,58.8372,0.63193,0.8409,1.1048,1.3139
20260731_145639-g1_29dof_wbt_fall_and_getup_cql_manager-locomotion,cql,39000,12,39000,ecf541c2f3aaadba,-1277.042724609,134624,2881,40.2057,-4.9796,45.1853,58.8372,0.76797,0.8265,1.0975,1.3279
20260731_145639-g1_29dof_wbt_fall_and_getup_cql_manager-locomotion,cql,39000,16,39000,ecf541c2f3aaadba,-1277.042724609,198771,3756,27.4053,-1.2651,28.6704,58.8372,0.48728,0.8043,1.0768,1.3388
20260731_145639-g1_29dof_wbt_fall_and_getup_cql_manager-locomotion,cql,40000,0,40000,3d974cb96509f041,-1312.909545898,192109,6729,27.959,-4.1985,32.1575,59.1866,0.54332,0.9443,1.506,1.5948
20260731_145639-g1_29dof_wbt_fall_and_getup_cql_manager-locomotion,cql,40000,1,40000,3d974cb96509f041,-1312.909545898,94738,12464,13.4711,6.9379,6.5331,59.1866,0.11038,0.9293,1.1727,1.2619
20260731_145639-g1_29dof_wbt_fall_and_getup_cql_manager-locomotion,cql,40000,2,40000,3d974cb96509f041,-1312.909545898,16213,105373,-1.6635,3.8453,-5.5087,59.1866,-0.09307,1.0251,1.0099,0.9852
20260731_145639-g1_29dof_wbt_fall_and_getup_cql_manager-locomotion,cql,40000,3,40000,3d974cb96509f041,-1312.909545898,18957,19294,-7.3458,-1.4963,-5.8495,59.1866,-0.09883,1.1375,1.2208,1.0733
20260731_145639-g1_29dof_wbt_fall_and_getup_cql_manager-locomotion,cql,40000,4,40000,3d974cb96509f041,-1312.909545898,21006,10750,-6.1697,-6.7568,0.5871,59.1866,0.00992,1.1648,1.2496,1.0729
20260731_145639-g1_29dof_wbt_fall_and_getup_cql_manager-locomotion,cql,40000,5,40000,3d974cb96509f041,-1312.909545898,29649,5332,5.0932,-9.9289,15.0221,59.1866,0.25381,1.0777,1.2442,1.1545
20260731_145639-g1_29dof_wbt_fall_and_getup_cql_manager-locomotion,cql,40000,8,40000,3d974cb96509f041,-1312.909545898,74157,3344,32.5089,-4.7896,37.2985,59.1866,0.63018,0.8424,1.1067,1.3137
20260731_145639-g1_29dof_wbt_fall_and_getup_cql_manager-locomotion,cql,40000,12,40000,3d974cb96509f041,-1312.909545898,134624,2881,39.307,-3.1315,42.4385,59.1866,0.71703,0.8263,1.0975,1.3281
20260731_145639-g1_29dof_wbt_fall_and_getup_cql_manager-locomotion,cql,40000,16,40000,3d974cb96509f041,-1312.909545898,198771,3756,26.2031,-0.1684,26.3715,59.1866,0.44557,0.8049,1.0765,1.3374
20260731_145639-g1_29dof_wbt_fall_and_getup_cql_manager-locomotion,cql,41000,0,41000,bdc44007080048d4,-1344.033569336,192109,6729,27.5288,-3.0252,30.554,59.0615,0.51732,0.9436,1.4931,1.5824
20260731_145639-g1_29dof_wbt_fall_and_getup_cql_manager-locomotion,cql,41000,1,41000,bdc44007080048d4,-1344.033569336,94738,12464,13.1928,6.3673,6.8256,59.0615,0.11557,0.9293,1.1705,1.2596
20260731_145639-g1_29dof_wbt_fall_and_getup_cql_manager-locomotion,cql,41000,2,41000,bdc44007080048d4,-1344.033569336,16213,105373,-0.7292,3.447,-4.1762,59.0615,-0.07071,1.0258,1.007,0.9817
20260731_145639-g1_29dof_wbt_fall_and_getup_cql_manager-locomotion,cql,41000,3,41000,bdc44007080048d4,-1344.033569336,18957,19294,-5.858,-1.7245,-4.1334,59.0615,-0.06999,1.1259,1.2125,1.077
20260731_145639-g1_29dof_wbt_fall_and_getup_cql_manager-locomotion,cql,41000,4,41000,bdc44007080048d4,-1344.033569336,21006,10750,-5.4403,-6.6387,1.1983,59.0615,0.02029,1.1607,1.2439,1.0716
20260731_145639-g1_29dof_wbt_fall_and_getup_cql_manager-locomotion,cql,41000,5,41000,bdc44007080048d4,-1344.033569336,29649,5332,5.4046,-10.2498,15.6543,59.0615,0.26505,1.0815,1.2455,1.1517
20260731_145639-g1_29dof_wbt_fall_and_getup_cql_manager-locomotion,cql,41000,8,41000,bdc44007080048d4,-1344.033569336,74157,3344,31.3725,-9.4939,40.8664,59.0615,0.69193,0.8449,1.1129,1.3172
20260731_145639-g1_29dof_wbt_fall_and_getup_cql_manager-locomotion,cql,41000,12,41000,bdc44007080048d4,-1344.033569336,134624,2881,39.6311,-3.5616,43.1927,59.0615,0.73132,0.8261,1.0952,1.3257
20260731_145639-g1_29dof_wbt_fall_and_getup_cql_manager-locomotion,cql,41000,16,41000,bdc44007080048d4,-1344.033569336,198771,3756,26.3657,-0.2554,26.6211,59.0615,0.45073,0.8043,1.0746,1.3361
20260731_145639-g1_29dof_wbt_fall_and_getup_cql_manager-locomotion,cql,42000,0,42000,8e5ef2c74e914037,-1378.048217773,192109,6729,27.3822,-4.7156,32.0978,59.5984,0.53857,0.9465,1.5275,1.6139
20260731_145639-g1_29dof_wbt_fall_and_getup_cql_manager-locomotion,cql,42000,1,42000,8e5ef2c74e914037,-1378.048217773,94738,12464,13.5313,6.1403,7.391,59.5984,0.12401,0.9296,1.1736,1.2624
20260731_145639-g1_29dof_wbt_fall_and_getup_cql_manager-locomotion,cql,42000,2,42000,8e5ef2c74e914037,-1378.048217773,16213,105373,-0.0204,4.0822,-4.1027,59.5984,-0.06884,1.0178,1.0056,0.9879
20260731_145639-g1_29dof_wbt_fall_and_getup_cql_manager-locomotion,cql,42000,3,42000,8e5ef2c74e914037,-1378.048217773,18957,19294,-5.3499,-0.2595,-5.0904,59.5984,-0.08541,1.1323,1.2107,1.0692
20260731_145639-g1_29dof_wbt_fall_and_getup_cql_manager-locomotion,cql,42000,4,42000,8e5ef2c74e914037,-1378.048217773,21006,10750,-4.1467,-6.3249,2.1783,59.5984,0.03655,1.165,1.2461,1.0697
20260731_145639-g1_29dof_wbt_fall_and_getup_cql_manager-locomotion,cql,42000,5,42000,8e5ef2c74e914037,-1378.048217773,29649,5332,6.8846,-10.298,17.1826,59.5984,0.28831,1.0783,1.2436,1.1532
20260731_145639-g1_29dof_wbt_fall_and_getup_cql_manager-locomotion,cql,42000,8,42000,8e5ef2c74e914037,-1378.048217773,74157,3344,31.6867,-5.31,36.9967,59.5984,0.62077,0.841,1.1018,1.3101
20260731_145639-g1_29dof_wbt_fall_and_getup_cql_manager-locomotion,cql,42000,12,42000,8e5ef2c74e914037,-1378.048217773,134624,2881,39.1837,-5.9396,45.1233,59.5984,0.75712,0.825,1.0938,1.3258
20260731_145639-g1_29dof_wbt_fall_and_getup_cql_manager-locomotion,cql,42000,16,42000,8e5ef2c74e914037,-1378.048217773,198771,3756,26.1533,-2.9616,29.1148,59.5984,0.48852,0.8038,1.0753,1.3379
20260731_145639-g1_29dof_wbt_fall_and_getup_cql_manager-locomotion,cql,43000,0,43000,5c6a8f1a307ec84f,-1416.805908203,192109,6729,27.8194,-4.9239,32.7433,59.3528,0.55167,0.9433,1.4987,1.5887
20260731_145639-g1_29dof_wbt_fall_and_getup_cql_manager-locomotion,cql,43000,1,43000,5c6a8f1a307ec84f,-1416.805908203,94738,12464,13.9438,6.6113,7.3325,59.3528,0.12354,0.9298,1.1675,1.2556
20260731_145639-g1_29dof_wbt_fall_and_getup_cql_manager-locomotion,cql,43000,2,43000,5c6a8f1a307ec84f,-1416.805908203,16213,105373,-0.0908,3.6882,-3.7791,59.3528,-0.06367,1.0274,1.0063,0.9795
20260731_145639-g1_29dof_wbt_fall_and_getup_cql_manager-locomotion,cql,43000,3,43000,5c6a8f1a307ec84f,-1416.805908203,18957,19294,-5.0467,-1.1108,-3.9359,59.3528,-0.06631,1.1262,1.2097,1.0741
20260731_145639-g1_29dof_wbt_fall_and_getup_cql_manager-locomotion,cql,43000,4,43000,5c6a8f1a307ec84f,-1416.805908203,21006,10750,-5.896,-5.9648,0.0688,59.3528,0.00116,1.1578,1.2405,1.0714
20260731_145639-g1_29dof_wbt_fall_and_getup_cql_manager-locomotion,cql,43000,5,43000,5c6a8f1a307ec84f,-1416.805908203,29649,5332,5.8755,-10.522,16.3975,59.3528,0.27627,1.0844,1.2502,1.153
20260731_145639-g1_29dof_wbt_fall_and_getup_cql_manager-locomotion,cql,43000,8,43000,5c6a8f1a307ec84f,-1416.805908203,74157,3344,31.6191,-4.6992,36.3182,59.3528,0.6119,0.8408,1.1039,1.3129
20260731_145639-g1_29dof_wbt_fall_and_getup_cql_manager-locomotion,cql,43000,12,43000,5c6a8f1a307ec84f,-1416.805908203,134624,2881,38.8335,-5.4578,44.2913,59.3528,0.74624,0.8253,1.0938,1.3253
20260731_145639-g1_29dof_wbt_fall_and_getup_cql_manager-locomotion,cql,43000,16,43000,5c6a8f1a307ec84f,-1416.805908203,198771,3756,26.3945,-1.3875,27.7819,59.3528,0.46808,0.804,1.0743,1.3362
20260731_145639-g1_29dof_wbt_fall_and_getup_cql_manager-locomotion,cql,44000,0,44000,dca95589a192c410,-1449.049560547,192109,6729,26.337,-4.1451,30.4821,59.805,0.50969,0.9451,1.503,1.5902
20260731_145639-g1_29dof_wbt_fall_and_getup_cql_manager-locomotion,cql,44000,1,44000,dca95589a192c410,-1449.049560547,94738,12464,12.8822,5.7005,7.1817,59.805,0.12009,0.9309,1.1746,1.2617
20260731_145639-g1_29dof_wbt_fall_and_getup_cql_manager-locomotion,cql,44000,2,44000,dca95589a192c410,-1449.049560547,16213,105373,-1.9193,3.2523,-5.1715,59.805,-0.08647,1.0294,1.0076,0.9788
20260731_145639-g1_29dof_wbt_fall_and_getup_cql_manager-locomotion,cql,44000,3,44000,dca95589a192c410,-1449.049560547,18957,19294,-7.0551,-1.6119,-5.4431,59.805,-0.09101,1.1274,1.2107,1.0739
20260731_145639-g1_29dof_wbt_fall_and_getup_cql_manager-locomotion,cql,44000,4,44000,dca95589a192c410,-1449.049560547,21006,10750,-5.6962,-6.5953,0.8992,59.805,0.01504,1.161,1.2468,1.0739
20260731_145639-g1_29dof_wbt_fall_and_getup_cql_manager-locomotion,cql,44000,5,44000,dca95589a192c410,-1449.049560547,29649,5332,5.5688,-10.2886,15.8575,59.805,0.26515,1.0738,1.2369,1.1519
20260731_145639-g1_29dof_wbt_fall_and_getup_cql_manager-locomotion,cql,44000,8,44000,dca95589a192c410,-1449.049560547,74157,3344,30.793,-7.0011,37.7941,59.805,0.63196,0.8424,1.1045,1.3111
20260731_145639-g1_29dof_wbt_fall_and_getup_cql_manager-locomotion,cql,44000,12,44000,dca95589a192c410,-1449.049560547,134624,2881,38.8495,-7.7874,46.6368,59.805,0.77982,0.8257,1.0902,1.3203
20260731_145639-g1_29dof_wbt_fall_and_getup_cql_manager-locomotion,cql,44000,16,44000,dca95589a192c410,-1449.049560547,198771,3756,25.9642,-2.4038,28.3679,59.805,0.47434,0.8044,1.0718,1.3323
20260731_145639-g1_29dof_wbt_fall_and_getup_cql_manager-locomotion,cql,45000,0,45000,f8b081aa602c5d06,-1481.581542969,192109,6729,27.0569,-0.9605,28.0174,58.6638,0.47759,0.9449,1.499,1.5864
20260731_145639-g1_29dof_wbt_fall_and_getup_cql_manager-locomotion,cql,45000,1,45000,f8b081aa602c5d06,-1481.581542969,94738,12464,12.788,5.9853,6.8027,58.6638,0.11596,0.9326,1.172,1.2568
20260731_145639-g1_29dof_wbt_fall_and_getup_cql_manager-locomotion,cql,45000,2,45000,f8b081aa602c5d06,-1481.581542969,16213,105373,-1.0304,3.5943,-4.6247,58.6638,-0.07883,1.0332,1.0085,0.9761
20260731_145639-g1_29dof_wbt_fall_and_getup_cql_manager-locomotion,cql,45000,3,45000,f8b081aa602c5d06,-1481.581542969,18957,19294,-7.1806,-1.3246,-5.856,58.6638,-0.09982,1.1322,1.214,1.0722
20260731_145639-g1_29dof_wbt_fall_and_getup_cql_manager-locomotion,cql,45000,4,45000,f8b081aa602c5d06,-1481.581542969,21006,10750,-5.4704,-6.0744,0.6041,58.6638,0.0103,1.1599,1.245,1.0734
20260731_145639-g1_29dof_wbt_fall_and_getup_cql_manager-locomotion,cql,45000,5,45000,f8b081aa602c5d06,-1481.581542969,29649,5332,5.5815,-8.7443,14.3257,58.6638,0.2442,1.0752,1.2387,1.1521
20260731_145639-g1_29dof_wbt_fall_and_getup_cql_manager-locomotion,cql,45000,8,45000,f8b081aa602c5d06,-1481.581542969,74157,3344,31.1031,-6.9354,38.0385,58.6638,0.64842,0.8423,1.1019,1.3082
20260731_145639-g1_29dof_wbt_fall_and_getup_cql_manager-locomotion,cql,45000,12,45000,f8b081aa602c5d06,-1481.581542969,134624,2881,39.0018,-6.4485,45.4503,58.6638,0.77476,0.8261,1.0921,1.322
20260731_145639-g1_29dof_wbt_fall_and_getup_cql_manager-locomotion,cql,45000,16,45000,f8b081aa602c5d06,-1481.581542969,198771,3756,26.1447,-0.6342,26.7789,58.6638,0.45648,0.8047,1.0725,1.3328
20260731_145639-g1_29dof_wbt_fall_and_getup_cql_manager-locomotion,cql,46000,0,46000,456227db29204ccf,-1513.026245117,192109,6729,26.2433,-2.408,28.6513,59.4714,0.48177,0.9448,1.4926,1.5798
20260731_145639-g1_29dof_wbt_fall_and_getup_cql_manager-locomotion,cql,46000,1,46000,456227db29204ccf,-1513.026245117,94738,12464,13.059,6.4234,6.6356,59.4714,0.11158,0.9313,1.1699,1.2562
20260731_145639-g1_29dof_wbt_fall_and_getup_cql_manager-locomotion,cql,46000,2,46000,456227db29204ccf,-1513.026245117,16213,105373,-1.9925,3.6176,-5.6101,59.4714,-0.09433,1.0254,1.0063,0.9813
20260731_145639-g1_29dof_wbt_fall_and_getup_cql_manager-locomotion,cql,46000,3,46000,456227db29204ccf,-1513.026245117,18957,19294,-7.6741,-1.855,-5.8191,59.4714,-0.09785,1.1281,1.2092,1.0719
20260731_145639-g1_29dof_wbt_fall_and_getup_cql_manager-locomotion,cql,46000,4,46000,456227db29204ccf,-1513.026245117,21006,10750,-7.1113,-6.7167,-0.3945,59.4714,-0.00663,1.1625,1.2452,1.0712
20260731_145639-g1_29dof_wbt_fall_and_getup_cql_manager-locomotion,cql,46000,5,46000,456227db29204ccf,-1513.026245117,29649,5332,3.3831,-9.5976,12.9807,59.4714,0.21827,1.0753,1.2392,1.1524
20260731_145639-g1_29dof_wbt_fall_and_getup_cql_manager-locomotion,cql,46000,8,46000,456227db29204ccf,-1513.026245117,74157,3344,30.5116,-6.5834,37.095,59.4714,0.62374,0.8428,1.1031,1.3088
20260731_145639-g1_29dof_wbt_fall_and_getup_cql_manager-locomotion,cql,46000,12,46000,456227db29204ccf,-1513.026245117,134624,2881,37.5332,-7.6804,45.2136,59.4714,0.76026,0.8257,1.0911,1.3215
20260731_145639-g1_29dof_wbt_fall_and_getup_cql_manager-locomotion,cql,46000,16,46000,456227db29204ccf,-1513.026245117,198771,3756,25.4843,-2.6217,28.106,59.4714,0.4726,0.8036,1.0717,1.3335
20260731_145639-g1_29dof_wbt_fall_and_getup_cql_manager-locomotion,cql,47000,0,47000,3432b717b8ea4162,-1542.403564453,192109,6729,26.0631,-3.2816,29.3447,59.4879,0.49329,0.9462,1.4891,1.5738
20260731_145639-g1_29dof_wbt_fall_and_getup_cql_manager-locomotion,cql,47000,1,47000,3432b717b8ea4162,-1542.403564453,94738,12464,12.4946,4.866,7.6287,59.4879,0.12824,0.9307,1.1664,1.2533
20260731_145639-g1_29dof_wbt_fall_and_getup_cql_manager-locomotion,cql,47000,2,47000,3432b717b8ea4162,-1542.403564453,16213,105373,-2.6762,2.9989,-5.6751,59.4879,-0.0954,1.0301,1.0101,0.9806
20260731_145639-g1_29dof_wbt_fall_and_getup_cql_manager-locomotion,cql,47000,3,47000,3432b717b8ea4162,-1542.403564453,18957,19294,-7.1191,-1.6373,-5.4819,59.4879,-0.09215,1.142,1.2198,1.0681
20260731_145639-g1_29dof_wbt_fall_and_getup_cql_manager-locomotion,cql,47000,4,47000,3432b717b8ea4162,-1542.403564453,21006,10750,-6.7627,-7.1663,0.4036,59.4879,0.00678,1.1606,1.2458,1.0734
20260731_145639-g1_29dof_wbt_fall_and_getup_cql_manager-locomotion,cql,47000,5,47000,3432b717b8ea4162,-1542.403564453,29649,5332,5.7782,-11.2881,17.0663,59.4879,0.28689,1.0762,1.233,1.1457
20260731_145639-g1_29dof_wbt_fall_and_getup_cql_manager-locomotion,cql,47000,8,47000,3432b717b8ea4162,-1542.403564453,74157,3344,29.4619,-7.8541,37.316,59.4879,0.62729,0.8421,1.1022,1.3089
20260731_145639-g1_29dof_wbt_fall_and_getup_cql_manager-locomotion,cql,47000,12,47000,3432b717b8ea4162,-1542.403564453,134624,2881,37.5431,-5.6757,43.2188,59.4879,0.72651,0.8258,1.0873,1.3167
20260731_145639-g1_29dof_wbt_fall_and_getup_cql_manager-locomotion,cql,47000,16,47000,3432b717b8ea4162,-1542.403564453,198771,3756,24.9864,-2.7404,27.7268,59.4879,0.46609,0.8046,1.0696,1.3294
20260731_145639-g1_29dof_wbt_fall_and_getup_cql_manager-locomotion,cql,48000,0,48000,f892a8267265b0de,-1574.768920898,192109,6729,25.7679,-3.3248,29.0927,57.7815,0.5035,0.9449,1.5024,1.59
20260731_145639-g1_29dof_wbt_fall_and_getup_cql_manager-locomotion,cql,48000,1,48000,f892a8267265b0de,-1574.768920898,94738,12464,12.5672,6.0382,6.529,57.7815,0.11299,0.9313,1.1751,1.2618
20260731_145639-g1_29dof_wbt_fall_and_getup_cql_manager-locomotion,cql,48000,2,48000,f892a8267265b0de,-1574.768920898,16213,105373,-1.687,3.3102,-4.9972,57.7815,-0.08648,1.0303,1.0076,0.9779
20260731_145639-g1_29dof_wbt_fall_and_getup_cql_manager-locomotion,cql,48000,3,48000,f892a8267265b0de,-1574.768920898,18957,19294,-6.5936,-1.8731,-4.7205,57.7815,-0.08169,1.1229,1.21,1.0776
20260731_145639-g1_29dof_wbt_fall_and_getup_cql_manager-locomotion,cql,48000,4,48000,f892a8267265b0de,-1574.768920898,21006,10750,-5.3887,-6.3792,0.9905,57.7815,0.01714,1.1609,1.2426,1.0703
20260731_145639-g1_29dof_wbt_fall_and_getup_cql_manager-locomotion,cql,48000,5,48000,f892a8267265b0de,-1574.768920898,29649,5332,6.2983,-8.5237,14.822,57.7815,0.25652,1.0716,1.2324,1.1501
20260731_145639-g1_29dof_wbt_fall_and_getup_cql_manager-locomotion,cql,48000,8,48000,f892a8267265b0de,-1574.768920898,74157,3344,29.6435,-7.1604,36.8038,57.7815,0.63695,0.841,1.1032,1.3117
20260731_145639-g1_29dof_wbt_fall_and_getup_cql_manager-locomotion,cql,48000,12,48000,f892a8267265b0de,-1574.768920898,134624,2881,37.7842,-5.1414,42.9256,57.7815,0.7429,0.8242,1.0903,1.3228
20260731_145639-g1_29dof_wbt_fall_and_getup_cql_manager-locomotion,cql,48000,16,48000,f892a8267265b0de,-1574.768920898,198771,3756,25.6853,-1.6422,27.3274,57.7815,0.47294,0.8033,1.0714,1.3337
20260731_145639-g1_29dof_wbt_fall_and_getup_cql_manager-locomotion,cql,49000,0,49000,3d71fbad077609ea,-1598.895263672,192109,6729,26.4524,-4.6488,31.1013,59.9929,0.51842,0.941,1.4933,1.587
20260731_145639-g1_29dof_wbt_fall_and_getup_cql_manager-locomotion,cql,49000,1,49000,3d71fbad077609ea,-1598.895263672,94738,12464,13.7867,6.7222,7.0646,59.9929,0.11776,0.9264,1.1676,1.2603
20260731_145639-g1_29dof_wbt_fall_and_getup_cql_manager-locomotion,cql,49000,2,49000,3d71fbad077609ea,-1598.895263672,16213,105373,-1.9366,3.9045,-5.8411,59.9929,-0.09736,1.0252,1.0014,0.9768
20260731_145639-g1_29dof_wbt_fall_and_getup_cql_manager-locomotion,cql,49000,3,49000,3d71fbad077609ea,-1598.895263672,18957,19294,-7.8702,-1.4608,-6.4094,59.9929,-0.10684,1.1224,1.2081,1.0763
20260731_145639-g1_29dof_wbt_fall_and_getup_cql_manager-locomotion,cql,49000,4,49000,3d71fbad077609ea,-1598.895263672,21006,10750,-7.2491,-6.7396,-0.5096,59.9929,-0.00849,1.1525,1.2411,1.0769
20260731_145639-g1_29dof_wbt_fall_and_getup_cql_manager-locomotion,cql,49000,5,49000,3d71fbad077609ea,-1598.895263672,29649,5332,4.6309,-11.2713,15.9022,59.9929,0.26507,1.0725,1.2285,1.1454
20260731_145639-g1_29dof_wbt_fall_and_getup_cql_manager-locomotion,cql,49000,8,49000,3d71fbad077609ea,-1598.895263672,74157,3344,30.4734,-8.7379,39.2113,59.9929,0.6536,0.8396,1.0977,1.3075
20260731_145639-g1_29dof_wbt_fall_and_getup_cql_manager-locomotion,cql,49000,12,49000,3d71fbad077609ea,-1598.895263672,134624,2881,37.8894,-4.94,42.8294,59.9929,0.71391,0.8265,1.0842,1.3118
20260731_145639-g1_29dof_wbt_fall_and_getup_cql_manager-locomotion,cql,49000,16,49000,3d71fbad077609ea,-1598.895263672,198771,3756,25.6081,-2.3759,27.984,59.9929,0.46645,0.8041,1.0691,1.3295
20260731_145639-g1_29dof_wbt_fall_and_getup_cql_manager-locomotion,cql,50000,0,50000,56a281c452af9509,-1626.573608398,192109,6729,25.5316,-4.2718,29.8035,57.8734,0.51498,0.9482,1.4989,1.5807
20260731_145639-g1_29dof_wbt_fall_and_getup_cql_manager-locomotion,cql,50000,1,50000,56a281c452af9509,-1626.573608398,94738,12464,11.9252,5.8264,6.0988,57.8734,0.10538,0.9326,1.1741,1.259
20260731_145639-g1_29dof_wbt_fall_and_getup_cql_manager-locomotion,cql,50000,2,50000,56a281c452af9509,-1626.573608398,16213,105373,-2.0965,2.689,-4.7855,57.8734,-0.08269,1.032,1.0109,0.9796
20260731_145639-g1_29dof_wbt_fall_and_getup_cql_manager-locomotion,cql,50000,3,50000,56a281c452af9509,-1626.573608398,18957,19294,-6.7091,-1.9096,-4.7995,57.8734,-0.08293,1.1259,1.2136,1.0779
20260731_145639-g1_29dof_wbt_fall_and_getup_cql_manager-locomotion,cql,50000,4,50000,56a281c452af9509,-1626.573608398,21006,10750,-6.4492,-6.3712,-0.078,57.8734,-0.00135,1.1592,1.2452,1.0742
20260731_145639-g1_29dof_wbt_fall_and_getup_cql_manager-locomotion,cql,50000,5,50000,56a281c452af9509,-1626.573608398,29649,5332,6.1344,-9.2675,15.4019,57.8734,0.26613,1.0773,1.2436,1.1544
20260731_145639-g1_29dof_wbt_fall_and_getup_cql_manager-locomotion,cql,50000,8,50000,56a281c452af9509,-1626.573608398,74157,3344,31.1814,-5.8029,36.9842,57.8734,0.63905,0.8407,1.0956,1.3033
20260731_145639-g1_29dof_wbt_fall_and_getup_cql_manager-locomotion,cql,50000,12,50000,56a281c452af9509,-1626.573608398,134624,2881,38.1323,-5.161,43.2934,57.8734,0.74807,0.8245,1.0862,1.3174
20260731_145639-g1_29dof_wbt_fall_and_getup_cql_manager-locomotion,cql,50000,16,50000,56a281c452af9509,-1626.573608398,198771,3756,25.6665,-0.6446,26.311,57.8734,0.45463,0.8036,1.0676,1.3285
20260731_145639-g1_29dof_wbt_fall_and_getup_cql_manager-locomotion,cql,51000,0,51000,9f528b04cb8b0c1f,-1653.576660156,192109,6729,26.1713,-3.3929,29.5642,57.6813,0.51254,0.9451,1.4868,1.5732
20260731_145639-g1_29dof_wbt_fall_and_getup_cql_manager-locomotion,cql,51000,1,51000,9f528b04cb8b0c1f,-1653.576660156,94738,12464,12.9197,6.2561,6.6636,57.6813,0.11552,0.9313,1.1682,1.2545
20260731_145639-g1_29dof_wbt_fall_and_getup_cql_manager-locomotion,cql,51000,2,51000,9f528b04cb8b0c1f,-1653.576660156,16213,105373,-2.1669,3.4871,-5.654,57.6813,-0.09802,1.0298,1.0058,0.9767
20260731_145639-g1_29dof_wbt_fall_and_getup_cql_manager-locomotion,cql,51000,3,51000,9f528b04cb8b0c1f,-1653.576660156,18957,19294,-8.2311,-1.2328,-6.9983,57.6813,-0.12133,1.1184,1.2074,1.0795
20260731_145639-g1_29dof_wbt_fall_and_getup_cql_manager-locomotion,cql,51000,4,51000,9f528b04cb8b0c1f,-1653.576660156,21006,10750,-6.8354,-6.614,-0.2214,57.6813,-0.00384,1.1578,1.2423,1.0729
20260731_145639-g1_29dof_wbt_fall_and_getup_cql_manager-locomotion,cql,51000,5,51000,9f528b04cb8b0c1f,-1653.576660156,29649,5332,7.1377,-6.477,13.6147,57.6813,0.23603,1.0735,1.2277,1.1436
20260731_145639-g1_29dof_wbt_fall_and_getup_cql_manager-locomotion,cql,51000,8,51000,9f528b04cb8b0c1f,-1653.576660156,74157,3344,28.8631,-7.8894,36.7525,57.6813,0.63717,0.8386,1.0971,1.3083
20260731_145639-g1_29dof_wbt_fall_and_getup_cql_manager-locomotion,cql,51000,12,51000,9f528b04cb8b0c1f,-1653.576660156,134624,2881,36.9531,-6.1919,43.1449,57.6813,0.74799,0.8243,1.0799,1.31
20260731_145639-g1_29dof_wbt_fall_and_getup_cql_manager-locomotion,cql,51000,16,51000,9f528b04cb8b0c1f,-1653.576660156,198771,3756,25.1784,-2.1275,27.3059,57.6813,0.47339,0.8027,1.0651,1.3269
20260731_145639-g1_29dof_wbt_fall_and_getup_cql_manager-locomotion,cql,52000,0,52000,adc5acbfa8aa6f2b,-1681.416748047,192109,6729,24.7814,-5.5981,30.3795,58.7635,0.51698,0.9419,1.4735,1.5644
20260731_145639-g1_29dof_wbt_fall_and_getup_cql_manager-locomotion,cql,52000,1,52000,adc5acbfa8aa6f2b,-1681.416748047,94738,12464,12.6124,5.6777,6.9347,58.7635,0.11801,0.928,1.1643,1.2547
20260731_145639-g1_29dof_wbt_fall_and_getup_cql_manager-locomotion,cql,52000,2,52000,adc5acbfa8aa6f2b,-1681.416748047,16213,105373,-3.0818,3.0393,-6.1211,58.7635,-0.10416,1.0268,1.0039,0.9777
20260731_145639-g1_29dof_wbt_fall_and_getup_cql_manager-locomotion,cql,52000,3,52000,adc5acbfa8aa6f2b,-1681.416748047,18957,19294,-9.9353,-1.435,-8.5003,58.7635,-0.14465,1.1206,1.2082,1.0782
20260731_145639-g1_29dof_wbt_fall_and_getup_cql_manager-locomotion,cql,52000,4,52000,adc5acbfa8aa6f2b,-1681.416748047,21006,10750,-8.4504,-6.7705,-1.6799,58.7635,-0.02859,1.1563,1.2403,1.0727
20260731_145639-g1_29dof_wbt_fall_and_getup_cql_manager-locomotion,cql,52000,5,52000,adc5acbfa8aa6f2b,-1681.416748047,29649,5332,5.378,-10.0235,15.4015,58.7635,0.26209,1.067,1.2262,1.1492
20260731_145639-g1_29dof_wbt_fall_and_getup_cql_manager-locomotion,cql,52000,8,52000,adc5acbfa8aa6f2b,-1681.416748047,74157,3344,28.6181,-8.227,36.8452,58.7635,0.62701,0.8388,1.0907,1.3003
20260731_145639-g1_29dof_wbt_fall_and_getup_cql_manager-locomotion,cql,52000,12,52000,adc5acbfa8aa6f2b,-1681.416748047,134624,2881,36.4588,-7.6652,44.1241,58.7635,0.75088,0.8245,1.0811,1.3112
20260731_145639-g1_29dof_wbt_fall_and_getup_cql_manager-locomotion,cql,52000,16,52000,adc5acbfa8aa6f2b,-1681.416748047,198771,3756,24.8719,-2.3844,27.2563,58.7635,0.46383,0.803,1.066,1.3276
20260731_145639-g1_29dof_wbt_fall_and_getup_cql_manager-locomotion,cql,53000,0,53000,7e93e95c8df0caaa,-1703.486206055,192109,6729,25.504,-3.86,29.364,58.6966,0.50027,0.9453,1.5089,1.5963
20260731_145639-g1_29dof_wbt_fall_and_getup_cql_manager-locomotion,cql,53000,1,53000,7e93e95c8df0caaa,-1703.486206055,94738,12464,11.7543,5.2444,6.5098,58.6966,0.11091,0.932,1.1735,1.2592
20260731_145639-g1_29dof_wbt_fall_and_getup_cql_manager-locomotion,cql,53000,2,53000,7e93e95c8df0caaa,-1703.486206055,16213,105373,-3.8303,2.7958,-6.626,58.6966,-0.11289,1.0325,1.0149,0.9829
20260731_145639-g1_29dof_wbt_fall_and_getup_cql_manager-locomotion,cql,53000,3,53000,7e93e95c8df0caaa,-1703.486206055,18957,19294,-10.5418,-2.4507,-8.0912,58.6966,-0.13785,1.1358,1.2191,1.0734
20260731_145639-g1_29dof_wbt_fall_and_getup_cql_manager-locomotion,cql,53000,4,53000,7e93e95c8df0caaa,-1703.486206055,21006,10750,-7.6117,-7.6596,0.048,58.6966,0.00082,1.1619,1.2435,1.0702
20260731_145639-g1_29dof_wbt_fall_and_getup_cql_manager-locomotion,cql,53000,5,53000,7e93e95c8df0caaa,-1703.486206055,29649,5332,4.4027,-10.2812,14.6839,58.6966,0.25017,1.0715,1.229,1.1469
20260731_145639-g1_29dof_wbt_fall_and_getup_cql_manager-locomotion,cql,53000,8,53000,7e93e95c8df0caaa,-1703.486206055,74157,3344,29.2491,-5.4776,34.7266,58.6966,0.59163,0.8384,1.0935,1.3043
20260731_145639-g1_29dof_wbt_fall_and_getup_cql_manager-locomotion,cql,53000,12,53000,7e93e95c8df0caaa,-1703.486206055,134624,2881,37.4028,-4.312,41.7148,58.6966,0.71068,0.8253,1.084,1.3135
20260731_145639-g1_29dof_wbt_fall_and_getup_cql_manager-locomotion,cql,53000,16,53000,7e93e95c8df0caaa,-1703.486206055,198771,3756,25.3378,-0.9218,26.2596,58.6966,0.44738,0.8042,1.0668,1.3265
20260731_145639-g1_29dof_wbt_fall_and_getup_cql_manager-locomotion,cql,54000,0,54000,7b661b185ba89b69,-1736.379394531,192109,6729,24.9334,-3.2113,28.1447,59.7187,0.47129,0.9461,1.4874,1.5721
20260731_145639-g1_29dof_wbt_fall_and_getup_cql_manager-locomotion,cql,54000,1,54000,7b661b185ba89b69,-1736.379394531,94738,12464,12.1933,5.583,6.6104,59.7187,0.11069,0.9348,1.1686,1.2501
20260731_145639-g1_29dof_wbt_fall_and_getup_cql_manager-locomotion,cql,54000,2,54000,7b661b185ba89b69,-1736.379394531,16213,105373,-2.5573,3.4151,-5.9724,59.7187,-0.10001,1.0362,1.0101,0.9748
20260731_145639-g1_29dof_wbt_fall_and_getup_cql_manager-locomotion,cql,54000,3,54000,7b661b185ba89b69,-1736.379394531,18957,19294,-7.328,-1.9404,-5.3876,59.7187,-0.09022,1.1241,1.2112,1.0774
20260731_145639-g1_29dof_wbt_fall_and_getup_cql_manager-locomotion,cql,54000,4,54000,7b661b185ba89b69,-1736.379394531,21006,10750,-8.4757,-6.8868,-1.589,59.7187,-0.02661,1.1591,1.2414,1.071
20260731_145639-g1_29dof_wbt_fall_and_getup_cql_manager-locomotion,cql,54000,5,54000,7b661b185ba89b69,-1736.379394531,29649,5332,3.9329,-10.8212,14.7542,59.7187,0.24706,1.0706,1.2303,1.1492
20260731_145639-g1_29dof_wbt_fall_and_getup_cql_manager-locomotion,cql,54000,8,54000,7b661b185ba89b69,-1736.379394531,74157,3344,28.7949,-9.9156,38.7105,59.7187,0.64821,0.8387,1.0938,1.3041
20260731_145639-g1_29dof_wbt_fall_and_getup_cql_manager-locomotion,cql,54000,12,54000,7b661b185ba89b69,-1736.379394531,134624,2881,36.8372,-8.5008,45.3381,59.7187,0.75919,0.8239,1.0803,1.3112
20260731_145639-g1_29dof_wbt_fall_and_getup_cql_manager-locomotion,cql,54000,16,54000,7b661b185ba89b69,-1736.379394531,198771,3756,24.4957,-3.6659,28.1616,59.7187,0.47157,0.8032,1.0641,1.3247
20260731_145639-g1_29dof_wbt_fall_and_getup_cql_manager-locomotion,cql,55000,0,55000,40d9f44f313b10fe,-1762.916259766,192109,6729,25.7975,-5.3297,31.1272,58.4752,0.53231,0.9492,1.5012,1.5815
20260731_145639-g1_29dof_wbt_fall_and_getup_cql_manager-locomotion,cql,55000,1,55000,40d9f44f313b10fe,-1762.916259766,94738,12464,12.8061,5.7173,7.0888,58.4752,0.12123,0.9352,1.1739,1.2552
20260731_145639-g1_29dof_wbt_fall_and_getup_cql_manager-locomotion,cql,55000,2,55000,40d9f44f313b10fe,-1762.916259766,16213,105373,-4.1184,3.4609,-7.5793,58.4752,-0.12962,1.0325,1.009,0.9772
20260731_145639-g1_29dof_wbt_fall_and_getup_cql_manager-locomotion,cql,55000,3,55000,40d9f44f313b10fe,-1762.916259766,18957,19294,-10.6872,-1.743,-8.9442,58.4752,-0.15296,1.1235,1.2092,1.0763
20260731_145639-g1_29dof_wbt_fall_and_getup_cql_manager-locomotion,cql,55000,4,55000,40d9f44f313b10fe,-1762.916259766,21006,10750,-7.4934,-7.4386,-0.0548,58.4752,-0.00094,1.1582,1.2413,1.0717
20260731_145639-g1_29dof_wbt_fall_and_getup_cql_manager-locomotion,cql,55000,5,55000,40d9f44f313b10fe,-1762.916259766,29649,5332,3.8697,-8.8853,12.755,58.4752,0.21813,1.0714,1.2339,1.1517
20260731_145639-g1_29dof_wbt_fall_and_getup_cql_manager-locomotion,cql,55000,8,55000,40d9f44f313b10fe,-1762.916259766,74157,3344,27.9658,-9.0728,37.0387,58.4752,0.63341,0.8392,1.091,1.3
20260731_145639-g1_29dof_wbt_fall_and_getup_cql_manager-locomotion,cql,55000,12,55000,40d9f44f313b10fe,-1762.916259766,134624,2881,36.4559,-6.0103,42.4662,58.4752,0.72623,0.8254,1.079,1.3072
20260731_145639-g1_29dof_wbt_fall_and_getup_cql_manager-locomotion,cql,55000,16,55000,40d9f44f313b10fe,-1762.916259766,198771,3756,24.5598,-2.1686,26.7283,58.4752,0.45709,0.8035,1.0623,1.3221
20260731_145639-g1_29dof_wbt_fall_and_getup_cql_manager-locomotion,cql,56000,0,56000,4e2d762db5ed9c29,-1788.712524414,192109,6729,25.243,-4.4877,29.7307,58.9075,0.5047,0.9443,1.4834,1.5709
20260731_145639-g1_29dof_wbt_fall_and_getup_cql_manager-locomotion,cql,56000,1,56000,4e2d762db5ed9c29,-1788.712524414,94738,12464,12.596,5.443,7.153,58.9075,0.12143,0.9306,1.1671,1.2541
20260731_145639-g1_29dof_wbt_fall_and_getup_cql_manager-locomotion,cql,56000,2,56000,4e2d762db5ed9c29,-1788.712524414,16213,105373,-3.1311,2.7084,-5.8395,58.9075,-0.09913,1.0327,1.007,0.9751
20260731_145639-g1_29dof_wbt_fall_and_getup_cql_manager-locomotion,cql,56000,3,56000,4e2d762db5ed9c29,-1788.712524414,18957,19294,-10.7992,-2.27,-8.5292,58.9075,-0.14479,1.1266,1.2087,1.0729
20260731_145639-g1_29dof_wbt_fall_and_getup_cql_manager-locomotion,cql,56000,4,56000,4e2d762db5ed9c29,-1788.712524414,21006,10750,-8.8135,-8.2284,-0.585,58.9075,-0.00993,1.1571,1.2394,1.0711
20260731_145639-g1_29dof_wbt_fall_and_getup_cql_manager-locomotion,cql,56000,5,56000,4e2d762db5ed9c29,-1788.712524414,29649,5332,2.8215,-10.1637,12.9852,58.9075,0.22043,1.0626,1.2193,1.1474
20260731_145639-g1_29dof_wbt_fall_and_getup_cql_manager-locomotion,cql,56000,8,56000,4e2d762db5ed9c29,-1788.712524414,74157,3344,28.4953,-8.0137,36.509,58.9075,0.61977,0.8387,1.0908,1.3006
20260731_145639-g1_29dof_wbt_fall_and_getup_cql_manager-locomotion,cql,56000,12,56000,4e2d762db5ed9c29,-1788.712524414,134624,2881,36.4813,-6.1401,42.6214,58.9075,0.72353,0.8249,1.0789,1.3079
20260731_145639-g1_29dof_wbt_fall_and_getup_cql_manager-locomotion,cql,56000,16,56000,4e2d762db5ed9c29,-1788.712524414,198771,3756,24.5611,-1.3885,25.9495,58.9075,0.44051,0.8034,1.064,1.3245
20260731_145639-g1_29dof_wbt_fall_and_getup_cql_manager-locomotion,cql,57000,0,57000,27f23a8875bb2052,-1807.916992188,192109,6729,26.0443,-5.2553,31.2995,58.4845,0.53518,0.9434,1.4743,1.5628
20260731_145639-g1_29dof_wbt_fall_and_getup_cql_manager-locomotion,cql,57000,1,57000,27f23a8875bb2052,-1807.916992188,94738,12464,12.2749,5.5483,6.7266,58.4845,0.11502,0.9283,1.1647,1.2547
20260731_145639-g1_29dof_wbt_fall_and_getup_cql_manager-locomotion,cql,57000,2,57000,27f23a8875bb2052,-1807.916992188,16213,105373,-3.4263,2.7875,-6.2138,58.4845,-0.10625,1.0253,1.0042,0.9793
20260731_145639-g1_29dof_wbt_fall_and_getup_cql_manager-locomotion,cql,57000,3,57000,27f23a8875bb2052,-1807.916992188,18957,19294,-8.3823,-2.2668,-6.1155,58.4845,-0.10457,1.1231,1.2076,1.0752
20260731_145639-g1_29dof_wbt_fall_and_getup_cql_manager-locomotion,cql,57000,4,57000,27f23a8875bb2052,-1807.916992188,21006,10750,-8.5855,-8.1646,-0.4209,58.4845,-0.0072,1.1544,1.2378,1.0723
20260731_145639-g1_29dof_wbt_fall_and_getup_cql_manager-locomotion,cql,57000,5,57000,27f23a8875bb2052,-1807.916992188,29649,5332,5.9496,-10.0082,15.9578,58.4845,0.27286,1.0655,1.2252,1.15
20260731_145639-g1_29dof_wbt_fall_and_getup_cql_manager-locomotion,cql,57000,8,57000,27f23a8875bb2052,-1807.916992188,74157,3344,28.3722,-5.8766,34.2488,58.4845,0.5856,0.8393,1.0866,1.2947
20260731_145639-g1_29dof_wbt_fall_and_getup_cql_manager-locomotion,cql,57000,12,57000,27f23a8875bb2052,-1807.916992188,134624,2881,36.3781,-5.5603,41.9384,58.4845,0.71709,0.8247,1.0764,1.3053
20260731_145639-g1_29dof_wbt_fall_and_getup_cql_manager-locomotion,cql,57000,16,57000,27f23a8875bb2052,-1807.916992188,198771,3756,24.6628,-1.7424,26.4052,58.4845,0.45149,0.803,1.0626,1.3233
20260731_145639-g1_29dof_wbt_fall_and_getup_cql_manager-locomotion,cql,58000,0,58000,8809175b15f6743f,-1835.061157227,192109,6729,25.2312,-4.9157,30.1469,59.2393,0.5089,0.9462,1.4781,1.5623
20260731_145639-g1_29dof_wbt_fall_and_getup_cql_manager-locomotion,cql,58000,1,58000,8809175b15f6743f,-1835.061157227,94738,12464,12.5178,5.372,7.1458,59.2393,0.12063,0.9331,1.1702,1.254
20260731_145639-g1_29dof_wbt_fall_and_getup_cql_manager-locomotion,cql,58000,2,58000,8809175b15f6743f,-1835.061157227,16213,105373,-3.1899,3.6017,-6.7916,59.2393,-0.11465,1.0307,1.0115,0.9814
20260731_145639-g1_29dof_wbt_fall_and_getup_cql_manager-locomotion,cql,58000,3,58000,8809175b15f6743f,-1835.061157227,18957,19294,-9.9732,-1.637,-8.3363,59.2393,-0.14072,1.1372,1.2184,1.0714
20260731_145639-g1_29dof_wbt_fall_and_getup_cql_manager-locomotion,cql,58000,4,58000,8809175b15f6743f,-1835.061157227,21006,10750,-8.3216,-7.7513,-0.5703,59.2393,-0.00963,1.1632,1.2454,1.0707
20260731_145639-g1_29dof_wbt_fall_and_getup_cql_manager-locomotion,cql,58000,5,58000,8809175b15f6743f,-1835.061157227,29649,5332,3.7375,-10.5085,14.246,59.2393,0.24048,1.0648,1.2182,1.144
20260731_145639-g1_29dof_wbt_fall_and_getup_cql_manager-locomotion,cql,58000,8,58000,8809175b15f6743f,-1835.061157227,74157,3344,28.8583,-7.3791,36.2374,59.2393,0.61171,0.8402,1.0892,1.2962
20260731_145639-g1_29dof_wbt_fall_and_getup_cql_manager-locomotion,cql,58000,12,58000,8809175b15f6743f,-1835.061157227,134624,2881,36.4155,-5.3601,41.7755,59.2393,0.7052,0.8237,1.0768,1.3073
20260731_145639-g1_29dof_wbt_fall_and_getup_cql_manager-locomotion,cql,58000,16,58000,8809175b15f6743f,-1835.061157227,198771,3756,24.5616,-2.1064,26.668,59.2393,0.45017,0.8027,1.0613,1.3221
20260731_145639-g1_29dof_wbt_fall_and_getup_cql_manager-locomotion,cql,59000,0,59000,902b0709ba3f80c8,-1859.969604492,192109,6729,24.3034,-4.5168,28.8202,59.0912,0.48772,0.9413,1.4837,1.5763
20260731_145639-g1_29dof_wbt_fall_and_getup_cql_manager-locomotion,cql,59000,1,59000,902b0709ba3f80c8,-1859.969604492,94738,12464,11.9161,4.7644,7.1516,59.0912,0.12103,0.9272,1.1625,1.2538
20260731_145639-g1_29dof_wbt_fall_and_getup_cql_manager-locomotion,cql,59000,2,59000,902b0709ba3f80c8,-1859.969604492,16213,105373,-3.9805,2.4724,-6.4529,59.0912,-0.1092,1.0262,1.0022,0.9767
20260731_145639-g1_29dof_wbt_fall_and_getup_cql_manager-locomotion,cql,59000,3,59000,902b0709ba3f80c8,-1859.969604492,18957,19294,-11.6777,-2.1247,-9.5531,59.0912,-0.16167,1.1259,1.2075,1.0725
20260731_145639-g1_29dof_wbt_fall_and_getup_cql_manager-locomotion,cql,59000,4,59000,902b0709ba3f80c8,-1859.969604492,21006,10750,-10.5423,-9.203,-1.3392,59.0912,-0.02266,1.1555,1.2372,1.0708
20260731_145639-g1_29dof_wbt_fall_and_getup_cql_manager-locomotion,cql,59000,5,59000,902b0709ba3f80c8,-1859.969604492,29649,5332,4.0956,-10.5633,14.6589,59.0912,0.24807,1.0663,1.2185,1.1427
20260731_145639-g1_29dof_wbt_fall_and_getup_cql_manager-locomotion,cql,59000,8,59000,902b0709ba3f80c8,-1859.969604492,74157,3344,28.2234,-10.0882,38.3117,59.0912,0.64835,0.8388,1.0899,1.2994
20260731_145639-g1_29dof_wbt_fall_and_getup_cql_manager-locomotion,cql,59000,12,59000,902b0709ba3f80c8,-1859.969604492,134624,2881,36.1968,-7.1916,43.3883,59.0912,0.73426,0.824,1.0754,1.3051
20260731_145639-g1_29dof_wbt_fall_and_getup_cql_manager-locomotion,cql,59000,16,59000,902b0709ba3f80c8,-1859.969604492,198771,3756,24.3905,-1.9055,26.296,59.0912,0.44501,0.8028,1.0612,1.3219
20260731_145639-g1_29dof_wbt_fall_and_getup_cql_manager-locomotion,cql,60000,0,60000,515b2a5905331151,-1878.5859375,192109,6729,24.2619,-6.4875,30.7494,58.8417,0.52258,0.9428,1.4685,1.5575
20260731_145639-g1_29dof_wbt_fall_and_getup_cql_manager-locomotion,cql,60000,1,60000,515b2a5905331151,-1878.5859375,94738,12464,11.5304,4.5313,6.9991,58.8417,0.11895,0.9292,1.1647,1.2534
20260731_145639-g1_29dof_wbt_fall_and_getup_cql_manager-locomotion,cql,60000,2,60000,515b2a5905331151,-1878.5859375,16213,105373,-4.2882,2.3114,-6.5996,58.8417,-0.11216,1.0334,1.0052,0.9727
20260731_145639-g1_29dof_wbt_fall_and_getup_cql_manager-locomotion,cql,60000,3,60000,515b2a5905331151,-1878.5859375,18957,19294,-10.9591,-2.0119,-8.9473,58.8417,-0.15206,1.1196,1.2113,1.0819
20260731_145639-g1_29dof_wbt_fall_and_getup_cql_manager-locomotion,cql,60000,4,60000,515b2a5905331151,-1878.5859375,21006,10750,-9.7802,-7.5885,-2.1917,58.8417,-0.03725,1.1512,1.2403,1.0774
20260731_145639-g1_29dof_wbt_fall_and_getup_cql_manager-locomotion,cql,60000,5,60000,515b2a5905331151,-1878.5859375,29649,5332,2.4739,-10.3121,12.7861,58.8417,0.2173,1.065,1.2209,1.1463
20260731_145639-g1_29dof_wbt_fall_and_getup_cql_manager-locomotion,cql,60000,8,60000,515b2a5905331151,-1878.5859375,74157,3344,27.7077,-9.3979,37.1056,58.8417,0.6306,0.8365,1.0835,1.2952
20260731_145639-g1_29dof_wbt_fall_and_getup_cql_manager-locomotion,cql,60000,12,60000,515b2a5905331151,-1878.5859375,134624,2881,35.4444,-4.5177,39.9621,58.8417,0.67915,0.8243,1.0737,1.3026
20260731_145639-g1_29dof_wbt_fall_and_getup_cql_manager-locomotion,cql,60000,16,60000,515b2a5905331151,-1878.5859375,198771,3756,24.2525,-1.7932,26.0457,58.8417,0.44264,0.8026,1.0594,1.32
20260731_145639-g1_29dof_wbt_fall_and_getup_cql_manager-locomotion,cql,61000,0,61000,721f679fc8f1368f,-1897.293579102,192109,6729,24.6769,-4.3212,28.9981,58.5986,0.49486,0.9471,1.4713,1.5535
20260731_145639-g1_29dof_wbt_fall_and_getup_cql_manager-locomotion,cql,61000,1,61000,721f679fc8f1368f,-1897.293579102,94738,12464,12.265,5.5878,6.6771,58.5986,0.11395,0.9324,1.1693,1.2541
20260731_145639-g1_29dof_wbt_fall_and_getup_cql_manager-locomotion,cql,61000,2,61000,721f679fc8f1368f,-1897.293579102,16213,105373,-4.4816,3.503,-7.9846,58.5986,-0.13626,1.0297,1.0108,0.9816
20260731_145639-g1_29dof_wbt_fall_and_getup_cql_manager-locomotion,cql,61000,3,61000,721f679fc8f1368f,-1897.293579102,18957,19294,-10.4304,-1.4815,-8.9489,58.5986,-0.15271,1.1312,1.2141,1.0734
20260731_145639-g1_29dof_wbt_fall_and_getup_cql_manager-locomotion,cql,61000,4,61000,721f679fc8f1368f,-1897.293579102,21006,10750,-10.1027,-7.0607,-3.042,58.5986,-0.05191,1.16,1.243,1.0716
20260731_145639-g1_29dof_wbt_fall_and_getup_cql_manager-locomotion,cql,61000,5,61000,721f679fc8f1368f,-1897.293579102,29649,5332,2.8174,-10.2133,13.0307,58.5986,0.22237,1.0614,1.2135,1.1433
20260731_145639-g1_29dof_wbt_fall_and_getup_cql_manager-locomotion,cql,61000,8,61000,721f679fc8f1368f,-1897.293579102,74157,3344,27.36,-9.5151,36.8752,58.5986,0.62928,0.8368,1.0862,1.298
20260731_145639-g1_29dof_wbt_fall_and_getup_cql_manager-locomotion,cql,61000,12,61000,721f679fc8f1368f,-1897.293579102,134624,2881,36.0871,-6.8136,42.9006,58.5986,0.73211,0.8238,1.0718,1.301
20260731_145639-g1_29dof_wbt_fall_and_getup_cql_manager-locomotion,cql,61000,16,61000,721f679fc8f1368f,-1897.293579102,198771,3756,23.8938,-2.8883,26.7821,58.5986,0.45704,0.8028,1.0584,1.3184
20260731_145639-g1_29dof_wbt_fall_and_getup_cql_manager-locomotion,cql,62000,0,62000,6c7a7269a4e6488c,-1919.108032227,192109,6729,24.198,-4.3344,28.5324,57.8834,0.49293,0.9427,1.477,1.5667
20260731_145639-g1_29dof_wbt_fall_and_getup_cql_manager-locomotion,cql,62000,1,62000,6c7a7269a4e6488c,-1919.108032227,94738,12464,11.6481,5.0637,6.5845,57.8834,0.11375,0.9277,1.1681,1.2592
20260731_145639-g1_29dof_wbt_fall_and_getup_cql_manager-locomotion,cql,62000,2,62000,6c7a7269a4e6488c,-1919.108032227,16213,105373,-2.6008,2.7398,-5.3406,57.8834,-0.09226,1.0264,1.0042,0.9784
20260731_145639-g1_29dof_wbt_fall_and_getup_cql_manager-locomotion,cql,62000,3,62000,6c7a7269a4e6488c,-1919.108032227,18957,19294,-8.205,-1.93,-6.275,57.8834,-0.10841,1.1195,1.207,1.0782
20260731_145639-g1_29dof_wbt_fall_and_getup_cql_manager-locomotion,cql,62000,4,62000,6c7a7269a4e6488c,-1919.108032227,21006,10750,-8.6981,-7.3186,-1.3795,57.8834,-0.02383,1.1548,1.2387,1.0726
20260731_145639-g1_29dof_wbt_fall_and_getup_cql_manager-locomotion,cql,62000,5,62000,6c7a7269a4e6488c,-1919.108032227,29649,5332,4.641,-8.6528,13.2938,57.8834,0.22967,1.0713,1.2277,1.146
20260731_145639-g1_29dof_wbt_fall_and_getup_cql_manager-locomotion,cql,62000,8,62000,6c7a7269a4e6488c,-1919.108032227,74157,3344,27.805,-10.1062,37.9113,57.8834,0.65496,0.8379,1.0856,1.2956
20260731_145639-g1_29dof_wbt_fall_and_getup_cql_manager-locomotion,cql,62000,12,62000,6c7a7269a4e6488c,-1919.108032227,134624,2881,35.6835,-6.821,42.5044,57.8834,0.73431,0.8237,1.0702,1.2993
20260731_145639-g1_29dof_wbt_fall_and_getup_cql_manager-locomotion,cql,62000,16,62000,6c7a7269a4e6488c,-1919.108032227,198771,3756,24.3425,-3.2494,27.5919,57.8834,0.47668,0.8027,1.0579,1.3179
20260731_145639-g1_29dof_wbt_fall_and_getup_cql_manager-locomotion,cql,63000,0,63000,828999ce7edafb83,-1940.16418457,192109,6729,24.2022,-4.3053,28.5074,57.3156,0.49738,0.9418,1.4803,1.5717
20260731_145639-g1_29dof_wbt_fall_and_getup_cql_manager-locomotion,cql,63000,1,63000,828999ce7edafb83,-1940.16418457,94738,12464,11.8279,4.8065,7.0215,57.3156,0.12251,0.926,1.1631,1.256
20260731_145639-g1_29dof_wbt_fall_and_getup_cql_manager-locomotion,cql,63000,2,63000,828999ce7edafb83,-1940.16418457,16213,105373,-3.6821,3.2339,-6.916,57.3156,-0.12066,1.0267,1.0024,0.9763
20260731_145639-g1_29dof_wbt_fall_and_getup_cql_manager-locomotion,cql,63000,3,63000,828999ce7edafb83,-1940.16418457,18957,19294,-11.2377,-1.7578,-9.48,57.3156,-0.1654,1.1134,1.2052,1.0824
20260731_145639-g1_29dof_wbt_fall_and_getup_cql_manager-locomotion,cql,63000,4,63000,828999ce7edafb83,-1940.16418457,21006,10750,-8.2023,-7.0364,-1.1659,57.3156,-0.02034,1.149,1.2336,1.0737
20260731_145639-g1_29dof_wbt_fall_and_getup_cql_manager-locomotion,cql,63000,5,63000,828999ce7edafb83,-1940.16418457,29649,5332,3.2219,-8.9908,12.2127,57.3156,0.21308,1.0632,1.2128,1.1407
20260731_145639-g1_29dof_wbt_fall_and_getup_cql_manager-locomotion,cql,63000,8,63000,828999ce7edafb83,-1940.16418457,74157,3344,27.2875,-8.3816,35.6692,57.3156,0.62233,0.8372,1.0859,1.2971
20260731_145639-g1_29dof_wbt_fall_and_getup_cql_manager-locomotion,cql,63000,12,63000,828999ce7edafb83,-1940.16418457,134624,2881,34.9522,-3.9045,38.8567,57.3156,0.67794,0.823,1.0697,1.2998
20260731_145639-g1_29dof_wbt_fall_and_getup_cql_manager-locomotion,cql,63000,16,63000,828999ce7edafb83,-1940.16418457,198771,3756,23.6644,-3.0486,26.713,57.3156,0.46607,0.8025,1.0578,1.3182
20260731_145639-g1_29dof_wbt_fall_and_getup_cql_manager-locomotion,cql,64000,0,64000,3d5b2759b352de52,-1964.455322266,192109,6729,24.3511,-5.1247,29.4757,59.0457,0.4992,0.9428,1.4742,1.5636
20260731_145639-g1_29dof_wbt_fall_and_getup_cql_manager-locomotion,cql,64000,1,64000,3d5b2759b352de52,-1964.455322266,94738,12464,11.7472,4.0204,7.7268,59.0457,0.13086,0.9272,1.1647,1.2562
20260731_145639-g1_29dof_wbt_fall_and_getup_cql_manager-locomotion,cql,64000,2,64000,3d5b2759b352de52,-1964.455322266,16213,105373,-3.5641,2.8026,-6.3667,59.0457,-0.10783,1.0233,1.0021,0.9792
20260731_145639-g1_29dof_wbt_fall_and_getup_cql_manager-locomotion,cql,64000,3,64000,3d5b2759b352de52,-1964.455322266,18957,19294,-11.2267,-2.2796,-8.9471,59.0457,-0.15153,1.1198,1.2035,1.0747
20260731_145639-g1_29dof_wbt_fall_and_getup_cql_manager-locomotion,cql,64000,4,64000,3d5b2759b352de52,-1964.455322266,21006,10750,-9.5924,-9.3384,-0.2541,59.0457,-0.0043,1.1482,1.2345,1.0752
20260731_145639-g1_29dof_wbt_fall_and_getup_cql_manager-locomotion,cql,64000,5,64000,3d5b2759b352de52,-1964.455322266,29649,5332,2.3379,-10.2979,12.6358,59.0457,0.214,1.0637,1.2166,1.1437
20260731_145639-g1_29dof_wbt_fall_and_getup_cql_manager-locomotion,cql,64000,8,64000,3d5b2759b352de52,-1964.455322266,74157,3344,26.7309,-10.1204,36.8512,59.0457,0.62411,0.8348,1.0795,1.2931
20260731_145639-g1_29dof_wbt_fall_and_getup_cql_manager-locomotion,cql,64000,12,64000,3d5b2759b352de52,-1964.455322266,134624,2881,35.3056,-5.5505,40.8561,59.0457,0.69194,0.8236,1.0683,1.2971
20260731_145639-g1_29dof_wbt_fall_and_getup_cql_manager-locomotion,cql,64000,16,64000,3d5b2759b352de52,-1964.455322266,198771,3756,23.9449,-3.1159,27.0608,59.0457,0.4583,0.8024,1.0571,1.3175
20260731_145639-g1_29dof_wbt_fall_and_getup_cql_manager-locomotion,cql,65000,0,65000,41c3f8e939db6a6f,-1983.577270508,192109,6729,23.8888,-3.9684,27.8572,58.4283,0.47678,0.9438,1.4726,1.5602
20260731_145639-g1_29dof_wbt_fall_and_getup_cql_manager-locomotion,cql,65000,1,65000,41c3f8e939db6a6f,-1983.577270508,94738,12464,11.6402,5.4629,6.1773,58.4283,0.10572,0.9291,1.1674,1.2565
20260731_145639-g1_29dof_wbt_fall_and_getup_cql_manager-locomotion,cql,65000,2,65000,41c3f8e939db6a6f,-1983.577270508,16213,105373,-5.6855,2.9495,-8.6351,58.4283,-0.14779,1.0334,1.0053,0.9728
20260731_145639-g1_29dof_wbt_fall_and_getup_cql_manager-locomotion,cql,65000,3,65000,41c3f8e939db6a6f,-1983.577270508,18957,19294,-12.7865,-1.8836,-10.9029,58.4283,-0.1866,1.1254,1.2083,1.0737
20260731_145639-g1_29dof_wbt_fall_and_getup_cql_manager-locomotion,cql,65000,4,65000,41c3f8e939db6a6f,-1983.577270508,21006,10750,-8.8008,-7.9228,-0.8779,58.4283,-0.01503,1.1519,1.2383,1.075
20260731_145639-g1_29dof_wbt_fall_and_getup_cql_manager-locomotion,cql,65000,5,65000,41c3f8e939db6a6f,-1983.577270508,29649,5332,2.707,-9.7986,12.5056,58.4283,0.21403,1.0639,1.2122,1.1394
20260731_145639-g1_29dof_wbt_fall_and_getup_cql_manager-locomotion,cql,65000,8,65000,41c3f8e939db6a6f,-1983.577270508,74157,3344,26.5712,-10.3177,36.8889,58.4283,0.63135,0.8377,1.0834,1.2933
20260731_145639-g1_29dof_wbt_fall_and_getup_cql_manager-locomotion,cql,65000,12,65000,41c3f8e939db6a6f,-1983.577270508,134624,2881,34.6051,-7.4653,42.0704,58.4283,0.72003,0.8236,1.0711,1.3006
20260731_145639-g1_29dof_wbt_fall_and_getup_cql_manager-locomotion,cql,65000,16,65000,41c3f8e939db6a6f,-1983.577270508,198771,3756,23.7663,-2.601,26.3674,58.4283,0.45128,0.8023,1.0569,1.3174
20260731_145639-g1_29dof_wbt_fall_and_getup_cql_manager-locomotion,cql,66000,0,66000,c748c9b76249092c,-2013.599365234,192109,6729,23.1687,-5.9921,29.1608,58.1037,0.50187,0.9412,1.4705,1.5624
20260731_145639-g1_29dof_wbt_fall_and_getup_cql_manager-locomotion,cql,66000,1,66000,c748c9b76249092c,-2013.599365234,94738,12464,11.3836,4.0775,7.3061,58.1037,0.12574,0.9262,1.1614,1.254
20260731_145639-g1_29dof_wbt_fall_and_getup_cql_manager-locomotion,cql,66000,2,66000,c748c9b76249092c,-2013.599365234,16213,105373,-5.9709,2.7691,-8.7401,58.1037,-0.15042,1.0269,1.0034,0.977
20260731_145639-g1_29dof_wbt_fall_and_getup_cql_manager-locomotion,cql,66000,3,66000,c748c9b76249092c,-2013.599365234,18957,19294,-12.5213,-1.3812,-11.1401,58.1037,-0.19173,1.1197,1.2085,1.0792
20260731_145639-g1_29dof_wbt_fall_and_getup_cql_manager-locomotion,cql,66000,4,66000,c748c9b76249092c,-2013.599365234,21006,10750,-8.8822,-7.3454,-1.5368,58.1037,-0.02645,1.1566,1.2402,1.0723
20260731_145639-g1_29dof_wbt_fall_and_getup_cql_manager-locomotion,cql,66000,5,66000,c748c9b76249092c,-2013.599365234,29649,5332,1.7264,-11.1879,12.9143,58.1037,0.22226,1.0589,1.2092,1.1419
20260731_145639-g1_29dof_wbt_fall_and_getup_cql_manager-locomotion,cql,66000,8,66000,c748c9b76249092c,-2013.599365234,74157,3344,26.7869,-9.6927,36.4797,58.1037,0.62784,0.8383,1.0854,1.2948
20260731_145639-g1_29dof_wbt_fall_and_getup_cql_manager-locomotion,cql,66000,12,66000,c748c9b76249092c,-2013.599365234,134624,2881,35.065,-3.7471,38.8121,58.1037,0.66798,0.8236,1.0686,1.2975
20260731_145639-g1_29dof_wbt_fall_and_getup_cql_manager-locomotion,cql,66000,16,66000,c748c9b76249092c,-2013.599365234,198771,3756,23.6805,-2.0203,25.7007,58.1037,0.44233,0.8028,1.0555,1.3149
20260731_145639-g1_29dof_wbt_fall_and_getup_cql_manager-locomotion,cql,67000,0,67000,702df084062f9e93,-2036.66784668,192109,6729,23.7992,-5.1356,28.9348,57.6691,0.50174,0.9433,1.463,1.551
20260731_145639-g1_29dof_wbt_fall_and_getup_cql_manager-locomotion,cql,67000,1,67000,702df084062f9e93,-2036.66784668,94738,12464,11.5533,4.9372,6.6161,57.6691,0.11473,0.9291,1.1593,1.2478
20260731_145639-g1_29dof_wbt_fall_and_getup_cql_manager-locomotion,cql,67000,2,67000,702df084062f9e93,-2036.66784668,16213,105373,-5.5809,2.6172,-8.1981,57.6691,-0.14216,1.0271,1.0036,0.9771
20260731_145639-g1_29dof_wbt_fall_and_getup_cql_manager-locomotion,cql,67000,3,67000,702df084062f9e93,-2036.66784668,18957,19294,-13.1652,-2.3943,-10.7709,57.6691,-0.18677,1.1198,1.2069,1.0778
20260731_145639-g1_29dof_wbt_fall_and_getup_cql_manager-locomotion,cql,67000,4,67000,702df084062f9e93,-2036.66784668,21006,10750,-9.6038,-7.267,-2.3367,57.6691,-0.04052,1.1507,1.2369,1.075
20260731_145639-g1_29dof_wbt_fall_and_getup_cql_manager-locomotion,cql,67000,5,67000,702df084062f9e93,-2036.66784668,29649,5332,3.4664,-8.9567,12.423,57.6691,0.21542,1.0591,1.2092,1.1417
20260731_145639-g1_29dof_wbt_fall_and_getup_cql_manager-locomotion,cql,67000,8,67000,702df084062f9e93,-2036.66784668,74157,3344,27.4407,-10.5536,37.9943,57.6691,0.65883,0.8369,1.0821,1.2929
20260731_145639-g1_29dof_wbt_fall_and_getup_cql_manager-locomotion,cql,67000,12,67000,702df084062f9e93,-2036.66784668,134624,2881,34.97,-6.0592,41.0292,57.6691,0.71146,0.8233,1.0689,1.2984
20260731_145639-g1_29dof_wbt_fall_and_getup_cql_manager-locomotion,cql,67000,16,67000,702df084062f9e93,-2036.66784668,198771,3756,23.7814,-1.6671,25.4485,57.6691,0.44128,0.8022,1.0563,1.3167
20260731_145639-g1_29dof_wbt_fall_and_getup_cql_manager-locomotion,cql,68000,0,68000,36a7c5fbac5a74e9,-2060.661865234,192109,6729,23.4435,-6.4457,29.8893,58.8635,0.50777,0.9437,1.4693,1.557
20260731_145639-g1_29dof_wbt_fall_and_getup_cql_manager-locomotion,cql,68000,1,68000,36a7c5fbac5a74e9,-2060.661865234,94738,12464,11.9011,4.9981,6.903,58.8635,0.11727,0.9288,1.1663,1.2557
20260731_145639-g1_29dof_wbt_fall_and_getup_cql_manager-locomotion,cql,68000,2,68000,36a7c5fbac5a74e9,-2060.661865234,16213,105373,-5.0223,2.5878,-7.61,58.8635,-0.12928,1.0372,1.0057,0.9696
20260731_145639-g1_29dof_wbt_fall_and_getup_cql_manager-locomotion,cql,68000,3,68000,36a7c5fbac5a74e9,-2060.661865234,18957,19294,-13.5408,-2.0211,-11.5197,58.8635,-0.1957,1.1155,1.2083,1.0832
20260731_145639-g1_29dof_wbt_fall_and_getup_cql_manager-locomotion,cql,68000,4,68000,36a7c5fbac5a74e9,-2060.661865234,21006,10750,-10.6065,-8.0602,-2.5463,58.8635,-0.04326,1.1465,1.2327,1.0752
20260731_145639-g1_29dof_wbt_fall_and_getup_cql_manager-locomotion,cql,68000,5,68000,36a7c5fbac5a74e9,-2060.661865234,29649,5332,2.1695,-11.2759,13.4454,58.8635,0.22842,1.0632,1.215,1.1428
20260731_145639-g1_29dof_wbt_fall_and_getup_cql_manager-locomotion,cql,68000,8,68000,36a7c5fbac5a74e9,-2060.661865234,74157,3344,27.0744,-8.7121,35.7864,58.8635,0.60796,0.8357,1.0791,1.2913
20260731_145639-g1_29dof_wbt_fall_and_getup_cql_manager-locomotion,cql,68000,12,68000,36a7c5fbac5a74e9,-2060.661865234,134624,2881,34.6118,-5.2893,39.9011,58.8635,0.67786,0.8238,1.0675,1.2958
20260731_145639-g1_29dof_wbt_fall_and_getup_cql_manager-locomotion,cql,68000,16,68000,36a7c5fbac5a74e9,-2060.661865234,198771,3756,23.3737,-3.242,26.6157,58.8635,0.45216,0.8026,1.0555,1.3152
20260731_145639-g1_29dof_wbt_fall_and_getup_cql_manager-locomotion,cql,69000,0,69000,347b50ba8f914a15,-2086.143066406,192109,6729,23.5482,-5.4495,28.9976,58.401,0.49653,0.9453,1.4707,1.5558
20260731_145639-g1_29dof_wbt_fall_and_getup_cql_manager-locomotion,cql,69000,1,69000,347b50ba8f914a15,-2086.143066406,94738,12464,11.1774,4.4076,6.7697,58.401,0.11592,0.9318,1.1684,1.2539
20260731_145639-g1_29dof_wbt_fall_and_getup_cql_manager-locomotion,cql,69000,2,69000,347b50ba8f914a15,-2086.143066406,16213,105373,-5.0917,2.4507,-7.5424,58.401,-0.12915,1.0359,1.0117,0.9766
20260731_145639-g1_29dof_wbt_fall_and_getup_cql_manager-locomotion,cql,69000,3,69000,347b50ba8f914a15,-2086.143066406,18957,19294,-11.9328,-2.3159,-9.6168,58.401,-0.16467,1.1219,1.2103,1.0788
20260731_145639-g1_29dof_wbt_fall_and_getup_cql_manager-locomotion,cql,69000,4,69000,347b50ba8f914a15,-2086.143066406,21006,10750,-10.3729,-8.4467,-1.9262,58.401,-0.03298,1.1584,1.2364,1.0673
20260731_145639-g1_29dof_wbt_fall_and_getup_cql_manager-locomotion,cql,69000,5,69000,347b50ba8f914a15,-2086.143066406,29649,5332,1.466,-10.987,12.453,58.401,0.21323,1.0672,1.2184,1.1417
20260731_145639-g1_29dof_wbt_fall_and_getup_cql_manager-locomotion,cql,69000,8,69000,347b50ba8f914a15,-2086.143066406,74157,3344,27.4021,-10.2003,37.6024,58.401,0.64387,0.8392,1.0804,1.2874
20260731_145639-g1_29dof_wbt_fall_and_getup_cql_manager-locomotion,cql,69000,12,69000,347b50ba8f914a15,-2086.143066406,134624,2881,35.3891,-4.5134,39.9026,58.401,0.68325,0.8248,1.0685,1.2955
20260731_145639-g1_29dof_wbt_fall_and_getup_cql_manager-locomotion,cql,69000,16,69000,347b50ba8f914a15,-2086.143066406,198771,3756,23.7918,-2.6311,26.4229,58.401,0.45244,0.8031,1.0533,1.3116
20260731_145639-g1_29dof_wbt_fall_and_getup_cql_manager-locomotion,cql,70000,0,70000,817786e5092c3af6,-2102.924316406,192109,6729,23.5694,-4.8356,28.405,58.6028,0.4847,0.9426,1.474,1.5637
20260731_145639-g1_29dof_wbt_fall_and_getup_cql_manager-locomotion,cql,70000,1,70000,817786e5092c3af6,-2102.924316406,94738,12464,11.3319,4.2635,7.0684,58.6028,0.12061,0.9268,1.163,1.2548
20260731_145639-g1_29dof_wbt_fall_and_getup_cql_manager-locomotion,cql,70000,2,70000,817786e5092c3af6,-2102.924316406,16213,105373,-6.2396,2.6551,-8.8947,58.6028,-0.15178,1.0236,1.004,0.9809
20260731_145639-g1_29dof_wbt_fall_and_getup_cql_manager-locomotion,cql,70000,3,70000,817786e5092c3af6,-2102.924316406,18957,19294,-13.3304,-2.5239,-10.8064,58.6028,-0.1844,1.1145,1.2043,1.0805
20260731_145639-g1_29dof_wbt_fall_and_getup_cql_manager-locomotion,cql,70000,4,70000,817786e5092c3af6,-2102.924316406,21006,10750,-9.8817,-7.9176,-1.964,58.6028,-0.03351,1.1473,1.2331,1.0748
20260731_145639-g1_29dof_wbt_fall_and_getup_cql_manager-locomotion,cql,70000,5,70000,817786e5092c3af6,-2102.924316406,29649,5332,1.9382,-10.5312,12.4695,58.6028,0.21278,1.0605,1.2062,1.1373
20260731_145639-g1_29dof_wbt_fall_and_getup_cql_manager-locomotion,cql,70000,8,70000,817786e5092c3af6,-2102.924316406,74157,3344,26.7462,-10.2191,36.9653,58.6028,0.63078,0.8367,1.0774,1.2876
20260731_145639-g1_29dof_wbt_fall_and_getup_cql_manager-locomotion,cql,70000,12,70000,817786e5092c3af6,-2102.924316406,134624,2881,35.0364,-5.9496,40.986,58.6028,0.69939,0.8236,1.0667,1.2953
20260731_145639-g1_29dof_wbt_fall_and_getup_cql_manager-locomotion,cql,70000,16,70000,817786e5092c3af6,-2102.924316406,198771,3756,23.7378,-1.5761,25.3139,58.6028,0.43196,0.8027,1.0527,1.3115
20260731_145639-g1_29dof_wbt_fall_and_getup_cql_manager-locomotion,cql,71000,0,71000,36791ea1bbfaacf6,-2117.411621094,192109,6729,23.3678,-6.9015,30.2693,59.3552,0.50997,0.9436,1.4704,1.5583
20260731_145639-g1_29dof_wbt_fall_and_getup_cql_manager-locomotion,cql,71000,1,71000,36791ea1bbfaacf6,-2117.411621094,94738,12464,11.4724,4.1534,7.319,59.3552,0.12331,0.9281,1.1637,1.2539
20260731_145639-g1_29dof_wbt_fall_and_getup_cql_manager-locomotion,cql,71000,2,71000,36791ea1bbfaacf6,-2117.411621094,16213,105373,-5.5592,2.4932,-8.0524,59.3552,-0.13566,1.0224,1.0014,0.9795
20260731_145639-g1_29dof_wbt_fall_and_getup_cql_manager-locomotion,cql,71000,3,71000,36791ea1bbfaacf6,-2117.411621094,18957,19294,-13.8415,-2.4495,-11.3919,59.3552,-0.19193,1.114,1.2025,1.0794
20260731_145639-g1_29dof_wbt_fall_and_getup_cql_manager-locomotion,cql,71000,4,71000,36791ea1bbfaacf6,-2117.411621094,21006,10750,-12.1606,-8.8576,-3.3029,59.3552,-0.05565,1.1457,1.2308,1.0743
20260731_145639-g1_29dof_wbt_fall_and_getup_cql_manager-locomotion,cql,71000,5,71000,36791ea1bbfaacf6,-2117.411621094,29649,5332,1.8627,-10.9077,12.7704,59.3552,0.21515,1.0625,1.2132,1.1418
20260731_145639-g1_29dof_wbt_fall_and_getup_cql_manager-locomotion,cql,71000,8,71000,36791ea1bbfaacf6,-2117.411621094,74157,3344,26.6326,-9.7114,36.344,59.3552,0.61231,0.839,1.0786,1.2856
20260731_145639-g1_29dof_wbt_fall_and_getup_cql_manager-locomotion,cql,71000,12,71000,36791ea1bbfaacf6,-2117.411621094,134624,2881,34.9801,-6.0822,41.0623,59.3552,0.69181,0.8242,1.0659,1.2933
20260731_145639-g1_29dof_wbt_fall_and_getup_cql_manager-locomotion,cql,71000,16,71000,36791ea1bbfaacf6,-2117.411621094,198771,3756,23.5624,-2.6779,26.2404,59.3552,0.44209,0.8033,1.0525,1.3102
20260731_145639-g1_29dof_wbt_fall_and_getup_cql_manager-locomotion,cql,72000,0,72000,1e4ea02789f01869,-2137.310058594,192109,6729,23.573,-5.3485,28.9215,61.3606,0.47134,0.9417,1.4636,1.5542
20260731_145639-g1_29dof_wbt_fall_and_getup_cql_manager-locomotion,cql,72000,1,72000,1e4ea02789f01869,-2137.310058594,94738,12464,10.5976,4.1208,6.4768,61.3606,0.10555,0.9265,1.1609,1.2531
20260731_145639-g1_29dof_wbt_fall_and_getup_cql_manager-locomotion,cql,72000,2,72000,1e4ea02789f01869,-2137.310058594,16213,105373,-6.0226,2.5195,-8.5421,61.3606,-0.13921,1.0256,1.0005,0.9755
20260731_145639-g1_29dof_wbt_fall_and_getup_cql_manager-locomotion,cql,72000,3,72000,1e4ea02789f01869,-2137.310058594,18957,19294,-15.7839,-2.4644,-13.3194,61.3606,-0.21707,1.1209,1.2046,1.0747
20260731_145639-g1_29dof_wbt_fall_and_getup_cql_manager-locomotion,cql,72000,4,72000,1e4ea02789f01869,-2137.310058594,21006,10750,-13.2761,-8.9186,-4.3574,61.3606,-0.07101,1.1477,1.2328,1.0741
20260731_145639-g1_29dof_wbt_fall_and_getup_cql_manager-locomotion,cql,72000,5,72000,1e4ea02789f01869,-2137.310058594,29649,5332,-0.0728,-12.1706,12.0978,61.3606,0.19716,1.0585,1.2061,1.1395
20260731_145639-g1_29dof_wbt_fall_and_getup_cql_manager-locomotion,cql,72000,8,72000,1e4ea02789f01869,-2137.310058594,74157,3344,25.6582,-12.8204,38.4786,61.3606,0.62709,0.8386,1.0796,1.2874
20260731_145639-g1_29dof_wbt_fall_and_getup_cql_manager-locomotion,cql,72000,12,72000,1e4ea02789f01869,-2137.310058594,134624,2881,34.7311,-8.2626,42.9937,61.3606,0.70067,0.8247,1.0656,1.2921
20260731_145639-g1_29dof_wbt_fall_and_getup_cql_manager-locomotion,cql,72000,16,72000,1e4ea02789f01869,-2137.310058594,198771,3756,22.7475,-3.8355,26.583,61.3606,0.43323,0.8032,1.0535,1.3116
20260731_145639-g1_29dof_wbt_fall_and_getup_cql_manager-locomotion,cql,73000,0,73000,51fe0d2793444ae7,-2158.998535156,192109,6729,22.9678,-5.7557,28.7235,58.1829,0.49368,0.9426,1.4566,1.5453
20260731_145639-g1_29dof_wbt_fall_and_getup_cql_manager-locomotion,cql,73000,1,73000,51fe0d2793444ae7,-2158.998535156,94738,12464,11.5506,4.8033,6.7472,58.1829,0.11597,0.9288,1.1621,1.2513
20260731_145639-g1_29dof_wbt_fall_and_getup_cql_manager-locomotion,cql,73000,2,73000,51fe0d2793444ae7,-2158.998535156,16213,105373,-4.5883,3.5194,-8.1078,58.1829,-0.13935,1.0329,1.0061,0.974
20260731_145639-g1_29dof_wbt_fall_and_getup_cql_manager-locomotion,cql,73000,3,73000,51fe0d2793444ae7,-2158.998535156,18957,19294,-12.5312,-1.3956,-11.1356,58.1829,-0.19139,1.1195,1.2089,1.0798
20260731_145639-g1_29dof_wbt_fall_and_getup_cql_manager-locomotion,cql,73000,4,73000,51fe0d2793444ae7,-2158.998535156,21006,10750,-10.6765,-7.7664,-2.9102,58.1829,-0.05002,1.1484,1.2314,1.0723
20260731_145639-g1_29dof_wbt_fall_and_getup_cql_manager-locomotion,cql,73000,5,73000,51fe0d2793444ae7,-2158.998535156,29649,5332,1.3899,-11.3636,12.7535,58.1829,0.2192,1.064,1.2071,1.1344
20260731_145639-g1_29dof_wbt_fall_and_getup_cql_manager-locomotion,cql,73000,8,73000,51fe0d2793444ae7,-2158.998535156,74157,3344,25.4484,-11.2273,36.6757,58.1829,0.63035,0.8369,1.0758,1.2855
20260731_145639-g1_29dof_wbt_fall_and_getup_cql_manager-locomotion,cql,73000,12,73000,51fe0d2793444ae7,-2158.998535156,134624,2881,34.1246,-6.0613,40.1859,58.1829,0.69068,0.8237,1.062,1.2893
20260731_145639-g1_29dof_wbt_fall_and_getup_cql_manager-locomotion,cql,73000,16,73000,51fe0d2793444ae7,-2158.998535156,198771,3756,23.0195,-2.1079,25.1273,58.1829,0.43187,0.8021,1.0517,1.3111
20260731_145639-g1_29dof_wbt_fall_and_getup_cql_manager-locomotion,cql,74000,0,74000,da1d23c1c6e9645c,-2182.586914062,192109,6729,22.2461,-5.4685,27.7146,59.2158,0.46803,0.9421,1.4561,1.5456
20260731_145639-g1_29dof_wbt_fall_and_getup_cql_manager-locomotion,cql,74000,1,74000,da1d23c1c6e9645c,-2182.586914062,94738,12464,11.2613,4.0757,7.1856,59.2158,0.12135,0.9269,1.1596,1.2511
20260731_145639-g1_29dof_wbt_fall_and_getup_cql_manager-locomotion,cql,74000,2,74000,da1d23c1c6e9645c,-2182.586914062,16213,105373,-5.3535,2.4269,-7.7803,59.2158,-0.13139,1.0211,1.0019,0.9812
20260731_145639-g1_29dof_wbt_fall_and_getup_cql_manager-locomotion,cql,74000,3,74000,da1d23c1c6e9645c,-2182.586914062,18957,19294,-12.1856,-2.8789,-9.3068,59.2158,-0.15717,1.1155,1.2035,1.0789
20260731_145639-g1_29dof_wbt_fall_and_getup_cql_manager-locomotion,cql,74000,4,74000,da1d23c1c6e9645c,-2182.586914062,21006,10750,-11.1889,-8.4168,-2.7721,59.2158,-0.04681,1.1499,1.2328,1.0721
20260731_145639-g1_29dof_wbt_fall_and_getup_cql_manager-locomotion,cql,74000,5,74000,da1d23c1c6e9645c,-2182.586914062,29649,5332,-0.5067,-12.4471,11.9404,59.2158,0.20164,1.0606,1.2064,1.1375
20260731_145639-g1_29dof_wbt_fall_and_getup_cql_manager-locomotion,cql,74000,8,74000,da1d23c1c6e9645c,-2182.586914062,74157,3344,25.4262,-11.3074,36.7336,59.2158,0.62034,0.8378,1.0776,1.2863
20260731_145639-g1_29dof_wbt_fall_and_getup_cql_manager-locomotion,cql,74000,12,74000,da1d23c1c6e9645c,-2182.586914062,134624,2881,34.1267,-7.8431,41.9698,59.2158,0.70876,0.8237,1.0648,1.2927
20260731_145639-g1_29dof_wbt_fall_and_getup_cql_manager-locomotion,cql,74000,16,74000,da1d23c1c6e9645c,-2182.586914062,198771,3756,23.1227,-2.902,26.0247,59.2158,0.43949,0.8026,1.053,1.312
20260731_145639-g1_29dof_wbt_fall_and_getup_cql_manager-locomotion,cql,75000,0,75000,688a9ae54e523438,-2194.198730469,192109,6729,23.1814,-4.3776,27.559,59.5339,0.46291,0.9419,1.4547,1.5444
20260731_145639-g1_29dof_wbt_fall_and_getup_cql_manager-locomotion,cql,75000,1,75000,688a9ae54e523438,-2194.198730469,94738,12464,11.5827,4.7317,6.8511,59.5339,0.11508,0.9281,1.1619,1.252
20260731_145639-g1_29dof_wbt_fall_and_getup_cql_manager-locomotion,cql,75000,2,75000,688a9ae54e523438,-2194.198730469,16213,105373,-7.2932,2.8419,-10.1351,59.5339,-0.17024,1.0318,1.0032,0.9723
20260731_145639-g1_29dof_wbt_fall_and_getup_cql_manager-locomotion,cql,75000,3,75000,688a9ae54e523438,-2194.198730469,18957,19294,-15.5702,-1.9376,-13.6327,59.5339,-0.22899,1.1185,1.2022,1.0748
20260731_145639-g1_29dof_wbt_fall_and_getup_cql_manager-locomotion,cql,75000,4,75000,688a9ae54e523438,-2194.198730469,21006,10750,-13.0929,-8.611,-4.4819,59.5339,-0.07528,1.1497,1.2337,1.0731
20260731_145639-g1_29dof_wbt_fall_and_getup_cql_manager-locomotion,cql,75000,5,75000,688a9ae54e523438,-2194.198730469,29649,5332,1.4613,-10.0832,11.5445,59.5339,0.19391,1.0614,1.2128,1.1427
20260731_145639-g1_29dof_wbt_fall_and_getup_cql_manager-locomotion,cql,75000,8,75000,688a9ae54e523438,-2194.198730469,74157,3344,25.9794,-8.9203,34.8997,59.5339,0.58622,0.8366,1.0761,1.2863
20260731_145639-g1_29dof_wbt_fall_and_getup_cql_manager-locomotion,cql,75000,12,75000,688a9ae54e523438,-2194.198730469,134624,2881,33.9393,-6.5822,40.5215,59.5339,0.68065,0.8224,1.0635,1.2933
20260731_145639-g1_29dof_wbt_fall_and_getup_cql_manager-locomotion,cql,75000,16,75000,688a9ae54e523438,-2194.198730469,198771,3756,22.9148,-2.7802,25.695,59.5339,0.4316,0.8016,1.0499,1.3097
20260731_145639-g1_29dof_wbt_fall_and_getup_cql_manager-locomotion,cql,76000,0,76000,3246c559dc0a3319,-2204.953125,192109,6729,22.7256,-6.875,29.6006,58.6699,0.50453,0.9401,1.4611,1.5542
20260731_145639-g1_29dof_wbt_fall_and_getup_cql_manager-locomotion,cql,76000,1,76000,3246c559dc0a3319,-2204.953125,94738,12464,11.3726,4.5884,6.7842,58.6699,0.11563,0.9255,1.1574,1.2506
20260731_145639-g1_29dof_wbt_fall_and_getup_cql_manager-locomotion,cql,76000,2,76000,3246c559dc0a3319,-2204.953125,16213,105373,-6.0705,2.622,-8.6925,58.6699,-0.14816,1.0221,1.0007,0.979
20260731_145639-g1_29dof_wbt_fall_and_getup_cql_manager-locomotion,cql,76000,3,76000,3246c559dc0a3319,-2204.953125,18957,19294,-13.0451,-1.9276,-11.1175,58.6699,-0.18949,1.114,1.2057,1.0823
20260731_145639-g1_29dof_wbt_fall_and_getup_cql_manager-locomotion,cql,76000,4,76000,3246c559dc0a3319,-2204.953125,21006,10750,-11.6038,-8.5252,-3.0786,58.6699,-0.05247,1.1501,1.2354,1.0742
20260731_145639-g1_29dof_wbt_fall_and_getup_cql_manager-locomotion,cql,76000,5,76000,3246c559dc0a3319,-2204.953125,29649,5332,0.257,-11.3187,11.5757,58.6699,0.1973,1.0614,1.2052,1.1355
20260731_145639-g1_29dof_wbt_fall_and_getup_cql_manager-locomotion,cql,76000,8,76000,3246c559dc0a3319,-2204.953125,74157,3344,26.4443,-9.3279,35.7723,58.6699,0.60972,0.8357,1.0716,1.2822
20260731_145639-g1_29dof_wbt_fall_and_getup_cql_manager-locomotion,cql,76000,12,76000,3246c559dc0a3319,-2204.953125,134624,2881,33.9131,-6.5779,40.4911,58.6699,0.69015,0.8235,1.0637,1.2917
20260731_145639-g1_29dof_wbt_fall_and_getup_cql_manager-locomotion,cql,76000,16,76000,3246c559dc0a3319,-2204.953125,198771,3756,22.9346,-3.7291,26.6637,58.6699,0.45447,0.8026,1.0507,1.3091
20260731_145639-g1_29dof_wbt_fall_and_getup_cql_manager-locomotion,cql,77000,0,77000,da68aac32e66568e,-2224.746582031,192109,6729,22.3952,-6.0619,28.4572,58.4993,0.48645,0.9438,1.4636,1.5507
20260731_145639-g1_29dof_wbt_fall_and_getup_cql_manager-locomotion,cql,77000,1,77000,da68aac32e66568e,-2224.746582031,94738,12464,10.7632,4.0324,6.7308,58.4993,0.11506,0.9288,1.1633,1.2525
20260731_145639-g1_29dof_wbt_fall_and_getup_cql_manager-locomotion,cql,77000,2,77000,da68aac32e66568e,-2224.746582031,16213,105373,-5.815,2.7535,-8.5686,58.4993,-0.14647,1.0289,1.0043,0.9761
20260731_145639-g1_29dof_wbt_fall_and_getup_cql_manager-locomotion,cql,77000,3,77000,da68aac32e66568e,-2224.746582031,18957,19294,-12.391,-2.0976,-10.2933,58.4993,-0.17596,1.1158,1.2079,1.0826
20260731_145639-g1_29dof_wbt_fall_and_getup_cql_manager-locomotion,cql,77000,4,77000,da68aac32e66568e,-2224.746582031,21006,10750,-10.9084,-7.9505,-2.9579,58.4993,-0.05056,1.1476,1.2321,1.0737
20260731_145639-g1_29dof_wbt_fall_and_getup_cql_manager-locomotion,cql,77000,5,77000,da68aac32e66568e,-2224.746582031,29649,5332,0.1639,-11.3755,11.5394,58.4993,0.19726,1.0556,1.2006,1.1374
20260731_145639-g1_29dof_wbt_fall_and_getup_cql_manager-locomotion,cql,77000,8,77000,da68aac32e66568e,-2224.746582031,74157,3344,25.2398,-12.2128,37.4526,58.4993,0.64022,0.8363,1.0714,1.2811
20260731_145639-g1_29dof_wbt_fall_and_getup_cql_manager-locomotion,cql,77000,12,77000,da68aac32e66568e,-2224.746582031,134624,2881,33.9541,-7.9385,41.8926,58.4993,0.71612,0.823,1.059,1.2869
20260731_145639-g1_29dof_wbt_fall_and_getup_cql_manager-locomotion,cql,77000,16,77000,da68aac32e66568e,-2224.746582031,198771,3756,23.276,-2.598,25.874,58.4993,0.4423,0.8018,1.0481,1.3072
20260731_145639-g1_29dof_wbt_fall_and_getup_cql_manager-locomotion,cql,78000,0,78000,377590ce8058c5c6,-2235.406738281,192109,6729,22.3026,-4.8124,27.1151,59.6055,0.45491,0.9459,1.4637,1.5475
20260731_145639-g1_29dof_wbt_fall_and_getup_cql_manager-locomotion,cql,78000,1,78000,377590ce8058c5c6,-2235.406738281,94738,12464,9.932,4.0317,5.9004,59.6055,0.09899,0.9336,1.1635,1.2462
20260731_145639-g1_29dof_wbt_fall_and_getup_cql_manager-locomotion,cql,78000,2,78000,377590ce8058c5c6,-2235.406738281,16213,105373,-7.0266,2.2601,-9.2867,59.6055,-0.1558,1.0325,1.0084,0.9767
20260731_145639-g1_29dof_wbt_fall_and_getup_cql_manager-locomotion,cql,78000,3,78000,377590ce8058c5c6,-2235.406738281,18957,19294,-13.9465,-1.541,-12.4055,59.6055,-0.20813,1.12,1.208,1.0787
20260731_145639-g1_29dof_wbt_fall_and_getup_cql_manager-locomotion,cql,78000,4,78000,377590ce8058c5c6,-2235.406738281,21006,10750,-11.5778,-8.5679,-3.0099,59.6055,-0.0505,1.1496,1.2333,1.0728
20260731_145639-g1_29dof_wbt_fall_and_getup_cql_manager-locomotion,cql,78000,5,78000,377590ce8058c5c6,-2235.406738281,29649,5332,0.7167,-10.7584,11.4751,59.6055,0.19252,1.0659,1.2116,1.1367
20260731_145639-g1_29dof_wbt_fall_and_getup_cql_manager-locomotion,cql,78000,8,78000,377590ce8058c5c6,-2235.406738281,74157,3344,25.5371,-9.0469,34.584,59.6055,0.58021,0.8372,1.0734,1.282
20260731_145639-g1_29dof_wbt_fall_and_getup_cql_manager-locomotion,cql,78000,12,78000,377590ce8058c5c6,-2235.406738281,134624,2881,33.5383,-8.2851,41.8233,59.6055,0.70167,0.8234,1.0602,1.2876
20260731_145639-g1_29dof_wbt_fall_and_getup_cql_manager-locomotion,cql,78000,16,78000,377590ce8058c5c6,-2235.406738281,198771,3756,22.5714,-4.0437,26.6151,59.6055,0.44652,0.8025,1.0486,1.3067
20260731_145639-g1_29dof_wbt_fall_and_getup_cql_manager-locomotion,cql,79000,0,79000,2767a2805d9674ce,-2255.465576172,192109,6729,21.984,-6.6036,28.5876,59.9395,0.47694,0.9402,1.4521,1.5446
20260731_145639-g1_29dof_wbt_fall_and_getup_cql_manager-locomotion,cql,79000,1,79000,2767a2805d9674ce,-2255.465576172,94738,12464,10.8281,3.7939,7.0342,59.9395,0.11735,0.9257,1.157,1.2498
20260731_145639-g1_29dof_wbt_fall_and_getup_cql_manager-locomotion,cql,79000,2,79000,2767a2805d9674ce,-2255.465576172,16213,105373,-7.2712,2.2332,-9.5044,59.9395,-0.15857,1.0239,0.9998,0.9764
20260731_145639-g1_29dof_wbt_fall_and_getup_cql_manager-locomotion,cql,79000,3,79000,2767a2805d9674ce,-2255.465576172,18957,19294,-15.8593,-2.6363,-13.223,59.9395,-0.22061,1.1139,1.2026,1.0796
20260731_145639-g1_29dof_wbt_fall_and_getup_cql_manager-locomotion,cql,79000,4,79000,2767a2805d9674ce,-2255.465576172,21006,10750,-13.0979,-8.4333,-4.6646,59.9395,-0.07782,1.1444,1.2276,1.0726
20260731_145639-g1_29dof_wbt_fall_and_getup_cql_manager-locomotion,cql,79000,5,79000,2767a2805d9674ce,-2255.465576172,29649,5332,-0.4132,-11.7012,11.2881,59.9395,0.18832,1.0569,1.2001,1.1356
20260731_145639-g1_29dof_wbt_fall_and_getup_cql_manager-locomotion,cql,79000,8,79000,2767a2805d9674ce,-2255.465576172,74157,3344,24.2803,-13.3598,37.6401,59.9395,0.62797,0.8354,1.0717,1.2829
20260731_145639-g1_29dof_wbt_fall_and_getup_cql_manager-locomotion,cql,79000,12,79000,2767a2805d9674ce,-2255.465576172,134624,2881,33.1668,-7.8586,41.0254,59.9395,0.68445,0.8233,1.0606,1.2882
20260731_145639-g1_29dof_wbt_fall_and_getup_cql_manager-locomotion,cql,79000,16,79000,2767a2805d9674ce,-2255.465576172,198771,3756,22.6717,-3.7305,26.4021,59.9395,0.44048,0.8026,1.0487,1.3067
20260731_145639-g1_29dof_wbt_fall_and_getup_cql_manager-locomotion,cql,80000,0,80000,54e89560b05ae026,-2278.676269531,192109,6729,21.4244,-6.4147,27.8391,59.9758,0.46417,0.9412,1.4446,1.5348
20260731_145639-g1_29dof_wbt_fall_and_getup_cql_manager-locomotion,cql,80000,1,80000,54e89560b05ae026,-2278.676269531,94738,12464,10.0794,3.8676,6.2118,59.9758,0.10357,0.9274,1.1574,1.248
20260731_145639-g1_29dof_wbt_fall_and_getup_cql_manager-locomotion,cql,80000,2,80000,54e89560b05ae026,-2278.676269531,16213,105373,-6.5841,2.2948,-8.8789,59.9758,-0.14804,1.0269,1.001,0.9748
20260731_145639-g1_29dof_wbt_fall_and_getup_cql_manager-locomotion,cql,80000,3,80000,54e89560b05ae026,-2278.676269531,18957,19294,-16.3825,-2.1655,-14.217,59.9758,-0.23704,1.1161,1.2004,1.0755
20260731_145639-g1_29dof_wbt_fall_and_getup_cql_manager-locomotion,cql,80000,4,80000,54e89560b05ae026,-2278.676269531,21006,10750,-12.3345,-8.8723,-3.4622,59.9758,-0.05773,1.1572,1.2343,1.0666
20260731_145639-g1_29dof_wbt_fall_and_getup_cql_manager-locomotion,cql,80000,5,80000,54e89560b05ae026,-2278.676269531,29649,5332,0.0172,-11.1824,11.1996,59.9758,0.18674,1.0679,1.2122,1.135
20260731_145639-g1_29dof_wbt_fall_and_getup_cql_manager-locomotion,cql,80000,8,80000,54e89560b05ae026,-2278.676269531,74157,3344,24.7189,-11.4298,36.1487,59.9758,0.60272,0.8356,1.0745,1.2859
20260731_145639-g1_29dof_wbt_fall_and_getup_cql_manager-locomotion,cql,80000,12,80000,54e89560b05ae026,-2278.676269531,134624,2881,32.9021,-7.3539,40.256,59.9758,0.6712,0.8227,1.0583,1.2864
20260731_145639-g1_29dof_wbt_fall_and_getup_cql_manager-locomotion,cql,80000,16,80000,54e89560b05ae026,-2278.676269531,198771,3756,22.3992,-3.4974,25.8966,59.9758,0.43178,0.8015,1.0473,1.3066
20260731_145639-g1_29dof_wbt_fall_and_getup_cql_manager-locomotion,cql,81000,0,81000,adfeb1f2dcfa2e70,-2292.645263672,192109,6729,22.0775,-4.3878,26.4652,59.8013,0.44255,0.9409,1.4464,1.5372
20260731_145639-g1_29dof_wbt_fall_and_getup_cql_manager-locomotion,cql,81000,1,81000,adfeb1f2dcfa2e70,-2292.645263672,94738,12464,10.7585,4.5342,6.2243,59.8013,0.10408,0.9272,1.156,1.2468
20260731_145639-g1_29dof_wbt_fall_and_getup_cql_manager-locomotion,cql,81000,2,81000,adfeb1f2dcfa2e70,-2292.645263672,16213,105373,-7.632,2.2173,-9.8493,59.8013,-0.1647,1.0264,1.0007,0.975
20260731_145639-g1_29dof_wbt_fall_and_getup_cql_manager-locomotion,cql,81000,3,81000,adfeb1f2dcfa2e70,-2292.645263672,18957,19294,-15.2485,-2.2612,-12.9873,59.8013,-0.21717,1.1122,1.2036,1.0822
20260731_145639-g1_29dof_wbt_fall_and_getup_cql_manager-locomotion,cql,81000,4,81000,adfeb1f2dcfa2e70,-2292.645263672,21006,10750,-13.9399,-9.1371,-4.8028,59.8013,-0.08031,1.1476,1.2299,1.0717
20260731_145639-g1_29dof_wbt_fall_and_getup_cql_manager-locomotion,cql,81000,5,81000,adfeb1f2dcfa2e70,-2292.645263672,29649,5332,0.7778,-10.466,11.2438,59.8013,0.18802,1.0536,1.1958,1.1349
20260731_145639-g1_29dof_wbt_fall_and_getup_cql_manager-locomotion,cql,81000,8,81000,adfeb1f2dcfa2e70,-2292.645263672,74157,3344,24.4133,-11.5933,36.0065,59.8013,0.6021,0.8353,1.0744,1.2863
20260731_145639-g1_29dof_wbt_fall_and_getup_cql_manager-locomotion,cql,81000,12,81000,adfeb1f2dcfa2e70,-2292.645263672,134624,2881,33.2171,-7.551,40.7681,59.8013,0.68173,0.8228,1.0593,1.2875
20260731_145639-g1_29dof_wbt_fall_and_getup_cql_manager-locomotion,cql,81000,16,81000,adfeb1f2dcfa2e70,-2292.645263672,198771,3756,22.4654,-4.0603,26.5257,59.8013,0.44356,0.8019,1.0481,1.307
20260731_145639-g1_29dof_wbt_fall_and_getup_cql_manager-locomotion,cql,82000,0,82000,b60b238383fc2c4d,-2307.602539062,192109,6729,22.0107,-5.8075,27.8182,60.1097,0.46279,0.9424,1.4541,1.5431
20260731_145639-g1_29dof_wbt_fall_and_getup_cql_manager-locomotion,cql,82000,1,82000,b60b238383fc2c4d,-2307.602539062,94738,12464,9.8374,3.4442,6.3932,60.1097,0.10636,0.9277,1.1603,1.2507
20260731_145639-g1_29dof_wbt_fall_and_getup_cql_manager-locomotion,cql,82000,2,82000,b60b238383fc2c4d,-2307.602539062,16213,105373,-6.1601,2.5861,-8.7463,60.1097,-0.1455,1.0268,1.001,0.9749
20260731_145639-g1_29dof_wbt_fall_and_getup_cql_manager-locomotion,cql,82000,3,82000,b60b238383fc2c4d,-2307.602539062,18957,19294,-15.4787,-1.3717,-14.107,60.1097,-0.23469,1.1133,1.2021,1.0798
20260731_145639-g1_29dof_wbt_fall_and_getup_cql_manager-locomotion,cql,82000,4,82000,b60b238383fc2c4d,-2307.602539062,21006,10750,-13.6957,-9.3242,-4.3715,60.1097,-0.07272,1.1471,1.2274,1.07
20260731_145639-g1_29dof_wbt_fall_and_getup_cql_manager-locomotion,cql,82000,5,82000,b60b238383fc2c4d,-2307.602539062,29649,5332,-1.1238,-13.0087,11.8849,60.1097,0.19772,1.0619,1.2086,1.1381
20260731_145639-g1_29dof_wbt_fall_and_getup_cql_manager-locomotion,cql,82000,8,82000,b60b238383fc2c4d,-2307.602539062,74157,3344,25.4213,-10.1907,35.6119,60.1097,0.59245,0.8363,1.0716,1.2813
20260731_145639-g1_29dof_wbt_fall_and_getup_cql_manager-locomotion,cql,82000,12,82000,b60b238383fc2c4d,-2307.602539062,134624,2881,33.4339,-6.355,39.7888,60.1097,0.66194,0.8227,1.0593,1.2877
20260731_145639-g1_29dof_wbt_fall_and_getup_cql_manager-locomotion,cql,82000,16,82000,b60b238383fc2c4d,-2307.602539062,198771,3756,22.6074,-2.0166,24.624,60.1097,0.40965,0.8019,1.0457,1.3041
20260731_145639-g1_29dof_wbt_fall_and_getup_cql_manager-locomotion,cql,83000,0,83000,2d01e70935834186,-2324.581298828,192109,6729,21.6408,-7.6674,29.3082,59.7835,0.49024,0.9426,1.458,1.5467
20260731_145639-g1_29dof_wbt_fall_and_getup_cql_manager-locomotion,cql,83000,1,83000,2d01e70935834186,-2324.581298828,94738,12464,10.6918,3.5669,7.1249,59.7835,0.11918,0.928,1.1603,1.2503
20260731_145639-g1_29dof_wbt_fall_and_getup_cql_manager-locomotion,cql,83000,2,83000,2d01e70935834186,-2324.581298828,16213,105373,-7.6913,2.4217,-10.113,59.7835,-0.16916,1.0347,1.0049,0.9711
20260731_145639-g1_29dof_wbt_fall_and_getup_cql_manager-locomotion,cql,83000,3,83000,2d01e70935834186,-2324.581298828,18957,19294,-15.966,-2.1149,-13.8511,59.7835,-0.23169,1.1232,1.206,1.0738
20260731_145639-g1_29dof_wbt_fall_and_getup_cql_manager-locomotion,cql,83000,4,83000,2d01e70935834186,-2324.581298828,21006,10750,-15.0609,-8.8832,-6.1777,59.7835,-0.10334,1.1513,1.2271,1.0658
20260731_145639-g1_29dof_wbt_fall_and_getup_cql_manager-locomotion,cql,83000,5,83000,2d01e70935834186,-2324.581298828,29649,5332,-0.2505,-11.5209,11.2704,59.7835,0.18852,1.058,1.2025,1.1366
20260731_145639-g1_29dof_wbt_fall_and_getup_cql_manager-locomotion,cql,83000,8,83000,2d01e70935834186,-2324.581298828,74157,3344,25.4814,-10.7145,36.1959,59.7835,0.60545,0.8357,1.0711,1.2816
20260731_145639-g1_29dof_wbt_fall_and_getup_cql_manager-locomotion,cql,83000,12,83000,2d01e70935834186,-2324.581298828,134624,2881,32.5717,-7.1903,39.762,59.7835,0.6651,0.8224,1.0578,1.2862
20260731_145639-g1_29dof_wbt_fall_and_getup_cql_manager-locomotion,cql,83000,16,83000,2d01e70935834186,-2324.581298828,198771,3756,22.3258,-3.1908,25.5166,59.7835,0.42682,0.8015,1.0457,1.3046
20260731_145639-g1_29dof_wbt_fall_and_getup_cql_manager-locomotion,cql,84000,0,84000,3570923364efeaf6,-2343.306152344,192109,6729,21.1061,-7.1975,28.3035,59.4637,0.47598,0.9397,1.4499,1.5429
20260731_145639-g1_29dof_wbt_fall_and_getup_cql_manager-locomotion,cql,84000,1,84000,3570923364efeaf6,-2343.306152344,94738,12464,9.8864,3.3365,6.5499,59.4637,0.11015,0.924,1.1558,1.2509
20260731_145639-g1_29dof_wbt_fall_and_getup_cql_manager-locomotion,cql,84000,2,84000,3570923364efeaf6,-2343.306152344,16213,105373,-6.6107,2.3513,-8.9619,59.4637,-0.15071,1.0256,0.9989,0.974
20260731_145639-g1_29dof_wbt_fall_and_getup_cql_manager-locomotion,cql,84000,3,84000,3570923364efeaf6,-2343.306152344,18957,19294,-15.0018,-1.2856,-13.7162,59.4637,-0.23067,1.1115,1.2007,1.0802
20260731_145639-g1_29dof_wbt_fall_and_getup_cql_manager-locomotion,cql,84000,4,84000,3570923364efeaf6,-2343.306152344,21006,10750,-12.2743,-8.2325,-4.0418,59.4637,-0.06797,1.1458,1.2276,1.0714
20260731_145639-g1_29dof_wbt_fall_and_getup_cql_manager-locomotion,cql,84000,5,84000,3570923364efeaf6,-2343.306152344,29649,5332,-0.5367,-12.1388,11.6021,59.4637,0.19511,1.0558,1.1981,1.1348
20260731_145639-g1_29dof_wbt_fall_and_getup_cql_manager-locomotion,cql,84000,8,84000,3570923364efeaf6,-2343.306152344,74157,3344,24.7358,-12.1591,36.8949,59.4637,0.62046,0.8367,1.0688,1.2774
20260731_145639-g1_29dof_wbt_fall_and_getup_cql_manager-locomotion,cql,84000,12,84000,3570923364efeaf6,-2343.306152344,134624,2881,33.4219,-6.5509,39.9728,59.4637,0.67222,0.8238,1.0574,1.2836
20260731_145639-g1_29dof_wbt_fall_and_getup_cql_manager-locomotion,cql,84000,16,84000,3570923364efeaf6,-2343.306152344,198771,3756,22.3718,-3.9062,26.278,59.4637,0.44192,0.8025,1.0452,1.3025
20260731_145639-g1_29dof_wbt_fall_and_getup_cql_manager-locomotion,cql,85000,0,85000,c36e9423e6f889da,-2364.298339844,192109,6729,21.3096,-4.3902,25.6998,59.3839,0.43277,0.9396,1.4482,1.5414
20260731_145639-g1_29dof_wbt_fall_and_getup_cql_manager-locomotion,cql,85000,1,85000,c36e9423e6f889da,-2364.298339844,94738,12464,10.2896,4.0283,6.2613,59.3839,0.10544,0.9248,1.1566,1.2506
20260731_145639-g1_29dof_wbt_fall_and_getup_cql_manager-locomotion,cql,85000,2,85000,c36e9423e6f889da,-2364.298339844,16213,105373,-7.9243,2.6165,-10.5407,59.3839,-0.1775,1.0271,0.9999,0.9735
20260731_145639-g1_29dof_wbt_fall_and_getup_cql_manager-locomotion,cql,85000,3,85000,c36e9423e6f889da,-2364.298339844,18957,19294,-14.8422,-1.515,-13.3272,59.3839,-0.22442,1.1131,1.2028,1.0806
20260731_145639-g1_29dof_wbt_fall_and_getup_cql_manager-locomotion,cql,85000,4,85000,c36e9423e6f889da,-2364.298339844,21006,10750,-12.1637,-7.6171,-4.5466,59.3839,-0.07656,1.1468,1.2283,1.0711
20260731_145639-g1_29dof_wbt_fall_and_getup_cql_manager-locomotion,cql,85000,5,85000,c36e9423e6f889da,-2364.298339844,29649,5332,0.6102,-10.7237,11.3339,59.3839,0.19086,1.0599,1.199,1.1313
20260731_145639-g1_29dof_wbt_fall_and_getup_cql_manager-locomotion,cql,85000,8,85000,c36e9423e6f889da,-2364.298339844,74157,3344,23.8604,-12.4199,36.2803,59.3839,0.61094,0.8377,1.0722,1.2799
20260731_145639-g1_29dof_wbt_fall_and_getup_cql_manager-locomotion,cql,85000,12,85000,c36e9423e6f889da,-2364.298339844,134624,2881,33.2653,-7.2042,40.4695,59.3839,0.68149,0.8235,1.0559,1.2822
20260731_145639-g1_29dof_wbt_fall_and_getup_cql_manager-locomotion,cql,85000,16,85000,c36e9423e6f889da,-2364.298339844,198771,3756,22.499,-3.4634,25.9624,59.3839,0.4372,0.8025,1.0443,1.3013
20260731_145639-g1_29dof_wbt_fall_and_getup_cql_manager-locomotion,cql,86000,0,86000,c87af8a0fadb20b8,-2383.373291016,192109,6729,21.1625,-5.6546,26.8171,59.6163,0.44983,0.9406,1.4585,1.5505
20260731_145639-g1_29dof_wbt_fall_and_getup_cql_manager-locomotion,cql,86000,1,86000,c87af8a0fadb20b8,-2383.373291016,94738,12464,10.122,3.5886,6.5334,59.6163,0.10959,0.9253,1.1584,1.2519
20260731_145639-g1_29dof_wbt_fall_and_getup_cql_manager-locomotion,cql,86000,2,86000,c87af8a0fadb20b8,-2383.373291016,16213,105373,-6.6529,2.4501,-9.1029,59.6163,-0.15269,1.0247,1.0015,0.9774
20260731_145639-g1_29dof_wbt_fall_and_getup_cql_manager-locomotion,cql,86000,3,86000,c87af8a0fadb20b8,-2383.373291016,18957,19294,-15.6505,-2.0448,-13.6057,59.6163,-0.22822,1.1134,1.2013,1.079
20260731_145639-g1_29dof_wbt_fall_and_getup_cql_manager-locomotion,cql,86000,4,86000,c87af8a0fadb20b8,-2383.373291016,21006,10750,-12.6521,-9.2921,-3.36,59.6163,-0.05636,1.1491,1.2286,1.0692
20260731_145639-g1_29dof_wbt_fall_and_getup_cql_manager-locomotion,cql,86000,5,86000,c87af8a0fadb20b8,-2383.373291016,29649,5332,-1.6695,-12.6138,10.9443,59.6163,0.18358,1.0592,1.2012,1.134
20260731_145639-g1_29dof_wbt_fall_and_getup_cql_manager-locomotion,cql,86000,8,86000,c87af8a0fadb20b8,-2383.373291016,74157,3344,23.4431,-12.7648,36.2079,59.6163,0.60735,0.8371,1.0681,1.2759
20260731_145639-g1_29dof_wbt_fall_and_getup_cql_manager-locomotion,cql,86000,12,86000,c87af8a0fadb20b8,-2383.373291016,134624,2881,32.4197,-7.8498,40.2695,59.6163,0.67548,0.8224,1.0561,1.2842
20260731_145639-g1_29dof_wbt_fall_and_getup_cql_manager-locomotion,cql,86000,16,86000,c87af8a0fadb20b8,-2383.373291016,198771,3756,22.2276,-4.1724,26.4,59.6163,0.44283,0.8015,1.0432,1.3015
20260731_145639-g1_29dof_wbt_fall_and_getup_cql_manager-locomotion,cql,87000,0,87000,7b03518d1aff4d92,-2402.413330078,192109,6729,21.1946,-7.3481,28.5427,58.9265,0.48438,0.9424,1.449,1.5375
20260731_145639-g1_29dof_wbt_fall_and_getup_cql_manager-locomotion,cql,87000,1,87000,7b03518d1aff4d92,-2402.413330078,94738,12464,9.814,3.0678,6.7463,58.9265,0.11449,0.9297,1.1597,1.2474
20260731_145639-g1_29dof_wbt_fall_and_getup_cql_manager-locomotion,cql,87000,2,87000,7b03518d1aff4d92,-2402.413330078,16213,105373,-7.4386,2.3199,-9.7585,58.9265,-0.1656,1.0328,1.0033,0.9714
20260731_145639-g1_29dof_wbt_fall_and_getup_cql_manager-locomotion,cql,87000,3,87000,7b03518d1aff4d92,-2402.413330078,18957,19294,-15.7277,-2.0196,-13.7081,58.9265,-0.23263,1.1126,1.2026,1.0809
20260731_145639-g1_29dof_wbt_fall_and_getup_cql_manager-locomotion,cql,87000,4,87000,7b03518d1aff4d92,-2402.413330078,21006,10750,-12.8663,-9.0295,-3.8369,58.9265,-0.06511,1.1424,1.2283,1.0753
20260731_145639-g1_29dof_wbt_fall_and_getup_cql_manager-locomotion,cql,87000,5,87000,7b03518d1aff4d92,-2402.413330078,29649,5332,-0.1148,-10.5199,10.4051,58.9265,0.17658,1.0566,1.1928,1.1289
20260731_145639-g1_29dof_wbt_fall_and_getup_cql_manager-locomotion,cql,87000,8,87000,7b03518d1aff4d92,-2402.413330078,74157,3344,23.961,-12.5619,36.5229,58.9265,0.6198,0.8352,1.0694,1.2804
20260731_145639-g1_29dof_wbt_fall_and_getup_cql_manager-locomotion,cql,87000,12,87000,7b03518d1aff4d92,-2402.413330078,134624,2881,32.4198,-6.0345,38.4542,58.9265,0.65258,0.8231,1.0538,1.2802
20260731_145639-g1_29dof_wbt_fall_and_getup_cql_manager-locomotion,cql,87000,16,87000,7b03518d1aff4d92,-2402.413330078,198771,3756,22.3895,-2.9239,25.3134,58.9265,0.42958,0.8019,1.0428,1.3003
20260731_145639-g1_29dof_wbt_fall_and_getup_cql_manager-locomotion,cql,88000,0,88000,ec081fbdd7d663da,-2413.255126953,192109,6729,20.8049,-6.2587,27.0636,59.2276,0.45694,0.9407,1.4454,1.5365
20260731_145639-g1_29dof_wbt_fall_and_getup_cql_manager-locomotion,cql,88000,1,88000,ec081fbdd7d663da,-2413.255126953,94738,12464,9.6481,3.241,6.4072,59.2276,0.10818,0.9265,1.155,1.2466
20260731_145639-g1_29dof_wbt_fall_and_getup_cql_manager-locomotion,cql,88000,2,88000,ec081fbdd7d663da,-2413.255126953,16213,105373,-9.3923,1.661,-11.0533,59.2276,-0.18662,1.0211,0.9998,0.9792
20260731_145639-g1_29dof_wbt_fall_and_getup_cql_manager-locomotion,cql,88000,3,88000,ec081fbdd7d663da,-2413.255126953,18957,19294,-15.6268,-2.5289,-13.0979,59.2276,-0.22114,1.1141,1.2004,1.0775
20260731_145639-g1_29dof_wbt_fall_and_getup_cql_manager-locomotion,cql,88000,4,88000,ec081fbdd7d663da,-2413.255126953,21006,10750,-12.6269,-8.6428,-3.9841,59.2276,-0.06727,1.1459,1.2252,1.0692
20260731_145639-g1_29dof_wbt_fall_and_getup_cql_manager-locomotion,cql,88000,5,88000,ec081fbdd7d663da,-2413.255126953,29649,5332,0.8132,-10.5045,11.3176,59.2276,0.19109,1.065,1.2103,1.1364
20260731_145639-g1_29dof_wbt_fall_and_getup_cql_manager-locomotion,cql,88000,8,88000,ec081fbdd7d663da,-2413.255126953,74157,3344,24.2221,-12.9417,37.1638,59.2276,0.62747,0.8354,1.069,1.2796
20260731_145639-g1_29dof_wbt_fall_and_getup_cql_manager-locomotion,cql,88000,12,88000,ec081fbdd7d663da,-2413.255126953,134624,2881,32.1967,-7.0882,39.285,59.2276,0.66329,0.8229,1.0557,1.2828
20260731_145639-g1_29dof_wbt_fall_and_getup_cql_manager-locomotion,cql,88000,16,88000,ec081fbdd7d663da,-2413.255126953,198771,3756,22.0706,-2.8339,24.9045,59.2276,0.42049,0.8014,1.0441,1.3028
20260731_145639-g1_29dof_wbt_fall_and_getup_cql_manager-locomotion,cql,89000,0,89000,e6f63edf08fbcc9b,-2428.5,192109,6729,21.1211,-6.7471,27.8683,60.448,0.46103,0.9445,1.4497,1.5349
20260731_145639-g1_29dof_wbt_fall_and_getup_cql_manager-locomotion,cql,89000,1,89000,e6f63edf08fbcc9b,-2428.5,94738,12464,10.1723,3.0898,7.0825,60.448,0.11717,0.9301,1.1607,1.2479
20260731_145639-g1_29dof_wbt_fall_and_getup_cql_manager-locomotion,cql,89000,2,89000,e6f63edf08fbcc9b,-2428.5,16213,105373,-8.1536,2.381,-10.5346,60.448,-0.17428,1.0313,1.0041,0.9737
20260731_145639-g1_29dof_wbt_fall_and_getup_cql_manager-locomotion,cql,89000,3,89000,e6f63edf08fbcc9b,-2428.5,18957,19294,-16.5624,-2.4156,-14.1468,60.448,-0.23403,1.1174,1.2016,1.0753
20260731_145639-g1_29dof_wbt_fall_and_getup_cql_manager-locomotion,cql,89000,4,89000,e6f63edf08fbcc9b,-2428.5,21006,10750,-14.5957,-8.9352,-5.6605,60.448,-0.09364,1.1465,1.2289,1.0719
20260731_145639-g1_29dof_wbt_fall_and_getup_cql_manager-locomotion,cql,89000,5,89000,e6f63edf08fbcc9b,-2428.5,29649,5332,-1.6041,-11.7356,10.1316,60.448,0.16761,1.0552,1.1923,1.13
20260731_145639-g1_29dof_wbt_fall_and_getup_cql_manager-locomotion,cql,89000,8,89000,e6f63edf08fbcc9b,-2428.5,74157,3344,23.7489,-12.9533,36.7022,60.448,0.60717,0.8359,1.0691,1.2789
20260731_145639-g1_29dof_wbt_fall_and_getup_cql_manager-locomotion,cql,89000,12,89000,e6f63edf08fbcc9b,-2428.5,134624,2881,32.196,-7.2587,39.4546,60.448,0.6527,0.8235,1.0546,1.2807
20260731_145639-g1_29dof_wbt_fall_and_getup_cql_manager-locomotion,cql,89000,16,89000,e6f63edf08fbcc9b,-2428.5,198771,3756,22.0275,-4.2352,26.2627,60.448,0.43447,0.8023,1.0423,1.2991
20260731_145639-g1_29dof_wbt_fall_and_getup_cql_manager-locomotion,cql,90000,0,90000,92668a98e48ce609,-2438.215087891,192109,6729,21.0389,-5.392,26.4309,59.9508,0.44088,0.9427,1.454,1.5423
20260731_145639-g1_29dof_wbt_fall_and_getup_cql_manager-locomotion,cql,90000,1,90000,92668a98e48ce609,-2438.215087891,94738,12464,9.81,3.1367,6.6734,59.9508,0.11131,0.9277,1.1579,1.2481
20260731_145639-g1_29dof_wbt_fall_and_getup_cql_manager-locomotion,cql,90000,2,90000,92668a98e48ce609,-2438.215087891,16213,105373,-7.9087,2.0969,-10.0056,59.9508,-0.1669,1.0299,1.0027,0.9735
20260731_145639-g1_29dof_wbt_fall_and_getup_cql_manager-locomotion,cql,90000,3,90000,92668a98e48ce609,-2438.215087891,18957,19294,-15.8048,-2.2003,-13.6045,59.9508,-0.22693,1.1146,1.2051,1.0812
20260731_145639-g1_29dof_wbt_fall_and_getup_cql_manager-locomotion,cql,90000,4,90000,92668a98e48ce609,-2438.215087891,21006,10750,-14.5103,-9.6734,-4.8369,59.9508,-0.08068,1.1453,1.2256,1.0701
20260731_145639-g1_29dof_wbt_fall_and_getup_cql_manager-locomotion,cql,90000,5,90000,92668a98e48ce609,-2438.215087891,29649,5332,-1.5653,-11.8969,10.3316,59.9508,0.17233,1.0575,1.1973,1.1322
20260731_145639-g1_29dof_wbt_fall_and_getup_cql_manager-locomotion,cql,90000,8,90000,92668a98e48ce609,-2438.215087891,74157,3344,23.8384,-12.0447,35.8831,59.9508,0.59854,0.8353,1.0675,1.2781
20260731_145639-g1_29dof_wbt_fall_and_getup_cql_manager-locomotion,cql,90000,12,90000,92668a98e48ce609,-2438.215087891,134624,2881,32.1787,-7.355,39.5337,59.9508,0.65944,0.8224,1.053,1.2805
20260731_145639-g1_29dof_wbt_fall_and_getup_cql_manager-locomotion,cql,90000,16,90000,92668a98e48ce609,-2438.215087891,198771,3756,22.0537,-3.9577,26.0113,59.9508,0.43388,0.8017,1.0432,1.3013
20260731_145639-g1_29dof_wbt_fall_and_getup_cql_manager-locomotion,cql,91000,0,91000,8ff412be96ec8b42,-2459.708984375,192109,6729,20.2647,-7.563,27.8277,60.9179,0.45681,0.9418,1.451,1.5407
20260731_145639-g1_29dof_wbt_fall_and_getup_cql_manager-locomotion,cql,91000,1,91000,8ff412be96ec8b42,-2459.708984375,94738,12464,10.4447,3.5162,6.9285,60.9179,0.11374,0.9278,1.1573,1.2473
20260731_145639-g1_29dof_wbt_fall_and_getup_cql_manager-locomotion,cql,91000,2,91000,8ff412be96ec8b42,-2459.708984375,16213,105373,-7.0109,2.5165,-9.5274,60.9179,-0.1564,1.0333,1.0027,0.9705
20260731_145639-g1_29dof_wbt_fall_and_getup_cql_manager-locomotion,cql,91000,3,91000,8ff412be96ec8b42,-2459.708984375,18957,19294,-18.2801,-2.4607,-15.8194,60.9179,-0.25968,1.1166,1.2055,1.0796
20260731_145639-g1_29dof_wbt_fall_and_getup_cql_manager-locomotion,cql,91000,4,91000,8ff412be96ec8b42,-2459.708984375,21006,10750,-16.0098,-9.8857,-6.124,60.9179,-0.10053,1.1479,1.2271,1.0689
20260731_145639-g1_29dof_wbt_fall_and_getup_cql_manager-locomotion,cql,91000,5,91000,8ff412be96ec8b42,-2459.708984375,29649,5332,-2.032,-12.886,10.854,60.9179,0.17817,1.0527,1.1953,1.1354
20260731_145639-g1_29dof_wbt_fall_and_getup_cql_manager-locomotion,cql,91000,8,91000,8ff412be96ec8b42,-2459.708984375,74157,3344,23.8272,-14.0761,37.9033,60.9179,0.6222,0.8364,1.0698,1.279
20260731_145639-g1_29dof_wbt_fall_and_getup_cql_manager-locomotion,cql,91000,12,91000,8ff412be96ec8b42,-2459.708984375,134624,2881,31.9626,-7.0398,39.0023,60.9179,0.64024,0.8227,1.0539,1.281
20260731_145639-g1_29dof_wbt_fall_and_getup_cql_manager-locomotion,cql,91000,16,91000,8ff412be96ec8b42,-2459.708984375,198771,3756,21.7938,-3.2797,25.0735,60.9179,0.4116,0.8018,1.0419,1.2994
20260731_145639-g1_29dof_wbt_fall_and_getup_cql_manager-locomotion,cql,92000,0,92000,94fda4bf2bc2dcf1,-2472.178710938,192109,6729,20.52,-6.4566,26.9766,59.9465,0.45001,0.9433,1.4507,1.5379
20260731_145639-g1_29dof_wbt_fall_and_getup_cql_manager-locomotion,cql,92000,1,92000,94fda4bf2bc2dcf1,-2472.178710938,94738,12464,9.4408,3.3303,6.1105,59.9465,0.10193,0.9285,1.1576,1.2467
20260731_145639-g1_29dof_wbt_fall_and_getup_cql_manager-locomotion,cql,92000,2,92000,94fda4bf2bc2dcf1,-2472.178710938,16213,105373,-7.9367,2.0698,-10.0065,59.9465,-0.16692,1.0238,1.0005,0.9772
20260731_145639-g1_29dof_wbt_fall_and_getup_cql_manager-locomotion,cql,92000,3,92000,94fda4bf2bc2dcf1,-2472.178710938,18957,19294,-15.824,-2.2006,-13.6234,59.9465,-0.22726,1.1119,1.2012,1.0804
20260731_145639-g1_29dof_wbt_fall_and_getup_cql_manager-locomotion,cql,92000,4,92000,94fda4bf2bc2dcf1,-2472.178710938,21006,10750,-13.7117,-9.0753,-4.6364,59.9465,-0.07734,1.1459,1.2275,1.0712
20260731_145639-g1_29dof_wbt_fall_and_getup_cql_manager-locomotion,cql,92000,5,92000,94fda4bf2bc2dcf1,-2472.178710938,29649,5332,-1.0598,-11.723,10.6632,59.9465,0.17788,1.0571,1.2007,1.1358
20260731_145639-g1_29dof_wbt_fall_and_getup_cql_manager-locomotion,cql,92000,8,92000,94fda4bf2bc2dcf1,-2472.178710938,74157,3344,23.7539,-12.4387,36.1927,59.9465,0.60375,0.8357,1.0701,1.2805
20260731_145639-g1_29dof_wbt_fall_and_getup_cql_manager-locomotion,cql,92000,12,92000,94fda4bf2bc2dcf1,-2472.178710938,134624,2881,31.8251,-9.4319,41.257,59.9465,0.68823,0.8218,1.0527,1.281
20260731_145639-g1_29dof_wbt_fall_and_getup_cql_manager-locomotion,cql,92000,16,92000,94fda4bf2bc2dcf1,-2472.178710938,198771,3756,21.97,-4.2642,26.2343,59.9465,0.43763,0.8013,1.042,1.3003
20260731_145639-g1_29dof_wbt_fall_and_getup_cql_manager-locomotion,cql,93000,0,93000,db0569b3a97bc05a,-2484.116943359,192109,6729,20.5065,-7.3151,27.8216,59.6182,0.46666,0.941,1.4492,1.54
20260731_145639-g1_29dof_wbt_fall_and_getup_cql_manager-locomotion,cql,93000,1,93000,db0569b3a97bc05a,-2484.116943359,94738,12464,9.3061,2.8176,6.4884,59.6182,0.10883,0.926,1.1552,1.2476
20260731_145639-g1_29dof_wbt_fall_and_getup_cql_manager-locomotion,cql,93000,2,93000,db0569b3a97bc05a,-2484.116943359,16213,105373,-8.1047,1.8636,-9.9682,59.6182,-0.1672,1.0304,1.0008,0.9712
20260731_145639-g1_29dof_wbt_fall_and_getup_cql_manager-locomotion,cql,93000,3,93000,db0569b3a97bc05a,-2484.116943359,18957,19294,-16.6078,-1.9759,-14.6319,59.6182,-0.24543,1.1137,1.2036,1.0807
20260731_145639-g1_29dof_wbt_fall_and_getup_cql_manager-locomotion,cql,93000,4,93000,db0569b3a97bc05a,-2484.116943359,21006,10750,-12.6254,-8.3559,-4.2695,59.6182,-0.07161,1.1414,1.223,1.0715
20260731_145639-g1_29dof_wbt_fall_and_getup_cql_manager-locomotion,cql,93000,5,93000,db0569b3a97bc05a,-2484.116943359,29649,5332,-0.5151,-10.8107,10.2956,59.6182,0.17269,1.0546,1.1951,1.1332
20260731_145639-g1_29dof_wbt_fall_and_getup_cql_manager-locomotion,cql,93000,8,93000,db0569b3a97bc05a,-2484.116943359,74157,3344,23.8139,-11.5545,35.3685,59.6182,0.59325,0.8345,1.0648,1.276
20260731_145639-g1_29dof_wbt_fall_and_getup_cql_manager-locomotion,cql,93000,12,93000,db0569b3a97bc05a,-2484.116943359,134624,2881,32.1182,-9.0412,41.1594,59.6182,0.69038,0.8225,1.0505,1.2772
20260731_145639-g1_29dof_wbt_fall_and_getup_cql_manager-locomotion,cql,93000,16,93000,db0569b3a97bc05a,-2484.116943359,198771,3756,21.8203,-3.8196,25.6399,59.6182,0.43007,0.8018,1.0412,1.2985
20260731_145639-g1_29dof_wbt_fall_and_getup_cql_manager-locomotion,cql,94000,0,94000,fea4a1fe9cd76e47,-2500.446777344,192109,6729,19.969,-5.8751,25.844,60.3963,0.42791,0.9403,1.4385,1.5299
20260731_145639-g1_29dof_wbt_fall_and_getup_cql_manager-locomotion,cql,94000,1,94000,fea4a1fe9cd76e47,-2500.446777344,94738,12464,9.6026,3.0819,6.5207,60.3963,0.10796,0.9251,1.1568,1.2504
20260731_145639-g1_29dof_wbt_fall_and_getup_cql_manager-locomotion,cql,94000,2,94000,fea4a1fe9cd76e47,-2500.446777344,16213,105373,-8.8999,1.9631,-10.863,60.3963,-0.17986,1.0214,0.9998,0.9788
20260731_145639-g1_29dof_wbt_fall_and_getup_cql_manager-locomotion,cql,94000,3,94000,fea4a1fe9cd76e47,-2500.446777344,18957,19294,-17.9057,-2.0138,-15.8918,60.3963,-0.26313,1.1092,1.199,1.081
20260731_145639-g1_29dof_wbt_fall_and_getup_cql_manager-locomotion,cql,94000,4,94000,fea4a1fe9cd76e47,-2500.446777344,21006,10750,-14.1586,-9.1485,-5.0101,60.3963,-0.08295,1.1481,1.2274,1.0691
20260731_145639-g1_29dof_wbt_fall_and_getup_cql_manager-locomotion,cql,94000,5,94000,fea4a1fe9cd76e47,-2500.446777344,29649,5332,-1.7143,-11.3487,9.6344,60.3963,0.15952,1.0576,1.1983,1.1331
20260731_145639-g1_29dof_wbt_fall_and_getup_cql_manager-locomotion,cql,94000,8,94000,fea4a1fe9cd76e47,-2500.446777344,74157,3344,22.7761,-15.688,38.4641,60.3963,0.63686,0.8369,1.0669,1.2749
20260731_145639-g1_29dof_wbt_fall_and_getup_cql_manager-locomotion,cql,94000,12,94000,fea4a1fe9cd76e47,-2500.446777344,134624,2881,31.5845,-8.9229,40.5074,60.3963,0.67069,0.823,1.0534,1.28
20260731_145639-g1_29dof_wbt_fall_and_getup_cql_manager-locomotion,cql,94000,16,94000,fea4a1fe9cd76e47,-2500.446777344,198771,3756,21.9229,-2.8848,24.8076,60.3963,0.41075,0.8018,1.041,1.2983
20260731_145639-g1_29dof_wbt_fall_and_getup_cql_manager-locomotion,cql,95000,0,95000,0e6d342850ec5c53,-2517.839111328,192109,6729,19.9193,-5.7934,25.7127,60.2532,0.42674,0.9382,1.4371,1.5318
20260731_145639-g1_29dof_wbt_fall_and_getup_cql_manager-locomotion,cql,95000,1,95000,0e6d342850ec5c53,-2517.839111328,94738,12464,9.0766,3.2045,5.872,60.2532,0.09746,0.9238,1.1517,1.2468
20260731_145639-g1_29dof_wbt_fall_and_getup_cql_manager-locomotion,cql,95000,2,95000,0e6d342850ec5c53,-2517.839111328,16213,105373,-9.0018,1.7108,-10.7127,60.2532,-0.17779,1.0248,0.9975,0.9734
20260731_145639-g1_29dof_wbt_fall_and_getup_cql_manager-locomotion,cql,95000,3,95000,0e6d342850ec5c53,-2517.839111328,18957,19294,-18.888,-2.318,-16.57,60.2532,-0.27501,1.1091,1.2009,1.0827
20260731_145639-g1_29dof_wbt_fall_and_getup_cql_manager-locomotion,cql,95000,4,95000,0e6d342850ec5c53,-2517.839111328,21006,10750,-14.3854,-8.4205,-5.9649,60.2532,-0.099,1.1402,1.2224,1.072
20260731_145639-g1_29dof_wbt_fall_and_getup_cql_manager-locomotion,cql,95000,5,95000,0e6d342850ec5c53,-2517.839111328,29649,5332,-2.4829,-12.4823,9.9994,60.2532,0.16596,1.0544,1.1971,1.1353
20260731_145639-g1_29dof_wbt_fall_and_getup_cql_manager-locomotion,cql,95000,8,95000,0e6d342850ec5c53,-2517.839111328,74157,3344,23.1206,-12.5365,35.6571,60.2532,0.59179,0.8344,1.0652,1.2766
20260731_145639-g1_29dof_wbt_fall_and_getup_cql_manager-locomotion,cql,95000,12,95000,0e6d342850ec5c53,-2517.839111328,134624,2881,31.3225,-7.7886,39.1111,60.2532,0.64911,0.822,1.0534,1.2816
20260731_145639-g1_29dof_wbt_fall_and_getup_cql_manager-locomotion,cql,95000,16,95000,0e6d342850ec5c53,-2517.839111328,198771,3756,21.98,-3.6248,25.6048,60.2532,0.42495,0.8015,1.041,1.2987
20260731_145639-g1_29dof_wbt_fall_and_getup_cql_manager-locomotion,cql,96000,0,96000,786d4d58c3f52792,-2524.25,192109,6729,19.8319,-8.657,28.4889,59.7836,0.47653,0.9402,1.4483,1.5403
20260731_145639-g1_29dof_wbt_fall_and_getup_cql_manager-locomotion,cql,96000,1,96000,786d4d58c3f52792,-2524.25,94738,12464,9.2281,3.0095,6.2186,59.7836,0.10402,0.9263,1.1574,1.2495
20260731_145639-g1_29dof_wbt_fall_and_getup_cql_manager-locomotion,cql,96000,2,96000,786d4d58c3f52792,-2524.25,16213,105373,-9.2007,1.8658,-11.0666,59.7836,-0.18511,1.0308,0.9987,0.9688
20260731_145639-g1_29dof_wbt_fall_and_getup_cql_manager-locomotion,cql,96000,3,96000,786d4d58c3f52792,-2524.25,18957,19294,-16.973,-1.9923,-14.9807,59.7836,-0.25058,1.1064,1.201,1.0855
20260731_145639-g1_29dof_wbt_fall_and_getup_cql_manager-locomotion,cql,96000,4,96000,786d4d58c3f52792,-2524.25,21006,10750,-14.8226,-9.2524,-5.5702,59.7836,-0.09317,1.1419,1.2273,1.0748
20260731_145639-g1_29dof_wbt_fall_and_getup_cql_manager-locomotion,cql,96000,5,96000,786d4d58c3f52792,-2524.25,29649,5332,-1.0395,-11.3126,10.2731,59.7836,0.17184,1.0544,1.1944,1.1328
20260731_145639-g1_29dof_wbt_fall_and_getup_cql_manager-locomotion,cql,96000,8,96000,786d4d58c3f52792,-2524.25,74157,3344,22.8066,-10.5391,33.3457,59.7836,0.55777,0.8358,1.0668,1.2764
20260731_145639-g1_29dof_wbt_fall_and_getup_cql_manager-locomotion,cql,96000,12,96000,786d4d58c3f52792,-2524.25,134624,2881,31.5987,-5.599,37.1978,59.7836,0.62221,0.8226,1.0524,1.2793
20260731_145639-g1_29dof_wbt_fall_and_getup_cql_manager-locomotion,cql,96000,16,96000,786d4d58c3f52792,-2524.25,198771,3756,21.3263,-3.6275,24.9537,59.7836,0.4174,0.8021,1.0424,1.2996
20260731_145639-g1_29dof_wbt_fall_and_getup_cql_manager-locomotion,cql,97000,0,97000,b2cdec899e55d909,-2532.638671875,192109,6729,20.5372,-5.7837,26.3209,61.5461,0.42766,0.94,1.4407,1.5326
20260731_145639-g1_29dof_wbt_fall_and_getup_cql_manager-locomotion,cql,97000,1,97000,b2cdec899e55d909,-2532.638671875,94738,12464,10.1382,3.4942,6.644,61.5461,0.10795,0.9271,1.1548,1.2456
20260731_145639-g1_29dof_wbt_fall_and_getup_cql_manager-locomotion,cql,97000,2,97000,b2cdec899e55d909,-2532.638671875,16213,105373,-8.7054,2.2427,-10.948,61.5461,-0.17788,1.0299,1.0002,0.9712
20260731_145639-g1_29dof_wbt_fall_and_getup_cql_manager-locomotion,cql,97000,3,97000,b2cdec899e55d909,-2532.638671875,18957,19294,-19.0453,-2.2487,-16.7967,61.5461,-0.27291,1.1092,1.2019,1.0836
20260731_145639-g1_29dof_wbt_fall_and_getup_cql_manager-locomotion,cql,97000,4,97000,b2cdec899e55d909,-2532.638671875,21006,10750,-15.9237,-9.9611,-5.9626,61.5461,-0.09688,1.1407,1.2239,1.0729
20260731_145639-g1_29dof_wbt_fall_and_getup_cql_manager-locomotion,cql,97000,5,97000,b2cdec899e55d909,-2532.638671875,29649,5332,-1.957,-13.1363,11.1793,61.5461,0.18164,1.0568,1.1923,1.1282
20260731_145639-g1_29dof_wbt_fall_and_getup_cql_manager-locomotion,cql,97000,8,97000,b2cdec899e55d909,-2532.638671875,74157,3344,23.7739,-13.5065,37.2804,61.5461,0.60573,0.8362,1.0664,1.2752
20260731_145639-g1_29dof_wbt_fall_and_getup_cql_manager-locomotion,cql,97000,12,97000,b2cdec899e55d909,-2532.638671875,134624,2881,31.9294,-7.2207,39.1501,61.5461,0.63611,0.8216,1.0512,1.2795
20260731_145639-g1_29dof_wbt_fall_and_getup_cql_manager-locomotion,cql,97000,16,97000,b2cdec899e55d909,-2532.638671875,198771,3756,21.7479,-3.6077,25.3556,61.5461,0.41198,0.8014,1.042,1.3002
20260731_145639-g1_29dof_wbt_fall_and_getup_cql_manager-locomotion,cql,98000,0,98000,f2d025bc0b51b469,-2541.989501953,192109,6729,19.7312,-6.5928,26.324,59.6897,0.44101,0.9434,1.4434,1.53
20260731_145639-g1_29dof_wbt_fall_and_getup_cql_manager-locomotion,cql,98000,1,98000,f2d025bc0b51b469,-2541.989501953,94738,12464,9.0824,2.7801,6.3023,59.6897,0.10558,0.9287,1.1586,1.2476
20260731_145639-g1_29dof_wbt_fall_and_getup_cql_manager-locomotion,cql,98000,2,98000,f2d025bc0b51b469,-2541.989501953,16213,105373,-9.8003,2.2536,-12.0539,59.6897,-0.20194,1.0274,1.0025,0.9758
20260731_145639-g1_29dof_wbt_fall_and_getup_cql_manager-locomotion,cql,98000,3,98000,f2d025bc0b51b469,-2541.989501953,18957,19294,-18.984,-2.2226,-16.7614,59.6897,-0.28081,1.1103,1.2008,1.0814
20260731_145639-g1_29dof_wbt_fall_and_getup_cql_manager-locomotion,cql,98000,4,98000,f2d025bc0b51b469,-2541.989501953,21006,10750,-15.0918,-9.6949,-5.397,59.6897,-0.09042,1.1439,1.2233,1.0694
20260731_145639-g1_29dof_wbt_fall_and_getup_cql_manager-locomotion,cql,98000,5,98000,f2d025bc0b51b469,-2541.989501953,29649,5332,-0.5248,-12.2452,11.7205,59.6897,0.19636,1.0543,1.196,1.1343
20260731_145639-g1_29dof_wbt_fall_and_getup_cql_manager-locomotion,cql,98000,8,98000,f2d025bc0b51b469,-2541.989501953,74157,3344,22.2533,-12.6602,34.9134,59.6897,0.58492,0.8342,1.0612,1.2721
20260731_145639-g1_29dof_wbt_fall_and_getup_cql_manager-locomotion,cql,98000,12,98000,f2d025bc0b51b469,-2541.989501953,134624,2881,30.883,-6.2756,37.1586,59.6897,0.62253,0.8228,1.0482,1.274
20260731_145639-g1_29dof_wbt_fall_and_getup_cql_manager-locomotion,cql,98000,16,98000,f2d025bc0b51b469,-2541.989501953,198771,3756,21.4725,-2.7808,24.2533,59.6897,0.40632,0.8015,1.0391,1.2964
20260731_145639-g1_29dof_wbt_fall_and_getup_cql_manager-locomotion,cql,99000,0,99000,8de759d30db8fc51,-2553.924804688,192109,6729,19.5343,-6.4835,26.0178,60.5753,0.42951,0.9433,1.4454,1.5322
20260731_145639-g1_29dof_wbt_fall_and_getup_cql_manager-locomotion,cql,99000,1,99000,8de759d30db8fc51,-2553.924804688,94738,12464,9.1309,2.8657,6.2651,60.5753,0.10343,0.9286,1.1577,1.2467
20260731_145639-g1_29dof_wbt_fall_and_getup_cql_manager-locomotion,cql,99000,2,99000,8de759d30db8fc51,-2553.924804688,16213,105373,-8.8734,1.9945,-10.8679,60.5753,-0.17941,1.0289,1.0023,0.9741
20260731_145639-g1_29dof_wbt_fall_and_getup_cql_manager-locomotion,cql,99000,3,99000,8de759d30db8fc51,-2553.924804688,18957,19294,-20.165,-2.4041,-17.7609,60.5753,-0.2932,1.1177,1.2017,1.0752
20260731_145639-g1_29dof_wbt_fall_and_getup_cql_manager-locomotion,cql,99000,4,99000,8de759d30db8fc51,-2553.924804688,21006,10750,-15.8967,-8.9558,-6.9409,60.5753,-0.11458,1.1479,1.2259,1.0679
20260731_145639-g1_29dof_wbt_fall_and_getup_cql_manager-locomotion,cql,99000,5,99000,8de759d30db8fc51,-2553.924804688,29649,5332,-1.5228,-10.3333,8.8106,60.5753,0.14545,1.0561,1.1951,1.1315
20260731_145639-g1_29dof_wbt_fall_and_getup_cql_manager-locomotion,cql,99000,8,99000,8de759d30db8fc51,-2553.924804688,74157,3344,22.6803,-12.6429,35.3232,60.5753,0.58313,0.8349,1.0596,1.2691
20260731_145639-g1_29dof_wbt_fall_and_getup_cql_manager-locomotion,cql,99000,12,99000,8de759d30db8fc51,-2553.924804688,134624,2881,30.7325,-7.7952,38.5276,60.5753,0.63603,0.8217,1.0475,1.2748
20260731_145639-g1_29dof_wbt_fall_and_getup_cql_manager-locomotion,cql,99000,16,99000,8de759d30db8fc51,-2553.924804688,198771,3756,21.0388,-3.7099,24.7487,60.5753,0.40856,0.8014,1.0387,1.2962
20260731_145639-g1_29dof_wbt_fall_and_getup_cql_manager-locomotion,cql,100000,0,100000,95a6234a733cec0a,-2567.614257812,192109,6729,19.6681,-6.9218,26.5899,61.0176,0.43577,0.9383,1.4417,1.5365
20260731_145639-g1_29dof_wbt_fall_and_getup_cql_manager-locomotion,cql,100000,1,100000,95a6234a733cec0a,-2567.614257812,94738,12464,9.1553,2.1957,6.9595,61.0176,0.11406,0.9235,1.1511,1.2465
20260731_145639-g1_29dof_wbt_fall_and_getup_cql_manager-locomotion,cql,100000,2,100000,95a6234a733cec0a,-2567.614257812,16213,105373,-9.5733,1.9034,-11.4767,61.0176,-0.18809,1.0252,0.9969,0.9725
20260731_145639-g1_29dof_wbt_fall_and_getup_cql_manager-locomotion,cql,100000,3,100000,95a6234a733cec0a,-2567.614257812,18957,19294,-18.2015,-2.6544,-15.5471,61.0176,-0.2548,1.1087,1.1977,1.0803
20260731_145639-g1_29dof_wbt_fall_and_getup_cql_manager-locomotion,cql,100000,4,100000,95a6234a733cec0a,-2567.614257812,21006,10750,-15.7289,-10.7978,-4.9311,61.0176,-0.08081,1.1428,1.2247,1.0717
20260731_145639-g1_29dof_wbt_fall_and_getup_cql_manager-locomotion,cql,100000,5,100000,95a6234a733cec0a,-2567.614257812,29649,5332,-2.6522,-13.2476,10.5954,61.0176,0.17365,1.0558,1.1933,1.1302
20260731_145639-g1_29dof_wbt_fall_and_getup_cql_manager-locomotion,cql,100000,8,100000,95a6234a733cec0a,-2567.614257812,74157,3344,22.9086,-12.8161,35.7247,61.0176,0.58548,0.8344,1.0629,1.2738
20260731_145639-g1_29dof_wbt_fall_and_getup_cql_manager-locomotion,cql,100000,12,100000,95a6234a733cec0a,-2567.614257812,134624,2881,31.3982,-6.18,37.5783,61.0176,0.61586,0.8217,1.0495,1.2773
20260731_145639-g1_29dof_wbt_fall_and_getup_cql_manager-locomotion,cql,100000,16,100000,95a6234a733cec0a,-2567.614257812,198771,3756,21.6449,-3.1064,24.7514,61.0176,0.40564,0.8012,1.0386,1.2963
