run,algo,step,bin,checkpoint_global_step,critic_checksum,first_layer_sum,n_surv,n_fail,Q_surv,Q_fail,Delta,span,Delta_hat,d_surv,d_fail,d_ratio
osw-cql-seed1-B,cql,1000,0,1000,1dfbedf1cb625efd,-47.939025879,237311,68413,22.712,-3.6295,26.3415,106.3748,0.24763,1.0334,1.3327,1.2896
osw-cql-seed1-B,cql,1000,2,1000,1dfbedf1cb625efd,-47.939025879,168808,33814,13.8716,-8.5256,22.3972,106.3748,0.21055,1.1045,1.2079,1.0936
osw-cql-seed1-B,cql,1000,4,1000,1dfbedf1cb625efd,-47.939025879,35214,133999,-12.2856,-3.2412,-9.0444,106.3748,-0.08502,1.2497,1.2307,0.9848
osw-cql-seed1-B,cql,1000,5,1000,1dfbedf1cb625efd,-47.939025879,40938,30344,-13.7732,-11.5335,-2.2397,106.3748,-0.02105,1.3792,1.3994,1.0147
osw-cql-seed1-B,cql,1000,6,1000,1dfbedf1cb625efd,-47.939025879,51996,11915,-14.8708,-31.7977,16.9269,106.3748,0.15913,1.3513,1.4764,1.0926
osw-cql-seed1-B,cql,1000,7,1000,1dfbedf1cb625efd,-47.939025879,64933,19513,-27.4982,-27.3616,-0.1367,106.3748,-0.00128,1.2827,1.3563,1.0574
osw-cql-seed1-B,cql,1000,11,1000,1dfbedf1cb625efd,-47.939025879,76763,39227,-9.4514,-17.842,8.3906,106.3748,0.07888,1.3196,1.381,1.0465
osw-cql-seed1-B,cql,1000,12,1000,1dfbedf1cb625efd,-47.939025879,33583,82841,-12.6668,-7.8723,-4.7945,106.3748,-0.04507,1.2691,1.2794,1.0081
osw-cql-seed1-B,cql,1000,13,1000,1dfbedf1cb625efd,-47.939025879,29838,52509,-18.2487,-7.7524,-10.4963,106.3748,-0.09867,1.3327,1.3298,0.9978
osw-cql-seed1-B,cql,1000,14,1000,1dfbedf1cb625efd,-47.939025879,36307,14110,-20.5549,-29.3656,8.8107,106.3748,0.08283,1.413,1.5632,1.1063
osw-cql-seed1-B,cql,2000,0,2000,f2a40de51058f457,-90.292198181,237311,68413,56.1529,-2.2855,58.4383,119.3476,0.48965,0.9931,1.4122,1.4221
osw-cql-seed1-B,cql,2000,2,2000,f2a40de51058f457,-90.292198181,168808,33814,39.761,-2.7257,42.4867,119.3476,0.35599,1.0463,1.2427,1.1878
osw-cql-seed1-B,cql,2000,4,2000,f2a40de51058f457,-90.292198181,35214,133999,32.2485,1.4898,30.7587,119.3476,0.25772,1.1092,1.1829,1.0665
osw-cql-seed1-B,cql,2000,5,2000,f2a40de51058f457,-90.292198181,40938,30344,25.6605,-5.1411,30.8015,119.3476,0.25808,1.1945,1.2876,1.0779
osw-cql-seed1-B,cql,2000,6,2000,f2a40de51058f457,-90.292198181,51996,11915,16.101,-12.4146,28.5156,119.3476,0.23893,1.1798,1.4095,1.1947
osw-cql-seed1-B,cql,2000,7,2000,f2a40de51058f457,-90.292198181,64933,19513,14.8088,-10.8019,25.6108,119.3476,0.21459,1.1548,1.3774,1.1927
osw-cql-seed1-B,cql,2000,11,2000,f2a40de51058f457,-90.292198181,76763,39227,16.1061,-5.4977,21.6038,119.3476,0.18102,1.1523,1.2859,1.1159
osw-cql-seed1-B,cql,2000,12,2000,f2a40de51058f457,-90.292198181,33583,82841,22.7997,3.9953,18.8044,119.3476,0.15756,1.1632,1.2494,1.0741
osw-cql-seed1-B,cql,2000,13,2000,f2a40de51058f457,-90.292198181,29838,52509,29.301,-0.8095,30.1106,119.3476,0.25229,1.1778,1.2448,1.0569
osw-cql-seed1-B,cql,2000,14,2000,f2a40de51058f457,-90.292198181,36307,14110,33.6596,-11.5872,45.2469,119.3476,0.37912,1.2317,1.4113,1.1459
osw-cql-seed1-B,cql,3000,0,3000,8d1279d6bceee5f9,-118.59287262,237311,68413,66.1544,-6.3713,72.5257,134.4433,0.53945,0.956,1.4248,1.4904
osw-cql-seed1-B,cql,3000,2,3000,8d1279d6bceee5f9,-118.59287262,168808,33814,43.5015,-6.8295,50.331,134.4433,0.37437,0.9743,1.1938,1.2253
osw-cql-seed1-B,cql,3000,4,3000,8d1279d6bceee5f9,-118.59287262,35214,133999,47.998,2.8182,45.1797,134.4433,0.33605,1.0677,1.1311,1.0593
osw-cql-seed1-B,cql,3000,5,3000,8d1279d6bceee5f9,-118.59287262,40938,30344,42.5022,-2.9284,45.4305,134.4433,0.33792,1.1564,1.281,1.1077
osw-cql-seed1-B,cql,3000,6,3000,8d1279d6bceee5f9,-118.59287262,51996,11915,29.8409,-7.2442,37.0851,134.4433,0.27584,1.1546,1.4302,1.2386
osw-cql-seed1-B,cql,3000,7,3000,8d1279d6bceee5f9,-118.59287262,64933,19513,23.952,-6.6975,30.6495,134.4433,0.22797,1.1157,1.363,1.2217
osw-cql-seed1-B,cql,3000,11,3000,8d1279d6bceee5f9,-118.59287262,76763,39227,24.1181,-5.0434,29.1615,134.4433,0.21691,1.1485,1.2849,1.1188
osw-cql-seed1-B,cql,3000,12,3000,8d1279d6bceee5f9,-118.59287262,33583,82841,30.8223,5.6585,25.1637,134.4433,0.18717,1.0974,1.1954,1.0893
osw-cql-seed1-B,cql,3000,13,3000,8d1279d6bceee5f9,-118.59287262,29838,52509,40.031,0.4821,39.5489,134.4433,0.29417,1.1148,1.2022,1.0783
osw-cql-seed1-B,cql,3000,14,3000,8d1279d6bceee5f9,-118.59287262,36307,14110,44.2291,-6.6022,50.8312,134.4433,0.37809,1.1836,1.439,1.2158
osw-cql-seed1-B,cql,4000,0,4000,dfd82402d8432cf4,-139.954055786,237311,68413,60.5702,-8.9718,69.542,125.4554,0.55432,0.9015,1.3699,1.5195
osw-cql-seed1-B,cql,4000,2,4000,dfd82402d8432cf4,-139.954055786,168808,33814,36.9673,-8.3372,45.3045,125.4554,0.36112,0.9404,1.1423,1.2147
osw-cql-seed1-B,cql,4000,4,4000,dfd82402d8432cf4,-139.954055786,35214,133999,30.9554,-3.9988,34.9542,125.4554,0.27862,0.9926,1.0602,1.068
osw-cql-seed1-B,cql,4000,5,4000,dfd82402d8432cf4,-139.954055786,40938,30344,24.6726,-8.3024,32.975,125.4554,0.26284,1.0674,1.2074,1.1312
osw-cql-seed1-B,cql,4000,6,4000,dfd82402d8432cf4,-139.954055786,51996,11915,10.9142,-16.3423,27.2565,125.4554,0.21726,1.0562,1.2824,1.2141
osw-cql-seed1-B,cql,4000,7,4000,dfd82402d8432cf4,-139.954055786,64933,19513,4.2884,-13.1713,17.4597,125.4554,0.13917,1.0278,1.2235,1.1904
osw-cql-seed1-B,cql,4000,11,4000,dfd82402d8432cf4,-139.954055786,76763,39227,10.1898,-10.5972,20.787,125.4554,0.16569,1.0545,1.1594,1.0995
osw-cql-seed1-B,cql,4000,12,4000,dfd82402d8432cf4,-139.954055786,33583,82841,17.9562,-1.3446,19.3009,125.4554,0.15385,1.0361,1.1153,1.0765
osw-cql-seed1-B,cql,4000,13,4000,dfd82402d8432cf4,-139.954055786,29838,52509,24.6502,-5.064,29.7142,125.4554,0.23685,1.0297,1.1323,1.0996
osw-cql-seed1-B,cql,4000,14,4000,dfd82402d8432cf4,-139.954055786,36307,14110,27.4661,-10.0936,37.5597,125.4554,0.29939,1.0882,1.3359,1.2276
osw-cql-seed1-B,cql,5000,0,5000,5af874ee89e1d062,-164.061706543,237311,68413,65.2987,-5.8848,71.1835,126.8093,0.56134,0.8775,1.3382,1.5251
osw-cql-seed1-B,cql,5000,2,5000,5af874ee89e1d062,-164.061706543,168808,33814,40.9854,-6.3565,47.3419,126.8093,0.37333,0.9271,1.1244,1.2127
osw-cql-seed1-B,cql,5000,4,5000,5af874ee89e1d062,-164.061706543,35214,133999,34.5363,-1.4291,35.9654,126.8093,0.28362,0.9848,1.0533,1.0695
osw-cql-seed1-B,cql,5000,5,5000,5af874ee89e1d062,-164.061706543,40938,30344,26.5156,-6.8277,33.3433,126.8093,0.26294,1.0436,1.1944,1.1446
osw-cql-seed1-B,cql,5000,6,5000,5af874ee89e1d062,-164.061706543,51996,11915,12.1039,-14.377,26.481,126.8093,0.20883,1.0345,1.2546,1.2127
osw-cql-seed1-B,cql,5000,7,5000,5af874ee89e1d062,-164.061706543,64933,19513,7.9539,-11.5064,19.4603,126.8093,0.15346,0.9938,1.1892,1.1966
osw-cql-seed1-B,cql,5000,11,5000,5af874ee89e1d062,-164.061706543,76763,39227,15.9413,-7.4281,23.3695,126.8093,0.18429,1.0286,1.1311,1.0997
osw-cql-seed1-B,cql,5000,12,5000,5af874ee89e1d062,-164.061706543,33583,82841,21.7871,2.3139,19.4731,126.8093,0.15356,1.007,1.0916,1.084
osw-cql-seed1-B,cql,5000,13,5000,5af874ee89e1d062,-164.061706543,29838,52509,28.1553,-3.1529,31.3082,126.8093,0.24689,1.009,1.1281,1.118
osw-cql-seed1-B,cql,5000,14,5000,5af874ee89e1d062,-164.061706543,36307,14110,28.8554,-9.7741,38.6295,126.8093,0.30463,1.0643,1.3182,1.2385
osw-cql-seed1-B,cql,6000,0,6000,787a2b0c55e5f285,-178.850723267,237311,68413,68.6689,-2.6377,71.3066,128.4754,0.55502,0.8701,1.3181,1.5148
osw-cql-seed1-B,cql,6000,2,6000,787a2b0c55e5f285,-178.850723267,168808,33814,45.466,-4.272,49.7379,128.4754,0.38714,0.9113,1.1025,1.2099
osw-cql-seed1-B,cql,6000,4,6000,787a2b0c55e5f285,-178.850723267,35214,133999,38.9079,0.4583,38.4496,128.4754,0.29928,0.9663,1.0397,1.076
osw-cql-seed1-B,cql,6000,5,6000,787a2b0c55e5f285,-178.850723267,40938,30344,34.6851,-4.1005,38.7856,128.4754,0.30189,1.0078,1.1629,1.1538
osw-cql-seed1-B,cql,6000,6,6000,787a2b0c55e5f285,-178.850723267,51996,11915,19.5347,-11.2995,30.8342,128.4754,0.24,1.0064,1.242,1.2341
osw-cql-seed1-B,cql,6000,7,6000,787a2b0c55e5f285,-178.850723267,64933,19513,15.0271,-8.3303,23.3574,128.4754,0.1818,0.9781,1.1796,1.206
osw-cql-seed1-B,cql,6000,11,6000,787a2b0c55e5f285,-178.850723267,76763,39227,22.6942,-5.2699,27.9642,128.4754,0.21766,1.0195,1.1264,1.1048
osw-cql-seed1-B,cql,6000,12,6000,787a2b0c55e5f285,-178.850723267,33583,82841,30.1256,5.0329,25.0927,128.4754,0.19531,0.9996,1.0914,1.0918
osw-cql-seed1-B,cql,6000,13,6000,787a2b0c55e5f285,-178.850723267,29838,52509,36.3268,-0.7557,37.0825,128.4754,0.28863,0.9895,1.1055,1.1173
osw-cql-seed1-B,cql,6000,14,6000,787a2b0c55e5f285,-178.850723267,36307,14110,37.9455,-6.9551,44.9005,128.4754,0.34949,1.035,1.2941,1.2504
osw-cql-seed1-B,cql,7000,0,7000,e7b8ca29258dc894,-198.715042114,237311,68413,73.0978,2.0734,71.0244,132.7775,0.53491,0.8753,1.3209,1.5091
osw-cql-seed1-B,cql,7000,2,7000,e7b8ca29258dc894,-198.715042114,168808,33814,47.6426,-1.9565,49.599,132.7775,0.37355,0.9177,1.1057,1.2049
osw-cql-seed1-B,cql,7000,4,7000,e7b8ca29258dc894,-198.715042114,35214,133999,43.2575,2.0103,41.2472,132.7775,0.31065,0.9536,1.0408,1.0915
osw-cql-seed1-B,cql,7000,5,7000,e7b8ca29258dc894,-198.715042114,40938,30344,35.7466,-4.6321,40.3787,132.7775,0.30411,1.0085,1.1695,1.1597
osw-cql-seed1-B,cql,7000,6,7000,e7b8ca29258dc894,-198.715042114,51996,11915,23.4637,-10.2982,33.7618,132.7775,0.25427,1.0067,1.2474,1.2392
osw-cql-seed1-B,cql,7000,7,7000,e7b8ca29258dc894,-198.715042114,64933,19513,18.7121,-7.338,26.0501,132.7775,0.19619,0.9654,1.1736,1.2156
osw-cql-seed1-B,cql,7000,11,7000,e7b8ca29258dc894,-198.715042114,76763,39227,21.6916,-5.4533,27.1449,132.7775,0.20444,1.0139,1.1208,1.1054
osw-cql-seed1-B,cql,7000,12,7000,e7b8ca29258dc894,-198.715042114,33583,82841,27.7627,4.3859,23.3767,132.7775,0.17606,0.9937,1.0819,1.0887
osw-cql-seed1-B,cql,7000,13,7000,e7b8ca29258dc894,-198.715042114,29838,52509,35.5628,-0.6735,36.2364,132.7775,0.27291,0.9769,1.1128,1.1391
osw-cql-seed1-B,cql,7000,14,7000,e7b8ca29258dc894,-198.715042114,36307,14110,36.0252,-7.3556,43.3809,132.7775,0.32672,1.0272,1.2835,1.2496
osw-cql-seed1-B,cql,8000,0,8000,4506953f241f8d92,-218.690490723,237311,68413,75.2618,2.8078,72.454,136.9537,0.52904,0.8688,1.2921,1.4872
osw-cql-seed1-B,cql,8000,2,8000,4506953f241f8d92,-218.690490723,168808,33814,47.7494,-0.9835,48.7329,136.9537,0.35584,0.9086,1.0901,1.1998
osw-cql-seed1-B,cql,8000,4,8000,4506953f241f8d92,-218.690490723,35214,133999,42.4943,1.7392,40.7551,136.9537,0.29758,0.935,1.028,1.0994
osw-cql-seed1-B,cql,8000,5,8000,4506953f241f8d92,-218.690490723,40938,30344,38.4711,-4.7363,43.2073,136.9537,0.31549,0.9857,1.1519,1.1685
osw-cql-seed1-B,cql,8000,6,8000,4506953f241f8d92,-218.690490723,51996,11915,30.3836,-7.2798,37.6634,136.9537,0.27501,0.9847,1.2293,1.2485
osw-cql-seed1-B,cql,8000,7,8000,4506953f241f8d92,-218.690490723,64933,19513,23.2303,-4.1452,27.3756,136.9537,0.19989,0.946,1.155,1.221
osw-cql-seed1-B,cql,8000,11,8000,4506953f241f8d92,-218.690490723,76763,39227,26.1567,-2.8917,29.0484,136.9537,0.2121,0.9925,1.104,1.1124
osw-cql-seed1-B,cql,8000,12,8000,4506953f241f8d92,-218.690490723,33583,82841,30.3183,5.966,24.3524,136.9537,0.17781,0.9727,1.0646,1.0945
osw-cql-seed1-B,cql,8000,13,8000,4506953f241f8d92,-218.690490723,29838,52509,34.9491,-0.8381,35.7872,136.9537,0.26131,0.9623,1.0945,1.1374
osw-cql-seed1-B,cql,8000,14,8000,4506953f241f8d92,-218.690490723,36307,14110,37.5257,-6.2327,43.7584,136.9537,0.31951,1.0042,1.2692,1.2639
osw-cql-seed1-B,cql,9000,0,9000,0022dc0729afb53e,-234.383071899,237311,68413,79.5728,6.6629,72.9099,148.931,0.48955,0.8592,1.2777,1.487
osw-cql-seed1-B,cql,9000,2,9000,0022dc0729afb53e,-234.383071899,168808,33814,50.5311,0.1767,50.3544,148.931,0.33811,0.9087,1.089,1.1984
osw-cql-seed1-B,cql,9000,4,9000,0022dc0729afb53e,-234.383071899,35214,133999,48.2108,2.9837,45.227,148.931,0.30368,0.9455,1.0303,1.0897
osw-cql-seed1-B,cql,9000,5,9000,0022dc0729afb53e,-234.383071899,40938,30344,41.0912,-4.6312,45.7224,148.931,0.307,0.9908,1.1511,1.1617
osw-cql-seed1-B,cql,9000,6,9000,0022dc0729afb53e,-234.383071899,51996,11915,28.7034,-8.3014,37.0048,148.931,0.24847,0.987,1.235,1.2513
osw-cql-seed1-B,cql,9000,7,9000,0022dc0729afb53e,-234.383071899,64933,19513,23.806,-3.866,27.672,148.931,0.1858,0.9494,1.1555,1.2171
osw-cql-seed1-B,cql,9000,11,9000,0022dc0729afb53e,-234.383071899,76763,39227,23.5678,-4.637,28.2048,148.931,0.18938,0.9915,1.1,1.1094
osw-cql-seed1-B,cql,9000,12,9000,0022dc0729afb53e,-234.383071899,33583,82841,31.1654,5.6267,25.5387,148.931,0.17148,0.9801,1.0706,1.0924
osw-cql-seed1-B,cql,9000,13,9000,0022dc0729afb53e,-234.383071899,29838,52509,37.9619,-0.6268,38.5887,148.931,0.2591,0.9647,1.0966,1.1367
osw-cql-seed1-B,cql,9000,14,9000,0022dc0729afb53e,-234.383071899,36307,14110,40.2058,-5.1767,45.3825,148.931,0.30472,1.0053,1.271,1.2643
osw-cql-seed1-B,cql,10000,0,10000,13a750898464df17,-254.543457031,237311,68413,82.2,9.2109,72.9891,154.2577,0.47316,0.8645,1.286,1.4875
osw-cql-seed1-B,cql,10000,2,10000,13a750898464df17,-254.543457031,168808,33814,49.3775,1.0803,48.2972,154.2577,0.31309,0.9043,1.0846,1.1994
osw-cql-seed1-B,cql,10000,4,10000,13a750898464df17,-254.543457031,35214,133999,40.5025,1.1425,39.36,154.2577,0.25516,0.9436,1.0307,1.0923
osw-cql-seed1-B,cql,10000,5,10000,13a750898464df17,-254.543457031,40938,30344,38.1855,-4.1861,42.3716,154.2577,0.27468,0.9904,1.1556,1.1668
osw-cql-seed1-B,cql,10000,6,10000,13a750898464df17,-254.543457031,51996,11915,26.0891,-10.6466,36.7357,154.2577,0.23815,0.9787,1.2213,1.2479
osw-cql-seed1-B,cql,10000,7,10000,13a750898464df17,-254.543457031,64933,19513,23.6166,-4.3996,28.0163,154.2577,0.18162,0.9398,1.1499,1.2236
osw-cql-seed1-B,cql,10000,11,10000,13a750898464df17,-254.543457031,76763,39227,26.6559,-3.0799,29.7358,154.2577,0.19277,0.9902,1.0991,1.1101
osw-cql-seed1-B,cql,10000,12,10000,13a750898464df17,-254.543457031,33583,82841,26.722,4.4655,22.2565,154.2577,0.14428,0.969,1.0666,1.1007
osw-cql-seed1-B,cql,10000,13,10000,13a750898464df17,-254.543457031,29838,52509,32.1654,-1.1839,33.3493,154.2577,0.21619,0.9673,1.0988,1.1359
osw-cql-seed1-B,cql,10000,14,10000,13a750898464df17,-254.543457031,36307,14110,36.5265,-5.6226,42.1491,154.2577,0.27324,1.0102,1.2668,1.2539
osw-cql-seed1-B,cql,11000,0,11000,c30f814bce61771a,-269.370635986,237311,68413,85.539,11.3225,74.2165,160.4783,0.46247,0.8705,1.2873,1.4788
osw-cql-seed1-B,cql,11000,2,11000,c30f814bce61771a,-269.370635986,168808,33814,52.1823,1.2496,50.9326,160.4783,0.31738,0.9147,1.0937,1.1956
osw-cql-seed1-B,cql,11000,4,11000,c30f814bce61771a,-269.370635986,35214,133999,45.622,1.7274,43.8946,160.4783,0.27352,0.9387,1.0267,1.0938
osw-cql-seed1-B,cql,11000,5,11000,c30f814bce61771a,-269.370635986,40938,30344,40.9746,-3.7468,44.7214,160.4783,0.27868,0.9843,1.1505,1.1688
osw-cql-seed1-B,cql,11000,6,11000,c30f814bce61771a,-269.370635986,51996,11915,27.7846,-8.8045,36.5891,160.4783,0.228,0.9742,1.2167,1.249
osw-cql-seed1-B,cql,11000,7,11000,c30f814bce61771a,-269.370635986,64933,19513,26.0899,-1.7425,27.8323,160.4783,0.17343,0.9383,1.1499,1.2256
osw-cql-seed1-B,cql,11000,11,11000,c30f814bce61771a,-269.370635986,76763,39227,26.2845,-2.8051,29.0896,160.4783,0.18127,0.9873,1.0959,1.1099
osw-cql-seed1-B,cql,11000,12,11000,c30f814bce61771a,-269.370635986,33583,82841,31.1627,5.646,25.5167,160.4783,0.159,0.9675,1.0628,1.0985
osw-cql-seed1-B,cql,11000,13,11000,c30f814bce61771a,-269.370635986,29838,52509,37.8548,0.1121,37.7428,160.4783,0.23519,0.9649,1.0981,1.138
osw-cql-seed1-B,cql,11000,14,11000,c30f814bce61771a,-269.370635986,36307,14110,38.1012,-3.9392,42.0404,160.4783,0.26197,0.9953,1.2671,1.2732
osw-cql-seed1-B,cql,12000,0,12000,fd91fa3f8330bf11,-284.581085205,237311,68413,86.7949,12.2629,74.5319,164.415,0.45332,0.8609,1.2789,1.4855
osw-cql-seed1-B,cql,12000,2,12000,fd91fa3f8330bf11,-284.581085205,168808,33814,50.7092,0.725,49.9842,164.415,0.30401,0.9113,1.0889,1.1949
osw-cql-seed1-B,cql,12000,4,12000,fd91fa3f8330bf11,-284.581085205,35214,133999,46.8071,2.7831,44.0241,164.415,0.26776,0.9343,1.0299,1.1024
osw-cql-seed1-B,cql,12000,5,12000,fd91fa3f8330bf11,-284.581085205,40938,30344,41.2636,-3.5633,44.8269,164.415,0.27264,0.9749,1.1443,1.1738
osw-cql-seed1-B,cql,12000,6,12000,fd91fa3f8330bf11,-284.581085205,51996,11915,29.4215,-8.3247,37.7463,164.415,0.22958,0.9742,1.2115,1.2436
osw-cql-seed1-B,cql,12000,7,12000,fd91fa3f8330bf11,-284.581085205,64933,19513,25.8488,-2.4709,28.3197,164.415,0.17225,0.9374,1.1451,1.2215
osw-cql-seed1-B,cql,12000,11,12000,fd91fa3f8330bf11,-284.581085205,76763,39227,26.9029,-2.458,29.3609,164.415,0.17858,0.9838,1.0894,1.1074
osw-cql-seed1-B,cql,12000,12,12000,fd91fa3f8330bf11,-284.581085205,33583,82841,30.9776,6.7095,24.2681,164.415,0.1476,0.9692,1.0637,1.0975
osw-cql-seed1-B,cql,12000,13,12000,fd91fa3f8330bf11,-284.581085205,29838,52509,38.1873,0.6445,37.5429,164.415,0.22834,0.9484,1.0898,1.1491
osw-cql-seed1-B,cql,12000,14,12000,fd91fa3f8330bf11,-284.581085205,36307,14110,39.5667,-5.522,45.0887,164.415,0.27424,0.9888,1.2606,1.2748
osw-cql-seed1-B,cql,13000,0,13000,26d19adf41bbda72,-300.96307373,237311,68413,86.1095,10.7713,75.3382,162.7922,0.46279,0.8646,1.2803,1.4808
osw-cql-seed1-B,cql,13000,2,13000,26d19adf41bbda72,-300.96307373,168808,33814,49.8147,0.0096,49.8051,162.7922,0.30594,0.9106,1.0917,1.1988
osw-cql-seed1-B,cql,13000,4,13000,26d19adf41bbda72,-300.96307373,35214,133999,47.9238,3.5788,44.345,162.7922,0.2724,0.9257,1.0155,1.0971
osw-cql-seed1-B,cql,13000,5,13000,26d19adf41bbda72,-300.96307373,40938,30344,41.4075,-3.4566,44.8641,162.7922,0.27559,0.9659,1.1315,1.1715
osw-cql-seed1-B,cql,13000,6,13000,26d19adf41bbda72,-300.96307373,51996,11915,31.1156,-8.7434,39.859,162.7922,0.24485,0.9658,1.1977,1.24
osw-cql-seed1-B,cql,13000,7,13000,26d19adf41bbda72,-300.96307373,64933,19513,28.1184,-2.2453,30.3637,162.7922,0.18652,0.9343,1.1428,1.2231
osw-cql-seed1-B,cql,13000,11,13000,26d19adf41bbda72,-300.96307373,76763,39227,26.5826,-2.339,28.9217,162.7922,0.17766,0.9828,1.0902,1.1093
osw-cql-seed1-B,cql,13000,12,13000,26d19adf41bbda72,-300.96307373,33583,82841,33.0287,8.9322,24.0964,162.7922,0.14802,0.9627,1.0545,1.0954
osw-cql-seed1-B,cql,13000,13,13000,26d19adf41bbda72,-300.96307373,29838,52509,36.4472,0.9231,35.524,162.7922,0.21822,0.941,1.079,1.1466
osw-cql-seed1-B,cql,13000,14,13000,26d19adf41bbda72,-300.96307373,36307,14110,41.3661,-4.4088,45.7749,162.7922,0.28119,0.9799,1.2425,1.268
osw-cql-seed1-B,cql,14000,0,14000,7f419d03ae413ae3,-314.390167236,237311,68413,83.8074,11.6908,72.1166,153.836,0.46879,0.859,1.2702,1.4786
osw-cql-seed1-B,cql,14000,2,14000,7f419d03ae413ae3,-314.390167236,168808,33814,49.8607,1.8276,48.033,153.836,0.31224,0.9091,1.0914,1.2005
osw-cql-seed1-B,cql,14000,4,14000,7f419d03ae413ae3,-314.390167236,35214,133999,47.0136,3.5561,43.4575,153.836,0.28249,0.931,1.0224,1.0981
osw-cql-seed1-B,cql,14000,5,14000,7f419d03ae413ae3,-314.390167236,40938,30344,41.1262,-3.5606,44.6868,153.836,0.29048,0.9756,1.1428,1.1714
osw-cql-seed1-B,cql,14000,6,14000,7f419d03ae413ae3,-314.390167236,51996,11915,28.5877,-9.801,38.3887,153.836,0.24954,0.9762,1.2103,1.2398
osw-cql-seed1-B,cql,14000,7,14000,7f419d03ae413ae3,-314.390167236,64933,19513,27.0168,-1.602,28.6187,153.836,0.18603,0.9356,1.1411,1.2196
osw-cql-seed1-B,cql,14000,11,14000,7f419d03ae413ae3,-314.390167236,76763,39227,28.2933,-1.1364,29.4297,153.836,0.19131,0.9797,1.0904,1.1129
osw-cql-seed1-B,cql,14000,12,14000,7f419d03ae413ae3,-314.390167236,33583,82841,30.0557,7.425,22.6307,153.836,0.14711,0.9612,1.0557,1.0984
osw-cql-seed1-B,cql,14000,13,14000,7f419d03ae413ae3,-314.390167236,29838,52509,36.767,0.4674,36.2995,153.836,0.23596,0.9545,1.0915,1.1436
osw-cql-seed1-B,cql,14000,14,14000,7f419d03ae413ae3,-314.390167236,36307,14110,40.5528,-5.0592,45.6121,153.836,0.2965,0.9951,1.2662,1.2725
osw-cql-seed1-B,cql,15000,0,15000,9a6d036a2ceebec9,-331.488891602,237311,68413,82.203,11.9549,70.2482,143.2431,0.49041,0.8583,1.2632,1.4718
osw-cql-seed1-B,cql,15000,2,15000,9a6d036a2ceebec9,-331.488891602,168808,33814,51.1458,1.9307,49.2151,143.2431,0.34358,0.9031,1.0781,1.1937
osw-cql-seed1-B,cql,15000,4,15000,9a6d036a2ceebec9,-331.488891602,35214,133999,44.8735,2.5886,42.2849,143.2431,0.2952,0.9326,1.0218,1.0957
osw-cql-seed1-B,cql,15000,5,15000,9a6d036a2ceebec9,-331.488891602,40938,30344,43.0693,-3.263,46.3323,143.2431,0.32345,0.9813,1.1455,1.1674
osw-cql-seed1-B,cql,15000,6,15000,9a6d036a2ceebec9,-331.488891602,51996,11915,30.6235,-8.1157,38.7392,143.2431,0.27044,0.9763,1.2071,1.2363
osw-cql-seed1-B,cql,15000,7,15000,9a6d036a2ceebec9,-331.488891602,64933,19513,24.4083,-2.4003,26.8086,143.2431,0.18715,0.9323,1.1411,1.224
osw-cql-seed1-B,cql,15000,11,15000,9a6d036a2ceebec9,-331.488891602,76763,39227,25.5182,-2.7844,28.3026,143.2431,0.19758,0.979,1.0861,1.1095
osw-cql-seed1-B,cql,15000,12,15000,9a6d036a2ceebec9,-331.488891602,33583,82841,30.0585,7.0118,23.0467,143.2431,0.16089,0.9601,1.055,1.0988
osw-cql-seed1-B,cql,15000,13,15000,9a6d036a2ceebec9,-331.488891602,29838,52509,37.5853,0.1923,37.3929,143.2431,0.26105,0.9477,1.0881,1.1482
osw-cql-seed1-B,cql,15000,14,15000,9a6d036a2ceebec9,-331.488891602,36307,14110,40.7373,-4.4135,45.1509,143.2431,0.3152,0.9904,1.2565,1.2687
osw-cql-seed1-B,cql,16000,0,16000,9f93ffdd7e81b1e4,-340.504882812,237311,68413,82.757,12.0697,70.6874,150.4397,0.46987,0.8624,1.2658,1.4677
osw-cql-seed1-B,cql,16000,2,16000,9f93ffdd7e81b1e4,-340.504882812,168808,33814,51.5831,2.0216,49.5615,150.4397,0.32944,0.9093,1.0858,1.1941
osw-cql-seed1-B,cql,16000,4,16000,9f93ffdd7e81b1e4,-340.504882812,35214,133999,49.855,4.2341,45.6209,150.4397,0.30325,0.9347,1.0218,1.0932
osw-cql-seed1-B,cql,16000,5,16000,9f93ffdd7e81b1e4,-340.504882812,40938,30344,43.5748,-2.5206,46.0954,150.4397,0.3064,0.9813,1.1424,1.1641
osw-cql-seed1-B,cql,16000,6,16000,9f93ffdd7e81b1e4,-340.504882812,51996,11915,31.5574,-7.4302,38.9876,150.4397,0.25916,0.968,1.1947,1.2341
osw-cql-seed1-B,cql,16000,7,16000,9f93ffdd7e81b1e4,-340.504882812,64933,19513,28.4094,-0.1033,28.5127,150.4397,0.18953,0.931,1.1372,1.2215
osw-cql-seed1-B,cql,16000,11,16000,9f93ffdd7e81b1e4,-340.504882812,76763,39227,27.5587,-1.8902,29.4489,150.4397,0.19575,0.9774,1.0841,1.1092
osw-cql-seed1-B,cql,16000,12,16000,9f93ffdd7e81b1e4,-340.504882812,33583,82841,31.9535,7.3103,24.6432,150.4397,0.16381,0.963,1.0613,1.1021
osw-cql-seed1-B,cql,16000,13,16000,9f93ffdd7e81b1e4,-340.504882812,29838,52509,40.0651,0.7284,39.3367,150.4397,0.26148,0.9475,1.0903,1.1507
osw-cql-seed1-B,cql,16000,14,16000,9f93ffdd7e81b1e4,-340.504882812,36307,14110,44.0752,-2.9117,46.9869,150.4397,0.31233,0.995,1.2514,1.2576
osw-cql-seed1-B,cql,17000,0,17000,76b7fb6263238f80,-353.977600098,237311,68413,83.9171,11.9596,71.9575,150.1162,0.47935,0.8582,1.2597,1.4678
osw-cql-seed1-B,cql,17000,2,17000,76b7fb6263238f80,-353.977600098,168808,33814,50.1391,1.4442,48.6948,150.1162,0.32438,0.9052,1.0809,1.1941
osw-cql-seed1-B,cql,17000,4,17000,76b7fb6263238f80,-353.977600098,35214,133999,40.165,1.7957,38.3693,150.1162,0.2556,0.9324,1.0188,1.0928
osw-cql-seed1-B,cql,17000,5,17000,76b7fb6263238f80,-353.977600098,40938,30344,40.5731,-3.8873,44.4604,150.1162,0.29617,0.9779,1.1359,1.1616
osw-cql-seed1-B,cql,17000,6,17000,76b7fb6263238f80,-353.977600098,51996,11915,31.7238,-9.2211,40.9449,150.1162,0.27276,0.9671,1.1899,1.2303
osw-cql-seed1-B,cql,17000,7,17000,76b7fb6263238f80,-353.977600098,64933,19513,28.0396,-1.9175,29.9571,150.1162,0.19956,0.9292,1.1297,1.2157
osw-cql-seed1-B,cql,17000,11,17000,76b7fb6263238f80,-353.977600098,76763,39227,25.997,-2.8488,28.8458,150.1162,0.19216,0.9782,1.0826,1.1067
osw-cql-seed1-B,cql,17000,12,17000,76b7fb6263238f80,-353.977600098,33583,82841,30.5984,5.7526,24.8459,150.1162,0.16551,0.9602,1.0548,1.0985
osw-cql-seed1-B,cql,17000,13,17000,76b7fb6263238f80,-353.977600098,29838,52509,36.3493,-0.9081,37.2575,150.1162,0.24819,0.9523,1.0872,1.1417
osw-cql-seed1-B,cql,17000,14,17000,76b7fb6263238f80,-353.977600098,36307,14110,42.2302,-3.962,46.1922,150.1162,0.30771,0.9941,1.2496,1.2569
osw-cql-seed1-B,cql,18000,0,18000,b349e573c9e989ff,-363.010803223,237311,68413,81.8911,10.1001,71.7909,146.0253,0.49163,0.8579,1.2554,1.4633
osw-cql-seed1-B,cql,18000,2,18000,b349e573c9e989ff,-363.010803223,168808,33814,52.1991,2.5243,49.6749,146.0253,0.34018,0.9038,1.0806,1.1957
osw-cql-seed1-B,cql,18000,4,18000,b349e573c9e989ff,-363.010803223,35214,133999,49.7721,4.2684,45.5036,146.0253,0.31161,0.9177,1.0114,1.1021
osw-cql-seed1-B,cql,18000,5,18000,b349e573c9e989ff,-363.010803223,40938,30344,41.686,-3.5994,45.2853,146.0253,0.31012,0.958,1.1297,1.1792
osw-cql-seed1-B,cql,18000,6,18000,b349e573c9e989ff,-363.010803223,51996,11915,29.6296,-7.6987,37.3283,146.0253,0.25563,0.9631,1.1946,1.2403
osw-cql-seed1-B,cql,18000,7,18000,b349e573c9e989ff,-363.010803223,64933,19513,25.4801,-2.4092,27.8893,146.0253,0.19099,0.9341,1.1365,1.2167
osw-cql-seed1-B,cql,18000,11,18000,b349e573c9e989ff,-363.010803223,76763,39227,26.9992,-2.145,29.1442,146.0253,0.19958,0.9736,1.081,1.1103
osw-cql-seed1-B,cql,18000,12,18000,b349e573c9e989ff,-363.010803223,33583,82841,30.6094,6.2574,24.352,146.0253,0.16677,0.9563,1.0532,1.1012
osw-cql-seed1-B,cql,18000,13,18000,b349e573c9e989ff,-363.010803223,29838,52509,37.2832,-0.0595,37.3426,146.0253,0.25573,0.9342,1.0803,1.1565
osw-cql-seed1-B,cql,18000,14,18000,b349e573c9e989ff,-363.010803223,36307,14110,40.7324,-4.8035,45.5358,146.0253,0.31184,0.9805,1.2547,1.2797
osw-cql-seed1-B,cql,19000,0,19000,2cca006bbdb13b6d,-371.973937988,237311,68413,80.881,9.4281,71.4529,146.7647,0.48685,0.8697,1.2574,1.4459
osw-cql-seed1-B,cql,19000,2,19000,2cca006bbdb13b6d,-371.973937988,168808,33814,48.3424,1.128,47.2144,146.7647,0.3217,0.9065,1.0773,1.1884
osw-cql-seed1-B,cql,19000,4,19000,2cca006bbdb13b6d,-371.973937988,35214,133999,41.1307,2.1636,38.967,146.7647,0.26551,0.9402,1.0246,1.0897
osw-cql-seed1-B,cql,19000,5,19000,2cca006bbdb13b6d,-371.973937988,40938,30344,38.7119,-3.6644,42.3763,146.7647,0.28874,0.9739,1.1445,1.1752
osw-cql-seed1-B,cql,19000,6,19000,2cca006bbdb13b6d,-371.973937988,51996,11915,31.8356,-6.6915,38.5272,146.7647,0.26251,0.9702,1.2001,1.2369
osw-cql-seed1-B,cql,19000,7,19000,2cca006bbdb13b6d,-371.973937988,64933,19513,27.5767,-1.971,29.5477,146.7647,0.20133,0.9271,1.1283,1.217
osw-cql-seed1-B,cql,19000,11,19000,2cca006bbdb13b6d,-371.973937988,76763,39227,24.1192,-3.3432,27.4624,146.7647,0.18712,0.9761,1.0794,1.1058
osw-cql-seed1-B,cql,19000,12,19000,2cca006bbdb13b6d,-371.973937988,33583,82841,26.6044,4.6545,21.9499,146.7647,0.14956,0.9597,1.0586,1.103
osw-cql-seed1-B,cql,19000,13,19000,2cca006bbdb13b6d,-371.973937988,29838,52509,33.7862,0.023,33.7632,146.7647,0.23005,0.9461,1.0899,1.152
osw-cql-seed1-B,cql,19000,14,19000,2cca006bbdb13b6d,-371.973937988,36307,14110,41.4259,-3.1084,44.5343,146.7647,0.30344,0.9932,1.2644,1.273
osw-cql-seed1-B,cql,20000,0,20000,d259b8c6cd714743,-382.299804688,237311,68413,77.8711,9.128,68.7432,138.5918,0.49601,0.86,1.2582,1.4631
osw-cql-seed1-B,cql,20000,2,20000,d259b8c6cd714743,-382.299804688,168808,33814,49.7083,3.2661,46.4421,138.5918,0.3351,0.902,1.0744,1.1911
osw-cql-seed1-B,cql,20000,4,20000,d259b8c6cd714743,-382.299804688,35214,133999,46.9659,2.7835,44.1824,138.5918,0.3188,0.9106,1.0109,1.1101
osw-cql-seed1-B,cql,20000,5,20000,d259b8c6cd714743,-382.299804688,40938,30344,40.7454,-3.8945,44.64,138.5918,0.3221,0.9515,1.1299,1.1875
osw-cql-seed1-B,cql,20000,6,20000,d259b8c6cd714743,-382.299804688,51996,11915,29.1706,-10.2713,39.4419,138.5918,0.28459,0.965,1.1895,1.2326
osw-cql-seed1-B,cql,20000,7,20000,d259b8c6cd714743,-382.299804688,64933,19513,27.2269,-1.8882,29.1151,138.5918,0.21008,0.9259,1.128,1.2182
osw-cql-seed1-B,cql,20000,11,20000,d259b8c6cd714743,-382.299804688,76763,39227,25.0905,-2.4443,27.5347,138.5918,0.19867,0.9721,1.0781,1.109
osw-cql-seed1-B,cql,20000,12,20000,d259b8c6cd714743,-382.299804688,33583,82841,29.922,5.7173,24.2047,138.5918,0.17465,0.9529,1.0504,1.1023
osw-cql-seed1-B,cql,20000,13,20000,d259b8c6cd714743,-382.299804688,29838,52509,37.9747,-0.0057,37.9804,138.5918,0.27405,0.9287,1.0742,1.1567
osw-cql-seed1-B,cql,20000,14,20000,d259b8c6cd714743,-382.299804688,36307,14110,40.1393,-5.0715,45.2108,138.5918,0.32622,0.9711,1.2402,1.2771
osw-cql-seed1-B,cql,21000,0,21000,fba4cc97ccf89325,-390.516235352,237311,68413,78.9458,10.0373,68.9085,142.8338,0.48244,0.8578,1.2531,1.4608
osw-cql-seed1-B,cql,21000,2,21000,fba4cc97ccf89325,-390.516235352,168808,33814,47.9103,0.5766,47.3336,142.8338,0.33139,0.9017,1.0769,1.1943
osw-cql-seed1-B,cql,21000,4,21000,fba4cc97ccf89325,-390.516235352,35214,133999,41.657,2.9208,38.7362,142.8338,0.2712,0.9185,1.0153,1.1054
osw-cql-seed1-B,cql,21000,5,21000,fba4cc97ccf89325,-390.516235352,40938,30344,38.1651,-4.955,43.1201,142.8338,0.30189,0.965,1.1399,1.1812
osw-cql-seed1-B,cql,21000,6,21000,fba4cc97ccf89325,-390.516235352,51996,11915,30.4813,-8.6966,39.1778,142.8338,0.27429,0.9646,1.1931,1.237
osw-cql-seed1-B,cql,21000,7,21000,fba4cc97ccf89325,-390.516235352,64933,19513,25.7423,-2.1307,27.873,142.8338,0.19514,0.9276,1.1241,1.2119
osw-cql-seed1-B,cql,21000,11,21000,fba4cc97ccf89325,-390.516235352,76763,39227,25.1701,-3.0832,28.2533,142.8338,0.19781,0.9737,1.0763,1.1055
osw-cql-seed1-B,cql,21000,12,21000,fba4cc97ccf89325,-390.516235352,33583,82841,27.3972,5.6449,21.7522,142.8338,0.15229,0.9586,1.0549,1.1005
osw-cql-seed1-B,cql,21000,13,21000,fba4cc97ccf89325,-390.516235352,29838,52509,33.6169,-0.4221,34.039,142.8338,0.23831,0.9377,1.083,1.155
osw-cql-seed1-B,cql,21000,14,21000,fba4cc97ccf89325,-390.516235352,36307,14110,39.8691,-5.2576,45.1267,142.8338,0.31594,0.9883,1.2621,1.277
osw-cql-seed1-B,cql,22000,0,22000,0a0da377e197c9f8,-397.68057251,237311,68413,77.3158,6.8612,70.4545,139.7794,0.50404,0.8573,1.2469,1.4544
osw-cql-seed1-B,cql,22000,2,22000,0a0da377e197c9f8,-397.68057251,168808,33814,48.0722,0.8187,47.2535,139.7794,0.33806,0.9028,1.0726,1.188
osw-cql-seed1-B,cql,22000,4,22000,0a0da377e197c9f8,-397.68057251,35214,133999,45.1558,2.6085,42.5473,139.7794,0.30439,0.9249,1.0121,1.0943
osw-cql-seed1-B,cql,22000,5,22000,0a0da377e197c9f8,-397.68057251,40938,30344,42.0728,-4.0363,46.1091,139.7794,0.32987,0.9703,1.1353,1.1701
osw-cql-seed1-B,cql,22000,6,22000,0a0da377e197c9f8,-397.68057251,51996,11915,31.7508,-8.0656,39.8164,139.7794,0.28485,0.9702,1.2032,1.2402
osw-cql-seed1-B,cql,22000,7,22000,0a0da377e197c9f8,-397.68057251,64933,19513,28.2891,-1.4118,29.7009,139.7794,0.21248,0.93,1.132,1.2172
osw-cql-seed1-B,cql,22000,11,22000,0a0da377e197c9f8,-397.68057251,76763,39227,24.4523,-3.7083,28.1605,139.7794,0.20146,0.9753,1.0787,1.106
osw-cql-seed1-B,cql,22000,12,22000,0a0da377e197c9f8,-397.68057251,33583,82841,27.5218,4.8452,22.6766,139.7794,0.16223,0.9605,1.0575,1.101
osw-cql-seed1-B,cql,22000,13,22000,0a0da377e197c9f8,-397.68057251,29838,52509,37.1004,-0.547,37.6474,139.7794,0.26933,0.9409,1.0811,1.149
osw-cql-seed1-B,cql,22000,14,22000,0a0da377e197c9f8,-397.68057251,36307,14110,43.5126,-3.8726,47.3851,139.7794,0.339,0.9823,1.2567,1.2793
osw-cql-seed1-B,cql,23000,0,23000,69361b99812dc812,-403.288482666,237311,68413,75.9213,6.3198,69.6016,138.9209,0.50102,0.8596,1.2451,1.4484
osw-cql-seed1-B,cql,23000,2,23000,69361b99812dc812,-403.288482666,168808,33814,46.6447,-0.8972,47.5419,138.9209,0.34222,0.907,1.0689,1.1785
osw-cql-seed1-B,cql,23000,4,23000,69361b99812dc812,-403.288482666,35214,133999,39.178,1.8403,37.3376,138.9209,0.26877,0.9196,1.0151,1.1038
osw-cql-seed1-B,cql,23000,5,23000,69361b99812dc812,-403.288482666,40938,30344,38.8839,-4.0112,42.8951,138.9209,0.30877,0.9702,1.1354,1.1703
osw-cql-seed1-B,cql,23000,6,23000,69361b99812dc812,-403.288482666,51996,11915,29.9859,-9.6225,39.6084,138.9209,0.28512,0.9721,1.1902,1.2244
osw-cql-seed1-B,cql,23000,7,23000,69361b99812dc812,-403.288482666,64933,19513,27.8668,-2.2849,30.1517,138.9209,0.21704,0.9261,1.1261,1.216
osw-cql-seed1-B,cql,23000,11,23000,69361b99812dc812,-403.288482666,76763,39227,24.7667,-3.7086,28.4752,138.9209,0.20497,0.9725,1.0773,1.1078
osw-cql-seed1-B,cql,23000,12,23000,69361b99812dc812,-403.288482666,33583,82841,28.1575,5.3803,22.7772,138.9209,0.16396,0.9538,1.0496,1.1004
osw-cql-seed1-B,cql,23000,13,23000,69361b99812dc812,-403.288482666,29838,52509,36.3725,0.0017,36.3708,138.9209,0.26181,0.9442,1.0835,1.1475
osw-cql-seed1-B,cql,23000,14,23000,69361b99812dc812,-403.288482666,36307,14110,41.7229,-4.5571,46.28,138.9209,0.33314,0.9926,1.2546,1.264
osw-cql-seed1-B,cql,24000,0,24000,4945826929e2b07c,-415.423492432,237311,68413,75.1632,4.4616,70.7016,139.8191,0.50566,0.8576,1.2444,1.451
osw-cql-seed1-B,cql,24000,2,24000,4945826929e2b07c,-415.423492432,168808,33814,45.9123,0.8712,45.041,139.8191,0.32214,0.9045,1.0716,1.1847
osw-cql-seed1-B,cql,24000,4,24000,4945826929e2b07c,-415.423492432,35214,133999,43.5863,1.9396,41.6467,139.8191,0.29786,0.9235,1.0092,1.0927
osw-cql-seed1-B,cql,24000,5,24000,4945826929e2b07c,-415.423492432,40938,30344,40.0515,-4.2975,44.3489,139.8191,0.31719,0.9676,1.1314,1.1693
osw-cql-seed1-B,cql,24000,6,24000,4945826929e2b07c,-415.423492432,51996,11915,28.1743,-9.8466,38.0209,139.8191,0.27193,0.967,1.1904,1.2311
osw-cql-seed1-B,cql,24000,7,24000,4945826929e2b07c,-415.423492432,64933,19513,25.3276,-2.9077,28.2353,139.8191,0.20194,0.9258,1.1225,1.2126
osw-cql-seed1-B,cql,24000,11,24000,4945826929e2b07c,-415.423492432,76763,39227,22.5096,-4.3115,26.8211,139.8191,0.19183,0.9733,1.0749,1.1043
osw-cql-seed1-B,cql,24000,12,24000,4945826929e2b07c,-415.423492432,33583,82841,25.599,3.5552,22.0437,139.8191,0.15766,0.9527,1.0453,1.0972
osw-cql-seed1-B,cql,24000,13,24000,4945826929e2b07c,-415.423492432,29838,52509,34.081,-1.0576,35.1386,139.8191,0.25131,0.932,1.0715,1.1497
osw-cql-seed1-B,cql,24000,14,24000,4945826929e2b07c,-415.423492432,36307,14110,39.7959,-5.9128,45.7087,139.8191,0.32691,0.9767,1.2478,1.2776
osw-cql-seed1-B,cql,25000,0,25000,a802eaeae90d989b,-422.402008057,237311,68413,74.8605,4.4988,70.3616,135.5365,0.51913,0.8551,1.2372,1.4469
osw-cql-seed1-B,cql,25000,2,25000,a802eaeae90d989b,-422.402008057,168808,33814,46.3926,-0.0552,46.4478,135.5365,0.3427,0.9025,1.0663,1.1815
osw-cql-seed1-B,cql,25000,4,25000,a802eaeae90d989b,-422.402008057,35214,133999,43.5404,2.1486,41.3917,135.5365,0.30539,0.9139,1.0081,1.103
osw-cql-seed1-B,cql,25000,5,25000,a802eaeae90d989b,-422.402008057,40938,30344,36.5052,-4.4941,40.9994,135.5365,0.3025,0.9554,1.1267,1.1793
osw-cql-seed1-B,cql,25000,6,25000,a802eaeae90d989b,-422.402008057,51996,11915,28.3107,-9.7585,38.0692,135.5365,0.28088,0.9614,1.1747,1.2219
osw-cql-seed1-B,cql,25000,7,25000,a802eaeae90d989b,-422.402008057,64933,19513,25.3299,-2.1213,27.4512,135.5365,0.20254,0.9249,1.1249,1.2163
osw-cql-seed1-B,cql,25000,11,25000,a802eaeae90d989b,-422.402008057,76763,39227,22.6723,-4.3077,26.98,135.5365,0.19906,0.9753,1.0717,1.0988
osw-cql-seed1-B,cql,25000,12,25000,a802eaeae90d989b,-422.402008057,33583,82841,26.6684,4.3787,22.2897,135.5365,0.16446,0.9542,1.0511,1.1016
osw-cql-seed1-B,cql,25000,13,25000,a802eaeae90d989b,-422.402008057,29838,52509,34.4605,-0.6571,35.1176,135.5365,0.2591,0.9306,1.0743,1.1544
osw-cql-seed1-B,cql,25000,14,25000,a802eaeae90d989b,-422.402008057,36307,14110,41.6145,-4.4335,46.048,135.5365,0.33975,0.9718,1.2347,1.2706
osw-cql-seed1-B,cql,26000,0,26000,c91a3842d0d3d2cf,-437.987640381,237311,68413,73.6485,5.5679,68.0806,132.4726,0.51392,0.8557,1.2385,1.4474
osw-cql-seed1-B,cql,26000,2,26000,c91a3842d0d3d2cf,-437.987640381,168808,33814,46.7316,-0.0988,46.8304,132.4726,0.35351,0.9017,1.0671,1.1834
osw-cql-seed1-B,cql,26000,4,26000,c91a3842d0d3d2cf,-437.987640381,35214,133999,44.4132,2.5505,41.8627,132.4726,0.31601,0.9141,1.006,1.1005
osw-cql-seed1-B,cql,26000,5,26000,c91a3842d0d3d2cf,-437.987640381,40938,30344,38.9462,-4.3195,43.2657,132.4726,0.3266,0.9467,1.125,1.1883
osw-cql-seed1-B,cql,26000,6,26000,c91a3842d0d3d2cf,-437.987640381,51996,11915,27.9707,-10.5225,38.4932,132.4726,0.29057,0.9595,1.1806,1.2304
osw-cql-seed1-B,cql,26000,7,26000,c91a3842d0d3d2cf,-437.987640381,64933,19513,25.3428,-2.435,27.7778,132.4726,0.20969,0.9222,1.1183,1.2126
osw-cql-seed1-B,cql,26000,11,26000,c91a3842d0d3d2cf,-437.987640381,76763,39227,22.1177,-4.0332,26.1509,132.4726,0.19741,0.9701,1.0707,1.1037
osw-cql-seed1-B,cql,26000,12,26000,c91a3842d0d3d2cf,-437.987640381,33583,82841,27.4934,4.1586,23.3348,132.4726,0.17615,0.9569,1.0478,1.095
osw-cql-seed1-B,cql,26000,13,26000,c91a3842d0d3d2cf,-437.987640381,29838,52509,35.0868,-0.4444,35.5311,132.4726,0.26822,0.9271,1.0731,1.1575
osw-cql-seed1-B,cql,26000,14,26000,c91a3842d0d3d2cf,-437.987640381,36307,14110,40.9046,-5.107,46.0116,132.4726,0.34733,0.9666,1.2357,1.2785
osw-cql-seed1-B,cql,27000,0,27000,89d20e6d61bac137,-443.673553467,237311,68413,71.7518,3.7345,68.0173,132.7243,0.51247,0.8555,1.2337,1.4421
osw-cql-seed1-B,cql,27000,2,27000,89d20e6d61bac137,-443.673553467,168808,33814,44.817,-1.0724,45.8893,132.7243,0.34575,0.9024,1.0646,1.1798
osw-cql-seed1-B,cql,27000,4,27000,89d20e6d61bac137,-443.673553467,35214,133999,41.2267,2.116,39.1107,132.7243,0.29468,0.9081,1.0037,1.1053
osw-cql-seed1-B,cql,27000,5,27000,89d20e6d61bac137,-443.673553467,40938,30344,38.174,-3.8256,41.9996,132.7243,0.31644,0.9522,1.1259,1.1824
osw-cql-seed1-B,cql,27000,6,27000,89d20e6d61bac137,-443.673553467,51996,11915,29.391,-9.7235,39.1145,132.7243,0.2947,0.9621,1.1799,1.2264
osw-cql-seed1-B,cql,27000,7,27000,89d20e6d61bac137,-443.673553467,64933,19513,25.9936,-3.0157,29.0094,132.7243,0.21857,0.9245,1.1203,1.2117
osw-cql-seed1-B,cql,27000,11,27000,89d20e6d61bac137,-443.673553467,76763,39227,21.88,-4.7452,26.6252,132.7243,0.20061,0.975,1.0738,1.1013
osw-cql-seed1-B,cql,27000,12,27000,89d20e6d61bac137,-443.673553467,33583,82841,25.5027,2.9414,22.5613,132.7243,0.16999,0.9621,1.0525,1.094
osw-cql-seed1-B,cql,27000,13,27000,89d20e6d61bac137,-443.673553467,29838,52509,32.3509,-0.6121,32.9631,132.7243,0.24836,0.9301,1.072,1.1526
osw-cql-seed1-B,cql,27000,14,27000,89d20e6d61bac137,-443.673553467,36307,14110,37.7375,-5.3256,43.0631,132.7243,0.32445,0.975,1.2422,1.274
osw-cql-seed1-B,cql,28000,0,28000,f2a6becd85b5b16c,-452.244934082,237311,68413,74.189,5.1463,69.0427,134.9737,0.51153,0.8578,1.2402,1.4457
osw-cql-seed1-B,cql,28000,2,28000,f2a6becd85b5b16c,-452.244934082,168808,33814,44.0615,-0.6916,44.7531,134.9737,0.33157,0.9053,1.0661,1.1776
osw-cql-seed1-B,cql,28000,4,28000,f2a6becd85b5b16c,-452.244934082,35214,133999,37.439,1.2095,36.2295,134.9737,0.26842,0.9127,1.0022,1.0981
osw-cql-seed1-B,cql,28000,5,28000,f2a6becd85b5b16c,-452.244934082,40938,30344,34.9908,-4.7594,39.7502,134.9737,0.2945,0.9507,1.1244,1.1828
osw-cql-seed1-B,cql,28000,6,28000,f2a6becd85b5b16c,-452.244934082,51996,11915,28.479,-9.2317,37.7107,134.9737,0.27939,0.9573,1.1709,1.2231
osw-cql-seed1-B,cql,28000,7,28000,f2a6becd85b5b16c,-452.244934082,64933,19513,24.2406,-3.6737,27.9143,134.9737,0.20681,0.9208,1.1155,1.2114
osw-cql-seed1-B,cql,28000,11,28000,f2a6becd85b5b16c,-452.244934082,76763,39227,20.7336,-5.0767,25.8103,134.9737,0.19122,0.9687,1.0672,1.1016
osw-cql-seed1-B,cql,28000,12,28000,f2a6becd85b5b16c,-452.244934082,33583,82841,24.36,2.7745,21.5855,134.9737,0.15992,0.9561,1.0485,1.0966
osw-cql-seed1-B,cql,28000,13,28000,f2a6becd85b5b16c,-452.244934082,29838,52509,34.4813,-0.5449,35.0261,134.9737,0.2595,0.9271,1.0728,1.1572
osw-cql-seed1-B,cql,28000,14,28000,f2a6becd85b5b16c,-452.244934082,36307,14110,40.0385,-5.6733,45.7118,134.9737,0.33867,0.9711,1.2383,1.2751
osw-cql-seed1-B,cql,29000,0,29000,f2bceb8a9d87f379,-458.409881592,237311,68413,72.9139,3.0158,69.898,134.6524,0.5191,0.8563,1.2365,1.444
osw-cql-seed1-B,cql,29000,2,29000,f2bceb8a9d87f379,-458.409881592,168808,33814,43.294,-0.8274,44.1214,134.6524,0.32767,0.9028,1.0635,1.178
osw-cql-seed1-B,cql,29000,4,29000,f2bceb8a9d87f379,-458.409881592,35214,133999,37.876,1.085,36.7911,134.6524,0.27323,0.918,1.0037,1.0934
osw-cql-seed1-B,cql,29000,5,29000,f2bceb8a9d87f379,-458.409881592,40938,30344,35.2407,-5.5543,40.795,134.6524,0.30297,0.9521,1.1265,1.1833
osw-cql-seed1-B,cql,29000,6,29000,f2bceb8a9d87f379,-458.409881592,51996,11915,28.1537,-11.3944,39.5481,134.6524,0.29371,0.964,1.1811,1.2253
osw-cql-seed1-B,cql,29000,7,29000,f2bceb8a9d87f379,-458.409881592,64933,19513,25.0491,-2.8772,27.9263,134.6524,0.2074,0.9237,1.1174,1.2097
osw-cql-seed1-B,cql,29000,11,29000,f2bceb8a9d87f379,-458.409881592,76763,39227,23.0371,-4.2443,27.2813,134.6524,0.20261,0.9752,1.0717,1.099
osw-cql-seed1-B,cql,29000,12,29000,f2bceb8a9d87f379,-458.409881592,33583,82841,26.2723,3.8622,22.4101,134.6524,0.16643,0.959,1.0483,1.0931
osw-cql-seed1-B,cql,29000,13,29000,f2bceb8a9d87f379,-458.409881592,29838,52509,32.2206,-1.5742,33.7948,134.6524,0.25098,0.936,1.0755,1.149
osw-cql-seed1-B,cql,29000,14,29000,f2bceb8a9d87f379,-458.409881592,36307,14110,37.9363,-7.2999,45.2362,134.6524,0.33595,0.9725,1.2423,1.2775
osw-cql-seed1-B,cql,30000,0,30000,1ff06204675598a8,-469.360626221,237311,68413,72.7114,2.1903,70.5212,137.1686,0.51412,0.8555,1.2307,1.4386
osw-cql-seed1-B,cql,30000,2,30000,1ff06204675598a8,-469.360626221,168808,33814,45.5092,-1.1901,46.6994,137.1686,0.34045,0.9021,1.0611,1.1762
osw-cql-seed1-B,cql,30000,4,30000,1ff06204675598a8,-469.360626221,35214,133999,39.8885,0.9403,38.9482,137.1686,0.28394,0.9163,1.0049,1.0967
osw-cql-seed1-B,cql,30000,5,30000,1ff06204675598a8,-469.360626221,40938,30344,36.2421,-4.7632,41.0054,137.1686,0.29894,0.9505,1.1259,1.1846
osw-cql-seed1-B,cql,30000,6,30000,1ff06204675598a8,-469.360626221,51996,11915,27.2259,-10.8536,38.0795,137.1686,0.27761,0.9603,1.1805,1.2293
osw-cql-seed1-B,cql,30000,7,30000,1ff06204675598a8,-469.360626221,64933,19513,23.9409,-4.5352,28.4761,137.1686,0.2076,0.9247,1.1208,1.2121
osw-cql-seed1-B,cql,30000,11,30000,1ff06204675598a8,-469.360626221,76763,39227,21.1596,-5.2515,26.4112,137.1686,0.19255,0.9711,1.0695,1.1012
osw-cql-seed1-B,cql,30000,12,30000,1ff06204675598a8,-469.360626221,33583,82841,24.4894,3.1387,21.3507,137.1686,0.15565,0.9547,1.045,1.0946
osw-cql-seed1-B,cql,30000,13,30000,1ff06204675598a8,-469.360626221,29838,52509,34.1643,-0.6573,34.8216,137.1686,0.25386,0.9247,1.0722,1.1596
osw-cql-seed1-B,cql,30000,14,30000,1ff06204675598a8,-469.360626221,36307,14110,39.5265,-6.0288,45.5553,137.1686,0.33211,0.9695,1.2435,1.2826
osw-cql-seed1-B,cql,31000,0,31000,cfb9c33914b048ca,-473.263580322,237311,68413,70.7087,1.9426,68.7661,132.5883,0.51864,0.8552,1.2294,1.4375
osw-cql-seed1-B,cql,31000,2,31000,cfb9c33914b048ca,-473.263580322,168808,33814,44.786,-1.2181,46.0041,132.5883,0.34697,0.9033,1.0627,1.1764
osw-cql-seed1-B,cql,31000,4,31000,cfb9c33914b048ca,-473.263580322,35214,133999,37.3476,0.8522,36.4954,132.5883,0.27525,0.9089,1.0017,1.1021
osw-cql-seed1-B,cql,31000,5,31000,cfb9c33914b048ca,-473.263580322,40938,30344,33.5827,-4.663,38.2457,132.5883,0.28845,0.941,1.1172,1.1873
osw-cql-seed1-B,cql,31000,6,31000,cfb9c33914b048ca,-473.263580322,51996,11915,26.2497,-12.1688,38.4185,132.5883,0.28976,0.9562,1.1699,1.2235
osw-cql-seed1-B,cql,31000,7,31000,cfb9c33914b048ca,-473.263580322,64933,19513,22.3535,-5.843,28.1965,132.5883,0.21266,0.9226,1.1153,1.2089
osw-cql-seed1-B,cql,31000,11,31000,cfb9c33914b048ca,-473.263580322,76763,39227,20.6406,-5.2998,25.9404,132.5883,0.19565,0.9728,1.0733,1.1032
osw-cql-seed1-B,cql,31000,12,31000,cfb9c33914b048ca,-473.263580322,33583,82841,24.2747,3.0575,21.2171,132.5883,0.16002,0.9547,1.047,1.0967
osw-cql-seed1-B,cql,31000,13,31000,cfb9c33914b048ca,-473.263580322,29838,52509,30.9596,-0.9325,31.892,132.5883,0.24053,0.9236,1.0686,1.157
osw-cql-seed1-B,cql,31000,14,31000,cfb9c33914b048ca,-473.263580322,36307,14110,38.1167,-6.7284,44.8451,132.5883,0.33823,0.9611,1.224,1.2736
osw-cql-seed1-B,cql,32000,0,32000,b6a20406ad36d7ba,-477.162902832,237311,68413,71.6503,3.3021,68.3481,131.7996,0.51858,0.8589,1.2336,1.4363
osw-cql-seed1-B,cql,32000,2,32000,b6a20406ad36d7ba,-477.162902832,168808,33814,45.2004,-1.1326,46.3329,131.7996,0.35154,0.9068,1.0671,1.1768
osw-cql-seed1-B,cql,32000,4,32000,b6a20406ad36d7ba,-477.162902832,35214,133999,40.0785,1.3719,38.7066,131.7996,0.29368,0.9211,1.0086,1.095
osw-cql-seed1-B,cql,32000,5,32000,b6a20406ad36d7ba,-477.162902832,40938,30344,34.3704,-5.3316,39.702,131.7996,0.30123,0.959,1.1313,1.1797
osw-cql-seed1-B,cql,32000,6,32000,b6a20406ad36d7ba,-477.162902832,51996,11915,27.0393,-10.5968,37.6361,131.7996,0.28556,0.9638,1.1849,1.2293
osw-cql-seed1-B,cql,32000,7,32000,b6a20406ad36d7ba,-477.162902832,64933,19513,25.4933,-4.1986,29.6919,131.7996,0.22528,0.9234,1.1165,1.2091
osw-cql-seed1-B,cql,32000,11,32000,b6a20406ad36d7ba,-477.162902832,76763,39227,21.4188,-5.3127,26.7315,131.7996,0.20282,0.9707,1.0703,1.1026
osw-cql-seed1-B,cql,32000,12,32000,b6a20406ad36d7ba,-477.162902832,33583,82841,26.7162,4.1556,22.5606,131.7996,0.17117,0.9571,1.0508,1.0979
osw-cql-seed1-B,cql,32000,13,32000,b6a20406ad36d7ba,-477.162902832,29838,52509,30.8465,-1.9322,32.7787,131.7996,0.2487,0.9369,1.0785,1.1512
osw-cql-seed1-B,cql,32000,14,32000,b6a20406ad36d7ba,-477.162902832,36307,14110,37.7094,-6.8716,44.581,131.7996,0.33825,0.9809,1.2528,1.2771
osw-cql-seed1-B,cql,33000,0,33000,1f0b286184568d0b,-488.119750977,237311,68413,70.4016,2.8889,67.5127,131.2697,0.51431,0.8531,1.2259,1.4369
osw-cql-seed1-B,cql,33000,2,33000,1f0b286184568d0b,-488.119750977,168808,33814,42.1545,-1.8066,43.9611,131.2697,0.33489,0.9007,1.0561,1.1726
osw-cql-seed1-B,cql,33000,4,33000,1f0b286184568d0b,-488.119750977,35214,133999,36.1752,1.2787,34.8965,131.2697,0.26584,0.9219,1.0102,1.0958
osw-cql-seed1-B,cql,33000,5,33000,1f0b286184568d0b,-488.119750977,40938,30344,32.477,-4.6766,37.1536,131.2697,0.28303,0.954,1.1317,1.1864
osw-cql-seed1-B,cql,33000,6,33000,1f0b286184568d0b,-488.119750977,51996,11915,25.6538,-12.1349,37.7887,131.2697,0.28787,0.9613,1.1688,1.2159
osw-cql-seed1-B,cql,33000,7,33000,1f0b286184568d0b,-488.119750977,64933,19513,22.6348,-5.8297,28.4645,131.2697,0.21684,0.9235,1.1143,1.2067
osw-cql-seed1-B,cql,33000,11,33000,1f0b286184568d0b,-488.119750977,76763,39227,18.7367,-6.1684,24.9051,131.2697,0.18972,0.968,1.0649,1.1001
osw-cql-seed1-B,cql,33000,12,33000,1f0b286184568d0b,-488.119750977,33583,82841,23.4723,2.2991,21.1731,131.2697,0.16129,0.9544,1.0448,1.0947
osw-cql-seed1-B,cql,33000,13,33000,1f0b286184568d0b,-488.119750977,29838,52509,31.8949,-0.5039,32.3988,131.2697,0.24681,0.9411,1.0793,1.1468
osw-cql-seed1-B,cql,33000,14,33000,1f0b286184568d0b,-488.119750977,36307,14110,37.6582,-7.7387,45.397,131.2697,0.34583,0.9828,1.2414,1.2631
osw-cql-seed1-B,cql,34000,0,34000,9e18f51175c29896,-493.882873535,237311,68413,69.7822,0.2247,69.5575,131.0135,0.53092,0.8564,1.2283,1.4343
osw-cql-seed1-B,cql,34000,2,34000,9e18f51175c29896,-493.882873535,168808,33814,41.7306,-3.4771,45.2077,131.0135,0.34506,0.9024,1.0547,1.1687
osw-cql-seed1-B,cql,34000,4,34000,9e18f51175c29896,-493.882873535,35214,133999,34.9362,0.6184,34.3178,131.0135,0.26194,0.9046,0.9999,1.1054
osw-cql-seed1-B,cql,34000,5,34000,9e18f51175c29896,-493.882873535,40938,30344,32.8517,-5.3984,38.2502,131.0135,0.29196,0.9462,1.1194,1.1831
osw-cql-seed1-B,cql,34000,6,34000,9e18f51175c29896,-493.882873535,51996,11915,27.0101,-12.6048,39.6148,131.0135,0.30237,0.9541,1.1709,1.2273
osw-cql-seed1-B,cql,34000,7,34000,9e18f51175c29896,-493.882873535,64933,19513,23.3193,-4.5458,27.8651,131.0135,0.21269,0.9178,1.1114,1.2109
osw-cql-seed1-B,cql,34000,11,34000,9e18f51175c29896,-493.882873535,76763,39227,18.6879,-6.4291,25.1169,131.0135,0.19171,0.9718,1.0703,1.1013
osw-cql-seed1-B,cql,34000,12,34000,9e18f51175c29896,-493.882873535,33583,82841,22.3257,1.6096,20.7161,131.0135,0.15812,0.953,1.04,1.0912
osw-cql-seed1-B,cql,34000,13,34000,9e18f51175c29896,-493.882873535,29838,52509,30.2693,-1.6078,31.8771,131.0135,0.24331,0.9225,1.0672,1.1568
osw-cql-seed1-B,cql,34000,14,34000,9e18f51175c29896,-493.882873535,36307,14110,35.7578,-8.1089,43.8667,131.0135,0.33483,0.9651,1.2362,1.2809
osw-cql-seed1-B,cql,35000,0,35000,83cb92e30a5263eb,-498.572631836,237311,68413,68.8362,-0.3198,69.156,128.7659,0.53707,0.8534,1.2191,1.4286
osw-cql-seed1-B,cql,35000,2,35000,83cb92e30a5263eb,-498.572631836,168808,33814,41.0265,-2.607,43.6336,128.7659,0.33886,0.9042,1.0602,1.1725
osw-cql-seed1-B,cql,35000,4,35000,83cb92e30a5263eb,-498.572631836,35214,133999,35.3769,0.3982,34.9787,128.7659,0.27165,0.914,0.9999,1.094
osw-cql-seed1-B,cql,35000,5,35000,83cb92e30a5263eb,-498.572631836,40938,30344,30.7555,-5.7357,36.4912,128.7659,0.28339,0.9436,1.1215,1.1885
osw-cql-seed1-B,cql,35000,6,35000,83cb92e30a5263eb,-498.572631836,51996,11915,24.6497,-11.4861,36.1358,128.7659,0.28063,0.9582,1.1702,1.2212
osw-cql-seed1-B,cql,35000,7,35000,83cb92e30a5263eb,-498.572631836,64933,19513,21.8053,-5.7592,27.5645,128.7659,0.21407,0.9202,1.1084,1.2045
osw-cql-seed1-B,cql,35000,11,35000,83cb92e30a5263eb,-498.572631836,76763,39227,20.6795,-5.1851,25.8645,128.7659,0.20086,0.9677,1.062,1.0974
osw-cql-seed1-B,cql,35000,12,35000,83cb92e30a5263eb,-498.572631836,33583,82841,23.3294,2.4798,20.8497,128.7659,0.16192,0.9501,1.0424,1.0971
osw-cql-seed1-B,cql,35000,13,35000,83cb92e30a5263eb,-498.572631836,29838,52509,27.8481,-2.1839,30.032,128.7659,0.23323,0.9214,1.0657,1.1566
osw-cql-seed1-B,cql,35000,14,35000,83cb92e30a5263eb,-498.572631836,36307,14110,36.7479,-7.6344,44.3823,128.7659,0.34467,0.9679,1.2351,1.276
osw-cql-seed1-B,cql,36000,0,36000,3e9f6cdd524a21a9,-504.913787842,237311,68413,68.9066,0.0391,68.8675,127.5082,0.5401,0.8573,1.2251,1.4291
osw-cql-seed1-B,cql,36000,2,36000,3e9f6cdd524a21a9,-504.913787842,168808,33814,43.3806,-1.7481,45.1287,127.5082,0.35393,0.903,1.055,1.1683
osw-cql-seed1-B,cql,36000,4,36000,3e9f6cdd524a21a9,-504.913787842,35214,133999,32.3206,0.6531,31.6675,127.5082,0.24836,0.91,0.9996,1.0984
osw-cql-seed1-B,cql,36000,5,36000,3e9f6cdd524a21a9,-504.913787842,40938,30344,30.7667,-5.5563,36.3229,127.5082,0.28487,0.9482,1.1204,1.1815
osw-cql-seed1-B,cql,36000,6,36000,3e9f6cdd524a21a9,-504.913787842,51996,11915,24.3992,-12.0074,36.4066,127.5082,0.28552,0.957,1.1663,1.2186
osw-cql-seed1-B,cql,36000,7,36000,3e9f6cdd524a21a9,-504.913787842,64933,19513,22.148,-5.4762,27.6242,127.5082,0.21665,0.923,1.1113,1.204
osw-cql-seed1-B,cql,36000,11,36000,3e9f6cdd524a21a9,-504.913787842,76763,39227,18.2754,-6.3126,24.588,127.5082,0.19283,0.969,1.0643,1.0983
osw-cql-seed1-B,cql,36000,12,36000,3e9f6cdd524a21a9,-504.913787842,33583,82841,21.4163,1.5654,19.8509,127.5082,0.15568,0.9519,1.0397,1.0922
osw-cql-seed1-B,cql,36000,13,36000,3e9f6cdd524a21a9,-504.913787842,29838,52509,29.2722,-1.4241,30.6963,127.5082,0.24074,0.9254,1.0671,1.1531
osw-cql-seed1-B,cql,36000,14,36000,3e9f6cdd524a21a9,-504.913787842,36307,14110,36.351,-7.2872,43.6382,127.5082,0.34224,0.9665,1.2271,1.2697
osw-cql-seed1-B,cql,37000,0,37000,3c7b755051fab5ea,-512.085693359,237311,68413,67.9409,-0.1145,68.0555,129.8812,0.52398,0.8545,1.2205,1.4284
osw-cql-seed1-B,cql,37000,2,37000,3c7b755051fab5ea,-512.085693359,168808,33814,39.1578,-2.7672,41.925,129.8812,0.3228,0.9,1.0554,1.1727
osw-cql-seed1-B,cql,37000,4,37000,3c7b755051fab5ea,-512.085693359,35214,133999,33.7385,0.6171,33.1215,129.8812,0.25501,0.9069,0.9986,1.1012
osw-cql-seed1-B,cql,37000,5,37000,3c7b755051fab5ea,-512.085693359,40938,30344,33.0548,-5.0149,38.0697,129.8812,0.29311,0.9407,1.1212,1.1919
osw-cql-seed1-B,cql,37000,6,37000,3c7b755051fab5ea,-512.085693359,51996,11915,26.6401,-10.4789,37.119,129.8812,0.28579,0.9561,1.1709,1.2246
osw-cql-seed1-B,cql,37000,7,37000,3c7b755051fab5ea,-512.085693359,64933,19513,23.3087,-5.0639,28.3726,129.8812,0.21845,0.9238,1.1105,1.202
osw-cql-seed1-B,cql,37000,11,37000,3c7b755051fab5ea,-512.085693359,76763,39227,17.624,-6.9376,24.5616,129.8812,0.18911,0.9663,1.0605,1.0975
osw-cql-seed1-B,cql,37000,12,37000,3c7b755051fab5ea,-512.085693359,33583,82841,21.0775,1.2364,19.8411,129.8812,0.15276,0.9541,1.0432,1.0934
osw-cql-seed1-B,cql,37000,13,37000,3c7b755051fab5ea,-512.085693359,29838,52509,28.124,-2.0442,30.1683,129.8812,0.23228,0.9211,1.0678,1.1593
osw-cql-seed1-B,cql,37000,14,37000,3c7b755051fab5ea,-512.085693359,36307,14110,37.2967,-7.6824,44.9792,129.8812,0.34631,0.9653,1.2321,1.2764
osw-cql-seed1-B,cql,38000,0,38000,c81ce5e6a5490e9d,-518.486328125,237311,68413,68.7266,-0.3723,69.099,129.9851,0.53159,0.8533,1.2154,1.4244
osw-cql-seed1-B,cql,38000,2,38000,c81ce5e6a5490e9d,-518.486328125,168808,33814,41.3638,-3.275,44.6388,129.9851,0.34341,0.9033,1.0561,1.1692
osw-cql-seed1-B,cql,38000,4,38000,c81ce5e6a5490e9d,-518.486328125,35214,133999,34.0617,0.6139,33.4478,129.9851,0.25732,0.9085,0.999,1.0997
osw-cql-seed1-B,cql,38000,5,38000,c81ce5e6a5490e9d,-518.486328125,40938,30344,30.7805,-5.469,36.2495,129.9851,0.27887,0.9418,1.1164,1.1854
osw-cql-seed1-B,cql,38000,6,38000,c81ce5e6a5490e9d,-518.486328125,51996,11915,23.7315,-12.4891,36.2207,129.9851,0.27865,0.9571,1.1698,1.2222
osw-cql-seed1-B,cql,38000,7,38000,c81ce5e6a5490e9d,-518.486328125,64933,19513,21.796,-5.8579,27.6539,129.9851,0.21275,0.9204,1.108,1.2038
osw-cql-seed1-B,cql,38000,11,38000,c81ce5e6a5490e9d,-518.486328125,76763,39227,18.2715,-6.1416,24.4132,129.9851,0.18781,0.966,1.0608,1.0981
osw-cql-seed1-B,cql,38000,12,38000,c81ce5e6a5490e9d,-518.486328125,33583,82841,22.9137,2.5301,20.3836,129.9851,0.15681,0.954,1.0418,1.092
osw-cql-seed1-B,cql,38000,13,38000,c81ce5e6a5490e9d,-518.486328125,29838,52509,29.3598,-1.6496,31.0094,129.9851,0.23856,0.9225,1.0669,1.1566
osw-cql-seed1-B,cql,38000,14,38000,c81ce5e6a5490e9d,-518.486328125,36307,14110,35.5934,-8.387,43.9804,129.9851,0.33835,0.9652,1.2279,1.2722
osw-cql-seed1-B,cql,39000,0,39000,98f61d51e31f5c70,-527.690795898,237311,68413,65.8156,-2.47,68.2856,126.0761,0.54162,0.857,1.2232,1.4273
osw-cql-seed1-B,cql,39000,2,39000,98f61d51e31f5c70,-527.690795898,168808,33814,39.1903,-4.3708,43.5611,126.0761,0.34551,0.9047,1.0537,1.1647
osw-cql-seed1-B,cql,39000,4,39000,98f61d51e31f5c70,-527.690795898,35214,133999,33.8401,0.0988,33.7413,126.0761,0.26763,0.9065,0.9933,1.0958
osw-cql-seed1-B,cql,39000,5,39000,98f61d51e31f5c70,-527.690795898,40938,30344,30.3814,-5.4504,35.8318,126.0761,0.28421,0.9415,1.1149,1.1842
osw-cql-seed1-B,cql,39000,6,39000,98f61d51e31f5c70,-527.690795898,51996,11915,22.713,-11.9997,34.7127,126.0761,0.27533,0.9528,1.1601,1.2176
osw-cql-seed1-B,cql,39000,7,39000,98f61d51e31f5c70,-527.690795898,64933,19513,20.3978,-6.8525,27.2503,126.0761,0.21614,0.92,1.1084,1.2049
osw-cql-seed1-B,cql,39000,11,39000,98f61d51e31f5c70,-527.690795898,76763,39227,16.7117,-7.3499,24.0616,126.0761,0.19085,0.9682,1.0614,1.0963
osw-cql-seed1-B,cql,39000,12,39000,98f61d51e31f5c70,-527.690795898,33583,82841,19.9666,0.8541,19.1126,126.0761,0.1516,0.9515,1.0355,1.0883
osw-cql-seed1-B,cql,39000,13,39000,98f61d51e31f5c70,-527.690795898,29838,52509,28.0851,-1.7754,29.8605,126.0761,0.23684,0.925,1.064,1.1502
osw-cql-seed1-B,cql,39000,14,39000,98f61d51e31f5c70,-527.690795898,36307,14110,34.4973,-8.2998,42.7972,126.0761,0.33946,0.9647,1.2274,1.2723
osw-cql-seed1-B,cql,40000,0,40000,616cc9c0bfc51a4e,-538.835083008,237311,68413,65.2685,-1.6297,66.8983,124.4171,0.53769,0.8563,1.2213,1.4263
osw-cql-seed1-B,cql,40000,2,40000,616cc9c0bfc51a4e,-538.835083008,168808,33814,38.2662,-3.4564,41.7226,124.4171,0.33534,0.9091,1.0595,1.1655
osw-cql-seed1-B,cql,40000,4,40000,616cc9c0bfc51a4e,-538.835083008,35214,133999,33.2744,0.1714,33.103,124.4171,0.26606,0.9104,1.0009,1.0995
osw-cql-seed1-B,cql,40000,5,40000,616cc9c0bfc51a4e,-538.835083008,40938,30344,31.7815,-5.7498,37.5313,124.4171,0.30166,0.942,1.1213,1.1903
osw-cql-seed1-B,cql,40000,6,40000,616cc9c0bfc51a4e,-538.835083008,51996,11915,23.4415,-12.7404,36.1819,124.4171,0.29081,0.958,1.1627,1.2137
osw-cql-seed1-B,cql,40000,7,40000,616cc9c0bfc51a4e,-538.835083008,64933,19513,21.46,-7.3055,28.7656,124.4171,0.2312,0.918,1.1058,1.2046
osw-cql-seed1-B,cql,40000,11,40000,616cc9c0bfc51a4e,-538.835083008,76763,39227,17.329,-6.7559,24.0848,124.4171,0.19358,0.9677,1.061,1.0964
osw-cql-seed1-B,cql,40000,12,40000,616cc9c0bfc51a4e,-538.835083008,33583,82841,21.6996,1.0545,20.6451,124.4171,0.16593,0.9524,1.037,1.0889
osw-cql-seed1-B,cql,40000,13,40000,616cc9c0bfc51a4e,-538.835083008,29838,52509,29.9485,-1.7558,31.7042,124.4171,0.25482,0.9217,1.0688,1.1596
osw-cql-seed1-B,cql,40000,14,40000,616cc9c0bfc51a4e,-538.835083008,36307,14110,36.0126,-7.7808,43.7934,124.4171,0.35199,0.965,1.2289,1.2734
osw-cql-seed1-B,cql,41000,0,41000,177cb0b17ccbc79a,-544.695983887,237311,68413,66.9592,-0.8361,67.7953,128.1991,0.52883,0.8527,1.2147,1.4245
osw-cql-seed1-B,cql,41000,2,41000,177cb0b17ccbc79a,-544.695983887,168808,33814,39.3862,-4.3799,43.7661,128.1991,0.34139,0.9022,1.0528,1.167
osw-cql-seed1-B,cql,41000,4,41000,177cb0b17ccbc79a,-544.695983887,35214,133999,32.6546,-0.0297,32.6843,128.1991,0.25495,0.9108,0.9972,1.0949
osw-cql-seed1-B,cql,41000,5,41000,177cb0b17ccbc79a,-544.695983887,40938,30344,31.6399,-6.0879,37.7278,128.1991,0.29429,0.9462,1.1163,1.1798
osw-cql-seed1-B,cql,41000,6,41000,177cb0b17ccbc79a,-544.695983887,51996,11915,23.2421,-12.4799,35.722,128.1991,0.27865,0.9571,1.1641,1.2164
osw-cql-seed1-B,cql,41000,7,41000,177cb0b17ccbc79a,-544.695983887,64933,19513,20.3952,-7.3568,27.7521,128.1991,0.21648,0.9214,1.1065,1.2009
osw-cql-seed1-B,cql,41000,11,41000,177cb0b17ccbc79a,-544.695983887,76763,39227,14.493,-8.5256,23.0185,128.1991,0.17955,0.9664,1.0596,1.0964
osw-cql-seed1-B,cql,41000,12,41000,177cb0b17ccbc79a,-544.695983887,33583,82841,20.3141,0.1477,20.1664,128.1991,0.15731,0.9552,1.0399,1.0887
osw-cql-seed1-B,cql,41000,13,41000,177cb0b17ccbc79a,-544.695983887,29838,52509,30.3371,-2.4538,32.7909,128.1991,0.25578,0.9251,1.0669,1.1533
osw-cql-seed1-B,cql,41000,14,41000,177cb0b17ccbc79a,-544.695983887,36307,14110,37.4503,-8.713,46.1634,128.1991,0.36009,0.9705,1.2344,1.2719
osw-cql-seed1-B,cql,42000,0,42000,d9dbea51c87bf16f,-553.553771973,237311,68413,65.9956,-3.7373,69.7329,128.1115,0.54431,0.853,1.2151,1.4246
osw-cql-seed1-B,cql,42000,2,42000,d9dbea51c87bf16f,-553.553771973,168808,33814,39.7925,-3.998,43.7905,128.1115,0.34182,0.901,1.0493,1.1645
osw-cql-seed1-B,cql,42000,4,42000,d9dbea51c87bf16f,-553.553771973,35214,133999,30.8437,0.2755,30.5682,128.1115,0.23861,0.9035,0.9946,1.1008
osw-cql-seed1-B,cql,42000,5,42000,d9dbea51c87bf16f,-553.553771973,40938,30344,29.0026,-5.5944,34.597,128.1115,0.27005,0.9419,1.1186,1.1875
osw-cql-seed1-B,cql,42000,6,42000,d9dbea51c87bf16f,-553.553771973,51996,11915,22.497,-12.9675,35.4645,128.1115,0.27683,0.9557,1.162,1.2159
osw-cql-seed1-B,cql,42000,7,42000,d9dbea51c87bf16f,-553.553771973,64933,19513,19.2681,-7.7806,27.0487,128.1115,0.21113,0.9183,1.1053,1.2037
osw-cql-seed1-B,cql,42000,11,42000,d9dbea51c87bf16f,-553.553771973,76763,39227,14.6987,-8.0768,22.7755,128.1115,0.17778,0.9675,1.0599,1.0956
osw-cql-seed1-B,cql,42000,12,42000,d9dbea51c87bf16f,-553.553771973,33583,82841,19.3765,0.5099,18.8666,128.1115,0.14727,0.9553,1.0422,1.091
osw-cql-seed1-B,cql,42000,13,42000,d9dbea51c87bf16f,-553.553771973,29838,52509,27.666,-1.7809,29.4469,128.1115,0.22985,0.9204,1.0656,1.1578
osw-cql-seed1-B,cql,42000,14,42000,d9dbea51c87bf16f,-553.553771973,36307,14110,35.4663,-8.2715,43.7378,128.1115,0.3414,0.9616,1.225,1.2739
osw-cql-seed1-B,cql,43000,0,43000,568ae94ea2040992,-559.418273926,237311,68413,64.781,-3.4096,68.1906,124.5309,0.54758,0.8553,1.2172,1.4231
osw-cql-seed1-B,cql,43000,2,43000,568ae94ea2040992,-559.418273926,168808,33814,36.5369,-5.0846,41.6215,124.5309,0.33423,0.9008,1.0475,1.1629
osw-cql-seed1-B,cql,43000,4,43000,568ae94ea2040992,-559.418273926,35214,133999,31.7671,-0.2126,31.9796,124.5309,0.2568,0.9186,0.9982,1.0867
osw-cql-seed1-B,cql,43000,5,43000,568ae94ea2040992,-559.418273926,40938,30344,29.2079,-5.5263,34.7342,124.5309,0.27892,0.9555,1.1155,1.1674
osw-cql-seed1-B,cql,43000,6,43000,568ae94ea2040992,-559.418273926,51996,11915,20.5471,-13.0187,33.5658,124.5309,0.26954,0.9617,1.1634,1.2096
osw-cql-seed1-B,cql,43000,7,43000,568ae94ea2040992,-559.418273926,64933,19513,21.3833,-7.1891,28.5724,124.5309,0.22944,0.9196,1.1069,1.2037
osw-cql-seed1-B,cql,43000,11,43000,568ae94ea2040992,-559.418273926,76763,39227,13.7592,-8.1597,21.9188,124.5309,0.17601,0.9677,1.0592,1.0946
osw-cql-seed1-B,cql,43000,12,43000,568ae94ea2040992,-559.418273926,33583,82841,17.906,0.1887,17.7173,124.5309,0.14227,0.9535,1.0383,1.0889
osw-cql-seed1-B,cql,43000,13,43000,568ae94ea2040992,-559.418273926,29838,52509,28.8162,-1.7201,30.5362,124.5309,0.24521,0.9265,1.0646,1.149
osw-cql-seed1-B,cql,43000,14,43000,568ae94ea2040992,-559.418273926,36307,14110,35.0473,-8.4256,43.4729,124.5309,0.34909,0.9751,1.2243,1.2555
osw-cql-seed1-B,cql,44000,0,44000,b017012506f3a005,-567.163696289,237311,68413,65.1785,-2.4897,67.6682,125.3882,0.53967,0.8534,1.2128,1.4211
osw-cql-seed1-B,cql,44000,2,44000,b017012506f3a005,-567.163696289,168808,33814,38.9334,-3.6065,42.5399,125.3882,0.33927,0.8999,1.0497,1.1665
osw-cql-seed1-B,cql,44000,4,44000,b017012506f3a005,-567.163696289,35214,133999,31.2277,-0.1574,31.3852,125.3882,0.2503,0.9102,0.9974,1.0957
osw-cql-seed1-B,cql,44000,5,44000,b017012506f3a005,-567.163696289,40938,30344,29.3755,-6.5175,35.893,125.3882,0.28626,0.9421,1.1219,1.1908
osw-cql-seed1-B,cql,44000,6,44000,b017012506f3a005,-567.163696289,51996,11915,21.0729,-14.3467,35.4197,125.3882,0.28248,0.9595,1.1685,1.2178
osw-cql-seed1-B,cql,44000,7,44000,b017012506f3a005,-567.163696289,64933,19513,18.8921,-8.205,27.0971,125.3882,0.21611,0.9199,1.104,1.2001
osw-cql-seed1-B,cql,44000,11,44000,b017012506f3a005,-567.163696289,76763,39227,14.0095,-8.1478,22.1573,125.3882,0.17671,0.9668,1.0597,1.0961
osw-cql-seed1-B,cql,44000,12,44000,b017012506f3a005,-567.163696289,33583,82841,18.6162,0.3006,18.3155,125.3882,0.14607,0.9546,1.0393,1.0888
osw-cql-seed1-B,cql,44000,13,44000,b017012506f3a005,-567.163696289,29838,52509,26.8627,-2.0569,28.9196,125.3882,0.23064,0.92,1.0665,1.1592
osw-cql-seed1-B,cql,44000,14,44000,b017012506f3a005,-567.163696289,36307,14110,33.8925,-8.9661,42.8586,125.3882,0.34181,0.9631,1.2287,1.2757
osw-cql-seed1-B,cql,45000,0,45000,a10a0097ddd3498e,-580.31854248,237311,68413,64.4552,-2.9361,67.3913,126.3365,0.53343,0.8537,1.2145,1.4227
osw-cql-seed1-B,cql,45000,2,45000,a10a0097ddd3498e,-580.31854248,168808,33814,34.6786,-5.4427,40.1213,126.3365,0.31757,0.9002,1.0476,1.1637
osw-cql-seed1-B,cql,45000,4,45000,a10a0097ddd3498e,-580.31854248,35214,133999,29.0352,-0.7994,29.8346,126.3365,0.23615,0.9037,0.9951,1.1011
osw-cql-seed1-B,cql,45000,5,45000,a10a0097ddd3498e,-580.31854248,40938,30344,28.2756,-6.2146,34.4902,126.3365,0.273,0.9406,1.1136,1.184
osw-cql-seed1-B,cql,45000,6,45000,a10a0097ddd3498e,-580.31854248,51996,11915,20.7647,-13.7341,34.4988,126.3365,0.27307,0.9554,1.1636,1.2179
osw-cql-seed1-B,cql,45000,7,45000,a10a0097ddd3498e,-580.31854248,64933,19513,19.2336,-8.025,27.2587,126.3365,0.21576,0.9177,1.1055,1.2046
osw-cql-seed1-B,cql,45000,11,45000,a10a0097ddd3498e,-580.31854248,76763,39227,14.8419,-7.6765,22.5184,126.3365,0.17824,0.9671,1.0585,1.0945
osw-cql-seed1-B,cql,45000,12,45000,a10a0097ddd3498e,-580.31854248,33583,82841,19.2802,0.6848,18.5954,126.3365,0.14719,0.9498,1.0348,1.0895
osw-cql-seed1-B,cql,45000,13,45000,a10a0097ddd3498e,-580.31854248,29838,52509,25.9855,-2.2465,28.2319,126.3365,0.22347,0.9243,1.0647,1.1519
osw-cql-seed1-B,cql,45000,14,45000,a10a0097ddd3498e,-580.31854248,36307,14110,32.6591,-9.1025,41.7616,126.3365,0.33056,0.9617,1.2292,1.2782
osw-cql-seed1-B,cql,46000,0,46000,70e6f32ea282750f,-584.979736328,237311,68413,63.8768,-3.0294,66.9062,124.3492,0.53805,0.8531,1.2109,1.4194
osw-cql-seed1-B,cql,46000,2,46000,70e6f32ea282750f,-584.979736328,168808,33814,35.546,-5.032,40.578,124.3492,0.32632,0.8972,1.0444,1.164
osw-cql-seed1-B,cql,46000,4,46000,70e6f32ea282750f,-584.979736328,35214,133999,29.9744,-0.4105,30.3849,124.3492,0.24435,0.9042,0.9942,1.0995
osw-cql-seed1-B,cql,46000,5,46000,70e6f32ea282750f,-584.979736328,40938,30344,28.4893,-6.1774,34.6666,124.3492,0.27878,0.9443,1.118,1.184
osw-cql-seed1-B,cql,46000,6,46000,70e6f32ea282750f,-584.979736328,51996,11915,21.0728,-13.1182,34.191,124.3492,0.27496,0.961,1.1634,1.2105
osw-cql-seed1-B,cql,46000,7,46000,70e6f32ea282750f,-584.979736328,64933,19513,18.1184,-8.0232,26.1415,124.3492,0.21023,0.9204,1.1053,1.2009
osw-cql-seed1-B,cql,46000,11,46000,70e6f32ea282750f,-584.979736328,76763,39227,14.4061,-7.5898,21.9959,124.3492,0.17689,0.9686,1.0603,1.0947
osw-cql-seed1-B,cql,46000,12,46000,70e6f32ea282750f,-584.979736328,33583,82841,19.4121,0.217,19.1952,124.3492,0.15436,0.9509,1.0339,1.0872
osw-cql-seed1-B,cql,46000,13,46000,70e6f32ea282750f,-584.979736328,29838,52509,28.1802,-1.7605,29.9406,124.3492,0.24078,0.9197,1.0637,1.1566
osw-cql-seed1-B,cql,46000,14,46000,70e6f32ea282750f,-584.979736328,36307,14110,34.7401,-8.2744,43.0145,124.3492,0.34592,0.9655,1.2284,1.2723
osw-cql-seed1-B,cql,47000,0,47000,49af8d86135c9a9d,-592.777404785,237311,68413,63.2605,-4.7278,67.9882,124.2225,0.54731,0.8553,1.2161,1.4219
osw-cql-seed1-B,cql,47000,2,47000,49af8d86135c9a9d,-592.777404785,168808,33814,36.0075,-5.0779,41.0855,124.2225,0.33074,0.9018,1.0479,1.162
osw-cql-seed1-B,cql,47000,4,47000,49af8d86135c9a9d,-592.777404785,35214,133999,30.9885,-0.1501,31.1386,124.2225,0.25067,0.9051,0.9952,1.0995
osw-cql-seed1-B,cql,47000,5,47000,49af8d86135c9a9d,-592.777404785,40938,30344,28.398,-6.3983,34.7963,124.2225,0.28011,0.9382,1.1188,1.1924
osw-cql-seed1-B,cql,47000,6,47000,49af8d86135c9a9d,-592.777404785,51996,11915,18.8788,-13.8047,32.6835,124.2225,0.2631,0.9527,1.1592,1.2167
osw-cql-seed1-B,cql,47000,7,47000,49af8d86135c9a9d,-592.777404785,64933,19513,17.7209,-8.0312,25.7522,124.2225,0.20731,0.9189,1.1008,1.198
osw-cql-seed1-B,cql,47000,11,47000,49af8d86135c9a9d,-592.777404785,76763,39227,13.6454,-7.5737,21.219,124.2225,0.17081,0.9676,1.0576,1.093
osw-cql-seed1-B,cql,47000,12,47000,49af8d86135c9a9d,-592.777404785,33583,82841,15.7159,-0.6198,16.3357,124.2225,0.1315,0.9527,1.0366,1.088
osw-cql-seed1-B,cql,47000,13,47000,49af8d86135c9a9d,-592.777404785,29838,52509,28.7275,-1.6786,30.4061,124.2225,0.24477,0.9205,1.068,1.1603
osw-cql-seed1-B,cql,47000,14,47000,49af8d86135c9a9d,-592.777404785,36307,14110,34.566,-8.5489,43.1149,124.2225,0.34708,0.9622,1.2298,1.2782
osw-cql-seed1-B,cql,48000,0,48000,f27d99f4c3460c8a,-608.370788574,237311,68413,62.4848,-5.3815,67.8663,124.3857,0.54561,0.8528,1.2091,1.4179
osw-cql-seed1-B,cql,48000,2,48000,f27d99f4c3460c8a,-608.370788574,168808,33814,36.3739,-5.5267,41.9006,124.3857,0.33686,0.9036,1.0509,1.163
osw-cql-seed1-B,cql,48000,4,48000,f27d99f4c3460c8a,-608.370788574,35214,133999,29.0119,-1.708,30.7199,124.3857,0.24697,0.913,0.9937,1.0884
osw-cql-seed1-B,cql,48000,5,48000,f27d99f4c3460c8a,-608.370788574,40938,30344,25.7376,-6.9501,32.6878,124.3857,0.26279,0.9504,1.1155,1.1737
osw-cql-seed1-B,cql,48000,6,48000,f27d99f4c3460c8a,-608.370788574,51996,11915,21.1448,-13.816,34.9608,124.3857,0.28107,0.958,1.1579,1.2087
osw-cql-seed1-B,cql,48000,7,48000,f27d99f4c3460c8a,-608.370788574,64933,19513,18.2073,-8.4571,26.6644,124.3857,0.21437,0.9192,1.1045,1.2016
osw-cql-seed1-B,cql,48000,11,48000,f27d99f4c3460c8a,-608.370788574,76763,39227,14.7192,-8.7876,23.5068,124.3857,0.18898,0.968,1.0583,1.0933
osw-cql-seed1-B,cql,48000,12,48000,f27d99f4c3460c8a,-608.370788574,33583,82841,19.0864,-0.577,19.6634,124.3857,0.15808,0.9509,1.0361,1.0895
osw-cql-seed1-B,cql,48000,13,48000,f27d99f4c3460c8a,-608.370788574,29838,52509,24.8833,-3.3993,28.2826,124.3857,0.22738,0.9331,1.0655,1.1419
osw-cql-seed1-B,cql,48000,14,48000,f27d99f4c3460c8a,-608.370788574,36307,14110,31.6562,-10.8433,42.4995,124.3857,0.34167,0.9703,1.2243,1.2619
osw-cql-seed1-B,cql,49000,0,49000,caa33ae6879824d0,-612.122314453,237311,68413,63.2571,-5.461,68.7181,125.1331,0.54916,0.8556,1.2111,1.4156
osw-cql-seed1-B,cql,49000,2,49000,caa33ae6879824d0,-612.122314453,168808,33814,34.8575,-5.9265,40.7839,125.1331,0.32592,0.9048,1.0465,1.1566
osw-cql-seed1-B,cql,49000,4,49000,caa33ae6879824d0,-612.122314453,35214,133999,27.9665,-0.6192,28.5857,125.1331,0.22844,0.8998,0.9916,1.102
osw-cql-seed1-B,cql,49000,5,49000,caa33ae6879824d0,-612.122314453,40938,30344,29.791,-6.2042,35.9951,125.1331,0.28765,0.9358,1.1095,1.1856
osw-cql-seed1-B,cql,49000,6,49000,caa33ae6879824d0,-612.122314453,51996,11915,19.3754,-14.8621,34.2375,125.1331,0.27361,0.9526,1.1556,1.2131
osw-cql-seed1-B,cql,49000,7,49000,caa33ae6879824d0,-612.122314453,64933,19513,17.2524,-8.4951,25.7476,125.1331,0.20576,0.9188,1.0999,1.1971
osw-cql-seed1-B,cql,49000,11,49000,caa33ae6879824d0,-612.122314453,76763,39227,14.5126,-7.5566,22.0691,125.1331,0.17637,0.9695,1.0614,1.0947
osw-cql-seed1-B,cql,49000,12,49000,caa33ae6879824d0,-612.122314453,33583,82841,17.7193,-0.3322,18.0515,125.1331,0.14426,0.9506,1.0358,1.0896
osw-cql-seed1-B,cql,49000,13,49000,caa33ae6879824d0,-612.122314453,29838,52509,28.8884,-2.3939,31.2823,125.1331,0.24999,0.9198,1.0622,1.1549
osw-cql-seed1-B,cql,49000,14,49000,caa33ae6879824d0,-612.122314453,36307,14110,34.1932,-9.2738,43.4671,125.1331,0.34737,0.9589,1.2178,1.27
osw-cql-seed1-B,cql,50000,0,50000,b9929095f4fc5954,-613.869506836,237311,68413,62.2974,-4.6277,66.925,121.7985,0.54947,0.8525,1.2043,1.4126
osw-cql-seed1-B,cql,50000,2,50000,b9929095f4fc5954,-613.869506836,168808,33814,35.1932,-4.8116,40.0048,121.7985,0.32845,0.9012,1.0452,1.1599
osw-cql-seed1-B,cql,50000,4,50000,b9929095f4fc5954,-613.869506836,35214,133999,26.1246,-1.1827,27.3074,121.7985,0.2242,0.9023,0.9949,1.1027
osw-cql-seed1-B,cql,50000,5,50000,b9929095f4fc5954,-613.869506836,40938,30344,27.7801,-6.3252,34.1053,121.7985,0.28001,0.9459,1.1177,1.1816
osw-cql-seed1-B,cql,50000,6,50000,b9929095f4fc5954,-613.869506836,51996,11915,20.0922,-13.8691,33.9614,121.7985,0.27883,0.9549,1.1605,1.2153
osw-cql-seed1-B,cql,50000,7,50000,b9929095f4fc5954,-613.869506836,64933,19513,17.5685,-8.4938,26.0623,121.7985,0.21398,0.9187,1.1012,1.1987
osw-cql-seed1-B,cql,50000,11,50000,b9929095f4fc5954,-613.869506836,76763,39227,10.6903,-9.17,19.8603,121.7985,0.16306,0.967,1.0563,1.0923
osw-cql-seed1-B,cql,50000,12,50000,b9929095f4fc5954,-613.869506836,33583,82841,12.5725,-1.9224,14.4949,121.7985,0.11901,0.9498,1.0323,1.0868
osw-cql-seed1-B,cql,50000,13,50000,b9929095f4fc5954,-613.869506836,29838,52509,24.3906,-3.0425,27.4331,121.7985,0.22523,0.9191,1.0658,1.1596
osw-cql-seed1-B,cql,50000,14,50000,b9929095f4fc5954,-613.869506836,36307,14110,32.1219,-10.115,42.2368,121.7985,0.34678,0.9644,1.2291,1.2745
osw-cql-seed1-B,cql,51000,0,51000,c11094f09f3acd09,-621.027709961,237311,68413,61.7413,-5.6886,67.4298,123.3444,0.54668,0.8545,1.2103,1.4163
osw-cql-seed1-B,cql,51000,2,51000,c11094f09f3acd09,-621.027709961,168808,33814,33.2815,-6.3669,39.6484,123.3444,0.32144,0.8999,1.0436,1.1596
osw-cql-seed1-B,cql,51000,4,51000,c11094f09f3acd09,-621.027709961,35214,133999,28.7755,-0.6935,29.469,123.3444,0.23892,0.9003,0.9897,1.0993
osw-cql-seed1-B,cql,51000,5,51000,c11094f09f3acd09,-621.027709961,40938,30344,27.113,-6.5244,33.6374,123.3444,0.27271,0.9376,1.107,1.1807
osw-cql-seed1-B,cql,51000,6,51000,c11094f09f3acd09,-621.027709961,51996,11915,18.8437,-14.4824,33.3261,123.3444,0.27019,0.9529,1.1539,1.211
osw-cql-seed1-B,cql,51000,7,51000,c11094f09f3acd09,-621.027709961,64933,19513,19.1171,-8.5927,27.7098,123.3444,0.22465,0.9179,1.1027,1.2013
osw-cql-seed1-B,cql,51000,11,51000,c11094f09f3acd09,-621.027709961,76763,39227,10.1157,-9.2497,19.3655,123.3444,0.157,0.9662,1.0544,1.0913
osw-cql-seed1-B,cql,51000,12,51000,c11094f09f3acd09,-621.027709961,33583,82841,14.9276,-1.3198,16.2474,123.3444,0.13172,0.9486,1.0327,1.0887
osw-cql-seed1-B,cql,51000,13,51000,c11094f09f3acd09,-621.027709961,29838,52509,25.3258,-2.8497,28.1755,123.3444,0.22843,0.9189,1.0627,1.1565
osw-cql-seed1-B,cql,51000,14,51000,c11094f09f3acd09,-621.027709961,36307,14110,31.3829,-9.7302,41.1132,123.3444,0.33332,0.9595,1.2212,1.2727
osw-cql-seed1-B,cql,52000,0,52000,83b8a59b9e60c58a,-624.355224609,237311,68413,61.1001,-6.9723,68.0723,123.3622,0.55181,0.8544,1.2079,1.4138
osw-cql-seed1-B,cql,52000,2,52000,83b8a59b9e60c58a,-624.355224609,168808,33814,33.1357,-6.1671,39.3029,123.3622,0.3186,0.8976,1.0424,1.1613
osw-cql-seed1-B,cql,52000,4,52000,83b8a59b9e60c58a,-624.355224609,35214,133999,25.9533,-0.9338,26.8871,123.3622,0.21795,0.9026,0.9915,1.0985
osw-cql-seed1-B,cql,52000,5,52000,83b8a59b9e60c58a,-624.355224609,40938,30344,27.6813,-5.8547,33.536,123.3622,0.27185,0.9423,1.1124,1.1804
osw-cql-seed1-B,cql,52000,6,52000,83b8a59b9e60c58a,-624.355224609,51996,11915,20.5987,-13.1975,33.7962,123.3622,0.27396,0.9532,1.1606,1.2176
osw-cql-seed1-B,cql,52000,7,52000,83b8a59b9e60c58a,-624.355224609,64933,19513,16.6708,-9.5989,26.2697,123.3622,0.21295,0.9177,1.099,1.1975
osw-cql-seed1-B,cql,52000,11,52000,83b8a59b9e60c58a,-624.355224609,76763,39227,10.9417,-8.379,19.3207,123.3622,0.15662,0.9654,1.0549,1.0927
osw-cql-seed1-B,cql,52000,12,52000,83b8a59b9e60c58a,-624.355224609,33583,82841,13.7546,-1.3939,15.1484,123.3622,0.1228,0.9501,1.0325,1.0868
osw-cql-seed1-B,cql,52000,13,52000,83b8a59b9e60c58a,-624.355224609,29838,52509,22.7253,-2.7875,25.5128,123.3622,0.20681,0.9187,1.0638,1.1579
osw-cql-seed1-B,cql,52000,14,52000,83b8a59b9e60c58a,-624.355224609,36307,14110,31.7,-9.4484,41.1485,123.3622,0.33356,0.9596,1.2252,1.2769
osw-cql-seed1-B,cql,53000,0,53000,c9ddfa8c7dfeda74,-637.903747559,237311,68413,59.2546,-6.5813,65.8358,117.6293,0.55969,0.8504,1.199,1.4099
osw-cql-seed1-B,cql,53000,2,53000,c9ddfa8c7dfeda74,-637.903747559,168808,33814,33.4431,-5.9405,39.3836,117.6293,0.33481,0.8979,1.0425,1.161
osw-cql-seed1-B,cql,53000,4,53000,c9ddfa8c7dfeda74,-637.903747559,35214,133999,29.1483,-0.9111,30.0594,117.6293,0.25554,0.903,0.9954,1.1023
osw-cql-seed1-B,cql,53000,5,53000,c9ddfa8c7dfeda74,-637.903747559,40938,30344,26.7794,-6.258,33.0374,117.6293,0.28086,0.9432,1.1099,1.1767
osw-cql-seed1-B,cql,53000,6,53000,c9ddfa8c7dfeda74,-637.903747559,51996,11915,19.9016,-13.8302,33.7318,117.6293,0.28676,0.9566,1.1603,1.213
osw-cql-seed1-B,cql,53000,7,53000,c9ddfa8c7dfeda74,-637.903747559,64933,19513,16.6425,-9.562,26.2045,117.6293,0.22277,0.9178,1.0997,1.1981
osw-cql-seed1-B,cql,53000,11,53000,c9ddfa8c7dfeda74,-637.903747559,76763,39227,9.7309,-9.1705,18.9014,117.6293,0.16069,0.9643,1.0525,1.0915
osw-cql-seed1-B,cql,53000,12,53000,c9ddfa8c7dfeda74,-637.903747559,33583,82841,17.3423,-1.0325,18.3748,117.6293,0.15621,0.9501,1.0324,1.0866
osw-cql-seed1-B,cql,53000,13,53000,c9ddfa8c7dfeda74,-637.903747559,29838,52509,27.8545,-2.0439,29.8983,117.6293,0.25417,0.9207,1.0648,1.1565
osw-cql-seed1-B,cql,53000,14,53000,c9ddfa8c7dfeda74,-637.903747559,36307,14110,32.2593,-8.4786,40.7379,117.6293,0.34632,0.9626,1.2242,1.2718
osw-cql-seed1-B,cql,54000,0,54000,07f022b8bdbb4a81,-645.322692871,237311,68413,59.4057,-8.0864,67.4921,121.3139,0.55634,0.8555,1.2108,1.4153
osw-cql-seed1-B,cql,54000,2,54000,07f022b8bdbb4a81,-645.322692871,168808,33814,31.9009,-7.3875,39.2885,121.3139,0.32386,0.8998,1.0407,1.1566
osw-cql-seed1-B,cql,54000,4,54000,07f022b8bdbb4a81,-645.322692871,35214,133999,26.3364,-1.0742,27.4106,121.3139,0.22595,0.8991,0.9901,1.1012
osw-cql-seed1-B,cql,54000,5,54000,07f022b8bdbb4a81,-645.322692871,40938,30344,25.8112,-6.8547,32.666,121.3139,0.26927,0.9392,1.1045,1.1761
osw-cql-seed1-B,cql,54000,6,54000,07f022b8bdbb4a81,-645.322692871,51996,11915,19.6748,-14.4682,34.143,121.3139,0.28144,0.9509,1.1523,1.2117
osw-cql-seed1-B,cql,54000,7,54000,07f022b8bdbb4a81,-645.322692871,64933,19513,18.3869,-8.8574,27.2443,121.3139,0.22458,0.9159,1.0979,1.1987
osw-cql-seed1-B,cql,54000,11,54000,07f022b8bdbb4a81,-645.322692871,76763,39227,12.5755,-8.2402,20.8157,121.3139,0.17159,0.9661,1.0548,1.0918
osw-cql-seed1-B,cql,54000,12,54000,07f022b8bdbb4a81,-645.322692871,33583,82841,17.1861,-0.4319,17.618,121.3139,0.14523,0.9476,1.0297,1.0866
osw-cql-seed1-B,cql,54000,13,54000,07f022b8bdbb4a81,-645.322692871,29838,52509,25.0069,-2.7164,27.7233,121.3139,0.22853,0.9188,1.0629,1.1568
osw-cql-seed1-B,cql,54000,14,54000,07f022b8bdbb4a81,-645.322692871,36307,14110,33.748,-9.8725,43.6204,121.3139,0.35957,0.9613,1.223,1.2722
osw-cql-seed1-B,cql,55000,0,55000,16488d02fd0ca6fa,-652.725158691,237311,68413,59.8387,-7.203,67.0417,121.6522,0.55109,0.8538,1.2036,1.4097
osw-cql-seed1-B,cql,55000,2,55000,16488d02fd0ca6fa,-652.725158691,168808,33814,33.1877,-6.886,40.0737,121.6522,0.32941,0.9028,1.0414,1.1536
osw-cql-seed1-B,cql,55000,4,55000,16488d02fd0ca6fa,-652.725158691,35214,133999,27.1156,-1.4035,28.5191,121.6522,0.23443,0.9046,0.9929,1.0976
osw-cql-seed1-B,cql,55000,5,55000,16488d02fd0ca6fa,-652.725158691,40938,30344,24.8236,-7.2847,32.1082,121.6522,0.26393,0.9395,1.1067,1.178
osw-cql-seed1-B,cql,55000,6,55000,16488d02fd0ca6fa,-652.725158691,51996,11915,20.1285,-13.5081,33.6366,121.6522,0.2765,0.9518,1.1539,1.2123
osw-cql-seed1-B,cql,55000,7,55000,16488d02fd0ca6fa,-652.725158691,64933,19513,17.6027,-8.4612,26.0639,121.6522,0.21425,0.9193,1.1022,1.1989
osw-cql-seed1-B,cql,55000,11,55000,16488d02fd0ca6fa,-652.725158691,76763,39227,10.4188,-8.3742,18.793,121.6522,0.15448,0.9644,1.0531,1.092
osw-cql-seed1-B,cql,55000,12,55000,16488d02fd0ca6fa,-652.725158691,33583,82841,14.0816,-1.797,15.8785,121.6522,0.13052,0.9484,1.032,1.0882
osw-cql-seed1-B,cql,55000,13,55000,16488d02fd0ca6fa,-652.725158691,29838,52509,23.3065,-3.1061,26.4126,121.6522,0.21712,0.9174,1.0638,1.1595
osw-cql-seed1-B,cql,55000,14,55000,16488d02fd0ca6fa,-652.725158691,36307,14110,31.3047,-10.1424,41.447,121.6522,0.3407,0.9568,1.2195,1.2746
osw-cql-seed1-B,cql,56000,0,56000,120bb12d554dfc9e,-657.278259277,237311,68413,58.2643,-7.9901,66.2543,118.7115,0.55811,0.8535,1.2051,1.412
osw-cql-seed1-B,cql,56000,2,56000,120bb12d554dfc9e,-657.278259277,168808,33814,32.7628,-5.9408,38.7036,118.7115,0.32603,0.8986,1.042,1.1596
osw-cql-seed1-B,cql,56000,4,56000,120bb12d554dfc9e,-657.278259277,35214,133999,23.2292,-1.0615,24.2907,118.7115,0.20462,0.904,0.9892,1.0942
osw-cql-seed1-B,cql,56000,5,56000,120bb12d554dfc9e,-657.278259277,40938,30344,24.3966,-7.0247,31.4213,118.7115,0.26469,0.9437,1.0995,1.1651
osw-cql-seed1-B,cql,56000,6,56000,120bb12d554dfc9e,-657.278259277,51996,11915,17.1585,-14.6493,31.8077,118.7115,0.26794,0.9556,1.1588,1.2126
osw-cql-seed1-B,cql,56000,7,56000,120bb12d554dfc9e,-657.278259277,64933,19513,15.6955,-9.5142,25.2097,118.7115,0.21236,0.9193,1.0986,1.1951
osw-cql-seed1-B,cql,56000,11,56000,120bb12d554dfc9e,-657.278259277,76763,39227,8.4747,-9.2036,17.6784,118.7115,0.14892,0.9665,1.0544,1.0909
osw-cql-seed1-B,cql,56000,12,56000,120bb12d554dfc9e,-657.278259277,33583,82841,14.0924,-1.3648,15.4572,118.7115,0.13021,0.9481,1.0298,1.0862
osw-cql-seed1-B,cql,56000,13,56000,120bb12d554dfc9e,-657.278259277,29838,52509,21.5822,-2.8643,24.4465,118.7115,0.20593,0.9194,1.0631,1.1562
osw-cql-seed1-B,cql,56000,14,56000,120bb12d554dfc9e,-657.278259277,36307,14110,31.673,-9.6485,41.3215,118.7115,0.34808,0.9567,1.2201,1.2754
osw-cql-seed1-B,cql,57000,0,57000,aac83c4aa2084a17,-666.797058105,237311,68413,59.5746,-7.671,67.2456,121.5895,0.55305,0.852,1.2014,1.4101
osw-cql-seed1-B,cql,57000,2,57000,aac83c4aa2084a17,-666.797058105,168808,33814,32.4964,-6.8239,39.3202,121.5895,0.32339,0.8987,1.0381,1.1551
osw-cql-seed1-B,cql,57000,4,57000,aac83c4aa2084a17,-666.797058105,35214,133999,26.9979,-0.9873,27.9852,121.5895,0.23016,0.9048,0.9944,1.099
osw-cql-seed1-B,cql,57000,5,57000,aac83c4aa2084a17,-666.797058105,40938,30344,26.2785,-6.5422,32.8207,121.5895,0.26993,0.942,1.1074,1.1757
osw-cql-seed1-B,cql,57000,6,57000,aac83c4aa2084a17,-666.797058105,51996,11915,19.2583,-15.1079,34.3662,121.5895,0.28264,0.9549,1.1571,1.2117
osw-cql-seed1-B,cql,57000,7,57000,aac83c4aa2084a17,-666.797058105,64933,19513,15.9116,-10.3869,26.2986,121.5895,0.21629,0.919,1.0972,1.1939
osw-cql-seed1-B,cql,57000,11,57000,aac83c4aa2084a17,-666.797058105,76763,39227,9.2818,-10.0486,19.3305,121.5895,0.15898,0.9655,1.0536,1.0912
osw-cql-seed1-B,cql,57000,12,57000,aac83c4aa2084a17,-666.797058105,33583,82841,11.7942,-2.329,14.1232,121.5895,0.11615,0.948,1.0299,1.0865
osw-cql-seed1-B,cql,57000,13,57000,aac83c4aa2084a17,-666.797058105,29838,52509,22.7745,-2.9396,25.7142,121.5895,0.21148,0.9182,1.0648,1.1597
osw-cql-seed1-B,cql,57000,14,57000,aac83c4aa2084a17,-666.797058105,36307,14110,32.2697,-9.6724,41.9421,121.5895,0.34495,0.9593,1.2222,1.274
osw-cql-seed1-B,cql,58000,0,58000,ac616b53f5b0fd4d,-668.72253418,237311,68413,58.8936,-7.4078,66.3014,119.3452,0.55554,0.852,1.2,1.4085
osw-cql-seed1-B,cql,58000,2,58000,ac616b53f5b0fd4d,-668.72253418,168808,33814,32.5664,-6.6867,39.253,119.3452,0.3289,0.902,1.0438,1.1572
osw-cql-seed1-B,cql,58000,4,58000,ac616b53f5b0fd4d,-668.72253418,35214,133999,25.2404,-1.6452,26.8856,119.3452,0.22528,0.9092,0.9936,1.0929
osw-cql-seed1-B,cql,58000,5,58000,ac616b53f5b0fd4d,-668.72253418,40938,30344,24.3168,-7.029,31.3458,119.3452,0.26265,0.9441,1.1059,1.1714
osw-cql-seed1-B,cql,58000,6,58000,ac616b53f5b0fd4d,-668.72253418,51996,11915,19.026,-14.8202,33.8462,119.3452,0.2836,0.9536,1.1512,1.2072
osw-cql-seed1-B,cql,58000,7,58000,ac616b53f5b0fd4d,-668.72253418,64933,19513,16.1046,-9.7229,25.8274,119.3452,0.21641,0.9202,1.0969,1.192
osw-cql-seed1-B,cql,58000,11,58000,ac616b53f5b0fd4d,-668.72253418,76763,39227,8.474,-9.8934,18.3674,119.3452,0.1539,0.9673,1.0529,1.0885
osw-cql-seed1-B,cql,58000,12,58000,ac616b53f5b0fd4d,-668.72253418,33583,82841,13.1603,-2.0877,15.248,119.3452,0.12776,0.9488,1.0315,1.0872
osw-cql-seed1-B,cql,58000,13,58000,ac616b53f5b0fd4d,-668.72253418,29838,52509,22.9811,-2.947,25.9281,119.3452,0.21725,0.9213,1.0651,1.1561
osw-cql-seed1-B,cql,58000,14,58000,ac616b53f5b0fd4d,-668.72253418,36307,14110,31.1886,-10.6696,41.8582,119.3452,0.35073,0.9585,1.2178,1.2705
osw-cql-seed1-B,cql,59000,0,59000,c2c175de8ad5be4b,-674.113708496,237311,68413,58.7814,-8.104,66.8854,120.904,0.55321,0.8535,1.2064,1.4135
osw-cql-seed1-B,cql,59000,2,59000,c2c175de8ad5be4b,-674.113708496,168808,33814,31.7761,-6.815,38.5912,120.904,0.31919,0.8995,1.0418,1.1582
osw-cql-seed1-B,cql,59000,4,59000,c2c175de8ad5be4b,-674.113708496,35214,133999,22.7164,-1.7813,24.4977,120.904,0.20262,0.9008,0.9906,1.0997
osw-cql-seed1-B,cql,59000,5,59000,c2c175de8ad5be4b,-674.113708496,40938,30344,24.7437,-7.036,31.7797,120.904,0.26285,0.9413,1.1054,1.1744
osw-cql-seed1-B,cql,59000,6,59000,c2c175de8ad5be4b,-674.113708496,51996,11915,17.0806,-15.3727,32.4533,120.904,0.26842,0.9532,1.1577,1.2146
osw-cql-seed1-B,cql,59000,7,59000,c2c175de8ad5be4b,-674.113708496,64933,19513,15.8138,-10.1003,25.9141,120.904,0.21434,0.919,1.0983,1.1952
osw-cql-seed1-B,cql,59000,11,59000,c2c175de8ad5be4b,-674.113708496,76763,39227,9.434,-9.2799,18.7139,120.904,0.15478,0.9664,1.0551,1.0918
osw-cql-seed1-B,cql,59000,12,59000,c2c175de8ad5be4b,-674.113708496,33583,82841,12.0647,-2.2357,14.3004,120.904,0.11828,0.9479,1.0305,1.0871
osw-cql-seed1-B,cql,59000,13,59000,c2c175de8ad5be4b,-674.113708496,29838,52509,19.6623,-3.6336,23.2958,120.904,0.19268,0.9156,1.065,1.1633
osw-cql-seed1-B,cql,59000,14,59000,c2c175de8ad5be4b,-674.113708496,36307,14110,30.1975,-10.448,40.6455,120.904,0.33618,0.9574,1.2245,1.2789
osw-cql-seed1-B,cql,60000,0,60000,980479905f42a5f4,-682.011291504,237311,68413,57.3022,-8.6182,65.9205,118.383,0.55684,0.8536,1.201,1.4069
osw-cql-seed1-B,cql,60000,2,60000,980479905f42a5f4,-682.011291504,168808,33814,29.9753,-7.118,37.0933,118.383,0.31333,0.9019,1.0387,1.1516
osw-cql-seed1-B,cql,60000,4,60000,980479905f42a5f4,-682.011291504,35214,133999,22.2877,-1.782,24.0697,118.383,0.20332,0.8923,0.987,1.1061
osw-cql-seed1-B,cql,60000,5,60000,980479905f42a5f4,-682.011291504,40938,30344,24.7868,-6.8859,31.6726,118.383,0.26754,0.9366,1.1049,1.1798
osw-cql-seed1-B,cql,60000,6,60000,980479905f42a5f4,-682.011291504,51996,11915,19.5302,-13.893,33.4232,118.383,0.28233,0.9524,1.1554,1.2131
osw-cql-seed1-B,cql,60000,7,60000,980479905f42a5f4,-682.011291504,64933,19513,16.1402,-9.6181,25.7583,118.383,0.21758,0.9174,1.0983,1.1971
osw-cql-seed1-B,cql,60000,11,60000,980479905f42a5f4,-682.011291504,76763,39227,7.8615,-9.3074,17.1689,118.383,0.14503,0.9636,1.0527,1.0924
osw-cql-seed1-B,cql,60000,12,60000,980479905f42a5f4,-682.011291504,33583,82841,13.2036,-1.6646,14.8682,118.383,0.12559,0.9479,1.0279,1.0844
osw-cql-seed1-B,cql,60000,13,60000,980479905f42a5f4,-682.011291504,29838,52509,23.0544,-2.8592,25.9137,118.383,0.2189,0.9112,1.061,1.1644
osw-cql-seed1-B,cql,60000,14,60000,980479905f42a5f4,-682.011291504,36307,14110,30.6926,-9.6122,40.3048,118.383,0.34046,0.955,1.218,1.2754
osw-cql-seed1-B,cql,61000,0,61000,353926ed016d3a9e,-686.92010498,237311,68413,57.7385,-10.8966,68.6351,121.1669,0.56645,0.854,1.2019,1.4075
osw-cql-seed1-B,cql,61000,2,61000,353926ed016d3a9e,-686.92010498,168808,33814,31.7095,-7.2237,38.9332,121.1669,0.32132,0.8982,1.0385,1.1562
osw-cql-seed1-B,cql,61000,4,61000,353926ed016d3a9e,-686.92010498,35214,133999,23.8549,-1.4896,25.3444,121.1669,0.20917,0.909,0.9907,1.0899
osw-cql-seed1-B,cql,61000,5,61000,353926ed016d3a9e,-686.92010498,40938,30344,24.2404,-7.5052,31.7455,121.1669,0.262,0.9465,1.1019,1.1642
osw-cql-seed1-B,cql,61000,6,61000,353926ed016d3a9e,-686.92010498,51996,11915,17.7442,-14.4221,32.1662,121.1669,0.26547,0.9513,1.149,1.2078
osw-cql-seed1-B,cql,61000,7,61000,353926ed016d3a9e,-686.92010498,64933,19513,14.6898,-10.5233,25.213,121.1669,0.20809,0.9177,1.0972,1.1957
osw-cql-seed1-B,cql,61000,11,61000,353926ed016d3a9e,-686.92010498,76763,39227,10.0369,-9.2206,19.2575,121.1669,0.15893,0.9673,1.0544,1.0901
osw-cql-seed1-B,cql,61000,12,61000,353926ed016d3a9e,-686.92010498,33583,82841,12.719,-2.0788,14.7978,121.1669,0.12213,0.9494,1.0307,1.0856
osw-cql-seed1-B,cql,61000,13,61000,353926ed016d3a9e,-686.92010498,29838,52509,21.0986,-3.3146,24.4132,121.1669,0.20148,0.9217,1.0622,1.1524
osw-cql-seed1-B,cql,61000,14,61000,353926ed016d3a9e,-686.92010498,36307,14110,30.0849,-10.5662,40.6511,121.1669,0.3355,0.9633,1.2186,1.2651
osw-cql-seed1-B,cql,62000,0,62000,ac26431fded182eb,-689.443786621,237311,68413,58.0646,-8.6541,66.7186,118.3275,0.56385,0.8532,1.2001,1.4065
osw-cql-seed1-B,cql,62000,2,62000,ac26431fded182eb,-689.443786621,168808,33814,29.8288,-7.0533,36.8821,118.3275,0.3117,0.8993,1.0349,1.1508
osw-cql-seed1-B,cql,62000,4,62000,ac26431fded182eb,-689.443786621,35214,133999,26.642,-0.9834,27.6254,118.3275,0.23347,0.9087,0.9925,1.0923
osw-cql-seed1-B,cql,62000,5,62000,ac26431fded182eb,-689.443786621,40938,30344,27.047,-6.5846,33.6316,118.3275,0.28423,0.9439,1.1054,1.1711
osw-cql-seed1-B,cql,62000,6,62000,ac26431fded182eb,-689.443786621,51996,11915,18.2131,-15.0775,33.2906,118.3275,0.28134,0.9519,1.1525,1.2108
osw-cql-seed1-B,cql,62000,7,62000,ac26431fded182eb,-689.443786621,64933,19513,14.4829,-11.1732,25.6561,118.3275,0.21682,0.9173,1.0963,1.1951
osw-cql-seed1-B,cql,62000,11,62000,ac26431fded182eb,-689.443786621,76763,39227,8.6586,-9.0328,17.6914,118.3275,0.14951,0.9641,1.0525,1.0918
osw-cql-seed1-B,cql,62000,12,62000,ac26431fded182eb,-689.443786621,33583,82841,9.4817,-2.9529,12.4345,118.3275,0.10509,0.9492,1.03,1.0851
osw-cql-seed1-B,cql,62000,13,62000,ac26431fded182eb,-689.443786621,29838,52509,21.2188,-3.3956,24.6145,118.3275,0.20802,0.9174,1.0629,1.1586
osw-cql-seed1-B,cql,62000,14,62000,ac26431fded182eb,-689.443786621,36307,14110,32.9519,-9.6996,42.6515,118.3275,0.36045,0.9592,1.2227,1.2746
osw-cql-seed1-B,cql,63000,0,63000,c03b2fc6fcdf9633,-698.54119873,237311,68413,56.7155,-8.7237,65.4392,116.6015,0.56122,0.8521,1.1987,1.4067
osw-cql-seed1-B,cql,63000,2,63000,c03b2fc6fcdf9633,-698.54119873,168808,33814,29.7133,-7.4566,37.1699,116.6015,0.31878,0.8978,1.0339,1.1517
osw-cql-seed1-B,cql,63000,4,63000,c03b2fc6fcdf9633,-698.54119873,35214,133999,23.4028,-1.405,24.8078,116.6015,0.21276,0.8953,0.9895,1.1053
osw-cql-seed1-B,cql,63000,5,63000,c03b2fc6fcdf9633,-698.54119873,40938,30344,23.8809,-7.0572,30.9381,116.6015,0.26533,0.9367,1.1058,1.1805
osw-cql-seed1-B,cql,63000,6,63000,c03b2fc6fcdf9633,-698.54119873,51996,11915,16.853,-16.0992,32.9522,116.6015,0.28261,0.9501,1.1495,1.2099
osw-cql-seed1-B,cql,63000,7,63000,c03b2fc6fcdf9633,-698.54119873,64933,19513,15.5492,-9.5544,25.1037,116.6015,0.21529,0.9163,1.0944,1.1944
osw-cql-seed1-B,cql,63000,11,63000,c03b2fc6fcdf9633,-698.54119873,76763,39227,8.9295,-9.1705,18.1,116.6015,0.15523,0.9628,1.051,1.0916
osw-cql-seed1-B,cql,63000,12,63000,c03b2fc6fcdf9633,-698.54119873,33583,82841,12.4559,-1.6155,14.0714,116.6015,0.12068,0.9456,1.0271,1.0862
osw-cql-seed1-B,cql,63000,13,63000,c03b2fc6fcdf9633,-698.54119873,29838,52509,21.706,-2.662,24.3679,116.6015,0.20898,0.9103,1.0617,1.1664
osw-cql-seed1-B,cql,63000,14,63000,c03b2fc6fcdf9633,-698.54119873,36307,14110,29.0265,-10.9982,40.0247,116.6015,0.34326,0.9536,1.218,1.2773
osw-cql-seed1-B,cql,64000,0,64000,e126c393298beed5,-704.074890137,237311,68413,57.1394,-8.5722,65.7116,118.4464,0.55478,0.8553,1.2027,1.4061
osw-cql-seed1-B,cql,64000,2,64000,e126c393298beed5,-704.074890137,168808,33814,29.9427,-7.3628,37.3055,118.4464,0.31496,0.8993,1.0405,1.157
osw-cql-seed1-B,cql,64000,4,64000,e126c393298beed5,-704.074890137,35214,133999,21.8159,-0.9169,22.7328,118.4464,0.19192,0.8969,0.9901,1.1039
osw-cql-seed1-B,cql,64000,5,64000,e126c393298beed5,-704.074890137,40938,30344,22.8219,-6.6913,29.5132,118.4464,0.24917,0.9386,1.1049,1.1772
osw-cql-seed1-B,cql,64000,6,64000,e126c393298beed5,-704.074890137,51996,11915,17.1295,-15.4762,32.6057,118.4464,0.27528,0.952,1.153,1.2111
osw-cql-seed1-B,cql,64000,7,64000,e126c393298beed5,-704.074890137,64933,19513,14.586,-11.0306,25.6166,118.4464,0.21627,0.918,1.0969,1.1948
osw-cql-seed1-B,cql,64000,11,64000,e126c393298beed5,-704.074890137,76763,39227,7.1715,-9.5965,16.768,118.4464,0.14157,0.9647,1.0527,1.0912
osw-cql-seed1-B,cql,64000,12,64000,e126c393298beed5,-704.074890137,33583,82841,10.356,-2.4205,12.7765,118.4464,0.10787,0.9466,1.0286,1.0866
osw-cql-seed1-B,cql,64000,13,64000,e126c393298beed5,-704.074890137,29838,52509,20.8738,-3.0511,23.9249,118.4464,0.20199,0.916,1.0619,1.1594
osw-cql-seed1-B,cql,64000,14,64000,e126c393298beed5,-704.074890137,36307,14110,30.7792,-10.6725,41.4518,118.4464,0.34996,0.9583,1.2205,1.2737
osw-cql-seed1-B,cql,65000,0,65000,12119c46fb4af782,-716.194030762,237311,68413,55.5841,-11.277,66.8611,116.9331,0.57179,0.8526,1.1994,1.4068
osw-cql-seed1-B,cql,65000,2,65000,12119c46fb4af782,-716.194030762,168808,33814,29.5937,-7.907,37.5007,116.9331,0.3207,0.901,1.0405,1.1548
osw-cql-seed1-B,cql,65000,4,65000,12119c46fb4af782,-716.194030762,35214,133999,22.9672,-1.8523,24.8195,116.9331,0.21225,0.9012,0.9897,1.0983
osw-cql-seed1-B,cql,65000,5,65000,12119c46fb4af782,-716.194030762,40938,30344,24.4061,-7.4076,31.8137,116.9331,0.27207,0.9447,1.1014,1.1659
osw-cql-seed1-B,cql,65000,6,65000,12119c46fb4af782,-716.194030762,51996,11915,18.1423,-15.7902,33.9325,116.9331,0.29019,0.9533,1.1513,1.2077
osw-cql-seed1-B,cql,65000,7,65000,12119c46fb4af782,-716.194030762,64933,19513,14.411,-11.7384,26.1493,116.9331,0.22363,0.919,1.0924,1.1887
osw-cql-seed1-B,cql,65000,11,65000,12119c46fb4af782,-716.194030762,76763,39227,6.9114,-9.866,16.7774,116.9331,0.14348,0.962,1.0509,1.0924
osw-cql-seed1-B,cql,65000,12,65000,12119c46fb4af782,-716.194030762,33583,82841,10.9391,-2.637,13.5761,116.9331,0.1161,0.948,1.0275,1.0839
osw-cql-seed1-B,cql,65000,13,65000,12119c46fb4af782,-716.194030762,29838,52509,23.1963,-3.1975,26.3937,116.9331,0.22572,0.9168,1.0625,1.1589
osw-cql-seed1-B,cql,65000,14,65000,12119c46fb4af782,-716.194030762,36307,14110,30.3012,-11.0747,41.3759,116.9331,0.35384,0.9598,1.2226,1.2738
osw-cql-seed1-B,cql,66000,0,66000,390c27cba03fd2db,-724.800170898,237311,68413,55.3994,-10.4666,65.8661,117.0797,0.56257,0.8503,1.2013,1.4128
osw-cql-seed1-B,cql,66000,2,66000,390c27cba03fd2db,-724.800170898,168808,33814,29.0751,-8.6761,37.7512,117.0797,0.32244,0.896,1.0355,1.1557
osw-cql-seed1-B,cql,66000,4,66000,390c27cba03fd2db,-724.800170898,35214,133999,22.7325,-1.603,24.3355,117.0797,0.20785,0.8997,0.9881,1.0982
osw-cql-seed1-B,cql,66000,5,66000,390c27cba03fd2db,-724.800170898,40938,30344,20.9963,-7.5804,28.5767,117.0797,0.24408,0.9441,1.0993,1.1643
osw-cql-seed1-B,cql,66000,6,66000,390c27cba03fd2db,-724.800170898,51996,11915,15.9939,-16.1425,32.1364,117.0797,0.27448,0.9518,1.1511,1.2093
osw-cql-seed1-B,cql,66000,7,66000,390c27cba03fd2db,-724.800170898,64933,19513,13.7333,-11.3412,25.0745,117.0797,0.21417,0.9192,1.0939,1.1902
osw-cql-seed1-B,cql,66000,11,66000,390c27cba03fd2db,-724.800170898,76763,39227,7.9998,-9.5106,17.5104,117.0797,0.14956,0.96,1.0488,1.0925
osw-cql-seed1-B,cql,66000,12,66000,390c27cba03fd2db,-724.800170898,33583,82841,8.7368,-3.0957,11.8325,117.0797,0.10106,0.9461,1.0259,1.0844
osw-cql-seed1-B,cql,66000,13,66000,390c27cba03fd2db,-724.800170898,29838,52509,18.659,-3.8762,22.5352,117.0797,0.19248,0.9137,1.0609,1.1611
osw-cql-seed1-B,cql,66000,14,66000,390c27cba03fd2db,-724.800170898,36307,14110,29.163,-11.7056,40.8686,117.0797,0.34907,0.9585,1.2213,1.2743
osw-cql-seed1-B,cql,67000,0,67000,79d224641cf8f2fc,-735.162658691,237311,68413,56.324,-9.2136,65.5377,117.9006,0.55587,0.8523,1.1969,1.4043
osw-cql-seed1-B,cql,67000,2,67000,79d224641cf8f2fc,-735.162658691,168808,33814,27.7125,-8.4625,36.175,117.9006,0.30683,0.8965,1.0349,1.1543
osw-cql-seed1-B,cql,67000,4,67000,79d224641cf8f2fc,-735.162658691,35214,133999,19.5762,-1.3888,20.965,117.9006,0.17782,0.8963,0.9871,1.1012
osw-cql-seed1-B,cql,67000,5,67000,79d224641cf8f2fc,-735.162658691,40938,30344,22.7814,-6.7198,29.5012,117.9006,0.25022,0.9366,1.1016,1.1762
osw-cql-seed1-B,cql,67000,6,67000,79d224641cf8f2fc,-735.162658691,51996,11915,15.9192,-15.0338,30.953,117.9006,0.26253,0.9526,1.1512,1.2085
osw-cql-seed1-B,cql,67000,7,67000,79d224641cf8f2fc,-735.162658691,64933,19513,14.2679,-10.7698,25.0377,117.9006,0.21236,0.9169,1.0917,1.1906
osw-cql-seed1-B,cql,67000,11,67000,79d224641cf8f2fc,-735.162658691,76763,39227,7.8096,-9.2415,17.0511,117.9006,0.14462,0.9639,1.052,1.0914
osw-cql-seed1-B,cql,67000,12,67000,79d224641cf8f2fc,-735.162658691,33583,82841,8.2142,-2.6189,10.8331,117.9006,0.09188,0.9467,1.0255,1.0832
osw-cql-seed1-B,cql,67000,13,67000,79d224641cf8f2fc,-735.162658691,29838,52509,17.9705,-3.0486,21.0191,117.9006,0.17828,0.9168,1.0612,1.1575
osw-cql-seed1-B,cql,67000,14,67000,79d224641cf8f2fc,-735.162658691,36307,14110,29.061,-10.3233,39.3843,117.9006,0.33405,0.9593,1.2217,1.2735
osw-cql-seed1-B,cql,68000,0,68000,eb2adc2038e81d02,-749.248413086,237311,68413,55.5777,-10.5774,66.1551,117.0416,0.56523,0.8514,1.195,1.4036
osw-cql-seed1-B,cql,68000,2,68000,eb2adc2038e81d02,-749.248413086,168808,33814,27.4453,-8.2518,35.6971,117.0416,0.30499,0.901,1.0369,1.1508
osw-cql-seed1-B,cql,68000,4,68000,eb2adc2038e81d02,-749.248413086,35214,133999,20.7404,-2.0656,22.806,117.0416,0.19485,0.9019,0.9885,1.096
osw-cql-seed1-B,cql,68000,5,68000,eb2adc2038e81d02,-749.248413086,40938,30344,23.3245,-7.3799,30.7044,117.0416,0.26234,0.9419,1.1019,1.1699
osw-cql-seed1-B,cql,68000,6,68000,eb2adc2038e81d02,-749.248413086,51996,11915,16.0782,-16.7449,32.8231,117.0416,0.28044,0.9535,1.1495,1.2056
osw-cql-seed1-B,cql,68000,7,68000,eb2adc2038e81d02,-749.248413086,64933,19513,14.3607,-10.7065,25.0671,117.0416,0.21417,0.9166,1.0933,1.1927
osw-cql-seed1-B,cql,68000,11,68000,eb2adc2038e81d02,-749.248413086,76763,39227,7.4008,-9.6748,17.0756,117.0416,0.14589,0.9638,1.0523,1.0919
osw-cql-seed1-B,cql,68000,12,68000,eb2adc2038e81d02,-749.248413086,33583,82841,9.4391,-2.9531,12.3922,117.0416,0.10588,0.9477,1.0279,1.0846
osw-cql-seed1-B,cql,68000,13,68000,eb2adc2038e81d02,-749.248413086,29838,52509,18.5147,-4.0794,22.5941,117.0416,0.19304,0.9146,1.0612,1.1602
osw-cql-seed1-B,cql,68000,14,68000,eb2adc2038e81d02,-749.248413086,36307,14110,28.7274,-11.8931,40.6205,117.0416,0.34706,0.9589,1.2169,1.2691
osw-cql-seed1-B,cql,69000,0,69000,a91d73b82320d5a1,-757.643432617,237311,68413,55.5486,-11.4409,66.9894,118.9288,0.56327,0.8543,1.2015,1.4063
osw-cql-seed1-B,cql,69000,2,69000,a91d73b82320d5a1,-757.643432617,168808,33814,28.7411,-8.4237,37.1649,118.9288,0.3125,0.9006,1.0406,1.1554
osw-cql-seed1-B,cql,69000,4,69000,a91d73b82320d5a1,-757.643432617,35214,133999,21.9936,-2.2053,24.1989,118.9288,0.20347,0.9019,0.9883,1.0957
osw-cql-seed1-B,cql,69000,5,69000,a91d73b82320d5a1,-757.643432617,40938,30344,22.5593,-8.4111,30.9704,118.9288,0.26041,0.9461,1.0993,1.1619
osw-cql-seed1-B,cql,69000,6,69000,a91d73b82320d5a1,-757.643432617,51996,11915,15.5341,-15.6999,31.234,118.9288,0.26263,0.9545,1.1544,1.2094
osw-cql-seed1-B,cql,69000,7,69000,a91d73b82320d5a1,-757.643432617,64933,19513,13.4984,-11.2216,24.7199,118.9288,0.20785,0.9151,1.0897,1.1907
osw-cql-seed1-B,cql,69000,11,69000,a91d73b82320d5a1,-757.643432617,76763,39227,5.9201,-9.9552,15.8754,118.9288,0.13349,0.9637,1.0497,1.0893
osw-cql-seed1-B,cql,69000,12,69000,a91d73b82320d5a1,-757.643432617,33583,82841,7.595,-3.4442,11.0391,118.9288,0.09282,0.9454,1.0234,1.0825
osw-cql-seed1-B,cql,69000,13,69000,a91d73b82320d5a1,-757.643432617,29838,52509,18.4524,-3.8853,22.3377,118.9288,0.18782,0.9155,1.0596,1.1574
osw-cql-seed1-B,cql,69000,14,69000,a91d73b82320d5a1,-757.643432617,36307,14110,29.8568,-11.1537,41.0106,118.9288,0.34483,0.9609,1.218,1.2675
osw-cql-seed1-B,cql,70000,0,70000,31550824d9a48a44,-766.058349609,237311,68413,56.4518,-9.7791,66.2309,119.2213,0.55553,0.8519,1.1961,1.404
osw-cql-seed1-B,cql,70000,2,70000,31550824d9a48a44,-766.058349609,168808,33814,28.119,-8.2631,36.3821,119.2213,0.30516,0.8967,1.0326,1.1516
osw-cql-seed1-B,cql,70000,4,70000,31550824d9a48a44,-766.058349609,35214,133999,21.7545,-2.1056,23.8601,119.2213,0.20013,0.9077,0.9897,1.0902
osw-cql-seed1-B,cql,70000,5,70000,31550824d9a48a44,-766.058349609,40938,30344,23.5445,-7.5391,31.0836,119.2213,0.26072,0.9437,1.0997,1.1654
osw-cql-seed1-B,cql,70000,6,70000,31550824d9a48a44,-766.058349609,51996,11915,17.0854,-15.6762,32.7616,119.2213,0.2748,0.9525,1.1525,1.21
osw-cql-seed1-B,cql,70000,7,70000,31550824d9a48a44,-766.058349609,64933,19513,14.4866,-11.0022,25.4888,119.2213,0.21379,0.9173,1.094,1.1927
osw-cql-seed1-B,cql,70000,11,70000,31550824d9a48a44,-766.058349609,76763,39227,6.886,-9.6336,16.5196,119.2213,0.13856,0.9636,1.0508,1.0904
osw-cql-seed1-B,cql,70000,12,70000,31550824d9a48a44,-766.058349609,33583,82841,9.5009,-2.9453,12.4462,119.2213,0.1044,0.946,1.0255,1.0841
osw-cql-seed1-B,cql,70000,13,70000,31550824d9a48a44,-766.058349609,29838,52509,20.158,-3.7413,23.8993,119.2213,0.20046,0.916,1.0608,1.1581
osw-cql-seed1-B,cql,70000,14,70000,31550824d9a48a44,-766.058349609,36307,14110,28.3523,-11.9029,40.2552,119.2213,0.33765,0.9557,1.2168,1.2732
osw-cql-seed1-B,cql,71000,0,71000,b63db81d0f5eafa6,-774.617797852,237311,68413,55.359,-9.9681,65.3271,117.2353,0.55723,0.8516,1.1941,1.4022
osw-cql-seed1-B,cql,71000,2,71000,b63db81d0f5eafa6,-774.617797852,168808,33814,28.2861,-8.5446,36.8307,117.2353,0.31416,0.8973,1.0315,1.1496
osw-cql-seed1-B,cql,71000,4,71000,b63db81d0f5eafa6,-774.617797852,35214,133999,20.0669,-1.971,22.038,117.2353,0.18798,0.9027,0.9849,1.091
osw-cql-seed1-B,cql,71000,5,71000,b63db81d0f5eafa6,-774.617797852,40938,30344,21.839,-7.5773,29.4163,117.2353,0.25092,0.9399,1.096,1.166
osw-cql-seed1-B,cql,71000,6,71000,b63db81d0f5eafa6,-774.617797852,51996,11915,15.7017,-15.9623,31.664,117.2353,0.27009,0.9504,1.1549,1.2151
osw-cql-seed1-B,cql,71000,7,71000,b63db81d0f5eafa6,-774.617797852,64933,19513,13.7633,-11.1278,24.8911,117.2353,0.21232,0.9164,1.0934,1.1931
osw-cql-seed1-B,cql,71000,11,71000,b63db81d0f5eafa6,-774.617797852,76763,39227,5.5654,-9.9227,15.4881,117.2353,0.13211,0.9629,1.0497,1.0902
osw-cql-seed1-B,cql,71000,12,71000,b63db81d0f5eafa6,-774.617797852,33583,82841,6.5339,-3.8147,10.3486,117.2353,0.08827,0.9469,1.0244,1.0818
osw-cql-seed1-B,cql,71000,13,71000,b63db81d0f5eafa6,-774.617797852,29838,52509,16.9577,-4.1632,21.1208,117.2353,0.18016,0.9097,1.0596,1.1648
osw-cql-seed1-B,cql,71000,14,71000,b63db81d0f5eafa6,-774.617797852,36307,14110,27.4147,-11.9905,39.4052,117.2353,0.33612,0.9511,1.2162,1.2788
osw-cql-seed1-B,cql,72000,0,72000,b7b1d478dd46f3a3,-776.546936035,237311,68413,54.7755,-11.6151,66.3906,117.37,0.56565,0.8509,1.1947,1.404
osw-cql-seed1-B,cql,72000,2,72000,b7b1d478dd46f3a3,-776.546936035,168808,33814,26.1773,-8.7224,34.8996,117.37,0.29735,0.8986,1.0336,1.1502
osw-cql-seed1-B,cql,72000,4,72000,b7b1d478dd46f3a3,-776.546936035,35214,133999,21.3598,-1.7912,23.1509,117.37,0.19725,0.9063,0.9881,1.0902
osw-cql-seed1-B,cql,72000,5,72000,b7b1d478dd46f3a3,-776.546936035,40938,30344,22.7657,-7.0412,29.8069,117.37,0.25396,0.9438,1.0959,1.1612
osw-cql-seed1-B,cql,72000,6,72000,b7b1d478dd46f3a3,-776.546936035,51996,11915,15.0472,-16.6172,31.6644,117.37,0.26978,0.9523,1.1473,1.2048
osw-cql-seed1-B,cql,72000,7,72000,b7b1d478dd46f3a3,-776.546936035,64933,19513,11.8403,-12.3258,24.166,117.37,0.2059,0.9159,1.0904,1.1905
osw-cql-seed1-B,cql,72000,11,72000,b7b1d478dd46f3a3,-776.546936035,76763,39227,6.545,-9.4875,16.0325,117.37,0.1366,0.962,1.0487,1.0901
osw-cql-seed1-B,cql,72000,12,72000,b7b1d478dd46f3a3,-776.546936035,33583,82841,10.654,-2.1931,12.8471,117.37,0.10946,0.9476,1.026,1.0827
osw-cql-seed1-B,cql,72000,13,72000,b7b1d478dd46f3a3,-776.546936035,29838,52509,18.8636,-3.3233,22.1869,117.37,0.18903,0.9189,1.0625,1.1563
osw-cql-seed1-B,cql,72000,14,72000,b7b1d478dd46f3a3,-776.546936035,36307,14110,28.7037,-10.6882,39.3919,117.37,0.33562,0.9631,1.2164,1.263
osw-cql-seed1-B,cql,73000,0,73000,c3e1c4db92f67211,-775.489562988,237311,68413,53.598,-12.0412,65.6392,115.5673,0.56797,0.852,1.1951,1.4027
osw-cql-seed1-B,cql,73000,2,73000,c3e1c4db92f67211,-775.489562988,168808,33814,25.4761,-8.7001,34.1762,115.5673,0.29573,0.8994,1.0345,1.1503
osw-cql-seed1-B,cql,73000,4,73000,c3e1c4db92f67211,-775.489562988,35214,133999,20.7771,-2.0703,22.8474,115.5673,0.1977,0.9075,0.9869,1.0875
osw-cql-seed1-B,cql,73000,5,73000,c3e1c4db92f67211,-775.489562988,40938,30344,21.9121,-7.8471,29.7592,115.5673,0.25751,0.9445,1.1011,1.1658
osw-cql-seed1-B,cql,73000,6,73000,c3e1c4db92f67211,-775.489562988,51996,11915,15.4457,-17.5471,32.9928,115.5673,0.28549,0.957,1.1583,1.2104
osw-cql-seed1-B,cql,73000,7,73000,c3e1c4db92f67211,-775.489562988,64933,19513,13.919,-11.5698,25.4888,115.5673,0.22055,0.9193,1.0937,1.1898
osw-cql-seed1-B,cql,73000,11,73000,c3e1c4db92f67211,-775.489562988,76763,39227,5.0183,-10.0898,15.108,115.5673,0.13073,0.9624,1.0497,1.0908
osw-cql-seed1-B,cql,73000,12,73000,c3e1c4db92f67211,-775.489562988,33583,82841,6.6797,-3.8183,10.498,115.5673,0.09084,0.9495,1.0252,1.0797
osw-cql-seed1-B,cql,73000,13,73000,c3e1c4db92f67211,-775.489562988,29838,52509,18.7451,-4.0616,22.8067,115.5673,0.19735,0.9248,1.0638,1.1503
osw-cql-seed1-B,cql,73000,14,73000,c3e1c4db92f67211,-775.489562988,36307,14110,28.0442,-11.7519,39.7961,115.5673,0.34435,0.9673,1.2243,1.2656
osw-cql-seed1-B,cql,74000,0,74000,7a2565458b1bfa4d,-785.334716797,237311,68413,53.9552,-12.5078,66.463,115.8556,0.57367,0.8514,1.1948,1.4034
osw-cql-seed1-B,cql,74000,2,74000,7a2565458b1bfa4d,-785.334716797,168808,33814,28.2075,-8.1598,36.3673,115.8556,0.3139,0.8981,1.0334,1.1506
osw-cql-seed1-B,cql,74000,4,74000,7a2565458b1bfa4d,-785.334716797,35214,133999,19.4433,-2.1379,21.5811,115.8556,0.18628,0.8984,0.9844,1.0958
osw-cql-seed1-B,cql,74000,5,74000,7a2565458b1bfa4d,-785.334716797,40938,30344,22.9141,-7.0898,30.0039,115.8556,0.25898,0.9419,1.0946,1.1621
osw-cql-seed1-B,cql,74000,6,74000,7a2565458b1bfa4d,-785.334716797,51996,11915,16.1182,-15.8429,31.9611,115.8556,0.27587,0.9508,1.1515,1.2111
osw-cql-seed1-B,cql,74000,7,74000,7a2565458b1bfa4d,-785.334716797,64933,19513,12.7491,-11.3382,24.0874,115.8556,0.20791,0.9153,1.0944,1.1956
osw-cql-seed1-B,cql,74000,11,74000,7a2565458b1bfa4d,-785.334716797,76763,39227,5.9453,-9.7996,15.7449,115.8556,0.1359,0.9627,1.0498,1.0904
osw-cql-seed1-B,cql,74000,12,74000,7a2565458b1bfa4d,-785.334716797,33583,82841,7.918,-3.2383,11.1562,115.8556,0.09629,0.946,1.0246,1.0831
osw-cql-seed1-B,cql,74000,13,74000,7a2565458b1bfa4d,-785.334716797,29838,52509,18.9789,-3.4198,22.3987,115.8556,0.19333,0.9154,1.0616,1.1597
osw-cql-seed1-B,cql,74000,14,74000,7a2565458b1bfa4d,-785.334716797,36307,14110,28.8953,-10.7138,39.609,115.8556,0.34188,0.9615,1.22,1.2688
osw-cql-seed1-B,cql,75000,0,75000,298359b75e94e8cf,-793.093688965,237311,68413,55.3192,-12.5016,67.8208,118.2881,0.57335,0.8541,1.1956,1.3998
osw-cql-seed1-B,cql,75000,2,75000,298359b75e94e8cf,-793.093688965,168808,33814,25.5435,-8.7426,34.2861,118.2881,0.28985,0.8979,1.0326,1.15
osw-cql-seed1-B,cql,75000,4,75000,298359b75e94e8cf,-793.093688965,35214,133999,17.224,-2.4256,19.6496,118.2881,0.16612,0.8992,0.9842,1.0946
osw-cql-seed1-B,cql,75000,5,75000,298359b75e94e8cf,-793.093688965,40938,30344,20.258,-8.0368,28.2948,118.2881,0.2392,0.9402,1.0979,1.1678
osw-cql-seed1-B,cql,75000,6,75000,298359b75e94e8cf,-793.093688965,51996,11915,14.1108,-15.9902,30.101,118.2881,0.25447,0.9468,1.144,1.2083
osw-cql-seed1-B,cql,75000,7,75000,298359b75e94e8cf,-793.093688965,64933,19513,12.5921,-11.9583,24.5505,118.2881,0.20755,0.9159,1.0889,1.1888
osw-cql-seed1-B,cql,75000,11,75000,298359b75e94e8cf,-793.093688965,76763,39227,5.4928,-9.7698,15.2626,118.2881,0.12903,0.9628,1.0491,1.0895
osw-cql-seed1-B,cql,75000,12,75000,298359b75e94e8cf,-793.093688965,33583,82841,7.2201,-3.5849,10.805,118.2881,0.09134,0.9439,1.0233,1.0841
osw-cql-seed1-B,cql,75000,13,75000,298359b75e94e8cf,-793.093688965,29838,52509,16.8414,-4.2781,21.1195,118.2881,0.17854,0.9124,1.059,1.1606
osw-cql-seed1-B,cql,75000,14,75000,298359b75e94e8cf,-793.093688965,36307,14110,28.6632,-11.9707,40.6339,118.2881,0.34352,0.9507,1.2084,1.271
osw-cql-seed1-B,cql,76000,0,76000,e79b05d7f9e456d9,-808.431091309,237311,68413,54.116,-12.9537,67.0697,118.6143,0.56544,0.8525,1.1931,1.3996
osw-cql-seed1-B,cql,76000,2,76000,e79b05d7f9e456d9,-808.431091309,168808,33814,24.4757,-9.745,34.2207,118.6143,0.2885,0.8984,1.031,1.1477
osw-cql-seed1-B,cql,76000,4,76000,e79b05d7f9e456d9,-808.431091309,35214,133999,19.693,-2.1365,21.8295,118.6143,0.18404,0.9023,0.9842,1.0908
osw-cql-seed1-B,cql,76000,5,76000,e79b05d7f9e456d9,-808.431091309,40938,30344,22.1104,-6.9549,29.0653,118.6143,0.24504,0.9432,1.0966,1.1627
osw-cql-seed1-B,cql,76000,6,76000,e79b05d7f9e456d9,-808.431091309,51996,11915,13.8808,-16.4281,30.3089,118.6143,0.25553,0.9514,1.1433,1.2016
osw-cql-seed1-B,cql,76000,7,76000,e79b05d7f9e456d9,-808.431091309,64933,19513,10.8025,-12.9825,23.785,118.6143,0.20052,0.9157,1.0908,1.1913
osw-cql-seed1-B,cql,76000,11,76000,e79b05d7f9e456d9,-808.431091309,76763,39227,6.8741,-9.9716,16.8457,118.6143,0.14202,0.9632,1.0491,1.0892
osw-cql-seed1-B,cql,76000,12,76000,e79b05d7f9e456d9,-808.431091309,33583,82841,9.2777,-3.1147,12.3924,118.6143,0.10448,0.9459,1.0258,1.0844
osw-cql-seed1-B,cql,76000,13,76000,e79b05d7f9e456d9,-808.431091309,29838,52509,18.4065,-3.6594,22.0659,118.6143,0.18603,0.9169,1.0612,1.1573
osw-cql-seed1-B,cql,76000,14,76000,e79b05d7f9e456d9,-808.431091309,36307,14110,28.7073,-11.5647,40.2721,118.6143,0.33952,0.9535,1.2081,1.267
osw-cql-seed1-B,cql,77000,0,77000,2a9f95017cda5aba,-815.147949219,237311,68413,53.1095,-13.2946,66.404,117.0306,0.56741,0.8517,1.1916,1.3991
osw-cql-seed1-B,cql,77000,2,77000,2a9f95017cda5aba,-815.147949219,168808,33814,25.7132,-9.1993,34.9125,117.0306,0.29832,0.8987,1.0336,1.1501
osw-cql-seed1-B,cql,77000,4,77000,2a9f95017cda5aba,-815.147949219,35214,133999,18.0682,-2.0546,20.1228,117.0306,0.17194,0.9023,0.9834,1.0899
osw-cql-seed1-B,cql,77000,5,77000,2a9f95017cda5aba,-815.147949219,40938,30344,21.0814,-8.1357,29.217,117.0306,0.24965,0.941,1.0901,1.1585
osw-cql-seed1-B,cql,77000,6,77000,2a9f95017cda5aba,-815.147949219,51996,11915,14.8711,-16.3095,31.1806,117.0306,0.26643,0.9489,1.1473,1.2091
osw-cql-seed1-B,cql,77000,7,77000,2a9f95017cda5aba,-815.147949219,64933,19513,13.367,-11.3672,24.7342,117.0306,0.21135,0.9146,1.0898,1.1915
osw-cql-seed1-B,cql,77000,11,77000,2a9f95017cda5aba,-815.147949219,76763,39227,6.1674,-9.6039,15.7714,117.0306,0.13476,0.9628,1.0493,1.0898
osw-cql-seed1-B,cql,77000,12,77000,2a9f95017cda5aba,-815.147949219,33583,82841,10.2887,-2.4332,12.7219,117.0306,0.10871,0.9464,1.0267,1.0848
osw-cql-seed1-B,cql,77000,13,77000,2a9f95017cda5aba,-815.147949219,29838,52509,18.3854,-3.4951,21.8805,117.0306,0.18696,0.911,1.056,1.1591
osw-cql-seed1-B,cql,77000,14,77000,2a9f95017cda5aba,-815.147949219,36307,14110,27.1316,-12.3772,39.5088,117.0306,0.33759,0.9515,1.208,1.2697
osw-cql-seed1-B,cql,78000,0,78000,bc1c3d7daddd90c0,-824.161071777,237311,68413,53.471,-12.0439,65.5149,115.1368,0.56902,0.8531,1.1941,1.3997
osw-cql-seed1-B,cql,78000,2,78000,bc1c3d7daddd90c0,-824.161071777,168808,33814,25.1224,-9.3809,34.5033,115.1368,0.29967,0.903,1.0335,1.1445
osw-cql-seed1-B,cql,78000,4,78000,bc1c3d7daddd90c0,-824.161071777,35214,133999,18.7616,-2.1907,20.9523,115.1368,0.18198,0.9056,0.9841,1.0867
osw-cql-seed1-B,cql,78000,5,78000,bc1c3d7daddd90c0,-824.161071777,40938,30344,20.8379,-7.4416,28.2795,115.1368,0.24562,0.9484,1.0922,1.1516
osw-cql-seed1-B,cql,78000,6,78000,bc1c3d7daddd90c0,-824.161071777,51996,11915,15.3806,-16.5431,31.9237,115.1368,0.27727,0.9499,1.1442,1.2047
osw-cql-seed1-B,cql,78000,7,78000,bc1c3d7daddd90c0,-824.161071777,64933,19513,11.9061,-12.3003,24.2064,115.1368,0.21024,0.9196,1.0918,1.1871
osw-cql-seed1-B,cql,78000,11,78000,bc1c3d7daddd90c0,-824.161071777,76763,39227,5.7779,-9.878,15.6559,115.1368,0.13598,0.9617,1.0492,1.0909
osw-cql-seed1-B,cql,78000,12,78000,bc1c3d7daddd90c0,-824.161071777,33583,82841,8.0041,-3.29,11.2941,115.1368,0.09809,0.9456,1.0234,1.0823
osw-cql-seed1-B,cql,78000,13,78000,bc1c3d7daddd90c0,-824.161071777,29838,52509,16.205,-3.6795,19.8845,115.1368,0.1727,0.9165,1.0584,1.1548
osw-cql-seed1-B,cql,78000,14,78000,bc1c3d7daddd90c0,-824.161071777,36307,14110,27.9568,-12.1959,40.1528,115.1368,0.34874,0.9594,1.2078,1.2589
osw-cql-seed1-B,cql,79000,0,79000,32a8c366b0797c1f,-830.365600586,237311,68413,52.9527,-13.595,66.5477,116.0948,0.57322,0.8542,1.1943,1.3982
osw-cql-seed1-B,cql,79000,2,79000,32a8c366b0797c1f,-830.365600586,168808,33814,24.5349,-9.1888,33.7236,116.0948,0.29048,0.8993,1.0296,1.1449
osw-cql-seed1-B,cql,79000,4,79000,32a8c366b0797c1f,-830.365600586,35214,133999,17.4055,-2.0279,19.4334,116.0948,0.16739,0.903,0.9823,1.0879
osw-cql-seed1-B,cql,79000,5,79000,32a8c366b0797c1f,-830.365600586,40938,30344,21.0061,-7.7264,28.7325,116.0948,0.24749,0.9416,1.0907,1.1583
osw-cql-seed1-B,cql,79000,6,79000,32a8c366b0797c1f,-830.365600586,51996,11915,13.0194,-16.7613,29.7808,116.0948,0.25652,0.9517,1.1509,1.2093
osw-cql-seed1-B,cql,79000,7,79000,32a8c366b0797c1f,-830.365600586,64933,19513,10.5844,-12.3975,22.9819,116.0948,0.19796,0.9154,1.0902,1.191
osw-cql-seed1-B,cql,79000,11,79000,32a8c366b0797c1f,-830.365600586,76763,39227,4.8897,-9.8464,14.7362,116.0948,0.12693,0.9622,1.049,1.0902
osw-cql-seed1-B,cql,79000,12,79000,32a8c366b0797c1f,-830.365600586,33583,82841,6.3349,-3.4591,9.7939,116.0948,0.08436,0.9463,1.0219,1.08
osw-cql-seed1-B,cql,79000,13,79000,32a8c366b0797c1f,-830.365600586,29838,52509,16.913,-4.176,21.0889,116.0948,0.18165,0.9147,1.0581,1.1567
osw-cql-seed1-B,cql,79000,14,79000,32a8c366b0797c1f,-830.365600586,36307,14110,28.3105,-11.8506,40.1611,116.0948,0.34593,0.9558,1.2117,1.2677
osw-cql-seed1-B,cql,80000,0,80000,839bc87b60be079c,-841.479064941,237311,68413,51.8468,-14.5831,66.4299,115.219,0.57655,0.853,1.1905,1.3956
osw-cql-seed1-B,cql,80000,2,80000,839bc87b60be079c,-841.479064941,168808,33814,24.5059,-9.5576,34.0635,115.219,0.29564,0.899,1.0331,1.1492
osw-cql-seed1-B,cql,80000,4,80000,839bc87b60be079c,-841.479064941,35214,133999,18.282,-1.8696,20.1516,115.219,0.1749,0.8997,0.9844,1.094
osw-cql-seed1-B,cql,80000,5,80000,839bc87b60be079c,-841.479064941,40938,30344,20.2612,-7.4507,27.7119,115.219,0.24051,0.9409,1.0954,1.1641
osw-cql-seed1-B,cql,80000,6,80000,839bc87b60be079c,-841.479064941,51996,11915,14.2298,-16.288,30.5178,115.219,0.26487,0.9489,1.1483,1.2102
osw-cql-seed1-B,cql,80000,7,80000,839bc87b60be079c,-841.479064941,64933,19513,10.94,-12.6426,23.5826,115.219,0.20468,0.9168,1.0891,1.1879
osw-cql-seed1-B,cql,80000,11,80000,839bc87b60be079c,-841.479064941,76763,39227,5.5152,-9.7578,15.273,115.219,0.13256,0.9621,1.0466,1.0878
osw-cql-seed1-B,cql,80000,12,80000,839bc87b60be079c,-841.479064941,33583,82841,6.96,-3.0839,10.0439,115.219,0.08717,0.9478,1.0241,1.0805
osw-cql-seed1-B,cql,80000,13,80000,839bc87b60be079c,-841.479064941,29838,52509,16.447,-3.3066,19.7536,115.219,0.17144,0.9111,1.0614,1.1649
osw-cql-seed1-B,cql,80000,14,80000,839bc87b60be079c,-841.479064941,36307,14110,26.0624,-11.4779,37.5403,115.219,0.32582,0.9547,1.2144,1.272
osw-cql-seed1-B,cql,81000,0,81000,4d0d9b90bd22f681,-853.049804688,237311,68413,53.1083,-13.4323,66.5406,115.5393,0.57591,0.8497,1.1911,1.4018
osw-cql-seed1-B,cql,81000,2,81000,4d0d9b90bd22f681,-853.049804688,168808,33814,24.4139,-9.3379,33.7518,115.5393,0.29212,0.8956,1.0282,1.1481
osw-cql-seed1-B,cql,81000,4,81000,4d0d9b90bd22f681,-853.049804688,35214,133999,17.8293,-1.7879,19.6173,115.5393,0.16979,0.9006,0.981,1.0892
osw-cql-seed1-B,cql,81000,5,81000,4d0d9b90bd22f681,-853.049804688,40938,30344,20.3055,-7.1788,27.4843,115.5393,0.23788,0.9415,1.0926,1.1605
osw-cql-seed1-B,cql,81000,6,81000,4d0d9b90bd22f681,-853.049804688,51996,11915,14.0793,-16.1388,30.218,115.5393,0.26154,0.9516,1.1491,1.2076
osw-cql-seed1-B,cql,81000,7,81000,4d0d9b90bd22f681,-853.049804688,64933,19513,11.064,-12.6076,23.6716,115.5393,0.20488,0.9165,1.0934,1.193
osw-cql-seed1-B,cql,81000,11,81000,4d0d9b90bd22f681,-853.049804688,76763,39227,3.7387,-10.0173,13.756,115.5393,0.11906,0.9617,1.0476,1.0894
osw-cql-seed1-B,cql,81000,12,81000,4d0d9b90bd22f681,-853.049804688,33583,82841,5.452,-3.3961,8.8481,115.5393,0.07658,0.9448,1.0216,1.0813
osw-cql-seed1-B,cql,81000,13,81000,4d0d9b90bd22f681,-853.049804688,29838,52509,17.1235,-3.4285,20.552,115.5393,0.17788,0.9164,1.0575,1.1539
osw-cql-seed1-B,cql,81000,14,81000,4d0d9b90bd22f681,-853.049804688,36307,14110,26.988,-11.3553,38.3433,115.5393,0.33186,0.958,1.2128,1.2659
osw-cql-seed1-B,cql,82000,0,82000,c9f861d52e14b813,-864.496459961,237311,68413,51.9089,-13.9882,65.8972,116.7366,0.56449,0.8534,1.1905,1.3951
osw-cql-seed1-B,cql,82000,2,82000,c9f861d52e14b813,-864.496459961,168808,33814,23.0558,-9.92,32.9758,116.7366,0.28248,0.8986,1.0321,1.1486
osw-cql-seed1-B,cql,82000,4,82000,c9f861d52e14b813,-864.496459961,35214,133999,18.799,-2.4163,21.2154,116.7366,0.18174,0.9043,0.9852,1.0895
osw-cql-seed1-B,cql,82000,5,82000,c9f861d52e14b813,-864.496459961,40938,30344,19.8266,-8.2087,28.0353,116.7366,0.24016,0.9429,1.0971,1.1636
osw-cql-seed1-B,cql,82000,6,82000,c9f861d52e14b813,-864.496459961,51996,11915,13.876,-16.8958,30.7717,116.7366,0.2636,0.9514,1.1483,1.2069
osw-cql-seed1-B,cql,82000,7,82000,c9f861d52e14b813,-864.496459961,64933,19513,11.7525,-12.7639,24.5165,116.7366,0.21002,0.9167,1.0917,1.1909
osw-cql-seed1-B,cql,82000,11,82000,c9f861d52e14b813,-864.496459961,76763,39227,2.731,-10.7344,13.4654,116.7366,0.11535,0.9626,1.0484,1.0891
osw-cql-seed1-B,cql,82000,12,82000,c9f861d52e14b813,-864.496459961,33583,82841,4.1942,-4.3255,8.5197,116.7366,0.07298,0.9442,1.0219,1.0823
osw-cql-seed1-B,cql,82000,13,82000,c9f861d52e14b813,-864.496459961,29838,52509,17.2828,-4.1759,21.4587,116.7366,0.18382,0.9132,1.0606,1.1614
osw-cql-seed1-B,cql,82000,14,82000,c9f861d52e14b813,-864.496459961,36307,14110,26.8404,-12.1234,38.9638,116.7366,0.33378,0.954,1.212,1.2704
osw-cql-seed1-B,cql,83000,0,83000,4f22679046bb17fd,-871.903503418,237311,68413,52.4719,-14.2356,66.7076,117.4061,0.56818,0.8529,1.1876,1.3923
osw-cql-seed1-B,cql,83000,2,83000,4f22679046bb17fd,-871.903503418,168808,33814,24.3614,-9.5035,33.8649,117.4061,0.28844,0.8963,1.0278,1.1467
osw-cql-seed1-B,cql,83000,4,83000,4f22679046bb17fd,-871.903503418,35214,133999,19.0348,-2.2868,21.3216,117.4061,0.18161,0.9011,0.9824,1.0902
osw-cql-seed1-B,cql,83000,5,83000,4f22679046bb17fd,-871.903503418,40938,30344,19.7967,-8.0593,27.856,117.4061,0.23726,0.9378,1.0925,1.165
osw-cql-seed1-B,cql,83000,6,83000,4f22679046bb17fd,-871.903503418,51996,11915,13.2023,-17.6749,30.8772,117.4061,0.263,0.9497,1.1454,1.2061
osw-cql-seed1-B,cql,83000,7,83000,4f22679046bb17fd,-871.903503418,64933,19513,10.4536,-12.9443,23.3979,117.4061,0.19929,0.9159,1.0886,1.1886
osw-cql-seed1-B,cql,83000,11,83000,4f22679046bb17fd,-871.903503418,76763,39227,4.4433,-9.7819,14.2251,117.4061,0.12116,0.9607,1.0464,1.0892
osw-cql-seed1-B,cql,83000,12,83000,4f22679046bb17fd,-871.903503418,33583,82841,6.6506,-3.3828,10.0335,117.4061,0.08546,0.944,1.0209,1.0815
osw-cql-seed1-B,cql,83000,13,83000,4f22679046bb17fd,-871.903503418,29838,52509,15.3232,-4.4253,19.7485,117.4061,0.16821,0.9098,1.0565,1.1613
osw-cql-seed1-B,cql,83000,14,83000,4f22679046bb17fd,-871.903503418,36307,14110,25.5339,-12.7997,38.3336,117.4061,0.3265,0.9513,1.2095,1.2715
osw-cql-seed1-B,cql,84000,0,84000,fef884e3156db7a9,-885.348693848,237311,68413,51.8199,-13.9911,65.811,116.8336,0.56329,0.8536,1.1886,1.3924
osw-cql-seed1-B,cql,84000,2,84000,fef884e3156db7a9,-885.348693848,168808,33814,24.6985,-9.572,34.2705,116.8336,0.29333,0.8988,1.0293,1.1452
osw-cql-seed1-B,cql,84000,4,84000,fef884e3156db7a9,-885.348693848,35214,133999,15.9424,-2.6995,18.6418,116.8336,0.15956,0.9019,0.9814,1.0882
osw-cql-seed1-B,cql,84000,5,84000,fef884e3156db7a9,-885.348693848,40938,30344,19.9671,-8.2446,28.2117,116.8336,0.24147,0.9373,1.0934,1.1665
osw-cql-seed1-B,cql,84000,6,84000,fef884e3156db7a9,-885.348693848,51996,11915,14.0568,-17.7459,31.8027,116.8336,0.2722,0.9467,1.1436,1.208
osw-cql-seed1-B,cql,84000,7,84000,fef884e3156db7a9,-885.348693848,64933,19513,10.3747,-13.1499,23.5246,116.8336,0.20135,0.9171,1.0869,1.1852
osw-cql-seed1-B,cql,84000,11,84000,fef884e3156db7a9,-885.348693848,76763,39227,5.2997,-9.5639,14.8636,116.8336,0.12722,0.9618,1.0475,1.0891
osw-cql-seed1-B,cql,84000,12,84000,fef884e3156db7a9,-885.348693848,33583,82841,7.0761,-3.4438,10.5199,116.8336,0.09004,0.9483,1.0229,1.0786
osw-cql-seed1-B,cql,84000,13,84000,fef884e3156db7a9,-885.348693848,29838,52509,16.5618,-4.1643,20.7261,116.8336,0.1774,0.9155,1.0581,1.1557
osw-cql-seed1-B,cql,84000,14,84000,fef884e3156db7a9,-885.348693848,36307,14110,27.4582,-12.4731,39.9313,116.8336,0.34178,0.9524,1.2138,1.2745
osw-cql-seed1-B,cql,85000,0,85000,cce9eb675f87e087,-892.335510254,237311,68413,51.9847,-12.7404,64.7251,115.0559,0.56255,0.8509,1.1861,1.3939
osw-cql-seed1-B,cql,85000,2,85000,cce9eb675f87e087,-892.335510254,168808,33814,24.2544,-9.4681,33.7225,115.0559,0.2931,0.8963,1.0293,1.1484
osw-cql-seed1-B,cql,85000,4,85000,cce9eb675f87e087,-892.335510254,35214,133999,17.9696,-2.4044,20.374,115.0559,0.17708,0.9041,0.9801,1.084
osw-cql-seed1-B,cql,85000,5,85000,cce9eb675f87e087,-892.335510254,40938,30344,18.4727,-8.6019,27.0745,115.0559,0.23532,0.9438,1.0898,1.1548
osw-cql-seed1-B,cql,85000,6,85000,cce9eb675f87e087,-892.335510254,51996,11915,12.3924,-17.3748,29.7672,115.0559,0.25872,0.9509,1.1491,1.2084
osw-cql-seed1-B,cql,85000,7,85000,cce9eb675f87e087,-892.335510254,64933,19513,10.2233,-12.6098,22.833,115.0559,0.19845,0.9182,1.0902,1.1874
osw-cql-seed1-B,cql,85000,11,85000,cce9eb675f87e087,-892.335510254,76763,39227,3.609,-10.0776,13.6866,115.0559,0.11896,0.962,1.048,1.0894
osw-cql-seed1-B,cql,85000,12,85000,cce9eb675f87e087,-892.335510254,33583,82841,4.5728,-3.8899,8.4627,115.0559,0.07355,0.9447,1.0208,1.0805
osw-cql-seed1-B,cql,85000,13,85000,cce9eb675f87e087,-892.335510254,29838,52509,15.809,-4.0626,19.8716,115.0559,0.17271,0.9175,1.0565,1.1516
osw-cql-seed1-B,cql,85000,14,85000,cce9eb675f87e087,-892.335510254,36307,14110,27.4676,-12.1153,39.5828,115.0559,0.34403,0.954,1.2082,1.2665
osw-cql-seed1-B,cql,86000,0,86000,d99ef4251ebf1807,-900.506103516,237311,68413,51.5769,-14.8773,66.4543,116.5157,0.57035,0.8529,1.1887,1.3937
osw-cql-seed1-B,cql,86000,2,86000,d99ef4251ebf1807,-900.506103516,168808,33814,23.235,-9.3157,32.5508,116.5157,0.27937,0.8981,1.0311,1.1482
osw-cql-seed1-B,cql,86000,4,86000,d99ef4251ebf1807,-900.506103516,35214,133999,16.7626,-1.9995,18.7621,116.5157,0.16103,0.899,0.9796,1.0897
osw-cql-seed1-B,cql,86000,5,86000,d99ef4251ebf1807,-900.506103516,40938,30344,20.2322,-7.8249,28.0571,116.5157,0.2408,0.9371,1.0863,1.1592
osw-cql-seed1-B,cql,86000,6,86000,d99ef4251ebf1807,-900.506103516,51996,11915,14.0925,-16.3309,30.4234,116.5157,0.26111,0.9485,1.1427,1.2047
osw-cql-seed1-B,cql,86000,7,86000,d99ef4251ebf1807,-900.506103516,64933,19513,11.2185,-12.9049,24.1233,116.5157,0.20704,0.9158,1.0873,1.1873
osw-cql-seed1-B,cql,86000,11,86000,d99ef4251ebf1807,-900.506103516,76763,39227,3.9385,-9.9406,13.8792,116.5157,0.11912,0.9601,1.0452,1.0887
osw-cql-seed1-B,cql,86000,12,86000,d99ef4251ebf1807,-900.506103516,33583,82841,4.428,-3.5305,7.9585,116.5157,0.0683,0.9434,1.0199,1.0811
osw-cql-seed1-B,cql,86000,13,86000,d99ef4251ebf1807,-900.506103516,29838,52509,15.3972,-3.8934,19.2906,116.5157,0.16556,0.9106,1.0545,1.158
osw-cql-seed1-B,cql,86000,14,86000,d99ef4251ebf1807,-900.506103516,36307,14110,27.145,-12.1826,39.3276,116.5157,0.33753,0.9513,1.2081,1.2699
osw-cql-seed1-B,cql,87000,0,87000,bce7b24ef9eaf3dd,-904.576293945,237311,68413,52.6879,-14.0927,66.7806,117.2776,0.56942,0.8523,1.1911,1.3975
osw-cql-seed1-B,cql,87000,2,87000,bce7b24ef9eaf3dd,-904.576293945,168808,33814,23.5585,-9.9523,33.5108,117.2776,0.28574,0.9009,1.0307,1.1441
osw-cql-seed1-B,cql,87000,4,87000,bce7b24ef9eaf3dd,-904.576293945,35214,133999,16.1307,-3.1035,19.2343,117.2776,0.16401,0.9032,0.9834,1.0888
osw-cql-seed1-B,cql,87000,5,87000,bce7b24ef9eaf3dd,-904.576293945,40938,30344,19.2396,-9.3044,28.5439,117.2776,0.24339,0.9432,1.0923,1.158
osw-cql-seed1-B,cql,87000,6,87000,bce7b24ef9eaf3dd,-904.576293945,51996,11915,10.9942,-17.5829,28.5771,117.2776,0.24367,0.9511,1.1496,1.2088
osw-cql-seed1-B,cql,87000,7,87000,bce7b24ef9eaf3dd,-904.576293945,64933,19513,10.6809,-12.6246,23.3055,117.2776,0.19872,0.9164,1.0894,1.1888
osw-cql-seed1-B,cql,87000,11,87000,bce7b24ef9eaf3dd,-904.576293945,76763,39227,3.5194,-10.54,14.0593,117.2776,0.11988,0.9624,1.0497,1.0907
osw-cql-seed1-B,cql,87000,12,87000,bce7b24ef9eaf3dd,-904.576293945,33583,82841,7.1838,-3.8625,11.0463,117.2776,0.09419,0.945,1.0224,1.0819
osw-cql-seed1-B,cql,87000,13,87000,bce7b24ef9eaf3dd,-904.576293945,29838,52509,16.2518,-5.0714,21.3232,117.2776,0.18182,0.9136,1.0569,1.1568
osw-cql-seed1-B,cql,87000,14,87000,bce7b24ef9eaf3dd,-904.576293945,36307,14110,25.6344,-13.4584,39.0928,117.2776,0.33334,0.9542,1.2105,1.2686
osw-cql-seed1-B,cql,88000,0,88000,8ee74d2fbd026f8d,-909.795898438,237311,68413,51.6589,-13.9581,65.6169,115.4542,0.56834,0.8519,1.1856,1.3918
osw-cql-seed1-B,cql,88000,2,88000,8ee74d2fbd026f8d,-909.795898438,168808,33814,23.2153,-10.1396,33.3549,115.4542,0.2889,0.8965,1.0299,1.1488
osw-cql-seed1-B,cql,88000,4,88000,8ee74d2fbd026f8d,-909.795898438,35214,133999,18.6751,-2.779,21.4541,115.4542,0.18582,0.8985,0.9807,1.0915
osw-cql-seed1-B,cql,88000,5,88000,8ee74d2fbd026f8d,-909.795898438,40938,30344,19.1154,-8.1057,27.2211,115.4542,0.23577,0.9403,1.0872,1.1563
osw-cql-seed1-B,cql,88000,6,88000,8ee74d2fbd026f8d,-909.795898438,51996,11915,12.2952,-17.3921,29.6873,115.4542,0.25713,0.9493,1.1434,1.2045
osw-cql-seed1-B,cql,88000,7,88000,8ee74d2fbd026f8d,-909.795898438,64933,19513,11.24,-12.825,24.065,115.4542,0.20844,0.9176,1.0852,1.1825
osw-cql-seed1-B,cql,88000,11,88000,8ee74d2fbd026f8d,-909.795898438,76763,39227,4.4374,-10.2231,14.6605,115.4542,0.12698,0.9631,1.0474,1.0875
osw-cql-seed1-B,cql,88000,12,88000,8ee74d2fbd026f8d,-909.795898438,33583,82841,6.9682,-3.6815,10.6498,115.4542,0.09224,0.9458,1.0197,1.0781
osw-cql-seed1-B,cql,88000,13,88000,8ee74d2fbd026f8d,-909.795898438,29838,52509,16.4884,-4.2952,20.7836,115.4542,0.18002,0.9099,1.054,1.1584
osw-cql-seed1-B,cql,88000,14,88000,8ee74d2fbd026f8d,-909.795898438,36307,14110,25.5841,-12.4123,37.9964,115.4542,0.3291,0.9506,1.2074,1.2701
osw-cql-seed1-B,cql,89000,0,89000,cf625bbb016e843c,-923.714782715,237311,68413,50.5012,-15.9361,66.4373,114.9981,0.57773,0.8511,1.1877,1.3955
osw-cql-seed1-B,cql,89000,2,89000,cf625bbb016e843c,-923.714782715,168808,33814,23.4575,-9.9384,33.3959,114.9981,0.2904,0.8984,1.0301,1.1466
osw-cql-seed1-B,cql,89000,4,89000,cf625bbb016e843c,-923.714782715,35214,133999,16.5459,-2.7274,19.2733,114.9981,0.1676,0.9022,0.9819,1.0883
osw-cql-seed1-B,cql,89000,5,89000,cf625bbb016e843c,-923.714782715,40938,30344,19.6718,-7.868,27.5398,114.9981,0.23948,0.9393,1.0913,1.1618
osw-cql-seed1-B,cql,89000,6,89000,cf625bbb016e843c,-923.714782715,51996,11915,13.4572,-16.8776,30.3348,114.9981,0.26379,0.9492,1.1444,1.2057
osw-cql-seed1-B,cql,89000,7,89000,cf625bbb016e843c,-923.714782715,64933,19513,11.3173,-12.5981,23.9154,114.9981,0.20796,0.914,1.0877,1.19
osw-cql-seed1-B,cql,89000,11,89000,cf625bbb016e843c,-923.714782715,76763,39227,3.6824,-10.1713,13.8537,114.9981,0.12047,0.9593,1.0459,1.0903
osw-cql-seed1-B,cql,89000,12,89000,cf625bbb016e843c,-923.714782715,33583,82841,3.9848,-3.9762,7.961,114.9981,0.06923,0.9451,1.0195,1.0788
osw-cql-seed1-B,cql,89000,13,89000,cf625bbb016e843c,-923.714782715,29838,52509,14.1486,-4.2527,18.4013,114.9981,0.16001,0.912,1.0579,1.1601
osw-cql-seed1-B,cql,89000,14,89000,cf625bbb016e843c,-923.714782715,36307,14110,25.184,-12.6414,37.8254,114.9981,0.32892,0.952,1.2106,1.2716
osw-cql-seed1-B,cql,90000,0,90000,21e0ea4f5e724496,-933.739624023,237311,68413,49.2585,-16.3571,65.6156,113.3342,0.57896,0.8514,1.1867,1.3939
osw-cql-seed1-B,cql,90000,2,90000,21e0ea4f5e724496,-933.739624023,168808,33814,22.6385,-10.462,33.1005,113.3342,0.29206,0.8962,1.0284,1.1475
osw-cql-seed1-B,cql,90000,4,90000,21e0ea4f5e724496,-933.739624023,35214,133999,15.8083,-2.8584,18.6668,113.3342,0.16471,0.9022,0.9806,1.0869
osw-cql-seed1-B,cql,90000,5,90000,21e0ea4f5e724496,-933.739624023,40938,30344,18.9045,-8.1793,27.0838,113.3342,0.23897,0.9392,1.0877,1.1581
osw-cql-seed1-B,cql,90000,6,90000,21e0ea4f5e724496,-933.739624023,51996,11915,13.6337,-16.6065,30.2402,113.3342,0.26682,0.9478,1.1446,1.2077
osw-cql-seed1-B,cql,90000,7,90000,21e0ea4f5e724496,-933.739624023,64933,19513,11.287,-12.3815,23.6685,113.3342,0.20884,0.9163,1.0872,1.1865
osw-cql-seed1-B,cql,90000,11,90000,21e0ea4f5e724496,-933.739624023,76763,39227,4.1858,-9.9254,14.1112,113.3342,0.12451,0.9605,1.0451,1.0882
osw-cql-seed1-B,cql,90000,12,90000,21e0ea4f5e724496,-933.739624023,33583,82841,4.7931,-3.8775,8.6706,113.3342,0.0765,0.9451,1.0201,1.0793
osw-cql-seed1-B,cql,90000,13,90000,21e0ea4f5e724496,-933.739624023,29838,52509,14.4811,-4.4688,18.9499,113.3342,0.1672,0.9125,1.0556,1.1568
osw-cql-seed1-B,cql,90000,14,90000,21e0ea4f5e724496,-933.739624023,36307,14110,25.4596,-12.8178,38.2774,113.3342,0.33774,0.9533,1.2096,1.269
osw-cql-seed1-B,cql,91000,0,91000,87950490ec61ff33,-938.655029297,237311,68413,50.0435,-15.9419,65.9855,113.6113,0.5808,0.8511,1.1837,1.3908
osw-cql-seed1-B,cql,91000,2,91000,87950490ec61ff33,-938.655029297,168808,33814,23.2087,-9.5154,32.724,113.6113,0.28804,0.8967,1.0283,1.1467
osw-cql-seed1-B,cql,91000,4,91000,87950490ec61ff33,-938.655029297,35214,133999,16.3126,-2.0337,18.3463,113.6113,0.16148,0.9069,0.9821,1.0829
osw-cql-seed1-B,cql,91000,5,91000,87950490ec61ff33,-938.655029297,40938,30344,17.0706,-8.1824,25.253,113.6113,0.22228,0.9417,1.0909,1.1584
osw-cql-seed1-B,cql,91000,6,91000,87950490ec61ff33,-938.655029297,51996,11915,12.3536,-17.41,29.7636,113.6113,0.26198,0.9524,1.1453,1.2025
osw-cql-seed1-B,cql,91000,7,91000,87950490ec61ff33,-938.655029297,64933,19513,10.5857,-12.6916,23.2772,113.6113,0.20488,0.9175,1.0875,1.1853
osw-cql-seed1-B,cql,91000,11,91000,87950490ec61ff33,-938.655029297,76763,39227,3.4336,-10.1383,13.5719,113.6113,0.11946,0.9621,1.0464,1.0877
osw-cql-seed1-B,cql,91000,12,91000,87950490ec61ff33,-938.655029297,33583,82841,5.0101,-3.6722,8.6823,113.6113,0.07642,0.9465,1.0192,1.0769
osw-cql-seed1-B,cql,91000,13,91000,87950490ec61ff33,-938.655029297,29838,52509,14.047,-4.1328,18.1799,113.6113,0.16002,0.9156,1.0549,1.1522
osw-cql-seed1-B,cql,91000,14,91000,87950490ec61ff33,-938.655029297,36307,14110,25.036,-13.2495,38.2855,113.6113,0.33699,0.9526,1.2057,1.2657
osw-cql-seed1-B,cql,92000,0,92000,8a91acc087b595c2,-946.035705566,237311,68413,50.8438,-15.7419,66.5857,115.7728,0.57514,0.8522,1.1889,1.3952
osw-cql-seed1-B,cql,92000,2,92000,8a91acc087b595c2,-946.035705566,168808,33814,22.6954,-10.1988,32.8943,115.7728,0.28413,0.897,1.0326,1.1513
osw-cql-seed1-B,cql,92000,4,92000,8a91acc087b595c2,-946.035705566,35214,133999,16.2267,-2.9236,19.1503,115.7728,0.16541,0.906,0.9798,1.0815
osw-cql-seed1-B,cql,92000,5,92000,8a91acc087b595c2,-946.035705566,40938,30344,18.3981,-7.7469,26.145,115.7728,0.22583,0.9443,1.0882,1.1524
osw-cql-seed1-B,cql,92000,6,92000,8a91acc087b595c2,-946.035705566,51996,11915,11.82,-16.8935,28.7135,115.7728,0.24802,0.9509,1.1435,1.2025
osw-cql-seed1-B,cql,92000,7,92000,8a91acc087b595c2,-946.035705566,64933,19513,9.5125,-13.452,22.9646,115.7728,0.19836,0.9159,1.0875,1.1873
osw-cql-seed1-B,cql,92000,11,92000,8a91acc087b595c2,-946.035705566,76763,39227,2.8596,-10.5411,13.4007,115.7728,0.11575,0.9624,1.047,1.0878
osw-cql-seed1-B,cql,92000,12,92000,8a91acc087b595c2,-946.035705566,33583,82841,4.146,-4.2401,8.3861,115.7728,0.07244,0.9454,1.0198,1.0788
osw-cql-seed1-B,cql,92000,13,92000,8a91acc087b595c2,-946.035705566,29838,52509,14.4359,-4.4475,18.8834,115.7728,0.16311,0.9167,1.0551,1.151
osw-cql-seed1-B,cql,92000,14,92000,8a91acc087b595c2,-946.035705566,36307,14110,25.3008,-12.5357,37.8365,115.7728,0.32682,0.958,1.2078,1.2608
osw-cql-seed1-B,cql,93000,0,93000,b2cd8330540d2028,-954.42755127,237311,68413,49.4149,-15.4861,64.901,115.1858,0.56345,0.849,1.1838,1.3944
osw-cql-seed1-B,cql,93000,2,93000,b2cd8330540d2028,-954.42755127,168808,33814,22.2212,-10.204,32.4252,115.1858,0.2815,0.894,1.0232,1.1444
osw-cql-seed1-B,cql,93000,4,93000,b2cd8330540d2028,-954.42755127,35214,133999,16.9558,-2.3885,19.3443,115.1858,0.16794,0.9022,0.9802,1.0864
osw-cql-seed1-B,cql,93000,5,93000,b2cd8330540d2028,-954.42755127,40938,30344,18.6786,-8.373,27.0515,115.1858,0.23485,0.9383,1.0848,1.1562
osw-cql-seed1-B,cql,93000,6,93000,b2cd8330540d2028,-954.42755127,51996,11915,11.7133,-18.2881,30.0014,115.1858,0.26046,0.9497,1.1409,1.2014
osw-cql-seed1-B,cql,93000,7,93000,b2cd8330540d2028,-954.42755127,64933,19513,9.382,-13.0063,22.3883,115.1858,0.19437,0.9154,1.0843,1.1846
osw-cql-seed1-B,cql,93000,11,93000,b2cd8330540d2028,-954.42755127,76763,39227,3.8467,-9.9972,13.844,115.1858,0.12019,0.9593,1.0452,1.0896
osw-cql-seed1-B,cql,93000,12,93000,b2cd8330540d2028,-954.42755127,33583,82841,5.5071,-3.4555,8.9626,115.1858,0.07781,0.9448,1.0182,1.0778
osw-cql-seed1-B,cql,93000,13,93000,b2cd8330540d2028,-954.42755127,29838,52509,15.8345,-4.0033,19.8378,115.1858,0.17222,0.9104,1.0521,1.1557
osw-cql-seed1-B,cql,93000,14,93000,b2cd8330540d2028,-954.42755127,36307,14110,26.7534,-12.5774,39.3308,115.1858,0.34146,0.9506,1.201,1.2635
osw-cql-seed1-B,cql,94000,0,94000,3fb53ad2f8d9d52f,-965.647399902,237311,68413,49.6939,-15.9096,65.6035,115.6089,0.56746,0.8526,1.186,1.3911
osw-cql-seed1-B,cql,94000,2,94000,3fb53ad2f8d9d52f,-965.647399902,168808,33814,22.3488,-9.89,32.2388,115.6089,0.27886,0.8947,1.0257,1.1465
osw-cql-seed1-B,cql,94000,4,94000,3fb53ad2f8d9d52f,-965.647399902,35214,133999,16.1002,-2.9281,19.0283,115.6089,0.16459,0.9054,0.9803,1.0827
osw-cql-seed1-B,cql,94000,5,94000,3fb53ad2f8d9d52f,-965.647399902,40938,30344,19.3071,-8.6879,27.995,115.6089,0.24215,0.94,1.0882,1.1576
osw-cql-seed1-B,cql,94000,6,94000,3fb53ad2f8d9d52f,-965.647399902,51996,11915,11.944,-17.3353,29.2793,115.6089,0.25326,0.9481,1.1414,1.2039
osw-cql-seed1-B,cql,94000,7,94000,3fb53ad2f8d9d52f,-965.647399902,64933,19513,9.9314,-13.5541,23.4855,115.6089,0.20315,0.9183,1.0897,1.1867
osw-cql-seed1-B,cql,94000,11,94000,3fb53ad2f8d9d52f,-965.647399902,76763,39227,2.8355,-10.6046,13.4401,115.6089,0.11625,0.9615,1.0479,1.0899
osw-cql-seed1-B,cql,94000,12,94000,3fb53ad2f8d9d52f,-965.647399902,33583,82841,4.2368,-4.4526,8.6894,115.6089,0.07516,0.9468,1.0208,1.0782
osw-cql-seed1-B,cql,94000,13,94000,3fb53ad2f8d9d52f,-965.647399902,29838,52509,15.5997,-4.4937,20.0935,115.6089,0.17381,0.9148,1.0523,1.1503
osw-cql-seed1-B,cql,94000,14,94000,3fb53ad2f8d9d52f,-965.647399902,36307,14110,24.5822,-13.1805,37.7627,115.6089,0.32664,0.9534,1.2043,1.2632
osw-cql-seed1-B,cql,95000,0,95000,ff8293fbcd9596a4,-977.577392578,237311,68413,50.5405,-15.2315,65.772,114.7993,0.57293,0.8502,1.179,1.3866
osw-cql-seed1-B,cql,95000,2,95000,ff8293fbcd9596a4,-977.577392578,168808,33814,21.0318,-10.1506,31.1824,114.7993,0.27163,0.8965,1.0267,1.1452
osw-cql-seed1-B,cql,95000,4,95000,ff8293fbcd9596a4,-977.577392578,35214,133999,15.1313,-2.5819,17.7131,114.7993,0.1543,0.897,0.9797,1.0922
osw-cql-seed1-B,cql,95000,5,95000,ff8293fbcd9596a4,-977.577392578,40938,30344,18.444,-8.2491,26.6931,114.7993,0.23252,0.9358,1.0864,1.1608
osw-cql-seed1-B,cql,95000,6,95000,ff8293fbcd9596a4,-977.577392578,51996,11915,12.2327,-17.0069,29.2396,114.7993,0.2547,0.9497,1.1452,1.2058
osw-cql-seed1-B,cql,95000,7,95000,ff8293fbcd9596a4,-977.577392578,64933,19513,9.8837,-13.4973,23.3809,114.7993,0.20367,0.9147,1.0868,1.1881
osw-cql-seed1-B,cql,95000,11,95000,ff8293fbcd9596a4,-977.577392578,76763,39227,3.4766,-9.8916,13.3683,114.7993,0.11645,0.9616,1.047,1.0889
osw-cql-seed1-B,cql,95000,12,95000,ff8293fbcd9596a4,-977.577392578,33583,82841,4.2622,-4.0921,8.3543,114.7993,0.07277,0.9445,1.0181,1.078
osw-cql-seed1-B,cql,95000,13,95000,ff8293fbcd9596a4,-977.577392578,29838,52509,15.052,-4.4762,19.5282,114.7993,0.17011,0.9108,1.0526,1.1557
osw-cql-seed1-B,cql,95000,14,95000,ff8293fbcd9596a4,-977.577392578,36307,14110,26.7234,-11.9163,38.6397,114.7993,0.33658,0.9512,1.2068,1.2687
osw-cql-seed1-B,cql,96000,0,96000,2916bd1c72bc9013,-988.058776855,237311,68413,49.6167,-16.7379,66.3546,115.1015,0.57649,0.8508,1.1807,1.3877
osw-cql-seed1-B,cql,96000,2,96000,2916bd1c72bc9013,-988.058776855,168808,33814,21.4259,-10.4183,31.8443,115.1015,0.27666,0.8973,1.0257,1.1431
osw-cql-seed1-B,cql,96000,4,96000,2916bd1c72bc9013,-988.058776855,35214,133999,14.6333,-3.0801,17.7134,115.1015,0.15389,0.8996,0.9779,1.087
osw-cql-seed1-B,cql,96000,5,96000,2916bd1c72bc9013,-988.058776855,40938,30344,18.1813,-8.825,27.0062,115.1015,0.23463,0.9397,1.0854,1.155
osw-cql-seed1-B,cql,96000,6,96000,2916bd1c72bc9013,-988.058776855,51996,11915,12.4417,-17.605,30.0467,115.1015,0.26105,0.9496,1.1422,1.2028
osw-cql-seed1-B,cql,96000,7,96000,2916bd1c72bc9013,-988.058776855,64933,19513,10.7775,-12.2942,23.0717,115.1015,0.20045,0.9159,1.0874,1.1872
osw-cql-seed1-B,cql,96000,11,96000,2916bd1c72bc9013,-988.058776855,76763,39227,3.8597,-9.9478,13.8076,115.1015,0.11996,0.9601,1.0444,1.0877
osw-cql-seed1-B,cql,96000,12,96000,2916bd1c72bc9013,-988.058776855,33583,82841,5.3595,-3.9017,9.2612,115.1015,0.08046,0.9461,1.018,1.076
osw-cql-seed1-B,cql,96000,13,96000,2916bd1c72bc9013,-988.058776855,29838,52509,15.7671,-4.3216,20.0887,115.1015,0.17453,0.9101,1.0519,1.1559
osw-cql-seed1-B,cql,96000,14,96000,2916bd1c72bc9013,-988.058776855,36307,14110,25.1708,-13.2219,38.3927,115.1015,0.33356,0.9543,1.2073,1.2651
osw-cql-seed1-B,cql,97000,0,97000,508849fc1ca1a1bb,-995.556945801,237311,68413,50.1619,-15.66,65.8219,114.9442,0.57264,0.8508,1.1822,1.3895
osw-cql-seed1-B,cql,97000,2,97000,508849fc1ca1a1bb,-995.556945801,168808,33814,21.662,-10.9416,32.6036,114.9442,0.28365,0.8971,1.026,1.1436
osw-cql-seed1-B,cql,97000,4,97000,508849fc1ca1a1bb,-995.556945801,35214,133999,15.0239,-2.6391,17.6629,114.9442,0.15367,0.8986,0.9798,1.0904
osw-cql-seed1-B,cql,97000,5,97000,508849fc1ca1a1bb,-995.556945801,40938,30344,19.5813,-7.5654,27.1467,114.9442,0.23617,0.9372,1.0871,1.1599
osw-cql-seed1-B,cql,97000,6,97000,508849fc1ca1a1bb,-995.556945801,51996,11915,12.2978,-16.5176,28.8154,114.9442,0.25069,0.9498,1.1429,1.2034
osw-cql-seed1-B,cql,97000,7,97000,508849fc1ca1a1bb,-995.556945801,64933,19513,9.6354,-12.9592,22.5946,114.9442,0.19657,0.9151,1.0866,1.1874
osw-cql-seed1-B,cql,97000,11,97000,508849fc1ca1a1bb,-995.556945801,76763,39227,2.2,-10.5248,12.7248,114.9442,0.1107,0.9607,1.0459,1.0887
osw-cql-seed1-B,cql,97000,12,97000,508849fc1ca1a1bb,-995.556945801,33583,82841,2.3215,-4.4784,6.8,114.9442,0.05916,0.9447,1.019,1.0786
osw-cql-seed1-B,cql,97000,13,97000,508849fc1ca1a1bb,-995.556945801,29838,52509,14.0978,-4.4328,18.5306,114.9442,0.16121,0.9084,1.055,1.1614
osw-cql-seed1-B,cql,97000,14,97000,508849fc1ca1a1bb,-995.556945801,36307,14110,26.5385,-12.9637,39.5023,114.9442,0.34366,0.9506,1.2098,1.2727
osw-cql-seed1-B,cql,98000,0,98000,2597100e459f6322,-1000.510437012,237311,68413,49.9404,-16.5743,66.5148,115.0282,0.57825,0.8513,1.1828,1.3895
osw-cql-seed1-B,cql,98000,2,98000,2597100e459f6322,-1000.510437012,168808,33814,21.5652,-10.7069,32.2721,115.0282,0.28056,0.8954,1.0252,1.145
osw-cql-seed1-B,cql,98000,4,98000,2597100e459f6322,-1000.510437012,35214,133999,13.4529,-2.8702,16.3231,115.0282,0.14191,0.9007,0.9807,1.0889
osw-cql-seed1-B,cql,98000,5,98000,2597100e459f6322,-1000.510437012,40938,30344,18.0559,-7.9313,25.9872,115.0282,0.22592,0.9395,1.0862,1.1562
osw-cql-seed1-B,cql,98000,6,98000,2597100e459f6322,-1000.510437012,51996,11915,11.6886,-16.5265,28.2152,115.0282,0.24529,0.9483,1.1414,1.2037
osw-cql-seed1-B,cql,98000,7,98000,2597100e459f6322,-1000.510437012,64933,19513,10.4243,-13.3917,23.8161,115.0282,0.20705,0.9132,1.086,1.1892
osw-cql-seed1-B,cql,98000,11,98000,2597100e459f6322,-1000.510437012,76763,39227,4.1686,-9.6607,13.8293,115.0282,0.12023,0.9592,1.0448,1.0893
osw-cql-seed1-B,cql,98000,12,98000,2597100e459f6322,-1000.510437012,33583,82841,3.2873,-4.0479,7.3352,115.0282,0.06377,0.9441,1.0184,1.0787
osw-cql-seed1-B,cql,98000,13,98000,2597100e459f6322,-1000.510437012,29838,52509,13.2837,-4.2176,17.5013,115.0282,0.15215,0.9099,1.0533,1.1577
osw-cql-seed1-B,cql,98000,14,98000,2597100e459f6322,-1000.510437012,36307,14110,25.0979,-12.5425,37.6404,115.0282,0.32723,0.9527,1.2054,1.2653
osw-cql-seed1-B,cql,99000,0,99000,9d2f8d3be074e52e,-1015.35546875,237311,68413,48.5331,-16.6072,65.1404,113.6362,0.57324,0.8528,1.1829,1.3871
osw-cql-seed1-B,cql,99000,2,99000,9d2f8d3be074e52e,-1015.35546875,168808,33814,20.6289,-10.7852,31.414,113.6362,0.27644,0.8978,1.0265,1.1434
osw-cql-seed1-B,cql,99000,4,99000,9d2f8d3be074e52e,-1015.35546875,35214,133999,13.6942,-2.331,16.0252,113.6362,0.14102,0.904,0.9791,1.0831
osw-cql-seed1-B,cql,99000,5,99000,9d2f8d3be074e52e,-1015.35546875,40938,30344,18.0465,-8.2037,26.2502,113.6362,0.231,0.9425,1.0887,1.1552
osw-cql-seed1-B,cql,99000,6,99000,9d2f8d3be074e52e,-1015.35546875,51996,11915,11.8794,-17.5081,29.3874,113.6362,0.25861,0.9498,1.1449,1.2054
osw-cql-seed1-B,cql,99000,7,99000,9d2f8d3be074e52e,-1015.35546875,64933,19513,10.4502,-13.0857,23.5359,113.6362,0.20712,0.9162,1.0851,1.1844
osw-cql-seed1-B,cql,99000,11,99000,9d2f8d3be074e52e,-1015.35546875,76763,39227,3.201,-10.3814,13.5824,113.6362,0.11952,0.9606,1.0461,1.089
osw-cql-seed1-B,cql,99000,12,99000,9d2f8d3be074e52e,-1015.35546875,33583,82841,2.9343,-4.0973,7.0316,113.6362,0.06188,0.9456,1.0192,1.0778
osw-cql-seed1-B,cql,99000,13,99000,9d2f8d3be074e52e,-1015.35546875,29838,52509,13.5904,-4.075,17.6654,113.6362,0.15546,0.9139,1.0547,1.1542
osw-cql-seed1-B,cql,99000,14,99000,9d2f8d3be074e52e,-1015.35546875,36307,14110,24.6265,-12.2951,36.9215,113.6362,0.32491,0.9522,1.2098,1.2706
osw-cql-seed1-B,cql,100000,0,100000,fb65fd7fb208a9a4,-1023.313232422,237311,68413,49.1917,-16.3508,65.5426,114.4751,0.57255,0.8507,1.1792,1.3862
osw-cql-seed1-B,cql,100000,2,100000,fb65fd7fb208a9a4,-1023.313232422,168808,33814,21.078,-10.3481,31.4262,114.4751,0.27452,0.8963,1.0251,1.1436
osw-cql-seed1-B,cql,100000,4,100000,fb65fd7fb208a9a4,-1023.313232422,35214,133999,15.5189,-2.2744,17.7932,114.4751,0.15543,0.8981,0.9777,1.0887
osw-cql-seed1-B,cql,100000,5,100000,fb65fd7fb208a9a4,-1023.313232422,40938,30344,17.1496,-8.3564,25.506,114.4751,0.22281,0.9374,1.084,1.1564
osw-cql-seed1-B,cql,100000,6,100000,fb65fd7fb208a9a4,-1023.313232422,51996,11915,10.9321,-17.6141,28.5462,114.4751,0.24937,0.948,1.1397,1.2022
osw-cql-seed1-B,cql,100000,7,100000,fb65fd7fb208a9a4,-1023.313232422,64933,19513,8.8874,-13.1144,22.0017,114.4751,0.1922,0.9157,1.0837,1.1835
osw-cql-seed1-B,cql,100000,11,100000,fb65fd7fb208a9a4,-1023.313232422,76763,39227,3.1484,-10.1111,13.2595,114.4751,0.11583,0.96,1.045,1.0886
osw-cql-seed1-B,cql,100000,12,100000,fb65fd7fb208a9a4,-1023.313232422,33583,82841,3.1365,-4.0926,7.2291,114.4751,0.06315,0.9425,1.0169,1.0789
osw-cql-seed1-B,cql,100000,13,100000,fb65fd7fb208a9a4,-1023.313232422,29838,52509,14.0168,-3.9919,18.0087,114.4751,0.15732,0.9082,1.0473,1.1531
osw-cql-seed1-B,cql,100000,14,100000,fb65fd7fb208a9a4,-1023.313232422,36307,14110,25.1696,-12.5798,37.7494,114.4751,0.32976,0.9511,1.1978,1.2594
osw-cql-seed1-B,cql,101000,0,101000,d3c20eb53713deb3,-1037.57421875,237311,68413,48.5549,-16.5199,65.0748,113.0524,0.57562,0.8525,1.1828,1.3874
osw-cql-seed1-B,cql,101000,2,101000,d3c20eb53713deb3,-1037.57421875,168808,33814,20.287,-10.5589,30.8459,113.0524,0.27285,0.8966,1.0251,1.1434
osw-cql-seed1-B,cql,101000,4,101000,d3c20eb53713deb3,-1037.57421875,35214,133999,11.4383,-2.5,13.9383,113.0524,0.12329,0.8989,0.9782,1.0881
osw-cql-seed1-B,cql,101000,5,101000,d3c20eb53713deb3,-1037.57421875,40938,30344,17.8894,-8.0099,25.8994,113.0524,0.22909,0.9353,1.0855,1.1605
osw-cql-seed1-B,cql,101000,6,101000,d3c20eb53713deb3,-1037.57421875,51996,11915,11.5608,-17.7471,29.3079,113.0524,0.25924,0.9478,1.1378,1.2005
osw-cql-seed1-B,cql,101000,7,101000,d3c20eb53713deb3,-1037.57421875,64933,19513,8.9744,-13.7659,22.7402,113.0524,0.20115,0.9147,1.0834,1.1845
osw-cql-seed1-B,cql,101000,11,101000,d3c20eb53713deb3,-1037.57421875,76763,39227,2.6596,-10.0346,12.6942,113.0524,0.11229,0.9612,1.0451,1.0873
osw-cql-seed1-B,cql,101000,12,101000,d3c20eb53713deb3,-1037.57421875,33583,82841,2.7816,-4.2209,7.0025,113.0524,0.06194,0.9456,1.0193,1.078
osw-cql-seed1-B,cql,101000,13,101000,d3c20eb53713deb3,-1037.57421875,29838,52509,13.9952,-4.2087,18.204,113.0524,0.16102,0.9111,1.0551,1.1581
osw-cql-seed1-B,cql,101000,14,101000,d3c20eb53713deb3,-1037.57421875,36307,14110,24.1671,-12.5007,36.6678,113.0524,0.32434,0.9511,1.2043,1.2662
osw-cql-seed1-B,cql,102000,0,102000,ae9493e5cdd532d3,-1049.548339844,237311,68413,49.3829,-16.4864,65.8693,114.5792,0.57488,0.8508,1.1797,1.3865
osw-cql-seed1-B,cql,102000,2,102000,ae9493e5cdd532d3,-1049.548339844,168808,33814,20.7463,-9.8509,30.5971,114.5792,0.26704,0.8975,1.025,1.1421
osw-cql-seed1-B,cql,102000,4,102000,ae9493e5cdd532d3,-1049.548339844,35214,133999,12.8684,-3.0864,15.9549,114.5792,0.13925,0.9066,0.9789,1.0797
osw-cql-seed1-B,cql,102000,5,102000,ae9493e5cdd532d3,-1049.548339844,40938,30344,16.7722,-8.8519,25.624,114.5792,0.22364,0.9398,1.087,1.1567
osw-cql-seed1-B,cql,102000,6,102000,ae9493e5cdd532d3,-1049.548339844,51996,11915,10.1378,-17.9288,28.0666,114.5792,0.24495,0.9474,1.136,1.1991
osw-cql-seed1-B,cql,102000,7,102000,ae9493e5cdd532d3,-1049.548339844,64933,19513,8.3058,-13.9814,22.2871,114.5792,0.19451,0.9175,1.0869,1.1846
osw-cql-seed1-B,cql,102000,11,102000,ae9493e5cdd532d3,-1049.548339844,76763,39227,2.2427,-10.4789,12.7216,114.5792,0.11103,0.9618,1.0471,1.0887
osw-cql-seed1-B,cql,102000,12,102000,ae9493e5cdd532d3,-1049.548339844,33583,82841,3.6282,-4.3583,7.9865,114.5792,0.0697,0.9465,1.0195,1.0771
osw-cql-seed1-B,cql,102000,13,102000,ae9493e5cdd532d3,-1049.548339844,29838,52509,12.6998,-5.0775,17.7773,114.5792,0.15515,0.9181,1.0526,1.1465
osw-cql-seed1-B,cql,102000,14,102000,ae9493e5cdd532d3,-1049.548339844,36307,14110,23.291,-14.2874,37.5784,114.5792,0.32797,0.9504,1.2025,1.2652
osw-cql-seed1-B,cql,103000,0,103000,ec9038070d046f16,-1059.297729492,237311,68413,48.999,-17.081,66.08,114.313,0.57806,0.8498,1.1784,1.3868
osw-cql-seed1-B,cql,103000,2,103000,ec9038070d046f16,-1059.297729492,168808,33814,19.8818,-10.8442,30.7259,114.313,0.26879,0.8948,1.0246,1.1451
osw-cql-seed1-B,cql,103000,4,103000,ec9038070d046f16,-1059.297729492,35214,133999,12.2728,-2.9702,15.243,114.313,0.13334,0.9004,0.9779,1.086
osw-cql-seed1-B,cql,103000,5,103000,ec9038070d046f16,-1059.297729492,40938,30344,18.6408,-8.2433,26.8841,114.313,0.23518,0.9404,1.0863,1.1551
osw-cql-seed1-B,cql,103000,6,103000,ec9038070d046f16,-1059.297729492,51996,11915,12.9892,-17.3576,30.3468,114.313,0.26547,0.9516,1.1448,1.2031
osw-cql-seed1-B,cql,103000,7,103000,ec9038070d046f16,-1059.297729492,64933,19513,9.4272,-13.7632,23.1903,114.313,0.20287,0.9165,1.0842,1.183
osw-cql-seed1-B,cql,103000,11,103000,ec9038070d046f16,-1059.297729492,76763,39227,2.334,-10.4503,12.7844,114.313,0.11184,0.9612,1.0457,1.088
osw-cql-seed1-B,cql,103000,12,103000,ec9038070d046f16,-1059.297729492,33583,82841,2.1437,-4.4305,6.5743,114.313,0.05751,0.9436,1.017,1.0778
osw-cql-seed1-B,cql,103000,13,103000,ec9038070d046f16,-1059.297729492,29838,52509,12.1123,-4.6599,16.7723,114.313,0.14672,0.9136,1.0521,1.1516
osw-cql-seed1-B,cql,103000,14,103000,ec9038070d046f16,-1059.297729492,36307,14110,24.4085,-13.1319,37.5405,114.313,0.3284,0.9551,1.209,1.2659
osw-cql-seed1-B,cql,104000,0,104000,09ad7098907f340d,-1067.497314453,237311,68413,48.9369,-16.8494,65.7863,115.3608,0.57027,0.8504,1.1719,1.378
osw-cql-seed1-B,cql,104000,2,104000,09ad7098907f340d,-1067.497314453,168808,33814,19.0326,-10.8954,29.928,115.3608,0.25943,0.8958,1.0228,1.1418
osw-cql-seed1-B,cql,104000,4,104000,09ad7098907f340d,-1067.497314453,35214,133999,14.0505,-2.992,17.0425,115.3608,0.14773,0.9036,0.9782,1.0825
osw-cql-seed1-B,cql,104000,5,104000,09ad7098907f340d,-1067.497314453,40938,30344,15.9854,-9.4337,25.4191,115.3608,0.22034,0.9396,1.0848,1.1546
osw-cql-seed1-B,cql,104000,6,104000,09ad7098907f340d,-1067.497314453,51996,11915,10.0109,-18.3987,28.4096,115.3608,0.24627,0.9492,1.1399,1.201
osw-cql-seed1-B,cql,104000,7,104000,09ad7098907f340d,-1067.497314453,64933,19513,9.1592,-13.7619,22.9211,115.3608,0.19869,0.9149,1.0852,1.1861
osw-cql-seed1-B,cql,104000,11,104000,09ad7098907f340d,-1067.497314453,76763,39227,2.4424,-10.6563,13.0986,115.3608,0.11355,0.9608,1.0459,1.0886
osw-cql-seed1-B,cql,104000,12,104000,09ad7098907f340d,-1067.497314453,33583,82841,1.8441,-4.6794,6.5234,115.3608,0.05655,0.9442,1.0167,1.0768
osw-cql-seed1-B,cql,104000,13,104000,09ad7098907f340d,-1067.497314453,29838,52509,11.0975,-5.5933,16.6908,115.3608,0.14468,0.912,1.0499,1.1511
osw-cql-seed1-B,cql,104000,14,104000,09ad7098907f340d,-1067.497314453,36307,14110,23.7759,-14.5126,38.2885,115.3608,0.3319,0.9524,1.2014,1.2615
osw-cql-seed1-B,cql,105000,0,105000,c95eeba423577eb2,-1073.345336914,237311,68413,47.3758,-17.728,65.1038,113.3944,0.57414,0.8505,1.1815,1.3891
osw-cql-seed1-B,cql,105000,2,105000,c95eeba423577eb2,-1073.345336914,168808,33814,20.1035,-10.9604,31.0639,113.3944,0.27395,0.8952,1.0233,1.1431
osw-cql-seed1-B,cql,105000,4,105000,c95eeba423577eb2,-1073.345336914,35214,133999,13.6098,-3.052,16.6618,113.3944,0.14694,0.8989,0.9782,1.0881
osw-cql-seed1-B,cql,105000,5,105000,c95eeba423577eb2,-1073.345336914,40938,30344,16.6089,-8.6582,25.2672,113.3944,0.22283,0.9379,1.0866,1.1586
osw-cql-seed1-B,cql,105000,6,105000,c95eeba423577eb2,-1073.345336914,51996,11915,10.308,-18.9293,29.2373,113.3944,0.25784,0.9512,1.1503,1.2092
osw-cql-seed1-B,cql,105000,7,105000,c95eeba423577eb2,-1073.345336914,64933,19513,8.5173,-13.6357,22.1531,113.3944,0.19536,0.9155,1.0868,1.1871
osw-cql-seed1-B,cql,105000,11,105000,c95eeba423577eb2,-1073.345336914,76763,39227,2.3915,-10.3289,12.7204,113.3944,0.11218,0.9599,1.0446,1.0883
osw-cql-seed1-B,cql,105000,12,105000,c95eeba423577eb2,-1073.345336914,33583,82841,1.2774,-4.7267,6.004,113.3944,0.05295,0.9454,1.0177,1.0764
osw-cql-seed1-B,cql,105000,13,105000,c95eeba423577eb2,-1073.345336914,29838,52509,11.9588,-4.9022,16.861,113.3944,0.14869,0.9112,1.0517,1.1542
osw-cql-seed1-B,cql,105000,14,105000,c95eeba423577eb2,-1073.345336914,36307,14110,23.4317,-13.4356,36.8673,113.3944,0.32512,0.9543,1.2105,1.2685
osw-cql-seed1-B,cql,106000,0,106000,6cad6a18edfce2a5,-1085.12878418,237311,68413,48.4091,-18.2589,66.6679,115.1122,0.57916,0.8518,1.1843,1.3905
osw-cql-seed1-B,cql,106000,2,106000,6cad6a18edfce2a5,-1085.12878418,168808,33814,20.6703,-10.3612,31.0315,115.1122,0.26958,0.8957,1.0254,1.1447
osw-cql-seed1-B,cql,106000,4,106000,6cad6a18edfce2a5,-1085.12878418,35214,133999,12.9976,-3.2193,16.2169,115.1122,0.14088,0.9069,0.979,1.0795
osw-cql-seed1-B,cql,106000,5,106000,6cad6a18edfce2a5,-1085.12878418,40938,30344,15.2377,-9.2205,24.4582,115.1122,0.21247,0.939,1.0842,1.1546
osw-cql-seed1-B,cql,106000,6,106000,6cad6a18edfce2a5,-1085.12878418,51996,11915,9.8575,-18.3042,28.1617,115.1122,0.24465,0.948,1.1417,1.2043
osw-cql-seed1-B,cql,106000,7,106000,6cad6a18edfce2a5,-1085.12878418,64933,19513,9.9556,-12.9473,22.9029,115.1122,0.19896,0.9152,1.0846,1.1851
osw-cql-seed1-B,cql,106000,11,106000,6cad6a18edfce2a5,-1085.12878418,76763,39227,2.5023,-10.3565,12.8588,115.1122,0.11171,0.9592,1.0434,1.0877
osw-cql-seed1-B,cql,106000,12,106000,6cad6a18edfce2a5,-1085.12878418,33583,82841,1.817,-4.697,6.514,115.1122,0.05659,0.9471,1.018,1.0749
osw-cql-seed1-B,cql,106000,13,106000,6cad6a18edfce2a5,-1085.12878418,29838,52509,11.7797,-4.7612,16.5409,115.1122,0.14369,0.9127,1.0499,1.1503
osw-cql-seed1-B,cql,106000,14,106000,6cad6a18edfce2a5,-1085.12878418,36307,14110,22.7965,-13.6418,36.4383,115.1122,0.31655,0.9518,1.2019,1.2628
osw-cql-seed1-B,cql,107000,0,107000,9140dde1b074338f,-1098.118164062,237311,68413,47.765,-17.7195,65.4845,113.1347,0.57882,0.8526,1.1822,1.3866
osw-cql-seed1-B,cql,107000,2,107000,9140dde1b074338f,-1098.118164062,168808,33814,19.4088,-11.0376,30.4464,113.1347,0.26912,0.8966,1.0244,1.1426
osw-cql-seed1-B,cql,107000,4,107000,9140dde1b074338f,-1098.118164062,35214,133999,11.8496,-3.1495,14.999,113.1347,0.13258,0.9009,0.978,1.0856
osw-cql-seed1-B,cql,107000,5,107000,9140dde1b074338f,-1098.118164062,40938,30344,16.1209,-8.6887,24.8096,113.1347,0.21929,0.9377,1.085,1.157
osw-cql-seed1-B,cql,107000,6,107000,9140dde1b074338f,-1098.118164062,51996,11915,10.1784,-17.9695,28.1478,113.1347,0.2488,0.9514,1.1429,1.2013
osw-cql-seed1-B,cql,107000,7,107000,9140dde1b074338f,-1098.118164062,64933,19513,8.876,-13.1718,22.0478,113.1347,0.19488,0.9164,1.0843,1.1833
osw-cql-seed1-B,cql,107000,11,107000,9140dde1b074338f,-1098.118164062,76763,39227,2.9226,-10.2025,13.1251,113.1347,0.11601,0.9603,1.045,1.0882
osw-cql-seed1-B,cql,107000,12,107000,9140dde1b074338f,-1098.118164062,33583,82841,3.2035,-4.164,7.3675,113.1347,0.06512,0.9449,1.0169,1.0762
osw-cql-seed1-B,cql,107000,13,107000,9140dde1b074338f,-1098.118164062,29838,52509,12.768,-4.7115,17.4795,113.1347,0.1545,0.9097,1.0496,1.1538
osw-cql-seed1-B,cql,107000,14,107000,9140dde1b074338f,-1098.118164062,36307,14110,24.1053,-13.2031,37.3084,113.1347,0.32977,0.9508,1.2025,1.2647
osw-cql-seed1-B,cql,108000,0,108000,a305de4e22325756,-1110.13671875,237311,68413,48.6796,-16.4046,65.0842,113.9739,0.57105,0.8532,1.1832,1.3868
osw-cql-seed1-B,cql,108000,2,108000,a305de4e22325756,-1110.13671875,168808,33814,19.8733,-10.3715,30.2448,113.9739,0.26537,0.8964,1.0254,1.1439
osw-cql-seed1-B,cql,108000,4,108000,a305de4e22325756,-1110.13671875,35214,133999,12.5878,-3.2665,15.8543,113.9739,0.1391,0.9024,0.9785,1.0844
osw-cql-seed1-B,cql,108000,5,108000,a305de4e22325756,-1110.13671875,40938,30344,15.8975,-8.9845,24.882,113.9739,0.21831,0.9364,1.0835,1.1571
osw-cql-seed1-B,cql,108000,6,108000,a305de4e22325756,-1110.13671875,51996,11915,10.4011,-17.7074,28.1085,113.9739,0.24662,0.9489,1.1388,1.2001
osw-cql-seed1-B,cql,108000,7,108000,a305de4e22325756,-1110.13671875,64933,19513,9.5077,-13.6298,23.1376,113.9739,0.20301,0.9154,1.083,1.1831
osw-cql-seed1-B,cql,108000,11,108000,a305de4e22325756,-1110.13671875,76763,39227,2.7437,-9.7591,12.5028,113.9739,0.1097,0.9603,1.0447,1.088
osw-cql-seed1-B,cql,108000,12,108000,a305de4e22325756,-1110.13671875,33583,82841,1.8992,-4.0735,5.9728,113.9739,0.0524,0.9443,1.0173,1.0773
osw-cql-seed1-B,cql,108000,13,108000,a305de4e22325756,-1110.13671875,29838,52509,13.1497,-4.7997,17.9494,113.9739,0.15749,0.9113,1.0503,1.1525
osw-cql-seed1-B,cql,108000,14,108000,a305de4e22325756,-1110.13671875,36307,14110,23.7414,-13.1694,36.9108,113.9739,0.32385,0.9509,1.1929,1.2544
osw-cql-seed1-B,cql,109000,0,109000,8bc8d8e61454d4ec,-1120.579956055,237311,68413,48.8793,-17.6754,66.5547,113.8129,0.58477,0.852,1.1782,1.3828
osw-cql-seed1-B,cql,109000,2,109000,8bc8d8e61454d4ec,-1120.579956055,168808,33814,20.2991,-10.8969,31.196,113.8129,0.2741,0.8956,1.0219,1.141
osw-cql-seed1-B,cql,109000,4,109000,8bc8d8e61454d4ec,-1120.579956055,35214,133999,12.0904,-2.8616,14.952,113.8129,0.13137,0.9077,0.9791,1.0787
osw-cql-seed1-B,cql,109000,5,109000,8bc8d8e61454d4ec,-1120.579956055,40938,30344,16.1194,-8.3567,24.476,113.8129,0.21506,0.9404,1.084,1.1527
osw-cql-seed1-B,cql,109000,6,109000,8bc8d8e61454d4ec,-1120.579956055,51996,11915,11.2032,-16.6169,27.8201,113.8129,0.24444,0.9476,1.1383,1.2012
osw-cql-seed1-B,cql,109000,7,109000,8bc8d8e61454d4ec,-1120.579956055,64933,19513,9.1037,-13.3826,22.4863,113.8129,0.19757,0.9154,1.0839,1.1841
osw-cql-seed1-B,cql,109000,11,109000,8bc8d8e61454d4ec,-1120.579956055,76763,39227,2.5773,-10.1021,12.6793,113.8129,0.11141,0.96,1.0435,1.0869
osw-cql-seed1-B,cql,109000,12,109000,8bc8d8e61454d4ec,-1120.579956055,33583,82841,2.6564,-3.937,6.5934,113.8129,0.05793,0.9458,1.017,1.0753
osw-cql-seed1-B,cql,109000,13,109000,8bc8d8e61454d4ec,-1120.579956055,29838,52509,11.9955,-4.3822,16.3776,113.8129,0.1439,0.9134,1.0512,1.1508
osw-cql-seed1-B,cql,109000,14,109000,8bc8d8e61454d4ec,-1120.579956055,36307,14110,22.4558,-13.6105,36.0662,113.8129,0.31689,0.9508,1.2004,1.2625
osw-cql-seed1-B,cql,110000,0,110000,7f671bbf721081e9,-1134.456787109,237311,68413,47.9298,-17.9936,65.9234,113.5069,0.58079,0.8522,1.1792,1.3838
osw-cql-seed1-B,cql,110000,2,110000,7f671bbf721081e9,-1134.456787109,168808,33814,20.2626,-11.4394,31.702,113.5069,0.2793,0.8968,1.0256,1.1437
osw-cql-seed1-B,cql,110000,4,110000,7f671bbf721081e9,-1134.456787109,35214,133999,12.8321,-3.3318,16.1639,113.5069,0.1424,0.898,0.978,1.0891
osw-cql-seed1-B,cql,110000,5,110000,7f671bbf721081e9,-1134.456787109,40938,30344,17.1699,-8.7506,25.9204,113.5069,0.22836,0.9343,1.0878,1.1643
osw-cql-seed1-B,cql,110000,6,110000,7f671bbf721081e9,-1134.456787109,51996,11915,11.13,-17.3314,28.4614,113.5069,0.25075,0.9473,1.1412,1.2047
osw-cql-seed1-B,cql,110000,7,110000,7f671bbf721081e9,-1134.456787109,64933,19513,9.0371,-13.2918,22.329,113.5069,0.19672,0.9138,1.0825,1.1846
osw-cql-seed1-B,cql,110000,11,110000,7f671bbf721081e9,-1134.456787109,76763,39227,2.1804,-10.7135,12.8939,113.5069,0.1136,0.9598,1.044,1.0878
osw-cql-seed1-B,cql,110000,12,110000,7f671bbf721081e9,-1134.456787109,33583,82841,1.446,-4.7189,6.165,113.5069,0.05431,0.9465,1.018,1.0756
osw-cql-seed1-B,cql,110000,13,110000,7f671bbf721081e9,-1134.456787109,29838,52509,12.3105,-4.8868,17.1972,113.5069,0.15151,0.9106,1.0543,1.1579
osw-cql-seed1-B,cql,110000,14,110000,7f671bbf721081e9,-1134.456787109,36307,14110,24.547,-13.5302,38.0772,113.5069,0.33546,0.9477,1.2029,1.2693
osw-cql-seed1-B,cql,111000,0,111000,f5c0853a2f617132,-1144.888183594,237311,68413,46.8523,-18.0832,64.9355,113.3093,0.57308,0.8521,1.1781,1.3826
osw-cql-seed1-B,cql,111000,2,111000,f5c0853a2f617132,-1144.888183594,168808,33814,19.208,-11.124,30.332,113.3093,0.26769,0.8969,1.0232,1.1408
osw-cql-seed1-B,cql,111000,4,111000,f5c0853a2f617132,-1144.888183594,35214,133999,12.1421,-3.1202,15.2623,113.3093,0.1347,0.8991,0.9774,1.0871
osw-cql-seed1-B,cql,111000,5,111000,f5c0853a2f617132,-1144.888183594,40938,30344,16.0023,-8.6933,24.6956,113.3093,0.21795,0.9373,1.0838,1.1563
osw-cql-seed1-B,cql,111000,6,111000,f5c0853a2f617132,-1144.888183594,51996,11915,11.0044,-17.3212,28.3256,113.3093,0.24998,0.9504,1.1447,1.2045
osw-cql-seed1-B,cql,111000,7,111000,f5c0853a2f617132,-1144.888183594,64933,19513,8.7952,-13.4673,22.2626,113.3093,0.19648,0.9159,1.0835,1.183
osw-cql-seed1-B,cql,111000,11,111000,f5c0853a2f617132,-1144.888183594,76763,39227,2.0442,-10.5808,12.625,113.3093,0.11142,0.9596,1.0441,1.0881
osw-cql-seed1-B,cql,111000,12,111000,f5c0853a2f617132,-1144.888183594,33583,82841,2.0367,-4.7151,6.7518,113.3093,0.05959,0.9447,1.0174,1.0769
osw-cql-seed1-B,cql,111000,13,111000,f5c0853a2f617132,-1144.888183594,29838,52509,13.1886,-4.7136,17.9022,113.3093,0.15799,0.9091,1.0492,1.1541
osw-cql-seed1-B,cql,111000,14,111000,f5c0853a2f617132,-1144.888183594,36307,14110,23.2666,-13.4254,36.6919,113.3093,0.32382,0.9505,1.2011,1.2635
osw-cql-seed1-B,cql,112000,0,112000,fb560a4890137f86,-1159.560058594,237311,68413,46.8183,-18.075,64.8933,112.8263,0.57516,0.8514,1.1768,1.3822
osw-cql-seed1-B,cql,112000,2,112000,fb560a4890137f86,-1159.560058594,168808,33814,19.3129,-11.5419,30.8548,112.8263,0.27347,0.8978,1.0255,1.1423
osw-cql-seed1-B,cql,112000,4,112000,fb560a4890137f86,-1159.560058594,35214,133999,11.0543,-3.2599,14.3142,112.8263,0.12687,0.9011,0.9764,1.0836
osw-cql-seed1-B,cql,112000,5,112000,fb560a4890137f86,-1159.560058594,40938,30344,16.5138,-8.5978,25.1116,112.8263,0.22257,0.9371,1.0823,1.1549
osw-cql-seed1-B,cql,112000,6,112000,fb560a4890137f86,-1159.560058594,51996,11915,9.5996,-17.4989,27.0986,112.8263,0.24018,0.9473,1.1362,1.1993
osw-cql-seed1-B,cql,112000,7,112000,fb560a4890137f86,-1159.560058594,64933,19513,8.2654,-13.8757,22.1411,112.8263,0.19624,0.914,1.0811,1.1829
osw-cql-seed1-B,cql,112000,11,112000,fb560a4890137f86,-1159.560058594,76763,39227,1.598,-10.4651,12.0631,112.8263,0.10692,0.9617,1.0447,1.0863
osw-cql-seed1-B,cql,112000,12,112000,fb560a4890137f86,-1159.560058594,33583,82841,0.4128,-4.4607,4.8735,112.8263,0.04319,0.945,1.0153,1.0743
osw-cql-seed1-B,cql,112000,13,112000,fb560a4890137f86,-1159.560058594,29838,52509,12.0527,-4.6629,16.7156,112.8263,0.14815,0.9113,1.0495,1.1516
osw-cql-seed1-B,cql,112000,14,112000,fb560a4890137f86,-1159.560058594,36307,14110,23.5541,-13.1508,36.7049,112.8263,0.32532,0.9516,1.2007,1.2618
osw-cql-seed1-B,cql,113000,0,113000,f3c6440746a8ce16,-1172.842041016,237311,68413,46.6019,-18.8872,65.4891,112.7414,0.58088,0.8513,1.1767,1.3823
osw-cql-seed1-B,cql,113000,2,113000,f3c6440746a8ce16,-1172.842041016,168808,33814,18.5684,-11.3062,29.8746,112.7414,0.26498,0.897,1.0253,1.143
osw-cql-seed1-B,cql,113000,4,113000,f3c6440746a8ce16,-1172.842041016,35214,133999,13.7989,-3.0208,16.8196,112.7414,0.14919,0.8998,0.9772,1.086
osw-cql-seed1-B,cql,113000,5,113000,f3c6440746a8ce16,-1172.842041016,40938,30344,16.2471,-9.077,25.3241,112.7414,0.22462,0.9385,1.0806,1.1514
osw-cql-seed1-B,cql,113000,6,113000,f3c6440746a8ce16,-1172.842041016,51996,11915,10.4147,-18.4103,28.825,112.7414,0.25567,0.9486,1.1406,1.2024
osw-cql-seed1-B,cql,113000,7,113000,f3c6440746a8ce16,-1172.842041016,64933,19513,8.166,-14.096,22.2621,112.7414,0.19746,0.9133,1.0826,1.1853
osw-cql-seed1-B,cql,113000,11,113000,f3c6440746a8ce16,-1172.842041016,76763,39227,2.6384,-10.1951,12.8335,112.7414,0.11383,0.9603,1.0442,1.0874
osw-cql-seed1-B,cql,113000,12,113000,f3c6440746a8ce16,-1172.842041016,33583,82841,1.0291,-4.5771,5.6062,112.7414,0.04973,0.9459,1.0163,1.0744
osw-cql-seed1-B,cql,113000,13,113000,f3c6440746a8ce16,-1172.842041016,29838,52509,12.4516,-4.7491,17.2008,112.7414,0.15257,0.9156,1.0463,1.1428
osw-cql-seed1-B,cql,113000,14,113000,f3c6440746a8ce16,-1172.842041016,36307,14110,23.1819,-13.9188,37.1007,112.7414,0.32908,0.9553,1.1867,1.2423
osw-cql-seed1-B,cql,114000,0,114000,54a288ca12e340c6,-1185.523803711,237311,68413,46.6385,-17.2959,63.9343,110.8754,0.57663,0.8515,1.1769,1.3822
osw-cql-seed1-B,cql,114000,2,114000,54a288ca12e340c6,-1185.523803711,168808,33814,18.7328,-11.0068,29.7396,110.8754,0.26823,0.8954,1.0227,1.1422
osw-cql-seed1-B,cql,114000,4,114000,54a288ca12e340c6,-1185.523803711,35214,133999,11.0572,-3.8194,14.8766,110.8754,0.13417,0.8992,0.976,1.0854
osw-cql-seed1-B,cql,114000,5,114000,54a288ca12e340c6,-1185.523803711,40938,30344,15.3372,-9.4056,24.7428,110.8754,0.22316,0.9349,1.0797,1.1549
osw-cql-seed1-B,cql,114000,6,114000,54a288ca12e340c6,-1185.523803711,51996,11915,9.7221,-18.1191,27.8412,110.8754,0.2511,0.9454,1.1343,1.1998
osw-cql-seed1-B,cql,114000,7,114000,54a288ca12e340c6,-1185.523803711,64933,19513,8.6723,-13.2651,21.9374,110.8754,0.19786,0.9128,1.0823,1.1858
osw-cql-seed1-B,cql,114000,11,114000,54a288ca12e340c6,-1185.523803711,76763,39227,2.082,-10.1565,12.2385,110.8754,0.11038,0.9598,1.0433,1.0871
osw-cql-seed1-B,cql,114000,12,114000,54a288ca12e340c6,-1185.523803711,33583,82841,1.1527,-4.6233,5.776,110.8754,0.05209,0.944,1.0151,1.0753
osw-cql-seed1-B,cql,114000,13,114000,54a288ca12e340c6,-1185.523803711,29838,52509,9.9416,-5.6762,15.6178,110.8754,0.14086,0.9122,1.047,1.1478
osw-cql-seed1-B,cql,114000,14,114000,54a288ca12e340c6,-1185.523803711,36307,14110,23.1815,-14.7731,37.9546,110.8754,0.34232,0.9486,1.1914,1.2559
osw-cql-seed1-B,cql,115000,0,115000,32932e744da5b433,-1197.312255859,237311,68413,47.0423,-18.8052,65.8474,113.2385,0.58149,0.854,1.1795,1.3812
osw-cql-seed1-B,cql,115000,2,115000,32932e744da5b433,-1197.312255859,168808,33814,19.5907,-10.9327,30.5234,113.2385,0.26955,0.8963,1.0231,1.1415
osw-cql-seed1-B,cql,115000,4,115000,32932e744da5b433,-1197.312255859,35214,133999,12.399,-2.9927,15.3917,113.2385,0.13592,0.9003,0.9779,1.0862
osw-cql-seed1-B,cql,115000,5,115000,32932e744da5b433,-1197.312255859,40938,30344,15.9086,-8.9711,24.8797,113.2385,0.21971,0.9373,1.0835,1.156
osw-cql-seed1-B,cql,115000,6,115000,32932e744da5b433,-1197.312255859,51996,11915,10.2552,-18.2668,28.522,113.2385,0.25188,0.9473,1.1365,1.1997
osw-cql-seed1-B,cql,115000,7,115000,32932e744da5b433,-1197.312255859,64933,19513,8.6397,-13.9111,22.5508,113.2385,0.19914,0.9161,1.0824,1.1816
osw-cql-seed1-B,cql,115000,11,115000,32932e744da5b433,-1197.312255859,76763,39227,2.061,-10.3595,12.4205,113.2385,0.10968,0.9599,1.0432,1.0868
osw-cql-seed1-B,cql,115000,12,115000,32932e744da5b433,-1197.312255859,33583,82841,-0.6422,-4.7709,4.1287,113.2385,0.03646,0.9458,1.017,1.0752
osw-cql-seed1-B,cql,115000,13,115000,32932e744da5b433,-1197.312255859,29838,52509,11.9847,-4.8366,16.8213,113.2385,0.14855,0.9083,1.0512,1.1573
osw-cql-seed1-B,cql,115000,14,115000,32932e744da5b433,-1197.312255859,36307,14110,25.641,-12.9089,38.5499,113.2385,0.34043,0.9478,1.2022,1.2684
osw-cql-seed1-B,cql,116000,0,116000,3fca483f8dee9cca,-1215.578857422,237311,68413,47.4792,-17.9206,65.3998,114.1125,0.57312,0.8513,1.1771,1.3826
osw-cql-seed1-B,cql,116000,2,116000,3fca483f8dee9cca,-1215.578857422,168808,33814,18.7723,-10.8671,29.6394,114.1125,0.25974,0.896,1.0223,1.1409
osw-cql-seed1-B,cql,116000,4,116000,3fca483f8dee9cca,-1215.578857422,35214,133999,12.2634,-3.3654,15.6289,114.1125,0.13696,0.9076,0.9788,1.0784
osw-cql-seed1-B,cql,116000,5,116000,3fca483f8dee9cca,-1215.578857422,40938,30344,15.3897,-8.6809,24.0706,114.1125,0.21094,0.9398,1.0833,1.1527
osw-cql-seed1-B,cql,116000,6,116000,3fca483f8dee9cca,-1215.578857422,51996,11915,8.3868,-18.2704,26.6572,114.1125,0.2336,0.9463,1.1359,1.2004
osw-cql-seed1-B,cql,116000,7,116000,3fca483f8dee9cca,-1215.578857422,64933,19513,7.7989,-14.1562,21.9551,114.1125,0.1924,0.9138,1.0823,1.1845
osw-cql-seed1-B,cql,116000,11,116000,3fca483f8dee9cca,-1215.578857422,76763,39227,1.5368,-10.1754,11.7122,114.1125,0.10264,0.9599,1.0438,1.0874
osw-cql-seed1-B,cql,116000,12,116000,3fca483f8dee9cca,-1215.578857422,33583,82841,0.7064,-4.7265,5.433,114.1125,0.04761,0.9478,1.017,1.073
osw-cql-seed1-B,cql,116000,13,116000,3fca483f8dee9cca,-1215.578857422,29838,52509,11.2543,-4.7988,16.0531,114.1125,0.14068,0.9157,1.0482,1.1448
osw-cql-seed1-B,cql,116000,14,116000,3fca483f8dee9cca,-1215.578857422,36307,14110,22.822,-13.8486,36.6707,114.1125,0.32136,0.9494,1.1965,1.2603
osw-cql-seed1-B,cql,117000,0,117000,c6c973a8cccafff1,-1223.477172852,237311,68413,47.0206,-17.8258,64.8464,111.6885,0.5806,0.8508,1.1789,1.3857
osw-cql-seed1-B,cql,117000,2,117000,c6c973a8cccafff1,-1223.477172852,168808,33814,17.1169,-11.5433,28.6602,111.6885,0.25661,0.8949,1.0218,1.1418
osw-cql-seed1-B,cql,117000,4,117000,c6c973a8cccafff1,-1223.477172852,35214,133999,11.3607,-3.4787,14.8393,111.6885,0.13286,0.9,0.9763,1.0848
osw-cql-seed1-B,cql,117000,5,117000,c6c973a8cccafff1,-1223.477172852,40938,30344,15.508,-9.338,24.846,111.6885,0.22246,0.9371,1.0811,1.1536
osw-cql-seed1-B,cql,117000,6,117000,c6c973a8cccafff1,-1223.477172852,51996,11915,9.973,-17.86,27.833,111.6885,0.2492,0.948,1.1357,1.198
osw-cql-seed1-B,cql,117000,7,117000,c6c973a8cccafff1,-1223.477172852,64933,19513,7.8834,-13.4497,21.3331,111.6885,0.19101,0.9134,1.0823,1.1849
osw-cql-seed1-B,cql,117000,11,117000,c6c973a8cccafff1,-1223.477172852,76763,39227,2.3659,-10.3432,12.7091,111.6885,0.11379,0.9596,1.0434,1.0873
osw-cql-seed1-B,cql,117000,12,117000,c6c973a8cccafff1,-1223.477172852,33583,82841,1.4883,-4.369,5.8573,111.6885,0.05244,0.9466,1.0159,1.0733
osw-cql-seed1-B,cql,117000,13,117000,c6c973a8cccafff1,-1223.477172852,29838,52509,11.7377,-4.917,16.6548,111.6885,0.14912,0.9108,1.0516,1.1546
osw-cql-seed1-B,cql,117000,14,117000,c6c973a8cccafff1,-1223.477172852,36307,14110,23.7212,-13.6654,37.3866,111.6885,0.33474,0.9521,1.2065,1.2672
osw-cql-seed1-B,cql,118000,0,118000,e55bb23912f4c8ee,-1235.571777344,237311,68413,46.5025,-18.4892,64.9917,113.0514,0.57489,0.851,1.1719,1.3772
osw-cql-seed1-B,cql,118000,2,118000,e55bb23912f4c8ee,-1235.571777344,168808,33814,18.5355,-10.8243,29.3598,113.0514,0.2597,0.8952,1.022,1.1416
osw-cql-seed1-B,cql,118000,4,118000,e55bb23912f4c8ee,-1235.571777344,35214,133999,11.6154,-3.3612,14.9766,113.0514,0.13248,0.9049,0.9789,1.0818
osw-cql-seed1-B,cql,118000,5,118000,e55bb23912f4c8ee,-1235.571777344,40938,30344,14.7349,-9.1448,23.8797,113.0514,0.21123,0.9423,1.0873,1.1539
osw-cql-seed1-B,cql,118000,6,118000,e55bb23912f4c8ee,-1235.571777344,51996,11915,8.9487,-19.2924,28.2412,113.0514,0.24981,0.949,1.1419,1.2032
osw-cql-seed1-B,cql,118000,7,118000,e55bb23912f4c8ee,-1235.571777344,64933,19513,8.2648,-13.8946,22.1595,113.0514,0.19601,0.913,1.0817,1.1848
osw-cql-seed1-B,cql,118000,11,118000,e55bb23912f4c8ee,-1235.571777344,76763,39227,2.0667,-10.2122,12.279,113.0514,0.10861,0.9593,1.0428,1.087
osw-cql-seed1-B,cql,118000,12,118000,e55bb23912f4c8ee,-1235.571777344,33583,82841,0.8407,-4.342,5.1827,113.0514,0.04584,0.9464,1.016,1.0736
osw-cql-seed1-B,cql,118000,13,118000,e55bb23912f4c8ee,-1235.571777344,29838,52509,11.1242,-5.0742,16.1984,113.0514,0.14328,0.9204,1.0503,1.1412
osw-cql-seed1-B,cql,118000,14,118000,e55bb23912f4c8ee,-1235.571777344,36307,14110,21.7894,-13.5996,35.389,113.0514,0.31303,0.9514,1.1986,1.2599
osw-cql-seed1-B,cql,119000,0,119000,d7246d895f5d0b4e,-1244.44128418,237311,68413,46.6918,-18.8334,65.5252,114.6159,0.57169,0.8505,1.173,1.3792
osw-cql-seed1-B,cql,119000,2,119000,d7246d895f5d0b4e,-1244.44128418,168808,33814,17.9358,-11.1123,29.0482,114.6159,0.25344,0.8937,1.0208,1.1423
osw-cql-seed1-B,cql,119000,4,119000,d7246d895f5d0b4e,-1244.44128418,35214,133999,12.6118,-3.1558,15.7675,114.6159,0.13757,0.9,0.9768,1.0853
osw-cql-seed1-B,cql,119000,5,119000,d7246d895f5d0b4e,-1244.44128418,40938,30344,15.3789,-9.3535,24.7323,114.6159,0.21578,0.9352,1.0849,1.16
osw-cql-seed1-B,cql,119000,6,119000,d7246d895f5d0b4e,-1244.44128418,51996,11915,9.4883,-18.1819,27.6702,114.6159,0.24142,0.9471,1.1395,1.2031
osw-cql-seed1-B,cql,119000,7,119000,d7246d895f5d0b4e,-1244.44128418,64933,19513,8.3596,-13.9329,22.2926,114.6159,0.1945,0.9142,1.0812,1.1827
osw-cql-seed1-B,cql,119000,11,119000,d7246d895f5d0b4e,-1244.44128418,76763,39227,1.967,-10.2429,12.2099,114.6159,0.10653,0.96,1.0428,1.0863
osw-cql-seed1-B,cql,119000,12,119000,d7246d895f5d0b4e,-1244.44128418,33583,82841,1.1049,-4.4249,5.5297,114.6159,0.04825,0.9449,1.0157,1.0749
osw-cql-seed1-B,cql,119000,13,119000,d7246d895f5d0b4e,-1244.44128418,29838,52509,11.7842,-5.0605,16.8447,114.6159,0.14697,0.9128,1.0504,1.1507
osw-cql-seed1-B,cql,119000,14,119000,d7246d895f5d0b4e,-1244.44128418,36307,14110,23.4841,-13.4688,36.9529,114.6159,0.32241,0.9488,1.2027,1.2677
osw-cql-seed1-B,cql,120000,0,120000,52c29946b08e2ec5,-1257.198974609,237311,68413,46.7399,-18.625,65.365,113.6265,0.57526,0.8518,1.1802,1.3856
osw-cql-seed1-B,cql,120000,2,120000,52c29946b08e2ec5,-1257.198974609,168808,33814,18.0366,-10.5292,28.5658,113.6265,0.2514,0.894,1.0224,1.1436
osw-cql-seed1-B,cql,120000,4,120000,52c29946b08e2ec5,-1257.198974609,35214,133999,10.5776,-3.4792,14.0568,113.6265,0.12371,0.902,0.9761,1.0821
osw-cql-seed1-B,cql,120000,5,120000,52c29946b08e2ec5,-1257.198974609,40938,30344,16.168,-9.3869,25.5549,113.6265,0.2249,0.9364,1.0826,1.1562
osw-cql-seed1-B,cql,120000,6,120000,52c29946b08e2ec5,-1257.198974609,51996,11915,9.6119,-17.6593,27.2711,113.6265,0.24001,0.9484,1.138,1.1999
osw-cql-seed1-B,cql,120000,7,120000,52c29946b08e2ec5,-1257.198974609,64933,19513,7.2968,-14.1084,21.4052,113.6265,0.18838,0.9132,1.0801,1.1827
osw-cql-seed1-B,cql,120000,11,120000,52c29946b08e2ec5,-1257.198974609,76763,39227,2.0959,-10.0379,12.1338,113.6265,0.10679,0.9596,1.0428,1.0867
osw-cql-seed1-B,cql,120000,12,120000,52c29946b08e2ec5,-1257.198974609,33583,82841,-0.2907,-4.816,4.5253,113.6265,0.03983,0.9454,1.0155,1.0741
osw-cql-seed1-B,cql,120000,13,120000,52c29946b08e2ec5,-1257.198974609,29838,52509,11.2579,-5.261,16.519,113.6265,0.14538,0.9123,1.0482,1.1489
osw-cql-seed1-B,cql,120000,14,120000,52c29946b08e2ec5,-1257.198974609,36307,14110,23.34,-13.2828,36.6228,113.6265,0.32231,0.9537,1.1946,1.2526
osw-cql-seed1-B,cql,121000,0,121000,b0d055089a4d2b87,-1265.594970703,237311,68413,46.7889,-18.7292,65.5182,114.3592,0.57292,0.8502,1.1712,1.3775
osw-cql-seed1-B,cql,121000,2,121000,b0d055089a4d2b87,-1265.594970703,168808,33814,17.7268,-11.3056,29.0324,114.3592,0.25387,0.8947,1.019,1.139
osw-cql-seed1-B,cql,121000,4,121000,b0d055089a4d2b87,-1265.594970703,35214,133999,11.2242,-3.434,14.6582,114.3592,0.12818,0.8938,0.9748,1.0906
osw-cql-seed1-B,cql,121000,5,121000,b0d055089a4d2b87,-1265.594970703,40938,30344,15.553,-8.98,24.533,114.3592,0.21453,0.9349,1.0807,1.156
osw-cql-seed1-B,cql,121000,6,121000,b0d055089a4d2b87,-1265.594970703,51996,11915,9.1669,-18.2817,27.4486,114.3592,0.24002,0.9456,1.1373,1.2027
osw-cql-seed1-B,cql,121000,7,121000,b0d055089a4d2b87,-1265.594970703,64933,19513,7.3661,-14.5951,21.9613,114.3592,0.19204,0.9142,1.0818,1.1833
osw-cql-seed1-B,cql,121000,11,121000,b0d055089a4d2b87,-1265.594970703,76763,39227,1.8555,-10.3126,12.1681,114.3592,0.1064,0.9585,1.0435,1.0887
osw-cql-seed1-B,cql,121000,12,121000,b0d055089a4d2b87,-1265.594970703,33583,82841,1.1064,-4.3206,5.427,114.3592,0.04746,0.943,1.0154,1.0768
osw-cql-seed1-B,cql,121000,13,121000,b0d055089a4d2b87,-1265.594970703,29838,52509,11.5955,-5.086,16.6815,114.3592,0.14587,0.9105,1.0448,1.1476
osw-cql-seed1-B,cql,121000,14,121000,b0d055089a4d2b87,-1265.594970703,36307,14110,22.0549,-14.1389,36.1938,114.3592,0.31649,0.953,1.1891,1.2478
osw-cql-seed1-B,cql,122000,0,122000,6f4dec52ed9f43ce,-1277.264892578,237311,68413,45.9542,-18.9901,64.9443,112.6766,0.57638,0.851,1.1739,1.3794
osw-cql-seed1-B,cql,122000,2,122000,6f4dec52ed9f43ce,-1277.264892578,168808,33814,18.2412,-11.4885,29.7297,112.6766,0.26385,0.8956,1.0215,1.1406
osw-cql-seed1-B,cql,122000,4,122000,6f4dec52ed9f43ce,-1277.264892578,35214,133999,11.7678,-3.1675,14.9352,112.6766,0.13255,0.895,0.9777,1.0923
osw-cql-seed1-B,cql,122000,5,122000,6f4dec52ed9f43ce,-1277.264892578,40938,30344,14.8643,-8.8996,23.7639,112.6766,0.2109,0.9353,1.0839,1.1589
osw-cql-seed1-B,cql,122000,6,122000,6f4dec52ed9f43ce,-1277.264892578,51996,11915,8.9417,-19.0202,27.9619,112.6766,0.24816,0.9479,1.1375,1.2
osw-cql-seed1-B,cql,122000,7,122000,6f4dec52ed9f43ce,-1277.264892578,64933,19513,6.7489,-15.3719,22.1207,112.6766,0.19632,0.9131,1.0809,1.1839
osw-cql-seed1-B,cql,122000,11,122000,6f4dec52ed9f43ce,-1277.264892578,76763,39227,1.132,-11.3954,12.5274,112.6766,0.11118,0.9588,1.0433,1.0882
osw-cql-seed1-B,cql,122000,12,122000,6f4dec52ed9f43ce,-1277.264892578,33583,82841,-0.2785,-5.1798,4.9013,112.6766,0.0435,0.9432,1.0162,1.0774
osw-cql-seed1-B,cql,122000,13,122000,6f4dec52ed9f43ce,-1277.264892578,29838,52509,9.9515,-5.2511,15.2026,112.6766,0.13492,0.9078,1.0515,1.1583
osw-cql-seed1-B,cql,122000,14,122000,6f4dec52ed9f43ce,-1277.264892578,36307,14110,20.7935,-14.7974,35.5908,112.6766,0.31587,0.9477,1.2004,1.2667
osw-cql-seed1-B,cql,123000,0,123000,9b3436b916bcfc2c,-1292.717529297,237311,68413,46.5223,-18.5294,65.0517,112.6065,0.57769,0.8498,1.173,1.3803
osw-cql-seed1-B,cql,123000,2,123000,9b3436b916bcfc2c,-1292.717529297,168808,33814,17.4039,-11.6308,29.0347,112.6065,0.25784,0.8939,1.0206,1.1418
osw-cql-seed1-B,cql,123000,4,123000,9b3436b916bcfc2c,-1292.717529297,35214,133999,8.9992,-3.4229,12.422,112.6065,0.11031,0.8981,0.9745,1.0851
osw-cql-seed1-B,cql,123000,5,123000,9b3436b916bcfc2c,-1292.717529297,40938,30344,14.8638,-8.9876,23.8514,112.6065,0.21181,0.933,1.0798,1.1573
osw-cql-seed1-B,cql,123000,6,123000,9b3436b916bcfc2c,-1292.717529297,51996,11915,8.4061,-17.9193,26.3254,112.6065,0.23378,0.9448,1.133,1.1991
osw-cql-seed1-B,cql,123000,7,123000,9b3436b916bcfc2c,-1292.717529297,64933,19513,7.4483,-14.2722,21.7205,112.6065,0.19289,0.9146,1.0826,1.1837
osw-cql-seed1-B,cql,123000,11,123000,9b3436b916bcfc2c,-1292.717529297,76763,39227,1.5037,-10.4828,11.9865,112.6065,0.10645,0.959,1.0417,1.0863
osw-cql-seed1-B,cql,123000,12,123000,9b3436b916bcfc2c,-1292.717529297,33583,82841,-0.8849,-4.9829,4.098,112.6065,0.03639,0.9442,1.0152,1.0752
osw-cql-seed1-B,cql,123000,13,123000,9b3436b916bcfc2c,-1292.717529297,29838,52509,10.4144,-4.613,15.0274,112.6065,0.13345,0.908,1.045,1.1509
osw-cql-seed1-B,cql,123000,14,123000,9b3436b916bcfc2c,-1292.717529297,36307,14110,23.0614,-13.4323,36.4937,112.6065,0.32408,0.9465,1.194,1.2615
osw-cql-seed1-B,cql,124000,0,124000,bbfa8b6ee32d7a50,-1304.934204102,237311,68413,45.7662,-18.0681,63.8343,111.9775,0.57006,0.8512,1.1719,1.3768
osw-cql-seed1-B,cql,124000,2,124000,bbfa8b6ee32d7a50,-1304.934204102,168808,33814,18.7554,-11.1268,29.8822,111.9775,0.26686,0.8962,1.0234,1.1419
osw-cql-seed1-B,cql,124000,4,124000,bbfa8b6ee32d7a50,-1304.934204102,35214,133999,10.4749,-3.5473,14.0221,111.9775,0.12522,0.9021,0.9761,1.0821
osw-cql-seed1-B,cql,124000,5,124000,bbfa8b6ee32d7a50,-1304.934204102,40938,30344,14.7856,-9.1654,23.9509,111.9775,0.21389,0.9344,1.0812,1.157
osw-cql-seed1-B,cql,124000,6,124000,bbfa8b6ee32d7a50,-1304.934204102,51996,11915,9.2342,-18.1809,27.4151,111.9775,0.24483,0.9451,1.1317,1.1975
osw-cql-seed1-B,cql,124000,7,124000,bbfa8b6ee32d7a50,-1304.934204102,64933,19513,7.4275,-13.9377,21.3652,111.9775,0.1908,0.9136,1.0773,1.1791
osw-cql-seed1-B,cql,124000,11,124000,bbfa8b6ee32d7a50,-1304.934204102,76763,39227,1.0625,-10.7932,11.8557,111.9775,0.10588,0.959,1.0433,1.0879
osw-cql-seed1-B,cql,124000,12,124000,bbfa8b6ee32d7a50,-1304.934204102,33583,82841,0.0164,-4.8479,4.8643,111.9775,0.04344,0.945,1.0149,1.0739
osw-cql-seed1-B,cql,124000,13,124000,bbfa8b6ee32d7a50,-1304.934204102,29838,52509,10.544,-4.8968,15.4408,111.9775,0.13789,0.9133,1.049,1.1486
osw-cql-seed1-B,cql,124000,14,124000,bbfa8b6ee32d7a50,-1304.934204102,36307,14110,22.144,-13.8255,35.9696,111.9775,0.32122,0.948,1.1977,1.2634
osw-cql-seed1-B,cql,125000,0,125000,56b8e4c4f1334771,-1315.884887695,237311,68413,46.0293,-19.4078,65.4371,113.8179,0.57493,0.8518,1.1722,1.3761
osw-cql-seed1-B,cql,125000,2,125000,56b8e4c4f1334771,-1315.884887695,168808,33814,17.6803,-11.3059,28.9862,113.8179,0.25467,0.895,1.0203,1.14
osw-cql-seed1-B,cql,125000,4,125000,56b8e4c4f1334771,-1315.884887695,35214,133999,10.1239,-3.5258,13.6497,113.8179,0.11993,0.8978,0.9757,1.0867
osw-cql-seed1-B,cql,125000,5,125000,56b8e4c4f1334771,-1315.884887695,40938,30344,16.052,-8.8196,24.8716,113.8179,0.21852,0.9354,1.0807,1.1553
osw-cql-seed1-B,cql,125000,6,125000,56b8e4c4f1334771,-1315.884887695,51996,11915,9.3389,-17.895,27.2338,113.8179,0.23928,0.9447,1.1312,1.1973
osw-cql-seed1-B,cql,125000,7,125000,56b8e4c4f1334771,-1315.884887695,64933,19513,7.0997,-14.618,21.7178,113.8179,0.19081,0.9184,1.0816,1.1778
osw-cql-seed1-B,cql,125000,11,125000,56b8e4c4f1334771,-1315.884887695,76763,39227,2.552,-10.0999,12.6518,113.8179,0.11116,0.9599,1.0431,1.0867
osw-cql-seed1-B,cql,125000,12,125000,56b8e4c4f1334771,-1315.884887695,33583,82841,-0.366,-5.0767,4.7106,113.8179,0.04139,0.9444,1.0157,1.0755
osw-cql-seed1-B,cql,125000,13,125000,56b8e4c4f1334771,-1315.884887695,29838,52509,10.0374,-5.274,15.3115,113.8179,0.13453,0.9086,1.0488,1.1543
osw-cql-seed1-B,cql,125000,14,125000,56b8e4c4f1334771,-1315.884887695,36307,14110,21.6467,-13.8561,35.5027,113.8179,0.31193,0.9481,1.1998,1.2655
osw-cql-seed1-B,cql,126000,0,126000,ebde40b19a782be9,-1329.844116211,237311,68413,46.1363,-19.561,65.6973,113.8224,0.57719,0.8515,1.1734,1.3779
osw-cql-seed1-B,cql,126000,2,126000,ebde40b19a782be9,-1329.844116211,168808,33814,19.0104,-10.7722,29.7826,113.8224,0.26166,0.8951,1.0214,1.141
osw-cql-seed1-B,cql,126000,4,126000,ebde40b19a782be9,-1329.844116211,35214,133999,11.7633,-3.2625,15.0258,113.8224,0.13201,0.8994,0.9764,1.0856
osw-cql-seed1-B,cql,126000,5,126000,ebde40b19a782be9,-1329.844116211,40938,30344,15.4375,-9.1447,24.5821,113.8224,0.21597,0.9381,1.0806,1.1519
osw-cql-seed1-B,cql,126000,6,126000,ebde40b19a782be9,-1329.844116211,51996,11915,8.7481,-18.5438,27.2919,113.8224,0.23978,0.9466,1.135,1.199
osw-cql-seed1-B,cql,126000,7,126000,ebde40b19a782be9,-1329.844116211,64933,19513,7.028,-14.5271,21.5551,113.8224,0.18937,0.9162,1.0821,1.181
osw-cql-seed1-B,cql,126000,11,126000,ebde40b19a782be9,-1329.844116211,76763,39227,1.9169,-10.0537,11.9705,113.8224,0.10517,0.9606,1.0443,1.0871
osw-cql-seed1-B,cql,126000,12,126000,ebde40b19a782be9,-1329.844116211,33583,82841,0.2165,-4.5869,4.8035,113.8224,0.0422,0.9459,1.0156,1.0737
osw-cql-seed1-B,cql,126000,13,126000,ebde40b19a782be9,-1329.844116211,29838,52509,10.5456,-5.1411,15.6867,113.8224,0.13782,0.9161,1.0476,1.1434
osw-cql-seed1-B,cql,126000,14,126000,ebde40b19a782be9,-1329.844116211,36307,14110,22.0237,-14.5355,36.5592,113.8224,0.3212,0.9512,1.1963,1.2577
osw-cql-seed1-B,cql,127000,0,127000,b304071b7c66cb65,-1335.272460938,237311,68413,45.9068,-18.7737,64.6805,112.2561,0.57619,0.8496,1.171,1.3782
osw-cql-seed1-B,cql,127000,2,127000,b304071b7c66cb65,-1335.272460938,168808,33814,17.979,-11.6161,29.5951,112.2561,0.26364,0.893,1.02,1.1422
osw-cql-seed1-B,cql,127000,4,127000,b304071b7c66cb65,-1335.272460938,35214,133999,12.0548,-2.8366,14.8914,112.2561,0.13266,0.8998,0.9766,1.0854
osw-cql-seed1-B,cql,127000,5,127000,b304071b7c66cb65,-1335.272460938,40938,30344,15.2546,-8.9169,24.1715,112.2561,0.21532,0.9327,1.0777,1.1554
osw-cql-seed1-B,cql,127000,6,127000,b304071b7c66cb65,-1335.272460938,51996,11915,8.3636,-18.6855,27.0491,112.2561,0.24096,0.9464,1.1351,1.1994
osw-cql-seed1-B,cql,127000,7,127000,b304071b7c66cb65,-1335.272460938,64933,19513,6.7625,-14.6901,21.4526,112.2561,0.1911,0.9128,1.0798,1.183
osw-cql-seed1-B,cql,127000,11,127000,b304071b7c66cb65,-1335.272460938,76763,39227,2.1521,-10.3692,12.5213,112.2561,0.11154,0.9593,1.0434,1.0877
osw-cql-seed1-B,cql,127000,12,127000,b304071b7c66cb65,-1335.272460938,33583,82841,0.9065,-4.405,5.3115,112.2561,0.04732,0.9456,1.0167,1.0752
osw-cql-seed1-B,cql,127000,13,127000,b304071b7c66cb65,-1335.272460938,29838,52509,11.7711,-4.8919,16.663,112.2561,0.14844,0.9122,1.0474,1.1483
osw-cql-seed1-B,cql,127000,14,127000,b304071b7c66cb65,-1335.272460938,36307,14110,22.2007,-14.5228,36.7234,112.2561,0.32714,0.9489,1.1928,1.257
osw-cql-seed1-B,cql,128000,0,128000,6f5f743aca56ca1a,-1351.525146484,237311,68413,45.7142,-18.9969,64.7111,112.8216,0.57357,0.8531,1.1726,1.3746
osw-cql-seed1-B,cql,128000,2,128000,6f5f743aca56ca1a,-1351.525146484,168808,33814,18.2091,-11.4194,29.6285,112.8216,0.26261,0.8973,1.0234,1.1405
osw-cql-seed1-B,cql,128000,4,128000,6f5f743aca56ca1a,-1351.525146484,35214,133999,12.5018,-3.3547,15.8565,112.8216,0.14054,0.9014,0.9765,1.0834
osw-cql-seed1-B,cql,128000,5,128000,6f5f743aca56ca1a,-1351.525146484,40938,30344,13.4032,-9.7101,23.1132,112.8216,0.20487,0.9351,1.0801,1.1551
osw-cql-seed1-B,cql,128000,6,128000,6f5f743aca56ca1a,-1351.525146484,51996,11915,8.642,-18.4515,27.0935,112.8216,0.24015,0.9441,1.1331,1.2001
osw-cql-seed1-B,cql,128000,7,128000,6f5f743aca56ca1a,-1351.525146484,64933,19513,7.4412,-14.5847,22.0259,112.8216,0.19523,0.9127,1.0796,1.1829
osw-cql-seed1-B,cql,128000,11,128000,6f5f743aca56ca1a,-1351.525146484,76763,39227,2.5424,-10.3986,12.941,112.8216,0.1147,0.96,1.043,1.0864
osw-cql-seed1-B,cql,128000,12,128000,6f5f743aca56ca1a,-1351.525146484,33583,82841,2.4663,-4.3964,6.8627,112.8216,0.06083,0.944,1.016,1.0762
osw-cql-seed1-B,cql,128000,13,128000,6f5f743aca56ca1a,-1351.525146484,29838,52509,11.917,-5.1618,17.0789,112.8216,0.15138,0.9145,1.0457,1.1435
osw-cql-seed1-B,cql,128000,14,128000,6f5f743aca56ca1a,-1351.525146484,36307,14110,21.5553,-14.4087,35.964,112.8216,0.31877,0.9492,1.1895,1.2531
osw-cql-seed1-B,cql,129000,0,129000,3cd4b29461b77b5b,-1364.879150391,237311,68413,45.9397,-19.1481,65.0878,112.5356,0.57837,0.8534,1.1772,1.3795
osw-cql-seed1-B,cql,129000,2,129000,3cd4b29461b77b5b,-1364.879150391,168808,33814,18.0367,-11.5195,29.5562,112.5356,0.26264,0.8927,1.019,1.1414
osw-cql-seed1-B,cql,129000,4,129000,3cd4b29461b77b5b,-1364.879150391,35214,133999,10.1462,-3.3149,13.4612,112.5356,0.11962,0.8977,0.976,1.0873
osw-cql-seed1-B,cql,129000,5,129000,3cd4b29461b77b5b,-1364.879150391,40938,30344,14.3759,-9.0144,23.3903,112.5356,0.20785,0.9352,1.0814,1.1563
osw-cql-seed1-B,cql,129000,6,129000,3cd4b29461b77b5b,-1364.879150391,51996,11915,9.7908,-17.6868,27.4776,112.5356,0.24417,0.9491,1.14,1.2011
osw-cql-seed1-B,cql,129000,7,129000,3cd4b29461b77b5b,-1364.879150391,64933,19513,7.3049,-14.334,21.6389,112.5356,0.19228,0.9152,1.0813,1.1816
osw-cql-seed1-B,cql,129000,11,129000,3cd4b29461b77b5b,-1364.879150391,76763,39227,1.1241,-10.5318,11.6559,112.5356,0.10358,0.9581,1.0416,1.0872
osw-cql-seed1-B,cql,129000,12,129000,3cd4b29461b77b5b,-1364.879150391,33583,82841,0.3788,-4.734,5.1128,112.5356,0.04543,0.9469,1.0151,1.0721
osw-cql-seed1-B,cql,129000,13,129000,3cd4b29461b77b5b,-1364.879150391,29838,52509,10.2043,-5.071,15.2753,112.5356,0.13574,0.9108,1.0473,1.1498
osw-cql-seed1-B,cql,129000,14,129000,3cd4b29461b77b5b,-1364.879150391,36307,14110,22.1492,-14.1952,36.3444,112.5356,0.32296,0.9504,1.1957,1.2582
osw-cql-seed1-B,cql,130000,0,130000,a7e719734aa93175,-1375.843261719,237311,68413,45.8265,-19.7745,65.601,112.7543,0.58181,0.85,1.1706,1.3773
osw-cql-seed1-B,cql,130000,2,130000,a7e719734aa93175,-1375.843261719,168808,33814,18.0082,-11.8506,29.8588,112.7543,0.26481,0.8951,1.0206,1.1401
osw-cql-seed1-B,cql,130000,4,130000,a7e719734aa93175,-1375.843261719,35214,133999,9.6036,-3.4887,13.0923,112.7543,0.11611,0.904,0.9765,1.0802
osw-cql-seed1-B,cql,130000,5,130000,a7e719734aa93175,-1375.843261719,40938,30344,14.4212,-8.5634,22.9846,112.7543,0.20385,0.9385,1.0828,1.1538
osw-cql-seed1-B,cql,130000,6,130000,a7e719734aa93175,-1375.843261719,51996,11915,7.0521,-18.3788,25.4309,112.7543,0.22554,0.9478,1.1371,1.1998
osw-cql-seed1-B,cql,130000,7,130000,a7e719734aa93175,-1375.843261719,64933,19513,6.3561,-14.1686,20.5247,112.7543,0.18203,0.9141,1.0808,1.1824
osw-cql-seed1-B,cql,130000,11,130000,a7e719734aa93175,-1375.843261719,76763,39227,1.8226,-10.5166,12.3393,112.7543,0.10944,0.9588,1.0414,1.0861
osw-cql-seed1-B,cql,130000,12,130000,a7e719734aa93175,-1375.843261719,33583,82841,-0.1522,-4.8994,4.7472,112.7543,0.0421,0.9453,1.0159,1.0746
osw-cql-seed1-B,cql,130000,13,130000,a7e719734aa93175,-1375.843261719,29838,52509,11.3749,-5.0095,16.3844,112.7543,0.14531,0.9108,1.0498,1.1526
osw-cql-seed1-B,cql,130000,14,130000,a7e719734aa93175,-1375.843261719,36307,14110,22.7825,-14.1362,36.9188,112.7543,0.32743,0.9501,1.2014,1.2645
osw-cql-seed1-B,cql,131000,0,131000,0e9ca786400e80d0,-1382.579711914,237311,68413,45.1996,-19.7435,64.9431,112.6276,0.57662,0.85,1.171,1.3776
osw-cql-seed1-B,cql,131000,2,131000,0e9ca786400e80d0,-1382.579711914,168808,33814,17.4183,-11.3425,28.7608,112.6276,0.25536,0.8944,1.0212,1.1418
osw-cql-seed1-B,cql,131000,4,131000,0e9ca786400e80d0,-1382.579711914,35214,133999,8.6997,-3.5076,12.2073,112.6276,0.10839,0.896,0.9758,1.089
osw-cql-seed1-B,cql,131000,5,131000,0e9ca786400e80d0,-1382.579711914,40938,30344,13.2365,-9.867,23.1035,112.6276,0.20513,0.9351,1.0771,1.1519
osw-cql-seed1-B,cql,131000,6,131000,0e9ca786400e80d0,-1382.579711914,51996,11915,9.3709,-18.7086,28.0795,112.6276,0.24931,0.9473,1.1354,1.1986
osw-cql-seed1-B,cql,131000,7,131000,0e9ca786400e80d0,-1382.579711914,64933,19513,6.6507,-14.2529,20.9036,112.6276,0.1856,0.9138,1.0805,1.1824
osw-cql-seed1-B,cql,131000,11,131000,0e9ca786400e80d0,-1382.579711914,76763,39227,1.1378,-10.5148,11.6526,112.6276,0.10346,0.9605,1.0444,1.0873
osw-cql-seed1-B,cql,131000,12,131000,0e9ca786400e80d0,-1382.579711914,33583,82841,-0.1416,-4.7346,4.593,112.6276,0.04078,0.9464,1.016,1.0735
osw-cql-seed1-B,cql,131000,13,131000,0e9ca786400e80d0,-1382.579711914,29838,52509,8.2545,-5.5696,13.8241,112.6276,0.12274,0.9139,1.0446,1.143
osw-cql-seed1-B,cql,131000,14,131000,0e9ca786400e80d0,-1382.579711914,36307,14110,22.1316,-14.4217,36.5534,112.6276,0.32455,0.9513,1.1851,1.2459
osw-cql-seed1-B,cql,132000,0,132000,6ff9927734fd86e7,-1390.575195312,237311,68413,45.4188,-18.8021,64.2209,112.1283,0.57274,0.8489,1.1661,1.3736
osw-cql-seed1-B,cql,132000,2,132000,6ff9927734fd86e7,-1390.575195312,168808,33814,16.9945,-10.9659,27.9604,112.1283,0.24936,0.8932,1.0188,1.1406
osw-cql-seed1-B,cql,132000,4,132000,6ff9927734fd86e7,-1390.575195312,35214,133999,8.9834,-3.3013,12.2847,112.1283,0.10956,0.8959,0.9746,1.0878
osw-cql-seed1-B,cql,132000,5,132000,6ff9927734fd86e7,-1390.575195312,40938,30344,14.4115,-9.1554,23.5669,112.1283,0.21018,0.9363,1.078,1.1514
osw-cql-seed1-B,cql,132000,6,132000,6ff9927734fd86e7,-1390.575195312,51996,11915,8.2195,-18.5638,26.7833,112.1283,0.23886,0.9451,1.1308,1.1964
osw-cql-seed1-B,cql,132000,7,132000,6ff9927734fd86e7,-1390.575195312,64933,19513,6.623,-14.3344,20.9574,112.1283,0.18691,0.9131,1.0786,1.1813
osw-cql-seed1-B,cql,132000,11,132000,6ff9927734fd86e7,-1390.575195312,76763,39227,1.1439,-10.5967,11.7406,112.1283,0.10471,0.959,1.0416,1.0862
osw-cql-seed1-B,cql,132000,12,132000,6ff9927734fd86e7,-1390.575195312,33583,82841,-1.6201,-5.0137,3.3936,112.1283,0.03027,0.9442,1.0141,1.074
osw-cql-seed1-B,cql,132000,13,132000,6ff9927734fd86e7,-1390.575195312,29838,52509,10.231,-5.1338,15.3648,112.1283,0.13703,0.911,1.0441,1.1462
osw-cql-seed1-B,cql,132000,14,132000,6ff9927734fd86e7,-1390.575195312,36307,14110,22.0688,-13.5357,35.6046,112.1283,0.31753,0.9486,1.1895,1.2539
osw-cql-seed1-B,cql,133000,0,133000,9672b39f007aa757,-1402.707275391,237311,68413,44.6004,-19.9753,64.5757,111.883,0.57717,0.8505,1.1707,1.3765
osw-cql-seed1-B,cql,133000,2,133000,9672b39f007aa757,-1402.707275391,168808,33814,17.1828,-11.6539,28.8367,111.883,0.25774,0.8931,1.0182,1.1401
osw-cql-seed1-B,cql,133000,4,133000,9672b39f007aa757,-1402.707275391,35214,133999,8.9969,-3.7792,12.7761,111.883,0.11419,0.8963,0.9743,1.087
osw-cql-seed1-B,cql,133000,5,133000,9672b39f007aa757,-1402.707275391,40938,30344,13.9702,-10.0342,24.0044,111.883,0.21455,0.9342,1.0788,1.1547
osw-cql-seed1-B,cql,133000,6,133000,9672b39f007aa757,-1402.707275391,51996,11915,7.3106,-19.4075,26.7182,111.883,0.2388,0.9457,1.132,1.197
osw-cql-seed1-B,cql,133000,7,133000,9672b39f007aa757,-1402.707275391,64933,19513,7.1551,-14.2255,21.3806,111.883,0.1911,0.9127,1.0785,1.1817
osw-cql-seed1-B,cql,133000,11,133000,9672b39f007aa757,-1402.707275391,76763,39227,1.0324,-10.5681,11.6005,111.883,0.10368,0.9605,1.044,1.0869
osw-cql-seed1-B,cql,133000,12,133000,9672b39f007aa757,-1402.707275391,33583,82841,0.1043,-4.7502,4.8545,111.883,0.04339,0.9468,1.0151,1.0721
osw-cql-seed1-B,cql,133000,13,133000,9672b39f007aa757,-1402.707275391,29838,52509,10.1577,-5.503,15.6607,111.883,0.13997,0.9157,1.0438,1.1399
osw-cql-seed1-B,cql,133000,14,133000,9672b39f007aa757,-1402.707275391,36307,14110,21.9957,-14.7813,36.7771,111.883,0.32871,0.9541,1.1837,1.2407
osw-cql-seed1-B,cql,134000,0,134000,332dc92bd214b257,-1413.789672852,237311,68413,45.6673,-19.5108,65.1781,112.9856,0.57687,0.8499,1.1723,1.3793
osw-cql-seed1-B,cql,134000,2,134000,332dc92bd214b257,-1413.789672852,168808,33814,17.044,-11.8445,28.8885,112.9856,0.25568,0.8957,1.0202,1.139
osw-cql-seed1-B,cql,134000,4,134000,332dc92bd214b257,-1413.789672852,35214,133999,8.6149,-3.2932,11.9081,112.9856,0.10539,0.8941,0.976,1.0916
osw-cql-seed1-B,cql,134000,5,134000,332dc92bd214b257,-1413.789672852,40938,30344,13.8905,-8.5524,22.4429,112.9856,0.19864,0.9325,1.078,1.1561
osw-cql-seed1-B,cql,134000,6,134000,332dc92bd214b257,-1413.789672852,51996,11915,8.4136,-17.6897,26.1033,112.9856,0.23103,0.9463,1.1333,1.1976
osw-cql-seed1-B,cql,134000,7,134000,332dc92bd214b257,-1413.789672852,64933,19513,6.6265,-14.5972,21.2237,112.9856,0.18784,0.9135,1.0803,1.1826
osw-cql-seed1-B,cql,134000,11,134000,332dc92bd214b257,-1413.789672852,76763,39227,1.3388,-10.325,11.6639,112.9856,0.10323,0.9603,1.0433,1.0865
osw-cql-seed1-B,cql,134000,12,134000,332dc92bd214b257,-1413.789672852,33583,82841,-1.2408,-4.4473,3.2066,112.9856,0.02838,0.9468,1.0157,1.0727
osw-cql-seed1-B,cql,134000,13,134000,332dc92bd214b257,-1413.789672852,29838,52509,8.7205,-4.7025,13.4229,112.9856,0.1188,0.9101,1.0437,1.1468
osw-cql-seed1-B,cql,134000,14,134000,332dc92bd214b257,-1413.789672852,36307,14110,20.5095,-13.7939,34.3034,112.9856,0.30361,0.95,1.1835,1.2457
osw-cql-seed1-B,cql,135000,0,135000,e69c2e17636fbb20,-1420.862426758,237311,68413,45.6316,-18.5288,64.1605,113.0243,0.56767,0.8501,1.1681,1.374
osw-cql-seed1-B,cql,135000,2,135000,e69c2e17636fbb20,-1420.862426758,168808,33814,17.2465,-11.3134,28.5599,113.0243,0.25269,0.8944,1.0204,1.141
osw-cql-seed1-B,cql,135000,4,135000,e69c2e17636fbb20,-1420.862426758,35214,133999,11.2238,-3.1179,14.3417,113.0243,0.12689,0.8926,0.9734,1.0906
osw-cql-seed1-B,cql,135000,5,135000,e69c2e17636fbb20,-1420.862426758,40938,30344,14.7904,-9.4184,24.2088,113.0243,0.21419,0.931,1.0776,1.1574
osw-cql-seed1-B,cql,135000,6,135000,e69c2e17636fbb20,-1420.862426758,51996,11915,8.3596,-18.3839,26.7436,113.0243,0.23662,0.9446,1.1311,1.1974
osw-cql-seed1-B,cql,135000,7,135000,e69c2e17636fbb20,-1420.862426758,64933,19513,7.5015,-13.8551,21.3566,113.0243,0.18896,0.9148,1.079,1.1795
osw-cql-seed1-B,cql,135000,11,135000,e69c2e17636fbb20,-1420.862426758,76763,39227,1.6279,-10.5839,12.2118,113.0243,0.10805,0.9591,1.0426,1.087
osw-cql-seed1-B,cql,135000,12,135000,e69c2e17636fbb20,-1420.862426758,33583,82841,-1.3102,-4.9401,3.63,113.0243,0.03212,0.9447,1.0145,1.0738
osw-cql-seed1-B,cql,135000,13,135000,e69c2e17636fbb20,-1420.862426758,29838,52509,10.6504,-4.8754,15.5258,113.0243,0.13737,0.908,1.0445,1.1504
osw-cql-seed1-B,cql,135000,14,135000,e69c2e17636fbb20,-1420.862426758,36307,14110,21.3956,-14.4133,35.8089,113.0243,0.31682,0.9466,1.1915,1.2587
osw-cql-seed1-B,cql,136000,0,136000,be3856c1dd580c47,-1429.769775391,237311,68413,43.4719,-21.5606,65.0324,112.361,0.57878,0.8514,1.1712,1.3756
osw-cql-seed1-B,cql,136000,2,136000,be3856c1dd580c47,-1429.769775391,168808,33814,17.4975,-11.628,29.1256,112.361,0.25921,0.8943,1.0185,1.1389
osw-cql-seed1-B,cql,136000,4,136000,be3856c1dd580c47,-1429.769775391,35214,133999,7.4355,-3.5716,11.0071,112.361,0.09796,0.8961,0.9746,1.0877
osw-cql-seed1-B,cql,136000,5,136000,be3856c1dd580c47,-1429.769775391,40938,30344,13.2079,-9.2607,22.4686,112.361,0.19997,0.9338,1.0792,1.1558
osw-cql-seed1-B,cql,136000,6,136000,be3856c1dd580c47,-1429.769775391,51996,11915,8.5626,-18.5631,27.1257,112.361,0.24142,0.9462,1.1318,1.1962
osw-cql-seed1-B,cql,136000,7,136000,be3856c1dd580c47,-1429.769775391,64933,19513,6.4428,-15.2703,21.7131,112.361,0.19324,0.9133,1.0807,1.1833
osw-cql-seed1-B,cql,136000,11,136000,be3856c1dd580c47,-1429.769775391,76763,39227,1.5247,-10.4959,12.0206,112.361,0.10698,0.9594,1.0435,1.0877
osw-cql-seed1-B,cql,136000,12,136000,be3856c1dd580c47,-1429.769775391,33583,82841,-1.1048,-4.5004,3.3957,112.361,0.03022,0.9463,1.0151,1.0726
osw-cql-seed1-B,cql,136000,13,136000,be3856c1dd580c47,-1429.769775391,29838,52509,9.1814,-4.9825,14.1639,112.361,0.12606,0.9086,1.0459,1.1511
osw-cql-seed1-B,cql,136000,14,136000,be3856c1dd580c47,-1429.769775391,36307,14110,20.5686,-14.5084,35.0771,112.361,0.31218,0.9466,1.1941,1.2615
osw-cql-seed1-B,cql,137000,0,137000,7015b1787e4e7840,-1437.259033203,237311,68413,44.1516,-19.9941,64.1457,111.5039,0.57528,0.8517,1.1725,1.3766
osw-cql-seed1-B,cql,137000,2,137000,7015b1787e4e7840,-1437.259033203,168808,33814,17.0792,-11.479,28.5582,111.5039,0.25612,0.8931,1.0194,1.1415
osw-cql-seed1-B,cql,137000,4,137000,7015b1787e4e7840,-1437.259033203,35214,133999,9.8295,-3.7887,13.6182,111.5039,0.12213,0.8972,0.9752,1.0869
osw-cql-seed1-B,cql,137000,5,137000,7015b1787e4e7840,-1437.259033203,40938,30344,13.9864,-9.6578,23.6442,111.5039,0.21205,0.9348,1.0805,1.1559
osw-cql-seed1-B,cql,137000,6,137000,7015b1787e4e7840,-1437.259033203,51996,11915,8.2333,-19.3925,27.6258,111.5039,0.24776,0.9474,1.1353,1.1983
osw-cql-seed1-B,cql,137000,7,137000,7015b1787e4e7840,-1437.259033203,64933,19513,5.5724,-15.3654,20.9378,111.5039,0.18778,0.9132,1.0816,1.1844
osw-cql-seed1-B,cql,137000,11,137000,7015b1787e4e7840,-1437.259033203,76763,39227,0.5611,-10.9624,11.5234,111.5039,0.10335,0.9588,1.0427,1.0875
osw-cql-seed1-B,cql,137000,12,137000,7015b1787e4e7840,-1437.259033203,33583,82841,-1.527,-5.3939,3.8669,111.5039,0.03468,0.9437,1.0142,1.0747
osw-cql-seed1-B,cql,137000,13,137000,7015b1787e4e7840,-1437.259033203,29838,52509,9.6479,-5.5851,15.2329,111.5039,0.13661,0.9094,1.0473,1.1517
osw-cql-seed1-B,cql,137000,14,137000,7015b1787e4e7840,-1437.259033203,36307,14110,21.1635,-14.0263,35.1898,111.5039,0.31559,0.9468,1.1922,1.2592
osw-cql-seed1-B,cql,138000,0,138000,056d0c208f0b48e3,-1447.929443359,237311,68413,44.4207,-20.2454,64.666,112.1572,0.57657,0.8526,1.1696,1.3718
osw-cql-seed1-B,cql,138000,2,138000,056d0c208f0b48e3,-1447.929443359,168808,33814,16.854,-11.6189,28.4728,112.1572,0.25387,0.895,1.019,1.1386
osw-cql-seed1-B,cql,138000,4,138000,056d0c208f0b48e3,-1447.929443359,35214,133999,8.1309,-3.4117,11.5426,112.1572,0.10291,0.901,0.9749,1.082
osw-cql-seed1-B,cql,138000,5,138000,056d0c208f0b48e3,-1447.929443359,40938,30344,13.0095,-9.0544,22.0639,112.1572,0.19672,0.935,1.0793,1.1544
osw-cql-seed1-B,cql,138000,6,138000,056d0c208f0b48e3,-1447.929443359,51996,11915,7.8774,-19.428,27.3053,112.1572,0.24346,0.9459,1.1308,1.1955
osw-cql-seed1-B,cql,138000,7,138000,056d0c208f0b48e3,-1447.929443359,64933,19513,6.3702,-14.9562,21.3263,112.1572,0.19015,0.9126,1.0777,1.1809
osw-cql-seed1-B,cql,138000,11,138000,056d0c208f0b48e3,-1447.929443359,76763,39227,1.9605,-10.3557,12.3162,112.1572,0.10981,0.9591,1.0443,1.0889
osw-cql-seed1-B,cql,138000,12,138000,056d0c208f0b48e3,-1447.929443359,33583,82841,-0.1656,-4.5892,4.4236,112.1572,0.03944,0.9452,1.0147,1.0736
osw-cql-seed1-B,cql,138000,13,138000,056d0c208f0b48e3,-1447.929443359,29838,52509,9.2435,-4.8583,14.1019,112.1572,0.12573,0.9113,1.0474,1.1494
osw-cql-seed1-B,cql,138000,14,138000,056d0c208f0b48e3,-1447.929443359,36307,14110,22.2541,-13.4821,35.7361,112.1572,0.31863,0.9481,1.193,1.2583
osw-cql-seed1-B,cql,139000,0,139000,9fdc4fc8bedc51ed,-1461.940063477,237311,68413,44.8584,-19.5291,64.3875,112.2359,0.57368,0.8521,1.1709,1.3742
osw-cql-seed1-B,cql,139000,2,139000,9fdc4fc8bedc51ed,-1461.940063477,168808,33814,16.7213,-11.4407,28.162,112.2359,0.25092,0.8947,1.0212,1.1414
osw-cql-seed1-B,cql,139000,4,139000,9fdc4fc8bedc51ed,-1461.940063477,35214,133999,9.8743,-3.5378,13.4121,112.2359,0.1195,0.9007,0.9751,1.0825
osw-cql-seed1-B,cql,139000,5,139000,9fdc4fc8bedc51ed,-1461.940063477,40938,30344,14.087,-9.5077,23.5947,112.2359,0.21022,0.9363,1.0804,1.1539
osw-cql-seed1-B,cql,139000,6,139000,9fdc4fc8bedc51ed,-1461.940063477,51996,11915,6.316,-18.8713,25.1873,112.2359,0.22441,0.9471,1.1351,1.1985
osw-cql-seed1-B,cql,139000,7,139000,9fdc4fc8bedc51ed,-1461.940063477,64933,19513,4.1912,-15.8735,20.0648,112.2359,0.17877,0.9136,1.0805,1.1827
osw-cql-seed1-B,cql,139000,11,139000,9fdc4fc8bedc51ed,-1461.940063477,76763,39227,0.4032,-10.8856,11.2888,112.2359,0.10058,0.958,1.0426,1.0883
osw-cql-seed1-B,cql,139000,12,139000,9fdc4fc8bedc51ed,-1461.940063477,33583,82841,-1.7994,-5.1184,3.319,112.2359,0.02957,0.9444,1.014,1.0736
osw-cql-seed1-B,cql,139000,13,139000,9fdc4fc8bedc51ed,-1461.940063477,29838,52509,11.2835,-5.0232,16.3067,112.2359,0.14529,0.9114,1.045,1.1466
osw-cql-seed1-B,cql,139000,14,139000,9fdc4fc8bedc51ed,-1461.940063477,36307,14110,22.6067,-13.744,36.3507,112.2359,0.32388,0.9509,1.1989,1.2608
osw-cql-seed1-B,cql,140000,0,140000,cfc02b6c9ba7484e,-1470.114501953,237311,68413,44.8829,-20.3435,65.2265,113.7014,0.57366,0.8528,1.1705,1.3725
osw-cql-seed1-B,cql,140000,2,140000,cfc02b6c9ba7484e,-1470.114501953,168808,33814,17.4853,-11.5634,29.0487,113.7014,0.25548,0.8941,1.0178,1.1384
osw-cql-seed1-B,cql,140000,4,140000,cfc02b6c9ba7484e,-1470.114501953,35214,133999,8.0989,-3.6425,11.7415,113.7014,0.10327,0.8993,0.9758,1.0851
osw-cql-seed1-B,cql,140000,5,140000,cfc02b6c9ba7484e,-1470.114501953,40938,30344,14.3623,-10.2347,24.597,113.7014,0.21633,0.9365,1.0792,1.1524
osw-cql-seed1-B,cql,140000,6,140000,cfc02b6c9ba7484e,-1470.114501953,51996,11915,7.8453,-19.0263,26.8717,113.7014,0.23634,0.9463,1.1343,1.1987
osw-cql-seed1-B,cql,140000,7,140000,cfc02b6c9ba7484e,-1470.114501953,64933,19513,6.2529,-15.3294,21.5824,113.7014,0.18982,0.9152,1.0788,1.1787
osw-cql-seed1-B,cql,140000,11,140000,cfc02b6c9ba7484e,-1470.114501953,76763,39227,1.3614,-10.5415,11.9029,113.7014,0.10469,0.9588,1.0414,1.0862
osw-cql-seed1-B,cql,140000,12,140000,cfc02b6c9ba7484e,-1470.114501953,33583,82841,-1.9553,-5.2089,3.2537,113.7014,0.02862,0.9465,1.0145,1.0718
osw-cql-seed1-B,cql,140000,13,140000,cfc02b6c9ba7484e,-1470.114501953,29838,52509,9.8858,-5.1833,15.0691,113.7014,0.13253,0.9135,1.0446,1.1435
osw-cql-seed1-B,cql,140000,14,140000,cfc02b6c9ba7484e,-1470.114501953,36307,14110,22.2799,-14.6954,36.9753,113.7014,0.3252,0.952,1.1922,1.2522
osw-cql-seed1-B,cql,141000,0,141000,4fde7440fd7e626a,-1484.27722168,237311,68413,45.0662,-19.2122,64.2784,111.5786,0.57608,0.8527,1.1716,1.374
osw-cql-seed1-B,cql,141000,2,141000,4fde7440fd7e626a,-1484.27722168,168808,33814,16.7231,-11.9484,28.6715,111.5786,0.25696,0.8949,1.0169,1.1363
osw-cql-seed1-B,cql,141000,4,141000,4fde7440fd7e626a,-1484.27722168,35214,133999,10.6557,-3.4103,14.066,111.5786,0.12606,0.8975,0.9744,1.0857
osw-cql-seed1-B,cql,141000,5,141000,4fde7440fd7e626a,-1484.27722168,40938,30344,15.5476,-9.0732,24.6208,111.5786,0.22066,0.9309,1.0763,1.1562
osw-cql-seed1-B,cql,141000,6,141000,4fde7440fd7e626a,-1484.27722168,51996,11915,9.4221,-17.531,26.9531,111.5786,0.24156,0.943,1.1316,1.2
osw-cql-seed1-B,cql,141000,7,141000,4fde7440fd7e626a,-1484.27722168,64933,19513,6.9939,-14.4077,21.4016,111.5786,0.19181,0.9148,1.0807,1.1813
osw-cql-seed1-B,cql,141000,11,141000,4fde7440fd7e626a,-1484.27722168,76763,39227,1.6153,-10.6583,12.2735,111.5786,0.11,0.9589,1.043,1.0877
osw-cql-seed1-B,cql,141000,12,141000,4fde7440fd7e626a,-1484.27722168,33583,82841,-0.0878,-5.1236,5.0358,111.5786,0.04513,0.946,1.0145,1.0724
osw-cql-seed1-B,cql,141000,13,141000,4fde7440fd7e626a,-1484.27722168,29838,52509,10.9011,-5.6489,16.5501,111.5786,0.14833,0.9082,1.0437,1.1492
osw-cql-seed1-B,cql,141000,14,141000,4fde7440fd7e626a,-1484.27722168,36307,14110,23.2989,-13.8562,37.1551,111.5786,0.33299,0.9478,1.1918,1.2575
osw-cql-seed1-B,cql,142000,0,142000,2280a90b8c065a1a,-1493.68359375,237311,68413,44.1178,-20.3793,64.4971,111.7182,0.57732,0.852,1.1686,1.3717
osw-cql-seed1-B,cql,142000,2,142000,2280a90b8c065a1a,-1493.68359375,168808,33814,16.1951,-12.1368,28.3319,111.7182,0.2536,0.8941,1.0174,1.1378
osw-cql-seed1-B,cql,142000,4,142000,2280a90b8c065a1a,-1493.68359375,35214,133999,7.6203,-3.7894,11.4097,111.7182,0.10213,0.8982,0.974,1.0844
osw-cql-seed1-B,cql,142000,5,142000,2280a90b8c065a1a,-1493.68359375,40938,30344,12.6936,-9.4132,22.1068,111.7182,0.19788,0.9328,1.0772,1.1547
osw-cql-seed1-B,cql,142000,6,142000,2280a90b8c065a1a,-1493.68359375,51996,11915,7.2005,-17.933,25.1335,111.7182,0.22497,0.9439,1.1322,1.1995
osw-cql-seed1-B,cql,142000,7,142000,2280a90b8c065a1a,-1493.68359375,64933,19513,5.9502,-14.1421,20.0923,111.7182,0.17985,0.9127,1.0778,1.1808
osw-cql-seed1-B,cql,142000,11,142000,2280a90b8c065a1a,-1493.68359375,76763,39227,2.1281,-9.9174,12.0456,111.7182,0.10782,0.9588,1.0414,1.0862
osw-cql-seed1-B,cql,142000,12,142000,2280a90b8c065a1a,-1493.68359375,33583,82841,-1.8254,-4.788,2.9626,111.7182,0.02652,0.944,1.0131,1.0733
osw-cql-seed1-B,cql,142000,13,142000,2280a90b8c065a1a,-1493.68359375,29838,52509,7.4483,-5.477,12.9253,111.7182,0.1157,0.9125,1.0424,1.1424
osw-cql-seed1-B,cql,142000,14,142000,2280a90b8c065a1a,-1493.68359375,36307,14110,21.2172,-13.966,35.1832,111.7182,0.31493,0.9522,1.1763,1.2354
osw-cql-seed1-B,cql,143000,0,143000,2dd9872d921f866b,-1502.964233398,237311,68413,44.9213,-20.597,65.5183,113.0534,0.57953,0.8506,1.1659,1.3707
osw-cql-seed1-B,cql,143000,2,143000,2dd9872d921f866b,-1502.964233398,168808,33814,17.7331,-11.962,29.6951,113.0534,0.26266,0.8949,1.0192,1.1389
osw-cql-seed1-B,cql,143000,4,143000,2dd9872d921f866b,-1502.964233398,35214,133999,9.5334,-3.5979,13.1313,113.0534,0.11615,0.894,0.9743,1.0899
osw-cql-seed1-B,cql,143000,5,143000,2dd9872d921f866b,-1502.964233398,40938,30344,14.9188,-9.3018,24.2206,113.0534,0.21424,0.9327,1.0774,1.1551
osw-cql-seed1-B,cql,143000,6,143000,2dd9872d921f866b,-1502.964233398,51996,11915,8.3946,-18.7188,27.1134,113.0534,0.23983,0.9464,1.1365,1.2008
osw-cql-seed1-B,cql,143000,7,143000,2dd9872d921f866b,-1502.964233398,64933,19513,6.2692,-15.3166,21.5859,113.0534,0.19094,0.913,1.0775,1.1801
osw-cql-seed1-B,cql,143000,11,143000,2dd9872d921f866b,-1502.964233398,76763,39227,0.8437,-11.109,11.9528,113.0534,0.10573,0.9584,1.0413,1.0866
osw-cql-seed1-B,cql,143000,12,143000,2dd9872d921f866b,-1502.964233398,33583,82841,-0.3589,-5.1771,4.8182,113.0534,0.04262,0.946,1.0137,1.0716
osw-cql-seed1-B,cql,143000,13,143000,2dd9872d921f866b,-1502.964233398,29838,52509,10.401,-5.1719,15.5729,113.0534,0.13775,0.9121,1.0447,1.1455
osw-cql-seed1-B,cql,143000,14,143000,2dd9872d921f866b,-1502.964233398,36307,14110,22.0956,-14.3272,36.4228,113.0534,0.32217,0.9472,1.1934,1.2599
osw-cql-seed1-B,cql,144000,0,144000,8b2b4a5b408d06d7,-1510.867553711,237311,68413,44.1633,-20.1431,64.3064,111.706,0.57568,0.8517,1.1676,1.3709
osw-cql-seed1-B,cql,144000,2,144000,8b2b4a5b408d06d7,-1510.867553711,168808,33814,16.5748,-11.7628,28.3376,111.706,0.25368,0.8946,1.0189,1.1389
osw-cql-seed1-B,cql,144000,4,144000,8b2b4a5b408d06d7,-1510.867553711,35214,133999,10.2791,-3.704,13.9831,111.706,0.12518,0.9003,0.9754,1.0834
osw-cql-seed1-B,cql,144000,5,144000,8b2b4a5b408d06d7,-1510.867553711,40938,30344,14.1471,-8.8829,23.03,111.706,0.20617,0.9341,1.0808,1.1571
osw-cql-seed1-B,cql,144000,6,144000,8b2b4a5b408d06d7,-1510.867553711,51996,11915,8.3601,-18.4825,26.8426,111.706,0.2403,0.9467,1.135,1.1989
osw-cql-seed1-B,cql,144000,7,144000,8b2b4a5b408d06d7,-1510.867553711,64933,19513,6.7085,-14.6045,21.313,111.706,0.1908,0.9119,1.0769,1.1809
osw-cql-seed1-B,cql,144000,11,144000,8b2b4a5b408d06d7,-1510.867553711,76763,39227,1.6043,-10.6143,12.2186,111.706,0.10938,0.9585,1.0412,1.0862
osw-cql-seed1-B,cql,144000,12,144000,8b2b4a5b408d06d7,-1510.867553711,33583,82841,-1.5249,-5.0365,3.5116,111.706,0.03144,0.9442,1.0139,1.0738
osw-cql-seed1-B,cql,144000,13,144000,8b2b4a5b408d06d7,-1510.867553711,29838,52509,8.2133,-5.1887,13.402,111.706,0.11998,0.9141,1.0456,1.1438
osw-cql-seed1-B,cql,144000,14,144000,8b2b4a5b408d06d7,-1510.867553711,36307,14110,21.2892,-14.0471,35.3363,111.706,0.31633,0.9511,1.1929,1.2543
osw-cql-seed1-B,cql,145000,0,145000,d013bef25adaccbd,-1524.383544922,237311,68413,43.5735,-20.8838,64.4573,111.4457,0.57837,0.8523,1.1694,1.3721
osw-cql-seed1-B,cql,145000,2,145000,d013bef25adaccbd,-1524.383544922,168808,33814,15.9625,-11.594,27.5566,111.4457,0.24726,0.8947,1.021,1.1411
osw-cql-seed1-B,cql,145000,4,145000,d013bef25adaccbd,-1524.383544922,35214,133999,8.2794,-3.5792,11.8586,111.4457,0.10641,0.897,0.9742,1.0861
osw-cql-seed1-B,cql,145000,5,145000,d013bef25adaccbd,-1524.383544922,40938,30344,13.5581,-9.3663,22.9244,111.4457,0.2057,0.935,1.0785,1.1535
osw-cql-seed1-B,cql,145000,6,145000,d013bef25adaccbd,-1524.383544922,51996,11915,7.7909,-18.4894,26.2803,111.4457,0.23581,0.9472,1.136,1.1994
osw-cql-seed1-B,cql,145000,7,145000,d013bef25adaccbd,-1524.383544922,64933,19513,6.0343,-14.7099,20.7442,111.4457,0.18614,0.9128,1.0768,1.1797
osw-cql-seed1-B,cql,145000,11,145000,d013bef25adaccbd,-1524.383544922,76763,39227,0.4556,-11.0139,11.4694,111.4457,0.10292,0.9586,1.0415,1.0865
osw-cql-seed1-B,cql,145000,12,145000,d013bef25adaccbd,-1524.383544922,33583,82841,-0.155,-4.9407,4.7858,111.4457,0.04294,0.9447,1.0134,1.0728
osw-cql-seed1-B,cql,145000,13,145000,d013bef25adaccbd,-1524.383544922,29838,52509,9.3854,-5.2296,14.615,111.4457,0.13114,0.9108,1.0425,1.1445
osw-cql-seed1-B,cql,145000,14,145000,d013bef25adaccbd,-1524.383544922,36307,14110,19.9059,-14.7609,34.6668,111.4457,0.31106,0.9535,1.1877,1.2456
osw-cql-seed1-B,cql,146000,0,146000,7e31e075b5be9320,-1533.235717773,237311,68413,44.7476,-21.3266,66.0742,114.3518,0.57781,0.8524,1.1719,1.3748
osw-cql-seed1-B,cql,146000,2,146000,7e31e075b5be9320,-1533.235717773,168808,33814,16.9353,-11.8558,28.791,114.3518,0.25178,0.8942,1.0182,1.1386
osw-cql-seed1-B,cql,146000,4,146000,7e31e075b5be9320,-1533.235717773,35214,133999,8.2991,-3.5954,11.8945,114.3518,0.10402,0.8931,0.974,1.0906
osw-cql-seed1-B,cql,146000,5,146000,7e31e075b5be9320,-1533.235717773,40938,30344,13.6926,-9.2093,22.9019,114.3518,0.20028,0.9354,1.0792,1.1537
osw-cql-seed1-B,cql,146000,6,146000,7e31e075b5be9320,-1533.235717773,51996,11915,5.3823,-20.0334,25.4157,114.3518,0.22226,0.9467,1.136,1.2
osw-cql-seed1-B,cql,146000,7,146000,7e31e075b5be9320,-1533.235717773,64933,19513,4.612,-16.3566,20.9686,114.3518,0.18337,0.9145,1.0788,1.1797
osw-cql-seed1-B,cql,146000,11,146000,7e31e075b5be9320,-1533.235717773,76763,39227,0.8251,-10.8481,11.6732,114.3518,0.10208,0.9583,1.0412,1.0866
osw-cql-seed1-B,cql,146000,12,146000,7e31e075b5be9320,-1533.235717773,33583,82841,-2.9075,-5.5355,2.628,114.3518,0.02298,0.9453,1.0136,1.0723
osw-cql-seed1-B,cql,146000,13,146000,7e31e075b5be9320,-1533.235717773,29838,52509,8.2045,-5.4539,13.6584,114.3518,0.11944,0.9106,1.0428,1.1451
osw-cql-seed1-B,cql,146000,14,146000,7e31e075b5be9320,-1533.235717773,36307,14110,20.1187,-14.7562,34.875,114.3518,0.30498,0.9514,1.1861,1.2468
osw-cql-seed1-B,cql,147000,0,147000,ef0ba5c427032469,-1546.799316406,237311,68413,44.0572,-21.4151,65.4723,111.8939,0.58513,0.8524,1.1709,1.3737
osw-cql-seed1-B,cql,147000,2,147000,ef0ba5c427032469,-1546.799316406,168808,33814,16.3279,-12.1971,28.525,111.8939,0.25493,0.8925,1.0175,1.14
osw-cql-seed1-B,cql,147000,4,147000,ef0ba5c427032469,-1546.799316406,35214,133999,8.0716,-3.3217,11.3933,111.8939,0.10182,0.9001,0.9745,1.0827
osw-cql-seed1-B,cql,147000,5,147000,ef0ba5c427032469,-1546.799316406,40938,30344,12.6175,-9.6682,22.2858,111.8939,0.19917,0.9355,1.0769,1.1512
osw-cql-seed1-B,cql,147000,6,147000,ef0ba5c427032469,-1546.799316406,51996,11915,6.0322,-18.9332,24.9654,111.8939,0.22312,0.9459,1.1296,1.1942
osw-cql-seed1-B,cql,147000,7,147000,ef0ba5c427032469,-1546.799316406,64933,19513,4.836,-15.194,20.03,111.8939,0.17901,0.9151,1.0785,1.1786
osw-cql-seed1-B,cql,147000,11,147000,ef0ba5c427032469,-1546.799316406,76763,39227,0.3018,-10.9053,11.2071,111.8939,0.10016,0.96,1.0427,1.0861
osw-cql-seed1-B,cql,147000,12,147000,ef0ba5c427032469,-1546.799316406,33583,82841,-1.9093,-4.8606,2.9513,111.8939,0.02638,0.9461,1.0135,1.0712
osw-cql-seed1-B,cql,147000,13,147000,ef0ba5c427032469,-1546.799316406,29838,52509,8.8315,-5.2068,14.0383,111.8939,0.12546,0.9148,1.043,1.1401
osw-cql-seed1-B,cql,147000,14,147000,ef0ba5c427032469,-1546.799316406,36307,14110,20.238,-15.0409,35.2789,111.8939,0.31529,0.9537,1.18,1.2374
osw-cql-seed1-B,cql,148000,0,148000,6da94332d6ece50c,-1559.162353516,237311,68413,44.1765,-20.5247,64.7012,110.9661,0.58307,0.8504,1.1657,1.3709
osw-cql-seed1-B,cql,148000,2,148000,6da94332d6ece50c,-1559.162353516,168808,33814,17.498,-11.4327,28.9308,110.9661,0.26072,0.8942,1.0167,1.1369
osw-cql-seed1-B,cql,148000,4,148000,6da94332d6ece50c,-1559.162353516,35214,133999,9.203,-3.4681,12.6711,110.9661,0.11419,0.9032,0.976,1.0807
osw-cql-seed1-B,cql,148000,5,148000,6da94332d6ece50c,-1559.162353516,40938,30344,13.6786,-8.8807,22.5593,110.9661,0.2033,0.9356,1.0795,1.1538
osw-cql-seed1-B,cql,148000,6,148000,6da94332d6ece50c,-1559.162353516,51996,11915,7.1239,-18.1668,25.2907,110.9661,0.22791,0.9461,1.1368,1.2016
osw-cql-seed1-B,cql,148000,7,148000,6da94332d6ece50c,-1559.162353516,64933,19513,5.041,-15.0832,20.1242,110.9661,0.18135,0.9128,1.0768,1.1797
osw-cql-seed1-B,cql,148000,11,148000,6da94332d6ece50c,-1559.162353516,76763,39227,0.3313,-10.8726,11.2039,110.9661,0.10097,0.9595,1.0418,1.0857
osw-cql-seed1-B,cql,148000,12,148000,6da94332d6ece50c,-1559.162353516,33583,82841,-2.1393,-5.2641,3.1248,110.9661,0.02816,0.9476,1.0156,1.0717
osw-cql-seed1-B,cql,148000,13,148000,6da94332d6ece50c,-1559.162353516,29838,52509,8.1926,-5.408,13.6006,110.9661,0.12257,0.9164,1.0446,1.1399
osw-cql-seed1-B,cql,148000,14,148000,6da94332d6ece50c,-1559.162353516,36307,14110,20.2217,-14.4025,34.6242,110.9661,0.31203,0.9511,1.1929,1.2542
osw-cql-seed1-B,cql,149000,0,149000,7624e113a80b73fc,-1566.63684082,237311,68413,43.608,-21.1869,64.7949,111.8324,0.57939,0.8499,1.164,1.3695
osw-cql-seed1-B,cql,149000,2,149000,7624e113a80b73fc,-1566.63684082,168808,33814,16.6384,-12.0413,28.6796,111.8324,0.25645,0.8949,1.0177,1.1372
osw-cql-seed1-B,cql,149000,4,149000,7624e113a80b73fc,-1566.63684082,35214,133999,7.5715,-3.3547,10.9262,111.8324,0.0977,0.8992,0.9737,1.0829
osw-cql-seed1-B,cql,149000,5,149000,7624e113a80b73fc,-1566.63684082,40938,30344,12.8868,-9.5614,22.4482,111.8324,0.20073,0.9384,1.0773,1.148
osw-cql-seed1-B,cql,149000,6,149000,7624e113a80b73fc,-1566.63684082,51996,11915,7.9725,-18.4174,26.3898,111.8324,0.23598,0.9443,1.1287,1.1953
osw-cql-seed1-B,cql,149000,7,149000,7624e113a80b73fc,-1566.63684082,64933,19513,6.1366,-14.4512,20.5878,111.8324,0.1841,0.9133,1.0776,1.1799
osw-cql-seed1-B,cql,149000,11,149000,7624e113a80b73fc,-1566.63684082,76763,39227,0.9555,-10.552,11.5075,111.8324,0.1029,0.9588,1.041,1.0857
osw-cql-seed1-B,cql,149000,12,149000,7624e113a80b73fc,-1566.63684082,33583,82841,-1.9691,-5.297,3.3279,111.8324,0.02976,0.9462,1.0138,1.0715
osw-cql-seed1-B,cql,149000,13,149000,7624e113a80b73fc,-1566.63684082,29838,52509,7.826,-5.3911,13.2171,111.8324,0.11819,0.9147,1.0434,1.1407
osw-cql-seed1-B,cql,149000,14,149000,7624e113a80b73fc,-1566.63684082,36307,14110,21.0797,-14.1202,35.1999,111.8324,0.31476,0.9494,1.184,1.2471
osw-cql-seed1-B,cql,150000,0,150000,725dc5a9dc9d2921,-1580.529785156,237311,68413,42.2901,-20.886,63.1761,110.4732,0.57187,0.8491,1.1629,1.3696
osw-cql-seed1-B,cql,150000,2,150000,725dc5a9dc9d2921,-1580.529785156,168808,33814,16.0412,-11.9583,27.9995,110.4732,0.25345,0.8922,1.0149,1.1376
osw-cql-seed1-B,cql,150000,4,150000,725dc5a9dc9d2921,-1580.529785156,35214,133999,7.9206,-3.514,11.4346,110.4732,0.10351,0.8967,0.9748,1.0872
osw-cql-seed1-B,cql,150000,5,150000,725dc5a9dc9d2921,-1580.529785156,40938,30344,14.1125,-9.4756,23.5881,110.4732,0.21352,0.9344,1.0765,1.1521
osw-cql-seed1-B,cql,150000,6,150000,725dc5a9dc9d2921,-1580.529785156,51996,11915,7.3556,-18.9357,26.2912,110.4732,0.23799,0.9468,1.1326,1.1962
osw-cql-seed1-B,cql,150000,7,150000,725dc5a9dc9d2921,-1580.529785156,64933,19513,4.3417,-15.3633,19.705,110.4732,0.17837,0.9133,1.0765,1.1788
osw-cql-seed1-B,cql,150000,11,150000,725dc5a9dc9d2921,-1580.529785156,76763,39227,1.5769,-10.4396,12.0166,110.4732,0.10877,0.959,1.0418,1.0864
osw-cql-seed1-B,cql,150000,12,150000,725dc5a9dc9d2921,-1580.529785156,33583,82841,-1.3437,-4.8937,3.5499,110.4732,0.03213,0.9457,1.0134,1.0716
osw-cql-seed1-B,cql,150000,13,150000,725dc5a9dc9d2921,-1580.529785156,29838,52509,7.832,-5.5828,13.4148,110.4732,0.12143,0.9091,1.0442,1.1486
osw-cql-seed1-B,cql,150000,14,150000,725dc5a9dc9d2921,-1580.529785156,36307,14110,20.3508,-14.7382,35.0889,110.4732,0.31762,0.9483,1.1881,1.2528
osw-cql-seed1-B,cql,151000,0,151000,12f4a4161bd47776,-1589.543945312,237311,68413,44.3054,-20.8595,65.165,112.7548,0.57794,0.8514,1.1684,1.3724
osw-cql-seed1-B,cql,151000,2,151000,12f4a4161bd47776,-1589.543945312,168808,33814,15.589,-12.0411,27.6301,112.7548,0.24505,0.8938,1.0146,1.1352
osw-cql-seed1-B,cql,151000,4,151000,12f4a4161bd47776,-1589.543945312,35214,133999,7.7294,-3.7507,11.4801,112.7548,0.10181,0.9007,0.9743,1.0817
osw-cql-seed1-B,cql,151000,5,151000,12f4a4161bd47776,-1589.543945312,40938,30344,14.0645,-8.6314,22.6959,112.7548,0.20129,0.9364,1.0773,1.1505
osw-cql-seed1-B,cql,151000,6,151000,12f4a4161bd47776,-1589.543945312,51996,11915,7.9592,-18.1253,26.0845,112.7548,0.23134,0.9459,1.1337,1.1985
osw-cql-seed1-B,cql,151000,7,151000,12f4a4161bd47776,-1589.543945312,64933,19513,4.7799,-15.2416,20.0216,112.7548,0.17757,0.9132,1.0779,1.1804
osw-cql-seed1-B,cql,151000,11,151000,12f4a4161bd47776,-1589.543945312,76763,39227,0.8965,-10.8716,11.7682,112.7548,0.10437,0.9589,1.0423,1.0871
osw-cql-seed1-B,cql,151000,12,151000,12f4a4161bd47776,-1589.543945312,33583,82841,-2.5929,-5.4926,2.8998,112.7548,0.02572,0.9472,1.0148,1.0713
osw-cql-seed1-B,cql,151000,13,151000,12f4a4161bd47776,-1589.543945312,29838,52509,8.6765,-5.0487,13.7252,112.7548,0.12173,0.9152,1.0431,1.1397
osw-cql-seed1-B,cql,151000,14,151000,12f4a4161bd47776,-1589.543945312,36307,14110,20.9172,-14.0674,34.9846,112.7548,0.31027,0.9512,1.1822,1.2429
osw-cql-seed1-B,cql,152000,0,152000,dd219661079c8354,-1598.713378906,237311,68413,43.4019,-20.9867,64.3886,110.7834,0.58121,0.8493,1.1654,1.3723
osw-cql-seed1-B,cql,152000,2,152000,dd219661079c8354,-1598.713378906,168808,33814,16.0395,-12.1205,28.1599,110.7834,0.25419,0.8923,1.0166,1.1392
osw-cql-seed1-B,cql,152000,4,152000,dd219661079c8354,-1598.713378906,35214,133999,7.8786,-3.1952,11.0738,110.7834,0.09996,0.8957,0.9735,1.0869
osw-cql-seed1-B,cql,152000,5,152000,dd219661079c8354,-1598.713378906,40938,30344,13.6437,-8.7033,22.3469,110.7834,0.20172,0.9318,1.075,1.1536
osw-cql-seed1-B,cql,152000,6,152000,dd219661079c8354,-1598.713378906,51996,11915,7.8232,-17.9353,25.7585,110.7834,0.23251,0.9458,1.1292,1.1939
osw-cql-seed1-B,cql,152000,7,152000,dd219661079c8354,-1598.713378906,64933,19513,5.8448,-15.0814,20.9263,110.7834,0.18889,0.9114,1.0778,1.1826
osw-cql-seed1-B,cql,152000,11,152000,dd219661079c8354,-1598.713378906,76763,39227,1.2561,-10.5533,11.8094,110.7834,0.1066,0.9586,1.0413,1.0863
osw-cql-seed1-B,cql,152000,12,152000,dd219661079c8354,-1598.713378906,33583,82841,-1.0945,-4.769,3.6745,110.7834,0.03317,0.9455,1.0131,1.0715
osw-cql-seed1-B,cql,152000,13,152000,dd219661079c8354,-1598.713378906,29838,52509,8.2648,-4.7881,13.0529,110.7834,0.11782,0.909,1.0412,1.1454
osw-cql-seed1-B,cql,152000,14,152000,dd219661079c8354,-1598.713378906,36307,14110,19.8963,-14.2687,34.1649,110.7834,0.30839,0.9502,1.1775,1.2392
osw-cql-seed1-B,cql,153000,0,153000,22fce049a9332dad,-1609.698364258,237311,68413,43.8561,-20.7024,64.5585,111.2905,0.58009,0.8506,1.1652,1.37
osw-cql-seed1-B,cql,153000,2,153000,22fce049a9332dad,-1609.698364258,168808,33814,16.2939,-11.8344,28.1283,111.2905,0.25275,0.8944,1.0182,1.1384
osw-cql-seed1-B,cql,153000,4,153000,22fce049a9332dad,-1609.698364258,35214,133999,6.9409,-3.686,10.6269,111.2905,0.09549,0.8969,0.9738,1.0857
osw-cql-seed1-B,cql,153000,5,153000,22fce049a9332dad,-1609.698364258,40938,30344,12.5555,-9.963,22.5185,111.2905,0.20234,0.9315,1.0743,1.1533
osw-cql-seed1-B,cql,153000,6,153000,22fce049a9332dad,-1609.698364258,51996,11915,5.3931,-18.6435,24.0366,111.2905,0.21598,0.9444,1.1292,1.1957
osw-cql-seed1-B,cql,153000,7,153000,22fce049a9332dad,-1609.698364258,64933,19513,5.6303,-15.175,20.8054,111.2905,0.18695,0.9132,1.0749,1.177
osw-cql-seed1-B,cql,153000,11,153000,22fce049a9332dad,-1609.698364258,76763,39227,0.2994,-10.8966,11.196,111.2905,0.1006,0.9586,1.0402,1.0852
osw-cql-seed1-B,cql,153000,12,153000,22fce049a9332dad,-1609.698364258,33583,82841,-3.3356,-5.0274,1.6918,111.2905,0.0152,0.9474,1.0135,1.0698
osw-cql-seed1-B,cql,153000,13,153000,22fce049a9332dad,-1609.698364258,29838,52509,7.9205,-5.1852,13.1058,111.2905,0.11776,0.9124,1.0415,1.1415
osw-cql-seed1-B,cql,153000,14,153000,22fce049a9332dad,-1609.698364258,36307,14110,20.4287,-14.5658,34.9945,111.2905,0.31444,0.9487,1.1796,1.2434
osw-cql-seed1-B,cql,154000,0,154000,40ac97ddb99cb5ec,-1625.807495117,237311,68413,43.0151,-20.1437,63.1587,110.551,0.57131,0.8508,1.1682,1.3731
osw-cql-seed1-B,cql,154000,2,154000,40ac97ddb99cb5ec,-1625.807495117,168808,33814,16.2156,-11.6113,27.827,110.551,0.25171,0.8931,1.0175,1.1393
osw-cql-seed1-B,cql,154000,4,154000,40ac97ddb99cb5ec,-1625.807495117,35214,133999,7.1493,-3.5855,10.7348,110.551,0.0971,0.8981,0.9738,1.0843
osw-cql-seed1-B,cql,154000,5,154000,40ac97ddb99cb5ec,-1625.807495117,40938,30344,13.4615,-9.4792,22.9407,110.551,0.20751,0.9338,1.077,1.1533
osw-cql-seed1-B,cql,154000,6,154000,40ac97ddb99cb5ec,-1625.807495117,51996,11915,7.8451,-18.7353,26.5804,110.551,0.24044,0.9442,1.1292,1.1959
osw-cql-seed1-B,cql,154000,7,154000,40ac97ddb99cb5ec,-1625.807495117,64933,19513,4.8265,-14.9495,19.776,110.551,0.17889,0.9141,1.0778,1.1791
osw-cql-seed1-B,cql,154000,11,154000,40ac97ddb99cb5ec,-1625.807495117,76763,39227,0.7689,-10.7084,11.4772,110.551,0.10382,0.9592,1.0424,1.0868
osw-cql-seed1-B,cql,154000,12,154000,40ac97ddb99cb5ec,-1625.807495117,33583,82841,-2.3393,-5.427,3.0877,110.551,0.02793,0.9464,1.0141,1.0715
osw-cql-seed1-B,cql,154000,13,154000,40ac97ddb99cb5ec,-1625.807495117,29838,52509,7.9135,-5.0124,12.9258,110.551,0.11692,0.9176,1.0444,1.1382
osw-cql-seed1-B,cql,154000,14,154000,40ac97ddb99cb5ec,-1625.807495117,36307,14110,20.2286,-14.593,34.8216,110.551,0.31498,0.9545,1.181,1.2373
osw-cql-seed1-B,cql,155000,0,155000,635f798a599bdcac,-1631.46484375,237311,68413,44.065,-20.4,64.465,112.313,0.57398,0.8511,1.1709,1.3757
osw-cql-seed1-B,cql,155000,2,155000,635f798a599bdcac,-1631.46484375,168808,33814,16.083,-11.9298,28.0128,112.313,0.24942,0.8928,1.0165,1.1385
osw-cql-seed1-B,cql,155000,4,155000,635f798a599bdcac,-1631.46484375,35214,133999,8.4684,-3.6688,12.1372,112.313,0.10807,0.8956,0.9729,1.0863
osw-cql-seed1-B,cql,155000,5,155000,635f798a599bdcac,-1631.46484375,40938,30344,12.5276,-9.7714,22.299,112.313,0.19854,0.9306,1.0752,1.1554
osw-cql-seed1-B,cql,155000,6,155000,635f798a599bdcac,-1631.46484375,51996,11915,6.8395,-18.7857,25.6252,112.313,0.22816,0.945,1.1297,1.1955
osw-cql-seed1-B,cql,155000,7,155000,635f798a599bdcac,-1631.46484375,64933,19513,5.7819,-15.4774,21.2593,112.313,0.18929,0.9139,1.0787,1.1803
osw-cql-seed1-B,cql,155000,11,155000,635f798a599bdcac,-1631.46484375,76763,39227,1.1751,-10.9832,12.1583,112.313,0.10825,0.9597,1.0422,1.0859
osw-cql-seed1-B,cql,155000,12,155000,635f798a599bdcac,-1631.46484375,33583,82841,-2.3439,-5.1885,2.8446,112.313,0.02533,0.9468,1.0149,1.0719
osw-cql-seed1-B,cql,155000,13,155000,635f798a599bdcac,-1631.46484375,29838,52509,7.6106,-5.4746,13.0852,112.313,0.11651,0.9094,1.0447,1.1488
osw-cql-seed1-B,cql,155000,14,155000,635f798a599bdcac,-1631.46484375,36307,14110,20.4843,-14.0578,34.5421,112.313,0.30755,0.9466,1.1908,1.2579
osw-cql-seed1-B,cql,156000,0,156000,578a515bade53ada,-1635.701538086,237311,68413,43.8012,-21.3462,65.1474,113.1508,0.57576,0.8508,1.1677,1.3724
osw-cql-seed1-B,cql,156000,2,156000,578a515bade53ada,-1635.701538086,168808,33814,15.9429,-12.1435,28.0864,113.1508,0.24822,0.8924,1.0184,1.1412
osw-cql-seed1-B,cql,156000,4,156000,578a515bade53ada,-1635.701538086,35214,133999,8.2953,-3.8191,12.1144,113.1508,0.10706,0.9011,0.9749,1.0818
osw-cql-seed1-B,cql,156000,5,156000,578a515bade53ada,-1635.701538086,40938,30344,12.4657,-9.3091,21.7749,113.1508,0.19244,0.9337,1.0788,1.1553
osw-cql-seed1-B,cql,156000,6,156000,578a515bade53ada,-1635.701538086,51996,11915,5.3637,-18.651,24.0147,113.1508,0.21224,0.945,1.1322,1.198
osw-cql-seed1-B,cql,156000,7,156000,578a515bade53ada,-1635.701538086,64933,19513,3.5532,-15.8258,19.379,113.1508,0.17127,0.9121,1.0766,1.1803
osw-cql-seed1-B,cql,156000,11,156000,578a515bade53ada,-1635.701538086,76763,39227,-0.0477,-11.3474,11.2997,113.1508,0.09986,0.9585,1.0409,1.0859
osw-cql-seed1-B,cql,156000,12,156000,578a515bade53ada,-1635.701538086,33583,82841,-2.9456,-6.0011,3.0555,113.1508,0.027,0.9447,1.0139,1.0732
osw-cql-seed1-B,cql,156000,13,156000,578a515bade53ada,-1635.701538086,29838,52509,8.2468,-5.6454,13.8923,113.1508,0.12278,0.9119,1.0461,1.1471
osw-cql-seed1-B,cql,156000,14,156000,578a515bade53ada,-1635.701538086,36307,14110,20.3801,-14.3238,34.7039,113.1508,0.30671,0.9497,1.194,1.2572
osw-cql-seed1-B,cql,157000,0,157000,b00b8bb8c0279698,-1651.38293457,237311,68413,41.5208,-21.528,63.0488,110.0705,0.5728,0.8504,1.1665,1.3717
osw-cql-seed1-B,cql,157000,2,157000,b00b8bb8c0279698,-1651.38293457,168808,33814,14.9223,-12.0206,26.9429,110.0705,0.24478,0.8948,1.0185,1.1383
osw-cql-seed1-B,cql,157000,4,157000,b00b8bb8c0279698,-1651.38293457,35214,133999,5.3746,-3.7135,9.0881,110.0705,0.08257,0.9009,0.9749,1.0822
osw-cql-seed1-B,cql,157000,5,157000,b00b8bb8c0279698,-1651.38293457,40938,30344,11.187,-9.6564,20.8434,110.0705,0.18936,0.9395,1.0766,1.1459
osw-cql-seed1-B,cql,157000,6,157000,b00b8bb8c0279698,-1651.38293457,51996,11915,5.6286,-19.283,24.9115,110.0705,0.22632,0.9465,1.1281,1.1918
osw-cql-seed1-B,cql,157000,7,157000,b00b8bb8c0279698,-1651.38293457,64933,19513,5.2302,-15.0859,20.3161,110.0705,0.18457,0.9131,1.0756,1.1779
osw-cql-seed1-B,cql,157000,11,157000,b00b8bb8c0279698,-1651.38293457,76763,39227,0.9162,-10.3583,11.2745,110.0705,0.10243,0.9585,1.0413,1.0864
osw-cql-seed1-B,cql,157000,12,157000,b00b8bb8c0279698,-1651.38293457,33583,82841,-2.6488,-5.0148,2.366,110.0705,0.0215,0.9451,1.0132,1.072
osw-cql-seed1-B,cql,157000,13,157000,b00b8bb8c0279698,-1651.38293457,29838,52509,6.5992,-5.7548,12.354,110.0705,0.11224,0.9196,1.0443,1.1356
osw-cql-seed1-B,cql,157000,14,157000,b00b8bb8c0279698,-1651.38293457,36307,14110,19.7161,-14.8997,34.6158,110.0705,0.31449,0.9555,1.184,1.2392
osw-cql-seed1-B,cql,158000,0,158000,448fda3b3e42f942,-1666.012329102,237311,68413,42.733,-21.4713,64.2043,111.8783,0.57388,0.85,1.1667,1.3726
osw-cql-seed1-B,cql,158000,2,158000,448fda3b3e42f942,-1666.012329102,168808,33814,15.0149,-12.3477,27.3626,111.8783,0.24458,0.8932,1.0173,1.1389
osw-cql-seed1-B,cql,158000,4,158000,448fda3b3e42f942,-1666.012329102,35214,133999,7.6483,-3.7522,11.4005,111.8783,0.1019,0.8983,0.9734,1.0837
osw-cql-seed1-B,cql,158000,5,158000,448fda3b3e42f942,-1666.012329102,40938,30344,11.9426,-9.805,21.7476,111.8783,0.19439,0.9337,1.0755,1.1519
osw-cql-seed1-B,cql,158000,6,158000,448fda3b3e42f942,-1666.012329102,51996,11915,6.9315,-18.2869,25.2185,111.8783,0.22541,0.9446,1.1289,1.1951
osw-cql-seed1-B,cql,158000,7,158000,448fda3b3e42f942,-1666.012329102,64933,19513,5.756,-14.7921,20.5481,111.8783,0.18367,0.9134,1.0774,1.1796
osw-cql-seed1-B,cql,158000,11,158000,448fda3b3e42f942,-1666.012329102,76763,39227,1.362,-10.133,11.495,111.8783,0.10275,0.9588,1.0412,1.0859
osw-cql-seed1-B,cql,158000,12,158000,448fda3b3e42f942,-1666.012329102,33583,82841,-1.9543,-4.7584,2.8042,111.8783,0.02506,0.946,1.0132,1.071
osw-cql-seed1-B,cql,158000,13,158000,448fda3b3e42f942,-1666.012329102,29838,52509,6.8575,-5.423,12.2805,111.8783,0.10977,0.9142,1.0431,1.141
osw-cql-seed1-B,cql,158000,14,158000,448fda3b3e42f942,-1666.012329102,36307,14110,20.8095,-14.4248,35.2344,111.8783,0.31493,0.9493,1.19,1.2536
osw-cql-seed1-B,cql,159000,0,159000,109ed44e469e19ff,-1675.818603516,237311,68413,43.3896,-21.2035,64.5931,111.9417,0.57702,0.8511,1.1634,1.3669
osw-cql-seed1-B,cql,159000,2,159000,109ed44e469e19ff,-1675.818603516,168808,33814,16.3113,-11.7313,28.0426,111.9417,0.25051,0.8931,1.0163,1.1379
osw-cql-seed1-B,cql,159000,4,159000,109ed44e469e19ff,-1675.818603516,35214,133999,8.1063,-3.553,11.6592,111.9417,0.10415,0.8991,0.975,1.0845
osw-cql-seed1-B,cql,159000,5,159000,109ed44e469e19ff,-1675.818603516,40938,30344,13.0161,-8.9917,22.0078,111.9417,0.1966,0.9358,1.078,1.152
osw-cql-seed1-B,cql,159000,6,159000,109ed44e469e19ff,-1675.818603516,51996,11915,6.9613,-18.6694,25.6307,111.9417,0.22896,0.9467,1.1305,1.1941
osw-cql-seed1-B,cql,159000,7,159000,109ed44e469e19ff,-1675.818603516,64933,19513,5.8178,-15.3265,21.1442,111.9417,0.18889,0.9122,1.0755,1.179
osw-cql-seed1-B,cql,159000,11,159000,109ed44e469e19ff,-1675.818603516,76763,39227,1.0409,-10.4621,11.5031,111.9417,0.10276,0.9586,1.0419,1.0869
osw-cql-seed1-B,cql,159000,12,159000,109ed44e469e19ff,-1675.818603516,33583,82841,-2.8301,-5.41,2.5798,111.9417,0.02305,0.9455,1.014,1.0725
osw-cql-seed1-B,cql,159000,13,159000,109ed44e469e19ff,-1675.818603516,29838,52509,7.7751,-5.4639,13.239,111.9417,0.11827,0.914,1.0427,1.1408
osw-cql-seed1-B,cql,159000,14,159000,109ed44e469e19ff,-1675.818603516,36307,14110,19.7778,-14.442,34.2198,111.9417,0.30569,0.955,1.179,1.2346
osw-cql-seed1-B,cql,160000,0,160000,7c26733fecea18f7,-1688.182250977,237311,68413,42.4543,-20.8567,63.311,110.9693,0.57053,0.8493,1.1635,1.37
osw-cql-seed1-B,cql,160000,2,160000,7c26733fecea18f7,-1688.182250977,168808,33814,15.0776,-12.3869,27.4645,110.9693,0.2475,0.8933,1.0161,1.1375
osw-cql-seed1-B,cql,160000,4,160000,7c26733fecea18f7,-1688.182250977,35214,133999,6.0017,-3.7032,9.7049,110.9693,0.08746,0.8956,0.9733,1.0867
osw-cql-seed1-B,cql,160000,5,160000,7c26733fecea18f7,-1688.182250977,40938,30344,12.3041,-9.6641,21.9683,110.9693,0.19797,0.9329,1.0746,1.1519
osw-cql-seed1-B,cql,160000,6,160000,7c26733fecea18f7,-1688.182250977,51996,11915,5.5763,-19.4562,25.0325,110.9693,0.22558,0.9462,1.1304,1.1947
osw-cql-seed1-B,cql,160000,7,160000,7c26733fecea18f7,-1688.182250977,64933,19513,4.2885,-15.65,19.9385,110.9693,0.17968,0.9131,1.0757,1.178
osw-cql-seed1-B,cql,160000,11,160000,7c26733fecea18f7,-1688.182250977,76763,39227,0.1378,-10.5564,10.6942,110.9693,0.09637,0.9593,1.0417,1.0859
osw-cql-seed1-B,cql,160000,12,160000,7c26733fecea18f7,-1688.182250977,33583,82841,-4.2665,-5.6284,1.3619,110.9693,0.01227,0.946,1.0133,1.0712
osw-cql-seed1-B,cql,160000,13,160000,7c26733fecea18f7,-1688.182250977,29838,52509,6.195,-5.3406,11.5356,110.9693,0.10395,0.9139,1.0424,1.1406
osw-cql-seed1-B,cql,160000,14,160000,7c26733fecea18f7,-1688.182250977,36307,14110,18.9378,-14.2238,33.1616,110.9693,0.29884,0.9513,1.1805,1.241
osw-cql-seed1-B,cql,161000,0,161000,60f057a5e6736550,-1696.056274414,237311,68413,43.3582,-20.6391,63.9973,111.9367,0.57173,0.8518,1.1676,1.3707
osw-cql-seed1-B,cql,161000,2,161000,60f057a5e6736550,-1696.056274414,168808,33814,16.5595,-11.3197,27.8792,111.9367,0.24906,0.8946,1.0173,1.1372
osw-cql-seed1-B,cql,161000,4,161000,60f057a5e6736550,-1696.056274414,35214,133999,8.7757,-3.776,12.5516,111.9367,0.11213,0.8958,0.9743,1.0876
osw-cql-seed1-B,cql,161000,5,161000,60f057a5e6736550,-1696.056274414,40938,30344,12.1993,-9.9243,22.1235,111.9367,0.19764,0.934,1.0759,1.152
osw-cql-seed1-B,cql,161000,6,161000,60f057a5e6736550,-1696.056274414,51996,11915,5.4151,-18.6049,24.02,111.9367,0.21459,0.9462,1.1313,1.1957
osw-cql-seed1-B,cql,161000,7,161000,60f057a5e6736550,-1696.056274414,64933,19513,4.1968,-15.1802,19.377,111.9367,0.17311,0.9136,1.079,1.181
osw-cql-seed1-B,cql,161000,11,161000,60f057a5e6736550,-1696.056274414,76763,39227,1.2313,-10.3023,11.5337,111.9367,0.10304,0.9584,1.0413,1.0866
osw-cql-seed1-B,cql,161000,12,161000,60f057a5e6736550,-1696.056274414,33583,82841,-1.6074,-4.7171,3.1097,111.9367,0.02778,0.946,1.0137,1.0716
osw-cql-seed1-B,cql,161000,13,161000,60f057a5e6736550,-1696.056274414,29838,52509,8.3156,-5.4383,13.754,111.9367,0.12287,0.9126,1.0422,1.142
osw-cql-seed1-B,cql,161000,14,161000,60f057a5e6736550,-1696.056274414,36307,14110,20.4029,-14.4679,34.8708,111.9367,0.31152,0.9478,1.1835,1.2487
osw-cql-seed1-B,cql,162000,0,162000,affa53fcefb86709,-1710.532226562,237311,68413,42.8462,-21.9322,64.7784,110.6234,0.58558,0.8525,1.1653,1.3669
osw-cql-seed1-B,cql,162000,2,162000,affa53fcefb86709,-1710.532226562,168808,33814,15.8105,-12.0345,27.845,110.6234,0.25171,0.8953,1.0174,1.1364
osw-cql-seed1-B,cql,162000,4,162000,affa53fcefb86709,-1710.532226562,35214,133999,7.022,-3.8215,10.8435,110.6234,0.09802,0.8904,0.9721,1.0917
osw-cql-seed1-B,cql,162000,5,162000,affa53fcefb86709,-1710.532226562,40938,30344,12.5886,-9.1598,21.7484,110.6234,0.1966,0.9309,1.0736,1.1533
osw-cql-seed1-B,cql,162000,6,162000,affa53fcefb86709,-1710.532226562,51996,11915,6.8035,-17.8591,24.6626,110.6234,0.22294,0.9456,1.1277,1.1926
osw-cql-seed1-B,cql,162000,7,162000,affa53fcefb86709,-1710.532226562,64933,19513,4.8659,-14.8668,19.7326,110.6234,0.17838,0.9131,1.0765,1.179
osw-cql-seed1-B,cql,162000,11,162000,affa53fcefb86709,-1710.532226562,76763,39227,0.5464,-10.7398,11.2862,110.6234,0.10202,0.9594,1.0422,1.0864
osw-cql-seed1-B,cql,162000,12,162000,affa53fcefb86709,-1710.532226562,33583,82841,-3.0639,-5.182,2.1181,110.6234,0.01915,0.9453,1.0129,1.0715
osw-cql-seed1-B,cql,162000,13,162000,affa53fcefb86709,-1710.532226562,29838,52509,7.0374,-5.3873,12.4248,110.6234,0.11232,0.9079,1.0402,1.1458
osw-cql-seed1-B,cql,162000,14,162000,affa53fcefb86709,-1710.532226562,36307,14110,19.1816,-14.1872,33.3688,110.6234,0.30164,0.9464,1.1798,1.2466
osw-cql-seed1-B,cql,163000,0,163000,d71705d479523c3a,-1723.733764648,237311,68413,42.341,-21.5895,63.9305,111.497,0.57338,0.8503,1.1666,1.372
osw-cql-seed1-B,cql,163000,2,163000,d71705d479523c3a,-1723.733764648,168808,33814,15.7177,-12.1008,27.8185,111.497,0.2495,0.8925,1.015,1.1373
osw-cql-seed1-B,cql,163000,4,163000,d71705d479523c3a,-1723.733764648,35214,133999,8.06,-3.0416,11.1016,111.497,0.09957,0.8965,0.9727,1.085
osw-cql-seed1-B,cql,163000,5,163000,d71705d479523c3a,-1723.733764648,40938,30344,13.2546,-8.9698,22.2244,111.497,0.19933,0.9328,1.076,1.1534
osw-cql-seed1-B,cql,163000,6,163000,d71705d479523c3a,-1723.733764648,51996,11915,5.6208,-18.2216,23.8424,111.497,0.21384,0.9456,1.1326,1.1977
osw-cql-seed1-B,cql,163000,7,163000,d71705d479523c3a,-1723.733764648,64933,19513,3.4767,-15.3164,18.7931,111.497,0.16855,0.9114,1.0759,1.1805
osw-cql-seed1-B,cql,163000,11,163000,d71705d479523c3a,-1723.733764648,76763,39227,-0.2534,-10.7771,10.5238,111.497,0.09439,0.959,1.0416,1.0861
osw-cql-seed1-B,cql,163000,12,163000,d71705d479523c3a,-1723.733764648,33583,82841,-2.9661,-5.2215,2.2554,111.497,0.02023,0.9462,1.0124,1.07
osw-cql-seed1-B,cql,163000,13,163000,d71705d479523c3a,-1723.733764648,29838,52509,6.647,-5.3329,11.9799,111.497,0.10745,0.9126,1.0414,1.1411
osw-cql-seed1-B,cql,163000,14,163000,d71705d479523c3a,-1723.733764648,36307,14110,21.2243,-15.0883,36.3126,111.497,0.32568,0.9519,1.1847,1.2446
osw-cql-seed1-B,cql,164000,0,164000,1d31f8089fd72e2a,-1729.53918457,237311,68413,41.2734,-21.3597,62.633,109.4318,0.57235,0.8503,1.1638,1.3688
osw-cql-seed1-B,cql,164000,2,164000,1d31f8089fd72e2a,-1729.53918457,168808,33814,15.5011,-12.2699,27.771,109.4318,0.25377,0.8937,1.0161,1.1369
osw-cql-seed1-B,cql,164000,4,164000,1d31f8089fd72e2a,-1729.53918457,35214,133999,6.1655,-3.7533,9.9188,109.4318,0.09064,0.8954,0.9728,1.0864
osw-cql-seed1-B,cql,164000,5,164000,1d31f8089fd72e2a,-1729.53918457,40938,30344,12.6975,-9.3257,22.0232,109.4318,0.20125,0.9315,1.0743,1.1533
osw-cql-seed1-B,cql,164000,6,164000,1d31f8089fd72e2a,-1729.53918457,51996,11915,6.0649,-19.1881,25.253,109.4318,0.23076,0.9468,1.1331,1.1968
osw-cql-seed1-B,cql,164000,7,164000,1d31f8089fd72e2a,-1729.53918457,64933,19513,5.5174,-14.4662,19.9837,109.4318,0.18261,0.9133,1.0774,1.1797
osw-cql-seed1-B,cql,164000,11,164000,1d31f8089fd72e2a,-1729.53918457,76763,39227,0.3361,-10.8875,11.2237,109.4318,0.10256,0.9596,1.0425,1.0864
osw-cql-seed1-B,cql,164000,12,164000,1d31f8089fd72e2a,-1729.53918457,33583,82841,-2.2632,-5.2734,3.0102,109.4318,0.02751,0.9456,1.0139,1.0722
osw-cql-seed1-B,cql,164000,13,164000,1d31f8089fd72e2a,-1729.53918457,29838,52509,7.4355,-5.4582,12.8937,109.4318,0.11782,0.9121,1.0426,1.143
osw-cql-seed1-B,cql,164000,14,164000,1d31f8089fd72e2a,-1729.53918457,36307,14110,19.4201,-14.3857,33.8058,109.4318,0.30892,0.9504,1.183,1.2447
osw-cql-seed1-B,cql,165000,0,165000,f241752d6c72fcfe,-1742.081787109,237311,68413,42.0392,-20.3228,62.362,109.4931,0.56955,0.8513,1.1645,1.3679
osw-cql-seed1-B,cql,165000,2,165000,f241752d6c72fcfe,-1742.081787109,168808,33814,15.6482,-11.7187,27.3668,109.4931,0.24994,0.8925,1.016,1.1383
osw-cql-seed1-B,cql,165000,4,165000,f241752d6c72fcfe,-1742.081787109,35214,133999,5.9568,-3.542,9.4987,109.4931,0.08675,0.8973,0.973,1.0844
osw-cql-seed1-B,cql,165000,5,165000,f241752d6c72fcfe,-1742.081787109,40938,30344,12.355,-8.9492,21.3042,109.4931,0.19457,0.933,1.0758,1.1531
osw-cql-seed1-B,cql,165000,6,165000,f241752d6c72fcfe,-1742.081787109,51996,11915,5.0178,-18.8086,23.8265,109.4931,0.21761,0.9443,1.1307,1.1974
osw-cql-seed1-B,cql,165000,7,165000,f241752d6c72fcfe,-1742.081787109,64933,19513,4.4108,-14.8921,19.3029,109.4931,0.17629,0.9113,1.0757,1.1803
osw-cql-seed1-B,cql,165000,11,165000,f241752d6c72fcfe,-1742.081787109,76763,39227,0.6185,-10.5287,11.1471,109.4931,0.10181,0.9592,1.041,1.0853
osw-cql-seed1-B,cql,165000,12,165000,f241752d6c72fcfe,-1742.081787109,33583,82841,-3.8973,-5.8973,2.0,109.4931,0.01827,0.9471,1.0139,1.0706
osw-cql-seed1-B,cql,165000,13,165000,f241752d6c72fcfe,-1742.081787109,29838,52509,7.3934,-5.5398,12.9333,109.4931,0.11812,0.9173,1.0434,1.1375
osw-cql-seed1-B,cql,165000,14,165000,f241752d6c72fcfe,-1742.081787109,36307,14110,19.5529,-14.5249,34.0778,109.4931,0.31123,0.9498,1.1813,1.2437
osw-cql-seed1-B,cql,166000,0,166000,2364dfa82ff249d4,-1753.338745117,237311,68413,41.7007,-21.9126,63.6133,110.6284,0.57502,0.8521,1.1643,1.3664
osw-cql-seed1-B,cql,166000,2,166000,2364dfa82ff249d4,-1753.338745117,168808,33814,16.2798,-11.6637,27.9435,110.6284,0.25259,0.8928,1.0152,1.1371
osw-cql-seed1-B,cql,166000,4,166000,2364dfa82ff249d4,-1753.338745117,35214,133999,6.4732,-4.3977,10.8709,110.6284,0.09826,0.8941,0.9733,1.0885
osw-cql-seed1-B,cql,166000,5,166000,2364dfa82ff249d4,-1753.338745117,40938,30344,11.6462,-10.0302,21.6763,110.6284,0.19594,0.9319,1.0753,1.1539
osw-cql-seed1-B,cql,166000,6,166000,2364dfa82ff249d4,-1753.338745117,51996,11915,4.746,-18.8528,23.5988,110.6284,0.21332,0.9436,1.1283,1.1957
osw-cql-seed1-B,cql,166000,7,166000,2364dfa82ff249d4,-1753.338745117,64933,19513,4.3369,-15.2058,19.5427,110.6284,0.17665,0.9125,1.0754,1.1786
osw-cql-seed1-B,cql,166000,11,166000,2364dfa82ff249d4,-1753.338745117,76763,39227,0.3771,-10.77,11.1471,110.6284,0.10076,0.9598,1.0416,1.0852
osw-cql-seed1-B,cql,166000,12,166000,2364dfa82ff249d4,-1753.338745117,33583,82841,-4.8745,-6.2126,1.3381,110.6284,0.0121,0.9471,1.0137,1.0703
osw-cql-seed1-B,cql,166000,13,166000,2364dfa82ff249d4,-1753.338745117,29838,52509,6.7502,-6.6534,13.4036,110.6284,0.12116,0.9104,1.0409,1.1433
osw-cql-seed1-B,cql,166000,14,166000,2364dfa82ff249d4,-1753.338745117,36307,14110,20.2207,-14.9824,35.2032,110.6284,0.31821,0.9502,1.1802,1.2421
osw-cql-seed1-B,cql,167000,0,167000,7307c4c6c4881a17,-1759.436035156,237311,68413,42.178,-21.8577,64.0357,111.8649,0.57244,0.8509,1.1637,1.3676
osw-cql-seed1-B,cql,167000,2,167000,7307c4c6c4881a17,-1759.436035156,168808,33814,16.3676,-11.8502,28.2178,111.8649,0.25225,0.8928,1.0167,1.1388
osw-cql-seed1-B,cql,167000,4,167000,7307c4c6c4881a17,-1759.436035156,35214,133999,7.0985,-3.5033,10.6018,111.8649,0.09477,0.8939,0.9729,1.0884
osw-cql-seed1-B,cql,167000,5,167000,7307c4c6c4881a17,-1759.436035156,40938,30344,11.6289,-9.3136,20.9425,111.8649,0.18721,0.9314,1.0741,1.1531
osw-cql-seed1-B,cql,167000,6,167000,7307c4c6c4881a17,-1759.436035156,51996,11915,5.8993,-19.0332,24.9325,111.8649,0.22288,0.9447,1.1313,1.1975
osw-cql-seed1-B,cql,167000,7,167000,7307c4c6c4881a17,-1759.436035156,64933,19513,4.5482,-15.2534,19.8016,111.8649,0.17701,0.9134,1.0772,1.1794
osw-cql-seed1-B,cql,167000,11,167000,7307c4c6c4881a17,-1759.436035156,76763,39227,0.4827,-10.4391,10.9218,111.8649,0.09763,0.9594,1.0423,1.0864
osw-cql-seed1-B,cql,167000,12,167000,7307c4c6c4881a17,-1759.436035156,33583,82841,-2.7319,-5.2067,2.4748,111.8649,0.02212,0.9444,1.0131,1.0727
osw-cql-seed1-B,cql,167000,13,167000,7307c4c6c4881a17,-1759.436035156,29838,52509,7.1355,-5.61,12.7456,111.8649,0.11394,0.909,1.0402,1.1443
osw-cql-seed1-B,cql,167000,14,167000,7307c4c6c4881a17,-1759.436035156,36307,14110,18.6872,-14.3487,33.0359,111.8649,0.29532,0.9485,1.1745,1.2383
osw-cql-seed1-B,cql,168000,0,168000,252bd3d83e2e010a,-1767.565551758,237311,68413,41.4066,-22.8825,64.2891,110.7823,0.58032,0.852,1.1681,1.371
osw-cql-seed1-B,cql,168000,2,168000,252bd3d83e2e010a,-1767.565551758,168808,33814,15.7028,-12.7327,28.4355,110.7823,0.25668,0.8945,1.0159,1.1356
osw-cql-seed1-B,cql,168000,4,168000,252bd3d83e2e010a,-1767.565551758,35214,133999,6.0458,-3.9638,10.0096,110.7823,0.09035,0.8992,0.9725,1.0815
osw-cql-seed1-B,cql,168000,5,168000,252bd3d83e2e010a,-1767.565551758,40938,30344,11.7477,-9.353,21.1007,110.7823,0.19047,0.9341,1.0738,1.1495
osw-cql-seed1-B,cql,168000,6,168000,252bd3d83e2e010a,-1767.565551758,51996,11915,4.8254,-19.4922,24.3176,110.7823,0.21951,0.9449,1.1249,1.1905
osw-cql-seed1-B,cql,168000,7,168000,252bd3d83e2e010a,-1767.565551758,64933,19513,3.2696,-16.4273,19.6969,110.7823,0.1778,0.9124,1.0769,1.1803
osw-cql-seed1-B,cql,168000,11,168000,252bd3d83e2e010a,-1767.565551758,76763,39227,-0.0652,-11.3105,11.2453,110.7823,0.10151,0.9594,1.0423,1.0864
osw-cql-seed1-B,cql,168000,12,168000,252bd3d83e2e010a,-1767.565551758,33583,82841,-3.5286,-5.4908,1.9622,110.7823,0.01771,0.9466,1.0128,1.0699
osw-cql-seed1-B,cql,168000,13,168000,252bd3d83e2e010a,-1767.565551758,29838,52509,6.1946,-5.4911,11.6856,110.7823,0.10548,0.9158,1.0403,1.1359
osw-cql-seed1-B,cql,168000,14,168000,252bd3d83e2e010a,-1767.565551758,36307,14110,18.5369,-15.3651,33.9021,110.7823,0.30602,0.955,1.17,1.2251
osw-cql-seed1-B,cql,169000,0,169000,30701569b3b58b21,-1774.545654297,237311,68413,41.7422,-21.4264,63.1686,110.4044,0.57216,0.8523,1.166,1.3681
osw-cql-seed1-B,cql,169000,2,169000,30701569b3b58b21,-1774.545654297,168808,33814,15.1359,-11.705,26.8409,110.4044,0.24311,0.8931,1.0153,1.1369
osw-cql-seed1-B,cql,169000,4,169000,30701569b3b58b21,-1774.545654297,35214,133999,5.3258,-3.6102,8.9361,110.4044,0.08094,0.898,0.9726,1.0832
osw-cql-seed1-B,cql,169000,5,169000,30701569b3b58b21,-1774.545654297,40938,30344,10.8664,-9.7717,20.6382,110.4044,0.18693,0.9339,1.0747,1.1507
osw-cql-seed1-B,cql,169000,6,169000,30701569b3b58b21,-1774.545654297,51996,11915,5.4391,-18.5158,23.9549,110.4044,0.21697,0.9445,1.1282,1.1945
osw-cql-seed1-B,cql,169000,7,169000,30701569b3b58b21,-1774.545654297,64933,19513,3.1951,-15.1842,18.3793,110.4044,0.16647,0.9128,1.0776,1.1806
osw-cql-seed1-B,cql,169000,11,169000,30701569b3b58b21,-1774.545654297,76763,39227,0.0965,-10.9776,11.0742,110.4044,0.10031,0.9595,1.0424,1.0864
osw-cql-seed1-B,cql,169000,12,169000,30701569b3b58b21,-1774.545654297,33583,82841,-4.0755,-5.6453,1.5699,110.4044,0.01422,0.9466,1.013,1.0702
osw-cql-seed1-B,cql,169000,13,169000,30701569b3b58b21,-1774.545654297,29838,52509,7.2582,-5.0454,12.3036,110.4044,0.11144,0.9127,1.0413,1.1409
osw-cql-seed1-B,cql,169000,14,169000,30701569b3b58b21,-1774.545654297,36307,14110,19.9325,-13.7058,33.6383,110.4044,0.30468,0.949,1.1782,1.2416
osw-cql-seed1-B,cql,170000,0,170000,d91904adc927e9d3,-1787.025756836,237311,68413,41.1661,-21.5421,62.7083,109.8314,0.57095,0.8505,1.1623,1.3665
osw-cql-seed1-B,cql,170000,2,170000,d91904adc927e9d3,-1787.025756836,168808,33814,14.5362,-12.2631,26.7993,109.8314,0.244,0.893,1.0155,1.1371
osw-cql-seed1-B,cql,170000,4,170000,d91904adc927e9d3,-1787.025756836,35214,133999,6.9063,-3.5969,10.5032,109.8314,0.09563,0.896,0.9734,1.0865
osw-cql-seed1-B,cql,170000,5,170000,d91904adc927e9d3,-1787.025756836,40938,30344,12.0926,-9.2033,21.2959,109.8314,0.1939,0.9343,1.0747,1.1503
osw-cql-seed1-B,cql,170000,6,170000,d91904adc927e9d3,-1787.025756836,51996,11915,4.2213,-18.8367,23.058,109.8314,0.20994,0.9456,1.1277,1.1925
osw-cql-seed1-B,cql,170000,7,170000,d91904adc927e9d3,-1787.025756836,64933,19513,3.1349,-15.6253,18.7601,109.8314,0.17081,0.9119,1.073,1.1766
osw-cql-seed1-B,cql,170000,11,170000,d91904adc927e9d3,-1787.025756836,76763,39227,0.5459,-10.7542,11.3001,109.8314,0.10289,0.9585,1.0411,1.0862
osw-cql-seed1-B,cql,170000,12,170000,d91904adc927e9d3,-1787.025756836,33583,82841,-3.8657,-5.5052,1.6395,109.8314,0.01493,0.947,1.0126,1.0693
osw-cql-seed1-B,cql,170000,13,170000,d91904adc927e9d3,-1787.025756836,29838,52509,9.0921,-4.909,14.0012,109.8314,0.12748,0.917,1.0418,1.1361
osw-cql-seed1-B,cql,170000,14,170000,d91904adc927e9d3,-1787.025756836,36307,14110,20.1553,-14.0308,34.1861,109.8314,0.31126,0.9562,1.1731,1.2269
osw-cql-seed1-B,cql,171000,0,171000,3090e2b112ecee33,-1797.690429688,237311,68413,41.4647,-22.1509,63.6156,109.6501,0.58017,0.8507,1.1641,1.3685
osw-cql-seed1-B,cql,171000,2,171000,3090e2b112ecee33,-1797.690429688,168808,33814,15.2765,-12.427,27.7035,109.6501,0.25265,0.8927,1.0148,1.1368
osw-cql-seed1-B,cql,171000,4,171000,3090e2b112ecee33,-1797.690429688,35214,133999,4.7768,-4.0858,8.8626,109.6501,0.08083,0.8982,0.973,1.0833
osw-cql-seed1-B,cql,171000,5,171000,3090e2b112ecee33,-1797.690429688,40938,30344,11.0945,-10.0596,21.1541,109.6501,0.19292,0.9323,1.0793,1.1577
osw-cql-seed1-B,cql,171000,6,171000,3090e2b112ecee33,-1797.690429688,51996,11915,5.4088,-18.8383,24.2471,109.6501,0.22113,0.9446,1.1315,1.198
osw-cql-seed1-B,cql,171000,7,171000,3090e2b112ecee33,-1797.690429688,64933,19513,4.5626,-15.4913,20.0539,109.6501,0.18289,0.9133,1.0764,1.1785
osw-cql-seed1-B,cql,171000,11,171000,3090e2b112ecee33,-1797.690429688,76763,39227,0.7771,-10.9144,11.6915,109.6501,0.10663,0.9597,1.0414,1.0852
osw-cql-seed1-B,cql,171000,12,171000,3090e2b112ecee33,-1797.690429688,33583,82841,-3.5658,-5.5271,1.9613,109.6501,0.01789,0.9456,1.0133,1.0716
osw-cql-seed1-B,cql,171000,13,171000,3090e2b112ecee33,-1797.690429688,29838,52509,6.6156,-5.8703,12.4859,109.6501,0.11387,0.9102,1.0438,1.1468
osw-cql-seed1-B,cql,171000,14,171000,3090e2b112ecee33,-1797.690429688,36307,14110,18.2378,-15.1661,33.4039,109.6501,0.30464,0.9491,1.1892,1.253
osw-cql-seed1-B,cql,172000,0,172000,723b13d64bd7b78c,-1805.029541016,237311,68413,41.7725,-22.0366,63.8092,110.4266,0.57784,0.8507,1.1652,1.3697
osw-cql-seed1-B,cql,172000,2,172000,723b13d64bd7b78c,-1805.029541016,168808,33814,15.2087,-12.2413,27.45,110.4266,0.24858,0.8924,1.0161,1.1387
osw-cql-seed1-B,cql,172000,4,172000,723b13d64bd7b78c,-1805.029541016,35214,133999,5.4873,-3.532,9.0193,110.4266,0.08168,0.895,0.9719,1.0859
osw-cql-seed1-B,cql,172000,5,172000,723b13d64bd7b78c,-1805.029541016,40938,30344,11.0775,-9.9416,21.0191,110.4266,0.19034,0.9311,1.0712,1.1505
osw-cql-seed1-B,cql,172000,6,172000,723b13d64bd7b78c,-1805.029541016,51996,11915,4.6046,-19.1916,23.7962,110.4266,0.21549,0.9447,1.1263,1.1922
osw-cql-seed1-B,cql,172000,7,172000,723b13d64bd7b78c,-1805.029541016,64933,19513,4.4707,-15.0626,19.5332,110.4266,0.17689,0.9124,1.0745,1.1777
osw-cql-seed1-B,cql,172000,11,172000,723b13d64bd7b78c,-1805.029541016,76763,39227,0.5359,-10.4265,10.9624,110.4266,0.09927,0.9584,1.0406,1.0858
osw-cql-seed1-B,cql,172000,12,172000,723b13d64bd7b78c,-1805.029541016,33583,82841,-3.0568,-5.0187,1.9618,110.4266,0.01777,0.9467,1.0124,1.0694
osw-cql-seed1-B,cql,172000,13,172000,723b13d64bd7b78c,-1805.029541016,29838,52509,8.2406,-5.1816,13.4222,110.4266,0.12155,0.9124,1.0394,1.1392
osw-cql-seed1-B,cql,172000,14,172000,723b13d64bd7b78c,-1805.029541016,36307,14110,20.1588,-14.7673,34.9261,110.4266,0.31628,0.9506,1.1729,1.2339
osw-cql-seed1-B,cql,173000,0,173000,fcca378728d16c6a,-1817.538208008,237311,68413,41.7016,-22.5544,64.256,111.6341,0.57559,0.8505,1.1619,1.3662
osw-cql-seed1-B,cql,173000,2,173000,fcca378728d16c6a,-1817.538208008,168808,33814,15.563,-12.1723,27.7354,111.6341,0.24845,0.8935,1.0169,1.138
osw-cql-seed1-B,cql,173000,4,173000,fcca378728d16c6a,-1817.538208008,35214,133999,3.1944,-3.7707,6.9652,111.6341,0.06239,0.8928,0.9721,1.0888
osw-cql-seed1-B,cql,173000,5,173000,fcca378728d16c6a,-1817.538208008,40938,30344,9.6417,-9.5843,19.226,111.6341,0.17222,0.9294,1.0762,1.1579
osw-cql-seed1-B,cql,173000,6,173000,fcca378728d16c6a,-1817.538208008,51996,11915,4.5224,-19.4458,23.9681,111.6341,0.2147,0.9459,1.1303,1.1949
osw-cql-seed1-B,cql,173000,7,173000,fcca378728d16c6a,-1817.538208008,64933,19513,4.0706,-15.4628,19.5334,111.6341,0.17498,0.9123,1.0747,1.178
osw-cql-seed1-B,cql,173000,11,173000,fcca378728d16c6a,-1817.538208008,76763,39227,0.6059,-10.7247,11.3307,111.6341,0.1015,0.9594,1.0411,1.0851
osw-cql-seed1-B,cql,173000,12,173000,fcca378728d16c6a,-1817.538208008,33583,82841,-3.4546,-5.2829,1.8283,111.6341,0.01638,0.9458,1.013,1.071
osw-cql-seed1-B,cql,173000,13,173000,fcca378728d16c6a,-1817.538208008,29838,52509,4.8214,-5.8901,10.7116,111.6341,0.09595,0.9092,1.0398,1.1437
osw-cql-seed1-B,cql,173000,14,173000,fcca378728d16c6a,-1817.538208008,36307,14110,18.28,-15.529,33.8091,111.6341,0.30286,0.9468,1.1784,1.2446
osw-cql-seed1-B,cql,174000,0,174000,a9382f838371bd7e,-1824.74987793,237311,68413,42.0567,-22.0498,64.1065,109.7649,0.58403,0.8507,1.1612,1.365
osw-cql-seed1-B,cql,174000,2,174000,a9382f838371bd7e,-1824.74987793,168808,33814,15.1969,-12.5902,27.7871,109.7649,0.25315,0.8923,1.0156,1.1382
osw-cql-seed1-B,cql,174000,4,174000,a9382f838371bd7e,-1824.74987793,35214,133999,5.6903,-3.1324,8.8227,109.7649,0.08038,0.898,0.9732,1.0838
osw-cql-seed1-B,cql,174000,5,174000,a9382f838371bd7e,-1824.74987793,40938,30344,11.3432,-9.2629,20.6061,109.7649,0.18773,0.9325,1.0732,1.1509
osw-cql-seed1-B,cql,174000,6,174000,a9382f838371bd7e,-1824.74987793,51996,11915,5.5093,-18.1238,23.6331,109.7649,0.21531,0.9444,1.1281,1.1945
osw-cql-seed1-B,cql,174000,7,174000,a9382f838371bd7e,-1824.74987793,64933,19513,4.1295,-15.763,19.8925,109.7649,0.18123,0.9129,1.074,1.1765
osw-cql-seed1-B,cql,174000,11,174000,a9382f838371bd7e,-1824.74987793,76763,39227,0.5038,-10.9745,11.4783,109.7649,0.10457,0.9588,1.0411,1.0858
osw-cql-seed1-B,cql,174000,12,174000,a9382f838371bd7e,-1824.74987793,33583,82841,-3.6791,-5.5529,1.8737,109.7649,0.01707,0.9463,1.0131,1.0705
osw-cql-seed1-B,cql,174000,13,174000,a9382f838371bd7e,-1824.74987793,29838,52509,6.6151,-5.4492,12.0643,109.7649,0.10991,0.9127,1.0408,1.1403
osw-cql-seed1-B,cql,174000,14,174000,a9382f838371bd7e,-1824.74987793,36307,14110,19.0619,-14.3746,33.4366,109.7649,0.30462,0.9486,1.183,1.2471
osw-cql-seed1-B,cql,175000,0,175000,12bb5c1cbd8663fe,-1835.934936523,237311,68413,42.1749,-22.6917,64.8666,111.5841,0.58132,0.8515,1.1651,1.3683
osw-cql-seed1-B,cql,175000,2,175000,12bb5c1cbd8663fe,-1835.934936523,168808,33814,14.3087,-12.9306,27.2393,111.5841,0.24411,0.8926,1.0157,1.1379
osw-cql-seed1-B,cql,175000,4,175000,12bb5c1cbd8663fe,-1835.934936523,35214,133999,6.7111,-3.7892,10.5003,111.5841,0.0941,0.8961,0.9726,1.0854
osw-cql-seed1-B,cql,175000,5,175000,12bb5c1cbd8663fe,-1835.934936523,40938,30344,10.6898,-9.7233,20.4132,111.5841,0.18294,0.9329,1.0737,1.1509
osw-cql-seed1-B,cql,175000,6,175000,12bb5c1cbd8663fe,-1835.934936523,51996,11915,4.6257,-19.8246,24.4503,111.5841,0.21912,0.945,1.1276,1.1933
osw-cql-seed1-B,cql,175000,7,175000,12bb5c1cbd8663fe,-1835.934936523,64933,19513,2.9322,-15.6555,18.5877,111.5841,0.16658,0.9134,1.0764,1.1784
osw-cql-seed1-B,cql,175000,11,175000,12bb5c1cbd8663fe,-1835.934936523,76763,39227,-0.3435,-10.9649,10.6214,111.5841,0.09519,0.9579,1.041,1.0867
osw-cql-seed1-B,cql,175000,12,175000,12bb5c1cbd8663fe,-1835.934936523,33583,82841,-3.2277,-5.5836,2.3559,111.5841,0.02111,0.9468,1.0129,1.0698
osw-cql-seed1-B,cql,175000,13,175000,12bb5c1cbd8663fe,-1835.934936523,29838,52509,6.6187,-5.6872,12.306,111.5841,0.11028,0.9158,1.0401,1.1358
osw-cql-seed1-B,cql,175000,14,175000,12bb5c1cbd8663fe,-1835.934936523,36307,14110,19.1392,-15.0018,34.141,111.5841,0.30597,0.9527,1.1715,1.2297
osw-cql-seed1-B,cql,176000,0,176000,2679661b0acdade2,-1842.848144531,237311,68413,41.2298,-23.4592,64.689,111.2668,0.58139,0.8507,1.1668,1.3716
osw-cql-seed1-B,cql,176000,2,176000,2679661b0acdade2,-1842.848144531,168808,33814,15.5428,-12.2732,27.816,111.2668,0.24999,0.8925,1.0138,1.1359
osw-cql-seed1-B,cql,176000,4,176000,2679661b0acdade2,-1842.848144531,35214,133999,5.1121,-4.0887,9.2008,111.2668,0.08269,0.895,0.9717,1.0857
osw-cql-seed1-B,cql,176000,5,176000,2679661b0acdade2,-1842.848144531,40938,30344,11.3928,-9.5526,20.9454,111.2668,0.18824,0.9296,1.0729,1.1541
osw-cql-seed1-B,cql,176000,6,176000,2679661b0acdade2,-1842.848144531,51996,11915,5.5005,-18.5802,24.0808,111.2668,0.21642,0.944,1.1256,1.1923
osw-cql-seed1-B,cql,176000,7,176000,2679661b0acdade2,-1842.848144531,64933,19513,3.4703,-15.5459,19.0162,111.2668,0.17091,0.9112,1.0757,1.1806
osw-cql-seed1-B,cql,176000,11,176000,2679661b0acdade2,-1842.848144531,76763,39227,0.1689,-10.9243,11.0932,111.2668,0.0997,0.958,1.0399,1.0855
osw-cql-seed1-B,cql,176000,12,176000,2679661b0acdade2,-1842.848144531,33583,82841,-3.4425,-5.4489,2.0063,111.2668,0.01803,0.9477,1.0133,1.0691
osw-cql-seed1-B,cql,176000,13,176000,2679661b0acdade2,-1842.848144531,29838,52509,6.8555,-5.3361,12.1916,111.2668,0.10957,0.9116,1.0414,1.1423
osw-cql-seed1-B,cql,176000,14,176000,2679661b0acdade2,-1842.848144531,36307,14110,18.5492,-15.0964,33.6456,111.2668,0.30239,0.947,1.1849,1.2511
osw-cql-seed1-B,cql,177000,0,177000,9ea8e83a505fdf6f,-1854.590332031,237311,68413,42.4113,-22.3425,64.7538,111.9191,0.57858,0.8502,1.1648,1.3699
osw-cql-seed1-B,cql,177000,2,177000,9ea8e83a505fdf6f,-1854.590332031,168808,33814,15.714,-11.7823,27.4963,111.9191,0.24568,0.894,1.0164,1.1369
osw-cql-seed1-B,cql,177000,4,177000,9ea8e83a505fdf6f,-1854.590332031,35214,133999,4.514,-4.578,9.092,111.9191,0.08124,0.892,0.9725,1.0902
osw-cql-seed1-B,cql,177000,5,177000,9ea8e83a505fdf6f,-1854.590332031,40938,30344,10.8273,-10.223,21.0503,111.9191,0.18809,0.9323,1.0747,1.1528
osw-cql-seed1-B,cql,177000,6,177000,9ea8e83a505fdf6f,-1854.590332031,51996,11915,4.9183,-19.3633,24.2815,111.9191,0.21696,0.95,1.1296,1.189
osw-cql-seed1-B,cql,177000,7,177000,9ea8e83a505fdf6f,-1854.590332031,64933,19513,3.9414,-15.5659,19.5074,111.9191,0.1743,0.9167,1.0774,1.1753
osw-cql-seed1-B,cql,177000,11,177000,9ea8e83a505fdf6f,-1854.590332031,76763,39227,0.7778,-10.7348,11.5126,111.9191,0.10287,0.9603,1.0427,1.0859
osw-cql-seed1-B,cql,177000,12,177000,9ea8e83a505fdf6f,-1854.590332031,33583,82841,-3.0291,-5.703,2.674,111.9191,0.02389,0.9457,1.0128,1.0709
osw-cql-seed1-B,cql,177000,13,177000,9ea8e83a505fdf6f,-1854.590332031,29838,52509,7.0849,-6.0109,13.0958,111.9191,0.11701,0.909,1.0399,1.144
osw-cql-seed1-B,cql,177000,14,177000,9ea8e83a505fdf6f,-1854.590332031,36307,14110,19.706,-14.9092,34.6152,111.9191,0.30929,0.9505,1.1805,1.242
osw-cql-seed1-B,cql,178000,0,178000,293509ddbc7707ef,-1859.228027344,237311,68413,41.3732,-22.7585,64.1317,110.9534,0.57801,0.8527,1.1658,1.3673
osw-cql-seed1-B,cql,178000,2,178000,293509ddbc7707ef,-1859.228027344,168808,33814,15.1302,-12.6545,27.7846,110.9534,0.25042,0.8924,1.016,1.1384
osw-cql-seed1-B,cql,178000,4,178000,293509ddbc7707ef,-1859.228027344,35214,133999,6.7553,-4.154,10.9093,110.9534,0.09832,0.8929,0.9716,1.0881
osw-cql-seed1-B,cql,178000,5,178000,293509ddbc7707ef,-1859.228027344,40938,30344,12.0494,-9.8808,21.9303,110.9534,0.19765,0.9296,1.0725,1.1538
osw-cql-seed1-B,cql,178000,6,178000,293509ddbc7707ef,-1859.228027344,51996,11915,5.4966,-19.2793,24.7758,110.9534,0.2233,0.9437,1.1295,1.1969
osw-cql-seed1-B,cql,178000,7,178000,293509ddbc7707ef,-1859.228027344,64933,19513,3.8925,-15.8161,19.7086,110.9534,0.17763,0.912,1.0744,1.178
osw-cql-seed1-B,cql,178000,11,178000,293509ddbc7707ef,-1859.228027344,76763,39227,-0.0601,-11.2785,11.2184,110.9534,0.10111,0.9579,1.0407,1.0864
osw-cql-seed1-B,cql,178000,12,178000,293509ddbc7707ef,-1859.228027344,33583,82841,-2.7345,-5.5073,2.7728,110.9534,0.02499,0.9457,1.0126,1.0708
osw-cql-seed1-B,cql,178000,13,178000,293509ddbc7707ef,-1859.228027344,29838,52509,7.3426,-5.7006,13.0432,110.9534,0.11756,0.9072,1.0401,1.1464
osw-cql-seed1-B,cql,178000,14,178000,293509ddbc7707ef,-1859.228027344,36307,14110,18.0292,-15.0063,33.0355,110.9534,0.29774,0.9463,1.1836,1.2507
osw-cql-seed1-B,cql,179000,0,179000,34e70fc66b16c72c,-1864.352416992,237311,68413,41.8746,-21.8806,63.7553,111.2718,0.57297,0.8502,1.1611,1.3657
osw-cql-seed1-B,cql,179000,2,179000,34e70fc66b16c72c,-1864.352416992,168808,33814,14.8056,-11.917,26.7226,111.2718,0.24016,0.8937,1.0153,1.136
osw-cql-seed1-B,cql,179000,4,179000,34e70fc66b16c72c,-1864.352416992,35214,133999,5.0784,-4.0406,9.119,111.2718,0.08195,0.8969,0.9743,1.0863
osw-cql-seed1-B,cql,179000,5,179000,34e70fc66b16c72c,-1864.352416992,40938,30344,11.1728,-9.1461,20.3189,111.2718,0.18261,0.9349,1.0778,1.1529
osw-cql-seed1-B,cql,179000,6,179000,34e70fc66b16c72c,-1864.352416992,51996,11915,5.01,-18.7266,23.7367,111.2718,0.21332,0.9466,1.1298,1.1936
osw-cql-seed1-B,cql,179000,7,179000,34e70fc66b16c72c,-1864.352416992,64933,19513,3.5106,-15.2936,18.8042,111.2718,0.16899,0.9139,1.0749,1.1763
osw-cql-seed1-B,cql,179000,11,179000,34e70fc66b16c72c,-1864.352416992,76763,39227,0.2904,-10.8857,11.1761,111.2718,0.10044,0.9587,1.0407,1.0855
osw-cql-seed1-B,cql,179000,12,179000,34e70fc66b16c72c,-1864.352416992,33583,82841,-3.9613,-5.7267,1.7654,111.2718,0.01587,0.9448,1.0132,1.0723
osw-cql-seed1-B,cql,179000,13,179000,34e70fc66b16c72c,-1864.352416992,29838,52509,7.1437,-5.5813,12.725,111.2718,0.11436,0.9137,1.0426,1.1411
osw-cql-seed1-B,cql,179000,14,179000,34e70fc66b16c72c,-1864.352416992,36307,14110,19.5575,-14.3882,33.9457,111.2718,0.30507,0.9517,1.1788,1.2386
osw-cql-seed1-B,cql,180000,0,180000,22dee03ed7457264,-1875.323486328,237311,68413,41.8712,-22.4057,64.2769,111.796,0.57495,0.8534,1.1643,1.3643
osw-cql-seed1-B,cql,180000,2,180000,22dee03ed7457264,-1875.323486328,168808,33814,14.3945,-12.7681,27.1626,111.796,0.24297,0.8946,1.0157,1.1354
osw-cql-seed1-B,cql,180000,4,180000,22dee03ed7457264,-1875.323486328,35214,133999,6.6827,-4.0206,10.7033,111.796,0.09574,0.8949,0.9726,1.0869
osw-cql-seed1-B,cql,180000,5,180000,22dee03ed7457264,-1875.323486328,40938,30344,10.6429,-10.2116,20.8546,111.796,0.18654,0.9305,1.0717,1.1517
osw-cql-seed1-B,cql,180000,6,180000,22dee03ed7457264,-1875.323486328,51996,11915,5.0964,-18.8939,23.9903,111.796,0.21459,0.9442,1.1251,1.1915
osw-cql-seed1-B,cql,180000,7,180000,22dee03ed7457264,-1875.323486328,64933,19513,3.9683,-15.8184,19.7868,111.796,0.17699,0.9141,1.0744,1.1755
osw-cql-seed1-B,cql,180000,11,180000,22dee03ed7457264,-1875.323486328,76763,39227,-0.6078,-11.6536,11.0459,111.796,0.0988,0.9589,1.0411,1.0858
osw-cql-seed1-B,cql,180000,12,180000,22dee03ed7457264,-1875.323486328,33583,82841,-3.4802,-6.0737,2.5935,111.796,0.0232,0.9449,1.0119,1.071
osw-cql-seed1-B,cql,180000,13,180000,22dee03ed7457264,-1875.323486328,29838,52509,7.3449,-5.7344,13.0793,111.796,0.11699,0.9095,1.0388,1.1422
osw-cql-seed1-B,cql,180000,14,180000,22dee03ed7457264,-1875.323486328,36307,14110,18.9146,-14.5507,33.4653,111.796,0.29934,0.9507,1.1721,1.2329
osw-cql-seed1-B,cql,181000,0,181000,e5ba453ffd210879,-1884.736450195,237311,68413,40.8032,-22.7868,63.5899,110.972,0.57303,0.8519,1.1616,1.3636
osw-cql-seed1-B,cql,181000,2,181000,e5ba453ffd210879,-1884.736450195,168808,33814,14.7293,-11.853,26.5823,110.972,0.23954,0.8926,1.0154,1.1376
osw-cql-seed1-B,cql,181000,4,181000,e5ba453ffd210879,-1884.736450195,35214,133999,5.5363,-4.0388,9.5751,110.972,0.08628,0.8973,0.9729,1.0842
osw-cql-seed1-B,cql,181000,5,181000,e5ba453ffd210879,-1884.736450195,40938,30344,11.3833,-10.2883,21.6716,110.972,0.19529,0.9356,1.0769,1.151
osw-cql-seed1-B,cql,181000,6,181000,e5ba453ffd210879,-1884.736450195,51996,11915,5.0791,-19.4484,24.5274,110.972,0.22102,0.9438,1.128,1.1952
osw-cql-seed1-B,cql,181000,7,181000,e5ba453ffd210879,-1884.736450195,64933,19513,4.0762,-15.4736,19.5498,110.972,0.17617,0.9112,1.0752,1.18
osw-cql-seed1-B,cql,181000,11,181000,e5ba453ffd210879,-1884.736450195,76763,39227,-0.3445,-11.257,10.9125,110.972,0.09834,0.9579,1.0402,1.0858
osw-cql-seed1-B,cql,181000,12,181000,e5ba453ffd210879,-1884.736450195,33583,82841,-4.6208,-5.7234,1.1026,110.972,0.00994,0.9458,1.0119,1.0698
osw-cql-seed1-B,cql,181000,13,181000,e5ba453ffd210879,-1884.736450195,29838,52509,5.2715,-6.1148,11.3863,110.972,0.10261,0.9155,1.042,1.1382
osw-cql-seed1-B,cql,181000,14,181000,e5ba453ffd210879,-1884.736450195,36307,14110,19.6449,-14.661,34.3058,110.972,0.30914,0.9542,1.1764,1.2328
osw-cql-seed1-B,cql,182000,0,182000,1aac3412abeafe67,-1895.853759766,237311,68413,41.4413,-22.0862,63.5274,110.0035,0.5775,0.8497,1.1616,1.3671
osw-cql-seed1-B,cql,182000,2,182000,1aac3412abeafe67,-1895.853759766,168808,33814,14.6696,-12.7049,27.3745,110.0035,0.24885,0.8923,1.0129,1.1351
osw-cql-seed1-B,cql,182000,4,182000,1aac3412abeafe67,-1895.853759766,35214,133999,3.5815,-4.1871,7.7686,110.0035,0.07062,0.8983,0.9727,1.0829
osw-cql-seed1-B,cql,182000,5,182000,1aac3412abeafe67,-1895.853759766,40938,30344,10.4428,-9.5838,20.0266,110.0035,0.18205,0.9314,1.0734,1.1525
osw-cql-seed1-B,cql,182000,6,182000,1aac3412abeafe67,-1895.853759766,51996,11915,2.8295,-19.6683,22.4978,110.0035,0.20452,0.9447,1.125,1.1909
osw-cql-seed1-B,cql,182000,7,182000,1aac3412abeafe67,-1895.853759766,64933,19513,2.8031,-15.9468,18.7499,110.0035,0.17045,0.9131,1.0743,1.1765
osw-cql-seed1-B,cql,182000,11,182000,1aac3412abeafe67,-1895.853759766,76763,39227,0.3317,-11.0234,11.3551,110.0035,0.10323,0.9587,1.041,1.0858
osw-cql-seed1-B,cql,182000,12,182000,1aac3412abeafe67,-1895.853759766,33583,82841,-4.0145,-5.8529,1.8384,110.0035,0.01671,0.947,1.013,1.0697
osw-cql-seed1-B,cql,182000,13,182000,1aac3412abeafe67,-1895.853759766,29838,52509,5.1015,-5.6612,10.7627,110.0035,0.09784,0.9135,1.0404,1.1389
osw-cql-seed1-B,cql,182000,14,182000,1aac3412abeafe67,-1895.853759766,36307,14110,17.4673,-14.6799,32.1472,110.0035,0.29224,0.9493,1.1704,1.233
osw-cql-seed1-B,cql,183000,0,183000,4234ceb05a99a154,-1906.525146484,237311,68413,41.1957,-21.5604,62.7561,109.4057,0.57361,0.8501,1.1597,1.3643
osw-cql-seed1-B,cql,183000,2,183000,4234ceb05a99a154,-1906.525146484,168808,33814,14.5804,-11.8934,26.4738,109.4057,0.24198,0.8917,1.0151,1.1384
osw-cql-seed1-B,cql,183000,4,183000,4234ceb05a99a154,-1906.525146484,35214,133999,5.1812,-3.5789,8.7601,109.4057,0.08007,0.8968,0.9722,1.084
osw-cql-seed1-B,cql,183000,5,183000,4234ceb05a99a154,-1906.525146484,40938,30344,9.7656,-9.6267,19.3924,109.4057,0.17725,0.9318,1.0736,1.1521
osw-cql-seed1-B,cql,183000,6,183000,4234ceb05a99a154,-1906.525146484,51996,11915,3.424,-19.6887,23.1126,109.4057,0.21126,0.9442,1.1291,1.1958
osw-cql-seed1-B,cql,183000,7,183000,4234ceb05a99a154,-1906.525146484,64933,19513,2.8624,-15.813,18.6754,109.4057,0.1707,0.9126,1.0763,1.1794
osw-cql-seed1-B,cql,183000,11,183000,4234ceb05a99a154,-1906.525146484,76763,39227,0.0609,-10.8355,10.8964,109.4057,0.0996,0.9584,1.0402,1.0853
osw-cql-seed1-B,cql,183000,12,183000,4234ceb05a99a154,-1906.525146484,33583,82841,-3.2779,-5.3223,2.0443,109.4057,0.01869,0.9475,1.0123,1.0684
osw-cql-seed1-B,cql,183000,13,183000,4234ceb05a99a154,-1906.525146484,29838,52509,6.6026,-5.436,12.0386,109.4057,0.11004,0.9145,1.0403,1.1376
osw-cql-seed1-B,cql,183000,14,183000,4234ceb05a99a154,-1906.525146484,36307,14110,18.7265,-15.0258,33.7524,109.4057,0.30851,0.9529,1.1737,1.2317
osw-cql-seed1-B,cql,184000,0,184000,4ee2c400747f781d,-1918.022460938,237311,68413,40.3636,-22.9401,63.3037,109.3139,0.5791,0.8496,1.1618,1.3674
osw-cql-seed1-B,cql,184000,2,184000,4ee2c400747f781d,-1918.022460938,168808,33814,15.564,-12.0046,27.5687,109.3139,0.2522,0.8923,1.0141,1.1365
osw-cql-seed1-B,cql,184000,4,184000,4ee2c400747f781d,-1918.022460938,35214,133999,5.6267,-3.4327,9.0594,109.3139,0.08287,0.8942,0.9716,1.0865
osw-cql-seed1-B,cql,184000,5,184000,4ee2c400747f781d,-1918.022460938,40938,30344,10.9468,-9.1104,20.0572,109.3139,0.18348,0.9308,1.0724,1.1521
osw-cql-seed1-B,cql,184000,6,184000,4ee2c400747f781d,-1918.022460938,51996,11915,5.6029,-18.5176,24.1206,109.3139,0.22065,0.9447,1.1295,1.1956
osw-cql-seed1-B,cql,184000,7,184000,4ee2c400747f781d,-1918.022460938,64933,19513,2.8248,-15.9856,18.8104,109.3139,0.17208,0.9131,1.0777,1.1803
osw-cql-seed1-B,cql,184000,11,184000,4ee2c400747f781d,-1918.022460938,76763,39227,0.0679,-10.9271,10.9951,109.3139,0.10058,0.9599,1.0429,1.0865
osw-cql-seed1-B,cql,184000,12,184000,4ee2c400747f781d,-1918.022460938,33583,82841,-4.2065,-5.4033,1.1968,109.3139,0.01095,0.9468,1.0129,1.0698
osw-cql-seed1-B,cql,184000,13,184000,4ee2c400747f781d,-1918.022460938,29838,52509,6.383,-5.8337,12.2167,109.3139,0.11176,0.9139,1.0391,1.137
osw-cql-seed1-B,cql,184000,14,184000,4ee2c400747f781d,-1918.022460938,36307,14110,17.4394,-14.2119,31.6513,109.3139,0.28954,0.9541,1.1703,1.2265
osw-cql-seed1-B,cql,185000,0,185000,af3f2d2856c4b960,-1930.621582031,237311,68413,41.1201,-21.9018,63.0219,110.3486,0.57112,0.8514,1.1615,1.3642
osw-cql-seed1-B,cql,185000,2,185000,af3f2d2856c4b960,-1930.621582031,168808,33814,15.9109,-11.495,27.4059,110.3486,0.24836,0.8922,1.0161,1.1388
osw-cql-seed1-B,cql,185000,4,185000,af3f2d2856c4b960,-1930.621582031,35214,133999,5.3454,-3.7576,9.103,110.3486,0.08249,0.8983,0.9735,1.0837
osw-cql-seed1-B,cql,185000,5,185000,af3f2d2856c4b960,-1930.621582031,40938,30344,10.4688,-9.1152,19.584,110.3486,0.17747,0.9339,1.0776,1.1539
osw-cql-seed1-B,cql,185000,6,185000,af3f2d2856c4b960,-1930.621582031,51996,11915,4.7867,-18.3294,23.1161,110.3486,0.20948,0.9438,1.1268,1.1939
osw-cql-seed1-B,cql,185000,7,185000,af3f2d2856c4b960,-1930.621582031,64933,19513,3.8624,-15.9719,19.8343,110.3486,0.17974,0.9109,1.0713,1.1761
osw-cql-seed1-B,cql,185000,11,185000,af3f2d2856c4b960,-1930.621582031,76763,39227,-0.1048,-11.2721,11.1673,110.3486,0.1012,0.9591,1.0412,1.0856
osw-cql-seed1-B,cql,185000,12,185000,af3f2d2856c4b960,-1930.621582031,33583,82841,-2.8706,-5.6365,2.7659,110.3486,0.02507,0.9462,1.013,1.0706
osw-cql-seed1-B,cql,185000,13,185000,af3f2d2856c4b960,-1930.621582031,29838,52509,6.8756,-5.3606,12.2362,110.3486,0.11089,0.9158,1.0417,1.1375
osw-cql-seed1-B,cql,185000,14,185000,af3f2d2856c4b960,-1930.621582031,36307,14110,18.1822,-14.4205,32.6028,110.3486,0.29545,0.9496,1.181,1.2436
osw-cql-seed1-B,cql,186000,0,186000,ea1aedd1d9ea2f7c,-1940.069824219,237311,68413,40.5298,-23.1861,63.7159,110.8617,0.57473,0.8502,1.158,1.362
osw-cql-seed1-B,cql,186000,2,186000,ea1aedd1d9ea2f7c,-1940.069824219,168808,33814,15.0708,-12.8281,27.8989,110.8617,0.25166,0.892,1.0152,1.1381
osw-cql-seed1-B,cql,186000,4,186000,ea1aedd1d9ea2f7c,-1940.069824219,35214,133999,5.5837,-3.9773,9.561,110.8617,0.08624,0.8946,0.9722,1.0867
osw-cql-seed1-B,cql,186000,5,186000,ea1aedd1d9ea2f7c,-1940.069824219,40938,30344,10.4597,-9.7404,20.2001,110.8617,0.18221,0.9265,1.0727,1.1577
osw-cql-seed1-B,cql,186000,6,186000,ea1aedd1d9ea2f7c,-1940.069824219,51996,11915,3.8671,-19.1982,23.0653,110.8617,0.20805,0.943,1.1274,1.1956
osw-cql-seed1-B,cql,186000,7,186000,ea1aedd1d9ea2f7c,-1940.069824219,64933,19513,3.2637,-15.8627,19.1263,110.8617,0.17252,0.9132,1.0767,1.179
osw-cql-seed1-B,cql,186000,11,186000,ea1aedd1d9ea2f7c,-1940.069824219,76763,39227,-0.6009,-11.3144,10.7134,110.8617,0.09664,0.9586,1.0412,1.0862
osw-cql-seed1-B,cql,186000,12,186000,ea1aedd1d9ea2f7c,-1940.069824219,33583,82841,-4.1164,-5.6805,1.5641,110.8617,0.01411,0.9458,1.0132,1.0713
osw-cql-seed1-B,cql,186000,13,186000,ea1aedd1d9ea2f7c,-1940.069824219,29838,52509,5.5427,-5.5444,11.0871,110.8617,0.10001,0.9054,1.0389,1.1474
osw-cql-seed1-B,cql,186000,14,186000,ea1aedd1d9ea2f7c,-1940.069824219,36307,14110,17.6842,-14.5543,32.2385,110.8617,0.2908,0.9444,1.1747,1.2438
osw-cql-seed1-B,cql,187000,0,187000,39be1234737812f1,-1947.725097656,237311,68413,40.2126,-23.1645,63.3771,111.6642,0.56757,0.8524,1.162,1.3631
osw-cql-seed1-B,cql,187000,2,187000,39be1234737812f1,-1947.725097656,168808,33814,15.1942,-12.2894,27.4837,111.6642,0.24613,0.8946,1.0162,1.136
osw-cql-seed1-B,cql,187000,4,187000,39be1234737812f1,-1947.725097656,35214,133999,4.7925,-3.5769,8.3694,111.6642,0.07495,0.8929,0.972,1.0886
osw-cql-seed1-B,cql,187000,5,187000,39be1234737812f1,-1947.725097656,40938,30344,10.8315,-9.2508,20.0823,111.6642,0.17985,0.93,1.0707,1.1513
osw-cql-seed1-B,cql,187000,6,187000,39be1234737812f1,-1947.725097656,51996,11915,5.132,-19.2126,24.3446,111.6642,0.21802,0.9449,1.1271,1.1929
osw-cql-seed1-B,cql,187000,7,187000,39be1234737812f1,-1947.725097656,64933,19513,3.3361,-15.4363,18.7724,111.6642,0.16811,0.9115,1.0753,1.1798
osw-cql-seed1-B,cql,187000,11,187000,39be1234737812f1,-1947.725097656,76763,39227,0.0323,-10.8347,10.867,111.6642,0.09732,0.9583,1.041,1.0862
osw-cql-seed1-B,cql,187000,12,187000,39be1234737812f1,-1947.725097656,33583,82841,-4.2632,-6.1311,1.8679,111.6642,0.01673,0.9448,1.0121,1.0712
osw-cql-seed1-B,cql,187000,13,187000,39be1234737812f1,-1947.725097656,29838,52509,5.939,-5.567,11.506,111.6642,0.10304,0.909,1.0386,1.1426
osw-cql-seed1-B,cql,187000,14,187000,39be1234737812f1,-1947.725097656,36307,14110,18.1617,-14.6045,32.7662,111.6642,0.29344,0.9495,1.1665,1.2286
osw-cql-seed1-B,cql,188000,0,188000,09c5efb45977c1b9,-1956.18737793,237311,68413,41.3117,-23.0083,64.32,110.9296,0.57983,0.8512,1.1619,1.3651
osw-cql-seed1-B,cql,188000,2,188000,09c5efb45977c1b9,-1956.18737793,168808,33814,15.3602,-11.8252,27.1854,110.9296,0.24507,0.8926,1.0152,1.1374
osw-cql-seed1-B,cql,188000,4,188000,09c5efb45977c1b9,-1956.18737793,35214,133999,4.8117,-4.0139,8.8256,110.9296,0.07956,0.8972,0.9726,1.084
osw-cql-seed1-B,cql,188000,5,188000,09c5efb45977c1b9,-1956.18737793,40938,30344,9.2666,-9.8264,19.0929,110.9296,0.17212,0.9328,1.0744,1.1519
osw-cql-seed1-B,cql,188000,6,188000,09c5efb45977c1b9,-1956.18737793,51996,11915,4.5446,-18.9161,23.4607,110.9296,0.21149,0.9431,1.1267,1.1947
osw-cql-seed1-B,cql,188000,7,188000,09c5efb45977c1b9,-1956.18737793,64933,19513,3.0985,-15.1354,18.2338,110.9296,0.16437,0.9116,1.0734,1.1775
osw-cql-seed1-B,cql,188000,11,188000,09c5efb45977c1b9,-1956.18737793,76763,39227,0.0158,-10.4986,10.5144,110.9296,0.09478,0.9579,1.0399,1.0856
osw-cql-seed1-B,cql,188000,12,188000,09c5efb45977c1b9,-1956.18737793,33583,82841,-5.2414,-5.4344,0.193,110.9296,0.00174,0.9478,1.0134,1.0691
osw-cql-seed1-B,cql,188000,13,188000,09c5efb45977c1b9,-1956.18737793,29838,52509,4.9804,-5.5291,10.5095,110.9296,0.09474,0.9142,1.0409,1.1386
osw-cql-seed1-B,cql,188000,14,188000,09c5efb45977c1b9,-1956.18737793,36307,14110,16.9872,-15.6498,32.6369,110.9296,0.29421,0.9548,1.1727,1.2281
osw-cql-seed1-B,cql,189000,0,189000,2bf8e49d8eda4c3e,-1967.629394531,237311,68413,40.1133,-23.0667,63.18,110.8618,0.5699,0.8526,1.1643,1.3656
osw-cql-seed1-B,cql,189000,2,189000,2bf8e49d8eda4c3e,-1967.629394531,168808,33814,14.2675,-12.8771,27.1446,110.8618,0.24485,0.8945,1.0158,1.1356
osw-cql-seed1-B,cql,189000,4,189000,2bf8e49d8eda4c3e,-1967.629394531,35214,133999,4.0187,-4.3333,8.3521,110.8618,0.07534,0.895,0.9721,1.0861
osw-cql-seed1-B,cql,189000,5,189000,2bf8e49d8eda4c3e,-1967.629394531,40938,30344,9.2609,-9.8866,19.1474,110.8618,0.17271,0.9305,1.0705,1.1505
osw-cql-seed1-B,cql,189000,6,189000,2bf8e49d8eda4c3e,-1967.629394531,51996,11915,4.3053,-19.3055,23.6108,110.8618,0.21297,0.9433,1.1276,1.1955
osw-cql-seed1-B,cql,189000,7,189000,2bf8e49d8eda4c3e,-1967.629394531,64933,19513,3.2192,-15.9405,19.1597,110.8618,0.17283,0.9131,1.0749,1.1772
osw-cql-seed1-B,cql,189000,11,189000,2bf8e49d8eda4c3e,-1967.629394531,76763,39227,-0.1573,-10.9819,10.8247,110.8618,0.09764,0.9588,1.0409,1.0857
osw-cql-seed1-B,cql,189000,12,189000,2bf8e49d8eda4c3e,-1967.629394531,33583,82841,-4.0694,-5.6414,1.572,110.8618,0.01418,0.9468,1.0124,1.0694
osw-cql-seed1-B,cql,189000,13,189000,2bf8e49d8eda4c3e,-1967.629394531,29838,52509,5.8746,-6.0352,11.9098,110.8618,0.10743,0.9128,1.0392,1.1385
osw-cql-seed1-B,cql,189000,14,189000,2bf8e49d8eda4c3e,-1967.629394531,36307,14110,17.6944,-15.5568,33.2512,110.8618,0.29993,0.9526,1.1692,1.2273
osw-cql-seed1-B,cql,190000,0,190000,51c5b3863399991b,-1980.956420898,237311,68413,40.6084,-23.8464,64.4548,112.198,0.57447,0.8507,1.1602,1.3638
osw-cql-seed1-B,cql,190000,2,190000,51c5b3863399991b,-1980.956420898,168808,33814,15.6075,-12.3174,27.9248,112.198,0.24889,0.8936,1.0135,1.1342
osw-cql-seed1-B,cql,190000,4,190000,51c5b3863399991b,-1980.956420898,35214,133999,5.3807,-4.1074,9.4882,112.198,0.08457,0.8963,0.9717,1.0841
osw-cql-seed1-B,cql,190000,5,190000,51c5b3863399991b,-1980.956420898,40938,30344,10.829,-10.2657,21.0947,112.198,0.18801,0.9326,1.0719,1.1494
osw-cql-seed1-B,cql,190000,6,190000,51c5b3863399991b,-1980.956420898,51996,11915,4.4486,-19.622,24.0706,112.198,0.21454,0.9445,1.1247,1.1908
osw-cql-seed1-B,cql,190000,7,190000,51c5b3863399991b,-1980.956420898,64933,19513,3.7814,-15.6923,19.4737,112.198,0.17357,0.9119,1.0746,1.1784
osw-cql-seed1-B,cql,190000,11,190000,51c5b3863399991b,-1980.956420898,76763,39227,0.5468,-10.6967,11.2435,112.198,0.10021,0.9586,1.0405,1.0855
osw-cql-seed1-B,cql,190000,12,190000,51c5b3863399991b,-1980.956420898,33583,82841,-3.2101,-5.2981,2.0881,112.198,0.01861,0.945,1.0119,1.0708
osw-cql-seed1-B,cql,190000,13,190000,51c5b3863399991b,-1980.956420898,29838,52509,5.9842,-5.7206,11.7048,112.198,0.10432,0.9103,1.0388,1.1412
osw-cql-seed1-B,cql,190000,14,190000,51c5b3863399991b,-1980.956420898,36307,14110,18.1276,-15.255,33.3826,112.198,0.29753,0.9515,1.1738,1.2337
osw-cql-seed1-B,cql,191000,0,191000,ce5acc2d942d58e5,-1993.582519531,237311,68413,41.7666,-22.7324,64.499,112.9461,0.57106,0.8494,1.1575,1.3627
osw-cql-seed1-B,cql,191000,2,191000,ce5acc2d942d58e5,-1993.582519531,168808,33814,14.2553,-12.7175,26.9728,112.9461,0.23881,0.8926,1.014,1.136
osw-cql-seed1-B,cql,191000,4,191000,ce5acc2d942d58e5,-1993.582519531,35214,133999,5.1988,-3.95,9.1488,112.9461,0.081,0.8966,0.972,1.0841
osw-cql-seed1-B,cql,191000,5,191000,ce5acc2d942d58e5,-1993.582519531,40938,30344,11.2724,-9.34,20.6124,112.9461,0.1825,0.9313,1.0721,1.1512
osw-cql-seed1-B,cql,191000,6,191000,ce5acc2d942d58e5,-1993.582519531,51996,11915,4.4253,-18.5662,22.9915,112.9461,0.20356,0.9437,1.1263,1.1935
osw-cql-seed1-B,cql,191000,7,191000,ce5acc2d942d58e5,-1993.582519531,64933,19513,3.7128,-15.325,19.0378,112.9461,0.16856,0.9131,1.0733,1.1755
osw-cql-seed1-B,cql,191000,11,191000,ce5acc2d942d58e5,-1993.582519531,76763,39227,0.0228,-11.0522,11.075,112.9461,0.09806,0.9587,1.0397,1.0846
osw-cql-seed1-B,cql,191000,12,191000,ce5acc2d942d58e5,-1993.582519531,33583,82841,-4.1204,-5.593,1.4726,112.9461,0.01304,0.9461,1.0125,1.0702
osw-cql-seed1-B,cql,191000,13,191000,ce5acc2d942d58e5,-1993.582519531,29838,52509,6.0086,-5.745,11.7536,112.9461,0.10406,0.9126,1.0391,1.1387
osw-cql-seed1-B,cql,191000,14,191000,ce5acc2d942d58e5,-1993.582519531,36307,14110,17.9607,-15.614,33.5747,112.9461,0.29726,0.9519,1.1686,1.2276
osw-cql-seed1-B,cql,192000,0,192000,13c0d582f401e154,-2001.441772461,237311,68413,41.6025,-22.6687,64.2711,111.9461,0.57413,0.8501,1.1585,1.3628
osw-cql-seed1-B,cql,192000,2,192000,13c0d582f401e154,-2001.441772461,168808,33814,14.4503,-12.5954,27.0457,111.9461,0.2416,0.8918,1.0125,1.1352
osw-cql-seed1-B,cql,192000,4,192000,13c0d582f401e154,-2001.441772461,35214,133999,4.9321,-3.8295,8.7616,111.9461,0.07827,0.8945,0.9714,1.086
osw-cql-seed1-B,cql,192000,5,192000,13c0d582f401e154,-2001.441772461,40938,30344,9.2599,-9.7346,18.9945,111.9461,0.16968,0.9324,1.0724,1.1502
osw-cql-seed1-B,cql,192000,6,192000,13c0d582f401e154,-2001.441772461,51996,11915,3.5302,-19.3886,22.9188,111.9461,0.20473,0.9433,1.1256,1.1933
osw-cql-seed1-B,cql,192000,7,192000,13c0d582f401e154,-2001.441772461,64933,19513,2.4766,-15.7814,18.258,111.9461,0.1631,0.9118,1.0739,1.1778
osw-cql-seed1-B,cql,192000,11,192000,13c0d582f401e154,-2001.441772461,76763,39227,-0.4175,-11.4883,11.0708,111.9461,0.09889,0.9588,1.0404,1.0851
osw-cql-seed1-B,cql,192000,12,192000,13c0d582f401e154,-2001.441772461,33583,82841,-4.5269,-5.9142,1.3873,111.9461,0.01239,0.9457,1.012,1.0701
osw-cql-seed1-B,cql,192000,13,192000,13c0d582f401e154,-2001.441772461,29838,52509,5.1066,-6.0155,11.1222,111.9461,0.09935,0.9125,1.0387,1.1384
osw-cql-seed1-B,cql,192000,14,192000,13c0d582f401e154,-2001.441772461,36307,14110,17.4614,-15.4863,32.9477,111.9461,0.29432,0.9509,1.1718,1.2323
osw-cql-seed1-B,cql,193000,0,193000,5fa24bb65e06a230,-2009.612915039,237311,68413,40.4829,-22.5364,63.0193,111.0972,0.56724,0.8508,1.162,1.3657
osw-cql-seed1-B,cql,193000,2,193000,5fa24bb65e06a230,-2009.612915039,168808,33814,14.6765,-12.1029,26.7794,111.0972,0.24104,0.8929,1.0137,1.1353
osw-cql-seed1-B,cql,193000,4,193000,5fa24bb65e06a230,-2009.612915039,35214,133999,3.503,-3.6798,7.1828,111.0972,0.06465,0.8939,0.9718,1.0871
osw-cql-seed1-B,cql,193000,5,193000,5fa24bb65e06a230,-2009.612915039,40938,30344,9.9778,-9.609,19.5869,111.0972,0.1763,0.9315,1.071,1.1497
osw-cql-seed1-B,cql,193000,6,193000,5fa24bb65e06a230,-2009.612915039,51996,11915,4.0462,-19.4703,23.5166,111.0972,0.21168,0.9445,1.125,1.1911
osw-cql-seed1-B,cql,193000,7,193000,5fa24bb65e06a230,-2009.612915039,64933,19513,2.753,-16.2632,19.0163,111.0972,0.17117,0.9122,1.074,1.1774
osw-cql-seed1-B,cql,193000,11,193000,5fa24bb65e06a230,-2009.612915039,76763,39227,0.049,-10.7934,10.8424,111.0972,0.09759,0.9593,1.0412,1.0854
osw-cql-seed1-B,cql,193000,12,193000,5fa24bb65e06a230,-2009.612915039,33583,82841,-4.9723,-5.2375,0.2652,111.0972,0.00239,0.946,1.013,1.0708
osw-cql-seed1-B,cql,193000,13,193000,5fa24bb65e06a230,-2009.612915039,29838,52509,3.422,-5.7318,9.1538,111.0972,0.08239,0.9118,1.039,1.1396
osw-cql-seed1-B,cql,193000,14,193000,5fa24bb65e06a230,-2009.612915039,36307,14110,17.1215,-14.7425,31.864,111.0972,0.28681,0.9514,1.1727,1.2326
osw-cql-seed1-B,cql,194000,0,194000,f32b3fd0a34aa948,-2022.128540039,237311,68413,40.6189,-22.9795,63.5984,111.2213,0.57182,0.8522,1.163,1.3648
osw-cql-seed1-B,cql,194000,2,194000,f32b3fd0a34aa948,-2022.128540039,168808,33814,14.7074,-12.4502,27.1576,111.2213,0.24418,0.8922,1.0141,1.1366
osw-cql-seed1-B,cql,194000,4,194000,f32b3fd0a34aa948,-2022.128540039,35214,133999,5.4275,-4.0033,9.4308,111.2213,0.08479,0.8936,0.972,1.0877
osw-cql-seed1-B,cql,194000,5,194000,f32b3fd0a34aa948,-2022.128540039,40938,30344,11.1395,-9.8811,21.0206,111.2213,0.189,0.9296,1.0721,1.1533
osw-cql-seed1-B,cql,194000,6,194000,f32b3fd0a34aa948,-2022.128540039,51996,11915,4.9092,-18.5278,23.437,111.2213,0.21072,0.9433,1.1298,1.1976
osw-cql-seed1-B,cql,194000,7,194000,f32b3fd0a34aa948,-2022.128540039,64933,19513,2.8347,-16.0681,18.9028,111.2213,0.16996,0.9133,1.0761,1.1783
osw-cql-seed1-B,cql,194000,11,194000,f32b3fd0a34aa948,-2022.128540039,76763,39227,-0.0088,-11.1137,11.1048,111.2213,0.09984,0.9591,1.0404,1.0847
osw-cql-seed1-B,cql,194000,12,194000,f32b3fd0a34aa948,-2022.128540039,33583,82841,-3.5953,-5.4444,1.8491,111.2213,0.01663,0.9459,1.0127,1.0706
osw-cql-seed1-B,cql,194000,13,194000,f32b3fd0a34aa948,-2022.128540039,29838,52509,6.2874,-5.5404,11.8278,111.2213,0.10634,0.909,1.0383,1.1423
osw-cql-seed1-B,cql,194000,14,194000,f32b3fd0a34aa948,-2022.128540039,36307,14110,19.865,-14.3387,34.2037,111.2213,0.30753,0.9457,1.1767,1.2442
osw-cql-seed1-B,cql,195000,0,195000,a46fca5859afcfdd,-2034.465209961,237311,68413,40.8778,-21.8044,62.6822,110.1223,0.5692,0.8509,1.1584,1.3614
osw-cql-seed1-B,cql,195000,2,195000,a46fca5859afcfdd,-2034.465209961,168808,33814,14.7906,-12.0092,26.7998,110.1223,0.24336,0.8923,1.014,1.1364
osw-cql-seed1-B,cql,195000,4,195000,a46fca5859afcfdd,-2034.465209961,35214,133999,3.3311,-4.0107,7.3419,110.1223,0.06667,0.8961,0.9728,1.0856
osw-cql-seed1-B,cql,195000,5,195000,a46fca5859afcfdd,-2034.465209961,40938,30344,10.0009,-9.7299,19.7308,110.1223,0.17917,0.9296,1.0794,1.1611
osw-cql-seed1-B,cql,195000,6,195000,a46fca5859afcfdd,-2034.465209961,51996,11915,3.6282,-19.9515,23.5797,110.1223,0.21412,0.9423,1.1299,1.1991
osw-cql-seed1-B,cql,195000,7,195000,a46fca5859afcfdd,-2034.465209961,64933,19513,1.6689,-16.0904,17.7593,110.1223,0.16127,0.9119,1.0727,1.1763
osw-cql-seed1-B,cql,195000,11,195000,a46fca5859afcfdd,-2034.465209961,76763,39227,-0.1161,-11.3458,11.2297,110.1223,0.10198,0.9582,1.0412,1.0866
osw-cql-seed1-B,cql,195000,12,195000,a46fca5859afcfdd,-2034.465209961,33583,82841,-3.8534,-5.4625,1.6091,110.1223,0.01461,0.9461,1.0133,1.071
osw-cql-seed1-B,cql,195000,13,195000,a46fca5859afcfdd,-2034.465209961,29838,52509,4.7042,-5.6792,10.3835,110.1223,0.09429,0.9098,1.042,1.1453
osw-cql-seed1-B,cql,195000,14,195000,a46fca5859afcfdd,-2034.465209961,36307,14110,17.3587,-14.7176,32.0762,110.1223,0.29128,0.9447,1.1874,1.2569
osw-cql-seed1-B,cql,196000,0,196000,3ccb3d47cdb96f99,-2048.800048828,237311,68413,40.1376,-23.0648,63.2024,110.0083,0.57452,0.8498,1.1562,1.3606
osw-cql-seed1-B,cql,196000,2,196000,3ccb3d47cdb96f99,-2048.800048828,168808,33814,15.4757,-12.0823,27.558,110.0083,0.25051,0.893,1.0144,1.1359
osw-cql-seed1-B,cql,196000,4,196000,3ccb3d47cdb96f99,-2048.800048828,35214,133999,5.6731,-3.9985,9.6716,110.0083,0.08792,0.8948,0.9722,1.0865
osw-cql-seed1-B,cql,196000,5,196000,3ccb3d47cdb96f99,-2048.800048828,40938,30344,11.5719,-9.3173,20.8892,110.0083,0.18989,0.9306,1.0725,1.1524
osw-cql-seed1-B,cql,196000,6,196000,3ccb3d47cdb96f99,-2048.800048828,51996,11915,4.9745,-18.576,23.5506,110.0083,0.21408,0.9421,1.1228,1.1919
osw-cql-seed1-B,cql,196000,7,196000,3ccb3d47cdb96f99,-2048.800048828,64933,19513,2.6684,-15.6501,18.3186,110.0083,0.16652,0.9124,1.0715,1.1743
osw-cql-seed1-B,cql,196000,11,196000,3ccb3d47cdb96f99,-2048.800048828,76763,39227,-0.2373,-10.9988,10.7615,110.0083,0.09782,0.9583,1.0389,1.0841
osw-cql-seed1-B,cql,196000,12,196000,3ccb3d47cdb96f99,-2048.800048828,33583,82841,-3.8659,-5.7256,1.8597,110.0083,0.0169,0.9453,1.0118,1.0703
osw-cql-seed1-B,cql,196000,13,196000,3ccb3d47cdb96f99,-2048.800048828,29838,52509,5.2998,-5.5217,10.8215,110.0083,0.09837,0.9133,1.0398,1.1386
osw-cql-seed1-B,cql,196000,14,196000,3ccb3d47cdb96f99,-2048.800048828,36307,14110,18.085,-14.7176,32.8027,110.0083,0.29818,0.9536,1.1669,1.2237
osw-cql-seed1-B,cql,197000,0,197000,c2c5a06aedfce2ef,-2053.877929688,237311,68413,40.5306,-23.4943,64.0249,110.9278,0.57718,0.8509,1.1579,1.3608
osw-cql-seed1-B,cql,197000,2,197000,c2c5a06aedfce2ef,-2053.877929688,168808,33814,15.1576,-11.973,27.1306,110.9278,0.24458,0.8926,1.0157,1.1379
osw-cql-seed1-B,cql,197000,4,197000,c2c5a06aedfce2ef,-2053.877929688,35214,133999,4.2099,-4.1411,8.3509,110.9278,0.07528,0.8971,0.9733,1.085
osw-cql-seed1-B,cql,197000,5,197000,c2c5a06aedfce2ef,-2053.877929688,40938,30344,9.883,-9.8263,19.7093,110.9278,0.17768,0.9329,1.0743,1.1516
osw-cql-seed1-B,cql,197000,6,197000,c2c5a06aedfce2ef,-2053.877929688,51996,11915,3.1109,-19.454,22.565,110.9278,0.20342,0.946,1.1287,1.1931
osw-cql-seed1-B,cql,197000,7,197000,c2c5a06aedfce2ef,-2053.877929688,64933,19513,2.0384,-15.8159,17.8543,110.9278,0.16095,0.9137,1.0735,1.1749
osw-cql-seed1-B,cql,197000,11,197000,c2c5a06aedfce2ef,-2053.877929688,76763,39227,-1.1863,-11.3819,10.1956,110.9278,0.09191,0.9575,1.0398,1.0859
osw-cql-seed1-B,cql,197000,12,197000,c2c5a06aedfce2ef,-2053.877929688,33583,82841,-5.2013,-5.745,0.5437,110.9278,0.0049,0.9474,1.012,1.0682
osw-cql-seed1-B,cql,197000,13,197000,c2c5a06aedfce2ef,-2053.877929688,29838,52509,6.4629,-5.6223,12.0852,110.9278,0.10895,0.9137,1.0411,1.1394
osw-cql-seed1-B,cql,197000,14,197000,c2c5a06aedfce2ef,-2053.877929688,36307,14110,18.427,-14.7282,33.1552,110.9278,0.29889,0.9523,1.1758,1.2347
osw-cql-seed1-B,cql,198000,0,198000,21c9711f74eeddb4,-2060.003662109,237311,68413,39.6895,-23.6714,63.3609,109.7393,0.57738,0.8515,1.1611,1.3636
osw-cql-seed1-B,cql,198000,2,198000,21c9711f74eeddb4,-2060.003662109,168808,33814,15.581,-12.3926,27.9736,109.7393,0.25491,0.8925,1.0137,1.1358
osw-cql-seed1-B,cql,198000,4,198000,21c9711f74eeddb4,-2060.003662109,35214,133999,4.6387,-3.9475,8.5862,109.7393,0.07824,0.8961,0.9723,1.0851
osw-cql-seed1-B,cql,198000,5,198000,21c9711f74eeddb4,-2060.003662109,40938,30344,9.7242,-10.0169,19.7412,109.7393,0.17989,0.935,1.0737,1.1483
osw-cql-seed1-B,cql,198000,6,198000,21c9711f74eeddb4,-2060.003662109,51996,11915,4.4738,-19.7459,24.2197,109.7393,0.2207,0.9454,1.1282,1.1933
osw-cql-seed1-B,cql,198000,7,198000,21c9711f74eeddb4,-2060.003662109,64933,19513,2.8145,-16.0275,18.842,109.7393,0.1717,0.9114,1.0754,1.1799
osw-cql-seed1-B,cql,198000,11,198000,21c9711f74eeddb4,-2060.003662109,76763,39227,0.1426,-11.156,11.2986,109.7393,0.10296,0.9571,1.0398,1.0864
osw-cql-seed1-B,cql,198000,12,198000,21c9711f74eeddb4,-2060.003662109,33583,82841,-4.4373,-5.5854,1.1481,109.7393,0.01046,0.947,1.0125,1.0691
osw-cql-seed1-B,cql,198000,13,198000,21c9711f74eeddb4,-2060.003662109,29838,52509,5.8189,-5.405,11.2238,109.7393,0.10228,0.9141,1.0401,1.1378
osw-cql-seed1-B,cql,198000,14,198000,21c9711f74eeddb4,-2060.003662109,36307,14110,17.7468,-15.4862,33.233,109.7393,0.30284,0.9542,1.1665,1.2225
osw-cql-seed1-B,cql,199000,0,199000,ceb6aa15f36903ef,-2073.310058594,237311,68413,39.6902,-23.223,62.9132,109.6927,0.57354,0.8488,1.1563,1.3623
osw-cql-seed1-B,cql,199000,2,199000,ceb6aa15f36903ef,-2073.310058594,168808,33814,15.1981,-12.2781,27.4763,109.6927,0.25048,0.8927,1.0123,1.1339
osw-cql-seed1-B,cql,199000,4,199000,ceb6aa15f36903ef,-2073.310058594,35214,133999,4.3746,-4.0634,8.438,109.6927,0.07692,0.8964,0.972,1.0843
osw-cql-seed1-B,cql,199000,5,199000,ceb6aa15f36903ef,-2073.310058594,40938,30344,10.6637,-9.5987,20.2624,109.6927,0.18472,0.9304,1.0707,1.1508
osw-cql-seed1-B,cql,199000,6,199000,ceb6aa15f36903ef,-2073.310058594,51996,11915,4.3456,-19.8167,24.1622,109.6927,0.22027,0.9449,1.1275,1.1932
osw-cql-seed1-B,cql,199000,7,199000,ceb6aa15f36903ef,-2073.310058594,64933,19513,2.5217,-15.8543,18.376,109.6927,0.16752,0.9114,1.0735,1.1778
osw-cql-seed1-B,cql,199000,11,199000,ceb6aa15f36903ef,-2073.310058594,76763,39227,-0.3785,-11.3732,10.9947,109.6927,0.10023,0.9578,1.0403,1.0861
osw-cql-seed1-B,cql,199000,12,199000,ceb6aa15f36903ef,-2073.310058594,33583,82841,-4.2971,-5.7506,1.4535,109.6927,0.01325,0.947,1.0113,1.068
osw-cql-seed1-B,cql,199000,13,199000,ceb6aa15f36903ef,-2073.310058594,29838,52509,5.0626,-6.0852,11.1478,109.6927,0.10163,0.9122,1.0384,1.1383
osw-cql-seed1-B,cql,199000,14,199000,ceb6aa15f36903ef,-2073.310058594,36307,14110,17.4442,-15.4898,32.934,109.6927,0.30024,0.9517,1.1674,1.2266
osw-cql-seed1-B,cql,200000,0,200000,ca28f944bbd03657,-2081.116943359,237311,68413,40.4105,-22.6223,63.0328,110.722,0.56929,0.8502,1.1577,1.3617
osw-cql-seed1-B,cql,200000,2,200000,ca28f944bbd03657,-2081.116943359,168808,33814,14.4789,-12.2942,26.773,110.722,0.2418,0.8922,1.0124,1.1347
osw-cql-seed1-B,cql,200000,4,200000,ca28f944bbd03657,-2081.116943359,35214,133999,4.1828,-3.9141,8.0969,110.722,0.07313,0.8944,0.9704,1.085
osw-cql-seed1-B,cql,200000,5,200000,ca28f944bbd03657,-2081.116943359,40938,30344,10.1361,-10.0047,20.1408,110.722,0.1819,0.9301,1.0691,1.1495
osw-cql-seed1-B,cql,200000,6,200000,ca28f944bbd03657,-2081.116943359,51996,11915,4.0816,-19.4164,23.498,110.722,0.21222,0.9435,1.1221,1.1893
osw-cql-seed1-B,cql,200000,7,200000,ca28f944bbd03657,-2081.116943359,64933,19513,3.517,-15.7971,19.314,110.722,0.17444,0.9112,1.0717,1.1761
osw-cql-seed1-B,cql,200000,11,200000,ca28f944bbd03657,-2081.116943359,76763,39227,0.3382,-11.174,11.5122,110.722,0.10397,0.9588,1.0402,1.0849
osw-cql-seed1-B,cql,200000,12,200000,ca28f944bbd03657,-2081.116943359,33583,82841,-4.65,-5.7269,1.0769,110.722,0.00973,0.9471,1.0124,1.069
osw-cql-seed1-B,cql,200000,13,200000,ca28f944bbd03657,-2081.116943359,29838,52509,5.5848,-6.1496,11.7344,110.722,0.10598,0.912,1.0372,1.1372
osw-cql-seed1-B,cql,200000,14,200000,ca28f944bbd03657,-2081.116943359,36307,14110,18.4393,-15.1568,33.5961,110.722,0.30343,0.9538,1.1626,1.2189
osw-cql-seed1-B,cql,201000,0,201000,a920bc531933c8c1,-2088.668945312,237311,68413,39.5713,-23.9488,63.5201,110.8932,0.5728,0.8495,1.1561,1.3609
osw-cql-seed1-B,cql,201000,2,201000,a920bc531933c8c1,-2088.668945312,168808,33814,14.3241,-12.2451,26.5692,110.8932,0.23959,0.8933,1.0129,1.1339
osw-cql-seed1-B,cql,201000,4,201000,a920bc531933c8c1,-2088.668945312,35214,133999,3.3801,-4.5085,7.8886,110.8932,0.07114,0.893,0.9716,1.088
osw-cql-seed1-B,cql,201000,5,201000,a920bc531933c8c1,-2088.668945312,40938,30344,9.2336,-10.5826,19.8161,110.8932,0.1787,0.9294,1.0725,1.154
osw-cql-seed1-B,cql,201000,6,201000,a920bc531933c8c1,-2088.668945312,51996,11915,4.1093,-19.4414,23.5507,110.8932,0.21237,0.9421,1.1236,1.1926
osw-cql-seed1-B,cql,201000,7,201000,a920bc531933c8c1,-2088.668945312,64933,19513,2.6448,-15.7149,18.3597,110.8932,0.16556,0.9118,1.0731,1.177
osw-cql-seed1-B,cql,201000,11,201000,a920bc531933c8c1,-2088.668945312,76763,39227,0.0529,-11.2433,11.2962,110.8932,0.10187,0.9584,1.0408,1.0859
osw-cql-seed1-B,cql,201000,12,201000,a920bc531933c8c1,-2088.668945312,33583,82841,-3.6349,-5.6905,2.0556,110.8932,0.01854,0.9456,1.0123,1.0705
osw-cql-seed1-B,cql,201000,13,201000,a920bc531933c8c1,-2088.668945312,29838,52509,5.6229,-5.8978,11.5207,110.8932,0.10389,0.908,1.038,1.1432
osw-cql-seed1-B,cql,201000,14,201000,a920bc531933c8c1,-2088.668945312,36307,14110,16.6878,-15.6158,32.3035,110.8932,0.2913,0.9493,1.1665,1.2288
osw-cql-seed1-B,cql,202000,0,202000,4f8dedfc130e874b,-2099.265136719,237311,68413,39.9339,-23.1055,63.0394,110.0112,0.57303,0.8521,1.1573,1.3582
osw-cql-seed1-B,cql,202000,2,202000,4f8dedfc130e874b,-2099.265136719,168808,33814,14.1095,-12.4818,26.5913,110.0112,0.24171,0.894,1.0129,1.1331
osw-cql-seed1-B,cql,202000,4,202000,4f8dedfc130e874b,-2099.265136719,35214,133999,4.5492,-3.9005,8.4497,110.0112,0.07681,0.8931,0.9713,1.0876
osw-cql-seed1-B,cql,202000,5,202000,4f8dedfc130e874b,-2099.265136719,40938,30344,10.2816,-9.3928,19.6744,110.0112,0.17884,0.9294,1.0719,1.1534
osw-cql-seed1-B,cql,202000,6,202000,4f8dedfc130e874b,-2099.265136719,51996,11915,3.8106,-19.3161,23.1267,110.0112,0.21022,0.9443,1.1291,1.1957
osw-cql-seed1-B,cql,202000,7,202000,4f8dedfc130e874b,-2099.265136719,64933,19513,3.8034,-15.6709,19.4742,110.0112,0.17702,0.9141,1.0752,1.1762
osw-cql-seed1-B,cql,202000,11,202000,4f8dedfc130e874b,-2099.265136719,76763,39227,-0.8374,-11.8412,11.0038,110.0112,0.10002,0.9585,1.0402,1.0852
osw-cql-seed1-B,cql,202000,12,202000,4f8dedfc130e874b,-2099.265136719,33583,82841,-5.1407,-5.7909,0.6502,110.0112,0.00591,0.9467,1.0122,1.0693
osw-cql-seed1-B,cql,202000,13,202000,4f8dedfc130e874b,-2099.265136719,29838,52509,5.1631,-5.5448,10.7079,110.0112,0.09733,0.9108,1.0393,1.141
osw-cql-seed1-B,cql,202000,14,202000,4f8dedfc130e874b,-2099.265136719,36307,14110,17.546,-14.7263,32.2723,110.0112,0.29335,0.9488,1.1715,1.2348
osw-cql-seed1-B,cql,203000,0,203000,81a0c4ce2580ea3f,-2109.710693359,237311,68413,39.4614,-23.4336,62.895,109.3197,0.57533,0.8499,1.1592,1.3639
osw-cql-seed1-B,cql,203000,2,203000,81a0c4ce2580ea3f,-2109.710693359,168808,33814,14.9213,-12.6563,27.5776,109.3197,0.25227,0.893,1.0144,1.136
osw-cql-seed1-B,cql,203000,4,203000,81a0c4ce2580ea3f,-2109.710693359,35214,133999,5.4088,-3.4952,8.9039,109.3197,0.08145,0.8939,0.9711,1.0864
osw-cql-seed1-B,cql,203000,5,203000,81a0c4ce2580ea3f,-2109.710693359,40938,30344,10.9654,-9.1186,20.084,109.3197,0.18372,0.9303,1.0719,1.1523
osw-cql-seed1-B,cql,203000,6,203000,81a0c4ce2580ea3f,-2109.710693359,51996,11915,3.6548,-19.5742,23.2291,109.3197,0.21249,0.9439,1.1229,1.1897
osw-cql-seed1-B,cql,203000,7,203000,81a0c4ce2580ea3f,-2109.710693359,64933,19513,2.0323,-15.9709,18.0032,109.3197,0.16468,0.9123,1.0739,1.1771
osw-cql-seed1-B,cql,203000,11,203000,81a0c4ce2580ea3f,-2109.710693359,76763,39227,0.0294,-10.5681,10.5975,109.3197,0.09694,0.9594,1.0394,1.0833
osw-cql-seed1-B,cql,203000,12,203000,81a0c4ce2580ea3f,-2109.710693359,33583,82841,-4.6355,-5.2958,0.6603,109.3197,0.00604,0.9464,1.0126,1.07
osw-cql-seed1-B,cql,203000,13,203000,81a0c4ce2580ea3f,-2109.710693359,29838,52509,5.9879,-5.0434,11.0313,109.3197,0.10091,0.9121,1.0393,1.1395
osw-cql-seed1-B,cql,203000,14,203000,81a0c4ce2580ea3f,-2109.710693359,36307,14110,17.4699,-15.1893,32.6592,109.3197,0.29875,0.9504,1.1734,1.2347
osw-cql-seed1-B,cql,204000,0,204000,83c937538d6fd9e6,-2119.154296875,237311,68413,40.0719,-22.9425,63.0144,111.8219,0.56353,0.8503,1.1575,1.3613
osw-cql-seed1-B,cql,204000,2,204000,83c937538d6fd9e6,-2119.154296875,168808,33814,14.2715,-12.6286,26.9001,111.8219,0.24056,0.8931,1.0153,1.1368
osw-cql-seed1-B,cql,204000,4,204000,83c937538d6fd9e6,-2119.154296875,35214,133999,4.456,-3.8835,8.3396,111.8219,0.07458,0.8958,0.9723,1.0854
osw-cql-seed1-B,cql,204000,5,204000,83c937538d6fd9e6,-2119.154296875,40938,30344,9.5594,-9.5486,19.108,111.8219,0.17088,0.931,1.0737,1.1533
osw-cql-seed1-B,cql,204000,6,204000,83c937538d6fd9e6,-2119.154296875,51996,11915,2.8623,-19.5915,22.4538,111.8219,0.2008,0.945,1.1256,1.1911
osw-cql-seed1-B,cql,204000,7,204000,83c937538d6fd9e6,-2119.154296875,64933,19513,2.2489,-16.0661,18.315,111.8219,0.16379,0.914,1.0733,1.1744
osw-cql-seed1-B,cql,204000,11,204000,83c937538d6fd9e6,-2119.154296875,76763,39227,-1.2951,-11.3,10.0049,111.8219,0.08947,0.9589,1.0403,1.0848
osw-cql-seed1-B,cql,204000,12,204000,83c937538d6fd9e6,-2119.154296875,33583,82841,-5.6029,-6.1038,0.5009,111.8219,0.00448,0.9474,1.0128,1.069
osw-cql-seed1-B,cql,204000,13,204000,83c937538d6fd9e6,-2119.154296875,29838,52509,5.7547,-5.2272,10.9819,111.8219,0.09821,0.9118,1.039,1.1395
osw-cql-seed1-B,cql,204000,14,204000,83c937538d6fd9e6,-2119.154296875,36307,14110,18.0564,-14.2806,32.337,111.8219,0.28918,0.9549,1.1644,1.2194
osw-cql-seed1-B,cql,205000,0,205000,a6365b43ff9b315e,-2129.6328125,237311,68413,39.5068,-23.9836,63.4904,112.8177,0.56277,0.851,1.1543,1.3564
osw-cql-seed1-B,cql,205000,2,205000,a6365b43ff9b315e,-2129.6328125,168808,33814,13.8338,-12.8889,26.7227,112.8177,0.23687,0.8913,1.0125,1.136
osw-cql-seed1-B,cql,205000,4,205000,a6365b43ff9b315e,-2129.6328125,35214,133999,5.4176,-3.9462,9.3637,112.8177,0.083,0.8988,0.9719,1.0813
osw-cql-seed1-B,cql,205000,5,205000,a6365b43ff9b315e,-2129.6328125,40938,30344,10.5863,-9.3563,19.9426,112.8177,0.17677,0.9317,1.0714,1.1499
osw-cql-seed1-B,cql,205000,6,205000,a6365b43ff9b315e,-2129.6328125,51996,11915,3.7649,-19.7886,23.5535,112.8177,0.20877,0.9436,1.124,1.1912
osw-cql-seed1-B,cql,205000,7,205000,a6365b43ff9b315e,-2129.6328125,64933,19513,2.1812,-16.0846,18.2659,112.8177,0.16191,0.9131,1.0719,1.1739
osw-cql-seed1-B,cql,205000,11,205000,a6365b43ff9b315e,-2129.6328125,76763,39227,-0.4213,-11.7359,11.3146,112.8177,0.10029,0.9587,1.0399,1.0847
osw-cql-seed1-B,cql,205000,12,205000,a6365b43ff9b315e,-2129.6328125,33583,82841,-4.0163,-5.8621,1.8457,112.8177,0.01636,0.9476,1.0126,1.0686
osw-cql-seed1-B,cql,205000,13,205000,a6365b43ff9b315e,-2129.6328125,29838,52509,5.4303,-5.559,10.9893,112.8177,0.09741,0.9097,1.0387,1.1418
osw-cql-seed1-B,cql,205000,14,205000,a6365b43ff9b315e,-2129.6328125,36307,14110,17.5165,-15.3903,32.9068,112.8177,0.29168,0.9468,1.1681,1.2338
osw-cql-seed1-B,cql,206000,0,206000,0268fa37bba21dcd,-2136.457275391,237311,68413,39.1109,-23.6772,62.7881,109.8214,0.57173,0.8509,1.1551,1.3575
osw-cql-seed1-B,cql,206000,2,206000,0268fa37bba21dcd,-2136.457275391,168808,33814,14.6817,-12.3732,27.0549,109.8214,0.24635,0.892,1.0131,1.1358
osw-cql-seed1-B,cql,206000,4,206000,0268fa37bba21dcd,-2136.457275391,35214,133999,4.878,-3.4907,8.3687,109.8214,0.0762,0.8937,0.9709,1.0863
osw-cql-seed1-B,cql,206000,5,206000,0268fa37bba21dcd,-2136.457275391,40938,30344,10.3884,-9.4595,19.8478,109.8214,0.18073,0.93,1.0717,1.1523
osw-cql-seed1-B,cql,206000,6,206000,0268fa37bba21dcd,-2136.457275391,51996,11915,3.8142,-19.411,23.2252,109.8214,0.21148,0.9431,1.1255,1.1934
osw-cql-seed1-B,cql,206000,7,206000,0268fa37bba21dcd,-2136.457275391,64933,19513,3.3943,-15.4527,18.847,109.8214,0.17162,0.912,1.0714,1.1748
osw-cql-seed1-B,cql,206000,11,206000,0268fa37bba21dcd,-2136.457275391,76763,39227,-1.1525,-11.5722,10.4197,109.8214,0.09488,0.9594,1.0407,1.0848
osw-cql-seed1-B,cql,206000,12,206000,0268fa37bba21dcd,-2136.457275391,33583,82841,-4.2833,-5.513,1.2297,109.8214,0.0112,0.9473,1.0125,1.0689
osw-cql-seed1-B,cql,206000,13,206000,0268fa37bba21dcd,-2136.457275391,29838,52509,5.424,-5.3176,10.7416,109.8214,0.09781,0.9103,1.0387,1.141
osw-cql-seed1-B,cql,206000,14,206000,0268fa37bba21dcd,-2136.457275391,36307,14110,15.8541,-15.2601,31.1142,109.8214,0.28332,0.948,1.1739,1.2382
osw-cql-seed1-B,cql,207000,0,207000,9bd629ee9f7c985d,-2143.983886719,237311,68413,39.3754,-22.9409,62.3162,108.6984,0.57329,0.8497,1.1559,1.3603
osw-cql-seed1-B,cql,207000,2,207000,9bd629ee9f7c985d,-2143.983886719,168808,33814,15.1095,-12.446,27.5555,108.6984,0.2535,0.8924,1.0128,1.1349
osw-cql-seed1-B,cql,207000,4,207000,9bd629ee9f7c985d,-2143.983886719,35214,133999,4.6064,-3.7598,8.3663,108.6984,0.07697,0.8933,0.9717,1.0878
osw-cql-seed1-B,cql,207000,5,207000,9bd629ee9f7c985d,-2143.983886719,40938,30344,10.2811,-9.6612,19.9423,108.6984,0.18346,0.9316,1.0746,1.1535
osw-cql-seed1-B,cql,207000,6,207000,9bd629ee9f7c985d,-2143.983886719,51996,11915,3.5216,-18.3644,21.886,108.6984,0.20135,0.9433,1.1238,1.1913
osw-cql-seed1-B,cql,207000,7,207000,9bd629ee9f7c985d,-2143.983886719,64933,19513,2.8276,-15.2625,18.0901,108.6984,0.16642,0.9126,1.0723,1.175
osw-cql-seed1-B,cql,207000,11,207000,9bd629ee9f7c985d,-2143.983886719,76763,39227,-0.5915,-11.445,10.8535,108.6984,0.09985,0.9587,1.0391,1.0838
osw-cql-seed1-B,cql,207000,12,207000,9bd629ee9f7c985d,-2143.983886719,33583,82841,-4.8732,-6.0352,1.1619,108.6984,0.01069,0.9459,1.012,1.0699
osw-cql-seed1-B,cql,207000,13,207000,9bd629ee9f7c985d,-2143.983886719,29838,52509,4.618,-5.9869,10.6048,108.6984,0.09756,0.9127,1.0402,1.1397
osw-cql-seed1-B,cql,207000,14,207000,9bd629ee9f7c985d,-2143.983886719,36307,14110,17.7745,-15.3222,33.0966,108.6984,0.30448,0.9519,1.172,1.2312
osw-cql-seed1-B,cql,208000,0,208000,ca124fb61c71cdcf,-2155.639648438,237311,68413,39.8352,-22.9473,62.7825,110.3635,0.56887,0.8508,1.1564,1.3592
osw-cql-seed1-B,cql,208000,2,208000,ca124fb61c71cdcf,-2155.639648438,168808,33814,13.6119,-13.0642,26.6761,110.3635,0.24171,0.8939,1.0132,1.1335
osw-cql-seed1-B,cql,208000,4,208000,ca124fb61c71cdcf,-2155.639648438,35214,133999,5.1006,-4.3049,9.4055,110.3635,0.08522,0.8939,0.9724,1.0878
osw-cql-seed1-B,cql,208000,5,208000,ca124fb61c71cdcf,-2155.639648438,40938,30344,9.5393,-9.8255,19.3647,110.3635,0.17546,0.929,1.0733,1.1553
osw-cql-seed1-B,cql,208000,6,208000,ca124fb61c71cdcf,-2155.639648438,51996,11915,3.2841,-18.8499,22.134,110.3635,0.20056,0.9437,1.1321,1.1996
osw-cql-seed1-B,cql,208000,7,208000,ca124fb61c71cdcf,-2155.639648438,64933,19513,1.7719,-16.7599,18.5318,110.3635,0.16792,0.9118,1.0733,1.1771
osw-cql-seed1-B,cql,208000,11,208000,ca124fb61c71cdcf,-2155.639648438,76763,39227,-0.6538,-11.7133,11.0595,110.3635,0.10021,0.9581,1.0399,1.0854
osw-cql-seed1-B,cql,208000,12,208000,ca124fb61c71cdcf,-2155.639648438,33583,82841,-4.3919,-5.9953,1.6034,110.3635,0.01453,0.945,1.012,1.0709
osw-cql-seed1-B,cql,208000,13,208000,ca124fb61c71cdcf,-2155.639648438,29838,52509,5.48,-5.9623,11.4423,110.3635,0.10368,0.9098,1.04,1.1431
osw-cql-seed1-B,cql,208000,14,208000,ca124fb61c71cdcf,-2155.639648438,36307,14110,17.6677,-15.3694,33.0371,110.3635,0.29935,0.951,1.1785,1.2393
osw-cql-seed1-B,cql,209000,0,209000,b36ef436f87502e9,-2168.863525391,237311,68413,39.0862,-22.5203,61.6065,108.6291,0.56713,0.8495,1.1552,1.3598
osw-cql-seed1-B,cql,209000,2,209000,b36ef436f87502e9,-2168.863525391,168808,33814,14.7639,-12.7782,27.5421,108.6291,0.25354,0.8925,1.0135,1.1355
osw-cql-seed1-B,cql,209000,4,209000,b36ef436f87502e9,-2168.863525391,35214,133999,5.2294,-4.3397,9.5691,108.6291,0.08809,0.892,0.9714,1.0891
osw-cql-seed1-B,cql,209000,5,209000,b36ef436f87502e9,-2168.863525391,40938,30344,10.168,-9.7155,19.8836,108.6291,0.18304,0.9299,1.0719,1.1528
osw-cql-seed1-B,cql,209000,6,209000,b36ef436f87502e9,-2168.863525391,51996,11915,4.4324,-19.1272,23.5596,108.6291,0.21688,0.9425,1.1213,1.1897
osw-cql-seed1-B,cql,209000,7,209000,b36ef436f87502e9,-2168.863525391,64933,19513,2.937,-15.6744,18.6114,108.6291,0.17133,0.9117,1.0729,1.1769
osw-cql-seed1-B,cql,209000,11,209000,b36ef436f87502e9,-2168.863525391,76763,39227,-0.814,-11.4069,10.5929,108.6291,0.09751,0.9579,1.0401,1.0858
osw-cql-seed1-B,cql,209000,12,209000,b36ef436f87502e9,-2168.863525391,33583,82841,-5.0694,-5.8954,0.826,108.6291,0.0076,0.9457,1.0124,1.0705
osw-cql-seed1-B,cql,209000,13,209000,b36ef436f87502e9,-2168.863525391,29838,52509,4.9751,-5.7363,10.7115,108.6291,0.09861,0.9089,1.0378,1.1418
osw-cql-seed1-B,cql,209000,14,209000,b36ef436f87502e9,-2168.863525391,36307,14110,16.5866,-14.9522,31.5388,108.6291,0.29033,0.9511,1.1654,1.2253
osw-cql-seed1-B,cql,210000,0,210000,365b5a59f87406f3,-2179.793457031,237311,68413,39.5378,-23.4815,63.0193,109.158,0.57732,0.8519,1.1545,1.3552
osw-cql-seed1-B,cql,210000,2,210000,365b5a59f87406f3,-2179.793457031,168808,33814,14.8389,-12.844,27.683,109.158,0.2536,0.8934,1.0124,1.1331
osw-cql-seed1-B,cql,210000,4,210000,365b5a59f87406f3,-2179.793457031,35214,133999,4.7577,-4.0199,8.7776,109.158,0.08041,0.8917,0.971,1.0889
osw-cql-seed1-B,cql,210000,5,210000,365b5a59f87406f3,-2179.793457031,40938,30344,9.8814,-10.2316,20.113,109.158,0.18426,0.9306,1.071,1.1508
osw-cql-seed1-B,cql,210000,6,210000,365b5a59f87406f3,-2179.793457031,51996,11915,4.2403,-18.7009,22.9412,109.158,0.21016,0.9447,1.1254,1.1914
osw-cql-seed1-B,cql,210000,7,210000,365b5a59f87406f3,-2179.793457031,64933,19513,3.4041,-15.3938,18.7979,109.158,0.17221,0.9126,1.0712,1.1737
osw-cql-seed1-B,cql,210000,11,210000,365b5a59f87406f3,-2179.793457031,76763,39227,-0.366,-11.2579,10.892,109.158,0.09978,0.9589,1.0396,1.0841
osw-cql-seed1-B,cql,210000,12,210000,365b5a59f87406f3,-2179.793457031,33583,82841,-4.3729,-6.0934,1.7205,109.158,0.01576,0.9459,1.0122,1.0702
osw-cql-seed1-B,cql,210000,13,210000,365b5a59f87406f3,-2179.793457031,29838,52509,5.428,-6.1488,11.5768,109.158,0.10605,0.9093,1.0378,1.1413
osw-cql-seed1-B,cql,210000,14,210000,365b5a59f87406f3,-2179.793457031,36307,14110,17.4597,-15.2894,32.7491,109.158,0.30002,0.9512,1.1633,1.223
osw-cql-seed1-B,cql,211000,0,211000,372d7db3e5c83d22,-2190.469970703,237311,68413,39.815,-23.0523,62.8673,109.9241,0.57192,0.8509,1.1565,1.3592
osw-cql-seed1-B,cql,211000,2,211000,372d7db3e5c83d22,-2190.469970703,168808,33814,14.1176,-12.6636,26.7812,109.9241,0.24363,0.8927,1.0126,1.1342
osw-cql-seed1-B,cql,211000,4,211000,372d7db3e5c83d22,-2190.469970703,35214,133999,4.2309,-4.0598,8.2907,109.9241,0.07542,0.8942,0.9717,1.0867
osw-cql-seed1-B,cql,211000,5,211000,372d7db3e5c83d22,-2190.469970703,40938,30344,8.0884,-10.0447,18.1331,109.9241,0.16496,0.9296,1.0703,1.1514
osw-cql-seed1-B,cql,211000,6,211000,372d7db3e5c83d22,-2190.469970703,51996,11915,2.8997,-19.0606,21.9603,109.9241,0.19978,0.9427,1.1209,1.189
osw-cql-seed1-B,cql,211000,7,211000,372d7db3e5c83d22,-2190.469970703,64933,19513,2.0649,-16.3629,18.4278,109.9241,0.16764,0.9112,1.0703,1.1745
osw-cql-seed1-B,cql,211000,11,211000,372d7db3e5c83d22,-2190.469970703,76763,39227,0.6126,-10.5964,11.209,109.9241,0.10197,0.9586,1.0415,1.0865
osw-cql-seed1-B,cql,211000,12,211000,372d7db3e5c83d22,-2190.469970703,33583,82841,-4.3161,-5.7497,1.4336,109.9241,0.01304,0.9456,1.0127,1.0709
osw-cql-seed1-B,cql,211000,13,211000,372d7db3e5c83d22,-2190.469970703,29838,52509,5.3175,-5.964,11.2815,109.9241,0.10263,0.9118,1.0389,1.1394
osw-cql-seed1-B,cql,211000,14,211000,372d7db3e5c83d22,-2190.469970703,36307,14110,16.1419,-15.46,31.6018,109.9241,0.28749,0.9515,1.1633,1.2226
osw-cql-seed1-B,cql,212000,0,212000,c30ac3524fbe4e26,-2200.044433594,237311,68413,40.7039,-23.0464,63.7502,110.6381,0.57621,0.8524,1.1579,1.3585
osw-cql-seed1-B,cql,212000,2,212000,c30ac3524fbe4e26,-2200.044433594,168808,33814,14.8135,-12.475,27.2885,110.6381,0.24665,0.8921,1.0127,1.1352
osw-cql-seed1-B,cql,212000,4,212000,c30ac3524fbe4e26,-2200.044433594,35214,133999,5.5331,-3.8535,9.3865,110.6381,0.08484,0.8935,0.971,1.0867
osw-cql-seed1-B,cql,212000,5,212000,c30ac3524fbe4e26,-2200.044433594,40938,30344,9.1336,-10.1121,19.2458,110.6381,0.17395,0.9297,1.0721,1.1532
osw-cql-seed1-B,cql,212000,6,212000,c30ac3524fbe4e26,-2200.044433594,51996,11915,3.4093,-19.9994,23.4087,110.6381,0.21158,0.9423,1.1241,1.193
osw-cql-seed1-B,cql,212000,7,212000,c30ac3524fbe4e26,-2200.044433594,64933,19513,2.331,-16.0114,18.3424,110.6381,0.16579,0.9103,1.0702,1.1757
osw-cql-seed1-B,cql,212000,11,212000,c30ac3524fbe4e26,-2200.044433594,76763,39227,0.0161,-11.1864,11.2025,110.6381,0.10125,0.959,1.0399,1.0844
osw-cql-seed1-B,cql,212000,12,212000,c30ac3524fbe4e26,-2200.044433594,33583,82841,-3.7534,-5.3498,1.5964,110.6381,0.01443,0.9446,1.0118,1.0711
osw-cql-seed1-B,cql,212000,13,212000,c30ac3524fbe4e26,-2200.044433594,29838,52509,5.9613,-5.6518,11.6131,110.6381,0.10496,0.9116,1.0387,1.1395
osw-cql-seed1-B,cql,212000,14,212000,c30ac3524fbe4e26,-2200.044433594,36307,14110,17.7577,-15.3307,33.0884,110.6381,0.29907,0.9517,1.1659,1.225
osw-cql-seed1-B,cql,213000,0,213000,04e379ea393ab9ab,-2209.112060547,237311,68413,38.693,-22.9965,61.6895,108.9107,0.56642,0.8494,1.156,1.3609
osw-cql-seed1-B,cql,213000,2,213000,04e379ea393ab9ab,-2209.112060547,168808,33814,14.3405,-12.7423,27.0828,108.9107,0.24867,0.8914,1.0112,1.1344
osw-cql-seed1-B,cql,213000,4,213000,04e379ea393ab9ab,-2209.112060547,35214,133999,4.1724,-3.3347,7.5071,108.9107,0.06893,0.8945,0.9714,1.0859
osw-cql-seed1-B,cql,213000,5,213000,04e379ea393ab9ab,-2209.112060547,40938,30344,10.0809,-9.4217,19.5026,108.9107,0.17907,0.9301,1.0702,1.1506
osw-cql-seed1-B,cql,213000,6,213000,04e379ea393ab9ab,-2209.112060547,51996,11915,2.6992,-19.0038,21.703,108.9107,0.19927,0.9441,1.1264,1.1931
osw-cql-seed1-B,cql,213000,7,213000,04e379ea393ab9ab,-2209.112060547,64933,19513,2.1338,-15.8741,18.008,108.9107,0.16535,0.9114,1.0733,1.1777
osw-cql-seed1-B,cql,213000,11,213000,04e379ea393ab9ab,-2209.112060547,76763,39227,-0.6482,-11.2434,10.5951,108.9107,0.09728,0.9594,1.0402,1.0842
osw-cql-seed1-B,cql,213000,12,213000,04e379ea393ab9ab,-2209.112060547,33583,82841,-4.858,-5.4228,0.5648,108.9107,0.00519,0.9485,1.0125,1.0674
osw-cql-seed1-B,cql,213000,13,213000,04e379ea393ab9ab,-2209.112060547,29838,52509,3.912,-5.3301,9.2421,108.9107,0.08486,0.9106,1.0384,1.1403
osw-cql-seed1-B,cql,213000,14,213000,04e379ea393ab9ab,-2209.112060547,36307,14110,16.5944,-14.8469,31.4413,108.9107,0.28869,0.9506,1.1678,1.2285
osw-cql-seed1-B,cql,214000,0,214000,ae8681412548959a,-2218.217773438,237311,68413,39.4049,-23.9509,63.3558,109.4946,0.57862,0.8507,1.1586,1.362
osw-cql-seed1-B,cql,214000,2,214000,ae8681412548959a,-2218.217773438,168808,33814,14.4567,-12.5431,26.9998,109.4946,0.24659,0.8948,1.0144,1.1337
osw-cql-seed1-B,cql,214000,4,214000,ae8681412548959a,-2218.217773438,35214,133999,3.4265,-4.0931,7.5195,109.4946,0.06868,0.8925,0.9711,1.0881
osw-cql-seed1-B,cql,214000,5,214000,ae8681412548959a,-2218.217773438,40938,30344,8.4457,-10.1537,18.5993,109.4946,0.16987,0.9316,1.0715,1.1502
osw-cql-seed1-B,cql,214000,6,214000,ae8681412548959a,-2218.217773438,51996,11915,2.1383,-20.2573,22.3955,109.4946,0.20454,0.943,1.1237,1.1916
osw-cql-seed1-B,cql,214000,7,214000,ae8681412548959a,-2218.217773438,64933,19513,3.0114,-15.9397,18.9511,109.4946,0.17308,0.9125,1.072,1.1748
osw-cql-seed1-B,cql,214000,11,214000,ae8681412548959a,-2218.217773438,76763,39227,-0.269,-11.0073,10.7383,109.4946,0.09807,0.9591,1.0399,1.0843
osw-cql-seed1-B,cql,214000,12,214000,ae8681412548959a,-2218.217773438,33583,82841,-5.5547,-5.8818,0.3271,109.4946,0.00299,0.9457,1.0113,1.0694
osw-cql-seed1-B,cql,214000,13,214000,ae8681412548959a,-2218.217773438,29838,52509,2.4656,-6.3434,8.809,109.4946,0.08045,0.9095,1.0378,1.141
osw-cql-seed1-B,cql,214000,14,214000,ae8681412548959a,-2218.217773438,36307,14110,16.5403,-15.015,31.5554,109.4946,0.28819,0.9544,1.1654,1.221
osw-cql-seed1-B,cql,215000,0,215000,57940df8a6315262,-2227.498291016,237311,68413,39.0211,-23.4532,62.4742,110.2972,0.56642,0.85,1.1587,1.3633
osw-cql-seed1-B,cql,215000,2,215000,57940df8a6315262,-2227.498291016,168808,33814,14.4622,-12.8535,27.3157,110.2972,0.24766,0.8922,1.0136,1.1362
osw-cql-seed1-B,cql,215000,4,215000,57940df8a6315262,-2227.498291016,35214,133999,5.583,-4.0482,9.6313,110.2972,0.08732,0.8911,0.9716,1.0904
osw-cql-seed1-B,cql,215000,5,215000,57940df8a6315262,-2227.498291016,40938,30344,9.4964,-10.5592,20.0556,110.2972,0.18183,0.9303,1.0729,1.1533
osw-cql-seed1-B,cql,215000,6,215000,57940df8a6315262,-2227.498291016,51996,11915,2.5426,-20.3165,22.8591,110.2972,0.20725,0.9443,1.1247,1.1911
osw-cql-seed1-B,cql,215000,7,215000,57940df8a6315262,-2227.498291016,64933,19513,2.5351,-15.9799,18.515,110.2972,0.16786,0.9118,1.0711,1.1747
osw-cql-seed1-B,cql,215000,11,215000,57940df8a6315262,-2227.498291016,76763,39227,-1.5217,-11.7054,10.1837,110.2972,0.09233,0.9578,1.0385,1.0842
osw-cql-seed1-B,cql,215000,12,215000,57940df8a6315262,-2227.498291016,33583,82841,-4.9063,-6.0826,1.1763,110.2972,0.01066,0.9459,1.0117,1.0696
osw-cql-seed1-B,cql,215000,13,215000,57940df8a6315262,-2227.498291016,29838,52509,5.3495,-5.9303,11.2799,110.2972,0.10227,0.9101,1.0393,1.1419
osw-cql-seed1-B,cql,215000,14,215000,57940df8a6315262,-2227.498291016,36307,14110,17.4042,-15.7036,33.1078,110.2972,0.30017,0.952,1.1631,1.2218
osw-cql-seed1-B,cql,216000,0,216000,a2ecb747eff12305,-2238.887207031,237311,68413,39.1939,-23.4935,62.6873,109.6299,0.57181,0.8509,1.1565,1.3592
osw-cql-seed1-B,cql,216000,2,216000,a2ecb747eff12305,-2238.887207031,168808,33814,14.035,-12.4797,26.5147,109.6299,0.24186,0.8917,1.0125,1.1355
osw-cql-seed1-B,cql,216000,4,216000,a2ecb747eff12305,-2238.887207031,35214,133999,4.2485,-3.4939,7.7424,109.6299,0.07062,0.8951,0.9705,1.0843
osw-cql-seed1-B,cql,216000,5,216000,a2ecb747eff12305,-2238.887207031,40938,30344,8.5512,-9.9824,18.5336,109.6299,0.16906,0.9307,1.0715,1.1514
osw-cql-seed1-B,cql,216000,6,216000,a2ecb747eff12305,-2238.887207031,51996,11915,3.3528,-19.3305,22.6833,109.6299,0.20691,0.9444,1.1244,1.1906
osw-cql-seed1-B,cql,216000,7,216000,a2ecb747eff12305,-2238.887207031,64933,19513,1.6209,-16.2595,17.8804,109.6299,0.1631,0.912,1.0723,1.1758
osw-cql-seed1-B,cql,216000,11,216000,a2ecb747eff12305,-2238.887207031,76763,39227,-0.5524,-11.3223,10.7699,109.6299,0.09824,0.959,1.0404,1.0849
osw-cql-seed1-B,cql,216000,12,216000,a2ecb747eff12305,-2238.887207031,33583,82841,-6.2411,-5.8182,-0.4229,109.6299,-0.00386,0.9482,1.012,1.0673
osw-cql-seed1-B,cql,216000,13,216000,a2ecb747eff12305,-2238.887207031,29838,52509,4.2231,-5.97,10.1931,109.6299,0.09298,0.9105,1.0387,1.1408
osw-cql-seed1-B,cql,216000,14,216000,a2ecb747eff12305,-2238.887207031,36307,14110,16.377,-15.3276,31.7045,109.6299,0.2892,0.953,1.1661,1.2236
osw-cql-seed1-B,cql,217000,0,217000,0d0a26f31790b71c,-2251.295166016,237311,68413,39.2752,-22.9947,62.27,108.477,0.57404,0.8504,1.1568,1.3603
osw-cql-seed1-B,cql,217000,2,217000,0d0a26f31790b71c,-2251.295166016,168808,33814,14.5623,-12.0993,26.6616,108.477,0.24578,0.8919,1.0126,1.1352
osw-cql-seed1-B,cql,217000,4,217000,0d0a26f31790b71c,-2251.295166016,35214,133999,2.8673,-4.1357,7.003,108.477,0.06456,0.8912,0.9697,1.0881
osw-cql-seed1-B,cql,217000,5,217000,0d0a26f31790b71c,-2251.295166016,40938,30344,10.9063,-9.9255,20.8317,108.477,0.19204,0.9273,1.0684,1.1522
osw-cql-seed1-B,cql,217000,6,217000,0d0a26f31790b71c,-2251.295166016,51996,11915,4.1797,-19.5734,23.7531,108.477,0.21897,0.9428,1.1248,1.193
osw-cql-seed1-B,cql,217000,7,217000,0d0a26f31790b71c,-2251.295166016,64933,19513,2.7181,-15.4349,18.153,108.477,0.16734,0.9111,1.0712,1.1757
osw-cql-seed1-B,cql,217000,11,217000,0d0a26f31790b71c,-2251.295166016,76763,39227,-0.1527,-10.8372,10.6846,108.477,0.0985,0.9593,1.041,1.0851
osw-cql-seed1-B,cql,217000,12,217000,0d0a26f31790b71c,-2251.295166016,33583,82841,-5.2642,-5.5603,0.2961,108.477,0.00273,0.9468,1.0117,1.0686
osw-cql-seed1-B,cql,217000,13,217000,0d0a26f31790b71c,-2251.295166016,29838,52509,4.661,-5.9651,10.6261,108.477,0.09796,0.9067,1.0365,1.1432
osw-cql-seed1-B,cql,217000,14,217000,0d0a26f31790b71c,-2251.295166016,36307,14110,17.5915,-14.8352,32.4267,108.477,0.29893,0.951,1.1607,1.2206
osw-cql-seed1-B,cql,218000,0,218000,2e30a4826401a591,-2257.662597656,237311,68413,38.7747,-22.8108,61.5856,110.0178,0.55978,0.8511,1.1565,1.3589
osw-cql-seed1-B,cql,218000,2,218000,2e30a4826401a591,-2257.662597656,168808,33814,14.7385,-13.207,27.9455,110.0178,0.25401,0.8937,1.0157,1.1365
osw-cql-seed1-B,cql,218000,4,218000,2e30a4826401a591,-2257.662597656,35214,133999,3.9027,-4.4495,8.3522,110.0178,0.07592,0.897,0.9714,1.083
osw-cql-seed1-B,cql,218000,5,218000,2e30a4826401a591,-2257.662597656,40938,30344,9.0858,-10.7177,19.8035,110.0178,0.18,0.9305,1.0718,1.1518
osw-cql-seed1-B,cql,218000,6,218000,2e30a4826401a591,-2257.662597656,51996,11915,2.2496,-19.7153,21.9649,110.0178,0.19965,0.9424,1.1218,1.1904
osw-cql-seed1-B,cql,218000,7,218000,2e30a4826401a591,-2257.662597656,64933,19513,2.8548,-15.1286,17.9834,110.0178,0.16346,0.9122,1.0709,1.174
osw-cql-seed1-B,cql,218000,11,218000,2e30a4826401a591,-2257.662597656,76763,39227,-1.1754,-11.313,10.1376,110.0178,0.09214,0.9584,1.0385,1.0835
osw-cql-seed1-B,cql,218000,12,218000,2e30a4826401a591,-2257.662597656,33583,82841,-6.4318,-6.2695,-0.1623,110.0178,-0.00147,0.9468,1.0118,1.0686
osw-cql-seed1-B,cql,218000,13,218000,2e30a4826401a591,-2257.662597656,29838,52509,4.4757,-6.2406,10.7163,110.0178,0.09741,0.9096,1.0384,1.1415
osw-cql-seed1-B,cql,218000,14,218000,2e30a4826401a591,-2257.662597656,36307,14110,16.1518,-16.1728,32.3246,110.0178,0.29381,0.9534,1.1652,1.2222
osw-cql-seed1-B,cql,219000,0,219000,63c4ca7c19ac4b91,-2269.323486328,237311,68413,39.9279,-22.7951,62.7231,110.3867,0.56821,0.8503,1.1605,1.3648
osw-cql-seed1-B,cql,219000,2,219000,63c4ca7c19ac4b91,-2269.323486328,168808,33814,14.8468,-12.9461,27.7928,110.3867,0.25178,0.8924,1.0134,1.1356
osw-cql-seed1-B,cql,219000,4,219000,63c4ca7c19ac4b91,-2269.323486328,35214,133999,3.2338,-4.2595,7.4933,110.3867,0.06788,0.8927,0.9712,1.088
osw-cql-seed1-B,cql,219000,5,219000,63c4ca7c19ac4b91,-2269.323486328,40938,30344,8.7311,-10.9006,19.6317,110.3867,0.17784,0.931,1.0702,1.1496
osw-cql-seed1-B,cql,219000,6,219000,63c4ca7c19ac4b91,-2269.323486328,51996,11915,2.102,-19.4352,21.5372,110.3867,0.19511,0.9437,1.1262,1.1934
osw-cql-seed1-B,cql,219000,7,219000,63c4ca7c19ac4b91,-2269.323486328,64933,19513,1.6975,-15.8927,17.5903,110.3867,0.15935,0.9114,1.0732,1.1775
osw-cql-seed1-B,cql,219000,11,219000,63c4ca7c19ac4b91,-2269.323486328,76763,39227,-0.7448,-11.3038,10.5591,110.3867,0.09566,0.9582,1.0407,1.0861
osw-cql-seed1-B,cql,219000,12,219000,63c4ca7c19ac4b91,-2269.323486328,33583,82841,-5.5583,-5.958,0.3997,110.3867,0.00362,0.9459,1.0107,1.0684
osw-cql-seed1-B,cql,219000,13,219000,63c4ca7c19ac4b91,-2269.323486328,29838,52509,3.824,-6.5118,10.3358,110.3867,0.09363,0.9112,1.0375,1.1386
osw-cql-seed1-B,cql,219000,14,219000,63c4ca7c19ac4b91,-2269.323486328,36307,14110,17.08,-15.2167,32.2967,110.3867,0.29258,0.9516,1.1648,1.224
osw-cql-seed1-B,cql,220000,0,220000,c178645ee463fdb1,-2275.727050781,237311,68413,39.941,-23.6708,63.6118,111.5289,0.57036,0.8485,1.1521,1.3578
osw-cql-seed1-B,cql,220000,2,220000,c178645ee463fdb1,-2275.727050781,168808,33814,14.3727,-12.4827,26.8554,111.5289,0.24079,0.891,1.01,1.1336
osw-cql-seed1-B,cql,220000,4,220000,c178645ee463fdb1,-2275.727050781,35214,133999,2.5323,-4.2154,6.7477,111.5289,0.0605,0.8962,0.9714,1.0838
osw-cql-seed1-B,cql,220000,5,220000,c178645ee463fdb1,-2275.727050781,40938,30344,9.3876,-9.8128,19.2004,111.5289,0.17216,0.9297,1.0697,1.1505
osw-cql-seed1-B,cql,220000,6,220000,c178645ee463fdb1,-2275.727050781,51996,11915,3.0053,-19.3559,22.3612,111.5289,0.2005,0.9427,1.1232,1.1916
osw-cql-seed1-B,cql,220000,7,220000,c178645ee463fdb1,-2275.727050781,64933,19513,2.5967,-15.5019,18.0986,111.5289,0.16228,0.9118,1.072,1.1756
osw-cql-seed1-B,cql,220000,11,220000,c178645ee463fdb1,-2275.727050781,76763,39227,-0.5212,-11.4846,10.9634,111.5289,0.0983,0.9592,1.0394,1.0836
osw-cql-seed1-B,cql,220000,12,220000,c178645ee463fdb1,-2275.727050781,33583,82841,-5.1677,-5.6488,0.4811,111.5289,0.00431,0.9486,1.0121,1.067
osw-cql-seed1-B,cql,220000,13,220000,c178645ee463fdb1,-2275.727050781,29838,52509,3.8994,-5.851,9.7504,111.5289,0.08742,0.9102,1.0382,1.1406
osw-cql-seed1-B,cql,220000,14,220000,c178645ee463fdb1,-2275.727050781,36307,14110,17.1586,-15.3359,32.4946,111.5289,0.29136,0.9513,1.1671,1.2268
osw-cql-seed1-B,cql,221000,0,221000,882b7d88f1ea7610,-2287.309082031,237311,68413,39.1617,-23.6829,62.8446,110.6709,0.56785,0.8524,1.1571,1.3574
osw-cql-seed1-B,cql,221000,2,221000,882b7d88f1ea7610,-2287.309082031,168808,33814,13.822,-13.0299,26.8518,110.6709,0.24263,0.8918,1.0119,1.1346
osw-cql-seed1-B,cql,221000,4,221000,882b7d88f1ea7610,-2287.309082031,35214,133999,2.6109,-4.5389,7.1498,110.6709,0.0646,0.8958,0.9714,1.0844
osw-cql-seed1-B,cql,221000,5,221000,882b7d88f1ea7610,-2287.309082031,40938,30344,8.6778,-10.2687,18.9465,110.6709,0.1712,0.9297,1.0697,1.1505
osw-cql-seed1-B,cql,221000,6,221000,882b7d88f1ea7610,-2287.309082031,51996,11915,2.9847,-19.4423,22.427,110.6709,0.20265,0.9432,1.1239,1.1915
osw-cql-seed1-B,cql,221000,7,221000,882b7d88f1ea7610,-2287.309082031,64933,19513,1.3593,-16.114,17.4734,110.6709,0.15789,0.9125,1.0727,1.1756
osw-cql-seed1-B,cql,221000,11,221000,882b7d88f1ea7610,-2287.309082031,76763,39227,-0.7843,-11.4413,10.657,110.6709,0.09629,0.9585,1.0395,1.0845
osw-cql-seed1-B,cql,221000,12,221000,882b7d88f1ea7610,-2287.309082031,33583,82841,-6.8679,-5.9216,-0.9463,110.6709,-0.00855,0.9486,1.0123,1.0672
osw-cql-seed1-B,cql,221000,13,221000,882b7d88f1ea7610,-2287.309082031,29838,52509,2.3248,-6.1489,8.4737,110.6709,0.07657,0.9119,1.0388,1.1391
osw-cql-seed1-B,cql,221000,14,221000,882b7d88f1ea7610,-2287.309082031,36307,14110,16.2176,-15.1628,31.3804,110.6709,0.28355,0.9495,1.165,1.227
osw-cql-seed1-B,cql,222000,0,222000,a51707f341268469,-2300.909179688,237311,68413,39.094,-24.3286,63.4226,111.0025,0.57136,0.8517,1.1536,1.3546
osw-cql-seed1-B,cql,222000,2,222000,a51707f341268469,-2300.909179688,168808,33814,14.3964,-12.3037,26.7001,111.0025,0.24054,0.8924,1.0116,1.1336
osw-cql-seed1-B,cql,222000,4,222000,a51707f341268469,-2300.909179688,35214,133999,3.4826,-3.9576,7.4402,111.0025,0.06703,0.8916,0.9701,1.088
osw-cql-seed1-B,cql,222000,5,222000,a51707f341268469,-2300.909179688,40938,30344,10.3333,-9.6476,19.9808,111.0025,0.18,0.9309,1.0708,1.1504
osw-cql-seed1-B,cql,222000,6,222000,a51707f341268469,-2300.909179688,51996,11915,3.4105,-19.7696,23.18,111.0025,0.20882,0.9417,1.1255,1.1952
osw-cql-seed1-B,cql,222000,7,222000,a51707f341268469,-2300.909179688,64933,19513,1.9087,-15.2921,17.2008,111.0025,0.15496,0.9107,1.0686,1.1734
osw-cql-seed1-B,cql,222000,11,222000,a51707f341268469,-2300.909179688,76763,39227,-0.7421,-11.3998,10.6577,111.0025,0.09601,0.9594,1.0408,1.0848
osw-cql-seed1-B,cql,222000,12,222000,a51707f341268469,-2300.909179688,33583,82841,-4.3242,-5.6045,1.2803,111.0025,0.01153,0.9458,1.0118,1.0697
osw-cql-seed1-B,cql,222000,13,222000,a51707f341268469,-2300.909179688,29838,52509,6.7877,-5.3909,12.1785,111.0025,0.10971,0.9086,1.0373,1.1417
osw-cql-seed1-B,cql,222000,14,222000,a51707f341268469,-2300.909179688,36307,14110,17.8142,-15.4877,33.3019,111.0025,0.30001,0.9468,1.1702,1.2359
osw-cql-seed1-B,cql,223000,0,223000,36153d380f8f5311,-2312.078857422,237311,68413,38.764,-23.4242,62.1883,110.3186,0.56372,0.8517,1.1581,1.3597
osw-cql-seed1-B,cql,223000,2,223000,36153d380f8f5311,-2312.078857422,168808,33814,14.281,-12.633,26.9141,110.3186,0.24397,0.8928,1.0161,1.1381
osw-cql-seed1-B,cql,223000,4,223000,36153d380f8f5311,-2312.078857422,35214,133999,4.326,-3.8347,8.1608,110.3186,0.07397,0.8919,0.9715,1.0892
osw-cql-seed1-B,cql,223000,5,223000,36153d380f8f5311,-2312.078857422,40938,30344,9.152,-9.8071,18.9591,110.3186,0.17186,0.9297,1.0719,1.1529
osw-cql-seed1-B,cql,223000,6,223000,36153d380f8f5311,-2312.078857422,51996,11915,3.1288,-19.6676,22.7963,110.3186,0.20664,0.9435,1.124,1.1913
osw-cql-seed1-B,cql,223000,7,223000,36153d380f8f5311,-2312.078857422,64933,19513,2.4557,-16.314,18.7696,110.3186,0.17014,0.9115,1.0725,1.1766
osw-cql-seed1-B,cql,223000,11,223000,36153d380f8f5311,-2312.078857422,76763,39227,-0.8104,-11.9047,11.0943,110.3186,0.10057,0.9582,1.0396,1.0849
osw-cql-seed1-B,cql,223000,12,223000,36153d380f8f5311,-2312.078857422,33583,82841,-4.7096,-5.6702,0.9605,110.3186,0.00871,0.9455,1.0117,1.0701
osw-cql-seed1-B,cql,223000,13,223000,36153d380f8f5311,-2312.078857422,29838,52509,4.3773,-5.5404,9.9177,110.3186,0.0899,0.9111,1.039,1.1404
osw-cql-seed1-B,cql,223000,14,223000,36153d380f8f5311,-2312.078857422,36307,14110,17.3425,-14.8236,32.166,110.3186,0.29157,0.9525,1.1655,1.2236
osw-cql-seed1-B,cql,224000,0,224000,21cf7644bde6b65c,-2322.915771484,237311,68413,38.6186,-23.8973,62.5159,110.0107,0.56827,0.8517,1.1569,1.3583
osw-cql-seed1-B,cql,224000,2,224000,21cf7644bde6b65c,-2322.915771484,168808,33814,14.3363,-12.5861,26.9224,110.0107,0.24473,0.8928,1.0141,1.1359
osw-cql-seed1-B,cql,224000,4,224000,21cf7644bde6b65c,-2322.915771484,35214,133999,3.2712,-4.0295,7.3006,110.0107,0.06636,0.8935,0.9709,1.0867
osw-cql-seed1-B,cql,224000,5,224000,21cf7644bde6b65c,-2322.915771484,40938,30344,8.714,-9.8647,18.5786,110.0107,0.16888,0.9281,1.0715,1.1545
osw-cql-seed1-B,cql,224000,6,224000,21cf7644bde6b65c,-2322.915771484,51996,11915,3.4615,-18.8346,22.2961,110.0107,0.20267,0.9433,1.1291,1.1969
osw-cql-seed1-B,cql,224000,7,224000,21cf7644bde6b65c,-2322.915771484,64933,19513,2.2075,-15.8304,18.0379,110.0107,0.16396,0.9153,1.0731,1.1724
osw-cql-seed1-B,cql,224000,11,224000,21cf7644bde6b65c,-2322.915771484,76763,39227,-0.2012,-11.302,11.1008,110.0107,0.10091,0.9598,1.0411,1.0847
osw-cql-seed1-B,cql,224000,12,224000,21cf7644bde6b65c,-2322.915771484,33583,82841,-5.3715,-5.5487,0.1772,110.0107,0.00161,0.9475,1.0128,1.0688
osw-cql-seed1-B,cql,224000,13,224000,21cf7644bde6b65c,-2322.915771484,29838,52509,3.5725,-5.7724,9.3448,110.0107,0.08494,0.9076,1.0384,1.1441
osw-cql-seed1-B,cql,224000,14,224000,21cf7644bde6b65c,-2322.915771484,36307,14110,16.2972,-15.1344,31.4316,110.0107,0.28571,0.9507,1.1656,1.2261
osw-cql-seed1-B,cql,225000,0,225000,c6a301acc101dd6f,-2330.651123047,237311,68413,39.0107,-24.1136,63.1243,110.397,0.57179,0.8506,1.1539,1.3566
osw-cql-seed1-B,cql,225000,2,225000,c6a301acc101dd6f,-2330.651123047,168808,33814,14.1512,-13.1304,27.2816,110.397,0.24712,0.8918,1.0116,1.1343
osw-cql-seed1-B,cql,225000,4,225000,c6a301acc101dd6f,-2330.651123047,35214,133999,3.5049,-4.3924,7.8973,110.397,0.07154,0.8955,0.97,1.0831
osw-cql-seed1-B,cql,225000,5,225000,c6a301acc101dd6f,-2330.651123047,40938,30344,8.9564,-10.3228,19.2792,110.397,0.17464,0.93,1.0708,1.1514
osw-cql-seed1-B,cql,225000,6,225000,c6a301acc101dd6f,-2330.651123047,51996,11915,2.5645,-19.6063,22.1709,110.397,0.20083,0.9426,1.1236,1.192
osw-cql-seed1-B,cql,225000,7,225000,c6a301acc101dd6f,-2330.651123047,64933,19513,2.1232,-16.2727,18.3959,110.397,0.16663,0.9116,1.0704,1.1742
osw-cql-seed1-B,cql,225000,11,225000,c6a301acc101dd6f,-2330.651123047,76763,39227,-0.0102,-11.3485,11.3382,110.397,0.1027,0.9577,1.0392,1.0851
osw-cql-seed1-B,cql,225000,12,225000,c6a301acc101dd6f,-2330.651123047,33583,82841,-4.5639,-6.0549,1.4909,110.397,0.01351,0.9457,1.0112,1.0693
osw-cql-seed1-B,cql,225000,13,225000,c6a301acc101dd6f,-2330.651123047,29838,52509,4.8735,-6.2734,11.147,110.397,0.10097,0.9086,1.0365,1.1407
osw-cql-seed1-B,cql,225000,14,225000,c6a301acc101dd6f,-2330.651123047,36307,14110,16.219,-15.5891,31.8081,110.397,0.28812,0.9483,1.1664,1.2301
osw-cql-seed1-B,cql,226000,0,226000,fa5457a0d96d9945,-2337.104980469,237311,68413,37.8455,-24.1635,62.0089,108.8499,0.56967,0.8524,1.1549,1.3548
osw-cql-seed1-B,cql,226000,2,226000,fa5457a0d96d9945,-2337.104980469,168808,33814,13.9831,-12.8655,26.8486,108.8499,0.24666,0.8915,1.0124,1.1356
osw-cql-seed1-B,cql,226000,4,226000,fa5457a0d96d9945,-2337.104980469,35214,133999,4.7032,-3.7276,8.4308,108.8499,0.07745,0.8954,0.9709,1.0843
osw-cql-seed1-B,cql,226000,5,226000,fa5457a0d96d9945,-2337.104980469,40938,30344,9.779,-9.941,19.72,108.8499,0.18117,0.9306,1.0719,1.1519
osw-cql-seed1-B,cql,226000,6,226000,fa5457a0d96d9945,-2337.104980469,51996,11915,3.3197,-19.1203,22.44,108.8499,0.20616,0.9428,1.1239,1.1921
osw-cql-seed1-B,cql,226000,7,226000,fa5457a0d96d9945,-2337.104980469,64933,19513,1.3495,-16.4674,17.8169,108.8499,0.16368,0.9136,1.0708,1.1721
osw-cql-seed1-B,cql,226000,11,226000,fa5457a0d96d9945,-2337.104980469,76763,39227,-0.635,-11.5125,10.8775,108.8499,0.09993,0.959,1.0392,1.0836
osw-cql-seed1-B,cql,226000,12,226000,fa5457a0d96d9945,-2337.104980469,33583,82841,-4.5743,-5.6739,1.0996,108.8499,0.0101,0.9463,1.0112,1.0685
osw-cql-seed1-B,cql,226000,13,226000,fa5457a0d96d9945,-2337.104980469,29838,52509,5.1143,-5.7994,10.9137,108.8499,0.10026,0.9089,1.038,1.1421
osw-cql-seed1-B,cql,226000,14,226000,fa5457a0d96d9945,-2337.104980469,36307,14110,16.855,-14.9884,31.8434,108.8499,0.29254,0.95,1.1664,1.2278
osw-cql-seed1-B,cql,227000,0,227000,021d5a9040fa2801,-2354.767089844,237311,68413,37.9489,-23.8171,61.7661,109.1681,0.56579,0.8495,1.1552,1.3598
osw-cql-seed1-B,cql,227000,2,227000,021d5a9040fa2801,-2354.767089844,168808,33814,13.9036,-12.8141,26.7177,109.1681,0.24474,0.8921,1.0113,1.1337
osw-cql-seed1-B,cql,227000,4,227000,021d5a9040fa2801,-2354.767089844,35214,133999,3.2474,-3.7913,7.0387,109.1681,0.06448,0.8931,0.9719,1.0883
osw-cql-seed1-B,cql,227000,5,227000,021d5a9040fa2801,-2354.767089844,40938,30344,8.326,-10.1852,18.5112,109.1681,0.16957,0.9311,1.0713,1.1505
osw-cql-seed1-B,cql,227000,6,227000,021d5a9040fa2801,-2354.767089844,51996,11915,1.92,-19.6093,21.5294,109.1681,0.19721,0.9426,1.1218,1.1901
osw-cql-seed1-B,cql,227000,7,227000,021d5a9040fa2801,-2354.767089844,64933,19513,1.9562,-16.4399,18.396,109.1681,0.16851,0.9139,1.0715,1.1724
osw-cql-seed1-B,cql,227000,11,227000,021d5a9040fa2801,-2354.767089844,76763,39227,-0.5206,-11.6657,11.1451,109.1681,0.10209,0.9585,1.0403,1.0853
osw-cql-seed1-B,cql,227000,12,227000,021d5a9040fa2801,-2354.767089844,33583,82841,-5.0271,-5.7628,0.7357,109.1681,0.00674,0.946,1.0113,1.0691
osw-cql-seed1-B,cql,227000,13,227000,021d5a9040fa2801,-2354.767089844,29838,52509,3.0187,-6.054,9.0728,109.1681,0.08311,0.9113,1.0396,1.1407
osw-cql-seed1-B,cql,227000,14,227000,021d5a9040fa2801,-2354.767089844,36307,14110,15.394,-15.9176,31.3116,109.1681,0.28682,0.9534,1.1637,1.2207
osw-cql-seed1-B,cql,228000,0,228000,d1ab23972dbd9d88,-2369.023681641,237311,68413,38.3095,-23.3594,61.6689,109.3739,0.56384,0.8501,1.1542,1.3578
osw-cql-seed1-B,cql,228000,2,228000,d1ab23972dbd9d88,-2369.023681641,168808,33814,13.8531,-12.6749,26.528,109.3739,0.24254,0.8919,1.0115,1.1341
osw-cql-seed1-B,cql,228000,4,228000,d1ab23972dbd9d88,-2369.023681641,35214,133999,2.0873,-3.9711,6.0584,109.3739,0.05539,0.8971,0.971,1.0824
osw-cql-seed1-B,cql,228000,5,228000,d1ab23972dbd9d88,-2369.023681641,40938,30344,8.0446,-10.2608,18.3054,109.3739,0.16737,0.9317,1.0714,1.1499
osw-cql-seed1-B,cql,228000,6,228000,d1ab23972dbd9d88,-2369.023681641,51996,11915,1.7374,-19.9345,21.6719,109.3739,0.19815,0.9421,1.1225,1.1915
osw-cql-seed1-B,cql,228000,7,228000,d1ab23972dbd9d88,-2369.023681641,64933,19513,0.1102,-16.7557,16.8659,109.3739,0.1542,0.9122,1.0703,1.1734
osw-cql-seed1-B,cql,228000,11,228000,d1ab23972dbd9d88,-2369.023681641,76763,39227,-0.5318,-11.2435,10.7117,109.3739,0.09794,0.9593,1.0411,1.0852
osw-cql-seed1-B,cql,228000,12,228000,d1ab23972dbd9d88,-2369.023681641,33583,82841,-5.9553,-6.0028,0.0475,109.3739,0.00043,0.948,1.0123,1.0678
osw-cql-seed1-B,cql,228000,13,228000,d1ab23972dbd9d88,-2369.023681641,29838,52509,3.0259,-6.0735,9.0993,109.3739,0.08319,0.9122,1.0389,1.1389
osw-cql-seed1-B,cql,228000,14,228000,d1ab23972dbd9d88,-2369.023681641,36307,14110,15.3484,-15.3952,30.7436,109.3739,0.28109,0.9522,1.1669,1.2255
osw-cql-seed1-B,cql,229000,0,229000,dc2e74f19e57babe,-2382.664306641,237311,68413,38.2854,-23.3686,61.6539,108.1209,0.57023,0.8497,1.1555,1.3599
osw-cql-seed1-B,cql,229000,2,229000,dc2e74f19e57babe,-2382.664306641,168808,33814,14.5721,-12.5096,27.0817,108.1209,0.25048,0.8921,1.0143,1.137
osw-cql-seed1-B,cql,229000,4,229000,dc2e74f19e57babe,-2382.664306641,35214,133999,4.3435,-4.1036,8.4471,108.1209,0.07813,0.8939,0.9694,1.0844
osw-cql-seed1-B,cql,229000,5,229000,dc2e74f19e57babe,-2382.664306641,40938,30344,9.4773,-9.8041,19.2814,108.1209,0.17833,0.9306,1.071,1.1509
osw-cql-seed1-B,cql,229000,6,229000,dc2e74f19e57babe,-2382.664306641,51996,11915,3.4304,-19.1715,22.6019,108.1209,0.20904,0.9426,1.119,1.1871
osw-cql-seed1-B,cql,229000,7,229000,dc2e74f19e57babe,-2382.664306641,64933,19513,2.0434,-16.1587,18.202,108.1209,0.16835,0.9108,1.0695,1.1743
osw-cql-seed1-B,cql,229000,11,229000,dc2e74f19e57babe,-2382.664306641,76763,39227,-1.1453,-11.5723,10.427,108.1209,0.09644,0.959,1.0407,1.0852
osw-cql-seed1-B,cql,229000,12,229000,dc2e74f19e57babe,-2382.664306641,33583,82841,-5.3123,-6.1578,0.8455,108.1209,0.00782,0.9468,1.0109,1.0678
osw-cql-seed1-B,cql,229000,13,229000,dc2e74f19e57babe,-2382.664306641,29838,52509,3.3406,-6.3752,9.7158,108.1209,0.08986,0.9106,1.0373,1.1391
osw-cql-seed1-B,cql,229000,14,229000,dc2e74f19e57babe,-2382.664306641,36307,14110,17.0727,-14.5011,31.5738,108.1209,0.29202,0.9514,1.1617,1.221
osw-cql-seed1-B,cql,230000,0,230000,8c3007fbe187d756,-2393.053222656,237311,68413,38.0988,-23.8621,61.9609,109.2439,0.56718,0.8508,1.1546,1.357
osw-cql-seed1-B,cql,230000,2,230000,8c3007fbe187d756,-2393.053222656,168808,33814,14.3838,-12.3015,26.6853,109.2439,0.24427,0.8929,1.0134,1.1349
osw-cql-seed1-B,cql,230000,4,230000,8c3007fbe187d756,-2393.053222656,35214,133999,3.4325,-4.211,7.6435,109.2439,0.06997,0.894,0.9704,1.0854
osw-cql-seed1-B,cql,230000,5,230000,8c3007fbe187d756,-2393.053222656,40938,30344,9.8425,-10.0074,19.8499,109.2439,0.1817,0.9319,1.0719,1.1502
osw-cql-seed1-B,cql,230000,6,230000,8c3007fbe187d756,-2393.053222656,51996,11915,3.3278,-18.5924,21.9202,109.2439,0.20065,0.9439,1.1227,1.1894
osw-cql-seed1-B,cql,230000,7,230000,8c3007fbe187d756,-2393.053222656,64933,19513,0.7902,-16.3779,17.1681,109.2439,0.15715,0.913,1.0699,1.1719
osw-cql-seed1-B,cql,230000,11,230000,8c3007fbe187d756,-2393.053222656,76763,39227,-0.53,-11.3857,10.8557,109.2439,0.09937,0.9588,1.04,1.0847
osw-cql-seed1-B,cql,230000,12,230000,8c3007fbe187d756,-2393.053222656,33583,82841,-4.9527,-5.8598,0.9072,109.2439,0.0083,0.9472,1.0112,1.0676
osw-cql-seed1-B,cql,230000,13,230000,8c3007fbe187d756,-2393.053222656,29838,52509,5.3902,-5.855,11.2452,109.2439,0.10294,0.9116,1.0383,1.139
osw-cql-seed1-B,cql,230000,14,230000,8c3007fbe187d756,-2393.053222656,36307,14110,16.4458,-15.1525,31.5983,109.2439,0.28925,0.9539,1.1636,1.2198
osw-cql-seed1-B,cql,231000,0,231000,4b9a71ecd52fd123,-2405.586181641,237311,68413,38.2511,-23.3581,61.6091,107.8996,0.57099,0.8523,1.1553,1.3555
osw-cql-seed1-B,cql,231000,2,231000,4b9a71ecd52fd123,-2405.586181641,168808,33814,14.9175,-12.136,27.0535,107.8996,0.25073,0.8924,1.0128,1.1349
osw-cql-seed1-B,cql,231000,4,231000,4b9a71ecd52fd123,-2405.586181641,35214,133999,2.7616,-4.0703,6.8319,107.8996,0.06332,0.8938,0.9714,1.0868
osw-cql-seed1-B,cql,231000,5,231000,4b9a71ecd52fd123,-2405.586181641,40938,30344,9.3299,-10.0617,19.3916,107.8996,0.17972,0.9295,1.0696,1.1507
osw-cql-seed1-B,cql,231000,6,231000,4b9a71ecd52fd123,-2405.586181641,51996,11915,3.569,-19.3066,22.8756,107.8996,0.21201,0.9444,1.1222,1.1883
osw-cql-seed1-B,cql,231000,7,231000,4b9a71ecd52fd123,-2405.586181641,64933,19513,2.1282,-15.8838,18.0121,107.8996,0.16693,0.9133,1.0724,1.1742
osw-cql-seed1-B,cql,231000,11,231000,4b9a71ecd52fd123,-2405.586181641,76763,39227,-0.5457,-11.3709,10.8252,107.8996,0.10033,0.9583,1.04,1.0852
osw-cql-seed1-B,cql,231000,12,231000,4b9a71ecd52fd123,-2405.586181641,33583,82841,-4.847,-5.9739,1.1269,107.8996,0.01044,0.9473,1.0124,1.0687
osw-cql-seed1-B,cql,231000,13,231000,4b9a71ecd52fd123,-2405.586181641,29838,52509,5.5541,-5.7701,11.3243,107.8996,0.10495,0.9102,1.0379,1.1403
osw-cql-seed1-B,cql,231000,14,231000,4b9a71ecd52fd123,-2405.586181641,36307,14110,16.8388,-15.2128,32.0516,107.8996,0.29705,0.9508,1.1623,1.2224
osw-cql-seed1-B,cql,232000,0,232000,dff4a7694b8cfbd8,-2414.745117188,237311,68413,38.2306,-23.508,61.7386,108.6204,0.56839,0.8494,1.1549,1.3596
osw-cql-seed1-B,cql,232000,2,232000,dff4a7694b8cfbd8,-2414.745117188,168808,33814,14.0806,-12.1343,26.2149,108.6204,0.24134,0.892,1.0114,1.1338
osw-cql-seed1-B,cql,232000,4,232000,dff4a7694b8cfbd8,-2414.745117188,35214,133999,1.8732,-4.1764,6.0496,108.6204,0.05569,0.8933,0.9704,1.0864
osw-cql-seed1-B,cql,232000,5,232000,dff4a7694b8cfbd8,-2414.745117188,40938,30344,8.7238,-10.2341,18.9579,108.6204,0.17453,0.9295,1.0685,1.1496
osw-cql-seed1-B,cql,232000,6,232000,dff4a7694b8cfbd8,-2414.745117188,51996,11915,2.7512,-19.9011,22.6523,108.6204,0.20855,0.9451,1.1247,1.19
osw-cql-seed1-B,cql,232000,7,232000,dff4a7694b8cfbd8,-2414.745117188,64933,19513,1.6934,-16.2005,17.8939,108.6204,0.16474,0.913,1.0692,1.171
osw-cql-seed1-B,cql,232000,11,232000,dff4a7694b8cfbd8,-2414.745117188,76763,39227,-1.2313,-11.8976,10.6664,108.6204,0.0982,0.9602,1.0394,1.0825
osw-cql-seed1-B,cql,232000,12,232000,dff4a7694b8cfbd8,-2414.745117188,33583,82841,-6.3158,-6.5633,0.2475,108.6204,0.00228,0.9469,1.0117,1.0685
osw-cql-seed1-B,cql,232000,13,232000,dff4a7694b8cfbd8,-2414.745117188,29838,52509,3.4078,-6.4026,9.8104,108.6204,0.09032,0.9097,1.037,1.14
osw-cql-seed1-B,cql,232000,14,232000,dff4a7694b8cfbd8,-2414.745117188,36307,14110,15.6941,-15.6337,31.3279,108.6204,0.28842,0.9532,1.1652,1.2223
osw-cql-seed1-B,cql,233000,0,233000,e793c87a24f4f6b6,-2425.255615234,237311,68413,38.0307,-23.2222,61.2529,108.4817,0.56464,0.8499,1.1566,1.3609
osw-cql-seed1-B,cql,233000,2,233000,e793c87a24f4f6b6,-2425.255615234,168808,33814,13.4451,-12.9397,26.3848,108.4817,0.24322,0.892,1.0106,1.1329
osw-cql-seed1-B,cql,233000,4,233000,e793c87a24f4f6b6,-2425.255615234,35214,133999,4.4265,-4.3514,8.7779,108.4817,0.08092,0.8958,0.9703,1.0832
osw-cql-seed1-B,cql,233000,5,233000,e793c87a24f4f6b6,-2425.255615234,40938,30344,10.6289,-9.7361,20.365,108.4817,0.18773,0.9305,1.0702,1.1501
osw-cql-seed1-B,cql,233000,6,233000,e793c87a24f4f6b6,-2425.255615234,51996,11915,2.0471,-19.8137,21.8607,108.4817,0.20152,0.9436,1.1209,1.1879
osw-cql-seed1-B,cql,233000,7,233000,e793c87a24f4f6b6,-2425.255615234,64933,19513,1.3348,-16.4544,17.7892,108.4817,0.16398,0.9139,1.0731,1.1741
osw-cql-seed1-B,cql,233000,11,233000,e793c87a24f4f6b6,-2425.255615234,76763,39227,-0.5219,-11.0699,10.548,108.4817,0.09723,0.959,1.0404,1.0849
osw-cql-seed1-B,cql,233000,12,233000,e793c87a24f4f6b6,-2425.255615234,33583,82841,-5.3666,-5.8496,0.483,108.4817,0.00445,0.9479,1.0116,1.0673
osw-cql-seed1-B,cql,233000,13,233000,e793c87a24f4f6b6,-2425.255615234,29838,52509,4.8718,-5.7028,10.5746,108.4817,0.09748,0.9109,1.0381,1.1396
osw-cql-seed1-B,cql,233000,14,233000,e793c87a24f4f6b6,-2425.255615234,36307,14110,17.5233,-14.9738,32.4971,108.4817,0.29956,0.9537,1.1601,1.2164
osw-cql-seed1-B,cql,234000,0,234000,d35d5d6374ba7628,-2433.435302734,237311,68413,37.2711,-23.5262,60.7972,108.9569,0.55799,0.8504,1.1545,1.3576
osw-cql-seed1-B,cql,234000,2,234000,d35d5d6374ba7628,-2433.435302734,168808,33814,14.4847,-12.3913,26.876,108.9569,0.24667,0.8918,1.0123,1.1351
osw-cql-seed1-B,cql,234000,4,234000,d35d5d6374ba7628,-2433.435302734,35214,133999,1.8752,-4.3271,6.2023,108.9569,0.05692,0.8946,0.9698,1.084
osw-cql-seed1-B,cql,234000,5,234000,d35d5d6374ba7628,-2433.435302734,40938,30344,7.7091,-10.5037,18.2127,108.9569,0.16716,0.9303,1.068,1.1481
osw-cql-seed1-B,cql,234000,6,234000,d35d5d6374ba7628,-2433.435302734,51996,11915,1.2287,-19.9394,21.1681,108.9569,0.19428,0.9424,1.1167,1.1851
osw-cql-seed1-B,cql,234000,7,234000,d35d5d6374ba7628,-2433.435302734,64933,19513,0.8428,-16.376,17.2188,108.9569,0.15803,0.9121,1.0708,1.174
osw-cql-seed1-B,cql,234000,11,234000,d35d5d6374ba7628,-2433.435302734,76763,39227,-1.0915,-11.7437,10.6522,108.9569,0.09777,0.9592,1.0397,1.0839
osw-cql-seed1-B,cql,234000,12,234000,d35d5d6374ba7628,-2433.435302734,33583,82841,-6.747,-6.1844,-0.5626,108.9569,-0.00516,0.9475,1.0112,1.0672
osw-cql-seed1-B,cql,234000,13,234000,d35d5d6374ba7628,-2433.435302734,29838,52509,1.9779,-6.3786,8.3565,108.9569,0.0767,0.9111,1.0369,1.1381
osw-cql-seed1-B,cql,234000,14,234000,d35d5d6374ba7628,-2433.435302734,36307,14110,15.4858,-15.8863,31.3721,108.9569,0.28793,0.9526,1.158,1.2156
osw-cql-seed1-B,cql,235000,0,235000,1fa9a97cc7320575,-2440.109619141,237311,68413,36.8785,-24.2076,61.0861,108.0544,0.56533,0.8508,1.1535,1.3557
osw-cql-seed1-B,cql,235000,2,235000,1fa9a97cc7320575,-2440.109619141,168808,33814,14.0099,-12.1042,26.1141,108.0544,0.24168,0.8928,1.0123,1.1338
osw-cql-seed1-B,cql,235000,4,235000,1fa9a97cc7320575,-2440.109619141,35214,133999,4.5149,-4.035,8.55,108.0544,0.07913,0.8938,0.9708,1.0862
osw-cql-seed1-B,cql,235000,5,235000,1fa9a97cc7320575,-2440.109619141,40938,30344,8.8586,-10.1243,18.9828,108.0544,0.17568,0.931,1.0699,1.1492
osw-cql-seed1-B,cql,235000,6,235000,1fa9a97cc7320575,-2440.109619141,51996,11915,2.5489,-19.6351,22.184,108.0544,0.2053,0.9428,1.12,1.188
osw-cql-seed1-B,cql,235000,7,235000,1fa9a97cc7320575,-2440.109619141,64933,19513,0.7913,-16.0849,16.8763,108.0544,0.15618,0.9109,1.0694,1.1741
osw-cql-seed1-B,cql,235000,11,235000,1fa9a97cc7320575,-2440.109619141,76763,39227,-0.1692,-11.3731,11.2039,108.0544,0.10369,0.9585,1.041,1.086
osw-cql-seed1-B,cql,235000,12,235000,1fa9a97cc7320575,-2440.109619141,33583,82841,-5.5611,-6.1998,0.6387,108.0544,0.00591,0.9461,1.012,1.0696
osw-cql-seed1-B,cql,235000,13,235000,1fa9a97cc7320575,-2440.109619141,29838,52509,3.7839,-6.2204,10.0043,108.0544,0.09259,0.91,1.0379,1.1405
osw-cql-seed1-B,cql,235000,14,235000,1fa9a97cc7320575,-2440.109619141,36307,14110,15.8367,-15.2398,31.0765,108.0544,0.2876,0.9532,1.1611,1.2181
osw-cql-seed1-B,cql,236000,0,236000,c65b583312d0255d,-2451.134521484,237311,68413,39.4736,-22.5131,61.9867,109.51,0.56604,0.8501,1.1525,1.3557
osw-cql-seed1-B,cql,236000,2,236000,c65b583312d0255d,-2451.134521484,168808,33814,14.1459,-12.3657,26.5116,109.51,0.24209,0.8925,1.0107,1.1325
osw-cql-seed1-B,cql,236000,4,236000,c65b583312d0255d,-2451.134521484,35214,133999,2.7894,-4.2122,7.0016,109.51,0.06394,0.8931,0.9703,1.0865
osw-cql-seed1-B,cql,236000,5,236000,c65b583312d0255d,-2451.134521484,40938,30344,8.8362,-10.4459,19.282,109.51,0.17608,0.9268,1.0696,1.154
osw-cql-seed1-B,cql,236000,6,236000,c65b583312d0255d,-2451.134521484,51996,11915,2.68,-19.3469,22.0269,109.51,0.20114,0.942,1.1218,1.1909
osw-cql-seed1-B,cql,236000,7,236000,c65b583312d0255d,-2451.134521484,64933,19513,0.9912,-15.9491,16.9403,109.51,0.15469,0.912,1.0708,1.1741
osw-cql-seed1-B,cql,236000,11,236000,c65b583312d0255d,-2451.134521484,76763,39227,-1.2199,-11.5768,10.3569,109.51,0.09457,0.959,1.0397,1.0841
osw-cql-seed1-B,cql,236000,12,236000,c65b583312d0255d,-2451.134521484,33583,82841,-6.4401,-6.1953,-0.2448,109.51,-0.00224,0.947,1.0112,1.0678
osw-cql-seed1-B,cql,236000,13,236000,c65b583312d0255d,-2451.134521484,29838,52509,3.8389,-6.1525,9.9914,109.51,0.09124,0.9077,1.0377,1.1433
osw-cql-seed1-B,cql,236000,14,236000,c65b583312d0255d,-2451.134521484,36307,14110,17.4071,-15.5551,32.9622,109.51,0.301,0.95,1.1607,1.2218
osw-cql-seed1-B,cql,237000,0,237000,cb4590aaeb05447b,-2464.997314453,237311,68413,37.9965,-23.6428,61.6394,110.4237,0.55821,0.8509,1.1552,1.3576
osw-cql-seed1-B,cql,237000,2,237000,cb4590aaeb05447b,-2464.997314453,168808,33814,13.5695,-12.6494,26.2189,110.4237,0.23744,0.8924,1.0115,1.1335
osw-cql-seed1-B,cql,237000,4,237000,cb4590aaeb05447b,-2464.997314453,35214,133999,2.4522,-4.556,7.0082,110.4237,0.06347,0.8942,0.9703,1.0851
osw-cql-seed1-B,cql,237000,5,237000,cb4590aaeb05447b,-2464.997314453,40938,30344,8.0288,-10.708,18.7368,110.4237,0.16968,0.9309,1.0695,1.1488
osw-cql-seed1-B,cql,237000,6,237000,cb4590aaeb05447b,-2464.997314453,51996,11915,3.2553,-20.0998,23.355,110.4237,0.2115,0.9445,1.124,1.1901
osw-cql-seed1-B,cql,237000,7,237000,cb4590aaeb05447b,-2464.997314453,64933,19513,1.4244,-16.6452,18.0697,110.4237,0.16364,0.9132,1.0716,1.1735
osw-cql-seed1-B,cql,237000,11,237000,cb4590aaeb05447b,-2464.997314453,76763,39227,-2.488,-12.2718,9.7838,110.4237,0.0886,0.9589,1.0384,1.0829
osw-cql-seed1-B,cql,237000,12,237000,cb4590aaeb05447b,-2464.997314453,33583,82841,-6.5784,-6.7081,0.1296,110.4237,0.00117,0.9474,1.0114,1.0675
osw-cql-seed1-B,cql,237000,13,237000,cb4590aaeb05447b,-2464.997314453,29838,52509,3.7793,-6.4504,10.2297,110.4237,0.09264,0.9097,1.0371,1.1401
osw-cql-seed1-B,cql,237000,14,237000,cb4590aaeb05447b,-2464.997314453,36307,14110,15.6007,-15.7057,31.3064,110.4237,0.28351,0.9538,1.162,1.2182
osw-cql-seed1-B,cql,238000,0,238000,44c388e1767bc244,-2470.630371094,237311,68413,37.6454,-23.6803,61.3257,108.7598,0.56386,0.8498,1.1552,1.3593
osw-cql-seed1-B,cql,238000,2,238000,44c388e1767bc244,-2470.630371094,168808,33814,14.3181,-12.3629,26.681,108.7598,0.24532,0.8915,1.0115,1.1346
osw-cql-seed1-B,cql,238000,4,238000,44c388e1767bc244,-2470.630371094,35214,133999,2.7523,-3.8952,6.6476,108.7598,0.06112,0.8922,0.9705,1.0877
osw-cql-seed1-B,cql,238000,5,238000,44c388e1767bc244,-2470.630371094,40938,30344,9.7964,-9.8843,19.6807,108.7598,0.18096,0.9293,1.0687,1.15
osw-cql-seed1-B,cql,238000,6,238000,44c388e1767bc244,-2470.630371094,51996,11915,2.9856,-18.8547,21.8402,108.7598,0.20081,0.9424,1.1241,1.1928
osw-cql-seed1-B,cql,238000,7,238000,44c388e1767bc244,-2470.630371094,64933,19513,2.2062,-16.124,18.3302,108.7598,0.16854,0.9115,1.0704,1.1744
osw-cql-seed1-B,cql,238000,11,238000,44c388e1767bc244,-2470.630371094,76763,39227,-0.4666,-11.0662,10.5996,108.7598,0.09746,0.9591,1.0398,1.0841
osw-cql-seed1-B,cql,238000,12,238000,44c388e1767bc244,-2470.630371094,33583,82841,-6.3676,-5.8218,-0.5458,108.7598,-0.00502,0.9464,1.0115,1.0688
osw-cql-seed1-B,cql,238000,13,238000,44c388e1767bc244,-2470.630371094,29838,52509,3.4333,-6.2422,9.6755,108.7598,0.08896,0.9079,1.036,1.1411
osw-cql-seed1-B,cql,238000,14,238000,44c388e1767bc244,-2470.630371094,36307,14110,15.4825,-15.3118,30.7943,108.7598,0.28314,0.9493,1.1603,1.2222
osw-cql-seed1-B,cql,239000,0,239000,2c32806b01163726,-2481.104980469,237311,68413,37.1282,-24.0911,61.2193,108.6399,0.56351,0.8515,1.1574,1.3592
osw-cql-seed1-B,cql,239000,2,239000,2c32806b01163726,-2481.104980469,168808,33814,14.3415,-12.6811,27.0226,108.6399,0.24874,0.8924,1.0111,1.133
osw-cql-seed1-B,cql,239000,4,239000,2c32806b01163726,-2481.104980469,35214,133999,2.4225,-4.3738,6.7963,108.6399,0.06256,0.895,0.9699,1.0837
osw-cql-seed1-B,cql,239000,5,239000,2c32806b01163726,-2481.104980469,40938,30344,7.5799,-10.3309,17.9108,108.6399,0.16486,0.9301,1.0693,1.1496
osw-cql-seed1-B,cql,239000,6,239000,2c32806b01163726,-2481.104980469,51996,11915,2.0351,-20.1587,22.1938,108.6399,0.20429,0.943,1.1149,1.1824
osw-cql-seed1-B,cql,239000,7,239000,2c32806b01163726,-2481.104980469,64933,19513,1.2664,-16.7057,17.9721,108.6399,0.16543,0.9109,1.0684,1.173
osw-cql-seed1-B,cql,239000,11,239000,2c32806b01163726,-2481.104980469,76763,39227,-0.6681,-11.4965,10.8284,108.6399,0.09967,0.9587,1.0381,1.0828
osw-cql-seed1-B,cql,239000,12,239000,2c32806b01163726,-2481.104980469,33583,82841,-5.7684,-5.9515,0.1831,108.6399,0.00169,0.9482,1.0112,1.0665
osw-cql-seed1-B,cql,239000,13,239000,2c32806b01163726,-2481.104980469,29838,52509,4.3047,-6.0378,10.3426,108.6399,0.0952,0.9104,1.0365,1.1385
osw-cql-seed1-B,cql,239000,14,239000,2c32806b01163726,-2481.104980469,36307,14110,15.6705,-15.7555,31.4261,108.6399,0.28927,0.9527,1.1572,1.2147
osw-cql-seed1-B,cql,240000,0,240000,152bdaf0285a2d0a,-2485.964599609,237311,68413,37.6247,-23.2318,60.8566,108.387,0.56147,0.8518,1.1536,1.3544
osw-cql-seed1-B,cql,240000,2,240000,152bdaf0285a2d0a,-2485.964599609,168808,33814,14.1594,-13.0372,27.1967,108.387,0.25092,0.8936,1.0141,1.1348
osw-cql-seed1-B,cql,240000,4,240000,152bdaf0285a2d0a,-2485.964599609,35214,133999,3.24,-4.2579,7.4979,108.387,0.06918,0.8962,0.9706,1.0831
osw-cql-seed1-B,cql,240000,5,240000,152bdaf0285a2d0a,-2485.964599609,40938,30344,9.9569,-9.4644,19.4214,108.387,0.17919,0.9317,1.0687,1.1471
osw-cql-seed1-B,cql,240000,6,240000,152bdaf0285a2d0a,-2485.964599609,51996,11915,3.7914,-18.8212,22.6126,108.387,0.20863,0.9432,1.1221,1.1896
osw-cql-seed1-B,cql,240000,7,240000,152bdaf0285a2d0a,-2485.964599609,64933,19513,1.8274,-15.6637,17.4911,108.387,0.16138,0.9111,1.07,1.1744
osw-cql-seed1-B,cql,240000,11,240000,152bdaf0285a2d0a,-2485.964599609,76763,39227,-0.4537,-11.2856,10.8319,108.387,0.09994,0.9597,1.0391,1.0827
osw-cql-seed1-B,cql,240000,12,240000,152bdaf0285a2d0a,-2485.964599609,33583,82841,-6.1833,-6.0025,-0.1808,108.387,-0.00167,0.9483,1.0121,1.0673
osw-cql-seed1-B,cql,240000,13,240000,152bdaf0285a2d0a,-2485.964599609,29838,52509,4.1093,-5.6901,9.7995,108.387,0.09041,0.9104,1.0368,1.1388
osw-cql-seed1-B,cql,240000,14,240000,152bdaf0285a2d0a,-2485.964599609,36307,14110,16.8772,-14.5991,31.4763,108.387,0.29041,0.9521,1.1601,1.2185
osw-cql-seed1-B,cql,241000,0,241000,d74ecd530a71e06c,-2494.879150391,237311,68413,37.9279,-24.2501,62.178,109.232,0.56923,0.8497,1.1513,1.3549
osw-cql-seed1-B,cql,241000,2,241000,d74ecd530a71e06c,-2494.879150391,168808,33814,13.6321,-12.5734,26.2056,109.232,0.23991,0.8916,1.0098,1.1326
osw-cql-seed1-B,cql,241000,4,241000,d74ecd530a71e06c,-2494.879150391,35214,133999,2.478,-4.104,6.582,109.232,0.06026,0.8964,0.9702,1.0824
osw-cql-seed1-B,cql,241000,5,241000,d74ecd530a71e06c,-2494.879150391,40938,30344,9.0233,-9.9634,18.9868,109.232,0.17382,0.931,1.0684,1.1477
osw-cql-seed1-B,cql,241000,6,241000,d74ecd530a71e06c,-2494.879150391,51996,11915,1.9101,-19.176,21.086,109.232,0.19304,0.9445,1.1228,1.1889
osw-cql-seed1-B,cql,241000,7,241000,d74ecd530a71e06c,-2494.879150391,64933,19513,1.222,-16.0332,17.2552,109.232,0.15797,0.9117,1.0702,1.1739
osw-cql-seed1-B,cql,241000,11,241000,d74ecd530a71e06c,-2494.879150391,76763,39227,-0.7803,-11.1207,10.3405,109.232,0.09467,0.9587,1.0397,1.0845
osw-cql-seed1-B,cql,241000,12,241000,d74ecd530a71e06c,-2494.879150391,33583,82841,-6.1235,-5.8186,-0.3049,109.232,-0.00279,0.9475,1.0117,1.0678
osw-cql-seed1-B,cql,241000,13,241000,d74ecd530a71e06c,-2494.879150391,29838,52509,4.4513,-5.5257,9.9771,109.232,0.09134,0.9108,1.0365,1.138
osw-cql-seed1-B,cql,241000,14,241000,d74ecd530a71e06c,-2494.879150391,36307,14110,17.1106,-14.9478,32.0584,109.232,0.29349,0.9528,1.1611,1.2186
osw-cql-seed1-B,cql,242000,0,242000,f1d26f2772d9bff8,-2501.546875,237311,68413,38.4028,-24.3651,62.768,108.7568,0.57714,0.85,1.1551,1.3589
osw-cql-seed1-B,cql,242000,2,242000,f1d26f2772d9bff8,-2501.546875,168808,33814,14.7312,-12.4517,27.1829,108.7568,0.24994,0.8925,1.0146,1.1368
osw-cql-seed1-B,cql,242000,4,242000,f1d26f2772d9bff8,-2501.546875,35214,133999,2.7576,-4.288,7.0456,108.7568,0.06478,0.8944,0.9704,1.085
osw-cql-seed1-B,cql,242000,5,242000,f1d26f2772d9bff8,-2501.546875,40938,30344,7.7837,-10.5087,18.2924,108.7568,0.1682,0.9304,1.0681,1.1479
osw-cql-seed1-B,cql,242000,6,242000,f1d26f2772d9bff8,-2501.546875,51996,11915,3.1284,-18.5509,21.6793,108.7568,0.19934,0.9445,1.1164,1.182
osw-cql-seed1-B,cql,242000,7,242000,f1d26f2772d9bff8,-2501.546875,64933,19513,1.6617,-15.7062,17.3678,108.7568,0.15969,0.9128,1.0701,1.1723
osw-cql-seed1-B,cql,242000,11,242000,f1d26f2772d9bff8,-2501.546875,76763,39227,-0.4848,-10.9669,10.4821,108.7568,0.09638,0.9596,1.0387,1.0825
osw-cql-seed1-B,cql,242000,12,242000,f1d26f2772d9bff8,-2501.546875,33583,82841,-6.6045,-6.2175,-0.387,108.7568,-0.00356,0.9478,1.0115,1.0673
osw-cql-seed1-B,cql,242000,13,242000,f1d26f2772d9bff8,-2501.546875,29838,52509,3.2689,-6.0398,9.3086,108.7568,0.08559,0.9086,1.0375,1.1418
osw-cql-seed1-B,cql,242000,14,242000,f1d26f2772d9bff8,-2501.546875,36307,14110,16.037,-15.3094,31.3464,108.7568,0.28822,0.9532,1.1583,1.2152
osw-cql-seed1-B,cql,243000,0,243000,f636db7b7f8137fb,-2510.833251953,237311,68413,37.8003,-24.097,61.8973,108.4,0.57101,0.8508,1.1526,1.3547
osw-cql-seed1-B,cql,243000,2,243000,f636db7b7f8137fb,-2510.833251953,168808,33814,14.1463,-12.9394,27.0857,108.4,0.24987,0.8917,1.0116,1.1345
osw-cql-seed1-B,cql,243000,4,243000,f636db7b7f8137fb,-2510.833251953,35214,133999,3.479,-4.1466,7.6256,108.4,0.07035,0.8918,0.9698,1.0874
osw-cql-seed1-B,cql,243000,5,243000,f636db7b7f8137fb,-2510.833251953,40938,30344,9.2807,-9.948,19.2287,108.4,0.17739,0.9298,1.0678,1.1485
osw-cql-seed1-B,cql,243000,6,243000,f636db7b7f8137fb,-2510.833251953,51996,11915,2.1327,-20.0083,22.141,108.4,0.20425,0.943,1.121,1.1887
osw-cql-seed1-B,cql,243000,7,243000,f636db7b7f8137fb,-2510.833251953,64933,19513,1.8303,-16.693,18.5233,108.4,0.17088,0.9137,1.0721,1.1734
osw-cql-seed1-B,cql,243000,11,243000,f636db7b7f8137fb,-2510.833251953,76763,39227,-1.7349,-12.175,10.4402,108.4,0.09631,0.9584,1.0382,1.0833
osw-cql-seed1-B,cql,243000,12,243000,f636db7b7f8137fb,-2510.833251953,33583,82841,-5.9359,-6.1437,0.2078,108.4,0.00192,0.9467,1.0117,1.0686
osw-cql-seed1-B,cql,243000,13,243000,f636db7b7f8137fb,-2510.833251953,29838,52509,4.5438,-5.8107,10.3545,108.4,0.09552,0.9084,1.0361,1.1405
osw-cql-seed1-B,cql,243000,14,243000,f636db7b7f8137fb,-2510.833251953,36307,14110,17.1043,-15.2028,32.3071,108.4,0.29804,0.9526,1.1574,1.2149
osw-cql-seed1-B,cql,244000,0,244000,ab30fde7aa677213,-2522.741699219,237311,68413,37.6636,-23.3906,61.0542,108.4726,0.56285,0.851,1.1536,1.3556
osw-cql-seed1-B,cql,244000,2,244000,ab30fde7aa677213,-2522.741699219,168808,33814,13.2394,-12.9056,26.145,108.4726,0.24103,0.8913,1.0116,1.1349
osw-cql-seed1-B,cql,244000,4,244000,ab30fde7aa677213,-2522.741699219,35214,133999,2.353,-4.759,7.112,108.4726,0.06556,0.8953,0.97,1.0834
osw-cql-seed1-B,cql,244000,5,244000,ab30fde7aa677213,-2522.741699219,40938,30344,7.008,-11.1738,18.1818,108.4726,0.16762,0.9322,1.0689,1.1467
osw-cql-seed1-B,cql,244000,6,244000,ab30fde7aa677213,-2522.741699219,51996,11915,1.5388,-19.6071,21.1459,108.4726,0.19494,0.9439,1.1204,1.1871
osw-cql-seed1-B,cql,244000,7,244000,ab30fde7aa677213,-2522.741699219,64933,19513,1.392,-16.3233,17.7152,108.4726,0.16332,0.9114,1.071,1.1751
osw-cql-seed1-B,cql,244000,11,244000,ab30fde7aa677213,-2522.741699219,76763,39227,-0.9088,-11.7099,10.8011,108.4726,0.09957,0.9598,1.0405,1.084
osw-cql-seed1-B,cql,244000,12,244000,ab30fde7aa677213,-2522.741699219,33583,82841,-6.4564,-6.4393,-0.0171,108.4726,-0.00016,0.9463,1.0117,1.069
osw-cql-seed1-B,cql,244000,13,244000,ab30fde7aa677213,-2522.741699219,29838,52509,3.3907,-6.596,9.9867,108.4726,0.09207,0.9121,1.037,1.137
osw-cql-seed1-B,cql,244000,14,244000,ab30fde7aa677213,-2522.741699219,36307,14110,15.0122,-16.039,31.0512,108.4726,0.28626,0.9549,1.1622,1.217
osw-cql-seed1-B,cql,245000,0,245000,6d7615db82a82c4f,-2535.249755859,237311,68413,37.396,-23.6811,61.0772,108.5244,0.5628,0.8506,1.1568,1.36
osw-cql-seed1-B,cql,245000,2,245000,6d7615db82a82c4f,-2535.249755859,168808,33814,13.8597,-12.6875,26.5472,108.5244,0.24462,0.8913,1.0118,1.1352
osw-cql-seed1-B,cql,245000,4,245000,6d7615db82a82c4f,-2535.249755859,35214,133999,3.8451,-4.2442,8.0894,108.5244,0.07454,0.8943,0.9711,1.0859
osw-cql-seed1-B,cql,245000,5,245000,6d7615db82a82c4f,-2535.249755859,40938,30344,8.846,-10.2589,19.1048,108.5244,0.17604,0.9295,1.0689,1.15
osw-cql-seed1-B,cql,245000,6,245000,6d7615db82a82c4f,-2535.249755859,51996,11915,2.7981,-19.3957,22.1938,108.5244,0.20451,0.9465,1.1222,1.1857
osw-cql-seed1-B,cql,245000,7,245000,6d7615db82a82c4f,-2535.249755859,64933,19513,2.4664,-15.4916,17.958,108.5244,0.16547,0.9119,1.0713,1.1749
osw-cql-seed1-B,cql,245000,11,245000,6d7615db82a82c4f,-2535.249755859,76763,39227,-0.8731,-11.3168,10.4437,108.5244,0.09623,0.9594,1.0398,1.0838
osw-cql-seed1-B,cql,245000,12,245000,6d7615db82a82c4f,-2535.249755859,33583,82841,-6.8345,-6.1511,-0.6833,108.5244,-0.0063,0.9491,1.0125,1.0669
osw-cql-seed1-B,cql,245000,13,245000,6d7615db82a82c4f,-2535.249755859,29838,52509,3.2016,-6.1545,9.3561,108.5244,0.08621,0.9101,1.0381,1.1406
osw-cql-seed1-B,cql,245000,14,245000,6d7615db82a82c4f,-2535.249755859,36307,14110,15.7858,-15.2936,31.0794,108.5244,0.28638,0.9542,1.1591,1.2147
osw-cql-seed1-B,cql,246000,0,246000,0190ad431be7963c,-2544.108398438,237311,68413,36.9403,-23.8353,60.7756,107.3571,0.56611,0.85,1.1507,1.3538
osw-cql-seed1-B,cql,246000,2,246000,0190ad431be7963c,-2544.108398438,168808,33814,13.807,-12.6734,26.4804,107.3571,0.24666,0.891,1.0097,1.1333
osw-cql-seed1-B,cql,246000,4,246000,0190ad431be7963c,-2544.108398438,35214,133999,2.7879,-4.5452,7.3331,107.3571,0.06831,0.8917,0.9697,1.0874
osw-cql-seed1-B,cql,246000,5,246000,0190ad431be7963c,-2544.108398438,40938,30344,8.7309,-10.5789,19.3098,107.3571,0.17987,0.929,1.0701,1.1518
osw-cql-seed1-B,cql,246000,6,246000,0190ad431be7963c,-2544.108398438,51996,11915,2.4662,-19.4428,21.909,107.3571,0.20408,0.944,1.122,1.1886
osw-cql-seed1-B,cql,246000,7,246000,0190ad431be7963c,-2544.108398438,64933,19513,1.0382,-16.2192,17.2574,107.3571,0.16075,0.9119,1.0691,1.1724
osw-cql-seed1-B,cql,246000,11,246000,0190ad431be7963c,-2544.108398438,76763,39227,-0.7036,-11.3393,10.6357,107.3571,0.09907,0.9581,1.0388,1.0843
osw-cql-seed1-B,cql,246000,12,246000,0190ad431be7963c,-2544.108398438,33583,82841,-6.1849,-6.0719,-0.113,107.3571,-0.00105,0.9475,1.0112,1.0672
osw-cql-seed1-B,cql,246000,13,246000,0190ad431be7963c,-2544.108398438,29838,52509,3.6564,-5.9615,9.6179,107.3571,0.08959,0.9084,1.0369,1.1414
osw-cql-seed1-B,cql,246000,14,246000,0190ad431be7963c,-2544.108398438,36307,14110,15.1652,-15.3625,30.5277,107.3571,0.28436,0.9507,1.1616,1.2219
osw-cql-seed1-B,cql,247000,0,247000,e3e47808a2013f59,-2558.562988281,237311,68413,38.8352,-22.8368,61.6721,109.3604,0.56393,0.8507,1.1561,1.3591
osw-cql-seed1-B,cql,247000,2,247000,e3e47808a2013f59,-2558.562988281,168808,33814,13.9597,-12.4085,26.3683,109.3604,0.24111,0.893,1.0132,1.1346
osw-cql-seed1-B,cql,247000,4,247000,e3e47808a2013f59,-2558.562988281,35214,133999,3.4047,-3.9266,7.3313,109.3604,0.06704,0.8926,0.9696,1.0863
osw-cql-seed1-B,cql,247000,5,247000,e3e47808a2013f59,-2558.562988281,40938,30344,8.2319,-10.1525,18.3844,109.3604,0.16811,0.9319,1.068,1.1461
osw-cql-seed1-B,cql,247000,6,247000,e3e47808a2013f59,-2558.562988281,51996,11915,2.6794,-19.1689,21.8483,109.3604,0.19978,0.9423,1.1209,1.1896
osw-cql-seed1-B,cql,247000,7,247000,e3e47808a2013f59,-2558.562988281,64933,19513,1.7369,-16.1819,17.9187,109.3604,0.16385,0.9131,1.071,1.1729
osw-cql-seed1-B,cql,247000,11,247000,e3e47808a2013f59,-2558.562988281,76763,39227,-1.45,-11.7265,10.2766,109.3604,0.09397,0.9603,1.0412,1.0842
osw-cql-seed1-B,cql,247000,12,247000,e3e47808a2013f59,-2558.562988281,33583,82841,-5.181,-5.6865,0.5055,109.3604,0.00462,0.9474,1.0122,1.0684
osw-cql-seed1-B,cql,247000,13,247000,e3e47808a2013f59,-2558.562988281,29838,52509,4.1949,-5.7181,9.913,109.3604,0.09064,0.9082,1.0364,1.1411
osw-cql-seed1-B,cql,247000,14,247000,e3e47808a2013f59,-2558.562988281,36307,14110,16.5529,-15.1976,31.7505,109.3604,0.29033,0.9547,1.1595,1.2145
osw-cql-seed1-B,cql,248000,0,248000,2d81df4903f8dae1,-2567.272460938,237311,68413,36.6248,-23.9604,60.5852,108.0455,0.56074,0.8526,1.1536,1.353
osw-cql-seed1-B,cql,248000,2,248000,2d81df4903f8dae1,-2567.272460938,168808,33814,14.0725,-12.9376,27.01,108.0455,0.24999,0.8921,1.0118,1.1342
osw-cql-seed1-B,cql,248000,4,248000,2d81df4903f8dae1,-2567.272460938,35214,133999,2.8082,-3.8151,6.6233,108.0455,0.0613,0.8949,0.9702,1.0842
osw-cql-seed1-B,cql,248000,5,248000,2d81df4903f8dae1,-2567.272460938,40938,30344,9.3884,-9.5378,18.9263,108.0455,0.17517,0.9328,1.0704,1.1475
osw-cql-seed1-B,cql,248000,6,248000,2d81df4903f8dae1,-2567.272460938,51996,11915,3.2399,-18.8598,22.0996,108.0455,0.20454,0.9443,1.1205,1.1866
osw-cql-seed1-B,cql,248000,7,248000,2d81df4903f8dae1,-2567.272460938,64933,19513,2.1306,-15.2785,17.4092,108.0455,0.16113,0.9126,1.0723,1.175
osw-cql-seed1-B,cql,248000,11,248000,2d81df4903f8dae1,-2567.272460938,76763,39227,-0.4908,-11.3818,10.891,108.0455,0.1008,0.9595,1.0398,1.0837
osw-cql-seed1-B,cql,248000,12,248000,2d81df4903f8dae1,-2567.272460938,33583,82841,-5.6774,-5.5562,-0.1213,108.0455,-0.00112,0.9464,1.011,1.0683
osw-cql-seed1-B,cql,248000,13,248000,2d81df4903f8dae1,-2567.272460938,29838,52509,4.2503,-5.5322,9.7826,108.0455,0.09054,0.91,1.0379,1.1405
osw-cql-seed1-B,cql,248000,14,248000,2d81df4903f8dae1,-2567.272460938,36307,14110,15.4338,-15.2803,30.7141,108.0455,0.28427,0.953,1.1664,1.2239
osw-cql-seed1-B,cql,249000,0,249000,0a0e828e14cc2325,-2572.031982422,237311,68413,37.0019,-24.0584,61.0603,108.5137,0.5627,0.85,1.1536,1.3572
osw-cql-seed1-B,cql,249000,2,249000,0a0e828e14cc2325,-2572.031982422,168808,33814,13.4068,-12.4662,25.873,108.5137,0.23843,0.8916,1.0117,1.1346
osw-cql-seed1-B,cql,249000,4,249000,0a0e828e14cc2325,-2572.031982422,35214,133999,1.0916,-4.1619,5.2535,108.5137,0.04841,0.8936,0.9707,1.0863
osw-cql-seed1-B,cql,249000,5,249000,0a0e828e14cc2325,-2572.031982422,40938,30344,8.05,-9.8862,17.9361,108.5137,0.16529,0.9284,1.0708,1.1534
osw-cql-seed1-B,cql,249000,6,249000,0a0e828e14cc2325,-2572.031982422,51996,11915,2.7638,-19.4388,22.2026,108.5137,0.20461,0.9426,1.1224,1.1907
osw-cql-seed1-B,cql,249000,7,249000,0a0e828e14cc2325,-2572.031982422,64933,19513,1.2807,-16.3146,17.5953,108.5137,0.16215,0.9118,1.0702,1.1737
osw-cql-seed1-B,cql,249000,11,249000,0a0e828e14cc2325,-2572.031982422,76763,39227,-0.6517,-11.6115,10.9598,108.5137,0.101,0.9587,1.0401,1.0849
osw-cql-seed1-B,cql,249000,12,249000,0a0e828e14cc2325,-2572.031982422,33583,82841,-6.418,-6.3746,-0.0434,108.5137,-0.0004,0.9458,1.0112,1.0692
osw-cql-seed1-B,cql,249000,13,249000,0a0e828e14cc2325,-2572.031982422,29838,52509,4.0978,-6.2026,10.3005,108.5137,0.09492,0.9094,1.0375,1.1408
osw-cql-seed1-B,cql,249000,14,249000,0a0e828e14cc2325,-2572.031982422,36307,14110,17.2585,-15.1826,32.4411,108.5137,0.29896,0.9493,1.1636,1.2258
osw-cql-seed1-B,cql,250000,0,250000,31b758dbfbff2ae0,-2583.016601562,237311,68413,37.9954,-23.5239,61.5193,109.2128,0.5633,0.8516,1.1546,1.3558
osw-cql-seed1-B,cql,250000,2,250000,31b758dbfbff2ae0,-2583.016601562,168808,33814,13.0843,-12.6417,25.726,109.2128,0.23556,0.8923,1.0119,1.134
osw-cql-seed1-B,cql,250000,4,250000,31b758dbfbff2ae0,-2583.016601562,35214,133999,2.9645,-4.2404,7.2049,109.2128,0.06597,0.8934,0.9692,1.0848
osw-cql-seed1-B,cql,250000,5,250000,31b758dbfbff2ae0,-2583.016601562,40938,30344,8.9158,-10.358,19.2738,109.2128,0.17648,0.9278,1.0659,1.1489
osw-cql-seed1-B,cql,250000,6,250000,31b758dbfbff2ae0,-2583.016601562,51996,11915,3.1408,-18.9667,22.1075,109.2128,0.20243,0.943,1.1187,1.1864
osw-cql-seed1-B,cql,250000,7,250000,31b758dbfbff2ae0,-2583.016601562,64933,19513,1.4419,-15.6153,17.0572,109.2128,0.15618,0.9123,1.0714,1.1744
osw-cql-seed1-B,cql,250000,11,250000,31b758dbfbff2ae0,-2583.016601562,76763,39227,-1.4389,-11.7735,10.3346,109.2128,0.09463,0.9593,1.0396,1.0837
osw-cql-seed1-B,cql,250000,12,250000,31b758dbfbff2ae0,-2583.016601562,33583,82841,-6.0056,-5.9293,-0.0763,109.2128,-0.0007,0.9488,1.0119,1.0665
osw-cql-seed1-B,cql,250000,13,250000,31b758dbfbff2ae0,-2583.016601562,29838,52509,3.8322,-5.9791,9.8112,109.2128,0.08984,0.9084,1.0351,1.1394
osw-cql-seed1-B,cql,250000,14,250000,31b758dbfbff2ae0,-2583.016601562,36307,14110,17.1991,-15.2937,32.4928,109.2128,0.29752,0.9511,1.1557,1.2151
osw-cql-seed1-B,cql,251000,0,251000,6c5b085d5c95abb9,-2597.074707031,237311,68413,36.5598,-24.6505,61.2104,108.6397,0.56343,0.8504,1.1539,1.3568
osw-cql-seed1-B,cql,251000,2,251000,6c5b085d5c95abb9,-2597.074707031,168808,33814,13.4091,-12.9293,26.3383,108.6397,0.24244,0.8915,1.0111,1.1342
osw-cql-seed1-B,cql,251000,4,251000,6c5b085d5c95abb9,-2597.074707031,35214,133999,3.5365,-4.3244,7.8609,108.6397,0.07236,0.8899,0.9688,1.0887
osw-cql-seed1-B,cql,251000,5,251000,6c5b085d5c95abb9,-2597.074707031,40938,30344,10.1764,-9.7731,19.9495,108.6397,0.18363,0.9278,1.0667,1.1498
osw-cql-seed1-B,cql,251000,6,251000,6c5b085d5c95abb9,-2597.074707031,51996,11915,2.2208,-18.5375,20.7582,108.6397,0.19107,0.9432,1.1177,1.185
osw-cql-seed1-B,cql,251000,7,251000,6c5b085d5c95abb9,-2597.074707031,64933,19513,0.0792,-16.6573,16.7365,108.6397,0.15406,0.9113,1.0684,1.1724
osw-cql-seed1-B,cql,251000,11,251000,6c5b085d5c95abb9,-2597.074707031,76763,39227,-0.6154,-11.4208,10.8054,108.6397,0.09946,0.9587,1.0387,1.0834
osw-cql-seed1-B,cql,251000,12,251000,6c5b085d5c95abb9,-2597.074707031,33583,82841,-6.5466,-6.3405,-0.206,108.6397,-0.0019,0.9455,1.0101,1.0683
osw-cql-seed1-B,cql,251000,13,251000,6c5b085d5c95abb9,-2597.074707031,29838,52509,3.8036,-6.1726,9.9763,108.6397,0.09183,0.9068,1.036,1.1424
osw-cql-seed1-B,cql,251000,14,251000,6c5b085d5c95abb9,-2597.074707031,36307,14110,16.3069,-15.0259,31.3329,108.6397,0.28841,0.9506,1.1609,1.2212
osw-cql-seed1-B,cql,252000,0,252000,817222b7f4a8e374,-2608.830078125,237311,68413,36.4564,-24.363,60.8193,108.6907,0.55956,0.8516,1.1549,1.3561
osw-cql-seed1-B,cql,252000,2,252000,817222b7f4a8e374,-2608.830078125,168808,33814,13.6767,-13.3193,26.996,108.6907,0.24837,0.8928,1.0122,1.1337
osw-cql-seed1-B,cql,252000,4,252000,817222b7f4a8e374,-2608.830078125,35214,133999,2.7431,-4.3251,7.0683,108.6907,0.06503,0.8913,0.9689,1.087
osw-cql-seed1-B,cql,252000,5,252000,817222b7f4a8e374,-2608.830078125,40938,30344,9.707,-9.7858,19.4928,108.6907,0.17934,0.9297,1.0669,1.1477
osw-cql-seed1-B,cql,252000,6,252000,817222b7f4a8e374,-2608.830078125,51996,11915,2.5927,-19.2367,21.8294,108.6907,0.20084,0.9424,1.1215,1.19
osw-cql-seed1-B,cql,252000,7,252000,817222b7f4a8e374,-2608.830078125,64933,19513,1.1103,-16.4594,17.5697,108.6907,0.16165,0.9102,1.069,1.1745
osw-cql-seed1-B,cql,252000,11,252000,817222b7f4a8e374,-2608.830078125,76763,39227,-1.5472,-12.0203,10.4731,108.6907,0.09636,0.9582,1.0388,1.084
osw-cql-seed1-B,cql,252000,12,252000,817222b7f4a8e374,-2608.830078125,33583,82841,-7.4362,-6.3024,-1.1337,108.6907,-0.01043,0.9481,1.0106,1.0659
osw-cql-seed1-B,cql,252000,13,252000,817222b7f4a8e374,-2608.830078125,29838,52509,3.9642,-5.7189,9.6831,108.6907,0.08909,0.9082,1.0355,1.1401
osw-cql-seed1-B,cql,252000,14,252000,817222b7f4a8e374,-2608.830078125,36307,14110,17.0891,-14.9966,32.0857,108.6907,0.2952,0.9506,1.1589,1.2191
osw-cql-seed1-B,cql,253000,0,253000,f3e27df95a61d45e,-2618.601318359,237311,68413,36.5169,-24.3084,60.8253,107.8698,0.56388,0.8512,1.1529,1.3544
osw-cql-seed1-B,cql,253000,2,253000,f3e27df95a61d45e,-2618.601318359,168808,33814,12.9725,-13.0537,26.0262,107.8698,0.24127,0.8925,1.0099,1.1315
osw-cql-seed1-B,cql,253000,4,253000,f3e27df95a61d45e,-2618.601318359,35214,133999,2.7664,-4.3024,7.0688,107.8698,0.06553,0.8963,0.9702,1.0825
osw-cql-seed1-B,cql,253000,5,253000,f3e27df95a61d45e,-2618.601318359,40938,30344,8.8633,-10.2983,19.1616,107.8698,0.17764,0.9306,1.0711,1.1509
osw-cql-seed1-B,cql,253000,6,253000,f3e27df95a61d45e,-2618.601318359,51996,11915,2.5144,-19.0782,21.5926,107.8698,0.20017,0.9432,1.12,1.1874
osw-cql-seed1-B,cql,253000,7,253000,f3e27df95a61d45e,-2618.601318359,64933,19513,1.332,-16.0501,17.3821,107.8698,0.16114,0.9114,1.0703,1.1744
osw-cql-seed1-B,cql,253000,11,253000,f3e27df95a61d45e,-2618.601318359,76763,39227,-0.9325,-11.3882,10.4557,107.8698,0.09693,0.959,1.0397,1.0841
osw-cql-seed1-B,cql,253000,12,253000,f3e27df95a61d45e,-2618.601318359,33583,82841,-5.4191,-5.9456,0.5264,107.8698,0.00488,0.9475,1.0111,1.0672
osw-cql-seed1-B,cql,253000,13,253000,f3e27df95a61d45e,-2618.601318359,29838,52509,4.0318,-5.8315,9.8633,107.8698,0.09144,0.9111,1.0381,1.1394
osw-cql-seed1-B,cql,253000,14,253000,f3e27df95a61d45e,-2618.601318359,36307,14110,15.5086,-15.2869,30.7955,107.8698,0.28549,0.9495,1.162,1.2238
osw-cql-seed1-B,cql,254000,0,254000,867f23d929eeb2b7,-2630.255859375,237311,68413,37.3899,-23.3923,60.7822,109.0819,0.55722,0.85,1.156,1.3601
osw-cql-seed1-B,cql,254000,2,254000,867f23d929eeb2b7,-2630.255859375,168808,33814,12.8638,-13.0792,25.943,109.0819,0.23783,0.8919,1.0099,1.1324
osw-cql-seed1-B,cql,254000,4,254000,867f23d929eeb2b7,-2630.255859375,35214,133999,3.0346,-4.261,7.2957,109.0819,0.06688,0.8918,0.9701,1.0878
osw-cql-seed1-B,cql,254000,5,254000,867f23d929eeb2b7,-2630.255859375,40938,30344,9.4587,-10.4889,19.9476,109.0819,0.18287,0.9272,1.0681,1.1519
osw-cql-seed1-B,cql,254000,6,254000,867f23d929eeb2b7,-2630.255859375,51996,11915,3.2132,-18.8215,22.0347,109.0819,0.202,0.9413,1.1215,1.1914
osw-cql-seed1-B,cql,254000,7,254000,867f23d929eeb2b7,-2630.255859375,64933,19513,1.672,-16.1354,17.8073,109.0819,0.16325,0.9124,1.0694,1.172
osw-cql-seed1-B,cql,254000,11,254000,867f23d929eeb2b7,-2630.255859375,76763,39227,-0.9944,-11.4725,10.4781,109.0819,0.09606,0.9596,1.0401,1.0838
osw-cql-seed1-B,cql,254000,12,254000,867f23d929eeb2b7,-2630.255859375,33583,82841,-7.2452,-6.6096,-0.6356,109.0819,-0.00583,0.9482,1.0119,1.0672
osw-cql-seed1-B,cql,254000,13,254000,867f23d929eeb2b7,-2630.255859375,29838,52509,3.2962,-6.5316,9.8278,109.0819,0.0901,0.9067,1.0364,1.1431
osw-cql-seed1-B,cql,254000,14,254000,867f23d929eeb2b7,-2630.255859375,36307,14110,16.11,-15.5583,31.6684,109.0819,0.29032,0.9488,1.1608,1.2234
osw-cql-seed1-B,cql,255000,0,255000,89de79c1faea698e,-2638.527832031,237311,68413,35.8239,-24.3701,60.1941,107.6555,0.55914,0.8522,1.1546,1.3548
osw-cql-seed1-B,cql,255000,2,255000,89de79c1faea698e,-2638.527832031,168808,33814,13.4858,-12.4117,25.8975,107.6555,0.24056,0.8927,1.012,1.1337
osw-cql-seed1-B,cql,255000,4,255000,89de79c1faea698e,-2638.527832031,35214,133999,3.2429,-4.1936,7.4365,107.6555,0.06908,0.8944,0.9696,1.0841
osw-cql-seed1-B,cql,255000,5,255000,89de79c1faea698e,-2638.527832031,40938,30344,9.1729,-10.0541,19.2269,107.6555,0.1786,0.9302,1.0681,1.1482
osw-cql-seed1-B,cql,255000,6,255000,89de79c1faea698e,-2638.527832031,51996,11915,2.6205,-19.1331,21.7536,107.6555,0.20207,0.9438,1.1218,1.1886
osw-cql-seed1-B,cql,255000,7,255000,89de79c1faea698e,-2638.527832031,64933,19513,1.7661,-15.9779,17.744,107.6555,0.16482,0.9114,1.0697,1.1737
osw-cql-seed1-B,cql,255000,11,255000,89de79c1faea698e,-2638.527832031,76763,39227,-0.726,-11.4255,10.6995,107.6555,0.09939,0.9593,1.0406,1.0848
osw-cql-seed1-B,cql,255000,12,255000,89de79c1faea698e,-2638.527832031,33583,82841,-5.7437,-6.2313,0.4876,107.6555,0.00453,0.9478,1.0118,1.0675
osw-cql-seed1-B,cql,255000,13,255000,89de79c1faea698e,-2638.527832031,29838,52509,4.3751,-6.1363,10.5114,107.6555,0.09764,0.9078,1.0361,1.1413
osw-cql-seed1-B,cql,255000,14,255000,89de79c1faea698e,-2638.527832031,36307,14110,15.8694,-15.4244,31.2938,107.6555,0.29068,0.951,1.1599,1.2196
osw-cql-seed1-B,cql,256000,0,256000,7a34def8685c0542,-2643.065429688,237311,68413,36.9813,-24.0025,60.9838,109.0775,0.55909,0.8517,1.1531,1.3539
osw-cql-seed1-B,cql,256000,2,256000,7a34def8685c0542,-2643.065429688,168808,33814,13.1414,-13.1282,26.2696,109.0775,0.24083,0.8921,1.0131,1.1355
osw-cql-seed1-B,cql,256000,4,256000,7a34def8685c0542,-2643.065429688,35214,133999,3.9352,-4.1993,8.1345,109.0775,0.07458,0.8948,0.9704,1.0844
osw-cql-seed1-B,cql,256000,5,256000,7a34def8685c0542,-2643.065429688,40938,30344,8.4688,-9.8854,18.3542,109.0775,0.16827,0.9293,1.0709,1.1523
osw-cql-seed1-B,cql,256000,6,256000,7a34def8685c0542,-2643.065429688,51996,11915,2.6162,-18.3906,21.0069,109.0775,0.19259,0.9431,1.1205,1.1881
osw-cql-seed1-B,cql,256000,7,256000,7a34def8685c0542,-2643.065429688,64933,19513,1.2359,-16.3782,17.6141,109.0775,0.16148,0.9124,1.0709,1.1737
osw-cql-seed1-B,cql,256000,11,256000,7a34def8685c0542,-2643.065429688,76763,39227,-1.4889,-11.8754,10.3864,109.0775,0.09522,0.9593,1.0396,1.0837
osw-cql-seed1-B,cql,256000,12,256000,7a34def8685c0542,-2643.065429688,33583,82841,-5.4912,-6.254,0.7628,109.0775,0.00699,0.9478,1.0119,1.0676
osw-cql-seed1-B,cql,256000,13,256000,7a34def8685c0542,-2643.065429688,29838,52509,4.394,-5.7139,10.1078,109.0775,0.09267,0.9106,1.0388,1.1408
osw-cql-seed1-B,cql,256000,14,256000,7a34def8685c0542,-2643.065429688,36307,14110,15.7624,-14.845,30.6074,109.0775,0.2806,0.9531,1.1615,1.2187
osw-cql-seed1-B,cql,257000,0,257000,214a8980c2813bcc,-2652.147216797,237311,68413,36.8639,-24.5959,61.4598,108.6701,0.56556,0.8504,1.1529,1.3556
osw-cql-seed1-B,cql,257000,2,257000,214a8980c2813bcc,-2652.147216797,168808,33814,13.4949,-13.018,26.5129,108.6701,0.24398,0.8921,1.0121,1.1345
osw-cql-seed1-B,cql,257000,4,257000,214a8980c2813bcc,-2652.147216797,35214,133999,3.8665,-4.4637,8.3302,108.6701,0.07666,0.8936,0.971,1.0866
osw-cql-seed1-B,cql,257000,5,257000,214a8980c2813bcc,-2652.147216797,40938,30344,8.1358,-10.2644,18.4002,108.6701,0.16932,0.9322,1.0698,1.1476
osw-cql-seed1-B,cql,257000,6,257000,214a8980c2813bcc,-2652.147216797,51996,11915,1.2697,-19.1837,20.4533,108.6701,0.18821,0.943,1.1223,1.1901
osw-cql-seed1-B,cql,257000,7,257000,214a8980c2813bcc,-2652.147216797,64933,19513,0.0461,-16.7438,16.7899,108.6701,0.1545,0.911,1.0691,1.1735
osw-cql-seed1-B,cql,257000,11,257000,214a8980c2813bcc,-2652.147216797,76763,39227,-1.8725,-12.0434,10.1709,108.6701,0.09359,0.959,1.0386,1.083
osw-cql-seed1-B,cql,257000,12,257000,214a8980c2813bcc,-2652.147216797,33583,82841,-6.3499,-6.3196,-0.0303,108.6701,-0.00028,0.9455,1.0107,1.069
osw-cql-seed1-B,cql,257000,13,257000,214a8980c2813bcc,-2652.147216797,29838,52509,2.7485,-5.894,8.6426,108.6701,0.07953,0.9102,1.0376,1.14
osw-cql-seed1-B,cql,257000,14,257000,214a8980c2813bcc,-2652.147216797,36307,14110,15.8247,-14.616,30.4407,108.6701,0.28012,0.9521,1.1632,1.2217
osw-cql-seed1-B,cql,258000,0,258000,d061be1443aa20c0,-2664.114746094,237311,68413,36.3834,-23.1897,59.5731,107.0947,0.55627,0.8512,1.1539,1.3556
osw-cql-seed1-B,cql,258000,2,258000,d061be1443aa20c0,-2664.114746094,168808,33814,13.4877,-12.7995,26.2871,107.0947,0.24546,0.8916,1.0103,1.1331
osw-cql-seed1-B,cql,258000,4,258000,d061be1443aa20c0,-2664.114746094,35214,133999,1.4639,-4.3701,5.834,107.0947,0.05448,0.893,0.9692,1.0854
osw-cql-seed1-B,cql,258000,5,258000,d061be1443aa20c0,-2664.114746094,40938,30344,8.5121,-10.2669,18.779,107.0947,0.17535,0.9297,1.0674,1.1481
osw-cql-seed1-B,cql,258000,6,258000,d061be1443aa20c0,-2664.114746094,51996,11915,2.9587,-18.5121,21.4709,107.0947,0.20048,0.9435,1.1193,1.1863
osw-cql-seed1-B,cql,258000,7,258000,d061be1443aa20c0,-2664.114746094,64933,19513,1.3758,-16.0607,17.4365,107.0947,0.16281,0.9115,1.0711,1.1751
osw-cql-seed1-B,cql,258000,11,258000,d061be1443aa20c0,-2664.114746094,76763,39227,-0.6512,-11.0186,10.3674,107.0947,0.09681,0.9583,1.0387,1.0839
osw-cql-seed1-B,cql,258000,12,258000,d061be1443aa20c0,-2664.114746094,33583,82841,-6.8056,-6.1488,-0.6569,107.0947,-0.00613,0.9474,1.0108,1.0669
osw-cql-seed1-B,cql,258000,13,258000,d061be1443aa20c0,-2664.114746094,29838,52509,1.3003,-6.2349,7.5352,107.0947,0.07036,0.9086,1.0368,1.141
osw-cql-seed1-B,cql,258000,14,258000,d061be1443aa20c0,-2664.114746094,36307,14110,14.8219,-14.9977,29.8195,107.0947,0.27844,0.9528,1.1584,1.2158
osw-cql-seed1-B,cql,259000,0,259000,97cb8e4863c767c5,-2670.280517578,237311,68413,37.4089,-23.3199,60.7288,108.0136,0.56223,0.8495,1.1497,1.3535
osw-cql-seed1-B,cql,259000,2,259000,97cb8e4863c767c5,-2670.280517578,168808,33814,13.6249,-12.9002,26.5251,108.0136,0.24557,0.8936,1.0116,1.132
osw-cql-seed1-B,cql,259000,4,259000,97cb8e4863c767c5,-2670.280517578,35214,133999,4.5353,-3.8506,8.3859,108.0136,0.07764,0.8942,0.9699,1.0846
osw-cql-seed1-B,cql,259000,5,259000,97cb8e4863c767c5,-2670.280517578,40938,30344,10.5667,-9.2402,19.8069,108.0136,0.18337,0.9301,1.0695,1.1498
osw-cql-seed1-B,cql,259000,6,259000,97cb8e4863c767c5,-2670.280517578,51996,11915,2.2962,-19.184,21.4801,108.0136,0.19887,0.9429,1.1246,1.1927
osw-cql-seed1-B,cql,259000,7,259000,97cb8e4863c767c5,-2670.280517578,64933,19513,0.7745,-16.5984,17.3729,108.0136,0.16084,0.9113,1.0706,1.1748
osw-cql-seed1-B,cql,259000,11,259000,97cb8e4863c767c5,-2670.280517578,76763,39227,-0.9198,-11.4971,10.5773,108.0136,0.09793,0.9583,1.0384,1.0837
osw-cql-seed1-B,cql,259000,12,259000,97cb8e4863c767c5,-2670.280517578,33583,82841,-5.7613,-6.017,0.2557,108.0136,0.00237,0.947,1.0112,1.0678
osw-cql-seed1-B,cql,259000,13,259000,97cb8e4863c767c5,-2670.280517578,29838,52509,4.3295,-5.6414,9.9709,108.0136,0.09231,0.9099,1.0376,1.1404
osw-cql-seed1-B,cql,259000,14,259000,97cb8e4863c767c5,-2670.280517578,36307,14110,17.4915,-14.3812,31.8728,108.0136,0.29508,0.9495,1.1635,1.2253
osw-cql-seed1-B,cql,260000,0,260000,e28843c4e7dc78e3,-2678.986816406,237311,68413,37.5181,-24.4143,61.9324,110.277,0.56161,0.8495,1.1492,1.3528
osw-cql-seed1-B,cql,260000,2,260000,e28843c4e7dc78e3,-2678.986816406,168808,33814,14.0637,-12.8175,26.8812,110.277,0.24376,0.8917,1.0117,1.1346
osw-cql-seed1-B,cql,260000,4,260000,e28843c4e7dc78e3,-2678.986816406,35214,133999,3.2544,-4.5584,7.8128,110.277,0.07085,0.8935,0.9697,1.0853
osw-cql-seed1-B,cql,260000,5,260000,e28843c4e7dc78e3,-2678.986816406,40938,30344,8.7092,-10.5703,19.2795,110.277,0.17483,0.9288,1.068,1.1498
osw-cql-seed1-B,cql,260000,6,260000,e28843c4e7dc78e3,-2678.986816406,51996,11915,2.1945,-19.6092,21.8037,110.277,0.19772,0.9415,1.1155,1.1847
osw-cql-seed1-B,cql,260000,7,260000,e28843c4e7dc78e3,-2678.986816406,64933,19513,0.8247,-16.5298,17.3545,110.277,0.15737,0.9108,1.0683,1.1729
osw-cql-seed1-B,cql,260000,11,260000,e28843c4e7dc78e3,-2678.986816406,76763,39227,-1.2608,-11.8559,10.5952,110.277,0.09608,0.9596,1.0388,1.0826
osw-cql-seed1-B,cql,260000,12,260000,e28843c4e7dc78e3,-2678.986816406,33583,82841,-6.8678,-6.6973,-0.1705,110.277,-0.00155,0.9481,1.0114,1.0668
osw-cql-seed1-B,cql,260000,13,260000,e28843c4e7dc78e3,-2678.986816406,29838,52509,2.2861,-6.5657,8.8518,110.277,0.08027,0.9085,1.0369,1.1413
osw-cql-seed1-B,cql,260000,14,260000,e28843c4e7dc78e3,-2678.986816406,36307,14110,15.4521,-15.6114,31.0636,110.277,0.28169,0.9539,1.1563,1.2123
osw-cql-seed1-B,cql,261000,0,261000,e406610712f9d69a,-2690.315429688,237311,68413,36.8102,-24.5177,61.3279,108.7661,0.56385,0.8497,1.1515,1.3551
osw-cql-seed1-B,cql,261000,2,261000,e406610712f9d69a,-2690.315429688,168808,33814,14.089,-12.8971,26.9861,108.7661,0.24811,0.8913,1.0114,1.1347
osw-cql-seed1-B,cql,261000,4,261000,e406610712f9d69a,-2690.315429688,35214,133999,1.6241,-4.2657,5.8898,108.7661,0.05415,0.8911,0.9691,1.0875
osw-cql-seed1-B,cql,261000,5,261000,e406610712f9d69a,-2690.315429688,40938,30344,8.4422,-10.2712,18.7134,108.7661,0.17205,0.9324,1.0676,1.145
osw-cql-seed1-B,cql,261000,6,261000,e406610712f9d69a,-2690.315429688,51996,11915,1.731,-19.415,21.1459,108.7661,0.19442,0.9443,1.1164,1.1823
osw-cql-seed1-B,cql,261000,7,261000,e406610712f9d69a,-2690.315429688,64933,19513,0.7337,-16.8984,17.632,108.7661,0.16211,0.9106,1.0692,1.1741
osw-cql-seed1-B,cql,261000,11,261000,e406610712f9d69a,-2690.315429688,76763,39227,-1.6604,-12.0644,10.4039,108.7661,0.09565,0.9589,1.0392,1.0837
osw-cql-seed1-B,cql,261000,12,261000,e406610712f9d69a,-2690.315429688,33583,82841,-7.3968,-6.2708,-1.126,108.7661,-0.01035,0.9472,1.0108,1.0672
osw-cql-seed1-B,cql,261000,13,261000,e406610712f9d69a,-2690.315429688,29838,52509,2.7628,-6.3506,9.1135,108.7661,0.08379,0.9089,1.0354,1.1391
osw-cql-seed1-B,cql,261000,14,261000,e406610712f9d69a,-2690.315429688,36307,14110,15.6966,-15.601,31.2976,108.7661,0.28775,0.9548,1.156,1.2107
osw-cql-seed1-B,cql,262000,0,262000,3bd1e4f70a566e44,-2698.844726562,237311,68413,37.348,-23.9803,61.3283,109.8052,0.55852,0.8508,1.1518,1.3539
osw-cql-seed1-B,cql,262000,2,262000,3bd1e4f70a566e44,-2698.844726562,168808,33814,14.8658,-13.2306,28.0965,109.8052,0.25588,0.8918,1.0108,1.1334
osw-cql-seed1-B,cql,262000,4,262000,3bd1e4f70a566e44,-2698.844726562,35214,133999,2.4575,-4.0134,6.4709,109.8052,0.05893,0.8904,0.9691,1.0883
osw-cql-seed1-B,cql,262000,5,262000,3bd1e4f70a566e44,-2698.844726562,40938,30344,8.6649,-9.9518,18.6167,109.8052,0.16954,0.9287,1.0673,1.1493
osw-cql-seed1-B,cql,262000,6,262000,3bd1e4f70a566e44,-2698.844726562,51996,11915,2.3752,-20.2253,22.6005,109.8052,0.20582,0.9432,1.118,1.1854
osw-cql-seed1-B,cql,262000,7,262000,3bd1e4f70a566e44,-2698.844726562,64933,19513,0.8278,-17.4671,18.2948,109.8052,0.16661,0.9098,1.0689,1.1749
osw-cql-seed1-B,cql,262000,11,262000,3bd1e4f70a566e44,-2698.844726562,76763,39227,-1.5181,-12.2101,10.692,109.8052,0.09737,0.9592,1.0388,1.083
osw-cql-seed1-B,cql,262000,12,262000,3bd1e4f70a566e44,-2698.844726562,33583,82841,-6.7104,-6.2758,-0.4346,109.8052,-0.00396,0.9466,1.0114,1.0685
osw-cql-seed1-B,cql,262000,13,262000,3bd1e4f70a566e44,-2698.844726562,29838,52509,1.7657,-6.4258,8.1915,109.8052,0.0746,0.9073,1.0364,1.1422
osw-cql-seed1-B,cql,262000,14,262000,3bd1e4f70a566e44,-2698.844726562,36307,14110,15.7208,-15.794,31.5147,109.8052,0.28701,0.9516,1.1585,1.2173
osw-cql-seed1-B,cql,263000,0,263000,1544ee0170bf5e1a,-2709.382324219,237311,68413,36.6969,-24.456,61.1529,108.2663,0.56484,0.8508,1.1532,1.3554
osw-cql-seed1-B,cql,263000,2,263000,1544ee0170bf5e1a,-2709.382324219,168808,33814,13.1358,-13.4826,26.6184,108.2663,0.24586,0.8907,1.0103,1.1343
osw-cql-seed1-B,cql,263000,4,263000,1544ee0170bf5e1a,-2709.382324219,35214,133999,2.8015,-4.5068,7.3083,108.2663,0.0675,0.8925,0.9687,1.0854
osw-cql-seed1-B,cql,263000,5,263000,1544ee0170bf5e1a,-2709.382324219,40938,30344,8.2098,-10.3926,18.6024,108.2663,0.17182,0.9298,1.0677,1.1483
osw-cql-seed1-B,cql,263000,6,263000,1544ee0170bf5e1a,-2709.382324219,51996,11915,1.5767,-19.3985,20.9752,108.2663,0.19374,0.943,1.1171,1.1847
osw-cql-seed1-B,cql,263000,7,263000,1544ee0170bf5e1a,-2709.382324219,64933,19513,-0.3372,-16.6463,16.3091,108.2663,0.15064,0.9109,1.0692,1.1737
osw-cql-seed1-B,cql,263000,11,263000,1544ee0170bf5e1a,-2709.382324219,76763,39227,-2.2969,-12.4307,10.1337,108.2663,0.0936,0.959,1.0385,1.0829
osw-cql-seed1-B,cql,263000,12,263000,1544ee0170bf5e1a,-2709.382324219,33583,82841,-6.8678,-6.6311,-0.2367,108.2663,-0.00219,0.9482,1.0115,1.0668
osw-cql-seed1-B,cql,263000,13,263000,1544ee0170bf5e1a,-2709.382324219,29838,52509,3.5298,-6.2733,9.8031,108.2663,0.09055,0.9112,1.037,1.1381
osw-cql-seed1-B,cql,263000,14,263000,1544ee0170bf5e1a,-2709.382324219,36307,14110,15.8249,-15.3243,31.1493,108.2663,0.28771,0.954,1.1596,1.2156
osw-cql-seed1-B,cql,264000,0,264000,0fc65621dca8352d,-2719.994628906,237311,68413,35.9279,-24.1143,60.0422,106.9438,0.56144,0.8505,1.1507,1.353
osw-cql-seed1-B,cql,264000,2,264000,0fc65621dca8352d,-2719.994628906,168808,33814,13.2903,-13.2019,26.4922,106.9438,0.24772,0.8921,1.0093,1.1314
osw-cql-seed1-B,cql,264000,4,264000,0fc65621dca8352d,-2719.994628906,35214,133999,1.2559,-4.2936,5.5495,106.9438,0.05189,0.8937,0.9692,1.0845
osw-cql-seed1-B,cql,264000,5,264000,0fc65621dca8352d,-2719.994628906,40938,30344,9.1219,-9.6351,18.757,106.9438,0.17539,0.9284,1.068,1.1504
osw-cql-seed1-B,cql,264000,6,264000,0fc65621dca8352d,-2719.994628906,51996,11915,2.8759,-19.1233,21.9993,106.9438,0.20571,0.9417,1.1194,1.1887
osw-cql-seed1-B,cql,264000,7,264000,0fc65621dca8352d,-2719.994628906,64933,19513,0.7762,-16.1674,16.9437,106.9438,0.15844,0.9107,1.069,1.1738
osw-cql-seed1-B,cql,264000,11,264000,0fc65621dca8352d,-2719.994628906,76763,39227,-0.7221,-11.1226,10.4005,106.9438,0.09725,0.9597,1.0394,1.0831
osw-cql-seed1-B,cql,264000,12,264000,0fc65621dca8352d,-2719.994628906,33583,82841,-6.9987,-6.3707,-0.628,106.9438,-0.00587,0.9473,1.0107,1.0669
osw-cql-seed1-B,cql,264000,13,264000,0fc65621dca8352d,-2719.994628906,29838,52509,2.9709,-5.8913,8.8622,106.9438,0.08287,0.9091,1.0362,1.1398
osw-cql-seed1-B,cql,264000,14,264000,0fc65621dca8352d,-2719.994628906,36307,14110,16.2865,-15.1753,31.4618,106.9438,0.29419,0.9496,1.1613,1.2229
osw-cql-seed1-B,cql,265000,0,265000,793a7f690cdf8850,-2732.812988281,237311,68413,35.9841,-24.0788,60.0629,107.9443,0.55642,0.8498,1.1527,1.3564
osw-cql-seed1-B,cql,265000,2,265000,793a7f690cdf8850,-2732.812988281,168808,33814,13.6746,-12.9673,26.6419,107.9443,0.24681,0.8906,1.0074,1.1312
osw-cql-seed1-B,cql,265000,4,265000,793a7f690cdf8850,-2732.812988281,35214,133999,3.5138,-4.1392,7.653,107.9443,0.0709,0.8896,0.9691,1.0894
osw-cql-seed1-B,cql,265000,5,265000,793a7f690cdf8850,-2732.812988281,40938,30344,8.1886,-10.2987,18.4872,107.9443,0.17127,0.9289,1.0676,1.1493
osw-cql-seed1-B,cql,265000,6,265000,793a7f690cdf8850,-2732.812988281,51996,11915,2.7991,-19.5889,22.388,107.9443,0.2074,0.9414,1.1187,1.1883
osw-cql-seed1-B,cql,265000,7,265000,793a7f690cdf8850,-2732.812988281,64933,19513,1.5376,-16.4173,17.9549,107.9443,0.16633,0.9098,1.0703,1.1765
osw-cql-seed1-B,cql,265000,11,265000,793a7f690cdf8850,-2732.812988281,76763,39227,-0.9326,-11.7681,10.8355,107.9443,0.10038,0.9584,1.0387,1.0838
osw-cql-seed1-B,cql,265000,12,265000,793a7f690cdf8850,-2732.812988281,33583,82841,-6.0593,-6.2532,0.1938,107.9443,0.0018,0.9459,1.0107,1.0685
osw-cql-seed1-B,cql,265000,13,265000,793a7f690cdf8850,-2732.812988281,29838,52509,2.5903,-6.1887,8.779,107.9443,0.08133,0.9056,1.0366,1.1447
osw-cql-seed1-B,cql,265000,14,265000,793a7f690cdf8850,-2732.812988281,36307,14110,14.5438,-15.3122,29.856,107.9443,0.27659,0.9506,1.1601,1.2204
osw-cql-seed1-B,cql,266000,0,266000,273875cf549919c5,-2741.909179688,237311,68413,36.0464,-24.8609,60.9073,109.6644,0.5554,0.8498,1.1513,1.3548
osw-cql-seed1-B,cql,266000,2,266000,273875cf549919c5,-2741.909179688,168808,33814,13.8094,-12.5973,26.4067,109.6644,0.2408,0.891,1.0091,1.1325
osw-cql-seed1-B,cql,266000,4,266000,273875cf549919c5,-2741.909179688,35214,133999,1.9191,-4.8274,6.7465,109.6644,0.06152,0.8927,0.9689,1.0854
osw-cql-seed1-B,cql,266000,5,266000,273875cf549919c5,-2741.909179688,40938,30344,8.6286,-10.6759,19.3045,109.6644,0.17603,0.9273,1.067,1.1507
osw-cql-seed1-B,cql,266000,6,266000,273875cf549919c5,-2741.909179688,51996,11915,1.4152,-19.8244,21.2396,109.6644,0.19368,0.9415,1.1189,1.1885
osw-cql-seed1-B,cql,266000,7,266000,273875cf549919c5,-2741.909179688,64933,19513,-0.069,-17.1027,17.0337,109.6644,0.15533,0.9112,1.0684,1.1725
osw-cql-seed1-B,cql,266000,11,266000,273875cf549919c5,-2741.909179688,76763,39227,-1.6007,-11.9171,10.3164,109.6644,0.09407,0.9576,1.0382,1.0842
osw-cql-seed1-B,cql,266000,12,266000,273875cf549919c5,-2741.909179688,33583,82841,-7.431,-6.3326,-1.0983,109.6644,-0.01002,0.9478,1.0109,1.0665
osw-cql-seed1-B,cql,266000,13,266000,273875cf549919c5,-2741.909179688,29838,52509,1.9245,-6.6364,8.5609,109.6644,0.07806,0.9095,1.0359,1.139
osw-cql-seed1-B,cql,266000,14,266000,273875cf549919c5,-2741.909179688,36307,14110,15.29,-15.6905,30.9805,109.6644,0.2825,0.9505,1.1559,1.2161
osw-cql-seed1-B,cql,267000,0,267000,a0ce9844bc5ece6d,-2752.485351562,237311,68413,36.2625,-23.8937,60.1562,107.244,0.56093,0.8503,1.151,1.3538
osw-cql-seed1-B,cql,267000,2,267000,a0ce9844bc5ece6d,-2752.485351562,168808,33814,13.2442,-12.9485,26.1927,107.244,0.24423,0.8913,1.01,1.1332
osw-cql-seed1-B,cql,267000,4,267000,a0ce9844bc5ece6d,-2752.485351562,35214,133999,2.3871,-3.9429,6.33,107.244,0.05902,0.895,0.9699,1.0837
osw-cql-seed1-B,cql,267000,5,267000,a0ce9844bc5ece6d,-2752.485351562,40938,30344,8.4985,-10.1015,18.6,107.244,0.17344,0.9329,1.0675,1.1443
osw-cql-seed1-B,cql,267000,6,267000,a0ce9844bc5ece6d,-2752.485351562,51996,11915,2.3329,-19.2552,21.588,107.244,0.2013,0.944,1.1175,1.1838
osw-cql-seed1-B,cql,267000,7,267000,a0ce9844bc5ece6d,-2752.485351562,64933,19513,0.9538,-16.7516,17.7054,107.244,0.16509,0.9122,1.0701,1.1731
osw-cql-seed1-B,cql,267000,11,267000,a0ce9844bc5ece6d,-2752.485351562,76763,39227,-1.592,-11.7297,10.1377,107.244,0.09453,0.9593,1.0388,1.0829
osw-cql-seed1-B,cql,267000,12,267000,a0ce9844bc5ece6d,-2752.485351562,33583,82841,-7.0543,-6.2085,-0.8458,107.244,-0.00789,0.9494,1.0121,1.066
osw-cql-seed1-B,cql,267000,13,267000,a0ce9844bc5ece6d,-2752.485351562,29838,52509,2.2988,-5.9347,8.2335,107.244,0.07677,0.9116,1.0365,1.137
osw-cql-seed1-B,cql,267000,14,267000,a0ce9844bc5ece6d,-2752.485351562,36307,14110,14.6485,-15.7766,30.4251,107.244,0.2837,0.9539,1.156,1.2119
osw-cql-seed1-B,cql,268000,0,268000,da1d7bf38cb8a01d,-2760.772705078,237311,68413,36.0816,-24.8361,60.9177,108.3172,0.5624,0.8504,1.1501,1.3524
osw-cql-seed1-B,cql,268000,2,268000,da1d7bf38cb8a01d,-2760.772705078,168808,33814,13.3241,-12.8954,26.2195,108.3172,0.24206,0.8918,1.0116,1.1343
osw-cql-seed1-B,cql,268000,4,268000,da1d7bf38cb8a01d,-2760.772705078,35214,133999,2.8691,-4.1242,6.9933,108.3172,0.06456,0.8951,0.9702,1.0839
osw-cql-seed1-B,cql,268000,5,268000,da1d7bf38cb8a01d,-2760.772705078,40938,30344,8.2275,-9.5797,17.8072,108.3172,0.1644,0.9298,1.067,1.1475
osw-cql-seed1-B,cql,268000,6,268000,da1d7bf38cb8a01d,-2760.772705078,51996,11915,2.2814,-19.0365,21.3178,108.3172,0.19681,0.9431,1.121,1.1886
osw-cql-seed1-B,cql,268000,7,268000,da1d7bf38cb8a01d,-2760.772705078,64933,19513,1.6081,-16.2211,17.8292,108.3172,0.1646,0.9117,1.0709,1.1747
osw-cql-seed1-B,cql,268000,11,268000,da1d7bf38cb8a01d,-2760.772705078,76763,39227,-1.5572,-11.7211,10.1638,108.3172,0.09383,0.9589,1.0396,1.0841
osw-cql-seed1-B,cql,268000,12,268000,da1d7bf38cb8a01d,-2760.772705078,33583,82841,-7.3177,-6.3985,-0.9192,108.3172,-0.00849,0.9471,1.0108,1.0673
osw-cql-seed1-B,cql,268000,13,268000,da1d7bf38cb8a01d,-2760.772705078,29838,52509,2.1427,-6.1649,8.3076,108.3172,0.0767,0.9091,1.0361,1.1397
osw-cql-seed1-B,cql,268000,14,268000,da1d7bf38cb8a01d,-2760.772705078,36307,14110,14.9371,-15.181,30.1181,108.3172,0.27805,0.9525,1.156,1.2136
osw-cql-seed1-B,cql,269000,0,269000,b41fc0833e3b8c89,-2772.916503906,237311,68413,36.1029,-23.8017,59.9046,106.8064,0.56087,0.8511,1.1501,1.3514
osw-cql-seed1-B,cql,269000,2,269000,b41fc0833e3b8c89,-2772.916503906,168808,33814,13.103,-12.4398,25.5428,106.8064,0.23915,0.8925,1.0087,1.1301
osw-cql-seed1-B,cql,269000,4,269000,b41fc0833e3b8c89,-2772.916503906,35214,133999,2.6124,-4.4689,7.0813,106.8064,0.0663,0.8892,0.9691,1.0899
osw-cql-seed1-B,cql,269000,5,269000,b41fc0833e3b8c89,-2772.916503906,40938,30344,8.6165,-9.9729,18.5894,106.8064,0.17405,0.9273,1.0682,1.152
osw-cql-seed1-B,cql,269000,6,269000,b41fc0833e3b8c89,-2772.916503906,51996,11915,1.8699,-19.9804,21.8503,106.8064,0.20458,0.9415,1.116,1.1854
osw-cql-seed1-B,cql,269000,7,269000,b41fc0833e3b8c89,-2772.916503906,64933,19513,0.506,-16.6682,17.1743,106.8064,0.1608,0.9112,1.0689,1.1731
osw-cql-seed1-B,cql,269000,11,269000,b41fc0833e3b8c89,-2772.916503906,76763,39227,-1.1337,-11.5881,10.4544,106.8064,0.09788,0.9595,1.0385,1.0824
osw-cql-seed1-B,cql,269000,12,269000,b41fc0833e3b8c89,-2772.916503906,33583,82841,-7.1987,-6.0936,-1.1051,106.8064,-0.01035,0.9477,1.0115,1.0673
osw-cql-seed1-B,cql,269000,13,269000,b41fc0833e3b8c89,-2772.916503906,29838,52509,3.3763,-5.9722,9.3485,106.8064,0.08753,0.9054,1.0357,1.144
osw-cql-seed1-B,cql,269000,14,269000,b41fc0833e3b8c89,-2772.916503906,36307,14110,15.8328,-15.1433,30.976,106.8064,0.29002,0.9494,1.1546,1.2161
osw-cql-seed1-B,cql,270000,0,270000,f5d331a05fe4787a,-2778.922363281,237311,68413,35.7957,-24.3044,60.1001,108.98,0.55148,0.8521,1.154,1.3543
osw-cql-seed1-B,cql,270000,2,270000,f5d331a05fe4787a,-2778.922363281,168808,33814,13.2235,-12.9335,26.157,108.98,0.24002,0.8921,1.0094,1.1314
osw-cql-seed1-B,cql,270000,4,270000,f5d331a05fe4787a,-2778.922363281,35214,133999,2.3029,-4.5471,6.85,108.98,0.06286,0.8939,0.9703,1.0855
osw-cql-seed1-B,cql,270000,5,270000,f5d331a05fe4787a,-2778.922363281,40938,30344,8.1732,-10.114,18.2872,108.98,0.1678,0.9317,1.0692,1.1476
osw-cql-seed1-B,cql,270000,6,270000,f5d331a05fe4787a,-2778.922363281,51996,11915,1.0886,-20.3192,21.4078,108.98,0.19644,0.9431,1.1186,1.1861
osw-cql-seed1-B,cql,270000,7,270000,f5d331a05fe4787a,-2778.922363281,64933,19513,1.2383,-16.4699,17.7082,108.98,0.16249,0.9112,1.0703,1.1746
osw-cql-seed1-B,cql,270000,11,270000,f5d331a05fe4787a,-2778.922363281,76763,39227,-1.3392,-11.6537,10.3145,108.98,0.09465,0.9591,1.0382,1.0825
osw-cql-seed1-B,cql,270000,12,270000,f5d331a05fe4787a,-2778.922363281,33583,82841,-6.2078,-5.9223,-0.2855,108.98,-0.00262,0.9479,1.0112,1.0668
osw-cql-seed1-B,cql,270000,13,270000,f5d331a05fe4787a,-2778.922363281,29838,52509,4.6148,-5.5489,10.1637,108.98,0.09326,0.9123,1.0386,1.1385
osw-cql-seed1-B,cql,270000,14,270000,f5d331a05fe4787a,-2778.922363281,36307,14110,15.8565,-14.9723,30.8288,108.98,0.28289,0.9536,1.1592,1.2157
osw-cql-seed1-B,cql,271000,0,271000,b327d522bed8fb2e,-2791.022216797,237311,68413,35.7841,-24.0266,59.8107,106.9591,0.55919,0.8482,1.1479,1.3534
osw-cql-seed1-B,cql,271000,2,271000,b327d522bed8fb2e,-2791.022216797,168808,33814,13.5168,-12.9042,26.421,106.9591,0.24702,0.8913,1.0106,1.1339
osw-cql-seed1-B,cql,271000,4,271000,b327d522bed8fb2e,-2791.022216797,35214,133999,2.5209,-4.3718,6.8927,106.9591,0.06444,0.8925,0.97,1.0869
osw-cql-seed1-B,cql,271000,5,271000,b327d522bed8fb2e,-2791.022216797,40938,30344,9.1646,-9.5877,18.7523,106.9591,0.17532,0.9301,1.0687,1.149
osw-cql-seed1-B,cql,271000,6,271000,b327d522bed8fb2e,-2791.022216797,51996,11915,2.6947,-18.867,21.5617,106.9591,0.20159,0.9435,1.1213,1.1884
osw-cql-seed1-B,cql,271000,7,271000,b327d522bed8fb2e,-2791.022216797,64933,19513,1.0871,-16.5005,17.5877,106.9591,0.16443,0.912,1.0683,1.1713
osw-cql-seed1-B,cql,271000,11,271000,b327d522bed8fb2e,-2791.022216797,76763,39227,-1.6619,-12.4622,10.8004,106.9591,0.10098,0.9598,1.0394,1.083
osw-cql-seed1-B,cql,271000,12,271000,b327d522bed8fb2e,-2791.022216797,33583,82841,-5.7386,-6.3691,0.6304,106.9591,0.00589,0.9464,1.0113,1.0686
osw-cql-seed1-B,cql,271000,13,271000,b327d522bed8fb2e,-2791.022216797,29838,52509,3.2334,-5.754,8.9874,106.9591,0.08403,0.9101,1.0367,1.1392
osw-cql-seed1-B,cql,271000,14,271000,b327d522bed8fb2e,-2791.022216797,36307,14110,16.3241,-15.0439,31.3681,106.9591,0.29327,0.9537,1.1613,1.2177
osw-cql-seed1-B,cql,272000,0,272000,bb5fd6e57d31daf9,-2803.379150391,237311,68413,35.6118,-24.5562,60.168,107.8095,0.5581,0.85,1.149,1.3518
osw-cql-seed1-B,cql,272000,2,272000,bb5fd6e57d31daf9,-2803.379150391,168808,33814,13.8782,-12.7187,26.5969,107.8095,0.2467,0.8917,1.0103,1.133
osw-cql-seed1-B,cql,272000,4,272000,bb5fd6e57d31daf9,-2803.379150391,35214,133999,2.8715,-4.2497,7.1213,107.8095,0.06605,0.8928,0.9707,1.0872
osw-cql-seed1-B,cql,272000,5,272000,bb5fd6e57d31daf9,-2803.379150391,40938,30344,9.6127,-9.8111,19.4238,107.8095,0.18017,0.9283,1.0705,1.1532
osw-cql-seed1-B,cql,272000,6,272000,bb5fd6e57d31daf9,-2803.379150391,51996,11915,2.7869,-18.9834,21.7703,107.8095,0.20193,0.9438,1.1282,1.1953
osw-cql-seed1-B,cql,272000,7,272000,bb5fd6e57d31daf9,-2803.379150391,64933,19513,1.0554,-16.3741,17.4295,107.8095,0.16167,0.9115,1.07,1.1738
osw-cql-seed1-B,cql,272000,11,272000,bb5fd6e57d31daf9,-2803.379150391,76763,39227,-1.3161,-11.4876,10.1715,107.8095,0.09435,0.9584,1.0386,1.0836
osw-cql-seed1-B,cql,272000,12,272000,bb5fd6e57d31daf9,-2803.379150391,33583,82841,-6.5853,-6.1031,-0.4822,107.8095,-0.00447,0.9468,1.0108,1.0676
osw-cql-seed1-B,cql,272000,13,272000,bb5fd6e57d31daf9,-2803.379150391,29838,52509,2.9671,-6.0029,8.97,107.8095,0.0832,0.9053,1.037,1.1454
osw-cql-seed1-B,cql,272000,14,272000,bb5fd6e57d31daf9,-2803.379150391,36307,14110,15.6758,-14.8506,30.5265,107.8095,0.28315,0.952,1.1607,1.2192
osw-cql-seed1-B,cql,273000,0,273000,fe26ebe68dbc2789,-2818.686035156,237311,68413,34.9135,-25.5126,60.4261,107.7866,0.56061,0.8497,1.1508,1.3544
osw-cql-seed1-B,cql,273000,2,273000,fe26ebe68dbc2789,-2818.686035156,168808,33814,13.1763,-13.2672,26.4435,107.7866,0.24533,0.8922,1.0113,1.1335
osw-cql-seed1-B,cql,273000,4,273000,fe26ebe68dbc2789,-2818.686035156,35214,133999,3.188,-4.7742,7.9622,107.7866,0.07387,0.891,0.9694,1.0881
osw-cql-seed1-B,cql,273000,5,273000,fe26ebe68dbc2789,-2818.686035156,40938,30344,8.5529,-10.4329,18.9857,107.7866,0.17614,0.9266,1.0682,1.1528
osw-cql-seed1-B,cql,273000,6,273000,fe26ebe68dbc2789,-2818.686035156,51996,11915,2.4004,-19.3257,21.7261,107.7866,0.20157,0.9419,1.1167,1.1856
osw-cql-seed1-B,cql,273000,7,273000,fe26ebe68dbc2789,-2818.686035156,64933,19513,0.4812,-16.1786,16.6598,107.7866,0.15456,0.9092,1.0678,1.1745
osw-cql-seed1-B,cql,273000,11,273000,fe26ebe68dbc2789,-2818.686035156,76763,39227,-1.4448,-11.7753,10.3305,107.7866,0.09584,0.9586,1.0392,1.0841
osw-cql-seed1-B,cql,273000,12,273000,fe26ebe68dbc2789,-2818.686035156,33583,82841,-6.5322,-6.2649,-0.2673,107.7866,-0.00248,0.9473,1.0108,1.067
osw-cql-seed1-B,cql,273000,13,273000,fe26ebe68dbc2789,-2818.686035156,29838,52509,2.8494,-6.4786,9.328,107.7866,0.08654,0.9067,1.0367,1.1435
osw-cql-seed1-B,cql,273000,14,273000,fe26ebe68dbc2789,-2818.686035156,36307,14110,14.6764,-15.6657,30.3421,107.7866,0.2815,0.9479,1.1572,1.2208
osw-cql-seed1-B,cql,274000,0,274000,f1942826f6ab18a5,-2826.186767578,237311,68413,34.8946,-24.8544,59.749,107.4116,0.55626,0.8506,1.1525,1.3548
osw-cql-seed1-B,cql,274000,2,274000,f1942826f6ab18a5,-2826.186767578,168808,33814,13.1526,-13.6988,26.8514,107.4116,0.24999,0.8924,1.013,1.1352
osw-cql-seed1-B,cql,274000,4,274000,f1942826f6ab18a5,-2826.186767578,35214,133999,2.2882,-4.4267,6.7149,107.4116,0.06252,0.8921,0.9695,1.0868
osw-cql-seed1-B,cql,274000,5,274000,f1942826f6ab18a5,-2826.186767578,40938,30344,8.7861,-10.2749,19.061,107.4116,0.17746,0.9282,1.0688,1.1514
osw-cql-seed1-B,cql,274000,6,274000,f1942826f6ab18a5,-2826.186767578,51996,11915,2.9028,-19.632,22.5348,107.4116,0.2098,0.9426,1.1141,1.1819
osw-cql-seed1-B,cql,274000,7,274000,f1942826f6ab18a5,-2826.186767578,64933,19513,1.6196,-16.7179,18.3375,107.4116,0.17072,0.9098,1.0692,1.1751
osw-cql-seed1-B,cql,274000,11,274000,f1942826f6ab18a5,-2826.186767578,76763,39227,-1.1787,-11.8548,10.6761,107.4116,0.09939,0.96,1.041,1.0843
osw-cql-seed1-B,cql,274000,12,274000,f1942826f6ab18a5,-2826.186767578,33583,82841,-6.4281,-6.337,-0.091,107.4116,-0.00085,0.9478,1.0115,1.0673
osw-cql-seed1-B,cql,274000,13,274000,f1942826f6ab18a5,-2826.186767578,29838,52509,3.5031,-5.9404,9.4435,107.4116,0.08792,0.9077,1.0371,1.1426
osw-cql-seed1-B,cql,274000,14,274000,f1942826f6ab18a5,-2826.186767578,36307,14110,16.2212,-15.2766,31.4979,107.4116,0.29324,0.9518,1.1552,1.2137
osw-cql-seed1-B,cql,275000,0,275000,92a41bca25068a2d,-2839.904785156,237311,68413,36.5712,-23.877,60.4483,108.7529,0.55583,0.8501,1.1489,1.3515
osw-cql-seed1-B,cql,275000,2,275000,92a41bca25068a2d,-2839.904785156,168808,33814,14.0161,-12.8527,26.8687,108.7529,0.24706,0.8917,1.011,1.1338
osw-cql-seed1-B,cql,275000,4,275000,92a41bca25068a2d,-2839.904785156,35214,133999,1.5018,-4.6494,6.1512,108.7529,0.05656,0.8921,0.9692,1.0864
osw-cql-seed1-B,cql,275000,5,275000,92a41bca25068a2d,-2839.904785156,40938,30344,6.499,-10.8064,17.3054,108.7529,0.15913,0.9301,1.0676,1.1478
osw-cql-seed1-B,cql,275000,6,275000,92a41bca25068a2d,-2839.904785156,51996,11915,1.9848,-19.7098,21.6946,108.7529,0.19949,0.9443,1.1159,1.1817
osw-cql-seed1-B,cql,275000,7,275000,92a41bca25068a2d,-2839.904785156,64933,19513,0.1588,-17.0241,17.183,108.7529,0.158,0.9114,1.0691,1.173
osw-cql-seed1-B,cql,275000,11,275000,92a41bca25068a2d,-2839.904785156,76763,39227,-1.2283,-11.6335,10.4052,108.7529,0.09568,0.961,1.0401,1.0824
osw-cql-seed1-B,cql,275000,12,275000,92a41bca25068a2d,-2839.904785156,33583,82841,-7.1004,-6.4222,-0.6781,108.7529,-0.00624,0.9479,1.0117,1.0674
osw-cql-seed1-B,cql,275000,13,275000,92a41bca25068a2d,-2839.904785156,29838,52509,1.2451,-6.5534,7.7985,108.7529,0.07171,0.9091,1.0372,1.141
osw-cql-seed1-B,cql,275000,14,275000,92a41bca25068a2d,-2839.904785156,36307,14110,14.1918,-16.3171,30.5089,108.7529,0.28053,0.9547,1.1568,1.2117
osw-cql-seed1-B,cql,276000,0,276000,c50c923a86df5f0c,-2849.405273438,237311,68413,35.6892,-24.225,59.9142,107.199,0.55891,0.8517,1.1522,1.3529
osw-cql-seed1-B,cql,276000,2,276000,c50c923a86df5f0c,-2849.405273438,168808,33814,13.417,-13.1678,26.5849,107.199,0.248,0.8915,1.0094,1.1322
osw-cql-seed1-B,cql,276000,4,276000,c50c923a86df5f0c,-2849.405273438,35214,133999,2.1028,-4.2976,6.4003,107.199,0.05971,0.8915,0.9696,1.0876
osw-cql-seed1-B,cql,276000,5,276000,c50c923a86df5f0c,-2849.405273438,40938,30344,7.8896,-10.1062,17.9958,107.199,0.16787,0.9284,1.0685,1.1509
osw-cql-seed1-B,cql,276000,6,276000,c50c923a86df5f0c,-2849.405273438,51996,11915,2.5554,-18.529,21.0844,107.199,0.19669,0.9431,1.1195,1.1871
osw-cql-seed1-B,cql,276000,7,276000,c50c923a86df5f0c,-2849.405273438,64933,19513,1.5671,-15.6552,17.2222,107.199,0.16066,0.9122,1.0716,1.1747
osw-cql-seed1-B,cql,276000,11,276000,c50c923a86df5f0c,-2849.405273438,76763,39227,-0.6105,-11.5398,10.9293,107.199,0.10195,0.959,1.038,1.0824
osw-cql-seed1-B,cql,276000,12,276000,c50c923a86df5f0c,-2849.405273438,33583,82841,-6.4931,-6.2381,-0.255,107.199,-0.00238,0.9464,1.0108,1.0681
osw-cql-seed1-B,cql,276000,13,276000,c50c923a86df5f0c,-2849.405273438,29838,52509,2.4035,-6.3155,8.7189,107.199,0.08133,0.9054,1.0365,1.1447
osw-cql-seed1-B,cql,276000,14,276000,c50c923a86df5f0c,-2849.405273438,36307,14110,14.4576,-15.5137,29.9713,107.199,0.27959,0.9495,1.1587,1.2204
osw-cql-seed1-B,cql,277000,0,277000,790599e1385b6bf5,-2862.3046875,237311,68413,35.7368,-23.6643,59.4011,107.7098,0.55149,0.8483,1.1476,1.3528
osw-cql-seed1-B,cql,277000,2,277000,790599e1385b6bf5,-2862.3046875,168808,33814,13.6857,-12.8924,26.578,107.7098,0.24676,0.8912,1.0089,1.1321
osw-cql-seed1-B,cql,277000,4,277000,790599e1385b6bf5,-2862.3046875,35214,133999,2.3117,-4.0609,6.3726,107.7098,0.05916,0.8904,0.969,1.0882
osw-cql-seed1-B,cql,277000,5,277000,790599e1385b6bf5,-2862.3046875,40938,30344,8.3228,-10.4036,18.7264,107.7098,0.17386,0.9271,1.0653,1.1491
osw-cql-seed1-B,cql,277000,6,277000,790599e1385b6bf5,-2862.3046875,51996,11915,1.8599,-19.3426,21.2025,107.7098,0.19685,0.9425,1.1132,1.1812
osw-cql-seed1-B,cql,277000,7,277000,790599e1385b6bf5,-2862.3046875,64933,19513,0.4213,-16.1949,16.6162,107.7098,0.15427,0.9107,1.0684,1.1731
osw-cql-seed1-B,cql,277000,11,277000,790599e1385b6bf5,-2862.3046875,76763,39227,-1.6457,-11.866,10.2204,107.7098,0.09489,0.9584,1.0372,1.0823
osw-cql-seed1-B,cql,277000,12,277000,790599e1385b6bf5,-2862.3046875,33583,82841,-7.4251,-6.3874,-1.0378,107.7098,-0.00963,0.9481,1.0109,1.0662
osw-cql-seed1-B,cql,277000,13,277000,790599e1385b6bf5,-2862.3046875,29838,52509,1.4575,-6.589,8.0464,107.7098,0.0747,0.9066,1.035,1.1416
osw-cql-seed1-B,cql,277000,14,277000,790599e1385b6bf5,-2862.3046875,36307,14110,15.2867,-15.8248,31.1115,107.7098,0.28885,0.9508,1.1532,1.2129
osw-cql-seed1-B,cql,278000,0,278000,a3ac31bf6433035d,-2867.626220703,237311,68413,34.9267,-24.7915,59.7182,108.2763,0.55154,0.8495,1.1497,1.3534
osw-cql-seed1-B,cql,278000,2,278000,a3ac31bf6433035d,-2867.626220703,168808,33814,13.2249,-13.1353,26.3603,108.2763,0.24345,0.8904,1.01,1.1343
osw-cql-seed1-B,cql,278000,4,278000,a3ac31bf6433035d,-2867.626220703,35214,133999,1.3551,-4.6473,6.0025,108.2763,0.05544,0.8932,0.97,1.086
osw-cql-seed1-B,cql,278000,5,278000,a3ac31bf6433035d,-2867.626220703,40938,30344,7.5147,-10.2319,17.7466,108.2763,0.1639,0.9312,1.07,1.1491
osw-cql-seed1-B,cql,278000,6,278000,a3ac31bf6433035d,-2867.626220703,51996,11915,2.5159,-18.538,21.054,108.2763,0.19445,0.9455,1.1203,1.1848
osw-cql-seed1-B,cql,278000,7,278000,a3ac31bf6433035d,-2867.626220703,64933,19513,0.1304,-16.9227,17.053,108.2763,0.1575,0.9119,1.0702,1.1736
osw-cql-seed1-B,cql,278000,11,278000,a3ac31bf6433035d,-2867.626220703,76763,39227,-1.2542,-11.651,10.3968,108.2763,0.09602,0.9585,1.0392,1.0841
osw-cql-seed1-B,cql,278000,12,278000,a3ac31bf6433035d,-2867.626220703,33583,82841,-6.8603,-6.4236,-0.4367,108.2763,-0.00403,0.9476,1.0107,1.0665
osw-cql-seed1-B,cql,278000,13,278000,a3ac31bf6433035d,-2867.626220703,29838,52509,2.0309,-6.0712,8.1021,108.2763,0.07483,0.9114,1.0373,1.1381
osw-cql-seed1-B,cql,278000,14,278000,a3ac31bf6433035d,-2867.626220703,36307,14110,14.1285,-15.2286,29.3571,108.2763,0.27113,0.9548,1.162,1.217
osw-cql-seed1-B,cql,279000,0,279000,11f6842fb7f783c1,-2884.109863281,237311,68413,35.5093,-24.7237,60.233,107.5382,0.56011,0.8481,1.1469,1.3524
osw-cql-seed1-B,cql,279000,2,279000,11f6842fb7f783c1,-2884.109863281,168808,33814,12.932,-13.2419,26.1739,107.5382,0.24339,0.8908,1.0082,1.1318
osw-cql-seed1-B,cql,279000,4,279000,11f6842fb7f783c1,-2884.109863281,35214,133999,1.8653,-4.5328,6.3981,107.5382,0.0595,0.8916,0.9685,1.0862
osw-cql-seed1-B,cql,279000,5,279000,11f6842fb7f783c1,-2884.109863281,40938,30344,8.5543,-10.6203,19.1746,107.5382,0.17831,0.9303,1.0678,1.1478
osw-cql-seed1-B,cql,279000,6,279000,11f6842fb7f783c1,-2884.109863281,51996,11915,2.4915,-19.5601,22.0516,107.5382,0.20506,0.9426,1.1179,1.1859
osw-cql-seed1-B,cql,279000,7,279000,11f6842fb7f783c1,-2884.109863281,64933,19513,1.4973,-16.0451,17.5424,107.5382,0.16313,0.9123,1.0698,1.1726
osw-cql-seed1-B,cql,279000,11,279000,11f6842fb7f783c1,-2884.109863281,76763,39227,-1.1395,-11.789,10.6495,107.5382,0.09903,0.9588,1.0397,1.0844
osw-cql-seed1-B,cql,279000,12,279000,11f6842fb7f783c1,-2884.109863281,33583,82841,-7.4789,-6.3642,-1.1147,107.5382,-0.01037,0.9458,1.0096,1.0675
osw-cql-seed1-B,cql,279000,13,279000,11f6842fb7f783c1,-2884.109863281,29838,52509,2.7472,-6.2037,8.951,107.5382,0.08324,0.9101,1.0359,1.1381
osw-cql-seed1-B,cql,279000,14,279000,11f6842fb7f783c1,-2884.109863281,36307,14110,14.5807,-15.3472,29.928,107.5382,0.2783,0.9525,1.158,1.2157
osw-cql-seed1-B,cql,280000,0,280000,1161bcbcdd2ac191,-2887.848388672,237311,68413,35.5733,-24.6704,60.2437,109.9466,0.54794,0.8518,1.1531,1.3538
osw-cql-seed1-B,cql,280000,2,280000,1161bcbcdd2ac191,-2887.848388672,168808,33814,12.7612,-13.6412,26.4024,109.9466,0.24014,0.8913,1.0105,1.1338
osw-cql-seed1-B,cql,280000,4,280000,1161bcbcdd2ac191,-2887.848388672,35214,133999,1.8677,-4.9125,6.7801,109.9466,0.06167,0.8929,0.9695,1.0858
osw-cql-seed1-B,cql,280000,5,280000,1161bcbcdd2ac191,-2887.848388672,40938,30344,8.2906,-10.619,18.9096,109.9466,0.17199,0.9292,1.0675,1.1489
osw-cql-seed1-B,cql,280000,6,280000,1161bcbcdd2ac191,-2887.848388672,51996,11915,1.1616,-20.1898,21.3513,109.9466,0.1942,0.943,1.1153,1.1827
osw-cql-seed1-B,cql,280000,7,280000,1161bcbcdd2ac191,-2887.848388672,64933,19513,0.0078,-17.2434,17.2512,109.9466,0.15691,0.9113,1.0699,1.174
osw-cql-seed1-B,cql,280000,11,280000,1161bcbcdd2ac191,-2887.848388672,76763,39227,-1.4943,-11.7694,10.2751,109.9466,0.09346,0.9589,1.0387,1.0833
osw-cql-seed1-B,cql,280000,12,280000,1161bcbcdd2ac191,-2887.848388672,33583,82841,-7.3795,-7.2171,-0.1624,109.9466,-0.00148,0.948,1.0109,1.0663
osw-cql-seed1-B,cql,280000,13,280000,1161bcbcdd2ac191,-2887.848388672,29838,52509,2.5119,-7.0308,9.5427,109.9466,0.08679,0.9075,1.0359,1.1415
osw-cql-seed1-B,cql,280000,14,280000,1161bcbcdd2ac191,-2887.848388672,36307,14110,15.2327,-16.4015,31.6342,109.9466,0.28772,0.9514,1.1563,1.2153
osw-cql-seed1-B,cql,281000,0,281000,7620d191b95861ce,-2898.290039062,237311,68413,35.1809,-24.7152,59.8961,108.8643,0.55019,0.8505,1.1506,1.3528
osw-cql-seed1-B,cql,281000,2,281000,7620d191b95861ce,-2898.290039062,168808,33814,13.0047,-13.2935,26.2982,108.8643,0.24157,0.8924,1.0111,1.1331
osw-cql-seed1-B,cql,281000,4,281000,7620d191b95861ce,-2898.290039062,35214,133999,1.8846,-4.2942,6.1789,108.8643,0.05676,0.8892,0.9685,1.0892
osw-cql-seed1-B,cql,281000,5,281000,7620d191b95861ce,-2898.290039062,40938,30344,7.7675,-10.3775,18.145,108.8643,0.16668,0.9287,1.0674,1.1493
osw-cql-seed1-B,cql,281000,6,281000,7620d191b95861ce,-2898.290039062,51996,11915,1.0911,-20.5727,21.6638,108.8643,0.199,0.9417,1.1167,1.1858
osw-cql-seed1-B,cql,281000,7,281000,7620d191b95861ce,-2898.290039062,64933,19513,0.2288,-17.5149,17.7437,108.8643,0.16299,0.9105,1.0671,1.172
osw-cql-seed1-B,cql,281000,11,281000,7620d191b95861ce,-2898.290039062,76763,39227,-2.1794,-11.9497,9.7703,108.8643,0.08975,0.9587,1.0384,1.0831
osw-cql-seed1-B,cql,281000,12,281000,7620d191b95861ce,-2898.290039062,33583,82841,-8.3295,-6.8191,-1.5104,108.8643,-0.01387,0.948,1.0105,1.066
osw-cql-seed1-B,cql,281000,13,281000,7620d191b95861ce,-2898.290039062,29838,52509,1.9042,-6.4355,8.3397,108.8643,0.07661,0.9055,1.0357,1.1438
osw-cql-seed1-B,cql,281000,14,281000,7620d191b95861ce,-2898.290039062,36307,14110,13.8475,-15.9449,29.7924,108.8643,0.27367,0.9489,1.1561,1.2184
osw-cql-seed1-B,cql,282000,0,282000,b982f19c7a808549,-2904.309082031,237311,68413,36.0712,-23.6139,59.685,107.98,0.55274,0.8499,1.1514,1.3547
osw-cql-seed1-B,cql,282000,2,282000,b982f19c7a808549,-2904.309082031,168808,33814,13.7756,-12.9577,26.7333,107.98,0.24758,0.8911,1.0111,1.1347
osw-cql-seed1-B,cql,282000,4,282000,b982f19c7a808549,-2904.309082031,35214,133999,1.2555,-4.8988,6.1542,107.98,0.05699,0.8916,0.9683,1.0861
osw-cql-seed1-B,cql,282000,5,282000,b982f19c7a808549,-2904.309082031,40938,30344,8.25,-10.4243,18.6743,107.98,0.17294,0.9305,1.0659,1.1456
osw-cql-seed1-B,cql,282000,6,282000,b982f19c7a808549,-2904.309082031,51996,11915,1.5137,-19.8545,21.3682,107.98,0.19789,0.9421,1.1135,1.182
osw-cql-seed1-B,cql,282000,7,282000,b982f19c7a808549,-2904.309082031,64933,19513,0.3297,-16.8891,17.2188,107.98,0.15946,0.9108,1.0694,1.1741
osw-cql-seed1-B,cql,282000,11,282000,b982f19c7a808549,-2904.309082031,76763,39227,-1.7207,-11.7541,10.0335,107.98,0.09292,0.9584,1.0389,1.084
osw-cql-seed1-B,cql,282000,12,282000,b982f19c7a808549,-2904.309082031,33583,82841,-7.8977,-6.8702,-1.0275,107.98,-0.00952,0.9472,1.0103,1.0666
osw-cql-seed1-B,cql,282000,13,282000,b982f19c7a808549,-2904.309082031,29838,52509,2.0719,-6.4842,8.5561,107.98,0.07924,0.9081,1.0348,1.1395
osw-cql-seed1-B,cql,282000,14,282000,b982f19c7a808549,-2904.309082031,36307,14110,14.7571,-16.144,30.9011,107.98,0.28617,0.9505,1.156,1.2162
osw-cql-seed1-B,cql,283000,0,283000,18938cf47b3e62c4,-2916.589599609,237311,68413,36.0447,-24.0256,60.0703,107.9154,0.55664,0.8495,1.1491,1.3526
osw-cql-seed1-B,cql,283000,2,283000,18938cf47b3e62c4,-2916.589599609,168808,33814,12.6426,-13.6803,26.3229,107.9154,0.24392,0.8906,1.0083,1.1321
osw-cql-seed1-B,cql,283000,4,283000,18938cf47b3e62c4,-2916.589599609,35214,133999,2.9256,-4.4404,7.366,107.9154,0.06826,0.8936,0.9694,1.0847
osw-cql-seed1-B,cql,283000,5,283000,18938cf47b3e62c4,-2916.589599609,40938,30344,9.43,-9.8708,19.3009,107.9154,0.17885,0.9286,1.0675,1.1496
osw-cql-seed1-B,cql,283000,6,283000,18938cf47b3e62c4,-2916.589599609,51996,11915,1.5864,-19.4602,21.0466,107.9154,0.19503,0.9435,1.1159,1.1827
osw-cql-seed1-B,cql,283000,7,283000,18938cf47b3e62c4,-2916.589599609,64933,19513,-0.5385,-16.6263,16.0878,107.9154,0.14908,0.9102,1.0689,1.1744
osw-cql-seed1-B,cql,283000,11,283000,18938cf47b3e62c4,-2916.589599609,76763,39227,-1.7479,-11.7775,10.0296,107.9154,0.09294,0.9585,1.0386,1.0836
osw-cql-seed1-B,cql,283000,12,283000,18938cf47b3e62c4,-2916.589599609,33583,82841,-6.7893,-6.0983,-0.691,107.9154,-0.0064,0.9465,1.0103,1.0674
osw-cql-seed1-B,cql,283000,13,283000,18938cf47b3e62c4,-2916.589599609,29838,52509,3.3731,-5.8027,9.1759,107.9154,0.08503,0.9072,1.0361,1.1421
osw-cql-seed1-B,cql,283000,14,283000,18938cf47b3e62c4,-2916.589599609,36307,14110,16.6047,-14.6912,31.2959,107.9154,0.29,0.9535,1.1543,1.2106
osw-cql-seed1-B,cql,284000,0,284000,bd2abd70814314de,-2925.176269531,237311,68413,34.8971,-25.3736,60.2708,108.2455,0.5568,0.853,1.1519,1.3505
osw-cql-seed1-B,cql,284000,2,284000,bd2abd70814314de,-2925.176269531,168808,33814,13.104,-13.2482,26.3522,108.2455,0.24345,0.8931,1.0111,1.132
osw-cql-seed1-B,cql,284000,4,284000,bd2abd70814314de,-2925.176269531,35214,133999,2.1426,-4.7462,6.8888,108.2455,0.06364,0.8953,0.9698,1.0833
osw-cql-seed1-B,cql,284000,5,284000,bd2abd70814314de,-2925.176269531,40938,30344,7.8883,-10.8032,18.6915,108.2455,0.17268,0.9306,1.0688,1.1485
osw-cql-seed1-B,cql,284000,6,284000,bd2abd70814314de,-2925.176269531,51996,11915,1.2817,-19.5525,20.8342,108.2455,0.19247,0.9424,1.1179,1.1862
osw-cql-seed1-B,cql,284000,7,284000,bd2abd70814314de,-2925.176269531,64933,19513,0.7388,-16.7295,17.4684,108.2455,0.16138,0.9112,1.0681,1.1721
osw-cql-seed1-B,cql,284000,11,284000,bd2abd70814314de,-2925.176269531,76763,39227,-1.7268,-11.7184,9.9917,108.2455,0.09231,0.9583,1.0379,1.083
osw-cql-seed1-B,cql,284000,12,284000,bd2abd70814314de,-2925.176269531,33583,82841,-6.8401,-6.6113,-0.2288,108.2455,-0.00211,0.9475,1.0106,1.0665
osw-cql-seed1-B,cql,284000,13,284000,bd2abd70814314de,-2925.176269531,29838,52509,2.2639,-6.803,9.0669,108.2455,0.08376,0.9113,1.0372,1.1381
osw-cql-seed1-B,cql,284000,14,284000,bd2abd70814314de,-2925.176269531,36307,14110,15.8361,-15.2968,31.1329,108.2455,0.28761,0.9533,1.1609,1.2178
osw-cql-seed1-B,cql,285000,0,285000,46b3420cbbe8d384,-2938.151611328,237311,68413,35.0236,-24.5975,59.6211,107.3284,0.5555,0.8495,1.1479,1.3513
osw-cql-seed1-B,cql,285000,2,285000,46b3420cbbe8d384,-2938.151611328,168808,33814,13.3646,-13.2337,26.5982,107.3284,0.24782,0.8917,1.0089,1.1314
osw-cql-seed1-B,cql,285000,4,285000,46b3420cbbe8d384,-2938.151611328,35214,133999,1.3586,-4.3864,5.745,107.3284,0.05353,0.8921,0.969,1.0862
osw-cql-seed1-B,cql,285000,5,285000,46b3420cbbe8d384,-2938.151611328,40938,30344,9.2024,-9.7566,18.959,107.3284,0.17664,0.9278,1.0663,1.1492
osw-cql-seed1-B,cql,285000,6,285000,46b3420cbbe8d384,-2938.151611328,51996,11915,1.7928,-18.7777,20.5705,107.3284,0.19166,0.9415,1.1141,1.1833
osw-cql-seed1-B,cql,285000,7,285000,46b3420cbbe8d384,-2938.151611328,64933,19513,0.3054,-17.2849,17.5903,107.3284,0.16389,0.9101,1.0672,1.1726
osw-cql-seed1-B,cql,285000,11,285000,46b3420cbbe8d384,-2938.151611328,76763,39227,-1.0625,-11.1211,10.0585,107.3284,0.09372,0.9584,1.0379,1.0829
osw-cql-seed1-B,cql,285000,12,285000,46b3420cbbe8d384,-2938.151611328,33583,82841,-7.3504,-6.6402,-0.7102,107.3284,-0.00662,0.9465,1.0103,1.0674
osw-cql-seed1-B,cql,285000,13,285000,46b3420cbbe8d384,-2938.151611328,29838,52509,1.9329,-6.4245,8.3574,107.3284,0.07787,0.9055,1.0353,1.1433
osw-cql-seed1-B,cql,285000,14,285000,46b3420cbbe8d384,-2938.151611328,36307,14110,15.7972,-14.8655,30.6626,107.3284,0.28569,0.9483,1.1588,1.2221
osw-cql-seed1-B,cql,286000,0,286000,5fefc24417d5d59d,-2952.692382812,237311,68413,35.3457,-24.2084,59.5541,108.3152,0.54982,0.8497,1.1461,1.3489
osw-cql-seed1-B,cql,286000,2,286000,5fefc24417d5d59d,-2952.692382812,168808,33814,13.3264,-13.0985,26.4249,108.3152,0.24396,0.8933,1.0102,1.1309
osw-cql-seed1-B,cql,286000,4,286000,5fefc24417d5d59d,-2952.692382812,35214,133999,1.2523,-4.5387,5.791,108.3152,0.05346,0.8907,0.9691,1.0881
osw-cql-seed1-B,cql,286000,5,286000,5fefc24417d5d59d,-2952.692382812,40938,30344,7.9206,-11.0559,18.9765,108.3152,0.1752,0.9274,1.0654,1.1487
osw-cql-seed1-B,cql,286000,6,286000,5fefc24417d5d59d,-2952.692382812,51996,11915,2.3322,-19.2737,21.606,108.3152,0.19947,0.9419,1.1158,1.1846
osw-cql-seed1-B,cql,286000,7,286000,5fefc24417d5d59d,-2952.692382812,64933,19513,1.3554,-15.5618,16.9172,108.3152,0.15618,0.9114,1.0696,1.1735
osw-cql-seed1-B,cql,286000,11,286000,5fefc24417d5d59d,-2952.692382812,76763,39227,-1.3005,-11.2669,9.9664,108.3152,0.09201,0.9573,1.0382,1.0845
osw-cql-seed1-B,cql,286000,12,286000,5fefc24417d5d59d,-2952.692382812,33583,82841,-6.4518,-6.0982,-0.3535,108.3152,-0.00326,0.9467,1.0106,1.0675
osw-cql-seed1-B,cql,286000,13,286000,5fefc24417d5d59d,-2952.692382812,29838,52509,1.137,-6.6221,7.7591,108.3152,0.07163,0.9066,1.035,1.1416
osw-cql-seed1-B,cql,286000,14,286000,5fefc24417d5d59d,-2952.692382812,36307,14110,13.9602,-15.8012,29.7613,108.3152,0.27477,0.9504,1.1556,1.2159
osw-cql-seed1-B,cql,287000,0,287000,d985713f62656aa9,-2958.945068359,237311,68413,34.7358,-24.5474,59.2832,107.2376,0.55282,0.8508,1.1502,1.3519
osw-cql-seed1-B,cql,287000,2,287000,d985713f62656aa9,-2958.945068359,168808,33814,13.0425,-13.1904,26.2329,107.2376,0.24462,0.8916,1.0109,1.1338
osw-cql-seed1-B,cql,287000,4,287000,d985713f62656aa9,-2958.945068359,35214,133999,1.7152,-4.8803,6.5955,107.2376,0.0615,0.8934,0.9696,1.0854
osw-cql-seed1-B,cql,287000,5,287000,d985713f62656aa9,-2958.945068359,40938,30344,7.7733,-10.3601,18.1333,107.2376,0.16909,0.9309,1.0685,1.1478
osw-cql-seed1-B,cql,287000,6,287000,d985713f62656aa9,-2958.945068359,51996,11915,1.0507,-20.0539,21.1047,107.2376,0.1968,0.9418,1.1182,1.1873
osw-cql-seed1-B,cql,287000,7,287000,d985713f62656aa9,-2958.945068359,64933,19513,-0.6746,-17.3556,16.6811,107.2376,0.15555,0.9115,1.0697,1.1736
osw-cql-seed1-B,cql,287000,11,287000,d985713f62656aa9,-2958.945068359,76763,39227,-1.6863,-12.09,10.4037,107.2376,0.09702,0.9588,1.0379,1.0825
osw-cql-seed1-B,cql,287000,12,287000,d985713f62656aa9,-2958.945068359,33583,82841,-6.9212,-6.426,-0.4952,107.2376,-0.00462,0.9477,1.0108,1.0665
osw-cql-seed1-B,cql,287000,13,287000,d985713f62656aa9,-2958.945068359,29838,52509,2.1991,-6.6069,8.806,107.2376,0.08212,0.9078,1.0367,1.1419
osw-cql-seed1-B,cql,287000,14,287000,d985713f62656aa9,-2958.945068359,36307,14110,14.0948,-15.68,29.7747,107.2376,0.27765,0.9491,1.1654,1.228
osw-cql-seed1-B,cql,288000,0,288000,ec60ee69bc63cd98,-2967.263916016,237311,68413,35.3673,-24.6656,60.0329,107.7477,0.55716,0.8498,1.1485,1.3514
osw-cql-seed1-B,cql,288000,2,288000,ec60ee69bc63cd98,-2967.263916016,168808,33814,13.1956,-13.4683,26.6639,107.7477,0.24747,0.8908,1.0079,1.1314
osw-cql-seed1-B,cql,288000,4,288000,ec60ee69bc63cd98,-2967.263916016,35214,133999,0.8107,-4.7789,5.5896,107.7477,0.05188,0.8936,0.9684,1.0837
osw-cql-seed1-B,cql,288000,5,288000,ec60ee69bc63cd98,-2967.263916016,40938,30344,7.1956,-10.5564,17.752,107.7477,0.16475,0.9293,1.0663,1.1474
osw-cql-seed1-B,cql,288000,6,288000,ec60ee69bc63cd98,-2967.263916016,51996,11915,0.6393,-19.7979,20.4372,107.7477,0.18968,0.9425,1.1156,1.1836
osw-cql-seed1-B,cql,288000,7,288000,ec60ee69bc63cd98,-2967.263916016,64933,19513,0.2029,-16.6042,16.8071,107.7477,0.15599,0.9105,1.0693,1.1744
osw-cql-seed1-B,cql,288000,11,288000,ec60ee69bc63cd98,-2967.263916016,76763,39227,-1.2957,-11.6134,10.3176,107.7477,0.09576,0.9578,1.0385,1.0842
osw-cql-seed1-B,cql,288000,12,288000,ec60ee69bc63cd98,-2967.263916016,33583,82841,-7.9535,-6.5641,-1.3895,107.7477,-0.0129,0.9492,1.0112,1.0654
osw-cql-seed1-B,cql,288000,13,288000,ec60ee69bc63cd98,-2967.263916016,29838,52509,2.0595,-6.2677,8.3272,107.7477,0.07728,0.9087,1.0355,1.1395
osw-cql-seed1-B,cql,288000,14,288000,ec60ee69bc63cd98,-2967.263916016,36307,14110,15.3757,-14.9992,30.375,107.7477,0.28191,0.9507,1.1551,1.2151
osw-cql-seed1-B,cql,289000,0,289000,9c8acdf867eb7a01,-2975.772705078,237311,68413,34.8227,-24.5518,59.3746,106.3347,0.55837,0.8487,1.1482,1.3528
osw-cql-seed1-B,cql,289000,2,289000,9c8acdf867eb7a01,-2975.772705078,168808,33814,13.6585,-12.632,26.2905,106.3347,0.24724,0.891,1.0085,1.1319
osw-cql-seed1-B,cql,289000,4,289000,9c8acdf867eb7a01,-2975.772705078,35214,133999,1.5984,-3.7623,5.3607,106.3347,0.05041,0.8919,0.9692,1.0867
osw-cql-seed1-B,cql,289000,5,289000,9c8acdf867eb7a01,-2975.772705078,40938,30344,7.8392,-10.1536,17.9928,106.3347,0.16921,0.9292,1.0672,1.1485
osw-cql-seed1-B,cql,289000,6,289000,9c8acdf867eb7a01,-2975.772705078,51996,11915,2.1108,-19.736,21.8468,106.3347,0.20545,0.9432,1.1174,1.1847
osw-cql-seed1-B,cql,289000,7,289000,9c8acdf867eb7a01,-2975.772705078,64933,19513,0.4183,-16.3524,16.7706,106.3347,0.15772,0.9099,1.0686,1.1745
osw-cql-seed1-B,cql,289000,11,289000,9c8acdf867eb7a01,-2975.772705078,76763,39227,-1.0568,-11.1047,10.0479,106.3347,0.09449,0.9578,1.0378,1.0835
osw-cql-seed1-B,cql,289000,12,289000,9c8acdf867eb7a01,-2975.772705078,33583,82841,-6.8507,-5.5277,-1.3229,106.3347,-0.01244,0.9498,1.0111,1.0645
osw-cql-seed1-B,cql,289000,13,289000,9c8acdf867eb7a01,-2975.772705078,29838,52509,1.9469,-5.7105,7.6574,106.3347,0.07201,0.9088,1.036,1.1399
osw-cql-seed1-B,cql,289000,14,289000,9c8acdf867eb7a01,-2975.772705078,36307,14110,13.7393,-15.6666,29.4059,106.3347,0.27654,0.9551,1.1557,1.21
osw-cql-seed1-B,cql,290000,0,290000,c68d31b71435a648,-2986.544677734,237311,68413,34.8647,-24.7208,59.5855,107.641,0.55356,0.8504,1.1506,1.353
osw-cql-seed1-B,cql,290000,2,290000,c68d31b71435a648,-2986.544677734,168808,33814,13.0922,-13.1017,26.194,107.641,0.24335,0.8919,1.0122,1.1348
osw-cql-seed1-B,cql,290000,4,290000,c68d31b71435a648,-2986.544677734,35214,133999,1.4238,-4.5127,5.9365,107.641,0.05515,0.8906,0.968,1.0869
osw-cql-seed1-B,cql,290000,5,290000,c68d31b71435a648,-2986.544677734,40938,30344,7.7283,-10.066,17.7943,107.641,0.16531,0.927,1.0664,1.1504
osw-cql-seed1-B,cql,290000,6,290000,c68d31b71435a648,-2986.544677734,51996,11915,1.1219,-18.6374,19.7592,107.641,0.18357,0.9418,1.1176,1.1867
osw-cql-seed1-B,cql,290000,7,290000,c68d31b71435a648,-2986.544677734,64933,19513,0.5021,-16.7251,17.2272,107.641,0.16004,0.9113,1.0676,1.1715
osw-cql-seed1-B,cql,290000,11,290000,c68d31b71435a648,-2986.544677734,76763,39227,-1.2496,-11.4597,10.21,107.641,0.09485,0.9589,1.0397,1.0843
osw-cql-seed1-B,cql,290000,12,290000,c68d31b71435a648,-2986.544677734,33583,82841,-6.9958,-6.3897,-0.6061,107.641,-0.00563,0.9465,1.0102,1.0674
osw-cql-seed1-B,cql,290000,13,290000,c68d31b71435a648,-2986.544677734,29838,52509,2.9638,-6.3739,9.3377,107.641,0.08675,0.906,1.035,1.1424
osw-cql-seed1-B,cql,290000,14,290000,c68d31b71435a648,-2986.544677734,36307,14110,13.8434,-15.7191,29.5626,107.641,0.27464,0.9487,1.1586,1.2212
osw-cql-seed1-B,cql,291000,0,291000,330c69b68bfd57f1,-2997.530761719,237311,68413,35.3955,-24.1073,59.5028,108.2158,0.54985,0.8505,1.1491,1.3511
osw-cql-seed1-B,cql,291000,2,291000,330c69b68bfd57f1,-2997.530761719,168808,33814,12.697,-13.1873,25.8843,108.2158,0.23919,0.8945,1.0097,1.1289
osw-cql-seed1-B,cql,291000,4,291000,330c69b68bfd57f1,-2997.530761719,35214,133999,2.3918,-4.7223,7.1142,108.2158,0.06574,0.892,0.9685,1.0858
osw-cql-seed1-B,cql,291000,5,291000,330c69b68bfd57f1,-2997.530761719,40938,30344,7.6553,-10.3458,18.0011,108.2158,0.16634,0.9283,1.068,1.1506
osw-cql-seed1-B,cql,291000,6,291000,330c69b68bfd57f1,-2997.530761719,51996,11915,1.8313,-19.1882,21.0195,108.2158,0.19424,0.9415,1.1174,1.1867
osw-cql-seed1-B,cql,291000,7,291000,330c69b68bfd57f1,-2997.530761719,64933,19513,0.6126,-16.4488,17.0614,108.2158,0.15766,0.9115,1.0684,1.1722
osw-cql-seed1-B,cql,291000,11,291000,330c69b68bfd57f1,-2997.530761719,76763,39227,-1.9041,-11.8448,9.9407,108.2158,0.09186,0.9578,1.0385,1.0843
osw-cql-seed1-B,cql,291000,12,291000,330c69b68bfd57f1,-2997.530761719,33583,82841,-7.03,-6.1791,-0.8509,108.2158,-0.00786,0.9472,1.0102,1.0666
osw-cql-seed1-B,cql,291000,13,291000,330c69b68bfd57f1,-2997.530761719,29838,52509,1.6005,-6.3613,7.9618,108.2158,0.07357,0.9061,1.0358,1.1431
osw-cql-seed1-B,cql,291000,14,291000,330c69b68bfd57f1,-2997.530761719,36307,14110,15.1534,-15.2627,30.4161,108.2158,0.28107,0.9493,1.1613,1.2233
osw-cql-seed1-B,cql,292000,0,292000,ac289300a854a540,-3004.635498047,237311,68413,34.5051,-25.1833,59.6884,108.0489,0.55242,0.8498,1.1502,1.3534
osw-cql-seed1-B,cql,292000,2,292000,ac289300a854a540,-3004.635498047,168808,33814,13.8182,-12.6414,26.4597,108.0489,0.24489,0.8917,1.0095,1.1321
osw-cql-seed1-B,cql,292000,4,292000,ac289300a854a540,-3004.635498047,35214,133999,3.0403,-4.1395,7.1798,108.0489,0.06645,0.8901,0.9687,1.0883
osw-cql-seed1-B,cql,292000,5,292000,ac289300a854a540,-3004.635498047,40938,30344,8.4995,-9.8782,18.3776,108.0489,0.17009,0.9273,1.0661,1.1496
osw-cql-seed1-B,cql,292000,6,292000,ac289300a854a540,-3004.635498047,51996,11915,1.5634,-19.2134,20.7768,108.0489,0.19229,0.9422,1.1203,1.1891
osw-cql-seed1-B,cql,292000,7,292000,ac289300a854a540,-3004.635498047,64933,19513,-0.0565,-16.8363,16.7797,108.0489,0.1553,0.9113,1.0703,1.1745
osw-cql-seed1-B,cql,292000,11,292000,ac289300a854a540,-3004.635498047,76763,39227,-1.6528,-11.6104,9.9576,108.0489,0.09216,0.9587,1.0377,1.0824
osw-cql-seed1-B,cql,292000,12,292000,ac289300a854a540,-3004.635498047,33583,82841,-6.838,-6.6746,-0.1633,108.0489,-0.00151,0.9465,1.0111,1.0683
osw-cql-seed1-B,cql,292000,13,292000,ac289300a854a540,-3004.635498047,29838,52509,2.2842,-6.249,8.5332,108.0489,0.07898,0.9056,1.0351,1.1431
osw-cql-seed1-B,cql,292000,14,292000,ac289300a854a540,-3004.635498047,36307,14110,15.3235,-15.1173,30.4409,108.0489,0.28173,0.9495,1.1583,1.2199
osw-cql-seed1-B,cql,293000,0,293000,7a84dab75ea753ff,-3014.446044922,237311,68413,35.2437,-24.3003,59.544,107.8378,0.55216,0.8486,1.1507,1.3561
osw-cql-seed1-B,cql,293000,2,293000,7a84dab75ea753ff,-3014.446044922,168808,33814,12.9303,-12.8773,25.8076,107.8378,0.23932,0.8908,1.0088,1.1324
osw-cql-seed1-B,cql,293000,4,293000,7a84dab75ea753ff,-3014.446044922,35214,133999,2.8191,-4.2849,7.104,107.8378,0.06588,0.8911,0.9691,1.0876
osw-cql-seed1-B,cql,293000,5,293000,7a84dab75ea753ff,-3014.446044922,40938,30344,8.3246,-10.2729,18.5975,107.8378,0.17246,0.9282,1.0676,1.1501
osw-cql-seed1-B,cql,293000,6,293000,7a84dab75ea753ff,-3014.446044922,51996,11915,0.8558,-20.0619,20.9177,107.8378,0.19397,0.9433,1.1161,1.1832
osw-cql-seed1-B,cql,293000,7,293000,7a84dab75ea753ff,-3014.446044922,64933,19513,-0.4573,-17.0294,16.5721,107.8378,0.15368,0.9134,1.0677,1.1689
osw-cql-seed1-B,cql,293000,11,293000,7a84dab75ea753ff,-3014.446044922,76763,39227,-1.5643,-11.8346,10.2703,107.8378,0.09524,0.9597,1.039,1.0827
osw-cql-seed1-B,cql,293000,12,293000,7a84dab75ea753ff,-3014.446044922,33583,82841,-7.3106,-6.5449,-0.7657,107.8378,-0.0071,0.9489,1.0113,1.0657
osw-cql-seed1-B,cql,293000,13,293000,7a84dab75ea753ff,-3014.446044922,29838,52509,2.2045,-6.2141,8.4187,107.8378,0.07807,0.9075,1.0362,1.1418
osw-cql-seed1-B,cql,293000,14,293000,7a84dab75ea753ff,-3014.446044922,36307,14110,14.695,-15.7138,30.4089,107.8378,0.28199,0.9511,1.1564,1.2157
osw-cql-seed1-B,cql,294000,0,294000,11ea1714b0bf9fca,-3024.586181641,237311,68413,35.221,-24.5283,59.7493,107.6831,0.55486,0.8491,1.1483,1.3524
osw-cql-seed1-B,cql,294000,2,294000,11ea1714b0bf9fca,-3024.586181641,168808,33814,13.4355,-13.6268,27.0623,107.6831,0.25131,0.8912,1.008,1.131
osw-cql-seed1-B,cql,294000,4,294000,11ea1714b0bf9fca,-3024.586181641,35214,133999,3.3439,-4.2645,7.6084,107.6831,0.07066,0.89,0.9685,1.0881
osw-cql-seed1-B,cql,294000,5,294000,11ea1714b0bf9fca,-3024.586181641,40938,30344,8.5133,-9.9909,18.5042,107.6831,0.17184,0.9282,1.0667,1.1492
osw-cql-seed1-B,cql,294000,6,294000,11ea1714b0bf9fca,-3024.586181641,51996,11915,2.8775,-19.4086,22.2861,107.6831,0.20696,0.9425,1.1153,1.1833
osw-cql-seed1-B,cql,294000,7,294000,11ea1714b0bf9fca,-3024.586181641,64933,19513,0.5669,-16.874,17.4409,107.6831,0.16196,0.9119,1.0691,1.1723
osw-cql-seed1-B,cql,294000,11,294000,11ea1714b0bf9fca,-3024.586181641,76763,39227,-1.7226,-12.068,10.3454,107.6831,0.09607,0.9588,1.038,1.0826
osw-cql-seed1-B,cql,294000,12,294000,11ea1714b0bf9fca,-3024.586181641,33583,82841,-7.0901,-6.7922,-0.2978,107.6831,-0.00277,0.9462,1.0104,1.0678
osw-cql-seed1-B,cql,294000,13,294000,11ea1714b0bf9fca,-3024.586181641,29838,52509,1.7674,-6.397,8.1644,107.6831,0.07582,0.9074,1.035,1.1407
osw-cql-seed1-B,cql,294000,14,294000,11ea1714b0bf9fca,-3024.586181641,36307,14110,15.1073,-15.2086,30.3159,107.6831,0.28153,0.9555,1.1512,1.2049
osw-cql-seed1-B,cql,295000,0,295000,cbdf39686c9de2da,-3030.725585938,237311,68413,34.719,-24.7673,59.4863,106.715,0.55743,0.8505,1.1467,1.3482
osw-cql-seed1-B,cql,295000,2,295000,cbdf39686c9de2da,-3030.725585938,168808,33814,13.1217,-13.1428,26.2645,106.715,0.24612,0.8914,1.0092,1.1321
osw-cql-seed1-B,cql,295000,4,295000,cbdf39686c9de2da,-3030.725585938,35214,133999,1.7323,-4.5601,6.2925,106.715,0.05897,0.8914,0.9688,1.0868
osw-cql-seed1-B,cql,295000,5,295000,cbdf39686c9de2da,-3030.725585938,40938,30344,7.5509,-10.5847,18.1356,106.715,0.16994,0.9313,1.0693,1.1482
osw-cql-seed1-B,cql,295000,6,295000,cbdf39686c9de2da,-3030.725585938,51996,11915,1.0857,-19.6575,20.7431,106.715,0.19438,0.9448,1.1129,1.1779
osw-cql-seed1-B,cql,295000,7,295000,cbdf39686c9de2da,-3030.725585938,64933,19513,0.591,-16.4722,17.0632,106.715,0.1599,0.9101,1.0677,1.1732
osw-cql-seed1-B,cql,295000,11,295000,cbdf39686c9de2da,-3030.725585938,76763,39227,-1.8898,-11.9081,10.0182,106.715,0.09388,0.9591,1.0384,1.0827
osw-cql-seed1-B,cql,295000,12,295000,cbdf39686c9de2da,-3030.725585938,33583,82841,-7.0497,-6.4768,-0.5729,106.715,-0.00537,0.9463,1.0105,1.0678
osw-cql-seed1-B,cql,295000,13,295000,cbdf39686c9de2da,-3030.725585938,29838,52509,2.0814,-6.3704,8.4518,106.715,0.0792,0.9066,1.0372,1.144
osw-cql-seed1-B,cql,295000,14,295000,cbdf39686c9de2da,-3030.725585938,36307,14110,13.5681,-15.6001,29.1682,106.715,0.27333,0.9559,1.1522,1.2053
osw-cql-seed1-B,cql,296000,0,296000,fa30aa274c1a0129,-3035.057617188,237311,68413,35.2694,-24.9503,60.2197,107.6523,0.55939,0.8508,1.1512,1.353
osw-cql-seed1-B,cql,296000,2,296000,fa30aa274c1a0129,-3035.057617188,168808,33814,13.5233,-12.9899,26.5132,107.6523,0.24629,0.8913,1.0096,1.1327
osw-cql-seed1-B,cql,296000,4,296000,fa30aa274c1a0129,-3035.057617188,35214,133999,4.1013,-4.1127,8.214,107.6523,0.0763,0.8916,0.9686,1.0865
osw-cql-seed1-B,cql,296000,5,296000,fa30aa274c1a0129,-3035.057617188,40938,30344,9.0842,-9.5462,18.6305,107.6523,0.17306,0.9294,1.0673,1.1483
osw-cql-seed1-B,cql,296000,6,296000,fa30aa274c1a0129,-3035.057617188,51996,11915,2.4834,-18.0244,20.5078,107.6523,0.1905,0.9432,1.1138,1.1809
osw-cql-seed1-B,cql,296000,7,296000,fa30aa274c1a0129,-3035.057617188,64933,19513,0.5403,-16.6584,17.1987,107.6523,0.15976,0.912,1.0698,1.1729
osw-cql-seed1-B,cql,296000,11,296000,fa30aa274c1a0129,-3035.057617188,76763,39227,-1.4874,-11.6052,10.1178,107.6523,0.09399,0.9578,1.0376,1.0834
osw-cql-seed1-B,cql,296000,12,296000,fa30aa274c1a0129,-3035.057617188,33583,82841,-6.8617,-6.3403,-0.5214,107.6523,-0.00484,0.9465,1.01,1.0671
osw-cql-seed1-B,cql,296000,13,296000,fa30aa274c1a0129,-3035.057617188,29838,52509,3.7305,-5.844,9.5744,107.6523,0.08894,0.9088,1.0358,1.1398
osw-cql-seed1-B,cql,296000,14,296000,fa30aa274c1a0129,-3035.057617188,36307,14110,15.3986,-14.6909,30.0895,107.6523,0.27951,0.9536,1.1542,1.2104
osw-cql-seed1-B,cql,297000,0,297000,0fab611c80c209dc,-3045.437988281,237311,68413,34.9303,-24.8556,59.786,107.5233,0.55603,0.85,1.1507,1.3539
osw-cql-seed1-B,cql,297000,2,297000,0fab611c80c209dc,-3045.437988281,168808,33814,13.2638,-13.2,26.4638,107.5233,0.24612,0.8917,1.0117,1.1345
osw-cql-seed1-B,cql,297000,4,297000,0fab611c80c209dc,-3045.437988281,35214,133999,3.4719,-4.4997,7.9715,107.5233,0.07414,0.8934,0.9697,1.0854
osw-cql-seed1-B,cql,297000,5,297000,0fab611c80c209dc,-3045.437988281,40938,30344,9.0229,-10.345,19.3679,107.5233,0.18013,0.9313,1.0687,1.1475
osw-cql-seed1-B,cql,297000,6,297000,0fab611c80c209dc,-3045.437988281,51996,11915,2.2051,-19.3989,21.604,107.5233,0.20092,0.9428,1.1149,1.1826
osw-cql-seed1-B,cql,297000,7,297000,0fab611c80c209dc,-3045.437988281,64933,19513,0.9892,-16.7898,17.779,107.5233,0.16535,0.9111,1.068,1.1722
osw-cql-seed1-B,cql,297000,11,297000,0fab611c80c209dc,-3045.437988281,76763,39227,-1.4046,-11.8969,10.4922,107.5233,0.09758,0.9576,1.0369,1.0828
osw-cql-seed1-B,cql,297000,12,297000,0fab611c80c209dc,-3045.437988281,33583,82841,-6.6003,-6.4432,-0.1571,107.5233,-0.00146,0.9462,1.0098,1.0672
osw-cql-seed1-B,cql,297000,13,297000,0fab611c80c209dc,-3045.437988281,29838,52509,3.9719,-6.1985,10.1703,107.5233,0.09459,0.911,1.0367,1.1379
osw-cql-seed1-B,cql,297000,14,297000,0fab611c80c209dc,-3045.437988281,36307,14110,16.3348,-15.3727,31.7075,107.5233,0.29489,0.9579,1.1562,1.207
osw-cql-seed1-B,cql,298000,0,298000,af3afbb0a7c1b21c,-3052.956787109,237311,68413,34.6129,-25.2045,59.8174,107.9434,0.55416,0.849,1.1482,1.3525
osw-cql-seed1-B,cql,298000,2,298000,af3afbb0a7c1b21c,-3052.956787109,168808,33814,12.8903,-13.4272,26.3175,107.9434,0.24381,0.8918,1.0096,1.1322
osw-cql-seed1-B,cql,298000,4,298000,af3afbb0a7c1b21c,-3052.956787109,35214,133999,2.1039,-5.1286,7.2326,107.9434,0.067,0.8914,0.9691,1.0873
osw-cql-seed1-B,cql,298000,5,298000,af3afbb0a7c1b21c,-3052.956787109,40938,30344,6.9453,-11.3217,18.267,107.9434,0.16923,0.9282,1.0695,1.1522
osw-cql-seed1-B,cql,298000,6,298000,af3afbb0a7c1b21c,-3052.956787109,51996,11915,1.0351,-19.8859,20.921,107.9434,0.19381,0.9412,1.1178,1.1876
osw-cql-seed1-B,cql,298000,7,298000,af3afbb0a7c1b21c,-3052.956787109,64933,19513,0.0668,-16.8628,16.9296,107.9434,0.15684,0.9122,1.0698,1.1728
osw-cql-seed1-B,cql,298000,11,298000,af3afbb0a7c1b21c,-3052.956787109,76763,39227,-1.9128,-12.0865,10.1737,107.9434,0.09425,0.9573,1.0379,1.0842
osw-cql-seed1-B,cql,298000,12,298000,af3afbb0a7c1b21c,-3052.956787109,33583,82841,-6.8514,-6.6883,-0.163,107.9434,-0.00151,0.948,1.0105,1.0659
osw-cql-seed1-B,cql,298000,13,298000,af3afbb0a7c1b21c,-3052.956787109,29838,52509,2.0122,-6.9,8.9122,107.9434,0.08256,0.9078,1.0368,1.1421
osw-cql-seed1-B,cql,298000,14,298000,af3afbb0a7c1b21c,-3052.956787109,36307,14110,14.1795,-15.6182,29.7978,107.9434,0.27605,0.9485,1.1624,1.2256
osw-cql-seed1-B,cql,299000,0,299000,a9e84c3eadfe35d2,-3063.229003906,237311,68413,34.3557,-24.3723,58.728,106.9343,0.5492,0.8496,1.1488,1.3522
osw-cql-seed1-B,cql,299000,2,299000,a9e84c3eadfe35d2,-3063.229003906,168808,33814,13.6896,-13.1558,26.8454,106.9343,0.25105,0.892,1.0081,1.1302
osw-cql-seed1-B,cql,299000,4,299000,a9e84c3eadfe35d2,-3063.229003906,35214,133999,1.4305,-4.5166,5.9471,106.9343,0.05561,0.8919,0.9689,1.0863
osw-cql-seed1-B,cql,299000,5,299000,a9e84c3eadfe35d2,-3063.229003906,40938,30344,8.0558,-10.2423,18.2981,106.9343,0.17112,0.9281,1.0677,1.1504
osw-cql-seed1-B,cql,299000,6,299000,a9e84c3eadfe35d2,-3063.229003906,51996,11915,1.1679,-20.0261,21.194,106.9343,0.1982,0.9413,1.1134,1.1828
osw-cql-seed1-B,cql,299000,7,299000,a9e84c3eadfe35d2,-3063.229003906,64933,19513,0.1573,-16.5688,16.7262,106.9343,0.15642,0.9114,1.0688,1.1727
osw-cql-seed1-B,cql,299000,11,299000,a9e84c3eadfe35d2,-3063.229003906,76763,39227,-2.973,-12.944,9.971,106.9343,0.09324,0.9587,1.0391,1.0839
osw-cql-seed1-B,cql,299000,12,299000,a9e84c3eadfe35d2,-3063.229003906,33583,82841,-7.9366,-7.0259,-0.9107,106.9343,-0.00852,0.9471,1.0098,1.0663
osw-cql-seed1-B,cql,299000,13,299000,a9e84c3eadfe35d2,-3063.229003906,29838,52509,1.3101,-6.4832,7.7932,106.9343,0.07288,0.9074,1.037,1.1427
osw-cql-seed1-B,cql,299000,14,299000,a9e84c3eadfe35d2,-3063.229003906,36307,14110,13.762,-16.1911,29.9531,106.9343,0.28011,0.9517,1.157,1.2157
osw-cql-seed1-B,cql,300000,0,300000,51b8f2878211c862,-3067.922363281,237311,68413,34.2228,-25.4189,59.6416,106.6851,0.55904,0.851,1.1475,1.3484
osw-cql-seed1-B,cql,300000,2,300000,51b8f2878211c862,-3067.922363281,168808,33814,13.0612,-12.8618,25.9231,106.6851,0.24299,0.8912,1.0093,1.1326
osw-cql-seed1-B,cql,300000,4,300000,51b8f2878211c862,-3067.922363281,35214,133999,1.5625,-4.4943,6.0568,106.6851,0.05677,0.8918,0.9689,1.0865
osw-cql-seed1-B,cql,300000,5,300000,51b8f2878211c862,-3067.922363281,40938,30344,7.3629,-10.4313,17.7943,106.6851,0.16679,0.9298,1.0667,1.1473
osw-cql-seed1-B,cql,300000,6,300000,51b8f2878211c862,-3067.922363281,51996,11915,1.4563,-19.1143,20.5707,106.6851,0.19282,0.9427,1.1145,1.1822
osw-cql-seed1-B,cql,300000,7,300000,51b8f2878211c862,-3067.922363281,64933,19513,0.7331,-16.2711,17.0042,106.6851,0.15939,0.911,1.067,1.1712
osw-cql-seed1-B,cql,300000,11,300000,51b8f2878211c862,-3067.922363281,76763,39227,-1.7088,-11.6376,9.9289,106.6851,0.09307,0.9587,1.0382,1.0829
osw-cql-seed1-B,cql,300000,12,300000,51b8f2878211c862,-3067.922363281,33583,82841,-7.1051,-6.3999,-0.7052,106.6851,-0.00661,0.9477,1.0114,1.0672
osw-cql-seed1-B,cql,300000,13,300000,51b8f2878211c862,-3067.922363281,29838,52509,0.5858,-6.7024,7.2882,106.6851,0.06831,0.9083,1.0357,1.1403
osw-cql-seed1-B,cql,300000,14,300000,51b8f2878211c862,-3067.922363281,36307,14110,13.5701,-15.2899,28.86,106.6851,0.27052,0.9569,1.1536,1.2056
