run,algo,step,bin,checkpoint_global_step,critic_checksum,first_layer_sum,n_surv,n_fail,Q_surv,Q_fail,Delta,span,Delta_hat,d_surv,d_fail,d_ratio
20260810_044420-g1_29dof_wbt_iql_manager_seed2-locomotion,iql,1000,0,1000,d7ee7f747ed86c67,143.456298828,237311,68413,24.8549,18.511,6.3439,27.7308,0.22877,0.8622,1.1985,1.39
20260810_044420-g1_29dof_wbt_iql_manager_seed2-locomotion,iql,1000,2,1000,d7ee7f747ed86c67,143.456298828,168808,33814,23.1529,19.5513,3.6016,27.7308,0.12988,0.9065,1.0521,1.1605
20260810_044420-g1_29dof_wbt_iql_manager_seed2-locomotion,iql,1000,4,1000,d7ee7f747ed86c67,143.456298828,35214,133999,20.1808,8.2986,11.8822,27.7308,0.42848,0.928,1.0315,1.1115
20260810_044420-g1_29dof_wbt_iql_manager_seed2-locomotion,iql,1000,5,1000,d7ee7f747ed86c67,143.456298828,40938,30344,23.427,6.9928,16.4341,27.7308,0.59263,0.982,1.1578,1.179
20260810_044420-g1_29dof_wbt_iql_manager_seed2-locomotion,iql,1000,6,1000,d7ee7f747ed86c67,143.456298828,51996,11915,28.4919,18.0926,10.3993,27.7308,0.37501,0.9781,1.1642,1.1902
20260810_044420-g1_29dof_wbt_iql_manager_seed2-locomotion,iql,1000,7,1000,d7ee7f747ed86c67,143.456298828,64933,19513,28.2167,20.4278,7.7889,27.7308,0.28087,0.9525,1.1114,1.1669
20260810_044420-g1_29dof_wbt_iql_manager_seed2-locomotion,iql,1000,11,1000,d7ee7f747ed86c67,143.456298828,76763,39227,20.8232,15.7463,5.0768,27.7308,0.18308,1.0097,1.0921,1.0816
20260810_044420-g1_29dof_wbt_iql_manager_seed2-locomotion,iql,1000,12,1000,d7ee7f747ed86c67,143.456298828,33583,82841,17.4374,11.3001,6.1372,27.7308,0.22132,0.9842,1.0666,1.0837
20260810_044420-g1_29dof_wbt_iql_manager_seed2-locomotion,iql,1000,13,1000,d7ee7f747ed86c67,143.456298828,29838,52509,22.347,6.5685,15.7785,27.7308,0.56899,0.9502,1.1046,1.1625
20260810_044420-g1_29dof_wbt_iql_manager_seed2-locomotion,iql,1000,14,1000,d7ee7f747ed86c67,143.456298828,36307,14110,25.5592,13.8334,11.7258,27.7308,0.42284,0.9911,1.2415,1.2527
20260810_044420-g1_29dof_wbt_iql_manager_seed2-locomotion,iql,2000,0,2000,abae7fa8e1aed482,22.593570709,237311,68413,24.158,11.7541,12.4038,34.9487,0.35492,0.8621,1.1854,1.3751
20260810_044420-g1_29dof_wbt_iql_manager_seed2-locomotion,iql,2000,2,2000,abae7fa8e1aed482,22.593570709,168808,33814,18.8423,9.7693,9.073,34.9487,0.25961,0.9223,1.0657,1.1556
20260810_044420-g1_29dof_wbt_iql_manager_seed2-locomotion,iql,2000,4,2000,abae7fa8e1aed482,22.593570709,35214,133999,23.933,8.5466,15.3864,34.9487,0.44026,0.8998,1.0018,1.1133
20260810_044420-g1_29dof_wbt_iql_manager_seed2-locomotion,iql,2000,5,2000,abae7fa8e1aed482,22.593570709,40938,30344,27.7414,7.9153,19.8261,34.9487,0.56729,0.9536,1.1227,1.1774
20260810_044420-g1_29dof_wbt_iql_manager_seed2-locomotion,iql,2000,6,2000,abae7fa8e1aed482,22.593570709,51996,11915,29.884,19.4957,10.3883,34.9487,0.29724,0.9622,1.1375,1.1822
20260810_044420-g1_29dof_wbt_iql_manager_seed2-locomotion,iql,2000,7,2000,abae7fa8e1aed482,22.593570709,64933,19513,28.0299,19.2357,8.7942,34.9487,0.25163,0.9324,1.0813,1.1596
20260810_044420-g1_29dof_wbt_iql_manager_seed2-locomotion,iql,2000,11,2000,abae7fa8e1aed482,22.593570709,76763,39227,19.7352,12.9333,6.8019,34.9487,0.19462,0.9853,1.0642,1.0801
20260810_044420-g1_29dof_wbt_iql_manager_seed2-locomotion,iql,2000,12,2000,abae7fa8e1aed482,22.593570709,33583,82841,20.7776,11.91,8.8676,34.9487,0.25373,0.9641,1.0435,1.0823
20260810_044420-g1_29dof_wbt_iql_manager_seed2-locomotion,iql,2000,13,2000,abae7fa8e1aed482,22.593570709,29838,52509,25.7253,6.907,18.8183,34.9487,0.53846,0.9293,1.074,1.1556
20260810_044420-g1_29dof_wbt_iql_manager_seed2-locomotion,iql,2000,14,2000,abae7fa8e1aed482,22.593570709,36307,14110,28.9223,14.9119,14.0104,34.9487,0.40088,0.9668,1.2063,1.2477
20260810_044420-g1_29dof_wbt_iql_manager_seed2-locomotion,iql,3000,0,3000,0e1a334afec1cff2,-98.644187927,237311,68413,24.1965,10.0913,14.1052,35.5629,0.39663,0.8557,1.18,1.379
20260810_044420-g1_29dof_wbt_iql_manager_seed2-locomotion,iql,3000,2,3000,0e1a334afec1cff2,-98.644187927,168808,33814,15.7001,5.9168,9.7834,35.5629,0.2751,0.9131,1.0532,1.1535
20260810_044420-g1_29dof_wbt_iql_manager_seed2-locomotion,iql,3000,4,3000,0e1a334afec1cff2,-98.644187927,35214,133999,19.5288,5.3253,14.2035,35.5629,0.39939,0.8942,0.9953,1.113
20260810_044420-g1_29dof_wbt_iql_manager_seed2-locomotion,iql,3000,5,3000,0e1a334afec1cff2,-98.644187927,40938,30344,23.8782,5.768,18.1102,35.5629,0.50924,0.9474,1.1077,1.1692
20260810_044420-g1_29dof_wbt_iql_manager_seed2-locomotion,iql,3000,6,3000,0e1a334afec1cff2,-98.644187927,51996,11915,27.5497,16.0168,11.5328,35.5629,0.32429,0.9575,1.1189,1.1685
20260810_044420-g1_29dof_wbt_iql_manager_seed2-locomotion,iql,3000,7,3000,0e1a334afec1cff2,-98.644187927,64933,19513,26.8892,16.3508,10.5384,35.5629,0.29633,0.9259,1.0832,1.1698
20260810_044420-g1_29dof_wbt_iql_manager_seed2-locomotion,iql,3000,11,3000,0e1a334afec1cff2,-98.644187927,76763,39227,21.0756,12.8859,8.1896,35.5629,0.23029,0.979,1.0601,1.0828
20260810_044420-g1_29dof_wbt_iql_manager_seed2-locomotion,iql,3000,12,3000,0e1a334afec1cff2,-98.644187927,33583,82841,17.5651,8.7276,8.8375,35.5629,0.2485,0.9602,1.0439,1.0871
20260810_044420-g1_29dof_wbt_iql_manager_seed2-locomotion,iql,3000,13,3000,0e1a334afec1cff2,-98.644187927,29838,52509,20.9683,4.694,16.2743,35.5629,0.45762,0.9223,1.0631,1.1527
20260810_044420-g1_29dof_wbt_iql_manager_seed2-locomotion,iql,3000,14,3000,0e1a334afec1cff2,-98.644187927,36307,14110,26.5563,10.5542,16.0021,35.5629,0.44997,0.9655,1.1916,1.2341
20260810_044420-g1_29dof_wbt_iql_manager_seed2-locomotion,iql,4000,0,4000,11f01230791a9e16,-157.463134766,237311,68413,27.3147,10.6556,16.6592,35.3818,0.47084,0.8499,1.1686,1.3749
20260810_044420-g1_29dof_wbt_iql_manager_seed2-locomotion,iql,4000,2,4000,11f01230791a9e16,-157.463134766,168808,33814,23.1221,11.8732,11.2488,35.3818,0.31793,0.8989,1.0386,1.1555
20260810_044420-g1_29dof_wbt_iql_manager_seed2-locomotion,iql,4000,4,4000,11f01230791a9e16,-157.463134766,35214,133999,20.1654,5.3758,14.7896,35.3818,0.418,0.89,1.0005,1.1241
20260810_044420-g1_29dof_wbt_iql_manager_seed2-locomotion,iql,4000,5,4000,11f01230791a9e16,-157.463134766,40938,30344,23.8247,4.4806,19.3441,35.3818,0.54672,0.9442,1.1054,1.1707
20260810_044420-g1_29dof_wbt_iql_manager_seed2-locomotion,iql,4000,6,4000,11f01230791a9e16,-157.463134766,51996,11915,26.8958,11.3238,15.5721,35.3818,0.44011,0.9538,1.1187,1.1729
20260810_044420-g1_29dof_wbt_iql_manager_seed2-locomotion,iql,4000,7,4000,11f01230791a9e16,-157.463134766,64933,19513,26.3082,14.5217,11.7865,35.3818,0.33312,0.9231,1.0775,1.1672
20260810_044420-g1_29dof_wbt_iql_manager_seed2-locomotion,iql,4000,11,4000,11f01230791a9e16,-157.463134766,76763,39227,20.467,11.3834,9.0836,35.3818,0.25673,0.9736,1.0536,1.0821
20260810_044420-g1_29dof_wbt_iql_manager_seed2-locomotion,iql,4000,12,4000,11f01230791a9e16,-157.463134766,33583,82841,19.3834,9.6622,9.7212,35.3818,0.27475,0.9531,1.0404,1.0916
20260810_044420-g1_29dof_wbt_iql_manager_seed2-locomotion,iql,4000,13,4000,11f01230791a9e16,-157.463134766,29838,52509,21.0933,4.5069,16.5864,35.3818,0.46878,0.9173,1.0658,1.1619
20260810_044420-g1_29dof_wbt_iql_manager_seed2-locomotion,iql,4000,14,4000,11f01230791a9e16,-157.463134766,36307,14110,26.7985,8.5341,18.2645,35.3818,0.51621,0.9582,1.1907,1.2426
20260810_044420-g1_29dof_wbt_iql_manager_seed2-locomotion,iql,5000,0,5000,24ecfea2a082a7b2,-170.495193481,237311,68413,30.6797,12.5917,18.088,35.3656,0.51146,0.8465,1.1684,1.3803
20260810_044420-g1_29dof_wbt_iql_manager_seed2-locomotion,iql,5000,2,5000,24ecfea2a082a7b2,-170.495193481,168808,33814,24.2595,12.2436,12.0159,35.3656,0.33976,0.8964,1.0307,1.1497
20260810_044420-g1_29dof_wbt_iql_manager_seed2-locomotion,iql,5000,4,5000,24ecfea2a082a7b2,-170.495193481,35214,133999,21.3081,6.3061,15.002,35.3656,0.4242,0.8828,0.9963,1.1286
20260810_044420-g1_29dof_wbt_iql_manager_seed2-locomotion,iql,5000,5,5000,24ecfea2a082a7b2,-170.495193481,40938,30344,24.2217,6.1028,18.1189,35.3656,0.51233,0.9292,1.0997,1.1835
20260810_044420-g1_29dof_wbt_iql_manager_seed2-locomotion,iql,5000,6,5000,24ecfea2a082a7b2,-170.495193481,51996,11915,27.363,15.0323,12.3307,35.3656,0.34866,0.9554,1.1127,1.1647
20260810_044420-g1_29dof_wbt_iql_manager_seed2-locomotion,iql,5000,7,5000,24ecfea2a082a7b2,-170.495193481,64933,19513,27.4364,15.931,11.5054,35.3656,0.32533,0.9197,1.0749,1.1688
20260810_044420-g1_29dof_wbt_iql_manager_seed2-locomotion,iql,5000,11,5000,24ecfea2a082a7b2,-170.495193481,76763,39227,21.1239,11.895,9.2289,35.3656,0.26096,0.9683,1.0469,1.0812
20260810_044420-g1_29dof_wbt_iql_manager_seed2-locomotion,iql,5000,12,5000,24ecfea2a082a7b2,-170.495193481,33583,82841,20.5767,11.0341,9.5426,35.3656,0.26983,0.9464,1.0331,1.0916
20260810_044420-g1_29dof_wbt_iql_manager_seed2-locomotion,iql,5000,13,5000,24ecfea2a082a7b2,-170.495193481,29838,52509,22.2685,6.0062,16.2622,35.3656,0.45983,0.9022,1.059,1.1737
20260810_044420-g1_29dof_wbt_iql_manager_seed2-locomotion,iql,5000,14,5000,24ecfea2a082a7b2,-170.495193481,36307,14110,26.8697,11.1522,15.7175,35.3656,0.44443,0.9488,1.1821,1.2459
20260810_044420-g1_29dof_wbt_iql_manager_seed2-locomotion,iql,6000,0,6000,3111af10ecde6032,-178.063568115,237311,68413,27.4202,9.9162,17.5039,33.9318,0.51586,0.8449,1.1621,1.3755
20260810_044420-g1_29dof_wbt_iql_manager_seed2-locomotion,iql,6000,2,6000,3111af10ecde6032,-178.063568115,168808,33814,20.4521,8.3012,12.1509,33.9318,0.3581,0.9019,1.0355,1.148
20260810_044420-g1_29dof_wbt_iql_manager_seed2-locomotion,iql,6000,4,6000,3111af10ecde6032,-178.063568115,35214,133999,21.4255,5.6156,15.8099,33.9318,0.46593,0.8807,0.9972,1.1323
20260810_044420-g1_29dof_wbt_iql_manager_seed2-locomotion,iql,6000,5,6000,3111af10ecde6032,-178.063568115,40938,30344,25.2227,6.665,18.5576,33.9318,0.54691,0.9338,1.1034,1.1817
20260810_044420-g1_29dof_wbt_iql_manager_seed2-locomotion,iql,6000,6,6000,3111af10ecde6032,-178.063568115,51996,11915,27.2562,15.6342,11.6219,33.9318,0.34251,0.9458,1.1163,1.1802
20260810_044420-g1_29dof_wbt_iql_manager_seed2-locomotion,iql,6000,7,6000,3111af10ecde6032,-178.063568115,64933,19513,25.8833,14.5509,11.3323,33.9318,0.33397,0.9159,1.0734,1.172
20260810_044420-g1_29dof_wbt_iql_manager_seed2-locomotion,iql,6000,11,6000,3111af10ecde6032,-178.063568115,76763,39227,18.3829,9.9075,8.4754,33.9318,0.24978,0.9701,1.0501,1.0825
20260810_044420-g1_29dof_wbt_iql_manager_seed2-locomotion,iql,6000,12,6000,3111af10ecde6032,-178.063568115,33583,82841,18.5338,8.9911,9.5427,33.9318,0.28123,0.949,1.0427,1.0987
20260810_044420-g1_29dof_wbt_iql_manager_seed2-locomotion,iql,6000,13,6000,3111af10ecde6032,-178.063568115,29838,52509,23.5132,6.1038,17.4093,33.9318,0.51307,0.9058,1.0591,1.1694
20260810_044420-g1_29dof_wbt_iql_manager_seed2-locomotion,iql,6000,14,6000,3111af10ecde6032,-178.063568115,36307,14110,27.5087,12.4968,15.0119,33.9318,0.44242,0.9462,1.183,1.2503
20260810_044420-g1_29dof_wbt_iql_manager_seed2-locomotion,iql,7000,0,7000,e8133701b559c60d,-182.778381348,237311,68413,32.5112,13.6859,18.8254,36.5568,0.51496,0.8492,1.1622,1.3686
20260810_044420-g1_29dof_wbt_iql_manager_seed2-locomotion,iql,7000,2,7000,e8133701b559c60d,-182.778381348,168808,33814,23.9591,12.1216,11.8375,36.5568,0.32381,0.9036,1.0419,1.153
20260810_044420-g1_29dof_wbt_iql_manager_seed2-locomotion,iql,7000,4,7000,e8133701b559c60d,-182.778381348,35214,133999,20.7906,5.2798,15.5108,36.5568,0.42429,0.8855,0.9975,1.1265
20260810_044420-g1_29dof_wbt_iql_manager_seed2-locomotion,iql,7000,5,7000,e8133701b559c60d,-182.778381348,40938,30344,24.6164,4.8208,19.7956,36.5568,0.5415,0.9307,1.0934,1.1748
20260810_044420-g1_29dof_wbt_iql_manager_seed2-locomotion,iql,7000,6,7000,e8133701b559c60d,-182.778381348,51996,11915,26.7325,10.4806,16.2519,36.5568,0.44457,0.9566,1.1173,1.1679
20260810_044420-g1_29dof_wbt_iql_manager_seed2-locomotion,iql,7000,7,7000,e8133701b559c60d,-182.778381348,64933,19513,25.889,12.6629,13.2261,36.5568,0.3618,0.9203,1.0723,1.1651
20260810_044420-g1_29dof_wbt_iql_manager_seed2-locomotion,iql,7000,11,7000,e8133701b559c60d,-182.778381348,76763,39227,18.9795,9.5579,9.4216,36.5568,0.25773,0.9798,1.0563,1.0781
20260810_044420-g1_29dof_wbt_iql_manager_seed2-locomotion,iql,7000,12,7000,e8133701b559c60d,-182.778381348,33583,82841,17.3373,8.0131,9.3242,36.5568,0.25506,0.9509,1.0388,1.0923
20260810_044420-g1_29dof_wbt_iql_manager_seed2-locomotion,iql,7000,13,7000,e8133701b559c60d,-182.778381348,29838,52509,21.7001,4.7819,16.9182,36.5568,0.46279,0.9109,1.056,1.1592
20260810_044420-g1_29dof_wbt_iql_manager_seed2-locomotion,iql,7000,14,7000,e8133701b559c60d,-182.778381348,36307,14110,26.6844,8.6018,18.0825,36.5568,0.49464,0.9507,1.1787,1.2399
20260810_044420-g1_29dof_wbt_iql_manager_seed2-locomotion,iql,8000,0,8000,e636912d2758eba5,-182.932159424,237311,68413,27.8174,10.9886,16.8287,32.8335,0.51255,0.8408,1.1525,1.3707
20260810_044420-g1_29dof_wbt_iql_manager_seed2-locomotion,iql,8000,2,8000,e636912d2758eba5,-182.932159424,168808,33814,22.7519,11.5521,11.1998,32.8335,0.34111,0.8931,1.0273,1.1503
20260810_044420-g1_29dof_wbt_iql_manager_seed2-locomotion,iql,8000,4,8000,e636912d2758eba5,-182.932159424,35214,133999,21.1768,6.3917,14.7851,32.8335,0.45031,0.8765,0.9936,1.1336
20260810_044420-g1_29dof_wbt_iql_manager_seed2-locomotion,iql,8000,5,8000,e636912d2758eba5,-182.932159424,40938,30344,23.365,4.4779,18.887,32.8335,0.57524,0.9239,1.0884,1.1781
20260810_044420-g1_29dof_wbt_iql_manager_seed2-locomotion,iql,8000,6,8000,e636912d2758eba5,-182.932159424,51996,11915,25.6428,10.3291,15.3136,32.8335,0.4664,0.9442,1.1157,1.1816
20260810_044420-g1_29dof_wbt_iql_manager_seed2-locomotion,iql,8000,7,8000,e636912d2758eba5,-182.932159424,64933,19513,25.026,12.2508,12.7751,32.8335,0.38909,0.9138,1.0711,1.1721
20260810_044420-g1_29dof_wbt_iql_manager_seed2-locomotion,iql,8000,11,8000,e636912d2758eba5,-182.932159424,76763,39227,18.5813,9.8899,8.6914,32.8335,0.26471,0.9641,1.0474,1.0864
20260810_044420-g1_29dof_wbt_iql_manager_seed2-locomotion,iql,8000,12,8000,e636912d2758eba5,-182.932159424,33583,82841,18.9739,9.6448,9.3291,32.8335,0.28413,0.9434,1.0352,1.0973
20260810_044420-g1_29dof_wbt_iql_manager_seed2-locomotion,iql,8000,13,8000,e636912d2758eba5,-182.932159424,29838,52509,21.4211,4.9156,16.5054,32.8335,0.5027,0.8988,1.0569,1.176
20260810_044420-g1_29dof_wbt_iql_manager_seed2-locomotion,iql,8000,14,8000,e636912d2758eba5,-182.932159424,36307,14110,25.0642,8.1,16.9642,32.8335,0.51667,0.9481,1.1874,1.2524
20260810_044420-g1_29dof_wbt_iql_manager_seed2-locomotion,iql,9000,0,9000,71cfe87c69b757ed,-189.960632324,237311,68413,30.7266,11.678,19.0486,35.5577,0.53571,0.8394,1.1501,1.3701
20260810_044420-g1_29dof_wbt_iql_manager_seed2-locomotion,iql,9000,2,9000,71cfe87c69b757ed,-189.960632324,168808,33814,23.4046,12.0119,11.3928,35.5577,0.3204,0.8919,1.0235,1.1476
20260810_044420-g1_29dof_wbt_iql_manager_seed2-locomotion,iql,9000,4,9000,71cfe87c69b757ed,-189.960632324,35214,133999,15.5014,3.7872,11.7142,35.5577,0.32944,0.8916,0.9975,1.1187
20260810_044420-g1_29dof_wbt_iql_manager_seed2-locomotion,iql,9000,5,9000,71cfe87c69b757ed,-189.960632324,40938,30344,18.202,2.4429,15.7591,35.5577,0.4432,0.9379,1.0923,1.1646
20260810_044420-g1_29dof_wbt_iql_manager_seed2-locomotion,iql,9000,6,9000,71cfe87c69b757ed,-189.960632324,51996,11915,23.5104,6.9168,16.5936,35.5577,0.46667,0.944,1.1073,1.1729
20260810_044420-g1_29dof_wbt_iql_manager_seed2-locomotion,iql,9000,7,9000,71cfe87c69b757ed,-189.960632324,64933,19513,24.5698,12.2356,12.3342,35.5577,0.34688,0.9102,1.0645,1.1694
20260810_044420-g1_29dof_wbt_iql_manager_seed2-locomotion,iql,9000,11,9000,71cfe87c69b757ed,-189.960632324,76763,39227,18.6059,10.3368,8.2691,35.5577,0.23256,0.9675,1.0419,1.0769
20260810_044420-g1_29dof_wbt_iql_manager_seed2-locomotion,iql,9000,12,9000,71cfe87c69b757ed,-189.960632324,33583,82841,17.4729,8.2377,9.2352,35.5577,0.25972,0.9484,1.0393,1.0958
20260810_044420-g1_29dof_wbt_iql_manager_seed2-locomotion,iql,9000,13,9000,71cfe87c69b757ed,-189.960632324,29838,52509,16.8682,3.4688,13.3993,35.5577,0.37683,0.9101,1.0579,1.1624
20260810_044420-g1_29dof_wbt_iql_manager_seed2-locomotion,iql,9000,14,9000,71cfe87c69b757ed,-189.960632324,36307,14110,21.1315,4.1783,16.9532,35.5577,0.47678,0.9537,1.1764,1.2335
20260810_044420-g1_29dof_wbt_iql_manager_seed2-locomotion,iql,10000,0,10000,92cce642aec111de,-208.211425781,237311,68413,28.3141,10.0449,18.2692,33.9773,0.53769,0.8409,1.145,1.3616
20260810_044420-g1_29dof_wbt_iql_manager_seed2-locomotion,iql,10000,2,10000,92cce642aec111de,-208.211425781,168808,33814,22.4406,11.0946,11.346,33.9773,0.33393,0.8943,1.0289,1.1505
20260810_044420-g1_29dof_wbt_iql_manager_seed2-locomotion,iql,10000,4,10000,92cce642aec111de,-208.211425781,35214,133999,19.0219,5.0265,13.9954,33.9773,0.4119,0.8833,0.9943,1.1257
20260810_044420-g1_29dof_wbt_iql_manager_seed2-locomotion,iql,10000,5,10000,92cce642aec111de,-208.211425781,40938,30344,21.7726,3.5388,18.2338,33.9773,0.53665,0.9261,1.0858,1.1724
20260810_044420-g1_29dof_wbt_iql_manager_seed2-locomotion,iql,10000,6,10000,92cce642aec111de,-208.211425781,51996,11915,24.7655,8.4009,16.3646,33.9773,0.48163,0.9433,1.1111,1.1778
20260810_044420-g1_29dof_wbt_iql_manager_seed2-locomotion,iql,10000,7,10000,92cce642aec111de,-208.211425781,64933,19513,24.5154,11.3375,13.1779,33.9773,0.38784,0.9119,1.0703,1.1737
20260810_044420-g1_29dof_wbt_iql_manager_seed2-locomotion,iql,10000,11,10000,92cce642aec111de,-208.211425781,76763,39227,18.2745,9.6675,8.607,33.9773,0.25331,0.9693,1.0466,1.0797
20260810_044420-g1_29dof_wbt_iql_manager_seed2-locomotion,iql,10000,12,10000,92cce642aec111de,-208.211425781,33583,82841,18.16,8.8595,9.3006,33.9773,0.27373,0.9482,1.0389,1.0956
20260810_044420-g1_29dof_wbt_iql_manager_seed2-locomotion,iql,10000,13,10000,92cce642aec111de,-208.211425781,29838,52509,18.9519,3.9396,15.0123,33.9773,0.44183,0.903,1.0534,1.1665
20260810_044420-g1_29dof_wbt_iql_manager_seed2-locomotion,iql,10000,14,10000,92cce642aec111de,-208.211425781,36307,14110,22.9758,5.28,17.6958,33.9773,0.52081,0.9446,1.1757,1.2447
20260810_044420-g1_29dof_wbt_iql_manager_seed2-locomotion,iql,11000,0,11000,16c365cd569fe0a7,-201.879974365,237311,68413,29.6369,9.9094,19.7275,35.2227,0.56008,0.8386,1.145,1.3654
20260810_044420-g1_29dof_wbt_iql_manager_seed2-locomotion,iql,11000,2,11000,16c365cd569fe0a7,-201.879974365,168808,33814,22.1742,9.9555,12.2186,35.2227,0.3469,0.8948,1.0276,1.1484
20260810_044420-g1_29dof_wbt_iql_manager_seed2-locomotion,iql,11000,4,11000,16c365cd569fe0a7,-201.879974365,35214,133999,19.0744,4.6722,14.4022,35.2227,0.40889,0.8701,0.9882,1.1358
20260810_044420-g1_29dof_wbt_iql_manager_seed2-locomotion,iql,11000,5,11000,16c365cd569fe0a7,-201.879974365,40938,30344,21.1341,3.2992,17.835,35.2227,0.50635,0.9128,1.0832,1.1867
20260810_044420-g1_29dof_wbt_iql_manager_seed2-locomotion,iql,11000,6,11000,16c365cd569fe0a7,-201.879974365,51996,11915,23.9944,7.0839,16.9105,35.2227,0.4801,0.9414,1.1033,1.172
20260810_044420-g1_29dof_wbt_iql_manager_seed2-locomotion,iql,11000,7,11000,16c365cd569fe0a7,-201.879974365,64933,19513,24.0034,10.3298,13.6736,35.2227,0.3882,0.9078,1.0571,1.1644
20260810_044420-g1_29dof_wbt_iql_manager_seed2-locomotion,iql,11000,11,11000,16c365cd569fe0a7,-201.879974365,76763,39227,16.6864,8.3459,8.3405,35.2227,0.23679,0.9655,1.0439,1.0812
20260810_044420-g1_29dof_wbt_iql_manager_seed2-locomotion,iql,11000,12,11000,16c365cd569fe0a7,-201.879974365,33583,82841,17.4803,8.327,9.1533,35.2227,0.25987,0.9382,1.0306,1.0985
20260810_044420-g1_29dof_wbt_iql_manager_seed2-locomotion,iql,11000,13,11000,16c365cd569fe0a7,-201.879974365,29838,52509,18.9605,3.9875,14.973,35.2227,0.42509,0.8884,1.0519,1.1841
20260810_044420-g1_29dof_wbt_iql_manager_seed2-locomotion,iql,11000,14,11000,16c365cd569fe0a7,-201.879974365,36307,14110,22.1066,4.8731,17.2335,35.2227,0.48927,0.9378,1.1701,1.2477
20260810_044420-g1_29dof_wbt_iql_manager_seed2-locomotion,iql,12000,0,12000,e5ac787449c8aee0,-210.662689209,237311,68413,28.6163,8.9878,19.6285,34.6451,0.56656,0.8351,1.1394,1.3644
20260810_044420-g1_29dof_wbt_iql_manager_seed2-locomotion,iql,12000,2,12000,e5ac787449c8aee0,-210.662689209,168808,33814,17.6928,6.351,11.3418,34.6451,0.32737,0.8946,1.0236,1.1442
20260810_044420-g1_29dof_wbt_iql_manager_seed2-locomotion,iql,12000,4,12000,e5ac787449c8aee0,-210.662689209,35214,133999,18.9234,5.0134,13.91,34.6451,0.4015,0.8781,0.9888,1.1261
20260810_044420-g1_29dof_wbt_iql_manager_seed2-locomotion,iql,12000,5,12000,e5ac787449c8aee0,-210.662689209,40938,30344,21.922,4.2293,17.6927,34.6451,0.51068,0.9182,1.0886,1.1855
20260810_044420-g1_29dof_wbt_iql_manager_seed2-locomotion,iql,12000,6,12000,e5ac787449c8aee0,-210.662689209,51996,11915,25.0561,10.1562,14.8999,34.6451,0.43007,0.9417,1.1063,1.1748
20260810_044420-g1_29dof_wbt_iql_manager_seed2-locomotion,iql,12000,7,12000,e5ac787449c8aee0,-210.662689209,64933,19513,23.9573,10.868,13.0893,34.6451,0.37781,0.9069,1.0588,1.1675
20260810_044420-g1_29dof_wbt_iql_manager_seed2-locomotion,iql,12000,11,12000,e5ac787449c8aee0,-210.662689209,76763,39227,16.7437,8.2144,8.5293,34.6451,0.24619,0.965,1.0401,1.0779
20260810_044420-g1_29dof_wbt_iql_manager_seed2-locomotion,iql,12000,12,12000,e5ac787449c8aee0,-210.662689209,33583,82841,17.0132,8.17,8.8432,34.6451,0.25525,0.9355,1.0263,1.0971
20260810_044420-g1_29dof_wbt_iql_manager_seed2-locomotion,iql,12000,13,12000,e5ac787449c8aee0,-210.662689209,29838,52509,18.9291,4.1587,14.7705,34.6451,0.42634,0.895,1.0485,1.1715
20260810_044420-g1_29dof_wbt_iql_manager_seed2-locomotion,iql,12000,14,12000,e5ac787449c8aee0,-210.662689209,36307,14110,23.292,6.6987,16.5933,34.6451,0.47895,0.937,1.172,1.2508
20260810_044420-g1_29dof_wbt_iql_manager_seed2-locomotion,iql,13000,0,13000,4e19e60c44a962b7,-228.867706299,237311,68413,28.8489,8.3513,20.4976,35.1114,0.58379,0.8345,1.1366,1.3621
20260810_044420-g1_29dof_wbt_iql_manager_seed2-locomotion,iql,13000,2,13000,4e19e60c44a962b7,-228.867706299,168808,33814,19.8603,8.5308,11.3295,35.1114,0.32267,0.8946,1.0242,1.1449
20260810_044420-g1_29dof_wbt_iql_manager_seed2-locomotion,iql,13000,4,13000,4e19e60c44a962b7,-228.867706299,35214,133999,19.0804,5.1307,13.9497,35.1114,0.3973,0.8742,0.9896,1.1319
20260810_044420-g1_29dof_wbt_iql_manager_seed2-locomotion,iql,13000,5,13000,4e19e60c44a962b7,-228.867706299,40938,30344,22.7671,4.79,17.9771,35.1114,0.512,0.9152,1.0861,1.1868
20260810_044420-g1_29dof_wbt_iql_manager_seed2-locomotion,iql,13000,6,13000,4e19e60c44a962b7,-228.867706299,51996,11915,25.3537,10.8523,14.5015,35.1114,0.41301,0.9385,1.1012,1.1733
20260810_044420-g1_29dof_wbt_iql_manager_seed2-locomotion,iql,13000,7,13000,4e19e60c44a962b7,-228.867706299,64933,19513,24.3537,11.7112,12.6425,35.1114,0.36007,0.9048,1.061,1.1726
20260810_044420-g1_29dof_wbt_iql_manager_seed2-locomotion,iql,13000,11,13000,4e19e60c44a962b7,-228.867706299,76763,39227,18.3568,9.9809,8.3758,35.1114,0.23855,0.9624,1.0418,1.0824
20260810_044420-g1_29dof_wbt_iql_manager_seed2-locomotion,iql,13000,12,13000,4e19e60c44a962b7,-228.867706299,33583,82841,17.7951,8.7139,9.0812,35.1114,0.25864,0.9365,1.028,1.0977
20260810_044420-g1_29dof_wbt_iql_manager_seed2-locomotion,iql,13000,13,13000,4e19e60c44a962b7,-228.867706299,29838,52509,19.748,4.551,15.197,35.1114,0.43282,0.8883,1.0463,1.1779
20260810_044420-g1_29dof_wbt_iql_manager_seed2-locomotion,iql,13000,14,13000,4e19e60c44a962b7,-228.867706299,36307,14110,23.8508,7.5764,16.2745,35.1114,0.46351,0.9359,1.1714,1.2516
20260810_044420-g1_29dof_wbt_iql_manager_seed2-locomotion,iql,14000,0,14000,8900ead987ee6f47,-248.553390503,237311,68413,29.2065,9.3469,19.8597,35.0055,0.56733,0.8364,1.1346,1.3565
20260810_044420-g1_29dof_wbt_iql_manager_seed2-locomotion,iql,14000,2,14000,8900ead987ee6f47,-248.553390503,168808,33814,20.9111,9.7861,11.125,35.0055,0.31781,0.8925,1.0221,1.1452
20260810_044420-g1_29dof_wbt_iql_manager_seed2-locomotion,iql,14000,4,14000,8900ead987ee6f47,-248.553390503,35214,133999,18.5909,5.1957,13.3952,35.0055,0.38266,0.8792,0.995,1.1316
20260810_044420-g1_29dof_wbt_iql_manager_seed2-locomotion,iql,14000,5,14000,8900ead987ee6f47,-248.553390503,40938,30344,21.4134,4.2639,17.1495,35.0055,0.48991,0.9152,1.0823,1.1826
20260810_044420-g1_29dof_wbt_iql_manager_seed2-locomotion,iql,14000,6,14000,8900ead987ee6f47,-248.553390503,51996,11915,24.8917,10.5238,14.3679,35.0055,0.41045,0.9395,1.0987,1.1695
20260810_044420-g1_29dof_wbt_iql_manager_seed2-locomotion,iql,14000,7,14000,8900ead987ee6f47,-248.553390503,64933,19513,24.2488,11.5636,12.6852,35.0055,0.36238,0.909,1.0606,1.1667
20260810_044420-g1_29dof_wbt_iql_manager_seed2-locomotion,iql,14000,11,14000,8900ead987ee6f47,-248.553390503,76763,39227,17.3929,9.0209,8.3719,35.0055,0.23916,0.9613,1.0424,1.0843
20260810_044420-g1_29dof_wbt_iql_manager_seed2-locomotion,iql,14000,12,14000,8900ead987ee6f47,-248.553390503,33583,82841,17.452,8.8316,8.6205,35.0055,0.24626,0.9366,1.0288,1.0983
20260810_044420-g1_29dof_wbt_iql_manager_seed2-locomotion,iql,14000,13,14000,8900ead987ee6f47,-248.553390503,29838,52509,18.7498,4.4063,14.3435,35.0055,0.40975,0.8957,1.048,1.1701
20260810_044420-g1_29dof_wbt_iql_manager_seed2-locomotion,iql,14000,14,14000,8900ead987ee6f47,-248.553390503,36307,14110,22.4475,7.079,15.3685,35.0055,0.43903,0.936,1.1651,1.2448
20260810_044420-g1_29dof_wbt_iql_manager_seed2-locomotion,iql,15000,0,15000,86623b3619e94919,-266.100067139,237311,68413,30.6422,10.4628,20.1794,37.1949,0.54253,0.8348,1.1354,1.36
20260810_044420-g1_29dof_wbt_iql_manager_seed2-locomotion,iql,15000,2,15000,86623b3619e94919,-266.100067139,168808,33814,21.714,9.7688,11.9452,37.1949,0.32115,0.8974,1.0303,1.1481
20260810_044420-g1_29dof_wbt_iql_manager_seed2-locomotion,iql,15000,4,15000,86623b3619e94919,-266.100067139,35214,133999,19.3055,4.9963,14.3092,37.1949,0.38471,0.8838,0.994,1.1247
20260810_044420-g1_29dof_wbt_iql_manager_seed2-locomotion,iql,15000,5,15000,86623b3619e94919,-266.100067139,40938,30344,23.0166,4.3011,18.7155,37.1949,0.50318,0.9154,1.0863,1.1867
20260810_044420-g1_29dof_wbt_iql_manager_seed2-locomotion,iql,15000,6,15000,86623b3619e94919,-266.100067139,51996,11915,26.2912,11.3063,14.9849,37.1949,0.40288,0.9411,1.1004,1.1692
20260810_044420-g1_29dof_wbt_iql_manager_seed2-locomotion,iql,15000,7,15000,86623b3619e94919,-266.100067139,64933,19513,25.349,12.9259,12.4231,37.1949,0.334,0.9049,1.0527,1.1633
20260810_044420-g1_29dof_wbt_iql_manager_seed2-locomotion,iql,15000,11,15000,86623b3619e94919,-266.100067139,76763,39227,18.4377,9.7172,8.7206,37.1949,0.23446,0.9624,1.0397,1.0804
20260810_044420-g1_29dof_wbt_iql_manager_seed2-locomotion,iql,15000,12,15000,86623b3619e94919,-266.100067139,33583,82841,17.7783,8.4391,9.3392,37.1949,0.25109,0.9394,1.0306,1.0971
20260810_044420-g1_29dof_wbt_iql_manager_seed2-locomotion,iql,15000,13,15000,86623b3619e94919,-266.100067139,29838,52509,19.9699,4.2508,15.7191,37.1949,0.42262,0.8956,1.0557,1.1788
20260810_044420-g1_29dof_wbt_iql_manager_seed2-locomotion,iql,15000,14,15000,86623b3619e94919,-266.100067139,36307,14110,23.798,6.6126,17.1854,37.1949,0.46204,0.937,1.1717,1.2504
20260810_044420-g1_29dof_wbt_iql_manager_seed2-locomotion,iql,16000,0,16000,d0382311086e464a,-283.920043945,237311,68413,30.5445,9.2576,21.2869,37.1483,0.57303,0.8363,1.1363,1.3588
20260810_044420-g1_29dof_wbt_iql_manager_seed2-locomotion,iql,16000,2,16000,d0382311086e464a,-283.920043945,168808,33814,21.5686,9.501,12.0676,37.1483,0.32485,0.8926,1.0259,1.1494
20260810_044420-g1_29dof_wbt_iql_manager_seed2-locomotion,iql,16000,4,16000,d0382311086e464a,-283.920043945,35214,133999,18.276,4.386,13.89,37.1483,0.37391,0.8712,0.9869,1.1328
20260810_044420-g1_29dof_wbt_iql_manager_seed2-locomotion,iql,16000,5,16000,d0382311086e464a,-283.920043945,40938,30344,22.2624,3.6942,18.5682,37.1483,0.49984,0.9169,1.0789,1.1766
20260810_044420-g1_29dof_wbt_iql_manager_seed2-locomotion,iql,16000,6,16000,d0382311086e464a,-283.920043945,51996,11915,25.75,10.1093,15.6406,37.1483,0.42103,0.9339,1.0921,1.1694
20260810_044420-g1_29dof_wbt_iql_manager_seed2-locomotion,iql,16000,7,16000,d0382311086e464a,-283.920043945,64933,19513,25.2732,12.2397,13.0335,37.1483,0.35085,0.9021,1.0539,1.1683
20260810_044420-g1_29dof_wbt_iql_manager_seed2-locomotion,iql,16000,11,16000,d0382311086e464a,-283.920043945,76763,39227,18.464,9.3503,9.1137,37.1483,0.24533,0.9582,1.0344,1.0795
20260810_044420-g1_29dof_wbt_iql_manager_seed2-locomotion,iql,16000,12,16000,d0382311086e464a,-283.920043945,33583,82841,17.3551,8.2622,9.0928,37.1483,0.24477,0.9331,1.0216,1.0948
20260810_044420-g1_29dof_wbt_iql_manager_seed2-locomotion,iql,16000,13,16000,d0382311086e464a,-283.920043945,29838,52509,18.5231,3.6185,14.9046,37.1483,0.40122,0.8906,1.042,1.17
20260810_044420-g1_29dof_wbt_iql_manager_seed2-locomotion,iql,16000,14,16000,d0382311086e464a,-283.920043945,36307,14110,22.9407,5.4877,17.453,37.1483,0.46982,0.9346,1.1605,1.2417
20260810_044420-g1_29dof_wbt_iql_manager_seed2-locomotion,iql,17000,0,17000,360531649552d31a,-297.12890625,237311,68413,30.378,9.8336,20.5444,36.9294,0.55631,0.8335,1.1305,1.3564
20260810_044420-g1_29dof_wbt_iql_manager_seed2-locomotion,iql,17000,2,17000,360531649552d31a,-297.12890625,168808,33814,21.3829,9.2577,12.1252,36.9294,0.32833,0.8904,1.0228,1.1487
20260810_044420-g1_29dof_wbt_iql_manager_seed2-locomotion,iql,17000,4,17000,360531649552d31a,-297.12890625,35214,133999,20.0548,4.6273,15.4275,36.9294,0.41776,0.874,0.988,1.1304
20260810_044420-g1_29dof_wbt_iql_manager_seed2-locomotion,iql,17000,5,17000,360531649552d31a,-297.12890625,40938,30344,23.6551,4.3066,19.3486,36.9294,0.52393,0.908,1.0772,1.1864
20260810_044420-g1_29dof_wbt_iql_manager_seed2-locomotion,iql,17000,6,17000,360531649552d31a,-297.12890625,51996,11915,26.5833,11.9537,14.6296,36.9294,0.39615,0.9338,1.0921,1.1695
20260810_044420-g1_29dof_wbt_iql_manager_seed2-locomotion,iql,17000,7,17000,360531649552d31a,-297.12890625,64933,19513,25.1361,12.0591,13.077,36.9294,0.35411,0.9043,1.0597,1.1718
20260810_044420-g1_29dof_wbt_iql_manager_seed2-locomotion,iql,17000,11,17000,360531649552d31a,-297.12890625,76763,39227,16.8766,7.9992,8.8773,36.9294,0.24039,0.9583,1.0362,1.0813
20260810_044420-g1_29dof_wbt_iql_manager_seed2-locomotion,iql,17000,12,17000,360531649552d31a,-297.12890625,33583,82841,17.4087,7.7184,9.6903,36.9294,0.2624,0.9322,1.0231,1.0975
20260810_044420-g1_29dof_wbt_iql_manager_seed2-locomotion,iql,17000,13,17000,360531649552d31a,-297.12890625,29838,52509,20.2309,3.8622,16.3687,36.9294,0.44324,0.8912,1.048,1.176
20260810_044420-g1_29dof_wbt_iql_manager_seed2-locomotion,iql,17000,14,17000,360531649552d31a,-297.12890625,36307,14110,24.362,7.0273,17.3347,36.9294,0.4694,0.9283,1.157,1.2464
20260810_044420-g1_29dof_wbt_iql_manager_seed2-locomotion,iql,18000,0,18000,111de11dc69f9035,-298.106536865,237311,68413,27.6518,8.3519,19.2999,32.8326,0.58783,0.835,1.1329,1.3567
20260810_044420-g1_29dof_wbt_iql_manager_seed2-locomotion,iql,18000,2,18000,111de11dc69f9035,-298.106536865,168808,33814,20.177,9.9462,10.2309,32.8326,0.31161,0.8922,1.0206,1.1439
20260810_044420-g1_29dof_wbt_iql_manager_seed2-locomotion,iql,18000,4,18000,111de11dc69f9035,-298.106536865,35214,133999,20.0009,6.783,13.2179,32.8326,0.40259,0.8733,0.9896,1.1331
20260810_044420-g1_29dof_wbt_iql_manager_seed2-locomotion,iql,18000,5,18000,111de11dc69f9035,-298.106536865,40938,30344,22.5922,5.4013,17.1908,32.8326,0.52359,0.9102,1.0831,1.19
20260810_044420-g1_29dof_wbt_iql_manager_seed2-locomotion,iql,18000,6,18000,111de11dc69f9035,-298.106536865,51996,11915,24.7655,10.3146,14.4509,32.8326,0.44014,0.9364,1.0942,1.1686
20260810_044420-g1_29dof_wbt_iql_manager_seed2-locomotion,iql,18000,7,18000,111de11dc69f9035,-298.106536865,64933,19513,23.3384,10.6759,12.6625,32.8326,0.38567,0.9077,1.0572,1.1646
20260810_044420-g1_29dof_wbt_iql_manager_seed2-locomotion,iql,18000,11,18000,111de11dc69f9035,-298.106536865,76763,39227,17.4695,9.2599,8.2096,32.8326,0.25004,0.9596,1.0342,1.0777
20260810_044420-g1_29dof_wbt_iql_manager_seed2-locomotion,iql,18000,12,18000,111de11dc69f9035,-298.106536865,33583,82841,17.2768,8.8301,8.4467,32.8326,0.25727,0.9354,1.0262,1.097
20260810_044420-g1_29dof_wbt_iql_manager_seed2-locomotion,iql,18000,13,18000,111de11dc69f9035,-298.106536865,29838,52509,19.9651,5.3187,14.6464,32.8326,0.44609,0.8827,1.0469,1.186
20260810_044420-g1_29dof_wbt_iql_manager_seed2-locomotion,iql,18000,14,18000,111de11dc69f9035,-298.106536865,36307,14110,23.0377,8.3523,14.6854,32.8326,0.44728,0.9274,1.1618,1.2527
20260810_044420-g1_29dof_wbt_iql_manager_seed2-locomotion,iql,19000,0,19000,83f32e33d367d66f,-324.173095703,237311,68413,31.5105,10.0895,21.421,37.6454,0.56902,0.8343,1.1288,1.353
20260810_044420-g1_29dof_wbt_iql_manager_seed2-locomotion,iql,19000,2,19000,83f32e33d367d66f,-324.173095703,168808,33814,21.3085,8.4781,12.8304,37.6454,0.34082,0.8924,1.0233,1.1466
20260810_044420-g1_29dof_wbt_iql_manager_seed2-locomotion,iql,19000,4,19000,83f32e33d367d66f,-324.173095703,35214,133999,18.9718,4.4704,14.5015,37.6454,0.38521,0.8657,0.9834,1.1359
20260810_044420-g1_29dof_wbt_iql_manager_seed2-locomotion,iql,19000,5,19000,83f32e33d367d66f,-324.173095703,40938,30344,23.4025,4.1103,19.2922,37.6454,0.51247,0.9057,1.073,1.1846
20260810_044420-g1_29dof_wbt_iql_manager_seed2-locomotion,iql,19000,6,19000,83f32e33d367d66f,-324.173095703,51996,11915,26.306,9.656,16.6501,37.6454,0.44229,0.9355,1.0901,1.1653
20260810_044420-g1_29dof_wbt_iql_manager_seed2-locomotion,iql,19000,7,19000,83f32e33d367d66f,-324.173095703,64933,19513,25.184,11.9817,13.2023,37.6454,0.3507,0.9019,1.0559,1.1707
20260810_044420-g1_29dof_wbt_iql_manager_seed2-locomotion,iql,19000,11,19000,83f32e33d367d66f,-324.173095703,76763,39227,18.3886,9.6848,8.7038,37.6454,0.2312,0.9551,1.0317,1.0801
20260810_044420-g1_29dof_wbt_iql_manager_seed2-locomotion,iql,19000,12,19000,83f32e33d367d66f,-324.173095703,33583,82841,17.6825,8.2257,9.4568,37.6454,0.25121,0.9341,1.0248,1.0971
20260810_044420-g1_29dof_wbt_iql_manager_seed2-locomotion,iql,19000,13,19000,83f32e33d367d66f,-324.173095703,29838,52509,20.0545,3.9865,16.068,37.6454,0.42683,0.8815,1.04,1.1798
20260810_044420-g1_29dof_wbt_iql_manager_seed2-locomotion,iql,19000,14,19000,83f32e33d367d66f,-324.173095703,36307,14110,24.1635,6.5147,17.6488,37.6454,0.46882,0.927,1.1594,1.2506
20260810_044420-g1_29dof_wbt_iql_manager_seed2-locomotion,iql,20000,0,20000,60d6249e5c54eb5f,-324.545166016,237311,68413,30.4959,9.7511,20.7448,36.9821,0.56094,0.835,1.1298,1.353
20260810_044420-g1_29dof_wbt_iql_manager_seed2-locomotion,iql,20000,2,20000,60d6249e5c54eb5f,-324.545166016,168808,33814,19.5251,7.8227,11.7024,36.9821,0.31644,0.8951,1.0222,1.142
20260810_044420-g1_29dof_wbt_iql_manager_seed2-locomotion,iql,20000,4,20000,60d6249e5c54eb5f,-324.545166016,35214,133999,18.0504,4.5937,13.4567,36.9821,0.36387,0.866,0.9797,1.1312
20260810_044420-g1_29dof_wbt_iql_manager_seed2-locomotion,iql,20000,5,20000,60d6249e5c54eb5f,-324.545166016,40938,30344,21.2688,3.5657,17.7031,36.9821,0.47869,0.9083,1.0761,1.1848
20260810_044420-g1_29dof_wbt_iql_manager_seed2-locomotion,iql,20000,6,20000,60d6249e5c54eb5f,-324.545166016,51996,11915,24.789,7.8123,16.9767,36.9821,0.45905,0.9316,1.0934,1.1738
20260810_044420-g1_29dof_wbt_iql_manager_seed2-locomotion,iql,20000,7,20000,60d6249e5c54eb5f,-324.545166016,64933,19513,24.4239,11.0058,13.418,36.9821,0.36283,0.9043,1.059,1.1711
20260810_044420-g1_29dof_wbt_iql_manager_seed2-locomotion,iql,20000,11,20000,60d6249e5c54eb5f,-324.545166016,76763,39227,17.6562,9.4511,8.2051,36.9821,0.22187,0.9552,1.0323,1.0807
20260810_044420-g1_29dof_wbt_iql_manager_seed2-locomotion,iql,20000,12,20000,60d6249e5c54eb5f,-324.545166016,33583,82841,16.4172,7.6592,8.7579,36.9821,0.23682,0.9346,1.0261,1.0979
20260810_044420-g1_29dof_wbt_iql_manager_seed2-locomotion,iql,20000,13,20000,60d6249e5c54eb5f,-324.545166016,29838,52509,17.7932,3.6191,14.174,36.9821,0.38327,0.88,1.0388,1.1805
20260810_044420-g1_29dof_wbt_iql_manager_seed2-locomotion,iql,20000,14,20000,60d6249e5c54eb5f,-324.545166016,36307,14110,22.0195,5.592,16.4275,36.9821,0.4442,0.9275,1.159,1.2495
20260810_044420-g1_29dof_wbt_iql_manager_seed2-locomotion,iql,21000,0,21000,5143aceb808120d3,-334.868011475,237311,68413,29.9255,9.8156,20.1098,36.3356,0.55345,0.8358,1.1282,1.3498
20260810_044420-g1_29dof_wbt_iql_manager_seed2-locomotion,iql,21000,2,21000,5143aceb808120d3,-334.868011475,168808,33814,20.8398,9.1373,11.7025,36.3356,0.32207,0.8897,1.0155,1.1414
20260810_044420-g1_29dof_wbt_iql_manager_seed2-locomotion,iql,21000,4,21000,5143aceb808120d3,-334.868011475,35214,133999,18.3224,4.5225,13.7999,36.3356,0.37979,0.871,0.984,1.1297
20260810_044420-g1_29dof_wbt_iql_manager_seed2-locomotion,iql,21000,5,21000,5143aceb808120d3,-334.868011475,40938,30344,22.4308,4.0561,18.3747,36.3356,0.50569,0.9071,1.0779,1.1884
20260810_044420-g1_29dof_wbt_iql_manager_seed2-locomotion,iql,21000,6,21000,5143aceb808120d3,-334.868011475,51996,11915,25.201,9.3721,15.8289,36.3356,0.43563,0.9353,1.0976,1.1736
20260810_044420-g1_29dof_wbt_iql_manager_seed2-locomotion,iql,21000,7,21000,5143aceb808120d3,-334.868011475,64933,19513,24.0149,10.7174,13.2975,36.3356,0.36596,0.9048,1.0523,1.163
20260810_044420-g1_29dof_wbt_iql_manager_seed2-locomotion,iql,21000,11,21000,5143aceb808120d3,-334.868011475,76763,39227,16.9406,8.4563,8.4843,36.3356,0.2335,0.9647,1.0394,1.0774
20260810_044420-g1_29dof_wbt_iql_manager_seed2-locomotion,iql,21000,12,21000,5143aceb808120d3,-334.868011475,33583,82841,15.8296,7.1289,8.7008,36.3356,0.23946,0.934,1.0245,1.0969
20260810_044420-g1_29dof_wbt_iql_manager_seed2-locomotion,iql,21000,13,21000,5143aceb808120d3,-334.868011475,29838,52509,18.8258,3.9344,14.8914,36.3356,0.40983,0.8842,1.0429,1.1794
20260810_044420-g1_29dof_wbt_iql_manager_seed2-locomotion,iql,21000,14,21000,5143aceb808120d3,-334.868011475,36307,14110,22.9634,6.6913,16.2721,36.3356,0.44783,0.9317,1.1657,1.2511
20260810_044420-g1_29dof_wbt_iql_manager_seed2-locomotion,iql,22000,0,22000,f3f4e5a8aac08151,-342.600280762,237311,68413,29.736,9.2044,20.5317,36.0697,0.56922,0.8348,1.1301,1.3538
20260810_044420-g1_29dof_wbt_iql_manager_seed2-locomotion,iql,22000,2,22000,f3f4e5a8aac08151,-342.600280762,168808,33814,18.562,6.3771,12.1849,36.0697,0.33782,0.8897,1.0133,1.1389
20260810_044420-g1_29dof_wbt_iql_manager_seed2-locomotion,iql,22000,4,22000,f3f4e5a8aac08151,-342.600280762,35214,133999,16.305,3.9291,12.3759,36.0697,0.34311,0.8691,0.9824,1.1304
20260810_044420-g1_29dof_wbt_iql_manager_seed2-locomotion,iql,22000,5,22000,f3f4e5a8aac08151,-342.600280762,40938,30344,20.1204,2.8397,17.2808,36.0697,0.47909,0.9047,1.0734,1.1864
20260810_044420-g1_29dof_wbt_iql_manager_seed2-locomotion,iql,22000,6,22000,f3f4e5a8aac08151,-342.600280762,51996,11915,23.9041,6.2854,17.6187,36.0697,0.48846,0.9327,1.0818,1.1599
20260810_044420-g1_29dof_wbt_iql_manager_seed2-locomotion,iql,22000,7,22000,f3f4e5a8aac08151,-342.600280762,64933,19513,23.9431,10.3944,13.5487,36.0697,0.37562,0.903,1.0504,1.1632
20260810_044420-g1_29dof_wbt_iql_manager_seed2-locomotion,iql,22000,11,22000,f3f4e5a8aac08151,-342.600280762,76763,39227,16.9526,8.3115,8.6411,36.0697,0.23957,0.9628,1.0397,1.0799
20260810_044420-g1_29dof_wbt_iql_manager_seed2-locomotion,iql,22000,12,22000,f3f4e5a8aac08151,-342.600280762,33583,82841,14.9298,6.7915,8.1382,36.0697,0.22563,0.9385,1.0277,1.095
20260810_044420-g1_29dof_wbt_iql_manager_seed2-locomotion,iql,22000,13,22000,f3f4e5a8aac08151,-342.600280762,29838,52509,15.7471,2.9556,12.7915,36.0697,0.35463,0.8808,1.0397,1.1804
20260810_044420-g1_29dof_wbt_iql_manager_seed2-locomotion,iql,22000,14,22000,f3f4e5a8aac08151,-342.600280762,36307,14110,20.4274,4.0754,16.352,36.0697,0.45335,0.9239,1.1528,1.2478
20260810_044420-g1_29dof_wbt_iql_manager_seed2-locomotion,iql,23000,0,23000,b0cffdafcfebefb9,-377.149902344,237311,68413,30.7741,10.1081,20.666,37.5176,0.55083,0.8328,1.1274,1.3537
20260810_044420-g1_29dof_wbt_iql_manager_seed2-locomotion,iql,23000,2,23000,b0cffdafcfebefb9,-377.149902344,168808,33814,21.3256,9.1862,12.1394,37.5176,0.32356,0.8886,1.0163,1.1438
20260810_044420-g1_29dof_wbt_iql_manager_seed2-locomotion,iql,23000,4,23000,b0cffdafcfebefb9,-377.149902344,35214,133999,19.5591,4.8961,14.663,37.5176,0.39083,0.8681,0.9863,1.1362
20260810_044420-g1_29dof_wbt_iql_manager_seed2-locomotion,iql,23000,5,23000,b0cffdafcfebefb9,-377.149902344,40938,30344,22.5175,4.1077,18.4098,37.5176,0.4907,0.9033,1.0767,1.192
20260810_044420-g1_29dof_wbt_iql_manager_seed2-locomotion,iql,23000,6,23000,b0cffdafcfebefb9,-377.149902344,51996,11915,25.0804,8.9748,16.1055,37.5176,0.42928,0.9364,1.0907,1.1648
20260810_044420-g1_29dof_wbt_iql_manager_seed2-locomotion,iql,23000,7,23000,b0cffdafcfebefb9,-377.149902344,64933,19513,24.7273,11.413,13.3143,37.5176,0.35488,0.9009,1.0492,1.1647
20260810_044420-g1_29dof_wbt_iql_manager_seed2-locomotion,iql,23000,11,23000,b0cffdafcfebefb9,-377.149902344,76763,39227,17.7516,9.0202,8.7315,37.5176,0.23273,0.9555,1.0291,1.0771
20260810_044420-g1_29dof_wbt_iql_manager_seed2-locomotion,iql,23000,12,23000,b0cffdafcfebefb9,-377.149902344,33583,82841,17.4533,8.2198,9.2335,37.5176,0.24611,0.9378,1.0286,1.0968
20260810_044420-g1_29dof_wbt_iql_manager_seed2-locomotion,iql,23000,13,23000,b0cffdafcfebefb9,-377.149902344,29838,52509,19.5523,4.2003,15.3519,37.5176,0.40919,0.8814,1.0417,1.1819
20260810_044420-g1_29dof_wbt_iql_manager_seed2-locomotion,iql,23000,14,23000,b0cffdafcfebefb9,-377.149902344,36307,14110,22.8769,6.1787,16.6982,37.5176,0.44508,0.9264,1.1601,1.2522
20260810_044420-g1_29dof_wbt_iql_manager_seed2-locomotion,iql,24000,0,24000,642f0c3e0abb9b2b,-383.079284668,237311,68413,29.6396,9.8628,19.7767,35.3423,0.55958,0.8338,1.1287,1.3537
20260810_044420-g1_29dof_wbt_iql_manager_seed2-locomotion,iql,24000,2,24000,642f0c3e0abb9b2b,-383.079284668,168808,33814,21.2379,10.0947,11.1432,35.3423,0.31529,0.8881,1.0175,1.1456
20260810_044420-g1_29dof_wbt_iql_manager_seed2-locomotion,iql,24000,4,24000,642f0c3e0abb9b2b,-383.079284668,35214,133999,17.927,4.939,12.9879,35.3423,0.36749,0.8683,0.9859,1.1355
20260810_044420-g1_29dof_wbt_iql_manager_seed2-locomotion,iql,24000,5,24000,642f0c3e0abb9b2b,-383.079284668,40938,30344,21.4785,3.7913,17.6872,35.3423,0.50045,0.9053,1.0796,1.1924
20260810_044420-g1_29dof_wbt_iql_manager_seed2-locomotion,iql,24000,6,24000,642f0c3e0abb9b2b,-383.079284668,51996,11915,24.9528,8.5091,16.4437,35.3423,0.46527,0.9319,1.0858,1.1652
20260810_044420-g1_29dof_wbt_iql_manager_seed2-locomotion,iql,24000,7,24000,642f0c3e0abb9b2b,-383.079284668,64933,19513,24.4287,11.0304,13.3983,35.3423,0.3791,0.8985,1.0503,1.169
20260810_044420-g1_29dof_wbt_iql_manager_seed2-locomotion,iql,24000,11,24000,642f0c3e0abb9b2b,-383.079284668,76763,39227,16.8404,8.5975,8.243,35.3423,0.23323,0.9548,1.0302,1.0789
20260810_044420-g1_29dof_wbt_iql_manager_seed2-locomotion,iql,24000,12,24000,642f0c3e0abb9b2b,-383.079284668,33583,82841,16.053,7.7948,8.2582,35.3423,0.23366,0.9333,1.024,1.0972
20260810_044420-g1_29dof_wbt_iql_manager_seed2-locomotion,iql,24000,13,24000,642f0c3e0abb9b2b,-383.079284668,29838,52509,17.4108,3.8968,13.514,35.3423,0.38238,0.8826,1.0424,1.1809
20260810_044420-g1_29dof_wbt_iql_manager_seed2-locomotion,iql,24000,14,24000,642f0c3e0abb9b2b,-383.079284668,36307,14110,21.7924,5.3793,16.413,35.3423,0.4644,0.9273,1.1624,1.2535
20260810_044420-g1_29dof_wbt_iql_manager_seed2-locomotion,iql,25000,0,25000,dc8014ddb5d55d3c,-386.073638916,237311,68413,31.3598,11.0182,20.3415,37.835,0.53764,0.834,1.123,1.3465
20260810_044420-g1_29dof_wbt_iql_manager_seed2-locomotion,iql,25000,2,25000,dc8014ddb5d55d3c,-386.073638916,168808,33814,21.2708,8.9062,12.3646,37.835,0.3268,0.8912,1.0197,1.1442
20260810_044420-g1_29dof_wbt_iql_manager_seed2-locomotion,iql,25000,4,25000,dc8014ddb5d55d3c,-386.073638916,35214,133999,17.4257,3.9075,13.5182,37.835,0.35729,0.8733,0.9837,1.1264
20260810_044420-g1_29dof_wbt_iql_manager_seed2-locomotion,iql,25000,5,25000,dc8014ddb5d55d3c,-386.073638916,40938,30344,20.3612,2.4438,17.9174,37.835,0.47357,0.9091,1.0723,1.1795
20260810_044420-g1_29dof_wbt_iql_manager_seed2-locomotion,iql,25000,6,25000,dc8014ddb5d55d3c,-386.073638916,51996,11915,24.1844,5.9113,18.2731,37.835,0.48297,0.932,1.0871,1.1664
20260810_044420-g1_29dof_wbt_iql_manager_seed2-locomotion,iql,25000,7,25000,dc8014ddb5d55d3c,-386.073638916,64933,19513,23.7649,9.4256,14.3393,37.835,0.379,0.8976,1.0476,1.1671
20260810_044420-g1_29dof_wbt_iql_manager_seed2-locomotion,iql,25000,11,25000,dc8014ddb5d55d3c,-386.073638916,76763,39227,14.3704,6.1872,8.1832,37.835,0.21629,0.9609,1.037,1.0793
20260810_044420-g1_29dof_wbt_iql_manager_seed2-locomotion,iql,25000,12,25000,dc8014ddb5d55d3c,-386.073638916,33583,82841,14.1779,5.8584,8.3195,37.835,0.21989,0.933,1.0245,1.0981
20260810_044420-g1_29dof_wbt_iql_manager_seed2-locomotion,iql,25000,13,25000,dc8014ddb5d55d3c,-386.073638916,29838,52509,15.4669,2.5991,12.8678,37.835,0.3401,0.8863,1.0391,1.1724
20260810_044420-g1_29dof_wbt_iql_manager_seed2-locomotion,iql,25000,14,25000,dc8014ddb5d55d3c,-386.073638916,36307,14110,20.0316,3.1919,16.8398,37.835,0.44508,0.9311,1.1607,1.2466
20260810_044420-g1_29dof_wbt_iql_manager_seed2-locomotion,iql,26000,0,26000,efdaf6d6366c6022,-400.127807617,237311,68413,29.2153,8.6761,20.5392,35.4518,0.57936,0.8356,1.1297,1.3519
20260810_044420-g1_29dof_wbt_iql_manager_seed2-locomotion,iql,26000,2,26000,efdaf6d6366c6022,-400.127807617,168808,33814,19.9081,7.8968,12.0113,35.4518,0.33881,0.8908,1.0155,1.14
20260810_044420-g1_29dof_wbt_iql_manager_seed2-locomotion,iql,26000,4,26000,efdaf6d6366c6022,-400.127807617,35214,133999,18.2584,4.9651,13.2934,35.4518,0.37497,0.8765,0.9829,1.1214
20260810_044420-g1_29dof_wbt_iql_manager_seed2-locomotion,iql,26000,5,26000,efdaf6d6366c6022,-400.127807617,40938,30344,21.4561,3.8503,17.6058,35.4518,0.49661,0.9092,1.0761,1.1835
20260810_044420-g1_29dof_wbt_iql_manager_seed2-locomotion,iql,26000,6,26000,efdaf6d6366c6022,-400.127807617,51996,11915,24.2152,8.2237,15.9915,35.4518,0.45108,0.93,1.0849,1.1666
20260810_044420-g1_29dof_wbt_iql_manager_seed2-locomotion,iql,26000,7,26000,efdaf6d6366c6022,-400.127807617,64933,19513,23.1303,9.6197,13.5106,35.4518,0.3811,0.8981,1.048,1.167
20260810_044420-g1_29dof_wbt_iql_manager_seed2-locomotion,iql,26000,11,26000,efdaf6d6366c6022,-400.127807617,76763,39227,15.9636,7.415,8.5485,35.4518,0.24113,0.9558,1.0303,1.078
20260810_044420-g1_29dof_wbt_iql_manager_seed2-locomotion,iql,26000,12,26000,efdaf6d6366c6022,-400.127807617,33583,82841,15.68,7.3428,8.3373,35.4518,0.23517,0.9323,1.0213,1.0954
20260810_044420-g1_29dof_wbt_iql_manager_seed2-locomotion,iql,26000,13,26000,efdaf6d6366c6022,-400.127807617,29838,52509,17.836,3.9342,13.9019,35.4518,0.39213,0.8844,1.0407,1.1767
20260810_044420-g1_29dof_wbt_iql_manager_seed2-locomotion,iql,26000,14,26000,efdaf6d6366c6022,-400.127807617,36307,14110,21.9803,6.215,15.7653,35.4518,0.4447,0.9292,1.1586,1.247
20260810_044420-g1_29dof_wbt_iql_manager_seed2-locomotion,iql,27000,0,27000,ba08c4888ebfab7f,-401.890655518,237311,68413,28.4908,8.8314,19.6593,34.6268,0.56775,0.8373,1.1274,1.3465
20260810_044420-g1_29dof_wbt_iql_manager_seed2-locomotion,iql,27000,2,27000,ba08c4888ebfab7f,-401.890655518,168808,33814,18.505,6.7772,11.7279,34.6268,0.33869,0.8945,1.0187,1.1388
20260810_044420-g1_29dof_wbt_iql_manager_seed2-locomotion,iql,27000,4,27000,ba08c4888ebfab7f,-401.890655518,35214,133999,17.3839,4.9618,12.422,34.6268,0.35874,0.8672,0.9853,1.1363
20260810_044420-g1_29dof_wbt_iql_manager_seed2-locomotion,iql,27000,5,27000,ba08c4888ebfab7f,-401.890655518,40938,30344,20.3407,3.6707,16.67,34.6268,0.48142,0.9035,1.073,1.1875
20260810_044420-g1_29dof_wbt_iql_manager_seed2-locomotion,iql,27000,6,27000,ba08c4888ebfab7f,-401.890655518,51996,11915,23.3716,7.9502,15.4214,34.6268,0.44536,0.9305,1.0833,1.1642
20260810_044420-g1_29dof_wbt_iql_manager_seed2-locomotion,iql,27000,7,27000,ba08c4888ebfab7f,-401.890655518,64933,19513,21.8231,8.699,13.1241,34.6268,0.37902,0.8998,1.0512,1.1683
20260810_044420-g1_29dof_wbt_iql_manager_seed2-locomotion,iql,27000,11,27000,ba08c4888ebfab7f,-401.890655518,76763,39227,15.314,7.0318,8.2822,34.6268,0.23919,0.9591,1.0367,1.0809
20260810_044420-g1_29dof_wbt_iql_manager_seed2-locomotion,iql,27000,12,27000,ba08c4888ebfab7f,-401.890655518,33583,82841,14.8793,6.7612,8.1181,34.6268,0.23445,0.9361,1.0291,1.0994
20260810_044420-g1_29dof_wbt_iql_manager_seed2-locomotion,iql,27000,13,27000,ba08c4888ebfab7f,-401.890655518,29838,52509,16.7818,3.7468,13.035,34.6268,0.37644,0.8805,1.0375,1.1784
20260810_044420-g1_29dof_wbt_iql_manager_seed2-locomotion,iql,27000,14,27000,ba08c4888ebfab7f,-401.890655518,36307,14110,20.4446,5.4295,15.015,34.6268,0.43362,0.9278,1.1563,1.2462
20260810_044420-g1_29dof_wbt_iql_manager_seed2-locomotion,iql,28000,0,28000,8dc544fbf71fcda4,-424.944549561,237311,68413,30.1607,8.8297,21.331,37.1329,0.57445,0.836,1.1274,1.3486
20260810_044420-g1_29dof_wbt_iql_manager_seed2-locomotion,iql,28000,2,28000,8dc544fbf71fcda4,-424.944549561,168808,33814,19.6687,7.4953,12.1734,37.1329,0.32783,0.8934,1.0168,1.1382
20260810_044420-g1_29dof_wbt_iql_manager_seed2-locomotion,iql,28000,4,28000,8dc544fbf71fcda4,-424.944549561,35214,133999,17.9581,4.6399,13.3182,37.1329,0.35866,0.8672,0.9808,1.131
20260810_044420-g1_29dof_wbt_iql_manager_seed2-locomotion,iql,28000,5,28000,8dc544fbf71fcda4,-424.944549561,40938,30344,21.7058,3.6682,18.0375,37.1329,0.48576,0.9043,1.0723,1.1857
20260810_044420-g1_29dof_wbt_iql_manager_seed2-locomotion,iql,28000,6,28000,8dc544fbf71fcda4,-424.944549561,51996,11915,24.6437,8.3548,16.2888,37.1329,0.43866,0.9328,1.086,1.1642
20260810_044420-g1_29dof_wbt_iql_manager_seed2-locomotion,iql,28000,7,28000,8dc544fbf71fcda4,-424.944549561,64933,19513,23.7407,10.2617,13.479,37.1329,0.36299,0.8971,1.0515,1.1722
20260810_044420-g1_29dof_wbt_iql_manager_seed2-locomotion,iql,28000,11,28000,8dc544fbf71fcda4,-424.944549561,76763,39227,17.4579,9.1022,8.3556,37.1329,0.22502,0.9544,1.0311,1.0803
20260810_044420-g1_29dof_wbt_iql_manager_seed2-locomotion,iql,28000,12,28000,8dc544fbf71fcda4,-424.944549561,33583,82841,16.371,7.8562,8.5148,37.1329,0.22931,0.9363,1.0248,1.0945
20260810_044420-g1_29dof_wbt_iql_manager_seed2-locomotion,iql,28000,13,28000,8dc544fbf71fcda4,-424.944549561,29838,52509,18.0132,3.8545,14.1587,37.1329,0.3813,0.8827,1.0388,1.1769
20260810_044420-g1_29dof_wbt_iql_manager_seed2-locomotion,iql,28000,14,28000,8dc544fbf71fcda4,-424.944549561,36307,14110,22.0181,5.5864,16.4317,37.1329,0.44251,0.9244,1.1531,1.2474
20260810_044420-g1_29dof_wbt_iql_manager_seed2-locomotion,iql,29000,0,29000,8a7ed0e7b7aa34ac,-452.188659668,237311,68413,30.5689,9.1399,21.429,37.5062,0.57135,0.8353,1.1304,1.3532
20260810_044420-g1_29dof_wbt_iql_manager_seed2-locomotion,iql,29000,2,29000,8a7ed0e7b7aa34ac,-452.188659668,168808,33814,20.3594,7.7614,12.598,37.5062,0.33589,0.8909,1.0189,1.1436
20260810_044420-g1_29dof_wbt_iql_manager_seed2-locomotion,iql,29000,4,29000,8a7ed0e7b7aa34ac,-452.188659668,35214,133999,18.1072,4.0399,14.0673,37.5062,0.37507,0.8668,0.9777,1.128
20260810_044420-g1_29dof_wbt_iql_manager_seed2-locomotion,iql,29000,5,29000,8a7ed0e7b7aa34ac,-452.188659668,40938,30344,21.7249,3.1355,18.5895,37.5062,0.49564,0.9014,1.0673,1.184
20260810_044420-g1_29dof_wbt_iql_manager_seed2-locomotion,iql,29000,6,29000,8a7ed0e7b7aa34ac,-452.188659668,51996,11915,24.4384,6.5077,17.9307,37.5062,0.47807,0.9289,1.0804,1.1631
20260810_044420-g1_29dof_wbt_iql_manager_seed2-locomotion,iql,29000,7,29000,8a7ed0e7b7aa34ac,-452.188659668,64933,19513,23.8299,9.6595,14.1703,37.5062,0.37781,0.9009,1.0534,1.1693
20260810_044420-g1_29dof_wbt_iql_manager_seed2-locomotion,iql,29000,11,29000,8a7ed0e7b7aa34ac,-452.188659668,76763,39227,15.8809,7.3494,8.5315,37.5062,0.22747,0.956,1.0351,1.0827
20260810_044420-g1_29dof_wbt_iql_manager_seed2-locomotion,iql,29000,12,29000,8a7ed0e7b7aa34ac,-452.188659668,33583,82841,15.4081,6.8378,8.5702,37.5062,0.2285,0.9332,1.0216,1.0947
20260810_044420-g1_29dof_wbt_iql_manager_seed2-locomotion,iql,29000,13,29000,8a7ed0e7b7aa34ac,-452.188659668,29838,52509,17.7279,3.3522,14.3757,37.5062,0.38329,0.8795,1.0352,1.177
20260810_044420-g1_29dof_wbt_iql_manager_seed2-locomotion,iql,29000,14,29000,8a7ed0e7b7aa34ac,-452.188659668,36307,14110,21.9028,4.708,17.1949,37.5062,0.45845,0.924,1.1457,1.2399
20260810_044420-g1_29dof_wbt_iql_manager_seed2-locomotion,iql,30000,0,30000,b6b8520fb606e372,-466.773681641,237311,68413,29.2833,8.8709,20.4124,35.9618,0.56761,0.8341,1.1233,1.3466
20260810_044420-g1_29dof_wbt_iql_manager_seed2-locomotion,iql,30000,2,30000,b6b8520fb606e372,-466.773681641,168808,33814,19.7406,8.5082,11.2324,35.9618,0.31234,0.8892,1.0149,1.1414
20260810_044420-g1_29dof_wbt_iql_manager_seed2-locomotion,iql,30000,4,30000,b6b8520fb606e372,-466.773681641,35214,133999,17.8568,4.4034,13.4534,35.9618,0.3741,0.8679,0.9811,1.1304
20260810_044420-g1_29dof_wbt_iql_manager_seed2-locomotion,iql,30000,5,30000,b6b8520fb606e372,-466.773681641,40938,30344,20.7453,3.2928,17.4525,35.9618,0.48531,0.9073,1.073,1.1827
20260810_044420-g1_29dof_wbt_iql_manager_seed2-locomotion,iql,30000,6,30000,b6b8520fb606e372,-466.773681641,51996,11915,23.5306,6.346,17.1847,35.9618,0.47786,0.9332,1.0856,1.1633
20260810_044420-g1_29dof_wbt_iql_manager_seed2-locomotion,iql,30000,7,30000,b6b8520fb606e372,-466.773681641,64933,19513,23.536,9.7974,13.7386,35.9618,0.38203,0.8963,1.0477,1.1688
20260810_044420-g1_29dof_wbt_iql_manager_seed2-locomotion,iql,30000,11,30000,b6b8520fb606e372,-466.773681641,76763,39227,15.5761,7.3499,8.2261,35.9618,0.22875,0.957,1.032,1.0784
20260810_044420-g1_29dof_wbt_iql_manager_seed2-locomotion,iql,30000,12,30000,b6b8520fb606e372,-466.773681641,33583,82841,15.2167,6.8541,8.3626,35.9618,0.23254,0.9296,1.0229,1.1003
20260810_044420-g1_29dof_wbt_iql_manager_seed2-locomotion,iql,30000,13,30000,b6b8520fb606e372,-466.773681641,29838,52509,17.3295,3.6381,13.6914,35.9618,0.38072,0.8845,1.04,1.1757
20260810_044420-g1_29dof_wbt_iql_manager_seed2-locomotion,iql,30000,14,30000,b6b8520fb606e372,-466.773681641,36307,14110,20.8337,4.3212,16.5124,35.9618,0.45917,0.9294,1.156,1.2438
20260810_044420-g1_29dof_wbt_iql_manager_seed2-locomotion,iql,31000,0,31000,21cb486c619894ab,-482.073364258,237311,68413,29.3062,8.6142,20.6921,35.6702,0.58009,0.834,1.1221,1.3454
20260810_044420-g1_29dof_wbt_iql_manager_seed2-locomotion,iql,31000,2,31000,21cb486c619894ab,-482.073364258,168808,33814,19.6505,7.7311,11.9194,35.6702,0.33416,0.8913,1.0215,1.1461
20260810_044420-g1_29dof_wbt_iql_manager_seed2-locomotion,iql,31000,4,31000,21cb486c619894ab,-482.073364258,35214,133999,18.1676,4.7656,13.402,35.6702,0.37572,0.8684,0.9841,1.1332
20260810_044420-g1_29dof_wbt_iql_manager_seed2-locomotion,iql,31000,5,31000,21cb486c619894ab,-482.073364258,40938,30344,21.051,3.675,17.376,35.6702,0.48713,0.9022,1.0729,1.1892
20260810_044420-g1_29dof_wbt_iql_manager_seed2-locomotion,iql,31000,6,31000,21cb486c619894ab,-482.073364258,51996,11915,23.7619,7.8939,15.868,35.6702,0.44485,0.9295,1.0809,1.1629
20260810_044420-g1_29dof_wbt_iql_manager_seed2-locomotion,iql,31000,7,31000,21cb486c619894ab,-482.073364258,64933,19513,22.8605,9.6586,13.2019,35.6702,0.37011,0.899,1.0499,1.1679
20260810_044420-g1_29dof_wbt_iql_manager_seed2-locomotion,iql,31000,11,31000,21cb486c619894ab,-482.073364258,76763,39227,14.5249,6.3154,8.2094,35.6702,0.23015,0.9572,1.0298,1.0759
20260810_044420-g1_29dof_wbt_iql_manager_seed2-locomotion,iql,31000,12,31000,21cb486c619894ab,-482.073364258,33583,82841,14.2547,6.2665,7.9882,35.6702,0.22395,0.9356,1.025,1.0956
20260810_044420-g1_29dof_wbt_iql_manager_seed2-locomotion,iql,31000,13,31000,21cb486c619894ab,-482.073364258,29838,52509,17.0366,3.5593,13.4773,35.6702,0.37783,0.877,1.0372,1.1827
20260810_044420-g1_29dof_wbt_iql_manager_seed2-locomotion,iql,31000,14,31000,21cb486c619894ab,-482.073364258,36307,14110,21.0425,5.3677,15.6748,35.6702,0.43944,0.9197,1.1527,1.2533
20260810_044420-g1_29dof_wbt_iql_manager_seed2-locomotion,iql,32000,0,32000,8445c936ea3139e6,-490.391052246,237311,68413,28.713,9.0724,19.6406,35.0655,0.56011,0.8347,1.1228,1.3451
20260810_044420-g1_29dof_wbt_iql_manager_seed2-locomotion,iql,32000,2,32000,8445c936ea3139e6,-490.391052246,168808,33814,18.6995,7.1751,11.5245,35.0655,0.32866,0.8903,1.0123,1.1371
20260810_044420-g1_29dof_wbt_iql_manager_seed2-locomotion,iql,32000,4,32000,8445c936ea3139e6,-490.391052246,35214,133999,17.6144,4.3988,13.2156,35.0655,0.37688,0.8648,0.98,1.1332
20260810_044420-g1_29dof_wbt_iql_manager_seed2-locomotion,iql,32000,5,32000,8445c936ea3139e6,-490.391052246,40938,30344,20.7204,3.6032,17.1172,35.0655,0.48815,0.9013,1.0721,1.1895
20260810_044420-g1_29dof_wbt_iql_manager_seed2-locomotion,iql,32000,6,32000,8445c936ea3139e6,-490.391052246,51996,11915,23.6244,7.7458,15.8785,35.0655,0.45282,0.9304,1.082,1.1629
20260810_044420-g1_29dof_wbt_iql_manager_seed2-locomotion,iql,32000,7,32000,8445c936ea3139e6,-490.391052246,64933,19513,22.3402,9.7838,12.5564,35.0655,0.35808,0.8982,1.05,1.169
20260810_044420-g1_29dof_wbt_iql_manager_seed2-locomotion,iql,32000,11,32000,8445c936ea3139e6,-490.391052246,76763,39227,14.7674,6.5898,8.1776,35.0655,0.23321,0.957,1.0332,1.0796
20260810_044420-g1_29dof_wbt_iql_manager_seed2-locomotion,iql,32000,12,32000,8445c936ea3139e6,-490.391052246,33583,82841,15.0822,6.8636,8.2186,35.0655,0.23438,0.9323,1.0241,1.0985
20260810_044420-g1_29dof_wbt_iql_manager_seed2-locomotion,iql,32000,13,32000,8445c936ea3139e6,-490.391052246,29838,52509,17.2609,3.6375,13.6234,35.0655,0.38851,0.8801,1.0374,1.1788
20260810_044420-g1_29dof_wbt_iql_manager_seed2-locomotion,iql,32000,14,32000,8445c936ea3139e6,-490.391052246,36307,14110,20.8833,4.9274,15.9559,35.0655,0.45503,0.9238,1.1523,1.2473
20260810_044420-g1_29dof_wbt_iql_manager_seed2-locomotion,iql,33000,0,33000,91e9b45840b2739f,-498.767089844,237311,68413,30.0856,9.818,20.2676,36.3092,0.55819,0.8352,1.1206,1.3417
20260810_044420-g1_29dof_wbt_iql_manager_seed2-locomotion,iql,33000,2,33000,91e9b45840b2739f,-498.767089844,168808,33814,20.7596,8.8828,11.8768,36.3092,0.3271,0.8896,1.0117,1.1373
20260810_044420-g1_29dof_wbt_iql_manager_seed2-locomotion,iql,33000,4,33000,91e9b45840b2739f,-498.767089844,35214,133999,17.5751,3.9645,13.6105,36.3092,0.37485,0.8634,0.9819,1.1373
20260810_044420-g1_29dof_wbt_iql_manager_seed2-locomotion,iql,33000,5,33000,91e9b45840b2739f,-498.767089844,40938,30344,20.747,2.8321,17.9149,36.3092,0.4934,0.9027,1.0736,1.1893
20260810_044420-g1_29dof_wbt_iql_manager_seed2-locomotion,iql,33000,6,33000,91e9b45840b2739f,-498.767089844,51996,11915,24.5364,7.3443,17.1922,36.3092,0.47349,0.9291,1.0825,1.1651
20260810_044420-g1_29dof_wbt_iql_manager_seed2-locomotion,iql,33000,7,33000,91e9b45840b2739f,-498.767089844,64933,19513,23.6335,10.1539,13.4795,36.3092,0.37124,0.9071,1.0577,1.166
20260810_044420-g1_29dof_wbt_iql_manager_seed2-locomotion,iql,33000,11,33000,91e9b45840b2739f,-498.767089844,76763,39227,15.7639,7.2205,8.5434,36.3092,0.2353,0.9619,1.0376,1.0787
20260810_044420-g1_29dof_wbt_iql_manager_seed2-locomotion,iql,33000,12,33000,91e9b45840b2739f,-498.767089844,33583,82841,15.8961,6.8057,9.0904,36.3092,0.25036,0.9336,1.0252,1.0981
20260810_044420-g1_29dof_wbt_iql_manager_seed2-locomotion,iql,33000,13,33000,91e9b45840b2739f,-498.767089844,29838,52509,17.0303,3.1239,13.9065,36.3092,0.383,0.876,1.0368,1.1836
20260810_044420-g1_29dof_wbt_iql_manager_seed2-locomotion,iql,33000,14,33000,91e9b45840b2739f,-498.767089844,36307,14110,21.3084,4.0505,17.2579,36.3092,0.4753,0.9224,1.1547,1.2519
20260810_044420-g1_29dof_wbt_iql_manager_seed2-locomotion,iql,34000,0,34000,218692efdab55eaf,-505.585021973,237311,68413,29.3191,9.2004,20.1186,35.566,0.56567,0.8337,1.1211,1.3448
20260810_044420-g1_29dof_wbt_iql_manager_seed2-locomotion,iql,34000,2,34000,218692efdab55eaf,-505.585021973,168808,33814,19.3591,7.9073,11.4518,35.566,0.32199,0.8918,1.0126,1.1354
20260810_044420-g1_29dof_wbt_iql_manager_seed2-locomotion,iql,34000,4,34000,218692efdab55eaf,-505.585021973,35214,133999,16.6203,4.1086,12.5117,35.566,0.35179,0.8686,0.9794,1.1276
20260810_044420-g1_29dof_wbt_iql_manager_seed2-locomotion,iql,34000,5,34000,218692efdab55eaf,-505.585021973,40938,30344,19.2939,2.6064,16.6875,35.566,0.4692,0.9078,1.0769,1.1862
20260810_044420-g1_29dof_wbt_iql_manager_seed2-locomotion,iql,34000,6,34000,218692efdab55eaf,-505.585021973,51996,11915,23.3697,6.0887,17.281,35.566,0.48589,0.9305,1.084,1.1649
20260810_044420-g1_29dof_wbt_iql_manager_seed2-locomotion,iql,34000,7,34000,218692efdab55eaf,-505.585021973,64933,19513,22.8358,9.4784,13.3574,35.566,0.37557,0.8969,1.0456,1.1658
20260810_044420-g1_29dof_wbt_iql_manager_seed2-locomotion,iql,34000,11,34000,218692efdab55eaf,-505.585021973,76763,39227,15.1002,6.8692,8.231,35.566,0.23143,0.9569,1.0285,1.0748
20260810_044420-g1_29dof_wbt_iql_manager_seed2-locomotion,iql,34000,12,34000,218692efdab55eaf,-505.585021973,33583,82841,14.821,6.6954,8.1256,35.566,0.22846,0.9324,1.0215,1.0956
20260810_044420-g1_29dof_wbt_iql_manager_seed2-locomotion,iql,34000,13,34000,218692efdab55eaf,-505.585021973,29838,52509,15.1301,2.946,12.1841,35.566,0.34258,0.8836,1.0394,1.1763
20260810_044420-g1_29dof_wbt_iql_manager_seed2-locomotion,iql,34000,14,34000,218692efdab55eaf,-505.585021973,36307,14110,19.3708,3.3398,16.031,35.566,0.45074,0.924,1.1566,1.2517
20260810_044420-g1_29dof_wbt_iql_manager_seed2-locomotion,iql,35000,0,35000,a07015af1de5bae4,-520.761291504,237311,68413,30.0742,9.5209,20.5533,36.7833,0.55877,0.8335,1.1197,1.3434
20260810_044420-g1_29dof_wbt_iql_manager_seed2-locomotion,iql,35000,2,35000,a07015af1de5bae4,-520.761291504,168808,33814,20.205,8.9481,11.2569,36.7833,0.30603,0.889,1.0063,1.132
20260810_044420-g1_29dof_wbt_iql_manager_seed2-locomotion,iql,35000,4,35000,a07015af1de5bae4,-520.761291504,35214,133999,18.3321,4.4867,13.8454,36.7833,0.3764,0.8627,0.9785,1.1343
20260810_044420-g1_29dof_wbt_iql_manager_seed2-locomotion,iql,35000,5,35000,a07015af1de5bae4,-520.761291504,40938,30344,21.0806,2.9209,18.1596,36.7833,0.49369,0.9029,1.0714,1.1866
20260810_044420-g1_29dof_wbt_iql_manager_seed2-locomotion,iql,35000,6,35000,a07015af1de5bae4,-520.761291504,51996,11915,23.7116,6.0145,17.6971,36.7833,0.48112,0.9283,1.0817,1.1652
20260810_044420-g1_29dof_wbt_iql_manager_seed2-locomotion,iql,35000,7,35000,a07015af1de5bae4,-520.761291504,64933,19513,23.5752,9.7065,13.8687,36.7833,0.37704,0.8948,1.0434,1.1661
20260810_044420-g1_29dof_wbt_iql_manager_seed2-locomotion,iql,35000,11,35000,a07015af1de5bae4,-520.761291504,76763,39227,15.9586,7.1442,8.8144,36.7833,0.23963,0.9549,1.0307,1.0794
20260810_044420-g1_29dof_wbt_iql_manager_seed2-locomotion,iql,35000,12,35000,a07015af1de5bae4,-520.761291504,33583,82841,15.7081,7.0624,8.6457,36.7833,0.23504,0.9274,1.019,1.0988
20260810_044420-g1_29dof_wbt_iql_manager_seed2-locomotion,iql,35000,13,35000,a07015af1de5bae4,-520.761291504,29838,52509,17.2654,3.2331,14.0323,36.7833,0.38149,0.8765,1.0369,1.183
20260810_044420-g1_29dof_wbt_iql_manager_seed2-locomotion,iql,35000,14,35000,a07015af1de5bae4,-520.761291504,36307,14110,21.4389,4.2676,17.1713,36.7833,0.46682,0.9257,1.1529,1.2454
20260810_044420-g1_29dof_wbt_iql_manager_seed2-locomotion,iql,36000,0,36000,750349a397ab219a,-525.482788086,237311,68413,29.7319,9.2034,20.5285,36.2686,0.56601,0.8338,1.1218,1.3455
20260810_044420-g1_29dof_wbt_iql_manager_seed2-locomotion,iql,36000,2,36000,750349a397ab219a,-525.482788086,168808,33814,20.0431,8.0984,11.9447,36.2686,0.32934,0.889,1.0096,1.1357
20260810_044420-g1_29dof_wbt_iql_manager_seed2-locomotion,iql,36000,4,36000,750349a397ab219a,-525.482788086,35214,133999,17.9163,4.348,13.5683,36.2686,0.37411,0.8674,0.978,1.1275
20260810_044420-g1_29dof_wbt_iql_manager_seed2-locomotion,iql,36000,5,36000,750349a397ab219a,-525.482788086,40938,30344,21.165,3.0376,18.1274,36.2686,0.49981,0.9051,1.0746,1.1873
20260810_044420-g1_29dof_wbt_iql_manager_seed2-locomotion,iql,36000,6,36000,750349a397ab219a,-525.482788086,51996,11915,24.1557,6.9173,17.2385,36.2686,0.4753,0.9299,1.0851,1.1669
20260810_044420-g1_29dof_wbt_iql_manager_seed2-locomotion,iql,36000,7,36000,750349a397ab219a,-525.482788086,64933,19513,23.2939,9.469,13.8249,36.2686,0.38118,0.8974,1.0454,1.1648
20260810_044420-g1_29dof_wbt_iql_manager_seed2-locomotion,iql,36000,11,36000,750349a397ab219a,-525.482788086,76763,39227,15.9493,7.5538,8.3955,36.2686,0.23148,0.9549,1.0287,1.0773
20260810_044420-g1_29dof_wbt_iql_manager_seed2-locomotion,iql,36000,12,36000,750349a397ab219a,-525.482788086,33583,82841,15.5552,7.0174,8.5378,36.2686,0.2354,0.9347,1.0226,1.094
20260810_044420-g1_29dof_wbt_iql_manager_seed2-locomotion,iql,36000,13,36000,750349a397ab219a,-525.482788086,29838,52509,17.743,3.5324,14.2106,36.2686,0.39182,0.8783,1.0374,1.1812
20260810_044420-g1_29dof_wbt_iql_manager_seed2-locomotion,iql,36000,14,36000,750349a397ab219a,-525.482788086,36307,14110,21.5094,4.776,16.7334,36.2686,0.46137,0.9266,1.1601,1.252
20260810_044420-g1_29dof_wbt_iql_manager_seed2-locomotion,iql,37000,0,37000,41e553a146f73d74,-538.502563477,237311,68413,28.69,7.8132,20.8767,35.869,0.58203,0.8326,1.1179,1.3427
20260810_044420-g1_29dof_wbt_iql_manager_seed2-locomotion,iql,37000,2,37000,41e553a146f73d74,-538.502563477,168808,33814,18.033,6.5171,11.5159,35.869,0.32105,0.8897,1.0108,1.1361
20260810_044420-g1_29dof_wbt_iql_manager_seed2-locomotion,iql,37000,4,37000,41e553a146f73d74,-538.502563477,35214,133999,16.109,3.7293,12.3798,35.869,0.34514,0.8687,0.9806,1.1289
20260810_044420-g1_29dof_wbt_iql_manager_seed2-locomotion,iql,37000,5,37000,41e553a146f73d74,-538.502563477,40938,30344,19.4715,2.5759,16.8956,35.869,0.47104,0.9068,1.0736,1.1839
20260810_044420-g1_29dof_wbt_iql_manager_seed2-locomotion,iql,37000,6,37000,41e553a146f73d74,-538.502563477,51996,11915,22.6898,5.2063,17.4835,35.869,0.48743,0.9286,1.0799,1.1629
20260810_044420-g1_29dof_wbt_iql_manager_seed2-locomotion,iql,37000,7,37000,41e553a146f73d74,-538.502563477,64933,19513,22.2504,8.498,13.7524,35.869,0.38341,0.8953,1.0426,1.1646
20260810_044420-g1_29dof_wbt_iql_manager_seed2-locomotion,iql,37000,11,37000,41e553a146f73d74,-538.502563477,76763,39227,14.2732,6.1302,8.143,35.869,0.22702,0.9564,1.0303,1.0772
20260810_044420-g1_29dof_wbt_iql_manager_seed2-locomotion,iql,37000,12,37000,41e553a146f73d74,-538.502563477,33583,82841,14.0182,6.0538,7.9644,35.869,0.22204,0.9311,1.0194,1.0948
20260810_044420-g1_29dof_wbt_iql_manager_seed2-locomotion,iql,37000,13,37000,41e553a146f73d74,-538.502563477,29838,52509,15.6974,2.9562,12.7412,35.869,0.35521,0.8823,1.0357,1.1738
20260810_044420-g1_29dof_wbt_iql_manager_seed2-locomotion,iql,37000,14,37000,41e553a146f73d74,-538.502563477,36307,14110,19.8841,3.6865,16.1976,35.869,0.45158,0.9225,1.1528,1.2496
20260810_044420-g1_29dof_wbt_iql_manager_seed2-locomotion,iql,38000,0,38000,44d79bc1e2732c6c,-553.314880371,237311,68413,28.2318,8.2675,19.9644,34.8976,0.57209,0.8338,1.1154,1.3378
20260810_044420-g1_29dof_wbt_iql_manager_seed2-locomotion,iql,38000,2,38000,44d79bc1e2732c6c,-553.314880371,168808,33814,18.3177,6.8514,11.4662,34.8976,0.32857,0.8883,1.0079,1.1347
20260810_044420-g1_29dof_wbt_iql_manager_seed2-locomotion,iql,38000,4,38000,44d79bc1e2732c6c,-553.314880371,35214,133999,16.4755,3.5641,12.9114,34.8976,0.36998,0.8608,0.9779,1.1361
20260810_044420-g1_29dof_wbt_iql_manager_seed2-locomotion,iql,38000,5,38000,44d79bc1e2732c6c,-553.314880371,40938,30344,19.5763,2.4235,17.1528,34.8976,0.49152,0.8992,1.071,1.1911
20260810_044420-g1_29dof_wbt_iql_manager_seed2-locomotion,iql,38000,6,38000,44d79bc1e2732c6c,-553.314880371,51996,11915,22.592,5.8061,16.7859,34.8976,0.481,0.9269,1.0804,1.1656
20260810_044420-g1_29dof_wbt_iql_manager_seed2-locomotion,iql,38000,7,38000,44d79bc1e2732c6c,-553.314880371,64933,19513,21.3649,8.1973,13.1676,34.8976,0.37732,0.8974,1.0429,1.1621
20260810_044420-g1_29dof_wbt_iql_manager_seed2-locomotion,iql,38000,11,38000,44d79bc1e2732c6c,-553.314880371,76763,39227,13.7709,5.7701,8.0008,34.8976,0.22926,0.9556,1.0265,1.0742
20260810_044420-g1_29dof_wbt_iql_manager_seed2-locomotion,iql,38000,12,38000,44d79bc1e2732c6c,-553.314880371,33583,82841,13.6219,5.7167,7.9052,34.8976,0.22653,0.9316,1.0192,1.094
20260810_044420-g1_29dof_wbt_iql_manager_seed2-locomotion,iql,38000,13,38000,44d79bc1e2732c6c,-553.314880371,29838,52509,16.3737,2.8307,13.543,34.8976,0.38808,0.8777,1.0364,1.1807
20260810_044420-g1_29dof_wbt_iql_manager_seed2-locomotion,iql,38000,14,38000,44d79bc1e2732c6c,-553.314880371,36307,14110,20.3568,3.6373,16.7195,34.8976,0.4791,0.9196,1.1543,1.2552
20260810_044420-g1_29dof_wbt_iql_manager_seed2-locomotion,iql,39000,0,39000,f68c07e5c6711ed6,-571.929748535,237311,68413,28.8807,7.9516,20.9291,35.698,0.58628,0.8338,1.119,1.3421
20260810_044420-g1_29dof_wbt_iql_manager_seed2-locomotion,iql,39000,2,39000,f68c07e5c6711ed6,-571.929748535,168808,33814,19.4339,7.1772,12.2568,35.698,0.34335,0.8899,1.007,1.1316
20260810_044420-g1_29dof_wbt_iql_manager_seed2-locomotion,iql,39000,4,39000,f68c07e5c6711ed6,-571.929748535,35214,133999,17.0414,3.5557,13.4857,35.698,0.37777,0.865,0.9783,1.1309
20260810_044420-g1_29dof_wbt_iql_manager_seed2-locomotion,iql,39000,5,39000,f68c07e5c6711ed6,-571.929748535,40938,30344,20.0225,2.3174,17.7052,35.698,0.49597,0.9013,1.0706,1.1879
20260810_044420-g1_29dof_wbt_iql_manager_seed2-locomotion,iql,39000,6,39000,f68c07e5c6711ed6,-571.929748535,51996,11915,23.4363,5.5436,17.8927,35.698,0.50122,0.9275,1.0808,1.1653
20260810_044420-g1_29dof_wbt_iql_manager_seed2-locomotion,iql,39000,7,39000,f68c07e5c6711ed6,-571.929748535,64933,19513,22.2499,8.4633,13.7866,35.698,0.3862,0.8951,1.0416,1.1637
20260810_044420-g1_29dof_wbt_iql_manager_seed2-locomotion,iql,39000,11,39000,f68c07e5c6711ed6,-571.929748535,76763,39227,14.7228,6.2739,8.4489,35.698,0.23668,0.9534,1.0284,1.0786
20260810_044420-g1_29dof_wbt_iql_manager_seed2-locomotion,iql,39000,12,39000,f68c07e5c6711ed6,-571.929748535,33583,82841,14.4039,5.794,8.6099,35.698,0.24119,0.9268,1.0179,1.0984
20260810_044420-g1_29dof_wbt_iql_manager_seed2-locomotion,iql,39000,13,39000,f68c07e5c6711ed6,-571.929748535,29838,52509,16.4898,2.7587,13.7311,35.698,0.38465,0.8733,1.0364,1.1868
20260810_044420-g1_29dof_wbt_iql_manager_seed2-locomotion,iql,39000,14,39000,f68c07e5c6711ed6,-571.929748535,36307,14110,20.294,3.2756,17.0184,35.698,0.47673,0.9194,1.1548,1.2561
20260810_044420-g1_29dof_wbt_iql_manager_seed2-locomotion,iql,40000,0,40000,2f25c251c368f88e,-580.286682129,237311,68413,28.7937,7.9581,20.8356,36.007,0.57865,0.8344,1.1156,1.337
20260810_044420-g1_29dof_wbt_iql_manager_seed2-locomotion,iql,40000,2,40000,2f25c251c368f88e,-580.286682129,168808,33814,18.9777,7.7753,11.2024,36.007,0.31112,0.891,1.0109,1.1345
20260810_044420-g1_29dof_wbt_iql_manager_seed2-locomotion,iql,40000,4,40000,2f25c251c368f88e,-580.286682129,35214,133999,17.3949,4.216,13.1789,36.007,0.36601,0.8628,0.9762,1.1314
20260810_044420-g1_29dof_wbt_iql_manager_seed2-locomotion,iql,40000,5,40000,2f25c251c368f88e,-580.286682129,40938,30344,20.8557,3.399,17.4567,36.007,0.48481,0.8987,1.0699,1.1905
20260810_044420-g1_29dof_wbt_iql_manager_seed2-locomotion,iql,40000,6,40000,2f25c251c368f88e,-580.286682129,51996,11915,23.8383,8.0497,15.7886,36.007,0.43849,0.9282,1.0794,1.1629
20260810_044420-g1_29dof_wbt_iql_manager_seed2-locomotion,iql,40000,7,40000,2f25c251c368f88e,-580.286682129,64933,19513,22.648,9.4143,13.2337,36.007,0.36753,0.8965,1.0473,1.1683
20260810_044420-g1_29dof_wbt_iql_manager_seed2-locomotion,iql,40000,11,40000,2f25c251c368f88e,-580.286682129,76763,39227,15.6222,7.1462,8.476,36.007,0.2354,0.9522,1.0279,1.0795
20260810_044420-g1_29dof_wbt_iql_manager_seed2-locomotion,iql,40000,12,40000,2f25c251c368f88e,-580.286682129,33583,82841,15.0353,6.6513,8.3839,36.007,0.23284,0.9286,1.0233,1.102
20260810_044420-g1_29dof_wbt_iql_manager_seed2-locomotion,iql,40000,13,40000,2f25c251c368f88e,-580.286682129,29838,52509,17.1559,3.359,13.7969,36.007,0.38317,0.8726,1.0323,1.183
20260810_044420-g1_29dof_wbt_iql_manager_seed2-locomotion,iql,40000,14,40000,2f25c251c368f88e,-580.286682129,36307,14110,21.1425,5.0631,16.0794,36.007,0.44656,0.9193,1.1483,1.2491
20260810_044420-g1_29dof_wbt_iql_manager_seed2-locomotion,iql,41000,0,41000,9933d8b10948fa7c,-597.889831543,237311,68413,28.8229,8.7567,20.0663,35.3203,0.56812,0.8333,1.1143,1.3373
20260810_044420-g1_29dof_wbt_iql_manager_seed2-locomotion,iql,41000,2,41000,9933d8b10948fa7c,-597.889831543,168808,33814,18.135,7.0703,11.0647,35.3203,0.31327,0.8895,1.0091,1.1345
20260810_044420-g1_29dof_wbt_iql_manager_seed2-locomotion,iql,41000,4,41000,9933d8b10948fa7c,-597.889831543,35214,133999,16.6624,4.1754,12.487,35.3203,0.35354,0.8677,0.9788,1.1281
20260810_044420-g1_29dof_wbt_iql_manager_seed2-locomotion,iql,41000,5,41000,9933d8b10948fa7c,-597.889831543,40938,30344,19.7831,3.0799,16.7031,35.3203,0.4729,0.8994,1.0711,1.1909
20260810_044420-g1_29dof_wbt_iql_manager_seed2-locomotion,iql,41000,6,41000,9933d8b10948fa7c,-597.889831543,51996,11915,22.9939,6.5892,16.4047,35.3203,0.46446,0.9281,1.0834,1.1674
20260810_044420-g1_29dof_wbt_iql_manager_seed2-locomotion,iql,41000,7,41000,9933d8b10948fa7c,-597.889831543,64933,19513,22.6257,9.5426,13.0831,35.3203,0.37041,0.8948,1.0417,1.1642
20260810_044420-g1_29dof_wbt_iql_manager_seed2-locomotion,iql,41000,11,41000,9933d8b10948fa7c,-597.889831543,76763,39227,14.771,6.5111,8.2599,35.3203,0.23386,0.9577,1.0301,1.0757
20260810_044420-g1_29dof_wbt_iql_manager_seed2-locomotion,iql,41000,12,41000,9933d8b10948fa7c,-597.889831543,33583,82841,14.0155,6.2724,7.7431,35.3203,0.21922,0.9305,1.0212,1.0975
20260810_044420-g1_29dof_wbt_iql_manager_seed2-locomotion,iql,41000,13,41000,9933d8b10948fa7c,-597.889831543,29838,52509,15.7658,3.2242,12.5416,35.3203,0.35508,0.8809,1.0367,1.1768
20260810_044420-g1_29dof_wbt_iql_manager_seed2-locomotion,iql,41000,14,41000,9933d8b10948fa7c,-597.889831543,36307,14110,20.2063,4.6268,15.5795,35.3203,0.44109,0.9233,1.159,1.2553
20260810_044420-g1_29dof_wbt_iql_manager_seed2-locomotion,iql,42000,0,42000,87618e12e4112c8f,-600.143615723,237311,68413,28.7562,8.6334,20.1228,35.3755,0.56883,0.8346,1.1155,1.3366
20260810_044420-g1_29dof_wbt_iql_manager_seed2-locomotion,iql,42000,2,42000,87618e12e4112c8f,-600.143615723,168808,33814,18.8632,7.5789,11.2843,35.3755,0.31899,0.893,1.0115,1.1328
20260810_044420-g1_29dof_wbt_iql_manager_seed2-locomotion,iql,42000,4,42000,87618e12e4112c8f,-600.143615723,35214,133999,16.2849,4.0108,12.274,35.3755,0.34696,0.8642,0.9747,1.1279
20260810_044420-g1_29dof_wbt_iql_manager_seed2-locomotion,iql,42000,5,42000,87618e12e4112c8f,-600.143615723,40938,30344,20.1453,2.8606,17.2847,35.3755,0.48861,0.8999,1.0697,1.1887
20260810_044420-g1_29dof_wbt_iql_manager_seed2-locomotion,iql,42000,6,42000,87618e12e4112c8f,-600.143615723,51996,11915,23.566,6.4773,17.0888,35.3755,0.48307,0.9283,1.0787,1.162
20260810_044420-g1_29dof_wbt_iql_manager_seed2-locomotion,iql,42000,7,42000,87618e12e4112c8f,-600.143615723,64933,19513,22.4357,9.0928,13.3429,35.3755,0.37718,0.896,1.0433,1.1644
20260810_044420-g1_29dof_wbt_iql_manager_seed2-locomotion,iql,42000,11,42000,87618e12e4112c8f,-600.143615723,76763,39227,14.7254,6.5813,8.1441,35.3755,0.23022,0.9564,1.0296,1.0766
20260810_044420-g1_29dof_wbt_iql_manager_seed2-locomotion,iql,42000,12,42000,87618e12e4112c8f,-600.143615723,33583,82841,14.301,6.2724,8.0286,35.3755,0.22695,0.929,1.0186,1.0964
20260810_044420-g1_29dof_wbt_iql_manager_seed2-locomotion,iql,42000,13,42000,87618e12e4112c8f,-600.143615723,29838,52509,16.7238,3.2144,13.5094,35.3755,0.38188,0.8779,1.034,1.1778
20260810_044420-g1_29dof_wbt_iql_manager_seed2-locomotion,iql,42000,14,42000,87618e12e4112c8f,-600.143615723,36307,14110,21.1608,4.6485,16.5123,35.3755,0.46677,0.9185,1.1466,1.2484
20260810_044420-g1_29dof_wbt_iql_manager_seed2-locomotion,iql,43000,0,43000,e89bbaa3a21e3709,-616.184692383,237311,68413,29.2302,8.6848,20.5454,35.8624,0.5729,0.8322,1.1095,1.3331
20260810_044420-g1_29dof_wbt_iql_manager_seed2-locomotion,iql,43000,2,43000,e89bbaa3a21e3709,-616.184692383,168808,33814,19.0472,7.6531,11.3941,35.8624,0.31772,0.8886,1.0062,1.1323
20260810_044420-g1_29dof_wbt_iql_manager_seed2-locomotion,iql,43000,4,43000,e89bbaa3a21e3709,-616.184692383,35214,133999,17.8081,4.5971,13.2111,35.8624,0.36838,0.8618,0.9792,1.1363
20260810_044420-g1_29dof_wbt_iql_manager_seed2-locomotion,iql,43000,5,43000,e89bbaa3a21e3709,-616.184692383,40938,30344,21.0369,3.4933,17.5436,35.8624,0.48919,0.9006,1.0681,1.1859
20260810_044420-g1_29dof_wbt_iql_manager_seed2-locomotion,iql,43000,6,43000,e89bbaa3a21e3709,-616.184692383,51996,11915,24.1295,7.6207,16.5087,35.8624,0.46034,0.9335,1.0851,1.1625
20260810_044420-g1_29dof_wbt_iql_manager_seed2-locomotion,iql,43000,7,43000,e89bbaa3a21e3709,-616.184692383,64933,19513,23.2736,9.9276,13.3461,35.8624,0.37215,0.8955,1.0417,1.1632
20260810_044420-g1_29dof_wbt_iql_manager_seed2-locomotion,iql,43000,11,43000,e89bbaa3a21e3709,-616.184692383,76763,39227,15.5461,7.2541,8.2919,35.8624,0.23122,0.9526,1.0266,1.0777
20260810_044420-g1_29dof_wbt_iql_manager_seed2-locomotion,iql,43000,12,43000,e89bbaa3a21e3709,-616.184692383,33583,82841,15.5509,7.0747,8.4762,35.8624,0.23635,0.9332,1.0238,1.0971
20260810_044420-g1_29dof_wbt_iql_manager_seed2-locomotion,iql,43000,13,43000,e89bbaa3a21e3709,-616.184692383,29838,52509,17.6017,3.8474,13.7543,35.8624,0.38353,0.8733,1.0343,1.1843
20260810_044420-g1_29dof_wbt_iql_manager_seed2-locomotion,iql,43000,14,43000,e89bbaa3a21e3709,-616.184692383,36307,14110,21.052,4.6286,16.4234,35.8624,0.45796,0.9246,1.154,1.248
20260810_044420-g1_29dof_wbt_iql_manager_seed2-locomotion,iql,44000,0,44000,d71786f2cc81c169,-624.583618164,237311,68413,29.2665,8.8683,20.3983,36.0627,0.56563,0.8343,1.1141,1.3354
20260810_044420-g1_29dof_wbt_iql_manager_seed2-locomotion,iql,44000,2,44000,d71786f2cc81c169,-624.583618164,168808,33814,18.8837,7.2922,11.5915,36.0627,0.32143,0.8893,1.0097,1.1354
20260810_044420-g1_29dof_wbt_iql_manager_seed2-locomotion,iql,44000,4,44000,d71786f2cc81c169,-624.583618164,35214,133999,16.6769,4.0417,12.6352,36.0627,0.35037,0.8689,0.9802,1.1281
20260810_044420-g1_29dof_wbt_iql_manager_seed2-locomotion,iql,44000,5,44000,d71786f2cc81c169,-624.583618164,40938,30344,20.2177,2.9441,17.2737,36.0627,0.47899,0.9138,1.0733,1.1745
20260810_044420-g1_29dof_wbt_iql_manager_seed2-locomotion,iql,44000,6,44000,d71786f2cc81c169,-624.583618164,51996,11915,23.3293,7.0338,16.2954,36.0627,0.45186,0.9314,1.0814,1.161
20260810_044420-g1_29dof_wbt_iql_manager_seed2-locomotion,iql,44000,7,44000,d71786f2cc81c169,-624.583618164,64933,19513,22.2866,8.9275,13.3591,36.0627,0.37044,0.8993,1.0435,1.1603
20260810_044420-g1_29dof_wbt_iql_manager_seed2-locomotion,iql,44000,11,44000,d71786f2cc81c169,-624.583618164,76763,39227,14.2498,6.0672,8.1826,36.0627,0.2269,0.9569,1.0277,1.0741
20260810_044420-g1_29dof_wbt_iql_manager_seed2-locomotion,iql,44000,12,44000,d71786f2cc81c169,-624.583618164,33583,82841,14.3712,6.3087,8.0625,36.0627,0.22357,0.9339,1.0227,1.0952
20260810_044420-g1_29dof_wbt_iql_manager_seed2-locomotion,iql,44000,13,44000,d71786f2cc81c169,-624.583618164,29838,52509,15.806,2.9605,12.8455,36.0627,0.3562,0.8898,1.039,1.1677
20260810_044420-g1_29dof_wbt_iql_manager_seed2-locomotion,iql,44000,14,44000,d71786f2cc81c169,-624.583618164,36307,14110,20.5747,4.2655,16.3092,36.0627,0.45224,0.9265,1.1526,1.244
20260810_044420-g1_29dof_wbt_iql_manager_seed2-locomotion,iql,45000,0,45000,1da1df85b20d9f63,-633.425170898,237311,68413,29.513,8.4729,21.0401,36.7007,0.57329,0.8324,1.1122,1.3361
20260810_044420-g1_29dof_wbt_iql_manager_seed2-locomotion,iql,45000,2,45000,1da1df85b20d9f63,-633.425170898,168808,33814,18.977,7.51,11.467,36.7007,0.31245,0.888,1.0045,1.1311
20260810_044420-g1_29dof_wbt_iql_manager_seed2-locomotion,iql,45000,4,45000,1da1df85b20d9f63,-633.425170898,35214,133999,16.8086,4.3397,12.4688,36.7007,0.33974,0.861,0.977,1.1347
20260810_044420-g1_29dof_wbt_iql_manager_seed2-locomotion,iql,45000,5,45000,1da1df85b20d9f63,-633.425170898,40938,30344,20.1881,2.8819,17.3061,36.7007,0.47155,0.9036,1.0715,1.1857
20260810_044420-g1_29dof_wbt_iql_manager_seed2-locomotion,iql,45000,6,45000,1da1df85b20d9f63,-633.425170898,51996,11915,23.6808,7.0683,16.6126,36.7007,0.45265,0.9315,1.0809,1.1604
20260810_044420-g1_29dof_wbt_iql_manager_seed2-locomotion,iql,45000,7,45000,1da1df85b20d9f63,-633.425170898,64933,19513,22.7977,9.9256,12.8721,36.7007,0.35073,0.8949,1.039,1.1611
20260810_044420-g1_29dof_wbt_iql_manager_seed2-locomotion,iql,45000,11,45000,1da1df85b20d9f63,-633.425170898,76763,39227,14.8996,6.8702,8.0294,36.7007,0.21878,0.9508,1.0235,1.0765
20260810_044420-g1_29dof_wbt_iql_manager_seed2-locomotion,iql,45000,12,45000,1da1df85b20d9f63,-633.425170898,33583,82841,14.4022,6.5145,7.8877,36.7007,0.21492,0.9305,1.0183,1.0944
20260810_044420-g1_29dof_wbt_iql_manager_seed2-locomotion,iql,45000,13,45000,1da1df85b20d9f63,-633.425170898,29838,52509,16.6106,3.2746,13.336,36.7007,0.36337,0.8722,1.0327,1.184
20260810_044420-g1_29dof_wbt_iql_manager_seed2-locomotion,iql,45000,14,45000,1da1df85b20d9f63,-633.425170898,36307,14110,20.8837,4.2102,16.6735,36.7007,0.45431,0.9182,1.1494,1.2518
20260810_044420-g1_29dof_wbt_iql_manager_seed2-locomotion,iql,46000,0,46000,df936bd3a5b0d81b,-651.993469238,237311,68413,29.0093,8.1618,20.8475,36.3372,0.57372,0.8346,1.1119,1.3324
20260810_044420-g1_29dof_wbt_iql_manager_seed2-locomotion,iql,46000,2,46000,df936bd3a5b0d81b,-651.993469238,168808,33814,18.8744,7.1333,11.7411,36.3372,0.32312,0.8894,1.0043,1.1292
20260810_044420-g1_29dof_wbt_iql_manager_seed2-locomotion,iql,46000,4,46000,df936bd3a5b0d81b,-651.993469238,35214,133999,17.3061,4.1398,13.1662,36.3372,0.36234,0.8687,0.9783,1.1262
20260810_044420-g1_29dof_wbt_iql_manager_seed2-locomotion,iql,46000,5,46000,df936bd3a5b0d81b,-651.993469238,40938,30344,20.5886,2.8391,17.7495,36.3372,0.48847,0.8993,1.0691,1.1888
20260810_044420-g1_29dof_wbt_iql_manager_seed2-locomotion,iql,46000,6,46000,df936bd3a5b0d81b,-651.993469238,51996,11915,23.048,6.0372,17.0109,36.3372,0.46814,0.9288,1.077,1.1595
20260810_044420-g1_29dof_wbt_iql_manager_seed2-locomotion,iql,46000,7,46000,df936bd3a5b0d81b,-651.993469238,64933,19513,22.2933,8.8105,13.4828,36.3372,0.37105,0.896,1.0459,1.1673
20260810_044420-g1_29dof_wbt_iql_manager_seed2-locomotion,iql,46000,11,46000,df936bd3a5b0d81b,-651.993469238,76763,39227,14.714,6.6235,8.0905,36.3372,0.22265,0.9525,1.0278,1.0791
20260810_044420-g1_29dof_wbt_iql_manager_seed2-locomotion,iql,46000,12,46000,df936bd3a5b0d81b,-651.993469238,33583,82841,14.3129,6.1258,8.1871,36.3372,0.22531,0.9337,1.0194,1.0918
20260810_044420-g1_29dof_wbt_iql_manager_seed2-locomotion,iql,46000,13,46000,df936bd3a5b0d81b,-651.993469238,29838,52509,16.7545,3.0784,13.676,36.3372,0.37636,0.8838,1.0398,1.1766
20260810_044420-g1_29dof_wbt_iql_manager_seed2-locomotion,iql,46000,14,46000,df936bd3a5b0d81b,-651.993469238,36307,14110,21.1131,4.457,16.6561,36.3372,0.45838,0.9256,1.1502,1.2427
20260810_044420-g1_29dof_wbt_iql_manager_seed2-locomotion,iql,47000,0,47000,d99c4fbcd8df06e5,-668.220031738,237311,68413,28.312,8.079,20.233,35.1561,0.57552,0.8333,1.1098,1.3317
20260810_044420-g1_29dof_wbt_iql_manager_seed2-locomotion,iql,47000,2,47000,d99c4fbcd8df06e5,-668.220031738,168808,33814,19.5026,8.4513,11.0513,35.1561,0.31435,0.8886,1.0013,1.1267
20260810_044420-g1_29dof_wbt_iql_manager_seed2-locomotion,iql,47000,4,47000,d99c4fbcd8df06e5,-668.220031738,35214,133999,16.9396,4.1126,12.827,35.1561,0.36486,0.8623,0.9765,1.1325
20260810_044420-g1_29dof_wbt_iql_manager_seed2-locomotion,iql,47000,5,47000,d99c4fbcd8df06e5,-668.220031738,40938,30344,20.2926,2.642,17.6505,35.1561,0.50206,0.9053,1.0707,1.1826
20260810_044420-g1_29dof_wbt_iql_manager_seed2-locomotion,iql,47000,6,47000,d99c4fbcd8df06e5,-668.220031738,51996,11915,23.0745,6.139,16.9355,35.1561,0.48172,0.9311,1.0862,1.1665
20260810_044420-g1_29dof_wbt_iql_manager_seed2-locomotion,iql,47000,7,47000,d99c4fbcd8df06e5,-668.220031738,64933,19513,22.3113,9.1023,13.209,35.1561,0.37573,0.8939,1.0422,1.1659
20260810_044420-g1_29dof_wbt_iql_manager_seed2-locomotion,iql,47000,11,47000,d99c4fbcd8df06e5,-668.220031738,76763,39227,14.7703,6.7042,8.066,35.1561,0.22944,0.9545,1.0276,1.0765
20260810_044420-g1_29dof_wbt_iql_manager_seed2-locomotion,iql,47000,12,47000,d99c4fbcd8df06e5,-668.220031738,33583,82841,14.2827,6.4021,7.8806,35.1561,0.22416,0.9305,1.0245,1.101
20260810_044420-g1_29dof_wbt_iql_manager_seed2-locomotion,iql,47000,13,47000,d99c4fbcd8df06e5,-668.220031738,29838,52509,16.2695,2.9988,13.2707,35.1561,0.37748,0.8774,1.0365,1.1813
20260810_044420-g1_29dof_wbt_iql_manager_seed2-locomotion,iql,47000,14,47000,d99c4fbcd8df06e5,-668.220031738,36307,14110,20.7202,4.043,16.6772,35.1561,0.47437,0.9236,1.1512,1.2464
20260810_044420-g1_29dof_wbt_iql_manager_seed2-locomotion,iql,48000,0,48000,5cea883d4668659e,-681.757751465,237311,68413,29.1629,8.1584,21.0045,36.3391,0.57801,0.8322,1.1103,1.3342
20260810_044420-g1_29dof_wbt_iql_manager_seed2-locomotion,iql,48000,2,48000,5cea883d4668659e,-681.757751465,168808,33814,18.366,6.5479,11.8181,36.3391,0.32522,0.8889,1.0062,1.1319
20260810_044420-g1_29dof_wbt_iql_manager_seed2-locomotion,iql,48000,4,48000,5cea883d4668659e,-681.757751465,35214,133999,15.8244,3.4883,12.3361,36.3391,0.33947,0.865,0.9786,1.1313
20260810_044420-g1_29dof_wbt_iql_manager_seed2-locomotion,iql,48000,5,48000,5cea883d4668659e,-681.757751465,40938,30344,19.9054,2.5656,17.3398,36.3391,0.47717,0.9004,1.0674,1.1854
20260810_044420-g1_29dof_wbt_iql_manager_seed2-locomotion,iql,48000,6,48000,5cea883d4668659e,-681.757751465,51996,11915,23.3902,6.5552,16.835,36.3391,0.46327,0.9269,1.0773,1.1623
20260810_044420-g1_29dof_wbt_iql_manager_seed2-locomotion,iql,48000,7,48000,5cea883d4668659e,-681.757751465,64933,19513,22.4482,9.0326,13.4156,36.3391,0.36918,0.893,1.0442,1.1693
20260810_044420-g1_29dof_wbt_iql_manager_seed2-locomotion,iql,48000,11,48000,5cea883d4668659e,-681.757751465,76763,39227,13.7899,5.9664,7.8235,36.3391,0.21529,0.9553,1.0297,1.0779
20260810_044420-g1_29dof_wbt_iql_manager_seed2-locomotion,iql,48000,12,48000,5cea883d4668659e,-681.757751465,33583,82841,13.6778,5.8508,7.827,36.3391,0.21539,0.9304,1.0214,1.0978
20260810_044420-g1_29dof_wbt_iql_manager_seed2-locomotion,iql,48000,13,48000,5cea883d4668659e,-681.757751465,29838,52509,15.2871,2.6709,12.6162,36.3391,0.34718,0.8771,1.0327,1.1774
20260810_044420-g1_29dof_wbt_iql_manager_seed2-locomotion,iql,48000,14,48000,5cea883d4668659e,-681.757751465,36307,14110,20.1876,4.0242,16.1633,36.3391,0.44479,0.9185,1.1457,1.2475
20260810_044420-g1_29dof_wbt_iql_manager_seed2-locomotion,iql,49000,0,49000,6ad9b93212ed6986,-696.438659668,237311,68413,28.8754,8.1143,20.7611,36.2164,0.57325,0.8323,1.1095,1.3331
20260810_044420-g1_29dof_wbt_iql_manager_seed2-locomotion,iql,49000,2,49000,6ad9b93212ed6986,-696.438659668,168808,33814,19.0499,7.4018,11.6481,36.2164,0.32163,0.887,1.0044,1.1324
20260810_044420-g1_29dof_wbt_iql_manager_seed2-locomotion,iql,49000,4,49000,6ad9b93212ed6986,-696.438659668,35214,133999,15.3384,3.3159,12.0225,36.2164,0.33196,0.8609,0.9761,1.1338
20260810_044420-g1_29dof_wbt_iql_manager_seed2-locomotion,iql,49000,5,49000,6ad9b93212ed6986,-696.438659668,40938,30344,18.7085,2.0577,16.6508,36.2164,0.45976,0.9022,1.0719,1.1881
20260810_044420-g1_29dof_wbt_iql_manager_seed2-locomotion,iql,49000,6,49000,6ad9b93212ed6986,-696.438659668,51996,11915,22.6395,4.9652,17.6743,36.2164,0.48802,0.9261,1.0781,1.1641
20260810_044420-g1_29dof_wbt_iql_manager_seed2-locomotion,iql,49000,7,49000,6ad9b93212ed6986,-696.438659668,64933,19513,22.0294,8.2353,13.7941,36.2164,0.38088,0.8948,1.0406,1.1629
20260810_044420-g1_29dof_wbt_iql_manager_seed2-locomotion,iql,49000,11,49000,6ad9b93212ed6986,-696.438659668,76763,39227,14.9593,6.6033,8.356,36.2164,0.23073,0.9549,1.0263,1.0747
20260810_044420-g1_29dof_wbt_iql_manager_seed2-locomotion,iql,49000,12,49000,6ad9b93212ed6986,-696.438659668,33583,82841,13.5854,5.5642,8.0212,36.2164,0.22148,0.9289,1.0174,1.0952
20260810_044420-g1_29dof_wbt_iql_manager_seed2-locomotion,iql,49000,13,49000,6ad9b93212ed6986,-696.438659668,29838,52509,14.3663,2.3523,12.014,36.2164,0.33173,0.8777,1.0341,1.1782
20260810_044420-g1_29dof_wbt_iql_manager_seed2-locomotion,iql,49000,14,49000,6ad9b93212ed6986,-696.438659668,36307,14110,18.7162,2.4683,16.2479,36.2164,0.44863,0.9211,1.1506,1.2492
20260810_044420-g1_29dof_wbt_iql_manager_seed2-locomotion,iql,50000,0,50000,598f107fcd6221b9,-711.013549805,237311,68413,28.3316,7.7992,20.5324,35.58,0.57708,0.8353,1.1126,1.3319
20260810_044420-g1_29dof_wbt_iql_manager_seed2-locomotion,iql,50000,2,50000,598f107fcd6221b9,-711.013549805,168808,33814,18.4031,7.1659,11.2372,35.58,0.31583,0.8918,1.0078,1.1301
20260810_044420-g1_29dof_wbt_iql_manager_seed2-locomotion,iql,50000,4,50000,598f107fcd6221b9,-711.013549805,35214,133999,16.7378,3.9766,12.7613,35.58,0.35866,0.8627,0.9789,1.1347
20260810_044420-g1_29dof_wbt_iql_manager_seed2-locomotion,iql,50000,5,50000,598f107fcd6221b9,-711.013549805,40938,30344,20.2486,3.1419,17.1066,35.58,0.48079,0.8975,1.0714,1.1938
20260810_044420-g1_29dof_wbt_iql_manager_seed2-locomotion,iql,50000,6,50000,598f107fcd6221b9,-711.013549805,51996,11915,23.5924,7.5783,16.014,35.58,0.45009,0.9262,1.0747,1.1603
20260810_044420-g1_29dof_wbt_iql_manager_seed2-locomotion,iql,50000,7,50000,598f107fcd6221b9,-711.013549805,64933,19513,22.4172,9.182,13.2352,35.58,0.37198,0.8934,1.039,1.163
20260810_044420-g1_29dof_wbt_iql_manager_seed2-locomotion,iql,50000,11,50000,598f107fcd6221b9,-711.013549805,76763,39227,14.8152,6.6229,8.1923,35.58,0.23025,0.955,1.0273,1.0758
20260810_044420-g1_29dof_wbt_iql_manager_seed2-locomotion,iql,50000,12,50000,598f107fcd6221b9,-711.013549805,33583,82841,14.5537,6.1863,8.3674,35.58,0.23517,0.9288,1.0173,1.0953
20260810_044420-g1_29dof_wbt_iql_manager_seed2-locomotion,iql,50000,13,50000,598f107fcd6221b9,-711.013549805,29838,52509,16.8809,3.2634,13.6176,35.58,0.38273,0.8747,1.0324,1.1802
20260810_044420-g1_29dof_wbt_iql_manager_seed2-locomotion,iql,50000,14,50000,598f107fcd6221b9,-711.013549805,36307,14110,20.7775,4.875,15.9025,35.58,0.44695,0.9189,1.1479,1.2492
20260810_044420-g1_29dof_wbt_iql_manager_seed2-locomotion,iql,51000,0,51000,aab3b024f7d03e99,-724.023925781,237311,68413,29.407,8.3199,21.0871,36.7567,0.57369,0.8333,1.1091,1.331
20260810_044420-g1_29dof_wbt_iql_manager_seed2-locomotion,iql,51000,2,51000,aab3b024f7d03e99,-724.023925781,168808,33814,18.4274,6.6932,11.7343,36.7567,0.31924,0.892,1.0075,1.1295
20260810_044420-g1_29dof_wbt_iql_manager_seed2-locomotion,iql,51000,4,51000,aab3b024f7d03e99,-724.023925781,35214,133999,15.7184,3.3515,12.3668,36.7567,0.33645,0.8622,0.9799,1.1366
20260810_044420-g1_29dof_wbt_iql_manager_seed2-locomotion,iql,51000,5,51000,aab3b024f7d03e99,-724.023925781,40938,30344,19.586,2.1743,17.4117,36.7567,0.4737,0.8985,1.0671,1.1876
20260810_044420-g1_29dof_wbt_iql_manager_seed2-locomotion,iql,51000,6,51000,aab3b024f7d03e99,-724.023925781,51996,11915,23.6998,5.6052,18.0946,36.7567,0.49228,0.9296,1.0778,1.1595
20260810_044420-g1_29dof_wbt_iql_manager_seed2-locomotion,iql,51000,7,51000,aab3b024f7d03e99,-724.023925781,64933,19513,22.4653,8.2535,14.2118,36.7567,0.38664,0.8963,1.0383,1.1585
20260810_044420-g1_29dof_wbt_iql_manager_seed2-locomotion,iql,51000,11,51000,aab3b024f7d03e99,-724.023925781,76763,39227,14.899,6.6564,8.2425,36.7567,0.22425,0.9593,1.0317,1.0755
20260810_044420-g1_29dof_wbt_iql_manager_seed2-locomotion,iql,51000,12,51000,aab3b024f7d03e99,-724.023925781,33583,82841,13.9331,5.7805,8.1527,36.7567,0.2218,0.9323,1.0218,1.096
20260810_044420-g1_29dof_wbt_iql_manager_seed2-locomotion,iql,51000,13,51000,aab3b024f7d03e99,-724.023925781,29838,52509,15.7899,2.6937,13.0962,36.7567,0.35629,0.8713,1.035,1.1878
20260810_044420-g1_29dof_wbt_iql_manager_seed2-locomotion,iql,51000,14,51000,aab3b024f7d03e99,-724.023925781,36307,14110,20.6534,3.925,16.7284,36.7567,0.45511,0.9171,1.1484,1.2521
20260810_044420-g1_29dof_wbt_iql_manager_seed2-locomotion,iql,52000,0,52000,ee0992d3a16830ee,-731.410644531,237311,68413,29.2257,8.1653,21.0604,36.4377,0.57798,0.8332,1.1087,1.3306
20260810_044420-g1_29dof_wbt_iql_manager_seed2-locomotion,iql,52000,2,52000,ee0992d3a16830ee,-731.410644531,168808,33814,19.4493,7.731,11.7183,36.4377,0.3216,0.8904,1.0063,1.1302
20260810_044420-g1_29dof_wbt_iql_manager_seed2-locomotion,iql,52000,4,52000,ee0992d3a16830ee,-731.410644531,35214,133999,17.0906,3.5504,13.5403,36.4377,0.3716,0.8632,0.9773,1.1323
20260810_044420-g1_29dof_wbt_iql_manager_seed2-locomotion,iql,52000,5,52000,ee0992d3a16830ee,-731.410644531,40938,30344,19.9604,2.3176,17.6428,36.4377,0.48419,0.9007,1.0696,1.1875
20260810_044420-g1_29dof_wbt_iql_manager_seed2-locomotion,iql,52000,6,52000,ee0992d3a16830ee,-731.410644531,51996,11915,23.1168,6.3147,16.8021,36.4377,0.46112,0.925,1.0745,1.1615
20260810_044420-g1_29dof_wbt_iql_manager_seed2-locomotion,iql,52000,7,52000,ee0992d3a16830ee,-731.410644531,64933,19513,22.4041,8.8731,13.531,36.4377,0.37135,0.8938,1.0398,1.1633
20260810_044420-g1_29dof_wbt_iql_manager_seed2-locomotion,iql,52000,11,52000,ee0992d3a16830ee,-731.410644531,76763,39227,15.2658,6.6142,8.6516,36.4377,0.23744,0.9536,1.0272,1.0771
20260810_044420-g1_29dof_wbt_iql_manager_seed2-locomotion,iql,52000,12,52000,ee0992d3a16830ee,-731.410644531,33583,82841,14.9699,6.4308,8.5391,36.4377,0.23435,0.9287,1.0201,1.0985
20260810_044420-g1_29dof_wbt_iql_manager_seed2-locomotion,iql,52000,13,52000,ee0992d3a16830ee,-731.410644531,29838,52509,16.1637,2.5144,13.6493,36.4377,0.37459,0.8764,1.0353,1.1813
20260810_044420-g1_29dof_wbt_iql_manager_seed2-locomotion,iql,52000,14,52000,ee0992d3a16830ee,-731.410644531,36307,14110,20.6042,3.5434,17.0609,36.4377,0.46822,0.9186,1.1508,1.2528
20260810_044420-g1_29dof_wbt_iql_manager_seed2-locomotion,iql,53000,0,53000,dbf7166a9887574a,-743.32824707,237311,68413,29.2635,8.8169,20.4467,36.0382,0.56736,0.8338,1.1111,1.3325
20260810_044420-g1_29dof_wbt_iql_manager_seed2-locomotion,iql,53000,2,53000,dbf7166a9887574a,-743.32824707,168808,33814,19.415,8.0227,11.3923,36.0382,0.31612,0.8872,1.0004,1.1277
20260810_044420-g1_29dof_wbt_iql_manager_seed2-locomotion,iql,53000,4,53000,dbf7166a9887574a,-743.32824707,35214,133999,16.49,3.9698,12.5202,36.0382,0.34741,0.861,0.9747,1.1321
20260810_044420-g1_29dof_wbt_iql_manager_seed2-locomotion,iql,53000,5,53000,dbf7166a9887574a,-743.32824707,40938,30344,20.3294,2.759,17.5704,36.0382,0.48755,0.895,1.0679,1.1931
20260810_044420-g1_29dof_wbt_iql_manager_seed2-locomotion,iql,53000,6,53000,dbf7166a9887574a,-743.32824707,51996,11915,23.5398,6.0318,17.508,36.0382,0.48582,0.9266,1.0839,1.1697
20260810_044420-g1_29dof_wbt_iql_manager_seed2-locomotion,iql,53000,7,53000,dbf7166a9887574a,-743.32824707,64933,19513,22.9858,9.1143,13.8715,36.0382,0.38491,0.8961,1.0421,1.163
20260810_044420-g1_29dof_wbt_iql_manager_seed2-locomotion,iql,53000,11,53000,dbf7166a9887574a,-743.32824707,76763,39227,15.161,6.8694,8.2915,36.0382,0.23008,0.9516,1.022,1.074
20260810_044420-g1_29dof_wbt_iql_manager_seed2-locomotion,iql,53000,12,53000,dbf7166a9887574a,-743.32824707,33583,82841,14.6932,6.5427,8.1504,36.0382,0.22616,0.9312,1.0237,1.0994
20260810_044420-g1_29dof_wbt_iql_manager_seed2-locomotion,iql,53000,13,53000,dbf7166a9887574a,-743.32824707,29838,52509,16.2697,3.1004,13.1694,36.0382,0.36543,0.8686,1.0317,1.1878
20260810_044420-g1_29dof_wbt_iql_manager_seed2-locomotion,iql,53000,14,53000,dbf7166a9887574a,-743.32824707,36307,14110,20.8324,3.9069,16.9256,36.0382,0.46966,0.9146,1.1512,1.2587
20260810_044420-g1_29dof_wbt_iql_manager_seed2-locomotion,iql,54000,0,54000,91afc868168f9b68,-759.42565918,237311,68413,28.9531,7.991,20.9621,35.4391,0.59149,0.8328,1.1079,1.3303
20260810_044420-g1_29dof_wbt_iql_manager_seed2-locomotion,iql,54000,2,54000,91afc868168f9b68,-759.42565918,168808,33814,18.5529,6.8336,11.7193,35.4391,0.33069,0.8884,1.0034,1.1294
20260810_044420-g1_29dof_wbt_iql_manager_seed2-locomotion,iql,54000,4,54000,91afc868168f9b68,-759.42565918,35214,133999,17.0407,3.9781,13.0626,35.4391,0.36859,0.8596,0.9793,1.1393
20260810_044420-g1_29dof_wbt_iql_manager_seed2-locomotion,iql,54000,5,54000,91afc868168f9b68,-759.42565918,40938,30344,20.5818,2.7051,17.8767,35.4391,0.50443,0.8938,1.0699,1.197
20260810_044420-g1_29dof_wbt_iql_manager_seed2-locomotion,iql,54000,6,54000,91afc868168f9b68,-759.42565918,51996,11915,24.0414,6.558,17.4834,35.4391,0.49334,0.9278,1.0783,1.1623
20260810_044420-g1_29dof_wbt_iql_manager_seed2-locomotion,iql,54000,7,54000,91afc868168f9b68,-759.42565918,64933,19513,23.0627,9.0115,14.0512,35.4391,0.39649,0.893,1.0408,1.1655
20260810_044420-g1_29dof_wbt_iql_manager_seed2-locomotion,iql,54000,11,54000,91afc868168f9b68,-759.42565918,76763,39227,14.9763,6.7069,8.2694,35.4391,0.23334,0.9508,1.0235,1.0764
20260810_044420-g1_29dof_wbt_iql_manager_seed2-locomotion,iql,54000,12,54000,91afc868168f9b68,-759.42565918,33583,82841,14.5677,6.3299,8.2377,35.4391,0.23245,0.9268,1.0174,1.0977
20260810_044420-g1_29dof_wbt_iql_manager_seed2-locomotion,iql,54000,13,54000,91afc868168f9b68,-759.42565918,29838,52509,16.5588,2.959,13.5998,35.4391,0.38375,0.8696,1.0332,1.1881
20260810_044420-g1_29dof_wbt_iql_manager_seed2-locomotion,iql,54000,14,54000,91afc868168f9b68,-759.42565918,36307,14110,21.6498,4.6634,16.9863,35.4391,0.47931,0.9159,1.15,1.2556
20260810_044420-g1_29dof_wbt_iql_manager_seed2-locomotion,iql,55000,0,55000,3f2276ec2f2a39e4,-779.98223877,237311,68413,29.2857,8.3936,20.8921,36.1388,0.57811,0.8324,1.1083,1.3315
20260810_044420-g1_29dof_wbt_iql_manager_seed2-locomotion,iql,55000,2,55000,3f2276ec2f2a39e4,-779.98223877,168808,33814,19.8422,8.0388,11.8035,36.1388,0.32661,0.8879,1.0019,1.1283
20260810_044420-g1_29dof_wbt_iql_manager_seed2-locomotion,iql,55000,4,55000,3f2276ec2f2a39e4,-779.98223877,35214,133999,16.8397,4.1896,12.6501,36.1388,0.35004,0.8564,0.9736,1.1369
20260810_044420-g1_29dof_wbt_iql_manager_seed2-locomotion,iql,55000,5,55000,3f2276ec2f2a39e4,-779.98223877,40938,30344,20.2426,2.8108,17.4318,36.1388,0.48236,0.8956,1.0691,1.1937
20260810_044420-g1_29dof_wbt_iql_manager_seed2-locomotion,iql,55000,6,55000,3f2276ec2f2a39e4,-779.98223877,51996,11915,23.3284,6.055,17.2734,36.1388,0.47797,0.926,1.0764,1.1624
20260810_044420-g1_29dof_wbt_iql_manager_seed2-locomotion,iql,55000,7,55000,3f2276ec2f2a39e4,-779.98223877,64933,19513,22.7332,9.265,13.4682,36.1388,0.37268,0.8923,1.0442,1.1702
20260810_044420-g1_29dof_wbt_iql_manager_seed2-locomotion,iql,55000,11,55000,3f2276ec2f2a39e4,-779.98223877,76763,39227,15.6308,7.2206,8.4102,36.1388,0.23272,0.9511,1.0252,1.0779
20260810_044420-g1_29dof_wbt_iql_manager_seed2-locomotion,iql,55000,12,55000,3f2276ec2f2a39e4,-779.98223877,33583,82841,14.6093,6.4013,8.208,36.1388,0.22713,0.9275,1.0153,1.0947
20260810_044420-g1_29dof_wbt_iql_manager_seed2-locomotion,iql,55000,13,55000,3f2276ec2f2a39e4,-779.98223877,29838,52509,16.4705,3.2613,13.2092,36.1388,0.36551,0.8697,1.0342,1.1891
20260810_044420-g1_29dof_wbt_iql_manager_seed2-locomotion,iql,55000,14,55000,3f2276ec2f2a39e4,-779.98223877,36307,14110,20.7485,3.8978,16.8507,36.1388,0.46628,0.9146,1.1446,1.2515
20260810_044420-g1_29dof_wbt_iql_manager_seed2-locomotion,iql,56000,0,56000,f3c76d9c9e9ae34d,-784.196289062,237311,68413,28.5609,7.8385,20.7224,35.595,0.58217,0.834,1.1084,1.3291
20260810_044420-g1_29dof_wbt_iql_manager_seed2-locomotion,iql,56000,2,56000,f3c76d9c9e9ae34d,-784.196289062,168808,33814,18.3057,6.8976,11.4081,35.595,0.3205,0.8914,1.0067,1.1293
20260810_044420-g1_29dof_wbt_iql_manager_seed2-locomotion,iql,56000,4,56000,f3c76d9c9e9ae34d,-784.196289062,35214,133999,16.1027,4.0339,12.0687,35.595,0.33906,0.8619,0.9762,1.1326
20260810_044420-g1_29dof_wbt_iql_manager_seed2-locomotion,iql,56000,5,56000,f3c76d9c9e9ae34d,-784.196289062,40938,30344,19.1953,2.5759,16.6195,35.595,0.46691,0.899,1.0697,1.1898
20260810_044420-g1_29dof_wbt_iql_manager_seed2-locomotion,iql,56000,6,56000,f3c76d9c9e9ae34d,-784.196289062,51996,11915,22.7026,5.6674,17.0352,35.595,0.47858,0.9244,1.0768,1.1648
20260810_044420-g1_29dof_wbt_iql_manager_seed2-locomotion,iql,56000,7,56000,f3c76d9c9e9ae34d,-784.196289062,64933,19513,21.7164,8.5341,13.1823,35.595,0.37034,0.893,1.0441,1.1692
20260810_044420-g1_29dof_wbt_iql_manager_seed2-locomotion,iql,56000,11,56000,f3c76d9c9e9ae34d,-784.196289062,76763,39227,14.6791,6.7919,7.8872,35.595,0.22158,0.9501,1.0268,1.0807
20260810_044420-g1_29dof_wbt_iql_manager_seed2-locomotion,iql,56000,12,56000,f3c76d9c9e9ae34d,-784.196289062,33583,82841,14.3857,6.6276,7.7581,35.595,0.21795,0.9265,1.0167,1.0974
20260810_044420-g1_29dof_wbt_iql_manager_seed2-locomotion,iql,56000,13,56000,f3c76d9c9e9ae34d,-784.196289062,29838,52509,15.3521,3.1097,12.2424,35.595,0.34394,0.873,1.0343,1.1847
20260810_044420-g1_29dof_wbt_iql_manager_seed2-locomotion,iql,56000,14,56000,f3c76d9c9e9ae34d,-784.196289062,36307,14110,19.5368,3.6604,15.8764,35.595,0.44603,0.9182,1.1517,1.2544
20260810_044420-g1_29dof_wbt_iql_manager_seed2-locomotion,iql,57000,0,57000,2f334be2373796d0,-796.658752441,237311,68413,29.8833,9.1742,20.7091,36.5907,0.56597,0.8321,1.109,1.3328
20260810_044420-g1_29dof_wbt_iql_manager_seed2-locomotion,iql,57000,2,57000,2f334be2373796d0,-796.658752441,168808,33814,19.7299,8.1641,11.5658,36.5907,0.31608,0.8875,1.0026,1.1297
20260810_044420-g1_29dof_wbt_iql_manager_seed2-locomotion,iql,57000,4,57000,2f334be2373796d0,-796.658752441,35214,133999,17.1643,4.4515,12.7128,36.5907,0.34743,0.8596,0.9741,1.1332
20260810_044420-g1_29dof_wbt_iql_manager_seed2-locomotion,iql,57000,5,57000,2f334be2373796d0,-796.658752441,40938,30344,20.2544,2.9791,17.2753,36.5907,0.47212,0.8935,1.0678,1.1951
20260810_044420-g1_29dof_wbt_iql_manager_seed2-locomotion,iql,57000,6,57000,2f334be2373796d0,-796.658752441,51996,11915,23.592,6.1772,17.4148,36.5907,0.47593,0.9254,1.0757,1.1624
20260810_044420-g1_29dof_wbt_iql_manager_seed2-locomotion,iql,57000,7,57000,2f334be2373796d0,-796.658752441,64933,19513,22.4597,8.8187,13.6409,36.5907,0.3728,0.8951,1.0406,1.1626
20260810_044420-g1_29dof_wbt_iql_manager_seed2-locomotion,iql,57000,11,57000,2f334be2373796d0,-796.658752441,76763,39227,14.9896,7.1726,7.817,36.5907,0.21363,0.9579,1.0296,1.0748
20260810_044420-g1_29dof_wbt_iql_manager_seed2-locomotion,iql,57000,12,57000,2f334be2373796d0,-796.658752441,33583,82841,14.7379,6.832,7.9059,36.5907,0.21606,0.9294,1.0174,1.0946
20260810_044420-g1_29dof_wbt_iql_manager_seed2-locomotion,iql,57000,13,57000,2f334be2373796d0,-796.658752441,29838,52509,16.7152,3.4213,13.2939,36.5907,0.36331,0.8703,1.0326,1.1864
20260810_044420-g1_29dof_wbt_iql_manager_seed2-locomotion,iql,57000,14,57000,2f334be2373796d0,-796.658752441,36307,14110,21.5787,4.9266,16.6521,36.5907,0.45509,0.917,1.1548,1.2593
20260810_044420-g1_29dof_wbt_iql_manager_seed2-locomotion,iql,58000,0,58000,c24ed8bfc9bc3708,-808.036437988,237311,68413,28.2465,8.0408,20.2057,34.8118,0.58043,0.8321,1.1069,1.3303
20260810_044420-g1_29dof_wbt_iql_manager_seed2-locomotion,iql,58000,2,58000,c24ed8bfc9bc3708,-808.036437988,168808,33814,18.5049,7.6753,10.8295,34.8118,0.31109,0.8872,1.0035,1.1311
20260810_044420-g1_29dof_wbt_iql_manager_seed2-locomotion,iql,58000,4,58000,c24ed8bfc9bc3708,-808.036437988,35214,133999,16.3307,4.1465,12.1842,34.8118,0.35,0.8607,0.9751,1.133
20260810_044420-g1_29dof_wbt_iql_manager_seed2-locomotion,iql,58000,5,58000,c24ed8bfc9bc3708,-808.036437988,40938,30344,19.4352,2.9013,16.5338,34.8118,0.47495,0.8962,1.0705,1.1946
20260810_044420-g1_29dof_wbt_iql_manager_seed2-locomotion,iql,58000,6,58000,c24ed8bfc9bc3708,-808.036437988,51996,11915,22.3366,6.0363,16.3003,34.8118,0.46824,0.9275,1.0785,1.1628
20260810_044420-g1_29dof_wbt_iql_manager_seed2-locomotion,iql,58000,7,58000,c24ed8bfc9bc3708,-808.036437988,64933,19513,21.5709,8.8083,12.7626,34.8118,0.36662,0.8973,1.0434,1.1628
20260810_044420-g1_29dof_wbt_iql_manager_seed2-locomotion,iql,58000,11,58000,c24ed8bfc9bc3708,-808.036437988,76763,39227,14.4299,6.6877,7.7422,34.8118,0.2224,0.9524,1.0264,1.0777
20260810_044420-g1_29dof_wbt_iql_manager_seed2-locomotion,iql,58000,12,58000,c24ed8bfc9bc3708,-808.036437988,33583,82841,13.746,6.1205,7.6255,34.8118,0.21905,0.9287,1.019,1.0972
20260810_044420-g1_29dof_wbt_iql_manager_seed2-locomotion,iql,58000,13,58000,c24ed8bfc9bc3708,-808.036437988,29838,52509,15.7888,3.181,12.6078,34.8118,0.36217,0.8712,1.0338,1.1867
20260810_044420-g1_29dof_wbt_iql_manager_seed2-locomotion,iql,58000,14,58000,c24ed8bfc9bc3708,-808.036437988,36307,14110,20.1255,4.3491,15.7765,34.8118,0.45319,0.9192,1.1538,1.2552
20260810_044420-g1_29dof_wbt_iql_manager_seed2-locomotion,iql,59000,0,59000,bafa1153629468c4,-820.237487793,237311,68413,28.6269,7.7982,20.8287,35.7797,0.58214,0.8309,1.106,1.331
20260810_044420-g1_29dof_wbt_iql_manager_seed2-locomotion,iql,59000,2,59000,bafa1153629468c4,-820.237487793,168808,33814,18.2354,6.8265,11.4089,35.7797,0.31886,0.888,1.001,1.1273
20260810_044420-g1_29dof_wbt_iql_manager_seed2-locomotion,iql,59000,4,59000,bafa1153629468c4,-820.237487793,35214,133999,17.045,3.9248,13.1203,35.7797,0.3667,0.8607,0.974,1.1316
20260810_044420-g1_29dof_wbt_iql_manager_seed2-locomotion,iql,59000,5,59000,bafa1153629468c4,-820.237487793,40938,30344,20.3294,2.5529,17.7766,35.7797,0.49683,0.8939,1.0667,1.1933
20260810_044420-g1_29dof_wbt_iql_manager_seed2-locomotion,iql,59000,6,59000,bafa1153629468c4,-820.237487793,51996,11915,23.371,5.9052,17.4658,35.7797,0.48815,0.9242,1.0759,1.1641
20260810_044420-g1_29dof_wbt_iql_manager_seed2-locomotion,iql,59000,7,59000,bafa1153629468c4,-820.237487793,64933,19513,22.3944,8.8031,13.5912,35.7797,0.37986,0.8923,1.0395,1.1649
20260810_044420-g1_29dof_wbt_iql_manager_seed2-locomotion,iql,59000,11,59000,bafa1153629468c4,-820.237487793,76763,39227,15.0119,6.8771,8.1348,35.7797,0.22736,0.9508,1.0234,1.0764
20260810_044420-g1_29dof_wbt_iql_manager_seed2-locomotion,iql,59000,12,59000,bafa1153629468c4,-820.237487793,33583,82841,14.6536,6.4572,8.1964,35.7797,0.22908,0.9286,1.0204,1.0989
20260810_044420-g1_29dof_wbt_iql_manager_seed2-locomotion,iql,59000,13,59000,bafa1153629468c4,-820.237487793,29838,52509,16.2426,2.8522,13.3904,35.7797,0.37425,0.8665,1.029,1.1875
20260810_044420-g1_29dof_wbt_iql_manager_seed2-locomotion,iql,59000,14,59000,bafa1153629468c4,-820.237487793,36307,14110,20.6833,3.9418,16.7415,35.7797,0.46791,0.9126,1.144,1.2535
20260810_044420-g1_29dof_wbt_iql_manager_seed2-locomotion,iql,60000,0,60000,f17b678b39de9e4a,-828.887451172,237311,68413,28.7296,8.4549,20.2748,35.3705,0.57321,0.8323,1.106,1.3288
20260810_044420-g1_29dof_wbt_iql_manager_seed2-locomotion,iql,60000,2,60000,f17b678b39de9e4a,-828.887451172,168808,33814,18.5835,7.6921,10.8914,35.3705,0.30792,0.8875,1.0035,1.1306
20260810_044420-g1_29dof_wbt_iql_manager_seed2-locomotion,iql,60000,4,60000,f17b678b39de9e4a,-828.887451172,35214,133999,16.1988,3.8834,12.3153,35.3705,0.34818,0.8569,0.9744,1.1372
20260810_044420-g1_29dof_wbt_iql_manager_seed2-locomotion,iql,60000,5,60000,f17b678b39de9e4a,-828.887451172,40938,30344,19.5947,2.5413,17.0534,35.3705,0.48214,0.8918,1.0646,1.1938
20260810_044420-g1_29dof_wbt_iql_manager_seed2-locomotion,iql,60000,6,60000,f17b678b39de9e4a,-828.887451172,51996,11915,22.8056,6.0722,16.7334,35.3705,0.47309,0.9243,1.0765,1.1647
20260810_044420-g1_29dof_wbt_iql_manager_seed2-locomotion,iql,60000,7,60000,f17b678b39de9e4a,-828.887451172,64933,19513,22.1214,8.4939,13.6275,35.3705,0.38528,0.8925,1.0369,1.1619
20260810_044420-g1_29dof_wbt_iql_manager_seed2-locomotion,iql,60000,11,60000,f17b678b39de9e4a,-828.887451172,76763,39227,14.6094,6.3767,8.2327,35.3705,0.23276,0.953,1.027,1.0777
20260810_044420-g1_29dof_wbt_iql_manager_seed2-locomotion,iql,60000,12,60000,f17b678b39de9e4a,-828.887451172,33583,82841,14.4183,6.3233,8.0951,35.3705,0.22887,0.9283,1.0204,1.0992
20260810_044420-g1_29dof_wbt_iql_manager_seed2-locomotion,iql,60000,13,60000,f17b678b39de9e4a,-828.887451172,29838,52509,16.3583,3.0463,13.312,35.3705,0.37636,0.8677,1.0317,1.1889
20260810_044420-g1_29dof_wbt_iql_manager_seed2-locomotion,iql,60000,14,60000,f17b678b39de9e4a,-828.887451172,36307,14110,20.3616,4.2614,16.1002,35.3705,0.45519,0.9141,1.1466,1.2544
20260810_044420-g1_29dof_wbt_iql_manager_seed2-locomotion,iql,61000,0,61000,9f5f08e0609e1da1,-840.408447266,237311,68413,28.8521,8.2068,20.6453,35.8039,0.57662,0.8324,1.1059,1.3287
20260810_044420-g1_29dof_wbt_iql_manager_seed2-locomotion,iql,61000,2,61000,9f5f08e0609e1da1,-840.408447266,168808,33814,18.3632,7.1075,11.2558,35.8039,0.31437,0.8873,0.9996,1.1266
20260810_044420-g1_29dof_wbt_iql_manager_seed2-locomotion,iql,61000,4,61000,9f5f08e0609e1da1,-840.408447266,35214,133999,16.5397,3.7712,12.7685,35.8039,0.35662,0.8617,0.9742,1.1306
20260810_044420-g1_29dof_wbt_iql_manager_seed2-locomotion,iql,61000,5,61000,9f5f08e0609e1da1,-840.408447266,40938,30344,19.5967,2.2993,17.2974,35.8039,0.48312,0.8983,1.0672,1.188
20260810_044420-g1_29dof_wbt_iql_manager_seed2-locomotion,iql,61000,6,61000,9f5f08e0609e1da1,-840.408447266,51996,11915,22.8071,5.2681,17.539,35.8039,0.48986,0.9242,1.0737,1.1618
20260810_044420-g1_29dof_wbt_iql_manager_seed2-locomotion,iql,61000,7,61000,9f5f08e0609e1da1,-840.408447266,64933,19513,22.1067,8.5597,13.547,35.8039,0.37837,0.8951,1.0397,1.1616
20260810_044420-g1_29dof_wbt_iql_manager_seed2-locomotion,iql,61000,11,61000,9f5f08e0609e1da1,-840.408447266,76763,39227,14.5974,6.6454,7.952,35.8039,0.2221,0.9522,1.0227,1.0741
20260810_044420-g1_29dof_wbt_iql_manager_seed2-locomotion,iql,61000,12,61000,9f5f08e0609e1da1,-840.408447266,33583,82841,14.8666,6.6527,8.2139,35.8039,0.22941,0.9278,1.0158,1.0949
20260810_044420-g1_29dof_wbt_iql_manager_seed2-locomotion,iql,61000,13,61000,9f5f08e0609e1da1,-840.408447266,29838,52509,16.4881,2.9525,13.5356,35.8039,0.37805,0.8754,1.0353,1.1826
20260810_044420-g1_29dof_wbt_iql_manager_seed2-locomotion,iql,61000,14,61000,9f5f08e0609e1da1,-840.408447266,36307,14110,20.1796,3.4042,16.7754,35.8039,0.46854,0.9174,1.1479,1.2513
20260810_044420-g1_29dof_wbt_iql_manager_seed2-locomotion,iql,62000,0,62000,2567fcb143f6f155,-854.13293457,237311,68413,28.8863,7.994,20.8922,35.7869,0.5838,0.8317,1.1055,1.3291
20260810_044420-g1_29dof_wbt_iql_manager_seed2-locomotion,iql,62000,2,62000,2567fcb143f6f155,-854.13293457,168808,33814,18.7128,7.0347,11.678,35.7869,0.32632,0.8893,1.0062,1.1315
20260810_044420-g1_29dof_wbt_iql_manager_seed2-locomotion,iql,62000,4,62000,2567fcb143f6f155,-854.13293457,35214,133999,16.6008,3.6206,12.9802,35.7869,0.36271,0.8622,0.9769,1.133
20260810_044420-g1_29dof_wbt_iql_manager_seed2-locomotion,iql,62000,5,62000,2567fcb143f6f155,-854.13293457,40938,30344,20.1009,2.4281,17.6728,35.7869,0.49383,0.8964,1.0675,1.1908
20260810_044420-g1_29dof_wbt_iql_manager_seed2-locomotion,iql,62000,6,62000,2567fcb143f6f155,-854.13293457,51996,11915,22.8299,5.5232,17.3067,35.7869,0.4836,0.9258,1.0745,1.1606
20260810_044420-g1_29dof_wbt_iql_manager_seed2-locomotion,iql,62000,7,62000,2567fcb143f6f155,-854.13293457,64933,19513,22.163,8.2405,13.9225,35.7869,0.38904,0.8937,1.0387,1.1624
20260810_044420-g1_29dof_wbt_iql_manager_seed2-locomotion,iql,62000,11,62000,2567fcb143f6f155,-854.13293457,76763,39227,14.7462,6.5152,8.231,35.7869,0.23,0.9529,1.0236,1.0742
20260810_044420-g1_29dof_wbt_iql_manager_seed2-locomotion,iql,62000,12,62000,2567fcb143f6f155,-854.13293457,33583,82841,14.6313,6.3271,8.3043,35.7869,0.23205,0.9299,1.0205,1.0974
20260810_044420-g1_29dof_wbt_iql_manager_seed2-locomotion,iql,62000,13,62000,2567fcb143f6f155,-854.13293457,29838,52509,16.8312,2.9642,13.867,35.7869,0.38749,0.8724,1.0329,1.1839
20260810_044420-g1_29dof_wbt_iql_manager_seed2-locomotion,iql,62000,14,62000,2567fcb143f6f155,-854.13293457,36307,14110,20.8702,3.9573,16.9129,35.7869,0.4726,0.9171,1.1488,1.2527
20260810_044420-g1_29dof_wbt_iql_manager_seed2-locomotion,iql,63000,0,63000,901fb749ab1ff9bf,-866.434082031,237311,68413,29.1735,8.4844,20.6891,36.2252,0.57112,0.8322,1.1062,1.3292
20260810_044420-g1_29dof_wbt_iql_manager_seed2-locomotion,iql,63000,2,63000,901fb749ab1ff9bf,-866.434082031,168808,33814,18.2502,7.1781,11.0721,36.2252,0.30565,0.89,1.0037,1.1278
20260810_044420-g1_29dof_wbt_iql_manager_seed2-locomotion,iql,63000,4,63000,901fb749ab1ff9bf,-866.434082031,35214,133999,16.3804,3.8929,12.4875,36.2252,0.34472,0.8624,0.9783,1.1344
20260810_044420-g1_29dof_wbt_iql_manager_seed2-locomotion,iql,63000,5,63000,901fb749ab1ff9bf,-866.434082031,40938,30344,20.2292,2.6498,17.5794,36.2252,0.48528,0.8954,1.069,1.1939
20260810_044420-g1_29dof_wbt_iql_manager_seed2-locomotion,iql,63000,6,63000,901fb749ab1ff9bf,-866.434082031,51996,11915,23.1971,6.2456,16.9515,36.2252,0.46795,0.9279,1.0791,1.1629
20260810_044420-g1_29dof_wbt_iql_manager_seed2-locomotion,iql,63000,7,63000,901fb749ab1ff9bf,-866.434082031,64933,19513,22.0598,8.6657,13.3941,36.2252,0.36975,0.8945,1.0406,1.1633
20260810_044420-g1_29dof_wbt_iql_manager_seed2-locomotion,iql,63000,11,63000,901fb749ab1ff9bf,-866.434082031,76763,39227,14.833,6.9282,7.9048,36.2252,0.21821,0.9533,1.025,1.0752
20260810_044420-g1_29dof_wbt_iql_manager_seed2-locomotion,iql,63000,12,63000,901fb749ab1ff9bf,-866.434082031,33583,82841,14.6437,6.557,8.0867,36.2252,0.22323,0.9314,1.0208,1.096
20260810_044420-g1_29dof_wbt_iql_manager_seed2-locomotion,iql,63000,13,63000,901fb749ab1ff9bf,-866.434082031,29838,52509,16.5796,3.046,13.5336,36.2252,0.3736,0.8728,1.0345,1.1853
20260810_044420-g1_29dof_wbt_iql_manager_seed2-locomotion,iql,63000,14,63000,901fb749ab1ff9bf,-866.434082031,36307,14110,21.1369,4.3009,16.8359,36.2252,0.46476,0.9171,1.1476,1.2513
20260810_044420-g1_29dof_wbt_iql_manager_seed2-locomotion,iql,64000,0,64000,c56287e44421cea8,-876.906799316,237311,68413,29.0489,8.1884,20.8605,36.352,0.57385,0.8331,1.1053,1.3266
20260810_044420-g1_29dof_wbt_iql_manager_seed2-locomotion,iql,64000,2,64000,c56287e44421cea8,-876.906799316,168808,33814,19.1853,7.8452,11.3401,36.352,0.31195,0.8896,1.0034,1.128
20260810_044420-g1_29dof_wbt_iql_manager_seed2-locomotion,iql,64000,4,64000,c56287e44421cea8,-876.906799316,35214,133999,16.2083,3.4755,12.7328,36.352,0.35026,0.8639,0.9745,1.128
20260810_044420-g1_29dof_wbt_iql_manager_seed2-locomotion,iql,64000,5,64000,c56287e44421cea8,-876.906799316,40938,30344,19.6331,2.1258,17.5074,36.352,0.48161,0.9048,1.0664,1.1786
20260810_044420-g1_29dof_wbt_iql_manager_seed2-locomotion,iql,64000,6,64000,c56287e44421cea8,-876.906799316,51996,11915,23.0658,5.0831,17.9827,36.352,0.49468,0.9301,1.0784,1.1595
20260810_044420-g1_29dof_wbt_iql_manager_seed2-locomotion,iql,64000,7,64000,c56287e44421cea8,-876.906799316,64933,19513,22.3446,8.2267,14.1179,36.352,0.38837,0.8943,1.0381,1.1608
20260810_044420-g1_29dof_wbt_iql_manager_seed2-locomotion,iql,64000,11,64000,c56287e44421cea8,-876.906799316,76763,39227,14.7741,6.4391,8.335,36.352,0.22929,0.958,1.028,1.0732
20260810_044420-g1_29dof_wbt_iql_manager_seed2-locomotion,iql,64000,12,64000,c56287e44421cea8,-876.906799316,33583,82841,14.2328,6.0976,8.1352,36.352,0.22379,0.9309,1.0206,1.0964
20260810_044420-g1_29dof_wbt_iql_manager_seed2-locomotion,iql,64000,13,64000,c56287e44421cea8,-876.906799316,29838,52509,16.1717,2.5808,13.591,36.352,0.37387,0.8755,1.034,1.1811
20260810_044420-g1_29dof_wbt_iql_manager_seed2-locomotion,iql,64000,14,64000,c56287e44421cea8,-876.906799316,36307,14110,20.3558,3.0771,17.2787,36.352,0.47532,0.9202,1.1481,1.2477
20260810_044420-g1_29dof_wbt_iql_manager_seed2-locomotion,iql,65000,0,65000,4d0eabe176b53232,-884.966369629,237311,68413,28.6034,8.1811,20.4223,35.8882,0.56905,0.8338,1.1056,1.326
20260810_044420-g1_29dof_wbt_iql_manager_seed2-locomotion,iql,65000,2,65000,4d0eabe176b53232,-884.966369629,168808,33814,18.428,7.4317,10.9963,35.8882,0.3064,0.8895,1.0016,1.1259
20260810_044420-g1_29dof_wbt_iql_manager_seed2-locomotion,iql,65000,4,65000,4d0eabe176b53232,-884.966369629,35214,133999,16.7296,4.168,12.5617,35.8882,0.35002,0.8615,0.9744,1.1311
20260810_044420-g1_29dof_wbt_iql_manager_seed2-locomotion,iql,65000,5,65000,4d0eabe176b53232,-884.966369629,40938,30344,20.1366,2.9583,17.1783,35.8882,0.47866,0.8922,1.0633,1.1918
20260810_044420-g1_29dof_wbt_iql_manager_seed2-locomotion,iql,65000,6,65000,4d0eabe176b53232,-884.966369629,51996,11915,22.9384,6.6065,16.3319,35.8882,0.45508,0.9241,1.0743,1.1624
20260810_044420-g1_29dof_wbt_iql_manager_seed2-locomotion,iql,65000,7,65000,4d0eabe176b53232,-884.966369629,64933,19513,21.9675,8.8206,13.1469,35.8882,0.36633,0.8941,1.0398,1.1629
20260810_044420-g1_29dof_wbt_iql_manager_seed2-locomotion,iql,65000,11,65000,4d0eabe176b53232,-884.966369629,76763,39227,15.0816,6.9522,8.1294,35.8882,0.22652,0.9538,1.0283,1.0782
20260810_044420-g1_29dof_wbt_iql_manager_seed2-locomotion,iql,65000,12,65000,4d0eabe176b53232,-884.966369629,33583,82841,14.4244,6.4072,8.0172,35.8882,0.22339,0.9278,1.0178,1.097
20260810_044420-g1_29dof_wbt_iql_manager_seed2-locomotion,iql,65000,13,65000,4d0eabe176b53232,-884.966369629,29838,52509,16.597,3.2295,13.3675,35.8882,0.37248,0.8687,1.03,1.1856
20260810_044420-g1_29dof_wbt_iql_manager_seed2-locomotion,iql,65000,14,65000,4d0eabe176b53232,-884.966369629,36307,14110,20.6165,4.2819,16.3347,35.8882,0.45515,0.9128,1.1406,1.2496
20260810_044420-g1_29dof_wbt_iql_manager_seed2-locomotion,iql,66000,0,66000,0f90d11f6f8205f0,-892.71862793,237311,68413,28.4554,8.2853,20.17,35.1197,0.57432,0.8322,1.1068,1.33
20260810_044420-g1_29dof_wbt_iql_manager_seed2-locomotion,iql,66000,2,66000,0f90d11f6f8205f0,-892.71862793,168808,33814,18.6663,7.8272,10.8391,35.1197,0.30863,0.8895,1.0033,1.1279
20260810_044420-g1_29dof_wbt_iql_manager_seed2-locomotion,iql,66000,4,66000,0f90d11f6f8205f0,-892.71862793,35214,133999,16.1172,3.8098,12.3074,35.1197,0.35044,0.8603,0.9751,1.1334
20260810_044420-g1_29dof_wbt_iql_manager_seed2-locomotion,iql,66000,5,66000,0f90d11f6f8205f0,-892.71862793,40938,30344,19.5839,2.4125,17.1714,35.1197,0.48894,0.8945,1.0694,1.1956
20260810_044420-g1_29dof_wbt_iql_manager_seed2-locomotion,iql,66000,6,66000,0f90d11f6f8205f0,-892.71862793,51996,11915,22.5707,5.8631,16.7076,35.1197,0.47573,0.9248,1.0738,1.1611
20260810_044420-g1_29dof_wbt_iql_manager_seed2-locomotion,iql,66000,7,66000,0f90d11f6f8205f0,-892.71862793,64933,19513,21.6352,8.7201,12.9151,35.1197,0.36775,0.8928,1.0384,1.1632
20260810_044420-g1_29dof_wbt_iql_manager_seed2-locomotion,iql,66000,11,66000,0f90d11f6f8205f0,-892.71862793,76763,39227,13.8133,6.2474,7.5658,35.1197,0.21543,0.9551,1.0253,1.0735
20260810_044420-g1_29dof_wbt_iql_manager_seed2-locomotion,iql,66000,12,66000,0f90d11f6f8205f0,-892.71862793,33583,82841,14.0021,6.063,7.939,35.1197,0.22606,0.9266,1.0163,1.0968
20260810_044420-g1_29dof_wbt_iql_manager_seed2-locomotion,iql,66000,13,66000,0f90d11f6f8205f0,-892.71862793,29838,52509,16.3109,2.9143,13.3966,35.1197,0.38145,0.8699,1.0333,1.1879
20260810_044420-g1_29dof_wbt_iql_manager_seed2-locomotion,iql,66000,14,66000,0f90d11f6f8205f0,-892.71862793,36307,14110,20.3774,3.5447,16.8327,35.1197,0.47929,0.9155,1.1486,1.2546
20260810_044420-g1_29dof_wbt_iql_manager_seed2-locomotion,iql,67000,0,67000,2c2e7365ca086dce,-894.712402344,237311,68413,28.9362,8.1178,20.8183,35.9692,0.57878,0.8323,1.1064,1.3293
20260810_044420-g1_29dof_wbt_iql_manager_seed2-locomotion,iql,67000,2,67000,2c2e7365ca086dce,-894.712402344,168808,33814,19.4609,7.9809,11.48,35.9692,0.31916,0.8868,1.0043,1.1325
20260810_044420-g1_29dof_wbt_iql_manager_seed2-locomotion,iql,67000,4,67000,2c2e7365ca086dce,-894.712402344,35214,133999,16.1576,3.7821,12.3754,35.9692,0.34406,0.8581,0.9744,1.1355
20260810_044420-g1_29dof_wbt_iql_manager_seed2-locomotion,iql,67000,5,67000,2c2e7365ca086dce,-894.712402344,40938,30344,19.9043,2.5191,17.3852,35.9692,0.48334,0.8912,1.0667,1.197
20260810_044420-g1_29dof_wbt_iql_manager_seed2-locomotion,iql,67000,6,67000,2c2e7365ca086dce,-894.712402344,51996,11915,23.2536,5.7892,17.4644,35.9692,0.48554,0.9269,1.0773,1.1623
20260810_044420-g1_29dof_wbt_iql_manager_seed2-locomotion,iql,67000,7,67000,2c2e7365ca086dce,-894.712402344,64933,19513,22.5346,8.5288,14.0058,35.9692,0.38938,0.8927,1.0374,1.1622
20260810_044420-g1_29dof_wbt_iql_manager_seed2-locomotion,iql,67000,11,67000,2c2e7365ca086dce,-894.712402344,76763,39227,15.0987,6.9713,8.1275,35.9692,0.22596,0.9522,1.0247,1.0762
20260810_044420-g1_29dof_wbt_iql_manager_seed2-locomotion,iql,67000,12,67000,2c2e7365ca086dce,-894.712402344,33583,82841,14.2543,6.2366,8.0177,35.9692,0.2229,0.9256,1.0148,1.0963
20260810_044420-g1_29dof_wbt_iql_manager_seed2-locomotion,iql,67000,13,67000,2c2e7365ca086dce,-894.712402344,29838,52509,15.9439,2.9251,13.0189,35.9692,0.36194,0.8666,1.0322,1.191
20260810_044420-g1_29dof_wbt_iql_manager_seed2-locomotion,iql,67000,14,67000,2c2e7365ca086dce,-894.712402344,36307,14110,20.6939,3.8102,16.8836,35.9692,0.46939,0.9135,1.1487,1.2575
20260810_044420-g1_29dof_wbt_iql_manager_seed2-locomotion,iql,68000,0,68000,e83a3badb7689d90,-907.040161133,237311,68413,28.9231,8.5635,20.3596,35.7246,0.5699,0.8316,1.1041,1.3277
20260810_044420-g1_29dof_wbt_iql_manager_seed2-locomotion,iql,68000,2,68000,e83a3badb7689d90,-907.040161133,168808,33814,18.4368,7.2613,11.1755,35.7246,0.31282,0.8882,1.0002,1.1261
20260810_044420-g1_29dof_wbt_iql_manager_seed2-locomotion,iql,68000,4,68000,e83a3badb7689d90,-907.040161133,35214,133999,15.6125,3.8017,11.8108,35.7246,0.33061,0.8593,0.9741,1.1336
20260810_044420-g1_29dof_wbt_iql_manager_seed2-locomotion,iql,68000,5,68000,e83a3badb7689d90,-907.040161133,40938,30344,18.7923,2.2716,16.5207,35.7246,0.46245,0.8985,1.0707,1.1916
20260810_044420-g1_29dof_wbt_iql_manager_seed2-locomotion,iql,68000,6,68000,e83a3badb7689d90,-907.040161133,51996,11915,22.1287,4.8627,17.2661,35.7246,0.48331,0.9295,1.0812,1.1633
20260810_044420-g1_29dof_wbt_iql_manager_seed2-locomotion,iql,68000,7,68000,e83a3badb7689d90,-907.040161133,64933,19513,21.8854,8.5111,13.3743,35.7246,0.37437,0.8923,1.0381,1.1634
20260810_044420-g1_29dof_wbt_iql_manager_seed2-locomotion,iql,68000,11,68000,e83a3badb7689d90,-907.040161133,76763,39227,14.26,6.3819,7.8782,35.7246,0.22052,0.95,1.0247,1.0786
20260810_044420-g1_29dof_wbt_iql_manager_seed2-locomotion,iql,68000,12,68000,e83a3badb7689d90,-907.040161133,33583,82841,14.097,6.2509,7.846,35.7246,0.21963,0.9261,1.0149,1.096
20260810_044420-g1_29dof_wbt_iql_manager_seed2-locomotion,iql,68000,13,68000,e83a3badb7689d90,-907.040161133,29838,52509,14.8561,2.6603,12.1958,35.7246,0.34138,0.8725,1.0322,1.1831
20260810_044420-g1_29dof_wbt_iql_manager_seed2-locomotion,iql,68000,14,68000,e83a3badb7689d90,-907.040161133,36307,14110,19.4284,3.1892,16.2392,35.7246,0.45457,0.9202,1.1517,1.2517
20260810_044420-g1_29dof_wbt_iql_manager_seed2-locomotion,iql,69000,0,69000,69ea01a67ff8f0e3,-917.197509766,237311,68413,28.8111,7.9672,20.8439,36.1595,0.57644,0.8315,1.1027,1.3261
20260810_044420-g1_29dof_wbt_iql_manager_seed2-locomotion,iql,69000,2,69000,69ea01a67ff8f0e3,-917.197509766,168808,33814,18.668,7.5335,11.1345,36.1595,0.30793,0.8892,1.0028,1.1278
20260810_044420-g1_29dof_wbt_iql_manager_seed2-locomotion,iql,69000,4,69000,69ea01a67ff8f0e3,-917.197509766,35214,133999,16.6049,3.8986,12.7063,36.1595,0.3514,0.8589,0.9713,1.1309
20260810_044420-g1_29dof_wbt_iql_manager_seed2-locomotion,iql,69000,5,69000,69ea01a67ff8f0e3,-917.197509766,40938,30344,20.1099,2.5701,17.5398,36.1595,0.48507,0.8976,1.0645,1.1859
20260810_044420-g1_29dof_wbt_iql_manager_seed2-locomotion,iql,69000,6,69000,69ea01a67ff8f0e3,-917.197509766,51996,11915,22.9659,5.9146,17.0513,36.1595,0.47156,0.9242,1.0721,1.16
20260810_044420-g1_29dof_wbt_iql_manager_seed2-locomotion,iql,69000,7,69000,69ea01a67ff8f0e3,-917.197509766,64933,19513,22.3039,8.6762,13.6277,36.1595,0.37688,0.8954,1.0363,1.1574
20260810_044420-g1_29dof_wbt_iql_manager_seed2-locomotion,iql,69000,11,69000,69ea01a67ff8f0e3,-917.197509766,76763,39227,14.8686,6.8939,7.9746,36.1595,0.22054,0.9514,1.0229,1.0752
20260810_044420-g1_29dof_wbt_iql_manager_seed2-locomotion,iql,69000,12,69000,69ea01a67ff8f0e3,-917.197509766,33583,82841,14.2927,6.3134,7.9793,36.1595,0.22067,0.9267,1.0168,1.0972
20260810_044420-g1_29dof_wbt_iql_manager_seed2-locomotion,iql,69000,13,69000,69ea01a67ff8f0e3,-917.197509766,29838,52509,16.7449,3.036,13.7089,36.1595,0.37912,0.8695,1.0291,1.1836
20260810_044420-g1_29dof_wbt_iql_manager_seed2-locomotion,iql,69000,14,69000,69ea01a67ff8f0e3,-917.197509766,36307,14110,20.8562,4.0124,16.8438,36.1595,0.46582,0.9174,1.1468,1.2501
20260810_044420-g1_29dof_wbt_iql_manager_seed2-locomotion,iql,70000,0,70000,dcc37a0e81673dc2,-929.483276367,237311,68413,28.2951,7.9588,20.3363,35.3558,0.57519,0.8313,1.1027,1.3264
20260810_044420-g1_29dof_wbt_iql_manager_seed2-locomotion,iql,70000,2,70000,dcc37a0e81673dc2,-929.483276367,168808,33814,17.7321,6.8374,10.8947,35.3558,0.30815,0.8875,0.9989,1.1256
20260810_044420-g1_29dof_wbt_iql_manager_seed2-locomotion,iql,70000,4,70000,dcc37a0e81673dc2,-929.483276367,35214,133999,16.3074,3.7887,12.5187,35.3558,0.35408,0.8592,0.9766,1.1367
20260810_044420-g1_29dof_wbt_iql_manager_seed2-locomotion,iql,70000,5,70000,dcc37a0e81673dc2,-929.483276367,40938,30344,19.8525,2.5493,17.3033,35.3558,0.4894,0.8913,1.0664,1.1965
20260810_044420-g1_29dof_wbt_iql_manager_seed2-locomotion,iql,70000,6,70000,dcc37a0e81673dc2,-929.483276367,51996,11915,22.8153,6.0012,16.8142,35.3558,0.47557,0.9242,1.0712,1.159
20260810_044420-g1_29dof_wbt_iql_manager_seed2-locomotion,iql,70000,7,70000,dcc37a0e81673dc2,-929.483276367,64933,19513,21.8487,8.4286,13.4202,35.3558,0.37958,0.8932,1.0351,1.1589
20260810_044420-g1_29dof_wbt_iql_manager_seed2-locomotion,iql,70000,11,70000,dcc37a0e81673dc2,-929.483276367,76763,39227,13.6941,6.1774,7.5168,35.3558,0.2126,0.9522,1.026,1.0774
20260810_044420-g1_29dof_wbt_iql_manager_seed2-locomotion,iql,70000,12,70000,dcc37a0e81673dc2,-929.483276367,33583,82841,13.4833,5.7837,7.6996,35.3558,0.21777,0.9276,1.0147,1.0939
20260810_044420-g1_29dof_wbt_iql_manager_seed2-locomotion,iql,70000,13,70000,dcc37a0e81673dc2,-929.483276367,29838,52509,16.0625,2.8815,13.181,35.3558,0.37281,0.8671,1.0304,1.1883
20260810_044420-g1_29dof_wbt_iql_manager_seed2-locomotion,iql,70000,14,70000,dcc37a0e81673dc2,-929.483276367,36307,14110,20.5943,4.0685,16.5258,35.3558,0.46741,0.9131,1.1392,1.2476
20260810_044420-g1_29dof_wbt_iql_manager_seed2-locomotion,iql,71000,0,71000,6ed29d89605d2e5c,-930.520812988,237311,68413,28.6238,7.6812,20.9426,35.7726,0.58544,0.8324,1.1039,1.3261
20260810_044420-g1_29dof_wbt_iql_manager_seed2-locomotion,iql,71000,2,71000,6ed29d89605d2e5c,-930.520812988,168808,33814,18.4786,7.246,11.2326,35.7726,0.314,0.8889,1.0047,1.1303
20260810_044420-g1_29dof_wbt_iql_manager_seed2-locomotion,iql,71000,4,71000,6ed29d89605d2e5c,-930.520812988,35214,133999,16.3158,3.9679,12.3479,35.7726,0.34518,0.8585,0.9733,1.1338
20260810_044420-g1_29dof_wbt_iql_manager_seed2-locomotion,iql,71000,5,71000,6ed29d89605d2e5c,-930.520812988,40938,30344,19.5607,2.6412,16.9195,35.7726,0.47297,0.8966,1.0654,1.1882
20260810_044420-g1_29dof_wbt_iql_manager_seed2-locomotion,iql,71000,6,71000,6ed29d89605d2e5c,-930.520812988,51996,11915,22.3102,5.4488,16.8614,35.7726,0.47135,0.9245,1.074,1.1618
20260810_044420-g1_29dof_wbt_iql_manager_seed2-locomotion,iql,71000,7,71000,6ed29d89605d2e5c,-930.520812988,64933,19513,21.2471,7.8955,13.3516,35.7726,0.37323,0.8948,1.0321,1.1535
20260810_044420-g1_29dof_wbt_iql_manager_seed2-locomotion,iql,71000,11,71000,6ed29d89605d2e5c,-930.520812988,76763,39227,14.1367,6.4438,7.6929,35.7726,0.21505,0.9506,1.0213,1.0744
20260810_044420-g1_29dof_wbt_iql_manager_seed2-locomotion,iql,71000,12,71000,6ed29d89605d2e5c,-930.520812988,33583,82841,13.9096,6.1175,7.7921,35.7726,0.21782,0.9269,1.0146,1.0946
20260810_044420-g1_29dof_wbt_iql_manager_seed2-locomotion,iql,71000,13,71000,6ed29d89605d2e5c,-930.520812988,29838,52509,16.0344,3.0247,13.0096,35.7726,0.36367,0.8693,1.0314,1.1865
20260810_044420-g1_29dof_wbt_iql_manager_seed2-locomotion,iql,71000,14,71000,6ed29d89605d2e5c,-930.520812988,36307,14110,20.1468,3.8879,16.2589,35.7726,0.45451,0.9168,1.144,1.2477
20260810_044420-g1_29dof_wbt_iql_manager_seed2-locomotion,iql,72000,0,72000,3e84979d5d26eed4,-941.66973877,237311,68413,28.9378,7.808,21.1297,36.1416,0.58464,0.8329,1.1036,1.3251
20260810_044420-g1_29dof_wbt_iql_manager_seed2-locomotion,iql,72000,2,72000,3e84979d5d26eed4,-941.66973877,168808,33814,18.3218,6.9489,11.3729,36.1416,0.31468,0.8903,0.9999,1.1231
20260810_044420-g1_29dof_wbt_iql_manager_seed2-locomotion,iql,72000,4,72000,3e84979d5d26eed4,-941.66973877,35214,133999,16.3413,3.6659,12.6754,36.1416,0.35072,0.858,0.9745,1.1358
20260810_044420-g1_29dof_wbt_iql_manager_seed2-locomotion,iql,72000,5,72000,3e84979d5d26eed4,-941.66973877,40938,30344,19.9553,2.3163,17.639,36.1416,0.48805,0.8922,1.067,1.1959
20260810_044420-g1_29dof_wbt_iql_manager_seed2-locomotion,iql,72000,6,72000,3e84979d5d26eed4,-941.66973877,51996,11915,23.1285,5.3603,17.7682,36.1416,0.49163,0.9241,1.071,1.1589
20260810_044420-g1_29dof_wbt_iql_manager_seed2-locomotion,iql,72000,7,72000,3e84979d5d26eed4,-941.66973877,64933,19513,22.286,8.4949,13.791,36.1416,0.38158,0.8952,1.0348,1.156
20260810_044420-g1_29dof_wbt_iql_manager_seed2-locomotion,iql,72000,11,72000,3e84979d5d26eed4,-941.66973877,76763,39227,14.3348,6.3776,7.9572,36.1416,0.22017,0.9523,1.0234,1.0746
20260810_044420-g1_29dof_wbt_iql_manager_seed2-locomotion,iql,72000,12,72000,3e84979d5d26eed4,-941.66973877,33583,82841,14.0273,6.0749,7.9524,36.1416,0.22003,0.9274,1.0172,1.0968
20260810_044420-g1_29dof_wbt_iql_manager_seed2-locomotion,iql,72000,13,72000,3e84979d5d26eed4,-941.66973877,29838,52509,15.8579,2.7242,13.1337,36.1416,0.3634,0.8682,1.0339,1.1908
20260810_044420-g1_29dof_wbt_iql_manager_seed2-locomotion,iql,72000,14,72000,3e84979d5d26eed4,-941.66973877,36307,14110,20.5957,3.4606,17.1351,36.1416,0.47411,0.9131,1.1439,1.2529
20260810_044420-g1_29dof_wbt_iql_manager_seed2-locomotion,iql,73000,0,73000,a431a5326c5a8138,-952.383300781,237311,68413,28.2227,8.2538,19.9689,35.0021,0.57051,0.8333,1.105,1.3262
20260810_044420-g1_29dof_wbt_iql_manager_seed2-locomotion,iql,73000,2,73000,a431a5326c5a8138,-952.383300781,168808,33814,17.4585,6.6056,10.8529,35.0021,0.31006,0.89,1.0023,1.1262
20260810_044420-g1_29dof_wbt_iql_manager_seed2-locomotion,iql,73000,4,73000,a431a5326c5a8138,-952.383300781,35214,133999,15.2778,3.5978,11.68,35.0021,0.33369,0.8585,0.97,1.1299
20260810_044420-g1_29dof_wbt_iql_manager_seed2-locomotion,iql,73000,5,73000,a431a5326c5a8138,-952.383300781,40938,30344,18.7481,2.4597,16.2884,35.0021,0.46536,0.8978,1.0656,1.1869
20260810_044420-g1_29dof_wbt_iql_manager_seed2-locomotion,iql,73000,6,73000,a431a5326c5a8138,-952.383300781,51996,11915,21.7832,5.492,16.2912,35.0021,0.46544,0.9256,1.0735,1.1598
20260810_044420-g1_29dof_wbt_iql_manager_seed2-locomotion,iql,73000,7,73000,a431a5326c5a8138,-952.383300781,64933,19513,21.0466,8.0587,12.9879,35.0021,0.37106,0.8926,1.0351,1.1597
20260810_044420-g1_29dof_wbt_iql_manager_seed2-locomotion,iql,73000,11,73000,a431a5326c5a8138,-952.383300781,76763,39227,13.6814,6.1204,7.561,35.0021,0.21602,0.9524,1.0254,1.0766
20260810_044420-g1_29dof_wbt_iql_manager_seed2-locomotion,iql,73000,12,73000,a431a5326c5a8138,-952.383300781,33583,82841,13.3746,5.9015,7.473,35.0021,0.2135,0.9305,1.0202,1.0964
20260810_044420-g1_29dof_wbt_iql_manager_seed2-locomotion,iql,73000,13,73000,a431a5326c5a8138,-952.383300781,29838,52509,15.1655,2.7886,12.377,35.0021,0.35361,0.8728,1.032,1.1823
20260810_044420-g1_29dof_wbt_iql_manager_seed2-locomotion,iql,73000,14,73000,a431a5326c5a8138,-952.383300781,36307,14110,19.515,3.5402,15.9747,35.0021,0.45639,0.9172,1.1446,1.248
20260810_044420-g1_29dof_wbt_iql_manager_seed2-locomotion,iql,74000,0,74000,58c2eecd94640ada,-953.925964355,237311,68413,28.799,7.7073,21.0917,36.4157,0.57919,0.8321,1.1028,1.3252
20260810_044420-g1_29dof_wbt_iql_manager_seed2-locomotion,iql,74000,2,74000,58c2eecd94640ada,-953.925964355,168808,33814,17.8577,6.3413,11.5164,36.4157,0.31625,0.8863,1.0001,1.1284
20260810_044420-g1_29dof_wbt_iql_manager_seed2-locomotion,iql,74000,4,74000,58c2eecd94640ada,-953.925964355,35214,133999,15.9951,3.4773,12.5179,36.4157,0.34375,0.8591,0.9756,1.1356
20260810_044420-g1_29dof_wbt_iql_manager_seed2-locomotion,iql,74000,5,74000,58c2eecd94640ada,-953.925964355,40938,30344,19.6069,2.0819,17.525,36.4157,0.48125,0.8968,1.0673,1.1902
20260810_044420-g1_29dof_wbt_iql_manager_seed2-locomotion,iql,74000,6,74000,58c2eecd94640ada,-953.925964355,51996,11915,23.0947,5.8633,17.2314,36.4157,0.47319,0.9273,1.0761,1.1604
20260810_044420-g1_29dof_wbt_iql_manager_seed2-locomotion,iql,74000,7,74000,58c2eecd94640ada,-953.925964355,64933,19513,22.185,8.6763,13.5088,36.4157,0.37096,0.8947,1.0405,1.163
20260810_044420-g1_29dof_wbt_iql_manager_seed2-locomotion,iql,74000,11,74000,58c2eecd94640ada,-953.925964355,76763,39227,14.8691,6.7812,8.0879,36.4157,0.2221,0.9544,1.0268,1.0758
20260810_044420-g1_29dof_wbt_iql_manager_seed2-locomotion,iql,74000,12,74000,58c2eecd94640ada,-953.925964355,33583,82841,14.1326,6.016,8.1166,36.4157,0.22289,0.927,1.0169,1.0971
20260810_044420-g1_29dof_wbt_iql_manager_seed2-locomotion,iql,74000,13,74000,58c2eecd94640ada,-953.925964355,29838,52509,16.4598,2.7294,13.7304,36.4157,0.37705,0.8675,1.0311,1.1887
20260810_044420-g1_29dof_wbt_iql_manager_seed2-locomotion,iql,74000,14,74000,58c2eecd94640ada,-953.925964355,36307,14110,20.6592,3.5517,17.1075,36.4157,0.46978,0.9139,1.1399,1.2473
20260810_044420-g1_29dof_wbt_iql_manager_seed2-locomotion,iql,75000,0,75000,7569868bdcaa25ba,-959.665344238,237311,68413,28.7413,7.7541,20.9872,36.1777,0.58011,0.8324,1.1022,1.3242
20260810_044420-g1_29dof_wbt_iql_manager_seed2-locomotion,iql,75000,2,75000,7569868bdcaa25ba,-959.665344238,168808,33814,18.7074,7.3529,11.3545,36.1777,0.31385,0.889,1.002,1.1271
20260810_044420-g1_29dof_wbt_iql_manager_seed2-locomotion,iql,75000,4,75000,7569868bdcaa25ba,-959.665344238,35214,133999,15.2873,3.4488,11.8386,36.1777,0.32723,0.8588,0.9728,1.1327
20260810_044420-g1_29dof_wbt_iql_manager_seed2-locomotion,iql,75000,5,75000,7569868bdcaa25ba,-959.665344238,40938,30344,18.493,2.0858,16.4072,36.1777,0.45352,0.8922,1.064,1.1925
20260810_044420-g1_29dof_wbt_iql_manager_seed2-locomotion,iql,75000,6,75000,7569868bdcaa25ba,-959.665344238,51996,11915,22.1053,5.3597,16.7456,36.1777,0.46287,0.9239,1.0717,1.16
20260810_044420-g1_29dof_wbt_iql_manager_seed2-locomotion,iql,75000,7,75000,7569868bdcaa25ba,-959.665344238,64933,19513,21.6697,8.5069,13.1627,36.1777,0.36384,0.8919,1.0335,1.1588
20260810_044420-g1_29dof_wbt_iql_manager_seed2-locomotion,iql,75000,11,75000,7569868bdcaa25ba,-959.665344238,76763,39227,14.2477,6.3227,7.925,36.1777,0.21906,0.9472,1.0194,1.0762
20260810_044420-g1_29dof_wbt_iql_manager_seed2-locomotion,iql,75000,12,75000,7569868bdcaa25ba,-959.665344238,33583,82841,13.5989,5.8355,7.7634,36.1777,0.21459,0.9241,1.0116,1.0947
20260810_044420-g1_29dof_wbt_iql_manager_seed2-locomotion,iql,75000,13,75000,7569868bdcaa25ba,-959.665344238,29838,52509,14.983,2.4948,12.4881,36.1777,0.34519,0.8707,1.0305,1.1835
20260810_044420-g1_29dof_wbt_iql_manager_seed2-locomotion,iql,75000,14,75000,7569868bdcaa25ba,-959.665344238,36307,14110,19.3795,3.2451,16.1344,36.1777,0.44598,0.9196,1.1506,1.2513
20260810_044420-g1_29dof_wbt_iql_manager_seed2-locomotion,iql,76000,0,76000,30bd5862ab4c2ade,-968.075439453,237311,68413,28.8755,7.7042,21.1713,36.0779,0.58682,0.8322,1.1027,1.325
20260810_044420-g1_29dof_wbt_iql_manager_seed2-locomotion,iql,76000,2,76000,30bd5862ab4c2ade,-968.075439453,168808,33814,17.9331,6.57,11.3631,36.0779,0.31496,0.8888,0.9983,1.1232
20260810_044420-g1_29dof_wbt_iql_manager_seed2-locomotion,iql,76000,4,76000,30bd5862ab4c2ade,-968.075439453,35214,133999,15.7106,3.4884,12.2222,36.0779,0.33877,0.862,0.9765,1.1329
20260810_044420-g1_29dof_wbt_iql_manager_seed2-locomotion,iql,76000,5,76000,30bd5862ab4c2ade,-968.075439453,40938,30344,19.1078,1.9793,17.1285,36.0779,0.47477,0.894,1.0666,1.193
20260810_044420-g1_29dof_wbt_iql_manager_seed2-locomotion,iql,76000,6,76000,30bd5862ab4c2ade,-968.075439453,51996,11915,22.8153,5.0569,17.7584,36.0779,0.49222,0.9249,1.0729,1.1601
20260810_044420-g1_29dof_wbt_iql_manager_seed2-locomotion,iql,76000,7,76000,30bd5862ab4c2ade,-968.075439453,64933,19513,21.9533,8.1982,13.7551,36.0779,0.38126,0.8922,1.0333,1.1582
20260810_044420-g1_29dof_wbt_iql_manager_seed2-locomotion,iql,76000,11,76000,30bd5862ab4c2ade,-968.075439453,76763,39227,14.5108,6.4038,8.107,36.0779,0.22471,0.9544,1.0262,1.0751
20260810_044420-g1_29dof_wbt_iql_manager_seed2-locomotion,iql,76000,12,76000,30bd5862ab4c2ade,-968.075439453,33583,82841,13.5537,5.6577,7.896,36.0779,0.21886,0.9285,1.0167,1.095
20260810_044420-g1_29dof_wbt_iql_manager_seed2-locomotion,iql,76000,13,76000,30bd5862ab4c2ade,-968.075439453,29838,52509,14.9903,2.328,12.6623,36.0779,0.35097,0.8712,1.0316,1.1842
20260810_044420-g1_29dof_wbt_iql_manager_seed2-locomotion,iql,76000,14,76000,30bd5862ab4c2ade,-968.075439453,36307,14110,19.7742,2.7304,17.0438,36.0779,0.47242,0.918,1.1479,1.2504
20260810_044420-g1_29dof_wbt_iql_manager_seed2-locomotion,iql,77000,0,77000,2b251ed5df55c317,-967.254821777,237311,68413,29.1016,7.9751,21.1266,36.1761,0.58399,0.8312,1.1051,1.3295
20260810_044420-g1_29dof_wbt_iql_manager_seed2-locomotion,iql,77000,2,77000,2b251ed5df55c317,-967.254821777,168808,33814,19.1191,7.7063,11.4129,36.1761,0.31548,0.888,0.9992,1.1253
20260810_044420-g1_29dof_wbt_iql_manager_seed2-locomotion,iql,77000,4,77000,2b251ed5df55c317,-967.254821777,35214,133999,16.7589,3.7321,13.0268,36.1761,0.36009,0.86,0.9744,1.1331
20260810_044420-g1_29dof_wbt_iql_manager_seed2-locomotion,iql,77000,5,77000,2b251ed5df55c317,-967.254821777,40938,30344,20.2205,2.3017,17.9187,36.1761,0.49532,0.8945,1.0654,1.1911
20260810_044420-g1_29dof_wbt_iql_manager_seed2-locomotion,iql,77000,6,77000,2b251ed5df55c317,-967.254821777,51996,11915,23.1247,5.7192,17.4055,36.1761,0.48113,0.9237,1.0757,1.1646
20260810_044420-g1_29dof_wbt_iql_manager_seed2-locomotion,iql,77000,7,77000,2b251ed5df55c317,-967.254821777,64933,19513,22.1447,8.4597,13.6849,36.1761,0.37829,0.8914,1.0352,1.1613
20260810_044420-g1_29dof_wbt_iql_manager_seed2-locomotion,iql,77000,11,77000,2b251ed5df55c317,-967.254821777,76763,39227,15.1013,6.8007,8.3006,36.1761,0.22945,0.9507,1.0228,1.0758
20260810_044420-g1_29dof_wbt_iql_manager_seed2-locomotion,iql,77000,12,77000,2b251ed5df55c317,-967.254821777,33583,82841,14.5244,6.3266,8.1978,36.1761,0.22661,0.9267,1.0162,1.0966
20260810_044420-g1_29dof_wbt_iql_manager_seed2-locomotion,iql,77000,13,77000,2b251ed5df55c317,-967.254821777,29838,52509,16.6519,2.8397,13.8122,36.1761,0.3818,0.8697,1.0317,1.1863
20260810_044420-g1_29dof_wbt_iql_manager_seed2-locomotion,iql,77000,14,77000,2b251ed5df55c317,-967.254821777,36307,14110,20.8824,3.6498,17.2326,36.1761,0.47635,0.9153,1.1439,1.2497
20260810_044420-g1_29dof_wbt_iql_manager_seed2-locomotion,iql,78000,0,78000,ec183e12219739c1,-976.161865234,237311,68413,28.8939,7.7902,21.1038,36.1557,0.58369,0.833,1.1012,1.322
20260810_044420-g1_29dof_wbt_iql_manager_seed2-locomotion,iql,78000,2,78000,ec183e12219739c1,-976.161865234,168808,33814,18.8155,6.9956,11.8199,36.1557,0.32692,0.8903,1.001,1.1244
20260810_044420-g1_29dof_wbt_iql_manager_seed2-locomotion,iql,78000,4,78000,ec183e12219739c1,-976.161865234,35214,133999,16.9379,3.628,13.3099,36.1557,0.36813,0.8609,0.9724,1.1295
20260810_044420-g1_29dof_wbt_iql_manager_seed2-locomotion,iql,78000,5,78000,ec183e12219739c1,-976.161865234,40938,30344,20.4189,2.3699,18.049,36.1557,0.4992,0.8925,1.0645,1.1928
20260810_044420-g1_29dof_wbt_iql_manager_seed2-locomotion,iql,78000,6,78000,ec183e12219739c1,-976.161865234,51996,11915,23.2392,5.5161,17.723,36.1557,0.49019,0.9236,1.0695,1.1579
20260810_044420-g1_29dof_wbt_iql_manager_seed2-locomotion,iql,78000,7,78000,ec183e12219739c1,-976.161865234,64933,19513,22.1676,8.2754,13.8922,36.1557,0.38423,0.8929,1.0368,1.1612
20260810_044420-g1_29dof_wbt_iql_manager_seed2-locomotion,iql,78000,11,78000,ec183e12219739c1,-976.161865234,76763,39227,14.5286,6.2377,8.2908,36.1557,0.22931,0.9517,1.0239,1.0758
20260810_044420-g1_29dof_wbt_iql_manager_seed2-locomotion,iql,78000,12,78000,ec183e12219739c1,-976.161865234,33583,82841,14.1496,5.8874,8.2622,36.1557,0.22852,0.9268,1.0159,1.0962
20260810_044420-g1_29dof_wbt_iql_manager_seed2-locomotion,iql,78000,13,78000,ec183e12219739c1,-976.161865234,29838,52509,16.8561,2.7602,14.0959,36.1557,0.38987,0.8688,1.0293,1.1847
20260810_044420-g1_29dof_wbt_iql_manager_seed2-locomotion,iql,78000,14,78000,ec183e12219739c1,-976.161865234,36307,14110,21.0473,3.6821,17.3653,36.1557,0.48029,0.9158,1.1394,1.2441
20260810_044420-g1_29dof_wbt_iql_manager_seed2-locomotion,iql,79000,0,79000,e0517ab41dabbe56,-974.890869141,237311,68413,27.952,7.3113,20.6407,35.3408,0.58405,0.8331,1.1023,1.3231
20260810_044420-g1_29dof_wbt_iql_manager_seed2-locomotion,iql,79000,2,79000,e0517ab41dabbe56,-974.890869141,168808,33814,16.9866,6.3934,10.5931,35.3408,0.29974,0.8896,1.0008,1.125
20260810_044420-g1_29dof_wbt_iql_manager_seed2-locomotion,iql,79000,4,79000,e0517ab41dabbe56,-974.890869141,35214,133999,15.5948,3.6091,11.9857,35.3408,0.33915,0.8572,0.974,1.1362
20260810_044420-g1_29dof_wbt_iql_manager_seed2-locomotion,iql,79000,5,79000,e0517ab41dabbe56,-974.890869141,40938,30344,19.0415,2.3516,16.6899,35.3408,0.47226,0.891,1.0669,1.1975
20260810_044420-g1_29dof_wbt_iql_manager_seed2-locomotion,iql,79000,6,79000,e0517ab41dabbe56,-974.890869141,51996,11915,21.9705,5.3566,16.6139,35.3408,0.4701,0.9224,1.0742,1.1646
20260810_044420-g1_29dof_wbt_iql_manager_seed2-locomotion,iql,79000,7,79000,e0517ab41dabbe56,-974.890869141,64933,19513,21.2297,8.3008,12.9289,35.3408,0.36584,0.893,1.0337,1.1576
20260810_044420-g1_29dof_wbt_iql_manager_seed2-locomotion,iql,79000,11,79000,e0517ab41dabbe56,-974.890869141,76763,39227,13.4456,5.9514,7.4942,35.3408,0.21206,0.949,1.0204,1.0751
20260810_044420-g1_29dof_wbt_iql_manager_seed2-locomotion,iql,79000,12,79000,e0517ab41dabbe56,-974.890869141,33583,82841,12.9749,5.5081,7.4668,35.3408,0.21128,0.9269,1.0148,1.0948
20260810_044420-g1_29dof_wbt_iql_manager_seed2-locomotion,iql,79000,13,79000,e0517ab41dabbe56,-974.890869141,29838,52509,15.6098,2.7573,12.8526,35.3408,0.36368,0.8684,1.0328,1.1893
20260810_044420-g1_29dof_wbt_iql_manager_seed2-locomotion,iql,79000,14,79000,e0517ab41dabbe56,-974.890869141,36307,14110,19.9956,3.5523,16.4434,35.3408,0.46528,0.9126,1.1459,1.2557
20260810_044420-g1_29dof_wbt_iql_manager_seed2-locomotion,iql,80000,0,80000,806637581c3f8a3f,-974.461669922,237311,68413,27.9284,7.7574,20.1711,34.6097,0.58282,0.8322,1.1001,1.3219
20260810_044420-g1_29dof_wbt_iql_manager_seed2-locomotion,iql,80000,2,80000,806637581c3f8a3f,-974.461669922,168808,33814,17.9633,7.1012,10.862,34.6097,0.31384,0.8881,0.9984,1.1242
20260810_044420-g1_29dof_wbt_iql_manager_seed2-locomotion,iql,80000,4,80000,806637581c3f8a3f,-974.461669922,35214,133999,15.8145,3.8763,11.9382,34.6097,0.34494,0.8578,0.9774,1.1395
20260810_044420-g1_29dof_wbt_iql_manager_seed2-locomotion,iql,80000,5,80000,806637581c3f8a3f,-974.461669922,40938,30344,18.8436,2.5928,16.2508,34.6097,0.46954,0.8933,1.0685,1.1961
20260810_044420-g1_29dof_wbt_iql_manager_seed2-locomotion,iql,80000,6,80000,806637581c3f8a3f,-974.461669922,51996,11915,22.19,5.6374,16.5526,34.6097,0.47827,0.9228,1.073,1.1628
20260810_044420-g1_29dof_wbt_iql_manager_seed2-locomotion,iql,80000,7,80000,806637581c3f8a3f,-974.461669922,64933,19513,21.3587,8.3064,13.0524,34.6097,0.37713,0.8926,1.0366,1.1614
20260810_044420-g1_29dof_wbt_iql_manager_seed2-locomotion,iql,80000,11,80000,806637581c3f8a3f,-974.461669922,76763,39227,13.8351,6.2048,7.6303,34.6097,0.22047,0.9534,1.0247,1.0747
20260810_044420-g1_29dof_wbt_iql_manager_seed2-locomotion,iql,80000,12,80000,806637581c3f8a3f,-974.461669922,33583,82841,13.2981,5.78,7.5181,34.6097,0.21722,0.9272,1.0172,1.0971
20260810_044420-g1_29dof_wbt_iql_manager_seed2-locomotion,iql,80000,13,80000,806637581c3f8a3f,-974.461669922,29838,52509,15.4488,2.955,12.4938,34.6097,0.36099,0.87,1.0344,1.189
20260810_044420-g1_29dof_wbt_iql_manager_seed2-locomotion,iql,80000,14,80000,806637581c3f8a3f,-974.461669922,36307,14110,20.0298,4.2368,15.793,34.6097,0.45632,0.9137,1.1457,1.2539
20260810_044420-g1_29dof_wbt_iql_manager_seed2-locomotion,iql,81000,0,81000,91e24431eb760a72,-979.764770508,237311,68413,28.9462,7.741,21.2052,36.3223,0.58381,0.8334,1.1021,1.3225
20260810_044420-g1_29dof_wbt_iql_manager_seed2-locomotion,iql,81000,2,81000,91e24431eb760a72,-979.764770508,168808,33814,18.2487,7.137,11.1117,36.3223,0.30592,0.8889,1.0005,1.1255
20260810_044420-g1_29dof_wbt_iql_manager_seed2-locomotion,iql,81000,4,81000,91e24431eb760a72,-979.764770508,35214,133999,16.3078,3.7997,12.5081,36.3223,0.34436,0.8633,0.9754,1.1299
20260810_044420-g1_29dof_wbt_iql_manager_seed2-locomotion,iql,81000,5,81000,91e24431eb760a72,-979.764770508,40938,30344,19.8576,2.4402,17.4174,36.3223,0.47952,0.8939,1.0665,1.193
20260810_044420-g1_29dof_wbt_iql_manager_seed2-locomotion,iql,81000,6,81000,91e24431eb760a72,-979.764770508,51996,11915,22.8493,5.6399,17.2094,36.3223,0.4738,0.9278,1.0824,1.1666
20260810_044420-g1_29dof_wbt_iql_manager_seed2-locomotion,iql,81000,7,81000,91e24431eb760a72,-979.764770508,64933,19513,21.8186,8.341,13.4776,36.3223,0.37106,0.8945,1.0373,1.1597
20260810_044420-g1_29dof_wbt_iql_manager_seed2-locomotion,iql,81000,11,81000,91e24431eb760a72,-979.764770508,76763,39227,14.3378,6.2669,8.0708,36.3223,0.2222,0.9503,1.0224,1.0758
20260810_044420-g1_29dof_wbt_iql_manager_seed2-locomotion,iql,81000,12,81000,91e24431eb760a72,-979.764770508,33583,82841,13.7681,5.8821,7.8861,36.3223,0.21711,0.9274,1.0156,1.0951
20260810_044420-g1_29dof_wbt_iql_manager_seed2-locomotion,iql,81000,13,81000,91e24431eb760a72,-979.764770508,29838,52509,16.7113,2.9731,13.7382,36.3223,0.37823,0.8725,1.0316,1.1823
20260810_044420-g1_29dof_wbt_iql_manager_seed2-locomotion,iql,81000,14,81000,91e24431eb760a72,-979.764770508,36307,14110,21.2107,4.1945,17.0162,36.3223,0.46848,0.9149,1.1467,1.2534
20260810_044420-g1_29dof_wbt_iql_manager_seed2-locomotion,iql,82000,0,82000,fcc288ab867594f2,-981.515441895,237311,68413,28.7434,7.849,20.8944,35.8354,0.58307,0.8311,1.1011,1.3248
20260810_044420-g1_29dof_wbt_iql_manager_seed2-locomotion,iql,82000,2,82000,fcc288ab867594f2,-981.515441895,168808,33814,18.295,7.1116,11.1834,35.8354,0.31208,0.8908,1.005,1.1282
20260810_044420-g1_29dof_wbt_iql_manager_seed2-locomotion,iql,82000,4,82000,fcc288ab867594f2,-981.515441895,35214,133999,16.1253,3.6522,12.4731,35.8354,0.34807,0.8666,0.9757,1.126
20260810_044420-g1_29dof_wbt_iql_manager_seed2-locomotion,iql,82000,5,82000,fcc288ab867594f2,-981.515441895,40938,30344,19.8306,2.4264,17.4042,35.8354,0.48567,0.9032,1.0661,1.1804
20260810_044420-g1_29dof_wbt_iql_manager_seed2-locomotion,iql,82000,6,82000,fcc288ab867594f2,-981.515441895,51996,11915,22.8999,5.8334,17.0665,35.8354,0.47625,0.9247,1.074,1.1614
20260810_044420-g1_29dof_wbt_iql_manager_seed2-locomotion,iql,82000,7,82000,fcc288ab867594f2,-981.515441895,64933,19513,21.6564,8.2328,13.4236,35.8354,0.37459,0.8922,1.0355,1.1606
20260810_044420-g1_29dof_wbt_iql_manager_seed2-locomotion,iql,82000,11,82000,fcc288ab867594f2,-981.515441895,76763,39227,14.3282,6.3919,7.9363,35.8354,0.22147,0.9504,1.0216,1.0748
20260810_044420-g1_29dof_wbt_iql_manager_seed2-locomotion,iql,82000,12,82000,fcc288ab867594f2,-981.515441895,33583,82841,13.7597,5.9679,7.7918,35.8354,0.21743,0.9264,1.0168,1.0976
20260810_044420-g1_29dof_wbt_iql_manager_seed2-locomotion,iql,82000,13,82000,fcc288ab867594f2,-981.515441895,29838,52509,16.1123,2.8006,13.3117,35.8354,0.37147,0.8767,1.0321,1.1772
20260810_044420-g1_29dof_wbt_iql_manager_seed2-locomotion,iql,82000,14,82000,fcc288ab867594f2,-981.515441895,36307,14110,20.6855,3.7705,16.915,35.8354,0.47202,0.9254,1.1542,1.2472
20260810_044420-g1_29dof_wbt_iql_manager_seed2-locomotion,iql,83000,0,83000,9a533d7844e15720,-992.723510742,237311,68413,28.3293,7.2774,21.0519,35.8706,0.58688,0.8315,1.1007,1.3238
20260810_044420-g1_29dof_wbt_iql_manager_seed2-locomotion,iql,83000,2,83000,9a533d7844e15720,-992.723510742,168808,33814,17.5909,6.2851,11.3058,35.8706,0.31518,0.8878,1.0001,1.1264
20260810_044420-g1_29dof_wbt_iql_manager_seed2-locomotion,iql,83000,4,83000,9a533d7844e15720,-992.723510742,35214,133999,15.6593,3.5745,12.0848,35.8706,0.3369,0.8565,0.9698,1.1323
20260810_044420-g1_29dof_wbt_iql_manager_seed2-locomotion,iql,83000,5,83000,9a533d7844e15720,-992.723510742,40938,30344,19.0614,2.209,16.8524,35.8706,0.46981,0.8933,1.061,1.1878
20260810_044420-g1_29dof_wbt_iql_manager_seed2-locomotion,iql,83000,6,83000,9a533d7844e15720,-992.723510742,51996,11915,22.1929,5.0274,17.1655,35.8706,0.47854,0.9231,1.0713,1.1605
20260810_044420-g1_29dof_wbt_iql_manager_seed2-locomotion,iql,83000,7,83000,9a533d7844e15720,-992.723510742,64933,19513,21.4107,7.8234,13.5874,35.8706,0.37879,0.8931,1.0379,1.1622
20260810_044420-g1_29dof_wbt_iql_manager_seed2-locomotion,iql,83000,11,83000,9a533d7844e15720,-992.723510742,76763,39227,13.8141,5.8814,7.9327,35.8706,0.22115,0.9512,1.0227,1.0753
20260810_044420-g1_29dof_wbt_iql_manager_seed2-locomotion,iql,83000,12,83000,9a533d7844e15720,-992.723510742,33583,82841,13.6401,5.7297,7.9104,35.8706,0.22053,0.9258,1.0154,1.0967
20260810_044420-g1_29dof_wbt_iql_manager_seed2-locomotion,iql,83000,13,83000,9a533d7844e15720,-992.723510742,29838,52509,15.4993,2.5625,12.9367,35.8706,0.36065,0.8671,1.0282,1.1858
20260810_044420-g1_29dof_wbt_iql_manager_seed2-locomotion,iql,83000,14,83000,9a533d7844e15720,-992.723510742,36307,14110,19.8289,3.1161,16.7127,35.8706,0.46592,0.9136,1.14,1.2478
20260810_044420-g1_29dof_wbt_iql_manager_seed2-locomotion,iql,84000,0,84000,7cad4a4c61a56389,-1001.494873047,237311,68413,28.9503,7.8873,21.063,36.465,0.57762,0.8308,1.0967,1.3201
20260810_044420-g1_29dof_wbt_iql_manager_seed2-locomotion,iql,84000,2,84000,7cad4a4c61a56389,-1001.494873047,168808,33814,18.8333,7.959,10.8743,36.465,0.29821,0.888,0.9984,1.1243
20260810_044420-g1_29dof_wbt_iql_manager_seed2-locomotion,iql,84000,4,84000,7cad4a4c61a56389,-1001.494873047,35214,133999,15.745,3.8106,11.9344,36.465,0.32728,0.8562,0.9739,1.1374
20260810_044420-g1_29dof_wbt_iql_manager_seed2-locomotion,iql,84000,5,84000,7cad4a4c61a56389,-1001.494873047,40938,30344,19.4607,2.4067,17.054,36.465,0.46768,0.8898,1.0654,1.1973
20260810_044420-g1_29dof_wbt_iql_manager_seed2-locomotion,iql,84000,6,84000,7cad4a4c61a56389,-1001.494873047,51996,11915,22.8948,5.5916,17.3032,36.465,0.47451,0.9242,1.0734,1.1614
20260810_044420-g1_29dof_wbt_iql_manager_seed2-locomotion,iql,84000,7,84000,7cad4a4c61a56389,-1001.494873047,64933,19513,22.1946,8.5545,13.6401,36.465,0.37406,0.8935,1.0356,1.1591
20260810_044420-g1_29dof_wbt_iql_manager_seed2-locomotion,iql,84000,11,84000,7cad4a4c61a56389,-1001.494873047,76763,39227,14.1225,6.5366,7.5859,36.465,0.20803,0.9493,1.0216,1.0762
20260810_044420-g1_29dof_wbt_iql_manager_seed2-locomotion,iql,84000,12,84000,7cad4a4c61a56389,-1001.494873047,33583,82841,13.7668,6.1182,7.6486,36.465,0.20975,0.9257,1.0152,1.0967
20260810_044420-g1_29dof_wbt_iql_manager_seed2-locomotion,iql,84000,13,84000,7cad4a4c61a56389,-1001.494873047,29838,52509,15.8052,2.9372,12.868,36.465,0.35288,0.866,1.0303,1.1897
20260810_044420-g1_29dof_wbt_iql_manager_seed2-locomotion,iql,84000,14,84000,7cad4a4c61a56389,-1001.494873047,36307,14110,20.3962,3.5279,16.8682,36.465,0.46259,0.9128,1.1449,1.2543
20260810_044420-g1_29dof_wbt_iql_manager_seed2-locomotion,iql,85000,0,85000,4b67e857e0897c22,-1015.609863281,237311,68413,28.7103,7.8539,20.8563,36.1023,0.5777,0.8308,1.0974,1.3208
20260810_044420-g1_29dof_wbt_iql_manager_seed2-locomotion,iql,85000,2,85000,4b67e857e0897c22,-1015.609863281,168808,33814,17.5215,6.653,10.8685,36.1023,0.30105,0.8875,0.9966,1.123
20260810_044420-g1_29dof_wbt_iql_manager_seed2-locomotion,iql,85000,4,85000,4b67e857e0897c22,-1015.609863281,35214,133999,15.6752,3.749,11.9262,36.1023,0.33034,0.8624,0.9747,1.1302
20260810_044420-g1_29dof_wbt_iql_manager_seed2-locomotion,iql,85000,5,85000,4b67e857e0897c22,-1015.609863281,40938,30344,19.0536,2.3734,16.6801,36.1023,0.46202,0.8969,1.0653,1.1877
20260810_044420-g1_29dof_wbt_iql_manager_seed2-locomotion,iql,85000,6,85000,4b67e857e0897c22,-1015.609863281,51996,11915,22.0879,5.4129,16.675,36.1023,0.46188,0.9235,1.066,1.1543
20260810_044420-g1_29dof_wbt_iql_manager_seed2-locomotion,iql,85000,7,85000,4b67e857e0897c22,-1015.609863281,64933,19513,21.1351,8.0671,13.0679,36.1023,0.36197,0.8921,1.0321,1.157
20260810_044420-g1_29dof_wbt_iql_manager_seed2-locomotion,iql,85000,11,85000,4b67e857e0897c22,-1015.609863281,76763,39227,13.1819,5.7395,7.4424,36.1023,0.20615,0.9518,1.024,1.0759
20260810_044420-g1_29dof_wbt_iql_manager_seed2-locomotion,iql,85000,12,85000,4b67e857e0897c22,-1015.609863281,33583,82841,12.9687,5.5506,7.4181,36.1023,0.20548,0.9282,1.0143,1.0927
20260810_044420-g1_29dof_wbt_iql_manager_seed2-locomotion,iql,85000,13,85000,4b67e857e0897c22,-1015.609863281,29838,52509,15.3483,2.7648,12.5835,36.1023,0.34855,0.8735,1.0308,1.1801
20260810_044420-g1_29dof_wbt_iql_manager_seed2-locomotion,iql,85000,14,85000,4b67e857e0897c22,-1015.609863281,36307,14110,19.5416,3.3937,16.148,36.1023,0.44728,0.921,1.1402,1.2379
20260810_044420-g1_29dof_wbt_iql_manager_seed2-locomotion,iql,86000,0,86000,645acc64b7b21934,-1021.089355469,237311,68413,29.1047,8.2038,20.9009,36.3098,0.57563,0.83,1.0973,1.322
20260810_044420-g1_29dof_wbt_iql_manager_seed2-locomotion,iql,86000,2,86000,645acc64b7b21934,-1021.089355469,168808,33814,17.9966,6.8581,11.1385,36.3098,0.30676,0.8893,1.0004,1.1249
20260810_044420-g1_29dof_wbt_iql_manager_seed2-locomotion,iql,86000,4,86000,645acc64b7b21934,-1021.089355469,35214,133999,15.365,3.2872,12.0778,36.3098,0.33263,0.8572,0.9743,1.1366
20260810_044420-g1_29dof_wbt_iql_manager_seed2-locomotion,iql,86000,5,86000,645acc64b7b21934,-1021.089355469,40938,30344,18.9718,1.8676,17.1042,36.3098,0.47106,0.8918,1.0607,1.1893
20260810_044420-g1_29dof_wbt_iql_manager_seed2-locomotion,iql,86000,6,86000,645acc64b7b21934,-1021.089355469,51996,11915,22.5864,4.9754,17.611,36.3098,0.48502,0.9241,1.0713,1.1592
20260810_044420-g1_29dof_wbt_iql_manager_seed2-locomotion,iql,86000,7,86000,645acc64b7b21934,-1021.089355469,64933,19513,21.3625,7.7463,13.6161,36.3098,0.375,0.8922,1.032,1.1568
20260810_044420-g1_29dof_wbt_iql_manager_seed2-locomotion,iql,86000,11,86000,645acc64b7b21934,-1021.089355469,76763,39227,13.7551,6.0324,7.7227,36.3098,0.21269,0.9507,1.0209,1.0738
20260810_044420-g1_29dof_wbt_iql_manager_seed2-locomotion,iql,86000,12,86000,645acc64b7b21934,-1021.089355469,33583,82841,13.03,5.4172,7.6129,36.3098,0.20966,0.927,1.0162,1.0963
20260810_044420-g1_29dof_wbt_iql_manager_seed2-locomotion,iql,86000,13,86000,645acc64b7b21934,-1021.089355469,29838,52509,15.0801,2.2609,12.8192,36.3098,0.35305,0.8673,1.0301,1.1876
20260810_044420-g1_29dof_wbt_iql_manager_seed2-locomotion,iql,86000,14,86000,645acc64b7b21934,-1021.089355469,36307,14110,19.9342,2.7611,17.1731,36.3098,0.47296,0.9119,1.1404,1.2505
20260810_044420-g1_29dof_wbt_iql_manager_seed2-locomotion,iql,87000,0,87000,6cc7afab37b19125,-1028.686279297,237311,68413,28.6915,8.2334,20.4581,35.8444,0.57075,0.8309,1.1002,1.3241
20260810_044420-g1_29dof_wbt_iql_manager_seed2-locomotion,iql,87000,2,87000,6cc7afab37b19125,-1028.686279297,168808,33814,18.9165,7.8171,11.0995,35.8444,0.30966,0.8873,0.9989,1.1259
20260810_044420-g1_29dof_wbt_iql_manager_seed2-locomotion,iql,87000,4,87000,6cc7afab37b19125,-1028.686279297,35214,133999,15.8345,3.722,12.1125,35.8444,0.33792,0.8591,0.9716,1.131
20260810_044420-g1_29dof_wbt_iql_manager_seed2-locomotion,iql,87000,5,87000,6cc7afab37b19125,-1028.686279297,40938,30344,19.7911,2.3345,17.4566,35.8444,0.48701,0.8926,1.0665,1.1949
20260810_044420-g1_29dof_wbt_iql_manager_seed2-locomotion,iql,87000,6,87000,6cc7afab37b19125,-1028.686279297,51996,11915,22.6813,5.2211,17.4602,35.8444,0.48711,0.9254,1.0759,1.1626
20260810_044420-g1_29dof_wbt_iql_manager_seed2-locomotion,iql,87000,7,87000,6cc7afab37b19125,-1028.686279297,64933,19513,21.9579,8.3082,13.6497,35.8444,0.3808,0.8944,1.0362,1.1585
20260810_044420-g1_29dof_wbt_iql_manager_seed2-locomotion,iql,87000,11,87000,6cc7afab37b19125,-1028.686279297,76763,39227,14.1013,6.2499,7.8514,35.8444,0.21904,0.9523,1.024,1.0754
20260810_044420-g1_29dof_wbt_iql_manager_seed2-locomotion,iql,87000,12,87000,6cc7afab37b19125,-1028.686279297,33583,82841,13.6542,5.8962,7.758,35.8444,0.21644,0.9265,1.0153,1.0959
20260810_044420-g1_29dof_wbt_iql_manager_seed2-locomotion,iql,87000,13,87000,6cc7afab37b19125,-1028.686279297,29838,52509,15.6891,2.6735,13.0157,35.8444,0.36312,0.8689,1.0299,1.1852
20260810_044420-g1_29dof_wbt_iql_manager_seed2-locomotion,iql,87000,14,87000,6cc7afab37b19125,-1028.686279297,36307,14110,20.443,3.3856,17.0573,35.8444,0.47587,0.9162,1.1479,1.2528
20260810_044420-g1_29dof_wbt_iql_manager_seed2-locomotion,iql,88000,0,88000,00371d259f5d960b,-1027.983642578,237311,68413,28.9955,7.9375,21.058,36.5721,0.5758,0.8319,1.0965,1.3182
20260810_044420-g1_29dof_wbt_iql_manager_seed2-locomotion,iql,88000,2,88000,00371d259f5d960b,-1027.983642578,168808,33814,17.4943,6.422,11.0723,36.5721,0.30275,0.8915,0.9968,1.1182
20260810_044420-g1_29dof_wbt_iql_manager_seed2-locomotion,iql,88000,4,88000,00371d259f5d960b,-1027.983642578,35214,133999,15.8426,3.742,12.1007,36.5721,0.33087,0.8562,0.9722,1.1355
20260810_044420-g1_29dof_wbt_iql_manager_seed2-locomotion,iql,88000,5,88000,00371d259f5d960b,-1027.983642578,40938,30344,19.1424,2.2613,16.8811,36.5721,0.46158,0.8899,1.062,1.1934
20260810_044420-g1_29dof_wbt_iql_manager_seed2-locomotion,iql,88000,6,88000,00371d259f5d960b,-1027.983642578,51996,11915,22.6269,5.6531,16.9739,36.5721,0.46412,0.9233,1.0697,1.1586
20260810_044420-g1_29dof_wbt_iql_manager_seed2-locomotion,iql,88000,7,88000,00371d259f5d960b,-1027.983642578,64933,19513,22.018,8.6316,13.3864,36.5721,0.36603,0.8939,1.0329,1.1555
20260810_044420-g1_29dof_wbt_iql_manager_seed2-locomotion,iql,88000,11,88000,00371d259f5d960b,-1027.983642578,76763,39227,14.139,6.3976,7.7414,36.5721,0.21168,0.9529,1.0229,1.0735
20260810_044420-g1_29dof_wbt_iql_manager_seed2-locomotion,iql,88000,12,88000,00371d259f5d960b,-1027.983642578,33583,82841,13.6764,5.9922,7.6842,36.5721,0.21011,0.9265,1.0148,1.0954
20260810_044420-g1_29dof_wbt_iql_manager_seed2-locomotion,iql,88000,13,88000,00371d259f5d960b,-1027.983642578,29838,52509,15.3379,2.6817,12.6562,36.5721,0.34606,0.8674,1.0284,1.1856
20260810_044420-g1_29dof_wbt_iql_manager_seed2-locomotion,iql,88000,14,88000,00371d259f5d960b,-1027.983642578,36307,14110,20.1281,3.417,16.7111,36.5721,0.45693,0.9119,1.1429,1.2533
20260810_044420-g1_29dof_wbt_iql_manager_seed2-locomotion,iql,89000,0,89000,8dc86b6f150b817d,-1035.166381836,237311,68413,27.8033,7.5236,20.2797,34.8366,0.58214,0.831,1.0985,1.322
20260810_044420-g1_29dof_wbt_iql_manager_seed2-locomotion,iql,89000,2,89000,8dc86b6f150b817d,-1035.166381836,168808,33814,18.1417,7.5182,10.6235,34.8366,0.30495,0.8865,0.994,1.1213
20260810_044420-g1_29dof_wbt_iql_manager_seed2-locomotion,iql,89000,4,89000,8dc86b6f150b817d,-1035.166381836,35214,133999,15.0408,3.6924,11.3484,34.8366,0.32576,0.8561,0.9723,1.1358
20260810_044420-g1_29dof_wbt_iql_manager_seed2-locomotion,iql,89000,5,89000,8dc86b6f150b817d,-1035.166381836,40938,30344,18.7109,2.197,16.5139,34.8366,0.47404,0.8874,1.065,1.2002
20260810_044420-g1_29dof_wbt_iql_manager_seed2-locomotion,iql,89000,6,89000,8dc86b6f150b817d,-1035.166381836,51996,11915,22.0204,4.9799,17.0404,34.8366,0.48915,0.9224,1.0682,1.1581
20260810_044420-g1_29dof_wbt_iql_manager_seed2-locomotion,iql,89000,7,89000,8dc86b6f150b817d,-1035.166381836,64933,19513,21.0437,7.9366,13.1071,34.8366,0.37624,0.8925,1.0355,1.1602
20260810_044420-g1_29dof_wbt_iql_manager_seed2-locomotion,iql,89000,11,89000,8dc86b6f150b817d,-1035.166381836,76763,39227,13.8521,6.3308,7.5213,34.8366,0.2159,0.951,1.0233,1.076
20260810_044420-g1_29dof_wbt_iql_manager_seed2-locomotion,iql,89000,12,89000,8dc86b6f150b817d,-1035.166381836,33583,82841,13.3745,5.8805,7.4941,34.8366,0.21512,0.9266,1.0154,1.0958
20260810_044420-g1_29dof_wbt_iql_manager_seed2-locomotion,iql,89000,13,89000,8dc86b6f150b817d,-1035.166381836,29838,52509,15.4831,2.7431,12.74,34.8366,0.36571,0.8632,1.0293,1.1924
20260810_044420-g1_29dof_wbt_iql_manager_seed2-locomotion,iql,89000,14,89000,8dc86b6f150b817d,-1035.166381836,36307,14110,20.0602,3.3908,16.6695,34.8366,0.4785,0.9097,1.1427,1.2562
20260810_044420-g1_29dof_wbt_iql_manager_seed2-locomotion,iql,90000,0,90000,31e17ec64caa08c3,-1035.649780273,237311,68413,28.4455,7.8174,20.6282,35.703,0.57777,0.8317,1.0986,1.3209
20260810_044420-g1_29dof_wbt_iql_manager_seed2-locomotion,iql,90000,2,90000,31e17ec64caa08c3,-1035.649780273,168808,33814,18.2324,7.7119,10.5205,35.703,0.29467,0.8889,0.9969,1.1215
20260810_044420-g1_29dof_wbt_iql_manager_seed2-locomotion,iql,90000,4,90000,31e17ec64caa08c3,-1035.649780273,35214,133999,16.0297,4.0132,12.0165,35.703,0.33657,0.8648,0.9746,1.127
20260810_044420-g1_29dof_wbt_iql_manager_seed2-locomotion,iql,90000,5,90000,31e17ec64caa08c3,-1035.649780273,40938,30344,19.723,2.3608,17.3622,35.703,0.4863,0.8958,1.067,1.1911
20260810_044420-g1_29dof_wbt_iql_manager_seed2-locomotion,iql,90000,6,90000,31e17ec64caa08c3,-1035.649780273,51996,11915,22.5961,5.2332,17.3629,35.703,0.48632,0.9259,1.0746,1.1606
20260810_044420-g1_29dof_wbt_iql_manager_seed2-locomotion,iql,90000,7,90000,31e17ec64caa08c3,-1035.649780273,64933,19513,21.5086,8.2583,13.2502,35.703,0.37112,0.8942,1.0349,1.1572
20260810_044420-g1_29dof_wbt_iql_manager_seed2-locomotion,iql,90000,11,90000,31e17ec64caa08c3,-1035.649780273,76763,39227,14.0445,6.4374,7.6072,35.703,0.21307,0.9547,1.026,1.0747
20260810_044420-g1_29dof_wbt_iql_manager_seed2-locomotion,iql,90000,12,90000,31e17ec64caa08c3,-1035.649780273,33583,82841,13.9318,6.2261,7.7057,35.703,0.21583,0.9275,1.0142,1.0934
20260810_044420-g1_29dof_wbt_iql_manager_seed2-locomotion,iql,90000,13,90000,31e17ec64caa08c3,-1035.649780273,29838,52509,16.2742,2.9353,13.3389,35.703,0.37361,0.8744,1.0339,1.1824
20260810_044420-g1_29dof_wbt_iql_manager_seed2-locomotion,iql,90000,14,90000,31e17ec64caa08c3,-1035.649780273,36307,14110,20.949,3.6574,17.2916,35.703,0.48432,0.9144,1.1448,1.252
20260810_044420-g1_29dof_wbt_iql_manager_seed2-locomotion,iql,91000,0,91000,8c7c58351c5304bc,-1041.565185547,237311,68413,29.3436,7.7081,21.6354,36.6343,0.59058,0.8329,1.1009,1.3217
20260810_044420-g1_29dof_wbt_iql_manager_seed2-locomotion,iql,91000,2,91000,8c7c58351c5304bc,-1041.565185547,168808,33814,18.8804,7.3275,11.5529,36.6343,0.31536,0.8901,0.9984,1.1216
20260810_044420-g1_29dof_wbt_iql_manager_seed2-locomotion,iql,91000,4,91000,8c7c58351c5304bc,-1041.565185547,35214,133999,15.9492,3.5965,12.3527,36.6343,0.33719,0.8589,0.9736,1.1335
20260810_044420-g1_29dof_wbt_iql_manager_seed2-locomotion,iql,91000,5,91000,8c7c58351c5304bc,-1041.565185547,40938,30344,19.4124,2.0026,17.4098,36.6343,0.47523,0.8953,1.071,1.1963
20260810_044420-g1_29dof_wbt_iql_manager_seed2-locomotion,iql,91000,6,91000,8c7c58351c5304bc,-1041.565185547,51996,11915,22.6749,4.8191,17.8558,36.6343,0.4874,0.9254,1.0739,1.1604
20260810_044420-g1_29dof_wbt_iql_manager_seed2-locomotion,iql,91000,7,91000,8c7c58351c5304bc,-1041.565185547,64933,19513,21.8995,7.954,13.9455,36.6343,0.38067,0.8918,1.0315,1.1567
20260810_044420-g1_29dof_wbt_iql_manager_seed2-locomotion,iql,91000,11,91000,8c7c58351c5304bc,-1041.565185547,76763,39227,13.9817,5.9832,7.9984,36.6343,0.21833,0.9568,1.0276,1.074
20260810_044420-g1_29dof_wbt_iql_manager_seed2-locomotion,iql,91000,12,91000,8c7c58351c5304bc,-1041.565185547,33583,82841,13.6162,5.6732,7.943,36.6343,0.21682,0.9285,1.0158,1.0941
20260810_044420-g1_29dof_wbt_iql_manager_seed2-locomotion,iql,91000,13,91000,8c7c58351c5304bc,-1041.565185547,29838,52509,16.1391,2.5945,13.5446,36.6343,0.36972,0.8716,1.0339,1.1862
20260810_044420-g1_29dof_wbt_iql_manager_seed2-locomotion,iql,91000,14,91000,8c7c58351c5304bc,-1041.565185547,36307,14110,20.5916,3.3286,17.263,36.6343,0.47122,0.9192,1.1582,1.26
20260810_044420-g1_29dof_wbt_iql_manager_seed2-locomotion,iql,92000,0,92000,226c5dfbde8564a7,-1045.982788086,237311,68413,28.5091,8.1524,20.3567,35.7423,0.56954,0.8301,1.0955,1.3197
20260810_044420-g1_29dof_wbt_iql_manager_seed2-locomotion,iql,92000,2,92000,226c5dfbde8564a7,-1045.982788086,168808,33814,17.682,6.8421,10.8399,35.7423,0.30328,0.8879,0.9952,1.1208
20260810_044420-g1_29dof_wbt_iql_manager_seed2-locomotion,iql,92000,4,92000,226c5dfbde8564a7,-1045.982788086,35214,133999,15.6217,3.6037,12.018,35.7423,0.33624,0.8574,0.973,1.1348
20260810_044420-g1_29dof_wbt_iql_manager_seed2-locomotion,iql,92000,5,92000,226c5dfbde8564a7,-1045.982788086,40938,30344,19.1998,2.2548,16.945,35.7423,0.47409,0.891,1.0601,1.1899
20260810_044420-g1_29dof_wbt_iql_manager_seed2-locomotion,iql,92000,6,92000,226c5dfbde8564a7,-1045.982788086,51996,11915,22.0826,5.1381,16.9445,35.7423,0.47407,0.9265,1.0718,1.1568
20260810_044420-g1_29dof_wbt_iql_manager_seed2-locomotion,iql,92000,7,92000,226c5dfbde8564a7,-1045.982788086,64933,19513,21.1341,8.1482,12.9859,35.7423,0.36332,0.8924,1.0313,1.1556
20260810_044420-g1_29dof_wbt_iql_manager_seed2-locomotion,iql,92000,11,92000,226c5dfbde8564a7,-1045.982788086,76763,39227,13.86,6.3256,7.5344,35.7423,0.2108,0.9506,1.0202,1.0732
20260810_044420-g1_29dof_wbt_iql_manager_seed2-locomotion,iql,92000,12,92000,226c5dfbde8564a7,-1045.982788086,33583,82841,13.475,5.9937,7.4813,35.7423,0.20931,0.9272,1.0172,1.0971
20260810_044420-g1_29dof_wbt_iql_manager_seed2-locomotion,iql,92000,13,92000,226c5dfbde8564a7,-1045.982788086,29838,52509,15.4752,2.6735,12.8017,35.7423,0.35817,0.8687,1.0305,1.1863
20260810_044420-g1_29dof_wbt_iql_manager_seed2-locomotion,iql,92000,14,92000,226c5dfbde8564a7,-1045.982788086,36307,14110,20.153,3.3781,16.7749,35.7423,0.46933,0.9145,1.1416,1.2483
20260810_044420-g1_29dof_wbt_iql_manager_seed2-locomotion,iql,93000,0,93000,9614ba7038d2bf7f,-1053.608032227,237311,68413,28.5794,7.6673,20.9121,35.8855,0.58275,0.83,1.0965,1.3211
20260810_044420-g1_29dof_wbt_iql_manager_seed2-locomotion,iql,93000,2,93000,9614ba7038d2bf7f,-1053.608032227,168808,33814,17.8051,6.6743,11.1309,35.8855,0.31018,0.8864,0.9954,1.1229
20260810_044420-g1_29dof_wbt_iql_manager_seed2-locomotion,iql,93000,4,93000,9614ba7038d2bf7f,-1053.608032227,35214,133999,15.4266,3.4701,11.9565,35.8855,0.33318,0.8549,0.9712,1.136
20260810_044420-g1_29dof_wbt_iql_manager_seed2-locomotion,iql,93000,5,93000,9614ba7038d2bf7f,-1053.608032227,40938,30344,19.4609,2.0378,17.423,35.8855,0.48552,0.8903,1.0658,1.1971
20260810_044420-g1_29dof_wbt_iql_manager_seed2-locomotion,iql,93000,6,93000,9614ba7038d2bf7f,-1053.608032227,51996,11915,22.4902,4.7006,17.7896,35.8855,0.49573,0.9223,1.0686,1.1586
20260810_044420-g1_29dof_wbt_iql_manager_seed2-locomotion,iql,93000,7,93000,9614ba7038d2bf7f,-1053.608032227,64933,19513,21.5223,7.7876,13.7347,35.8855,0.38274,0.8919,1.0323,1.1573
20260810_044420-g1_29dof_wbt_iql_manager_seed2-locomotion,iql,93000,11,93000,9614ba7038d2bf7f,-1053.608032227,76763,39227,13.9755,6.0435,7.932,35.8855,0.22104,0.9488,1.0196,1.0747
20260810_044420-g1_29dof_wbt_iql_manager_seed2-locomotion,iql,93000,12,93000,9614ba7038d2bf7f,-1053.608032227,33583,82841,13.6426,5.7606,7.882,35.8855,0.21964,0.9232,1.0128,1.097
20260810_044420-g1_29dof_wbt_iql_manager_seed2-locomotion,iql,93000,13,93000,9614ba7038d2bf7f,-1053.608032227,29838,52509,15.9264,2.6299,13.2965,35.8855,0.37053,0.8638,1.0305,1.193
20260810_044420-g1_29dof_wbt_iql_manager_seed2-locomotion,iql,93000,14,93000,9614ba7038d2bf7f,-1053.608032227,36307,14110,20.4679,3.2164,17.2515,35.8855,0.48074,0.9099,1.1454,1.2587
20260810_044420-g1_29dof_wbt_iql_manager_seed2-locomotion,iql,94000,0,94000,66303cbacc56083e,-1052.770751953,237311,68413,29.0467,7.8618,21.1849,36.5836,0.57908,0.8314,1.0983,1.321
20260810_044420-g1_29dof_wbt_iql_manager_seed2-locomotion,iql,94000,2,94000,66303cbacc56083e,-1052.770751953,168808,33814,17.0924,6.1066,10.9858,36.5836,0.30029,0.8898,0.9991,1.1228
20260810_044420-g1_29dof_wbt_iql_manager_seed2-locomotion,iql,94000,4,94000,66303cbacc56083e,-1052.770751953,35214,133999,15.7667,3.2784,12.4883,36.5836,0.34136,0.8568,0.9737,1.1364
20260810_044420-g1_29dof_wbt_iql_manager_seed2-locomotion,iql,94000,5,94000,66303cbacc56083e,-1052.770751953,40938,30344,19.5102,2.0792,17.431,36.5836,0.47647,0.8923,1.0643,1.1928
20260810_044420-g1_29dof_wbt_iql_manager_seed2-locomotion,iql,94000,6,94000,66303cbacc56083e,-1052.770751953,51996,11915,22.3684,4.9704,17.398,36.5836,0.47557,0.9249,1.0748,1.1621
20260810_044420-g1_29dof_wbt_iql_manager_seed2-locomotion,iql,94000,7,94000,66303cbacc56083e,-1052.770751953,64933,19513,21.3239,7.646,13.6779,36.5836,0.37388,0.8926,1.0362,1.161
20260810_044420-g1_29dof_wbt_iql_manager_seed2-locomotion,iql,94000,11,94000,66303cbacc56083e,-1052.770751953,76763,39227,13.6616,5.7603,7.9013,36.5836,0.21598,0.9544,1.0251,1.074
20260810_044420-g1_29dof_wbt_iql_manager_seed2-locomotion,iql,94000,12,94000,66303cbacc56083e,-1052.770751953,33583,82841,13.3568,5.527,7.8298,36.5836,0.21403,0.925,1.0161,1.0985
20260810_044420-g1_29dof_wbt_iql_manager_seed2-locomotion,iql,94000,13,94000,66303cbacc56083e,-1052.770751953,29838,52509,16.0259,2.5663,13.4596,36.5836,0.36791,0.8661,1.0292,1.1883
20260810_044420-g1_29dof_wbt_iql_manager_seed2-locomotion,iql,94000,14,94000,66303cbacc56083e,-1052.770751953,36307,14110,20.3983,3.3691,17.0292,36.5836,0.46549,0.9142,1.1461,1.2536
20260810_044420-g1_29dof_wbt_iql_manager_seed2-locomotion,iql,95000,0,95000,e640f85d5b5ad668,-1058.267578125,237311,68413,28.1931,7.7607,20.4324,35.5495,0.57476,0.8325,1.0978,1.3187
20260810_044420-g1_29dof_wbt_iql_manager_seed2-locomotion,iql,95000,2,95000,e640f85d5b5ad668,-1058.267578125,168808,33814,17.6296,6.824,10.8056,35.5495,0.30396,0.8901,1.0017,1.1254
20260810_044420-g1_29dof_wbt_iql_manager_seed2-locomotion,iql,95000,4,95000,e640f85d5b5ad668,-1058.267578125,35214,133999,15.6334,3.8398,11.7936,35.5495,0.33175,0.8556,0.9689,1.1324
20260810_044420-g1_29dof_wbt_iql_manager_seed2-locomotion,iql,95000,5,95000,e640f85d5b5ad668,-1058.267578125,40938,30344,18.8296,2.2943,16.5353,35.5495,0.46514,0.8933,1.0621,1.189
20260810_044420-g1_29dof_wbt_iql_manager_seed2-locomotion,iql,95000,6,95000,e640f85d5b5ad668,-1058.267578125,51996,11915,21.6492,5.1722,16.477,35.5495,0.4635,0.9239,1.075,1.1636
20260810_044420-g1_29dof_wbt_iql_manager_seed2-locomotion,iql,95000,7,95000,e640f85d5b5ad668,-1058.267578125,64933,19513,20.8778,8.0047,12.8731,35.5495,0.36212,0.8915,1.0352,1.1611
20260810_044420-g1_29dof_wbt_iql_manager_seed2-locomotion,iql,95000,11,95000,e640f85d5b5ad668,-1058.267578125,76763,39227,13.9097,6.4233,7.4863,35.5495,0.21059,0.9512,1.0215,1.0738
20260810_044420-g1_29dof_wbt_iql_manager_seed2-locomotion,iql,95000,12,95000,e640f85d5b5ad668,-1058.267578125,33583,82841,13.7415,6.1492,7.5923,35.5495,0.21357,0.9248,1.0138,1.0962
20260810_044420-g1_29dof_wbt_iql_manager_seed2-locomotion,iql,95000,13,95000,e640f85d5b5ad668,-1058.267578125,29838,52509,15.7515,2.8224,12.9291,35.5495,0.36369,0.8679,1.0276,1.184
20260810_044420-g1_29dof_wbt_iql_manager_seed2-locomotion,iql,95000,14,95000,e640f85d5b5ad668,-1058.267578125,36307,14110,19.7087,3.2832,16.4255,35.5495,0.46204,0.9129,1.1441,1.2534
20260810_044420-g1_29dof_wbt_iql_manager_seed2-locomotion,iql,96000,0,96000,9ae30e00725f2d9a,-1066.381225586,237311,68413,28.3556,7.328,21.0275,35.6845,0.58926,0.8306,1.0968,1.3205
20260810_044420-g1_29dof_wbt_iql_manager_seed2-locomotion,iql,96000,2,96000,9ae30e00725f2d9a,-1066.381225586,168808,33814,17.4946,6.684,10.8106,35.6845,0.30295,0.8857,0.994,1.1223
20260810_044420-g1_29dof_wbt_iql_manager_seed2-locomotion,iql,96000,4,96000,9ae30e00725f2d9a,-1066.381225586,35214,133999,15.9366,3.6575,12.279,35.6845,0.3441,0.8536,0.9685,1.1347
20260810_044420-g1_29dof_wbt_iql_manager_seed2-locomotion,iql,96000,5,96000,9ae30e00725f2d9a,-1066.381225586,40938,30344,19.4969,2.2665,17.2305,35.6845,0.48286,0.8885,1.0605,1.1935
20260810_044420-g1_29dof_wbt_iql_manager_seed2-locomotion,iql,96000,6,96000,9ae30e00725f2d9a,-1066.381225586,51996,11915,22.3661,5.1437,17.2224,35.6845,0.48263,0.9218,1.0672,1.1577
20260810_044420-g1_29dof_wbt_iql_manager_seed2-locomotion,iql,96000,7,96000,9ae30e00725f2d9a,-1066.381225586,64933,19513,21.2063,7.8328,13.3735,35.6845,0.37477,0.8913,1.0327,1.1587
20260810_044420-g1_29dof_wbt_iql_manager_seed2-locomotion,iql,96000,11,96000,9ae30e00725f2d9a,-1066.381225586,76763,39227,13.6373,5.9342,7.7031,35.6845,0.21587,0.9521,1.0223,1.0737
20260810_044420-g1_29dof_wbt_iql_manager_seed2-locomotion,iql,96000,12,96000,9ae30e00725f2d9a,-1066.381225586,33583,82841,13.3802,5.7409,7.6393,35.6845,0.21408,0.9246,1.013,1.0956
20260810_044420-g1_29dof_wbt_iql_manager_seed2-locomotion,iql,96000,13,96000,9ae30e00725f2d9a,-1066.381225586,29838,52509,15.6215,2.679,12.9424,35.6845,0.36269,0.8644,1.0267,1.1878
20260810_044420-g1_29dof_wbt_iql_manager_seed2-locomotion,iql,96000,14,96000,9ae30e00725f2d9a,-1066.381225586,36307,14110,20.1663,3.1813,16.985,35.6845,0.47598,0.9097,1.1367,1.2496
20260810_044420-g1_29dof_wbt_iql_manager_seed2-locomotion,iql,97000,0,97000,21d5ac6a68bc6b3d,-1069.637817383,237311,68413,27.5766,7.2718,20.3049,34.3771,0.59065,0.8316,1.096,1.318
20260810_044420-g1_29dof_wbt_iql_manager_seed2-locomotion,iql,97000,2,97000,21d5ac6a68bc6b3d,-1069.637817383,168808,33814,17.3956,6.645,10.7506,34.3771,0.31273,0.8875,0.997,1.1234
20260810_044420-g1_29dof_wbt_iql_manager_seed2-locomotion,iql,97000,4,97000,21d5ac6a68bc6b3d,-1069.637817383,35214,133999,15.2729,3.444,11.8289,34.3771,0.34409,0.8582,0.9706,1.131
20260810_044420-g1_29dof_wbt_iql_manager_seed2-locomotion,iql,97000,5,97000,21d5ac6a68bc6b3d,-1069.637817383,40938,30344,18.5767,2.1083,16.4683,34.3771,0.47905,0.8924,1.0612,1.1892
20260810_044420-g1_29dof_wbt_iql_manager_seed2-locomotion,iql,97000,6,97000,21d5ac6a68bc6b3d,-1069.637817383,51996,11915,21.8062,5.1056,16.7007,34.3771,0.48581,0.9231,1.0695,1.1585
20260810_044420-g1_29dof_wbt_iql_manager_seed2-locomotion,iql,97000,7,97000,21d5ac6a68bc6b3d,-1069.637817383,64933,19513,20.6272,7.539,13.0882,34.3771,0.38073,0.8946,1.0336,1.1554
20260810_044420-g1_29dof_wbt_iql_manager_seed2-locomotion,iql,97000,11,97000,21d5ac6a68bc6b3d,-1069.637817383,76763,39227,13.4836,5.8452,7.6384,34.3771,0.22219,0.9515,1.0218,1.0739
20260810_044420-g1_29dof_wbt_iql_manager_seed2-locomotion,iql,97000,12,97000,21d5ac6a68bc6b3d,-1069.637817383,33583,82841,13.2622,5.6386,7.6236,34.3771,0.22176,0.9246,1.0139,1.0966
20260810_044420-g1_29dof_wbt_iql_manager_seed2-locomotion,iql,97000,13,97000,21d5ac6a68bc6b3d,-1069.637817383,29838,52509,15.1446,2.5793,12.5653,34.3771,0.36551,0.8681,1.0307,1.1873
20260810_044420-g1_29dof_wbt_iql_manager_seed2-locomotion,iql,97000,14,97000,21d5ac6a68bc6b3d,-1069.637817383,36307,14110,19.3288,3.0091,16.3197,34.3771,0.47473,0.9141,1.1419,1.2492
20260810_044420-g1_29dof_wbt_iql_manager_seed2-locomotion,iql,98000,0,98000,d142aafce0373ab7,-1087.82043457,237311,68413,28.4857,7.6622,20.8235,35.9475,0.57927,0.8308,1.0961,1.3193
20260810_044420-g1_29dof_wbt_iql_manager_seed2-locomotion,iql,98000,2,98000,d142aafce0373ab7,-1087.82043457,168808,33814,18.0218,7.0854,10.9364,35.9475,0.30423,0.8892,0.9969,1.1211
20260810_044420-g1_29dof_wbt_iql_manager_seed2-locomotion,iql,98000,4,98000,d142aafce0373ab7,-1087.82043457,35214,133999,15.6708,3.7211,11.9497,35.9475,0.33242,0.8569,0.9703,1.1324
20260810_044420-g1_29dof_wbt_iql_manager_seed2-locomotion,iql,98000,5,98000,d142aafce0373ab7,-1087.82043457,40938,30344,18.8268,2.1897,16.6371,35.9475,0.46282,0.8907,1.0599,1.19
20260810_044420-g1_29dof_wbt_iql_manager_seed2-locomotion,iql,98000,6,98000,d142aafce0373ab7,-1087.82043457,51996,11915,22.0169,5.1281,16.8888,35.9475,0.46982,0.9239,1.0741,1.1626
20260810_044420-g1_29dof_wbt_iql_manager_seed2-locomotion,iql,98000,7,98000,d142aafce0373ab7,-1087.82043457,64933,19513,21.1134,7.7912,13.3222,35.9475,0.3706,0.892,1.0313,1.1561
20260810_044420-g1_29dof_wbt_iql_manager_seed2-locomotion,iql,98000,11,98000,d142aafce0373ab7,-1087.82043457,76763,39227,13.4519,5.9491,7.5028,35.9475,0.20872,0.9497,1.0211,1.0751
20260810_044420-g1_29dof_wbt_iql_manager_seed2-locomotion,iql,98000,12,98000,d142aafce0373ab7,-1087.82043457,33583,82841,13.2427,5.6555,7.5872,35.9475,0.21106,0.9269,1.015,1.0949
20260810_044420-g1_29dof_wbt_iql_manager_seed2-locomotion,iql,98000,13,98000,d142aafce0373ab7,-1087.82043457,29838,52509,15.3474,2.6663,12.6811,35.9475,0.35277,0.866,1.0283,1.1874
20260810_044420-g1_29dof_wbt_iql_manager_seed2-locomotion,iql,98000,14,98000,d142aafce0373ab7,-1087.82043457,36307,14110,19.7365,3.1768,16.5598,35.9475,0.46066,0.9098,1.1389,1.2518
20260810_044420-g1_29dof_wbt_iql_manager_seed2-locomotion,iql,99000,0,99000,47d5ce76681a1239,-1095.310302734,237311,68413,28.9184,7.5001,21.4183,36.299,0.59005,0.8318,1.0976,1.3196
20260810_044420-g1_29dof_wbt_iql_manager_seed2-locomotion,iql,99000,2,99000,47d5ce76681a1239,-1095.310302734,168808,33814,18.2204,7.1256,11.0948,36.299,0.30565,0.8916,1.0049,1.1271
20260810_044420-g1_29dof_wbt_iql_manager_seed2-locomotion,iql,99000,4,99000,47d5ce76681a1239,-1095.310302734,35214,133999,15.6074,3.4654,12.1421,36.299,0.3345,0.8581,0.9716,1.1323
20260810_044420-g1_29dof_wbt_iql_manager_seed2-locomotion,iql,99000,5,99000,47d5ce76681a1239,-1095.310302734,40938,30344,18.9865,1.9826,17.0039,36.299,0.46844,0.8897,1.0653,1.1974
20260810_044420-g1_29dof_wbt_iql_manager_seed2-locomotion,iql,99000,6,99000,47d5ce76681a1239,-1095.310302734,51996,11915,22.1568,4.5427,17.6142,36.299,0.48525,0.922,1.0734,1.1642
20260810_044420-g1_29dof_wbt_iql_manager_seed2-locomotion,iql,99000,7,99000,47d5ce76681a1239,-1095.310302734,64933,19513,21.6964,7.8972,13.7992,36.299,0.38015,0.8925,1.0338,1.1583
20260810_044420-g1_29dof_wbt_iql_manager_seed2-locomotion,iql,99000,11,99000,47d5ce76681a1239,-1095.310302734,76763,39227,14.1561,6.1528,8.0034,36.299,0.22049,0.9511,1.0209,1.0734
20260810_044420-g1_29dof_wbt_iql_manager_seed2-locomotion,iql,99000,12,99000,47d5ce76681a1239,-1095.310302734,33583,82841,13.4909,5.6544,7.8364,36.299,0.21589,0.9255,1.0166,1.0984
20260810_044420-g1_29dof_wbt_iql_manager_seed2-locomotion,iql,99000,13,99000,47d5ce76681a1239,-1095.310302734,29838,52509,15.575,2.5354,13.0396,36.299,0.35923,0.8664,1.0315,1.1906
20260810_044420-g1_29dof_wbt_iql_manager_seed2-locomotion,iql,99000,14,99000,47d5ce76681a1239,-1095.310302734,36307,14110,20.0444,2.8844,17.16,36.299,0.47274,0.9097,1.147,1.2609
20260810_044420-g1_29dof_wbt_iql_manager_seed2-locomotion,iql,100000,0,100000,924716a0ae32d677,-1095.194091797,237311,68413,28.5413,7.9344,20.6069,35.4245,0.58171,0.8316,1.0967,1.3187
20260810_044420-g1_29dof_wbt_iql_manager_seed2-locomotion,iql,100000,2,100000,924716a0ae32d677,-1095.194091797,168808,33814,17.9898,6.9354,11.0544,35.4245,0.31206,0.8875,0.9963,1.1226
20260810_044420-g1_29dof_wbt_iql_manager_seed2-locomotion,iql,100000,4,100000,924716a0ae32d677,-1095.194091797,35214,133999,15.5232,3.6304,11.8927,35.4245,0.33572,0.8597,0.9704,1.1288
20260810_044420-g1_29dof_wbt_iql_manager_seed2-locomotion,iql,100000,5,100000,924716a0ae32d677,-1095.194091797,40938,30344,18.8401,2.2653,16.5749,35.4245,0.46789,0.894,1.0639,1.19
20260810_044420-g1_29dof_wbt_iql_manager_seed2-locomotion,iql,100000,6,100000,924716a0ae32d677,-1095.194091797,51996,11915,22.2562,5.5404,16.7158,35.4245,0.47187,0.9221,1.0703,1.1607
20260810_044420-g1_29dof_wbt_iql_manager_seed2-locomotion,iql,100000,7,100000,924716a0ae32d677,-1095.194091797,64933,19513,21.0072,7.7614,13.2457,35.4245,0.37392,0.8928,1.0353,1.1596
20260810_044420-g1_29dof_wbt_iql_manager_seed2-locomotion,iql,100000,11,100000,924716a0ae32d677,-1095.194091797,76763,39227,13.4258,5.8865,7.5393,35.4245,0.21283,0.9527,1.0234,1.0742
20260810_044420-g1_29dof_wbt_iql_manager_seed2-locomotion,iql,100000,12,100000,924716a0ae32d677,-1095.194091797,33583,82841,13.3985,5.6837,7.7148,35.4245,0.21778,0.9254,1.0143,1.0961
20260810_044420-g1_29dof_wbt_iql_manager_seed2-locomotion,iql,100000,13,100000,924716a0ae32d677,-1095.194091797,29838,52509,15.5102,2.7162,12.794,35.4245,0.36116,0.8692,1.0295,1.1844
20260810_044420-g1_29dof_wbt_iql_manager_seed2-locomotion,iql,100000,14,100000,924716a0ae32d677,-1095.194091797,36307,14110,20.1912,3.611,16.5802,35.4245,0.46804,0.9154,1.1442,1.2499
