run,algo,step,bin,checkpoint_global_step,critic_checksum,first_layer_sum,n_surv,n_fail,Q_surv,Q_fail,Delta,span,Delta_hat,d_surv,d_fail,d_ratio
20260804_052213-g1_29dof_wbt_iql_manager---fix-locomotion,iql,1000,0,1000,9aeac61e0ca47c51,19.61341095,237311,68413,19.3087,9.6162,9.6925,29.4253,0.32939,0.8786,1.2193,1.3879
20260804_052213-g1_29dof_wbt_iql_manager---fix-locomotion,iql,1000,2,1000,9aeac61e0ca47c51,19.61341095,168808,33814,21.6885,16.0633,5.6252,29.4253,0.19117,0.9191,1.0696,1.1639
20260804_052213-g1_29dof_wbt_iql_manager---fix-locomotion,iql,1000,4,1000,9aeac61e0ca47c51,19.61341095,35214,133999,20.183,8.5816,11.6015,29.4253,0.39427,0.9295,1.0331,1.1115
20260804_052213-g1_29dof_wbt_iql_manager---fix-locomotion,iql,1000,5,1000,9aeac61e0ca47c51,19.61341095,40938,30344,22.0922,5.3992,16.693,29.4253,0.5673,0.9735,1.1525,1.1839
20260804_052213-g1_29dof_wbt_iql_manager---fix-locomotion,iql,1000,6,1000,9aeac61e0ca47c51,19.61341095,51996,11915,25.4875,14.6032,10.8844,29.4253,0.3699,0.9804,1.1545,1.1776
20260804_052213-g1_29dof_wbt_iql_manager---fix-locomotion,iql,1000,7,1000,9aeac61e0ca47c51,19.61341095,64933,19513,24.707,16.5265,8.1804,29.4253,0.27801,0.9549,1.1133,1.1659
20260804_052213-g1_29dof_wbt_iql_manager---fix-locomotion,iql,1000,11,1000,9aeac61e0ca47c51,19.61341095,76763,39227,18.7588,14.2634,4.4954,29.4253,0.15277,1.028,1.1082,1.078
20260804_052213-g1_29dof_wbt_iql_manager---fix-locomotion,iql,1000,12,1000,9aeac61e0ca47c51,19.61341095,33583,82841,19.1159,13.8262,5.2897,29.4253,0.17977,0.9838,1.0673,1.0848
20260804_052213-g1_29dof_wbt_iql_manager---fix-locomotion,iql,1000,13,1000,9aeac61e0ca47c51,19.61341095,29838,52509,21.992,6.2708,15.7212,29.4253,0.53427,0.9449,1.1001,1.1642
20260804_052213-g1_29dof_wbt_iql_manager---fix-locomotion,iql,1000,14,1000,9aeac61e0ca47c51,19.61341095,36307,14110,23.9522,10.9817,12.9705,29.4253,0.44079,0.9855,1.2396,1.2579
20260804_052213-g1_29dof_wbt_iql_manager---fix-locomotion,iql,2000,0,2000,099a7b53651cf7f4,-133.035705566,237311,68413,24.6954,12.0538,12.6417,33.5548,0.37675,0.8588,1.1861,1.3811
20260804_052213-g1_29dof_wbt_iql_manager---fix-locomotion,iql,2000,2,2000,099a7b53651cf7f4,-133.035705566,168808,33814,19.558,10.7552,8.8028,33.5548,0.26234,0.92,1.0678,1.1607
20260804_052213-g1_29dof_wbt_iql_manager---fix-locomotion,iql,2000,4,2000,099a7b53651cf7f4,-133.035705566,35214,133999,14.3181,2.639,11.6791,33.5548,0.34806,0.915,1.0152,1.1094
20260804_052213-g1_29dof_wbt_iql_manager---fix-locomotion,iql,2000,5,2000,099a7b53651cf7f4,-133.035705566,40938,30344,22.1027,3.0222,19.0805,33.5548,0.56864,0.9697,1.1338,1.1692
20260804_052213-g1_29dof_wbt_iql_manager---fix-locomotion,iql,2000,6,2000,099a7b53651cf7f4,-133.035705566,51996,11915,26.5839,11.0043,15.5797,33.5548,0.4643,0.9734,1.1396,1.1707
20260804_052213-g1_29dof_wbt_iql_manager---fix-locomotion,iql,2000,7,2000,099a7b53651cf7f4,-133.035705566,64933,19513,26.0751,14.1331,11.942,33.5548,0.3559,0.936,1.0859,1.1601
20260804_052213-g1_29dof_wbt_iql_manager---fix-locomotion,iql,2000,11,2000,099a7b53651cf7f4,-133.035705566,76763,39227,18.4739,11.7894,6.6845,33.5548,0.19921,0.9857,1.0657,1.0811
20260804_052213-g1_29dof_wbt_iql_manager---fix-locomotion,iql,2000,12,2000,099a7b53651cf7f4,-133.035705566,33583,82841,16.0602,7.7079,8.3524,33.5548,0.24892,0.9758,1.0511,1.0772
20260804_052213-g1_29dof_wbt_iql_manager---fix-locomotion,iql,2000,13,2000,099a7b53651cf7f4,-133.035705566,29838,52509,18.2796,2.5472,15.7324,33.5548,0.46886,0.9581,1.0872,1.1348
20260804_052213-g1_29dof_wbt_iql_manager---fix-locomotion,iql,2000,14,2000,099a7b53651cf7f4,-133.035705566,36307,14110,24.43,7.8209,16.6091,33.5548,0.49498,0.9906,1.2228,1.2344
20260804_052213-g1_29dof_wbt_iql_manager---fix-locomotion,iql,3000,0,3000,0fc5b64196c7bf25,-233.555038452,237311,68413,27.2765,12.4954,14.7812,34.487,0.4286,0.8508,1.1721,1.3775
20260804_052213-g1_29dof_wbt_iql_manager---fix-locomotion,iql,3000,2,3000,0fc5b64196c7bf25,-233.555038452,168808,33814,23.437,13.2473,10.1897,34.487,0.29547,0.9063,1.044,1.152
20260804_052213-g1_29dof_wbt_iql_manager---fix-locomotion,iql,3000,4,3000,0fc5b64196c7bf25,-233.555038452,35214,133999,21.3114,7.4093,13.9021,34.487,0.40311,0.8951,1.0077,1.1258
20260804_052213-g1_29dof_wbt_iql_manager---fix-locomotion,iql,3000,5,3000,0fc5b64196c7bf25,-233.555038452,40938,30344,23.8618,5.7742,18.0876,34.487,0.52448,0.939,1.117,1.1896
20260804_052213-g1_29dof_wbt_iql_manager---fix-locomotion,iql,3000,6,3000,0fc5b64196c7bf25,-233.555038452,51996,11915,26.542,12.8204,13.7216,34.487,0.39788,0.9524,1.1256,1.1819
20260804_052213-g1_29dof_wbt_iql_manager---fix-locomotion,iql,3000,7,3000,0fc5b64196c7bf25,-233.555038452,64933,19513,25.9791,15.4716,10.5074,34.487,0.30468,0.9237,1.0748,1.1635
20260804_052213-g1_29dof_wbt_iql_manager---fix-locomotion,iql,3000,11,3000,0fc5b64196c7bf25,-233.555038452,76763,39227,18.6103,11.1571,7.4532,34.487,0.21612,0.9733,1.0544,1.0834
20260804_052213-g1_29dof_wbt_iql_manager---fix-locomotion,iql,3000,12,3000,0fc5b64196c7bf25,-233.555038452,33583,82841,18.8302,10.0433,8.7868,34.487,0.25479,0.9625,1.0449,1.0855
20260804_052213-g1_29dof_wbt_iql_manager---fix-locomotion,iql,3000,13,3000,0fc5b64196c7bf25,-233.555038452,29838,52509,21.5915,5.5622,16.0293,34.487,0.46479,0.9212,1.0709,1.1625
20260804_052213-g1_29dof_wbt_iql_manager---fix-locomotion,iql,3000,14,3000,0fc5b64196c7bf25,-233.555038452,36307,14110,25.7183,10.2027,15.5156,34.487,0.4499,0.9639,1.2058,1.251
20260804_052213-g1_29dof_wbt_iql_manager---fix-locomotion,iql,4000,0,4000,b506e2761bffd443,-301.905334473,237311,68413,24.6545,7.8449,16.8096,33.1158,0.5076,0.8524,1.1781,1.382
20260804_052213-g1_29dof_wbt_iql_manager---fix-locomotion,iql,4000,2,4000,b506e2761bffd443,-301.905334473,168808,33814,17.6184,7.0187,10.5997,33.1158,0.32008,0.9117,1.0549,1.1571
20260804_052213-g1_29dof_wbt_iql_manager---fix-locomotion,iql,4000,4,4000,b506e2761bffd443,-301.905334473,35214,133999,20.6543,6.6944,13.9599,33.1158,0.42155,0.8871,0.9952,1.1219
20260804_052213-g1_29dof_wbt_iql_manager---fix-locomotion,iql,4000,5,4000,b506e2761bffd443,-301.905334473,40938,30344,23.2813,6.1494,17.1319,33.1158,0.51733,0.939,1.1013,1.1728
20260804_052213-g1_29dof_wbt_iql_manager---fix-locomotion,iql,4000,6,4000,b506e2761bffd443,-301.905334473,51996,11915,25.4997,12.6446,12.855,33.1158,0.38819,0.9615,1.1253,1.1704
20260804_052213-g1_29dof_wbt_iql_manager---fix-locomotion,iql,4000,7,4000,b506e2761bffd443,-301.905334473,64933,19513,24.6154,12.8404,11.775,33.1158,0.35557,0.9318,1.0778,1.1567
20260804_052213-g1_29dof_wbt_iql_manager---fix-locomotion,iql,4000,11,4000,b506e2761bffd443,-301.905334473,76763,39227,17.2386,9.4188,7.8198,33.1158,0.23614,0.9805,1.0607,1.0817
20260804_052213-g1_29dof_wbt_iql_manager---fix-locomotion,iql,4000,12,4000,b506e2761bffd443,-301.905334473,33583,82841,17.3221,8.6553,8.6667,33.1158,0.26171,0.9562,1.0416,1.0893
20260804_052213-g1_29dof_wbt_iql_manager---fix-locomotion,iql,4000,13,4000,b506e2761bffd443,-301.905334473,29838,52509,21.0897,5.6621,15.4276,33.1158,0.46587,0.9093,1.0552,1.1605
20260804_052213-g1_29dof_wbt_iql_manager---fix-locomotion,iql,4000,14,4000,b506e2761bffd443,-301.905334473,36307,14110,25.3049,10.721,14.584,33.1158,0.44039,0.9566,1.1952,1.2494
20260804_052213-g1_29dof_wbt_iql_manager---fix-locomotion,iql,5000,0,5000,81b79ae0b902a725,-352.171417236,237311,68413,27.2438,8.1692,19.0745,35.6267,0.5354,0.8439,1.1693,1.3856
20260804_052213-g1_29dof_wbt_iql_manager---fix-locomotion,iql,5000,2,5000,81b79ae0b902a725,-352.171417236,168808,33814,17.832,6.4053,11.4267,35.6267,0.32074,0.903,1.0429,1.1549
20260804_052213-g1_29dof_wbt_iql_manager---fix-locomotion,iql,5000,4,5000,81b79ae0b902a725,-352.171417236,35214,133999,15.9038,2.7575,13.1463,35.6267,0.369,0.8897,1.0056,1.1303
20260804_052213-g1_29dof_wbt_iql_manager---fix-locomotion,iql,5000,5,5000,81b79ae0b902a725,-352.171417236,40938,30344,21.7875,3.2104,18.5771,35.6267,0.52144,0.9342,1.1028,1.1805
20260804_052213-g1_29dof_wbt_iql_manager---fix-locomotion,iql,5000,6,5000,81b79ae0b902a725,-352.171417236,51996,11915,24.5785,8.7217,15.8568,35.6267,0.44508,0.9493,1.1183,1.1781
20260804_052213-g1_29dof_wbt_iql_manager---fix-locomotion,iql,5000,7,5000,81b79ae0b902a725,-352.171417236,64933,19513,23.9711,11.4993,12.4717,35.6267,0.35007,0.9195,1.0774,1.1717
20260804_052213-g1_29dof_wbt_iql_manager---fix-locomotion,iql,5000,11,5000,81b79ae0b902a725,-352.171417236,76763,39227,17.6282,9.0601,8.5681,35.6267,0.2405,0.9703,1.0538,1.0861
20260804_052213-g1_29dof_wbt_iql_manager---fix-locomotion,iql,5000,12,5000,81b79ae0b902a725,-352.171417236,33583,82841,15.5772,6.7951,8.7822,35.6267,0.24651,0.9554,1.0432,1.0918
20260804_052213-g1_29dof_wbt_iql_manager---fix-locomotion,iql,5000,13,5000,81b79ae0b902a725,-352.171417236,29838,52509,19.0057,3.3175,15.6882,35.6267,0.44035,0.9171,1.0641,1.1603
20260804_052213-g1_29dof_wbt_iql_manager---fix-locomotion,iql,5000,14,5000,81b79ae0b902a725,-352.171417236,36307,14110,23.5622,6.2637,17.2985,35.6267,0.48555,0.9583,1.1944,1.2464
20260804_052213-g1_29dof_wbt_iql_manager---fix-locomotion,iql,6000,0,6000,ef68c89536e15469,-381.505981445,237311,68413,28.663,10.3239,18.3391,34.4476,0.53238,0.8461,1.1624,1.3738
20260804_052213-g1_29dof_wbt_iql_manager---fix-locomotion,iql,6000,2,6000,ef68c89536e15469,-381.505981445,168808,33814,21.6255,10.2929,11.3326,34.4476,0.32898,0.895,1.0293,1.15
20260804_052213-g1_29dof_wbt_iql_manager---fix-locomotion,iql,6000,4,6000,ef68c89536e15469,-381.505981445,35214,133999,19.2241,4.4668,14.7573,34.4476,0.4284,0.8766,0.99,1.1293
20260804_052213-g1_29dof_wbt_iql_manager---fix-locomotion,iql,6000,5,6000,ef68c89536e15469,-381.505981445,40938,30344,22.5543,3.9485,18.6059,34.4476,0.54012,0.9308,1.0935,1.1748
20260804_052213-g1_29dof_wbt_iql_manager---fix-locomotion,iql,6000,6,6000,ef68c89536e15469,-381.505981445,51996,11915,25.3268,10.5322,14.7946,34.4476,0.42948,0.9493,1.115,1.1745
20260804_052213-g1_29dof_wbt_iql_manager---fix-locomotion,iql,6000,7,6000,ef68c89536e15469,-381.505981445,64933,19513,24.5836,12.9183,11.6653,34.4476,0.33864,0.914,1.068,1.1684
20260804_052213-g1_29dof_wbt_iql_manager---fix-locomotion,iql,6000,11,6000,ef68c89536e15469,-381.505981445,76763,39227,18.4712,10.2546,8.2165,34.4476,0.23852,0.9762,1.0575,1.0833
20260804_052213-g1_29dof_wbt_iql_manager---fix-locomotion,iql,6000,12,6000,ef68c89536e15469,-381.505981445,33583,82841,17.5506,8.3737,9.1769,34.4476,0.2664,0.9461,1.0353,1.0943
20260804_052213-g1_29dof_wbt_iql_manager---fix-locomotion,iql,6000,13,6000,ef68c89536e15469,-381.505981445,29838,52509,20.5737,4.4546,16.1191,34.4476,0.46793,0.9083,1.0566,1.1633
20260804_052213-g1_29dof_wbt_iql_manager---fix-locomotion,iql,6000,14,6000,ef68c89536e15469,-381.505981445,36307,14110,25.1166,7.7419,17.3748,34.4476,0.50438,0.9558,1.1901,1.2451
20260804_052213-g1_29dof_wbt_iql_manager---fix-locomotion,iql,7000,0,7000,86d3284e07484881,-388.649139404,237311,68413,29.0167,8.838,20.1787,34.8249,0.57943,0.8411,1.1518,1.3694
20260804_052213-g1_29dof_wbt_iql_manager---fix-locomotion,iql,7000,2,7000,86d3284e07484881,-388.649139404,168808,33814,21.7787,9.6869,12.0918,34.8249,0.34722,0.895,1.0253,1.1456
20260804_052213-g1_29dof_wbt_iql_manager---fix-locomotion,iql,7000,4,7000,86d3284e07484881,-388.649139404,35214,133999,18.2579,4.321,13.937,34.8249,0.4002,0.8805,0.996,1.1311
20260804_052213-g1_29dof_wbt_iql_manager---fix-locomotion,iql,7000,5,7000,86d3284e07484881,-388.649139404,40938,30344,21.5909,4.1959,17.395,34.8249,0.4995,0.9206,1.0948,1.1892
20260804_052213-g1_29dof_wbt_iql_manager---fix-locomotion,iql,7000,6,7000,86d3284e07484881,-388.649139404,51996,11915,24.9018,11.1787,13.7231,34.8249,0.39406,0.9508,1.1162,1.174
20260804_052213-g1_29dof_wbt_iql_manager---fix-locomotion,iql,7000,7,7000,86d3284e07484881,-388.649139404,64933,19513,24.4371,12.859,11.578,34.8249,0.33246,0.9155,1.0606,1.1585
20260804_052213-g1_29dof_wbt_iql_manager---fix-locomotion,iql,7000,11,7000,86d3284e07484881,-388.649139404,76763,39227,17.0182,8.8456,8.1726,34.8249,0.23468,0.9672,1.0468,1.0822
20260804_052213-g1_29dof_wbt_iql_manager---fix-locomotion,iql,7000,12,7000,86d3284e07484881,-388.649139404,33583,82841,16.6537,7.628,9.0257,34.8249,0.25917,0.9462,1.0343,1.0931
20260804_052213-g1_29dof_wbt_iql_manager---fix-locomotion,iql,7000,13,7000,86d3284e07484881,-388.649139404,29838,52509,19.1237,4.3327,14.791,34.8249,0.42472,0.8929,1.053,1.1792
20260804_052213-g1_29dof_wbt_iql_manager---fix-locomotion,iql,7000,14,7000,86d3284e07484881,-388.649139404,36307,14110,23.5311,7.2068,16.3243,34.8249,0.46875,0.9384,1.174,1.251
20260804_052213-g1_29dof_wbt_iql_manager---fix-locomotion,iql,8000,0,8000,b90759ff8985e09a,-411.723968506,237311,68413,28.5667,8.904,19.6627,34.8101,0.56486,0.8412,1.1498,1.367
20260804_052213-g1_29dof_wbt_iql_manager---fix-locomotion,iql,8000,2,8000,b90759ff8985e09a,-411.723968506,168808,33814,20.8217,8.7977,12.024,34.8101,0.34542,0.8918,1.0256,1.1501
20260804_052213-g1_29dof_wbt_iql_manager---fix-locomotion,iql,8000,4,8000,b90759ff8985e09a,-411.723968506,35214,133999,16.6986,3.6733,13.0254,34.8101,0.37418,0.8988,1.0,1.1125
20260804_052213-g1_29dof_wbt_iql_manager---fix-locomotion,iql,8000,5,8000,b90759ff8985e09a,-411.723968506,40938,30344,21.3576,3.1749,18.1827,34.8101,0.52234,0.9328,1.0903,1.1689
20260804_052213-g1_29dof_wbt_iql_manager---fix-locomotion,iql,8000,6,8000,b90759ff8985e09a,-411.723968506,51996,11915,24.9992,8.7797,16.2195,34.8101,0.46594,0.9501,1.107,1.1651
20260804_052213-g1_29dof_wbt_iql_manager---fix-locomotion,iql,8000,7,8000,b90759ff8985e09a,-411.723968506,64933,19513,24.9081,12.2651,12.643,34.8101,0.3632,0.9107,1.0659,1.1704
20260804_052213-g1_29dof_wbt_iql_manager---fix-locomotion,iql,8000,11,8000,b90759ff8985e09a,-411.723968506,76763,39227,16.3568,7.7957,8.5611,34.8101,0.24594,0.9609,1.0395,1.0818
20260804_052213-g1_29dof_wbt_iql_manager---fix-locomotion,iql,8000,12,8000,b90759ff8985e09a,-411.723968506,33583,82841,15.3574,6.6879,8.6694,34.8101,0.24905,0.9537,1.0393,1.0898
20260804_052213-g1_29dof_wbt_iql_manager---fix-locomotion,iql,8000,13,8000,b90759ff8985e09a,-411.723968506,29838,52509,18.5909,3.6579,14.933,34.8101,0.42899,0.9173,1.0587,1.1541
20260804_052213-g1_29dof_wbt_iql_manager---fix-locomotion,iql,8000,14,8000,b90759ff8985e09a,-411.723968506,36307,14110,23.4732,5.8324,17.6408,34.8101,0.50677,0.9589,1.1826,1.2334
20260804_052213-g1_29dof_wbt_iql_manager---fix-locomotion,iql,9000,0,9000,bbcfdc51c6bc3845,-431.358917236,237311,68413,26.3184,7.3447,18.9736,33.846,0.56059,0.8413,1.1481,1.3646
20260804_052213-g1_29dof_wbt_iql_manager---fix-locomotion,iql,9000,2,9000,bbcfdc51c6bc3845,-431.358917236,168808,33814,21.647,9.7729,11.8741,33.846,0.35083,0.8949,1.0274,1.1481
20260804_052213-g1_29dof_wbt_iql_manager---fix-locomotion,iql,9000,4,9000,bbcfdc51c6bc3845,-431.358917236,35214,133999,18.3299,4.4283,13.9016,33.846,0.41073,0.8833,0.9957,1.1273
20260804_052213-g1_29dof_wbt_iql_manager---fix-locomotion,iql,9000,5,9000,bbcfdc51c6bc3845,-431.358917236,40938,30344,21.0724,3.4414,17.631,33.846,0.52092,0.9354,1.0917,1.1671
20260804_052213-g1_29dof_wbt_iql_manager---fix-locomotion,iql,9000,6,9000,bbcfdc51c6bc3845,-431.358917236,51996,11915,24.342,8.9372,15.4047,33.846,0.45514,0.9474,1.1052,1.1665
20260804_052213-g1_29dof_wbt_iql_manager---fix-locomotion,iql,9000,7,9000,bbcfdc51c6bc3845,-431.358917236,64933,19513,23.5268,10.7573,12.7695,33.846,0.37728,0.91,1.0616,1.1667
20260804_052213-g1_29dof_wbt_iql_manager---fix-locomotion,iql,9000,11,9000,bbcfdc51c6bc3845,-431.358917236,76763,39227,15.7464,7.6114,8.135,33.846,0.24035,0.9643,1.0467,1.0854
20260804_052213-g1_29dof_wbt_iql_manager---fix-locomotion,iql,9000,12,9000,bbcfdc51c6bc3845,-431.358917236,33583,82841,15.6567,7.0183,8.6384,33.846,0.25523,0.941,1.0314,1.0961
20260804_052213-g1_29dof_wbt_iql_manager---fix-locomotion,iql,9000,13,9000,bbcfdc51c6bc3845,-431.358917236,29838,52509,18.7467,3.872,14.8748,33.846,0.43948,0.908,1.0504,1.1569
20260804_052213-g1_29dof_wbt_iql_manager---fix-locomotion,iql,9000,14,9000,bbcfdc51c6bc3845,-431.358917236,36307,14110,22.9637,5.8372,17.1265,33.846,0.50601,0.9493,1.1764,1.2392
20260804_052213-g1_29dof_wbt_iql_manager---fix-locomotion,iql,10000,0,10000,3bda21d6a5676310,-453.98739624,237311,68413,29.1348,10.411,18.7238,34.2694,0.54637,0.8401,1.1445,1.3623
20260804_052213-g1_29dof_wbt_iql_manager---fix-locomotion,iql,10000,2,10000,3bda21d6a5676310,-453.98739624,168808,33814,14.9283,5.626,9.3023,34.2694,0.27144,0.9013,1.0318,1.1448
20260804_052213-g1_29dof_wbt_iql_manager---fix-locomotion,iql,10000,4,10000,3bda21d6a5676310,-453.98739624,35214,133999,16.9512,4.2811,12.67,34.2694,0.36972,0.8765,0.9942,1.1342
20260804_052213-g1_29dof_wbt_iql_manager---fix-locomotion,iql,10000,5,10000,3bda21d6a5676310,-453.98739624,40938,30344,20.2649,3.6018,16.6631,34.2694,0.48624,0.9142,1.0858,1.1878
20260804_052213-g1_29dof_wbt_iql_manager---fix-locomotion,iql,10000,6,10000,3bda21d6a5676310,-453.98739624,51996,11915,23.2181,7.6094,15.6088,34.2694,0.45547,0.9383,1.1058,1.1785
20260804_052213-g1_29dof_wbt_iql_manager---fix-locomotion,iql,10000,7,10000,3bda21d6a5676310,-453.98739624,64933,19513,22.7432,10.2562,12.487,34.2694,0.36438,0.9121,1.0634,1.1659
20260804_052213-g1_29dof_wbt_iql_manager---fix-locomotion,iql,10000,11,10000,3bda21d6a5676310,-453.98739624,76763,39227,16.4232,8.6059,7.8173,34.2694,0.22811,0.9695,1.0509,1.084
20260804_052213-g1_29dof_wbt_iql_manager---fix-locomotion,iql,10000,12,10000,3bda21d6a5676310,-453.98739624,33583,82841,15.5232,7.2231,8.3001,34.2694,0.2422,0.9439,1.0324,1.0938
20260804_052213-g1_29dof_wbt_iql_manager---fix-locomotion,iql,10000,13,10000,3bda21d6a5676310,-453.98739624,29838,52509,18.419,4.078,14.3409,34.2694,0.41848,0.8924,1.0487,1.1752
20260804_052213-g1_29dof_wbt_iql_manager---fix-locomotion,iql,10000,14,10000,3bda21d6a5676310,-453.98739624,36307,14110,21.9059,5.4365,16.4695,34.2694,0.48059,0.9338,1.1706,1.2536
20260804_052213-g1_29dof_wbt_iql_manager---fix-locomotion,iql,11000,0,11000,3afaa229dcf59d95,-481.54864502,237311,68413,28.2909,8.9098,19.3811,34.033,0.56948,0.8366,1.1407,1.3636
20260804_052213-g1_29dof_wbt_iql_manager---fix-locomotion,iql,11000,2,11000,3afaa229dcf59d95,-481.54864502,168808,33814,19.0795,7.9915,11.088,34.033,0.3258,0.8965,1.033,1.1524
20260804_052213-g1_29dof_wbt_iql_manager---fix-locomotion,iql,11000,4,11000,3afaa229dcf59d95,-481.54864502,35214,133999,18.3503,4.4565,13.8938,34.033,0.40824,0.8761,0.9832,1.1223
20260804_052213-g1_29dof_wbt_iql_manager---fix-locomotion,iql,11000,5,11000,3afaa229dcf59d95,-481.54864502,40938,30344,22.32,4.2344,18.0857,34.033,0.53142,0.9195,1.0831,1.1779
20260804_052213-g1_29dof_wbt_iql_manager---fix-locomotion,iql,11000,6,11000,3afaa229dcf59d95,-481.54864502,51996,11915,24.4573,9.9214,14.5359,34.033,0.42711,0.9388,1.1011,1.1729
20260804_052213-g1_29dof_wbt_iql_manager---fix-locomotion,iql,11000,7,11000,3afaa229dcf59d95,-481.54864502,64933,19513,23.0157,10.9037,12.112,34.033,0.35589,0.9098,1.0677,1.1735
20260804_052213-g1_29dof_wbt_iql_manager---fix-locomotion,iql,11000,11,11000,3afaa229dcf59d95,-481.54864502,76763,39227,16.301,8.3197,7.9813,34.033,0.23452,0.9673,1.0429,1.0782
20260804_052213-g1_29dof_wbt_iql_manager---fix-locomotion,iql,11000,12,11000,3afaa229dcf59d95,-481.54864502,33583,82841,16.038,7.3871,8.6508,34.033,0.25419,0.9379,1.0264,1.0944
20260804_052213-g1_29dof_wbt_iql_manager---fix-locomotion,iql,11000,13,11000,3afaa229dcf59d95,-481.54864502,29838,52509,19.8693,4.1455,15.7238,34.033,0.46202,0.8941,1.0462,1.1701
20260804_052213-g1_29dof_wbt_iql_manager---fix-locomotion,iql,11000,14,11000,3afaa229dcf59d95,-481.54864502,36307,14110,23.3945,6.9465,16.448,34.033,0.4833,0.938,1.1713,1.2488
20260804_052213-g1_29dof_wbt_iql_manager---fix-locomotion,iql,12000,0,12000,f57cdc32e930d503,-511.425292969,237311,68413,28.4548,10.1025,18.3523,33.4035,0.54941,0.8372,1.1383,1.3597
20260804_052213-g1_29dof_wbt_iql_manager---fix-locomotion,iql,12000,2,12000,f57cdc32e930d503,-511.425292969,168808,33814,19.5478,7.922,11.6259,33.4035,0.34804,0.8963,1.023,1.1414
20260804_052213-g1_29dof_wbt_iql_manager---fix-locomotion,iql,12000,4,12000,f57cdc32e930d503,-511.425292969,35214,133999,18.3944,5.0876,13.3068,33.4035,0.39836,0.8723,0.9842,1.1283
20260804_052213-g1_29dof_wbt_iql_manager---fix-locomotion,iql,12000,5,12000,f57cdc32e930d503,-511.425292969,40938,30344,21.8294,3.9581,17.8714,33.4035,0.53502,0.9142,1.0814,1.1829
20260804_052213-g1_29dof_wbt_iql_manager---fix-locomotion,iql,12000,6,12000,f57cdc32e930d503,-511.425292969,51996,11915,24.5333,8.7976,15.7357,33.4035,0.47108,0.9413,1.1004,1.169
20260804_052213-g1_29dof_wbt_iql_manager---fix-locomotion,iql,12000,7,12000,f57cdc32e930d503,-511.425292969,64933,19513,23.7384,10.6387,13.0998,33.4035,0.39217,0.9103,1.0673,1.1725
20260804_052213-g1_29dof_wbt_iql_manager---fix-locomotion,iql,12000,11,12000,f57cdc32e930d503,-511.425292969,76763,39227,16.5527,8.6671,7.8856,33.4035,0.23607,0.9571,1.0373,1.0837
20260804_052213-g1_29dof_wbt_iql_manager---fix-locomotion,iql,12000,12,12000,f57cdc32e930d503,-511.425292969,33583,82841,16.6439,8.0239,8.6199,33.4035,0.25806,0.9387,1.0287,1.0959
20260804_052213-g1_29dof_wbt_iql_manager---fix-locomotion,iql,12000,13,12000,f57cdc32e930d503,-511.425292969,29838,52509,19.2128,4.4292,14.7836,33.4035,0.44258,0.8902,1.046,1.175
20260804_052213-g1_29dof_wbt_iql_manager---fix-locomotion,iql,12000,14,12000,f57cdc32e930d503,-511.425292969,36307,14110,23.2357,6.7083,16.5274,33.4035,0.49478,0.9338,1.1637,1.2462
20260804_052213-g1_29dof_wbt_iql_manager---fix-locomotion,iql,13000,0,13000,90302fd391e71fc5,-546.086181641,237311,68413,28.5928,9.1701,19.4227,34.5719,0.56181,0.8365,1.1416,1.3647
20260804_052213-g1_29dof_wbt_iql_manager---fix-locomotion,iql,13000,2,13000,90302fd391e71fc5,-546.086181641,168808,33814,19.485,7.7539,11.7311,34.5719,0.33932,0.8943,1.0273,1.1487
20260804_052213-g1_29dof_wbt_iql_manager---fix-locomotion,iql,13000,4,13000,90302fd391e71fc5,-546.086181641,35214,133999,17.258,4.0816,13.1763,34.5719,0.38113,0.8717,0.9865,1.1317
20260804_052213-g1_29dof_wbt_iql_manager---fix-locomotion,iql,13000,5,13000,90302fd391e71fc5,-546.086181641,40938,30344,21.378,3.8522,17.5258,34.5719,0.50694,0.9116,1.0835,1.1886
20260804_052213-g1_29dof_wbt_iql_manager---fix-locomotion,iql,13000,6,13000,90302fd391e71fc5,-546.086181641,51996,11915,25.2328,10.549,14.6838,34.5719,0.42473,0.941,1.1039,1.1731
20260804_052213-g1_29dof_wbt_iql_manager---fix-locomotion,iql,13000,7,13000,90302fd391e71fc5,-546.086181641,64933,19513,24.0317,10.8003,13.2314,34.5719,0.38272,0.9081,1.0602,1.1675
20260804_052213-g1_29dof_wbt_iql_manager---fix-locomotion,iql,13000,11,13000,90302fd391e71fc5,-546.086181641,76763,39227,16.2022,8.0924,8.1098,34.5719,0.23458,0.9618,1.0385,1.0797
20260804_052213-g1_29dof_wbt_iql_manager---fix-locomotion,iql,13000,12,13000,90302fd391e71fc5,-546.086181641,33583,82841,15.3783,6.9288,8.4495,34.5719,0.2444,0.9398,1.0293,1.0952
20260804_052213-g1_29dof_wbt_iql_manager---fix-locomotion,iql,13000,13,13000,90302fd391e71fc5,-546.086181641,29838,52509,17.7071,3.5666,14.1404,34.5719,0.40902,0.8918,1.0458,1.1727
20260804_052213-g1_29dof_wbt_iql_manager---fix-locomotion,iql,13000,14,13000,90302fd391e71fc5,-546.086181641,36307,14110,22.4487,6.4076,16.0411,34.5719,0.46399,0.9309,1.1679,1.2546
20260804_052213-g1_29dof_wbt_iql_manager---fix-locomotion,iql,14000,0,14000,591b95400174cd68,-568.01965332,237311,68413,28.6846,8.8577,19.8269,34.6221,0.57267,0.8343,1.1353,1.3608
20260804_052213-g1_29dof_wbt_iql_manager---fix-locomotion,iql,14000,2,14000,591b95400174cd68,-568.01965332,168808,33814,20.6182,8.4776,12.1407,34.6221,0.35066,0.8894,1.0147,1.1408
20260804_052213-g1_29dof_wbt_iql_manager---fix-locomotion,iql,14000,4,14000,591b95400174cd68,-568.01965332,35214,133999,17.4176,3.9212,13.4964,34.6221,0.38982,0.8766,0.9846,1.1232
20260804_052213-g1_29dof_wbt_iql_manager---fix-locomotion,iql,14000,5,14000,591b95400174cd68,-568.01965332,40938,30344,20.8844,2.8103,18.0741,34.6221,0.52204,0.9139,1.0858,1.188
20260804_052213-g1_29dof_wbt_iql_manager---fix-locomotion,iql,14000,6,14000,591b95400174cd68,-568.01965332,51996,11915,24.16,7.6837,16.4762,34.6221,0.47589,0.9425,1.1072,1.1747
20260804_052213-g1_29dof_wbt_iql_manager---fix-locomotion,iql,14000,7,14000,591b95400174cd68,-568.01965332,64933,19513,23.6774,10.3385,13.3389,34.6221,0.38527,0.9123,1.0706,1.1735
20260804_052213-g1_29dof_wbt_iql_manager---fix-locomotion,iql,14000,11,14000,591b95400174cd68,-568.01965332,76763,39227,15.2192,6.4576,8.7616,34.6221,0.25306,0.9634,1.0428,1.0823
20260804_052213-g1_29dof_wbt_iql_manager---fix-locomotion,iql,14000,12,14000,591b95400174cd68,-568.01965332,33583,82841,16.3465,7.3805,8.966,34.6221,0.25897,0.9382,1.0253,1.0929
20260804_052213-g1_29dof_wbt_iql_manager---fix-locomotion,iql,14000,13,14000,591b95400174cd68,-568.01965332,29838,52509,17.6355,3.1534,14.4822,34.6221,0.41829,0.8912,1.0454,1.1731
20260804_052213-g1_29dof_wbt_iql_manager---fix-locomotion,iql,14000,14,14000,591b95400174cd68,-568.01965332,36307,14110,21.7914,4.782,17.0094,34.6221,0.49129,0.9338,1.1769,1.2604
20260804_052213-g1_29dof_wbt_iql_manager---fix-locomotion,iql,15000,0,15000,c7bbe1322fb3e78c,-590.518554688,237311,68413,29.1118,9.4899,19.6219,35.4719,0.55317,0.8344,1.1322,1.3569
20260804_052213-g1_29dof_wbt_iql_manager---fix-locomotion,iql,15000,2,15000,c7bbe1322fb3e78c,-590.518554688,168808,33814,19.4817,8.0511,11.4306,35.4719,0.32224,0.893,1.0251,1.1479
20260804_052213-g1_29dof_wbt_iql_manager---fix-locomotion,iql,15000,4,15000,c7bbe1322fb3e78c,-590.518554688,35214,133999,16.655,4.0012,12.6537,35.4719,0.35673,0.8815,0.9895,1.1224
20260804_052213-g1_29dof_wbt_iql_manager---fix-locomotion,iql,15000,5,15000,c7bbe1322fb3e78c,-590.518554688,40938,30344,19.6669,2.8385,16.8284,35.4719,0.47441,0.9185,1.0816,1.1775
20260804_052213-g1_29dof_wbt_iql_manager---fix-locomotion,iql,15000,6,15000,c7bbe1322fb3e78c,-590.518554688,51996,11915,23.2347,6.4379,16.7968,35.4719,0.47352,0.9362,1.0905,1.1648
20260804_052213-g1_29dof_wbt_iql_manager---fix-locomotion,iql,15000,7,15000,c7bbe1322fb3e78c,-590.518554688,64933,19513,22.9268,9.7164,13.2104,35.4719,0.37242,0.9022,1.0492,1.1629
20260804_052213-g1_29dof_wbt_iql_manager---fix-locomotion,iql,15000,11,15000,c7bbe1322fb3e78c,-590.518554688,76763,39227,14.983,7.283,7.7,35.4719,0.21707,0.9605,1.0397,1.0824
20260804_052213-g1_29dof_wbt_iql_manager---fix-locomotion,iql,15000,12,15000,c7bbe1322fb3e78c,-590.518554688,33583,82841,14.1484,6.3115,7.8369,35.4719,0.22093,0.936,1.0273,1.0976
20260804_052213-g1_29dof_wbt_iql_manager---fix-locomotion,iql,15000,13,15000,c7bbe1322fb3e78c,-590.518554688,29838,52509,16.2286,3.1596,13.069,35.4719,0.36843,0.8955,1.0447,1.1666
20260804_052213-g1_29dof_wbt_iql_manager---fix-locomotion,iql,15000,14,15000,c7bbe1322fb3e78c,-590.518554688,36307,14110,20.6114,4.3034,16.3079,35.4719,0.45974,0.9364,1.1622,1.2411
20260804_052213-g1_29dof_wbt_iql_manager---fix-locomotion,iql,16000,0,16000,2cb5a0a3587d6c62,-614.318969727,237311,68413,29.966,10.4069,19.5591,36.0838,0.54205,0.8366,1.1442,1.3677
20260804_052213-g1_29dof_wbt_iql_manager---fix-locomotion,iql,16000,2,16000,2cb5a0a3587d6c62,-614.318969727,168808,33814,22.6314,11.7573,10.8741,36.0838,0.30136,0.8927,1.0292,1.1529
20260804_052213-g1_29dof_wbt_iql_manager---fix-locomotion,iql,16000,4,16000,2cb5a0a3587d6c62,-614.318969727,35214,133999,19.0916,4.8759,14.2157,36.0838,0.39396,0.8703,0.9874,1.1345
20260804_052213-g1_29dof_wbt_iql_manager---fix-locomotion,iql,16000,5,16000,2cb5a0a3587d6c62,-614.318969727,40938,30344,22.1657,3.9971,18.1687,36.0838,0.50351,0.9109,1.0801,1.1857
20260804_052213-g1_29dof_wbt_iql_manager---fix-locomotion,iql,16000,6,16000,2cb5a0a3587d6c62,-614.318969727,51996,11915,25.1438,9.0538,16.09,36.0838,0.44591,0.9338,1.0923,1.1698
20260804_052213-g1_29dof_wbt_iql_manager---fix-locomotion,iql,16000,7,16000,2cb5a0a3587d6c62,-614.318969727,64933,19513,24.5485,11.5356,13.0129,36.0838,0.36063,0.9065,1.0574,1.1665
20260804_052213-g1_29dof_wbt_iql_manager---fix-locomotion,iql,16000,11,16000,2cb5a0a3587d6c62,-614.318969727,76763,39227,17.948,9.6607,8.2873,36.0838,0.22967,0.9572,1.0347,1.0809
20260804_052213-g1_29dof_wbt_iql_manager---fix-locomotion,iql,16000,12,16000,2cb5a0a3587d6c62,-614.318969727,33583,82841,17.8853,8.6477,9.2375,36.0838,0.256,0.9373,1.0254,1.0939
20260804_052213-g1_29dof_wbt_iql_manager---fix-locomotion,iql,16000,13,16000,2cb5a0a3587d6c62,-614.318969727,29838,52509,19.8605,4.634,15.2265,36.0838,0.42197,0.89,1.0461,1.1755
20260804_052213-g1_29dof_wbt_iql_manager---fix-locomotion,iql,16000,14,16000,2cb5a0a3587d6c62,-614.318969727,36307,14110,22.9435,6.4313,16.5122,36.0838,0.45761,0.9294,1.1668,1.2554
20260804_052213-g1_29dof_wbt_iql_manager---fix-locomotion,iql,17000,0,17000,73e1096cdf152738,-639.724243164,237311,68413,28.7111,8.7989,19.9122,34.7174,0.57355,0.8343,1.1316,1.3564
20260804_052213-g1_29dof_wbt_iql_manager---fix-locomotion,iql,17000,2,17000,73e1096cdf152738,-639.724243164,168808,33814,18.7799,8.2926,10.4873,34.7174,0.30208,0.8905,1.0145,1.1392
20260804_052213-g1_29dof_wbt_iql_manager---fix-locomotion,iql,17000,4,17000,73e1096cdf152738,-639.724243164,35214,133999,18.4908,5.4624,13.0284,34.7174,0.37527,0.8716,0.9823,1.127
20260804_052213-g1_29dof_wbt_iql_manager---fix-locomotion,iql,17000,5,17000,73e1096cdf152738,-639.724243164,40938,30344,21.1417,4.2188,16.9229,34.7174,0.48745,0.9214,1.0846,1.1772
20260804_052213-g1_29dof_wbt_iql_manager---fix-locomotion,iql,17000,6,17000,73e1096cdf152738,-639.724243164,51996,11915,23.6395,8.0773,15.5622,34.7174,0.44825,0.9374,1.1017,1.1752
20260804_052213-g1_29dof_wbt_iql_manager---fix-locomotion,iql,17000,7,17000,73e1096cdf152738,-639.724243164,64933,19513,23.142,10.2414,12.9006,34.7174,0.37159,0.9014,1.0521,1.1671
20260804_052213-g1_29dof_wbt_iql_manager---fix-locomotion,iql,17000,11,17000,73e1096cdf152738,-639.724243164,76763,39227,15.1455,7.5624,7.5831,34.7174,0.21842,0.9589,1.0393,1.0838
20260804_052213-g1_29dof_wbt_iql_manager---fix-locomotion,iql,17000,12,17000,73e1096cdf152738,-639.724243164,33583,82841,15.4432,7.3979,8.0452,34.7174,0.23173,0.9317,1.0248,1.1
20260804_052213-g1_29dof_wbt_iql_manager---fix-locomotion,iql,17000,13,17000,73e1096cdf152738,-639.724243164,29838,52509,17.8029,4.2479,13.555,34.7174,0.39044,0.8885,1.045,1.1762
20260804_052213-g1_29dof_wbt_iql_manager---fix-locomotion,iql,17000,14,17000,73e1096cdf152738,-639.724243164,36307,14110,20.6907,5.8482,14.8425,34.7174,0.42752,0.9347,1.1698,1.2516
20260804_052213-g1_29dof_wbt_iql_manager---fix-locomotion,iql,18000,0,18000,94f7e70673c26cd1,-663.722900391,237311,68413,28.941,9.3263,19.6147,35.1013,0.5588,0.8349,1.131,1.3546
20260804_052213-g1_29dof_wbt_iql_manager---fix-locomotion,iql,18000,2,18000,94f7e70673c26cd1,-663.722900391,168808,33814,20.2546,8.9382,11.3165,35.1013,0.3224,0.8956,1.0239,1.1432
20260804_052213-g1_29dof_wbt_iql_manager---fix-locomotion,iql,18000,4,18000,94f7e70673c26cd1,-663.722900391,35214,133999,19.3151,4.7531,14.562,35.1013,0.41486,0.8663,0.9861,1.1383
20260804_052213-g1_29dof_wbt_iql_manager---fix-locomotion,iql,18000,5,18000,94f7e70673c26cd1,-663.722900391,40938,30344,22.6866,3.8683,18.8182,35.1013,0.53611,0.9073,1.0759,1.1858
20260804_052213-g1_29dof_wbt_iql_manager---fix-locomotion,iql,18000,6,18000,94f7e70673c26cd1,-663.722900391,51996,11915,25.328,8.5173,16.8107,35.1013,0.47892,0.9335,1.0947,1.1726
20260804_052213-g1_29dof_wbt_iql_manager---fix-locomotion,iql,18000,7,18000,94f7e70673c26cd1,-663.722900391,64933,19513,24.3799,11.36,13.0199,35.1013,0.37092,0.9056,1.0557,1.1657
20260804_052213-g1_29dof_wbt_iql_manager---fix-locomotion,iql,18000,11,18000,94f7e70673c26cd1,-663.722900391,76763,39227,16.8483,8.2713,8.577,35.1013,0.24435,0.9554,1.0335,1.0817
20260804_052213-g1_29dof_wbt_iql_manager---fix-locomotion,iql,18000,12,18000,94f7e70673c26cd1,-663.722900391,33583,82841,16.8646,7.9777,8.8869,35.1013,0.25318,0.9374,1.0252,1.0937
20260804_052213-g1_29dof_wbt_iql_manager---fix-locomotion,iql,18000,13,18000,94f7e70673c26cd1,-663.722900391,29838,52509,19.2569,4.0572,15.1997,35.1013,0.43302,0.8827,1.0417,1.1801
20260804_052213-g1_29dof_wbt_iql_manager---fix-locomotion,iql,18000,14,18000,94f7e70673c26cd1,-663.722900391,36307,14110,22.5718,5.5902,16.9816,35.1013,0.48379,0.9254,1.1584,1.2518
20260804_052213-g1_29dof_wbt_iql_manager---fix-locomotion,iql,19000,0,19000,90aebb3529ea2324,-688.469604492,237311,68413,27.8485,7.9876,19.861,34.1172,0.58214,0.834,1.1307,1.3558
20260804_052213-g1_29dof_wbt_iql_manager---fix-locomotion,iql,19000,2,19000,90aebb3529ea2324,-688.469604492,168808,33814,18.0694,7.2181,10.8513,34.1172,0.31806,0.8929,1.0235,1.1464
20260804_052213-g1_29dof_wbt_iql_manager---fix-locomotion,iql,19000,4,19000,90aebb3529ea2324,-688.469604492,35214,133999,18.2115,4.6744,13.5371,34.1172,0.39678,0.8629,0.986,1.1426
20260804_052213-g1_29dof_wbt_iql_manager---fix-locomotion,iql,19000,5,19000,90aebb3529ea2324,-688.469604492,40938,30344,21.6976,4.1296,17.568,34.1172,0.51493,0.9016,1.0729,1.19
20260804_052213-g1_29dof_wbt_iql_manager---fix-locomotion,iql,19000,6,19000,90aebb3529ea2324,-688.469604492,51996,11915,24.7596,9.5914,15.1683,34.1172,0.44459,0.9311,1.087,1.1674
20260804_052213-g1_29dof_wbt_iql_manager---fix-locomotion,iql,19000,7,19000,90aebb3529ea2324,-688.469604492,64933,19513,23.398,10.7452,12.6527,34.1172,0.37086,0.905,1.0575,1.1685
20260804_052213-g1_29dof_wbt_iql_manager---fix-locomotion,iql,19000,11,19000,90aebb3529ea2324,-688.469604492,76763,39227,16.3379,8.0989,8.239,34.1172,0.24149,0.9581,1.0354,1.0806
20260804_052213-g1_29dof_wbt_iql_manager---fix-locomotion,iql,19000,12,19000,90aebb3529ea2324,-688.469604492,33583,82841,15.7735,7.4405,8.3329,34.1172,0.24424,0.93,1.0247,1.1019
20260804_052213-g1_29dof_wbt_iql_manager---fix-locomotion,iql,19000,13,19000,90aebb3529ea2324,-688.469604492,29838,52509,18.2035,4.0587,14.1447,34.1172,0.41459,0.8759,1.0424,1.19
20260804_052213-g1_29dof_wbt_iql_manager---fix-locomotion,iql,19000,14,19000,90aebb3529ea2324,-688.469604492,36307,14110,22.1651,6.803,15.362,34.1172,0.45027,0.9212,1.1547,1.2534
20260804_052213-g1_29dof_wbt_iql_manager---fix-locomotion,iql,20000,0,20000,140f60b749c0522c,-706.968811035,237311,68413,27.9152,7.3449,20.5703,34.7864,0.59133,0.834,1.1319,1.3572
20260804_052213-g1_29dof_wbt_iql_manager---fix-locomotion,iql,20000,2,20000,140f60b749c0522c,-706.968811035,168808,33814,19.3722,8.1354,11.2368,34.7864,0.32302,0.8916,1.0158,1.1393
20260804_052213-g1_29dof_wbt_iql_manager---fix-locomotion,iql,20000,4,20000,140f60b749c0522c,-706.968811035,35214,133999,17.9239,4.2816,13.6423,34.7864,0.39217,0.8632,0.9797,1.135
20260804_052213-g1_29dof_wbt_iql_manager---fix-locomotion,iql,20000,5,20000,140f60b749c0522c,-706.968811035,40938,30344,20.8523,3.0994,17.7529,34.7864,0.51034,0.9048,1.0775,1.1909
20260804_052213-g1_29dof_wbt_iql_manager---fix-locomotion,iql,20000,6,20000,140f60b749c0522c,-706.968811035,51996,11915,24.2161,7.2927,16.9235,34.7864,0.4865,0.9325,1.0893,1.1681
20260804_052213-g1_29dof_wbt_iql_manager---fix-locomotion,iql,20000,7,20000,140f60b749c0522c,-706.968811035,64933,19513,23.1376,10.1773,12.9604,34.7864,0.37257,0.9022,1.0522,1.1662
20260804_052213-g1_29dof_wbt_iql_manager---fix-locomotion,iql,20000,11,20000,140f60b749c0522c,-706.968811035,76763,39227,14.2344,6.5257,7.7087,34.7864,0.2216,0.9567,1.0352,1.0821
20260804_052213-g1_29dof_wbt_iql_manager---fix-locomotion,iql,20000,12,20000,140f60b749c0522c,-706.968811035,33583,82841,15.4053,7.0261,8.3793,34.7864,0.24088,0.934,1.0253,1.0977
20260804_052213-g1_29dof_wbt_iql_manager---fix-locomotion,iql,20000,13,20000,140f60b749c0522c,-706.968811035,29838,52509,17.3192,3.5669,13.7523,34.7864,0.39534,0.8846,1.0461,1.1825
20260804_052213-g1_29dof_wbt_iql_manager---fix-locomotion,iql,20000,14,20000,140f60b749c0522c,-706.968811035,36307,14110,20.4731,4.4132,16.0598,34.7864,0.46167,0.9267,1.1595,1.2512
20260804_052213-g1_29dof_wbt_iql_manager---fix-locomotion,iql,21000,0,21000,12fb721cb198f897,-727.895446777,237311,68413,29.6233,9.1423,20.481,36.2403,0.56514,0.8369,1.1283,1.3483
20260804_052213-g1_29dof_wbt_iql_manager---fix-locomotion,iql,21000,2,21000,12fb721cb198f897,-727.895446777,168808,33814,19.9274,7.8855,12.0419,36.2403,0.33228,0.8913,1.0169,1.141
20260804_052213-g1_29dof_wbt_iql_manager---fix-locomotion,iql,21000,4,21000,12fb721cb198f897,-727.895446777,35214,133999,17.2042,3.8312,13.3731,36.2403,0.36901,0.8656,0.9804,1.1326
20260804_052213-g1_29dof_wbt_iql_manager---fix-locomotion,iql,21000,5,21000,12fb721cb198f897,-727.895446777,40938,30344,20.9011,2.9531,17.9481,36.2403,0.49525,0.9066,1.0708,1.1812
20260804_052213-g1_29dof_wbt_iql_manager---fix-locomotion,iql,21000,6,21000,12fb721cb198f897,-727.895446777,51996,11915,24.7668,7.7826,16.9842,36.2403,0.46865,0.935,1.0914,1.1673
20260804_052213-g1_29dof_wbt_iql_manager---fix-locomotion,iql,21000,7,21000,12fb721cb198f897,-727.895446777,64933,19513,24.6859,10.9782,13.7076,36.2403,0.37824,0.9035,1.0592,1.1724
20260804_052213-g1_29dof_wbt_iql_manager---fix-locomotion,iql,21000,11,21000,12fb721cb198f897,-727.895446777,76763,39227,16.4921,8.0484,8.4438,36.2403,0.23299,0.9614,1.0393,1.0811
20260804_052213-g1_29dof_wbt_iql_manager---fix-locomotion,iql,21000,12,21000,12fb721cb198f897,-727.895446777,33583,82841,15.947,7.0703,8.8767,36.2403,0.24494,0.9368,1.0278,1.0972
20260804_052213-g1_29dof_wbt_iql_manager---fix-locomotion,iql,21000,13,21000,12fb721cb198f897,-727.895446777,29838,52509,17.5261,3.2436,14.2825,36.2403,0.3941,0.8848,1.0392,1.1745
20260804_052213-g1_29dof_wbt_iql_manager---fix-locomotion,iql,21000,14,21000,12fb721cb198f897,-727.895446777,36307,14110,21.5546,5.0504,16.5042,36.2403,0.45541,0.9289,1.1563,1.2448
20260804_052213-g1_29dof_wbt_iql_manager---fix-locomotion,iql,22000,0,22000,c6bdf3ad3c35cff5,-740.651184082,237311,68413,29.6548,9.8235,19.8312,36.0108,0.5507,0.8346,1.1287,1.3523
20260804_052213-g1_29dof_wbt_iql_manager---fix-locomotion,iql,22000,2,22000,c6bdf3ad3c35cff5,-740.651184082,168808,33814,20.5397,8.4832,12.0565,36.0108,0.3348,0.8898,1.0151,1.1408
20260804_052213-g1_29dof_wbt_iql_manager---fix-locomotion,iql,22000,4,22000,c6bdf3ad3c35cff5,-740.651184082,35214,133999,17.7958,4.3066,13.4892,36.0108,0.37459,0.8706,0.9826,1.1286
20260804_052213-g1_29dof_wbt_iql_manager---fix-locomotion,iql,22000,5,22000,c6bdf3ad3c35cff5,-740.651184082,40938,30344,21.7159,3.4772,18.2388,36.0108,0.50648,0.907,1.0766,1.187
20260804_052213-g1_29dof_wbt_iql_manager---fix-locomotion,iql,22000,6,22000,c6bdf3ad3c35cff5,-740.651184082,51996,11915,24.7814,8.1344,16.647,36.0108,0.46228,0.9292,1.0835,1.166
20260804_052213-g1_29dof_wbt_iql_manager---fix-locomotion,iql,22000,7,22000,c6bdf3ad3c35cff5,-740.651184082,64933,19513,24.1569,10.864,13.2929,36.0108,0.36914,0.9012,1.0554,1.171
20260804_052213-g1_29dof_wbt_iql_manager---fix-locomotion,iql,22000,11,22000,c6bdf3ad3c35cff5,-740.651184082,76763,39227,16.8766,8.4447,8.4319,36.0108,0.23415,0.9577,1.0357,1.0814
20260804_052213-g1_29dof_wbt_iql_manager---fix-locomotion,iql,22000,12,22000,c6bdf3ad3c35cff5,-740.651184082,33583,82841,16.0468,7.5038,8.5431,36.0108,0.23724,0.9325,1.024,1.098
20260804_052213-g1_29dof_wbt_iql_manager---fix-locomotion,iql,22000,13,22000,c6bdf3ad3c35cff5,-740.651184082,29838,52509,17.5759,3.4787,14.0971,36.0108,0.39147,0.884,1.0419,1.1785
20260804_052213-g1_29dof_wbt_iql_manager---fix-locomotion,iql,22000,14,22000,c6bdf3ad3c35cff5,-740.651184082,36307,14110,21.9284,5.1157,16.8128,36.0108,0.46688,0.925,1.1592,1.2532
20260804_052213-g1_29dof_wbt_iql_manager---fix-locomotion,iql,23000,0,23000,2048d8b1907e292e,-767.762145996,237311,68413,28.4982,8.3755,20.1226,35.3216,0.5697,0.8355,1.1261,1.3478
20260804_052213-g1_29dof_wbt_iql_manager---fix-locomotion,iql,23000,2,23000,2048d8b1907e292e,-767.762145996,168808,33814,18.383,7.5207,10.8623,35.3216,0.30753,0.8931,1.0161,1.1377
20260804_052213-g1_29dof_wbt_iql_manager---fix-locomotion,iql,23000,4,23000,2048d8b1907e292e,-767.762145996,35214,133999,18.6588,5.4025,13.2563,35.3216,0.3753,0.8665,0.9817,1.1329
20260804_052213-g1_29dof_wbt_iql_manager---fix-locomotion,iql,23000,5,23000,2048d8b1907e292e,-767.762145996,40938,30344,20.8935,3.8166,17.0769,35.3216,0.48347,0.9077,1.0757,1.1851
20260804_052213-g1_29dof_wbt_iql_manager---fix-locomotion,iql,23000,6,23000,2048d8b1907e292e,-767.762145996,51996,11915,23.4439,7.588,15.8559,35.3216,0.4489,0.9357,1.0935,1.1686
20260804_052213-g1_29dof_wbt_iql_manager---fix-locomotion,iql,23000,7,23000,2048d8b1907e292e,-767.762145996,64933,19513,22.1398,8.9177,13.2221,35.3216,0.37434,0.9,1.0458,1.162
20260804_052213-g1_29dof_wbt_iql_manager---fix-locomotion,iql,23000,11,23000,2048d8b1907e292e,-767.762145996,76763,39227,14.3656,6.3303,8.0353,35.3216,0.22749,0.9573,1.0327,1.0788
20260804_052213-g1_29dof_wbt_iql_manager---fix-locomotion,iql,23000,12,23000,2048d8b1907e292e,-767.762145996,33583,82841,15.5562,7.2344,8.3219,35.3216,0.2356,0.9338,1.0212,1.0936
20260804_052213-g1_29dof_wbt_iql_manager---fix-locomotion,iql,23000,13,23000,2048d8b1907e292e,-767.762145996,29838,52509,17.9901,4.1971,13.793,35.3216,0.3905,0.888,1.0431,1.1746
20260804_052213-g1_29dof_wbt_iql_manager---fix-locomotion,iql,23000,14,23000,2048d8b1907e292e,-767.762145996,36307,14110,20.6959,5.8199,14.876,35.3216,0.42116,0.9265,1.1651,1.2574
20260804_052213-g1_29dof_wbt_iql_manager---fix-locomotion,iql,24000,0,24000,43ca97a36fcd2f09,-788.691589355,237311,68413,29.5316,9.5852,19.9464,36.0171,0.5538,0.8345,1.1267,1.3502
20260804_052213-g1_29dof_wbt_iql_manager---fix-locomotion,iql,24000,2,24000,43ca97a36fcd2f09,-788.691589355,168808,33814,20.0916,8.4532,11.6384,36.0171,0.32314,0.8909,1.0167,1.1412
20260804_052213-g1_29dof_wbt_iql_manager---fix-locomotion,iql,24000,4,24000,43ca97a36fcd2f09,-788.691589355,35214,133999,18.21,4.4653,13.7446,36.0171,0.38161,0.8704,0.984,1.1305
20260804_052213-g1_29dof_wbt_iql_manager---fix-locomotion,iql,24000,5,24000,43ca97a36fcd2f09,-788.691589355,40938,30344,21.4794,3.5056,17.9738,36.0171,0.49904,0.9063,1.0763,1.1876
20260804_052213-g1_29dof_wbt_iql_manager---fix-locomotion,iql,24000,6,24000,43ca97a36fcd2f09,-788.691589355,51996,11915,23.9218,7.7966,16.1252,36.0171,0.44771,0.9275,1.0818,1.1664
20260804_052213-g1_29dof_wbt_iql_manager---fix-locomotion,iql,24000,7,24000,43ca97a36fcd2f09,-788.691589355,64933,19513,22.9912,9.7645,13.2268,36.0171,0.36724,0.8974,1.0519,1.1722
20260804_052213-g1_29dof_wbt_iql_manager---fix-locomotion,iql,24000,11,24000,43ca97a36fcd2f09,-788.691589355,76763,39227,16.2844,7.6423,8.6421,36.0171,0.23995,0.9542,1.0309,1.0803
20260804_052213-g1_29dof_wbt_iql_manager---fix-locomotion,iql,24000,12,24000,43ca97a36fcd2f09,-788.691589355,33583,82841,15.6097,7.3041,8.3056,36.0171,0.2306,0.9341,1.0218,1.0939
20260804_052213-g1_29dof_wbt_iql_manager---fix-locomotion,iql,24000,13,24000,43ca97a36fcd2f09,-788.691589355,29838,52509,18.0457,3.5873,14.4584,36.0171,0.40143,0.8869,1.0424,1.1753
20260804_052213-g1_29dof_wbt_iql_manager---fix-locomotion,iql,24000,14,24000,43ca97a36fcd2f09,-788.691589355,36307,14110,21.6925,5.3046,16.3879,36.0171,0.455,0.9272,1.1578,1.2487
20260804_052213-g1_29dof_wbt_iql_manager---fix-locomotion,iql,25000,0,25000,1dae0c46870df727,-808.249206543,237311,68413,30.3758,9.5313,20.8445,37.0045,0.5633,0.8325,1.1244,1.3507
20260804_052213-g1_29dof_wbt_iql_manager---fix-locomotion,iql,25000,2,25000,1dae0c46870df727,-808.249206543,168808,33814,21.0083,8.9645,12.0438,37.0045,0.32547,0.8866,1.0112,1.1405
20260804_052213-g1_29dof_wbt_iql_manager---fix-locomotion,iql,25000,4,25000,1dae0c46870df727,-808.249206543,35214,133999,18.6097,4.7524,13.8573,37.0045,0.37448,0.8677,0.984,1.1341
20260804_052213-g1_29dof_wbt_iql_manager---fix-locomotion,iql,25000,5,25000,1dae0c46870df727,-808.249206543,40938,30344,21.3548,3.5678,17.787,37.0045,0.48067,0.9047,1.0737,1.1868
20260804_052213-g1_29dof_wbt_iql_manager---fix-locomotion,iql,25000,6,25000,1dae0c46870df727,-808.249206543,51996,11915,24.5629,7.9605,16.6024,37.0045,0.44866,0.9294,1.0839,1.1662
20260804_052213-g1_29dof_wbt_iql_manager---fix-locomotion,iql,25000,7,25000,1dae0c46870df727,-808.249206543,64933,19513,24.1361,10.2121,13.924,37.0045,0.37628,0.899,1.0472,1.1649
20260804_052213-g1_29dof_wbt_iql_manager---fix-locomotion,iql,25000,11,25000,1dae0c46870df727,-808.249206543,76763,39227,16.249,7.6568,8.5922,37.0045,0.23219,0.9535,1.0303,1.0806
20260804_052213-g1_29dof_wbt_iql_manager---fix-locomotion,iql,25000,12,25000,1dae0c46870df727,-808.249206543,33583,82841,16.2411,7.7553,8.4858,37.0045,0.22932,0.9301,1.0217,1.0985
20260804_052213-g1_29dof_wbt_iql_manager---fix-locomotion,iql,25000,13,25000,1dae0c46870df727,-808.249206543,29838,52509,18.0599,3.8846,14.1753,37.0045,0.38307,0.888,1.0411,1.1724
20260804_052213-g1_29dof_wbt_iql_manager---fix-locomotion,iql,25000,14,25000,1dae0c46870df727,-808.249206543,36307,14110,21.7787,5.4643,16.3145,37.0045,0.44088,0.9276,1.153,1.2429
20260804_052213-g1_29dof_wbt_iql_manager---fix-locomotion,iql,26000,0,26000,0958d54e9aadbc04,-830.442810059,237311,68413,29.1833,9.3472,19.8361,35.3306,0.56144,0.8344,1.1259,1.3493
20260804_052213-g1_29dof_wbt_iql_manager---fix-locomotion,iql,26000,2,26000,0958d54e9aadbc04,-830.442810059,168808,33814,20.7264,9.3682,11.3582,35.3306,0.32148,0.8921,1.0177,1.1408
20260804_052213-g1_29dof_wbt_iql_manager---fix-locomotion,iql,26000,4,26000,0958d54e9aadbc04,-830.442810059,35214,133999,19.2618,5.4596,13.8023,35.3306,0.39066,0.868,0.9812,1.1304
20260804_052213-g1_29dof_wbt_iql_manager---fix-locomotion,iql,26000,5,26000,0958d54e9aadbc04,-830.442810059,40938,30344,21.5281,3.6595,17.8685,35.3306,0.50575,0.9018,1.0703,1.1869
20260804_052213-g1_29dof_wbt_iql_manager---fix-locomotion,iql,26000,6,26000,0958d54e9aadbc04,-830.442810059,51996,11915,24.3613,7.5664,16.7949,35.3306,0.47536,0.9283,1.0896,1.1738
20260804_052213-g1_29dof_wbt_iql_manager---fix-locomotion,iql,26000,7,26000,0958d54e9aadbc04,-830.442810059,64933,19513,23.7481,10.2446,13.5035,35.3306,0.3822,0.8964,1.049,1.1703
20260804_052213-g1_29dof_wbt_iql_manager---fix-locomotion,iql,26000,11,26000,0958d54e9aadbc04,-830.442810059,76763,39227,17.013,8.5251,8.488,35.3306,0.24024,0.9554,1.0327,1.0809
20260804_052213-g1_29dof_wbt_iql_manager---fix-locomotion,iql,26000,12,26000,0958d54e9aadbc04,-830.442810059,33583,82841,16.9363,8.5046,8.4316,35.3306,0.23865,0.9365,1.0322,1.1021
20260804_052213-g1_29dof_wbt_iql_manager---fix-locomotion,iql,26000,13,26000,0958d54e9aadbc04,-830.442810059,29838,52509,18.7648,4.3657,14.3992,35.3306,0.40756,0.8826,1.0427,1.1815
20260804_052213-g1_29dof_wbt_iql_manager---fix-locomotion,iql,26000,14,26000,0958d54e9aadbc04,-830.442810059,36307,14110,21.8543,5.2728,16.5816,35.3306,0.46933,0.9252,1.1572,1.2508
20260804_052213-g1_29dof_wbt_iql_manager---fix-locomotion,iql,27000,0,27000,b3155dd17c8bfa55,-834.658203125,237311,68413,28.9843,8.8335,20.1509,36.0661,0.55872,0.8351,1.1251,1.3473
20260804_052213-g1_29dof_wbt_iql_manager---fix-locomotion,iql,27000,2,27000,b3155dd17c8bfa55,-834.658203125,168808,33814,17.0291,6.0908,10.9384,36.0661,0.30329,0.8928,1.0176,1.1398
20260804_052213-g1_29dof_wbt_iql_manager---fix-locomotion,iql,27000,4,27000,b3155dd17c8bfa55,-834.658203125,35214,133999,18.099,4.3079,13.791,36.0661,0.38238,0.8665,0.9813,1.1325
20260804_052213-g1_29dof_wbt_iql_manager---fix-locomotion,iql,27000,5,27000,b3155dd17c8bfa55,-834.658203125,40938,30344,21.5261,3.4292,18.0969,36.0661,0.50177,0.903,1.074,1.1893
20260804_052213-g1_29dof_wbt_iql_manager---fix-locomotion,iql,27000,6,27000,b3155dd17c8bfa55,-834.658203125,51996,11915,24.4762,8.4929,15.9833,36.0661,0.44317,0.9297,1.0886,1.1709
20260804_052213-g1_29dof_wbt_iql_manager---fix-locomotion,iql,27000,7,27000,b3155dd17c8bfa55,-834.658203125,64933,19513,22.9971,9.9489,13.0482,36.0661,0.36179,0.9005,1.0519,1.1682
20260804_052213-g1_29dof_wbt_iql_manager---fix-locomotion,iql,27000,11,27000,b3155dd17c8bfa55,-834.658203125,76763,39227,15.0268,6.6058,8.421,36.0661,0.23349,0.9575,1.0346,1.0805
20260804_052213-g1_29dof_wbt_iql_manager---fix-locomotion,iql,27000,12,27000,b3155dd17c8bfa55,-834.658203125,33583,82841,15.1104,6.708,8.4024,36.0661,0.23297,0.9337,1.0261,1.0989
20260804_052213-g1_29dof_wbt_iql_manager---fix-locomotion,iql,27000,13,27000,b3155dd17c8bfa55,-834.658203125,29838,52509,17.9993,3.4909,14.5084,36.0661,0.40227,0.8796,1.0395,1.1817
20260804_052213-g1_29dof_wbt_iql_manager---fix-locomotion,iql,27000,14,27000,b3155dd17c8bfa55,-834.658203125,36307,14110,21.7529,5.7965,15.9565,36.0661,0.44242,0.922,1.1557,1.2534
20260804_052213-g1_29dof_wbt_iql_manager---fix-locomotion,iql,28000,0,28000,4fba77d77fd9751d,-869.657531738,237311,68413,29.5355,9.521,20.0145,36.1584,0.55352,0.8338,1.1224,1.3461
20260804_052213-g1_29dof_wbt_iql_manager---fix-locomotion,iql,28000,2,28000,4fba77d77fd9751d,-869.657531738,168808,33814,19.0325,7.2656,11.7669,36.1584,0.32543,0.8924,1.0156,1.1381
20260804_052213-g1_29dof_wbt_iql_manager---fix-locomotion,iql,28000,4,28000,4fba77d77fd9751d,-869.657531738,35214,133999,16.107,3.897,12.21,36.1584,0.33768,0.8662,0.9812,1.1328
20260804_052213-g1_29dof_wbt_iql_manager---fix-locomotion,iql,28000,5,28000,4fba77d77fd9751d,-869.657531738,40938,30344,18.8979,2.2333,16.6646,36.1584,0.46088,0.9038,1.0718,1.1859
20260804_052213-g1_29dof_wbt_iql_manager---fix-locomotion,iql,28000,6,28000,4fba77d77fd9751d,-869.657531738,51996,11915,23.2153,5.8871,17.3283,36.1584,0.47923,0.9324,1.0905,1.1695
20260804_052213-g1_29dof_wbt_iql_manager---fix-locomotion,iql,28000,7,28000,4fba77d77fd9751d,-869.657531738,64933,19513,22.9726,9.4933,13.4793,36.1584,0.37278,0.8991,1.0508,1.1688
20260804_052213-g1_29dof_wbt_iql_manager---fix-locomotion,iql,28000,11,28000,4fba77d77fd9751d,-869.657531738,76763,39227,15.4655,7.0659,8.3996,36.1584,0.2323,0.957,1.0344,1.0809
20260804_052213-g1_29dof_wbt_iql_manager---fix-locomotion,iql,28000,12,28000,4fba77d77fd9751d,-869.657531738,33583,82841,14.7059,6.4962,8.2097,36.1584,0.22705,0.9337,1.0251,1.098
20260804_052213-g1_29dof_wbt_iql_manager---fix-locomotion,iql,28000,13,28000,4fba77d77fd9751d,-869.657531738,29838,52509,14.9745,2.6314,12.343,36.1584,0.34136,0.8816,1.04,1.1796
20260804_052213-g1_29dof_wbt_iql_manager---fix-locomotion,iql,28000,14,28000,4fba77d77fd9751d,-869.657531738,36307,14110,19.3195,3.0753,16.2442,36.1584,0.44925,0.9246,1.16,1.2545
20260804_052213-g1_29dof_wbt_iql_manager---fix-locomotion,iql,29000,0,29000,bc0b89b1aa34798a,-876.715759277,237311,68413,29.9603,9.1128,20.8475,37.187,0.56061,0.8344,1.1252,1.3485
20260804_052213-g1_29dof_wbt_iql_manager---fix-locomotion,iql,29000,2,29000,bc0b89b1aa34798a,-876.715759277,168808,33814,18.33,6.4289,11.9011,37.187,0.32003,0.8901,1.0118,1.1367
20260804_052213-g1_29dof_wbt_iql_manager---fix-locomotion,iql,29000,4,29000,bc0b89b1aa34798a,-876.715759277,35214,133999,17.2609,3.85,13.4109,37.187,0.36063,0.8673,0.9827,1.133
20260804_052213-g1_29dof_wbt_iql_manager---fix-locomotion,iql,29000,5,29000,bc0b89b1aa34798a,-876.715759277,40938,30344,21.1125,2.9819,18.1307,37.187,0.48755,0.8982,1.0698,1.191
20260804_052213-g1_29dof_wbt_iql_manager---fix-locomotion,iql,29000,6,29000,bc0b89b1aa34798a,-876.715759277,51996,11915,24.1882,6.9959,17.1923,37.187,0.46232,0.931,1.0884,1.1691
20260804_052213-g1_29dof_wbt_iql_manager---fix-locomotion,iql,29000,7,29000,bc0b89b1aa34798a,-876.715759277,64933,19513,23.026,9.3612,13.6648,37.187,0.36746,0.898,1.0493,1.1686
20260804_052213-g1_29dof_wbt_iql_manager---fix-locomotion,iql,29000,11,29000,bc0b89b1aa34798a,-876.715759277,76763,39227,14.584,6.1928,8.3912,37.187,0.22565,0.9646,1.0357,1.0738
20260804_052213-g1_29dof_wbt_iql_manager---fix-locomotion,iql,29000,12,29000,bc0b89b1aa34798a,-876.715759277,33583,82841,14.3447,5.9564,8.3883,37.187,0.22557,0.9341,1.0243,1.0966
20260804_052213-g1_29dof_wbt_iql_manager---fix-locomotion,iql,29000,13,29000,bc0b89b1aa34798a,-876.715759277,29838,52509,17.0861,3.0568,14.0293,37.187,0.37726,0.8771,1.0373,1.1828
20260804_052213-g1_29dof_wbt_iql_manager---fix-locomotion,iql,29000,14,29000,bc0b89b1aa34798a,-876.715759277,36307,14110,20.9692,4.356,16.6133,37.187,0.44675,0.922,1.1556,1.2533
20260804_052213-g1_29dof_wbt_iql_manager---fix-locomotion,iql,30000,0,30000,9e9871eb7de627d6,-897.777709961,237311,68413,28.8323,8.42,20.4123,35.6509,0.57256,0.8346,1.1277,1.3511
20260804_052213-g1_29dof_wbt_iql_manager---fix-locomotion,iql,30000,2,30000,9e9871eb7de627d6,-897.777709961,168808,33814,17.3059,6.3898,10.9161,35.6509,0.30619,0.8906,1.0154,1.1401
20260804_052213-g1_29dof_wbt_iql_manager---fix-locomotion,iql,30000,4,30000,9e9871eb7de627d6,-897.777709961,35214,133999,18.1487,4.8189,13.3297,35.6509,0.3739,0.8641,0.9799,1.134
20260804_052213-g1_29dof_wbt_iql_manager---fix-locomotion,iql,30000,5,30000,9e9871eb7de627d6,-897.777709961,40938,30344,21.019,3.6075,17.4116,35.6509,0.48839,0.9009,1.0684,1.186
20260804_052213-g1_29dof_wbt_iql_manager---fix-locomotion,iql,30000,6,30000,9e9871eb7de627d6,-897.777709961,51996,11915,23.7691,8.4698,15.2992,35.6509,0.42914,0.9289,1.0783,1.1608
20260804_052213-g1_29dof_wbt_iql_manager---fix-locomotion,iql,30000,7,30000,9e9871eb7de627d6,-897.777709961,64933,19513,22.7786,9.5955,13.1831,35.6509,0.36978,0.8955,1.0477,1.17
20260804_052213-g1_29dof_wbt_iql_manager---fix-locomotion,iql,30000,11,30000,9e9871eb7de627d6,-897.777709961,76763,39227,14.1784,6.413,7.7654,35.6509,0.21782,0.9561,1.0303,1.0776
20260804_052213-g1_29dof_wbt_iql_manager---fix-locomotion,iql,30000,12,30000,9e9871eb7de627d6,-897.777709961,33583,82841,15.2302,6.7932,8.437,35.6509,0.23665,0.9304,1.0196,1.0958
20260804_052213-g1_29dof_wbt_iql_manager---fix-locomotion,iql,30000,13,30000,9e9871eb7de627d6,-897.777709961,29838,52509,17.695,3.6663,14.0287,35.6509,0.3935,0.8752,1.0328,1.1801
20260804_052213-g1_29dof_wbt_iql_manager---fix-locomotion,iql,30000,14,30000,9e9871eb7de627d6,-897.777709961,36307,14110,20.8877,5.4149,15.4728,35.6509,0.43401,0.9208,1.1483,1.247
20260804_052213-g1_29dof_wbt_iql_manager---fix-locomotion,iql,31000,0,31000,d0ee1d4bdab53e40,-902.510742188,237311,68413,29.6423,8.9376,20.7047,36.7715,0.56306,0.8332,1.1252,1.3504
20260804_052213-g1_29dof_wbt_iql_manager---fix-locomotion,iql,31000,2,31000,d0ee1d4bdab53e40,-902.510742188,168808,33814,20.3594,8.1556,12.2038,36.7715,0.33188,0.8899,1.0157,1.1413
20260804_052213-g1_29dof_wbt_iql_manager---fix-locomotion,iql,31000,4,31000,d0ee1d4bdab53e40,-902.510742188,35214,133999,19.047,4.3643,14.6826,36.7715,0.39929,0.869,0.9817,1.1298
20260804_052213-g1_29dof_wbt_iql_manager---fix-locomotion,iql,31000,5,31000,d0ee1d4bdab53e40,-902.510742188,40938,30344,22.457,3.4175,19.0395,36.7715,0.51778,0.9034,1.0706,1.1852
20260804_052213-g1_29dof_wbt_iql_manager---fix-locomotion,iql,31000,6,31000,d0ee1d4bdab53e40,-902.510742188,51996,11915,25.5758,8.0865,17.4893,36.7715,0.47562,0.929,1.0829,1.1656
20260804_052213-g1_29dof_wbt_iql_manager---fix-locomotion,iql,31000,7,31000,d0ee1d4bdab53e40,-902.510742188,64933,19513,24.2623,10.1096,14.1527,36.7715,0.38488,0.8952,1.0444,1.1666
20260804_052213-g1_29dof_wbt_iql_manager---fix-locomotion,iql,31000,11,31000,d0ee1d4bdab53e40,-902.510742188,76763,39227,16.6522,7.8157,8.8365,36.7715,0.24031,0.9593,1.0344,1.0784
20260804_052213-g1_29dof_wbt_iql_manager---fix-locomotion,iql,31000,12,31000,d0ee1d4bdab53e40,-902.510742188,33583,82841,16.3999,7.1157,9.2842,36.7715,0.25248,0.9336,1.0228,1.0956
20260804_052213-g1_29dof_wbt_iql_manager---fix-locomotion,iql,31000,13,31000,d0ee1d4bdab53e40,-902.510742188,29838,52509,18.8503,3.6889,15.1613,36.7715,0.41231,0.8804,1.0373,1.1781
20260804_052213-g1_29dof_wbt_iql_manager---fix-locomotion,iql,31000,14,31000,d0ee1d4bdab53e40,-902.510742188,36307,14110,22.2229,4.5741,17.6488,36.7715,0.47996,0.9226,1.156,1.253
20260804_052213-g1_29dof_wbt_iql_manager---fix-locomotion,iql,32000,0,32000,374f149a121e9f47,-933.106933594,237311,68413,28.9341,7.5385,21.3956,35.7473,0.59852,0.8344,1.1218,1.3445
20260804_052213-g1_29dof_wbt_iql_manager---fix-locomotion,iql,32000,2,32000,374f149a121e9f47,-933.106933594,168808,33814,19.6639,7.3363,12.3276,35.7473,0.34485,0.8903,1.0118,1.1366
20260804_052213-g1_29dof_wbt_iql_manager---fix-locomotion,iql,32000,4,32000,374f149a121e9f47,-933.106933594,35214,133999,18.1484,4.302,13.8464,35.7473,0.38734,0.8632,0.9822,1.1379
20260804_052213-g1_29dof_wbt_iql_manager---fix-locomotion,iql,32000,5,32000,374f149a121e9f47,-933.106933594,40938,30344,21.7415,3.295,18.4465,35.7473,0.51603,0.9028,1.074,1.1897
20260804_052213-g1_29dof_wbt_iql_manager---fix-locomotion,iql,32000,6,32000,374f149a121e9f47,-933.106933594,51996,11915,24.5092,7.7063,16.8029,35.7473,0.47005,0.9277,1.0877,1.1725
20260804_052213-g1_29dof_wbt_iql_manager---fix-locomotion,iql,32000,7,32000,374f149a121e9f47,-933.106933594,64933,19513,23.2533,9.147,14.1063,35.7473,0.39461,0.8985,1.0453,1.1634
20260804_052213-g1_29dof_wbt_iql_manager---fix-locomotion,iql,32000,11,32000,374f149a121e9f47,-933.106933594,76763,39227,15.4939,6.8183,8.6756,35.7473,0.24269,0.9569,1.0293,1.0757
20260804_052213-g1_29dof_wbt_iql_manager---fix-locomotion,iql,32000,12,32000,374f149a121e9f47,-933.106933594,33583,82841,15.6682,7.048,8.6202,35.7473,0.24114,0.9339,1.0248,1.0974
20260804_052213-g1_29dof_wbt_iql_manager---fix-locomotion,iql,32000,13,32000,374f149a121e9f47,-933.106933594,29838,52509,18.0726,3.4468,14.6258,35.7473,0.40915,0.8786,1.0407,1.1845
20260804_052213-g1_29dof_wbt_iql_manager---fix-locomotion,iql,32000,14,32000,374f149a121e9f47,-933.106933594,36307,14110,21.9621,5.1092,16.8529,35.7473,0.47145,0.9217,1.1584,1.2569
20260804_052213-g1_29dof_wbt_iql_manager---fix-locomotion,iql,33000,0,33000,748d7bac150353f8,-946.08392334,237311,68413,29.3008,8.1468,21.154,36.6153,0.57774,0.8343,1.1216,1.3444
20260804_052213-g1_29dof_wbt_iql_manager---fix-locomotion,iql,33000,2,33000,748d7bac150353f8,-946.08392334,168808,33814,18.4084,6.8221,11.5863,36.6153,0.31643,0.8873,1.0082,1.1362
20260804_052213-g1_29dof_wbt_iql_manager---fix-locomotion,iql,33000,4,33000,748d7bac150353f8,-946.08392334,35214,133999,18.306,4.4541,13.852,36.6153,0.37831,0.8627,0.9786,1.1343
20260804_052213-g1_29dof_wbt_iql_manager---fix-locomotion,iql,33000,5,33000,748d7bac150353f8,-946.08392334,40938,30344,21.514,3.4082,18.1057,36.6153,0.49449,0.899,1.072,1.1924
20260804_052213-g1_29dof_wbt_iql_manager---fix-locomotion,iql,33000,6,33000,748d7bac150353f8,-946.08392334,51996,11915,24.0163,8.1742,15.8421,36.6153,0.43266,0.9312,1.0918,1.1724
20260804_052213-g1_29dof_wbt_iql_manager---fix-locomotion,iql,33000,7,33000,748d7bac150353f8,-946.08392334,64933,19513,22.7316,9.4633,13.2683,36.6153,0.36237,0.897,1.0445,1.1645
20260804_052213-g1_29dof_wbt_iql_manager---fix-locomotion,iql,33000,11,33000,748d7bac150353f8,-946.08392334,76763,39227,15.1202,7.0473,8.0728,36.6153,0.22048,0.9559,1.0309,1.0784
20260804_052213-g1_29dof_wbt_iql_manager---fix-locomotion,iql,33000,12,33000,748d7bac150353f8,-946.08392334,33583,82841,14.6635,6.3598,8.3037,36.6153,0.22678,0.9282,1.0194,1.0983
20260804_052213-g1_29dof_wbt_iql_manager---fix-locomotion,iql,33000,13,33000,748d7bac150353f8,-946.08392334,29838,52509,17.8936,3.481,14.4126,36.6153,0.39362,0.8802,1.0371,1.1783
20260804_052213-g1_29dof_wbt_iql_manager---fix-locomotion,iql,33000,14,33000,748d7bac150353f8,-946.08392334,36307,14110,21.7295,5.8865,15.843,36.6153,0.43269,0.9204,1.1559,1.2559
20260804_052213-g1_29dof_wbt_iql_manager---fix-locomotion,iql,34000,0,34000,0bd1be42806edcf7,-958.44543457,237311,68413,29.2739,8.8105,20.4634,36.0607,0.56747,0.8352,1.1227,1.3443
20260804_052213-g1_29dof_wbt_iql_manager---fix-locomotion,iql,34000,2,34000,0bd1be42806edcf7,-958.44543457,168808,33814,19.418,8.1845,11.2335,36.0607,0.31152,0.8884,1.0088,1.1355
20260804_052213-g1_29dof_wbt_iql_manager---fix-locomotion,iql,34000,4,34000,0bd1be42806edcf7,-958.44543457,35214,133999,17.8893,4.4988,13.3905,36.0607,0.37133,0.8628,0.9775,1.1329
20260804_052213-g1_29dof_wbt_iql_manager---fix-locomotion,iql,34000,5,34000,0bd1be42806edcf7,-958.44543457,40938,30344,21.625,3.4995,18.1255,36.0607,0.50264,0.9041,1.0707,1.1843
20260804_052213-g1_29dof_wbt_iql_manager---fix-locomotion,iql,34000,6,34000,0bd1be42806edcf7,-958.44543457,51996,11915,24.3841,8.1841,16.2001,36.0607,0.44924,0.9295,1.0873,1.1698
20260804_052213-g1_29dof_wbt_iql_manager---fix-locomotion,iql,34000,7,34000,0bd1be42806edcf7,-958.44543457,64933,19513,23.1098,9.876,13.2338,36.0607,0.36699,0.8967,1.0403,1.1602
20260804_052213-g1_29dof_wbt_iql_manager---fix-locomotion,iql,34000,11,34000,0bd1be42806edcf7,-958.44543457,76763,39227,16.1176,7.3954,8.7222,36.0607,0.24187,0.9526,1.0251,1.0761
20260804_052213-g1_29dof_wbt_iql_manager---fix-locomotion,iql,34000,12,34000,0bd1be42806edcf7,-958.44543457,33583,82841,15.6481,6.9834,8.6647,36.0607,0.24028,0.9282,1.0176,1.0963
20260804_052213-g1_29dof_wbt_iql_manager---fix-locomotion,iql,34000,13,34000,0bd1be42806edcf7,-958.44543457,29838,52509,17.7454,3.522,14.2234,36.0607,0.39443,0.8772,1.0342,1.179
20260804_052213-g1_29dof_wbt_iql_manager---fix-locomotion,iql,34000,14,34000,0bd1be42806edcf7,-958.44543457,36307,14110,21.7599,5.3233,16.4366,36.0607,0.4558,0.9258,1.1525,1.2448
20260804_052213-g1_29dof_wbt_iql_manager---fix-locomotion,iql,35000,0,35000,8e9828ac21fd446b,-970.82434082,237311,68413,28.9633,8.4682,20.4951,36.1305,0.56725,0.8337,1.1243,1.3485
20260804_052213-g1_29dof_wbt_iql_manager---fix-locomotion,iql,35000,2,35000,8e9828ac21fd446b,-970.82434082,168808,33814,19.0852,7.0995,11.9858,36.1305,0.33173,0.8912,1.0101,1.1333
20260804_052213-g1_29dof_wbt_iql_manager---fix-locomotion,iql,35000,4,35000,8e9828ac21fd446b,-970.82434082,35214,133999,17.4248,3.9034,13.5214,36.1305,0.37424,0.8625,0.9765,1.1322
20260804_052213-g1_29dof_wbt_iql_manager---fix-locomotion,iql,35000,5,35000,8e9828ac21fd446b,-970.82434082,40938,30344,20.5372,2.6817,17.8555,36.1305,0.49419,0.8986,1.0693,1.1899
20260804_052213-g1_29dof_wbt_iql_manager---fix-locomotion,iql,35000,6,35000,8e9828ac21fd446b,-970.82434082,51996,11915,23.2764,5.7242,17.5522,36.1305,0.4858,0.929,1.0888,1.172
20260804_052213-g1_29dof_wbt_iql_manager---fix-locomotion,iql,35000,7,35000,8e9828ac21fd446b,-970.82434082,64933,19513,22.1066,8.1753,13.9313,36.1305,0.38558,0.8967,1.0448,1.1651
20260804_052213-g1_29dof_wbt_iql_manager---fix-locomotion,iql,35000,11,35000,8e9828ac21fd446b,-970.82434082,76763,39227,14.7646,6.3613,8.4032,36.1305,0.23258,0.9592,1.0332,1.0772
20260804_052213-g1_29dof_wbt_iql_manager---fix-locomotion,iql,35000,12,35000,8e9828ac21fd446b,-970.82434082,33583,82841,14.8554,6.5303,8.3251,36.1305,0.23042,0.9314,1.0213,1.0965
20260804_052213-g1_29dof_wbt_iql_manager---fix-locomotion,iql,35000,13,35000,8e9828ac21fd446b,-970.82434082,29838,52509,16.4285,2.786,13.6426,36.1305,0.37759,0.8774,1.038,1.1831
20260804_052213-g1_29dof_wbt_iql_manager---fix-locomotion,iql,35000,14,35000,8e9828ac21fd446b,-970.82434082,36307,14110,20.145,3.6676,16.4774,36.1305,0.45605,0.9203,1.1536,1.2536
20260804_052213-g1_29dof_wbt_iql_manager---fix-locomotion,iql,36000,0,36000,e80d4560476096fb,-983.537597656,237311,68413,29.5604,9.0912,20.4692,36.1227,0.56666,0.8331,1.1193,1.3436
20260804_052213-g1_29dof_wbt_iql_manager---fix-locomotion,iql,36000,2,36000,e80d4560476096fb,-983.537597656,168808,33814,19.6387,7.7226,11.9161,36.1227,0.32988,0.8898,1.0093,1.1344
20260804_052213-g1_29dof_wbt_iql_manager---fix-locomotion,iql,36000,4,36000,e80d4560476096fb,-983.537597656,35214,133999,17.5783,4.5144,13.0638,36.1227,0.36165,0.8663,0.9804,1.1317
20260804_052213-g1_29dof_wbt_iql_manager---fix-locomotion,iql,36000,5,36000,e80d4560476096fb,-983.537597656,40938,30344,20.8652,3.5468,17.3184,36.1227,0.47943,0.9081,1.07,1.1782
20260804_052213-g1_29dof_wbt_iql_manager---fix-locomotion,iql,36000,6,36000,e80d4560476096fb,-983.537597656,51996,11915,23.8572,7.2895,16.5677,36.1227,0.45865,0.9303,1.0853,1.1666
20260804_052213-g1_29dof_wbt_iql_manager---fix-locomotion,iql,36000,7,36000,e80d4560476096fb,-983.537597656,64933,19513,23.4392,9.5259,13.9133,36.1227,0.38517,0.8976,1.043,1.162
20260804_052213-g1_29dof_wbt_iql_manager---fix-locomotion,iql,36000,11,36000,e80d4560476096fb,-983.537597656,76763,39227,15.5378,7.2537,8.2841,36.1227,0.22933,0.958,1.0336,1.0789
20260804_052213-g1_29dof_wbt_iql_manager---fix-locomotion,iql,36000,12,36000,e80d4560476096fb,-983.537597656,33583,82841,15.0523,6.8306,8.2217,36.1227,0.22761,0.9298,1.02,1.097
20260804_052213-g1_29dof_wbt_iql_manager---fix-locomotion,iql,36000,13,36000,e80d4560476096fb,-983.537597656,29838,52509,16.8909,3.4747,13.4162,36.1227,0.37141,0.8823,1.0353,1.1733
20260804_052213-g1_29dof_wbt_iql_manager---fix-locomotion,iql,36000,14,36000,e80d4560476096fb,-983.537597656,36307,14110,21.2148,5.3907,15.8241,36.1227,0.43807,0.9267,1.1506,1.2417
20260804_052213-g1_29dof_wbt_iql_manager---fix-locomotion,iql,37000,0,37000,5a8e8a547fb5abc7,-1005.808166504,237311,68413,28.7056,7.9527,20.753,35.7702,0.58018,0.8337,1.1206,1.3441
20260804_052213-g1_29dof_wbt_iql_manager---fix-locomotion,iql,37000,2,37000,5a8e8a547fb5abc7,-1005.808166504,168808,33814,18.7239,7.4276,11.2963,35.7702,0.3158,0.8885,1.0099,1.1366
20260804_052213-g1_29dof_wbt_iql_manager---fix-locomotion,iql,37000,4,37000,5a8e8a547fb5abc7,-1005.808166504,35214,133999,17.3558,4.3068,13.049,35.7702,0.3648,0.862,0.9803,1.1373
20260804_052213-g1_29dof_wbt_iql_manager---fix-locomotion,iql,37000,5,37000,5a8e8a547fb5abc7,-1005.808166504,40938,30344,20.4645,3.0481,17.4163,35.7702,0.4869,0.9003,1.069,1.1874
20260804_052213-g1_29dof_wbt_iql_manager---fix-locomotion,iql,37000,6,37000,5a8e8a547fb5abc7,-1005.808166504,51996,11915,23.5583,7.3278,16.2304,35.7702,0.45374,0.9256,1.0762,1.1627
20260804_052213-g1_29dof_wbt_iql_manager---fix-locomotion,iql,37000,7,37000,5a8e8a547fb5abc7,-1005.808166504,64933,19513,22.361,9.1305,13.2305,35.7702,0.36988,0.8947,1.0409,1.1635
20260804_052213-g1_29dof_wbt_iql_manager---fix-locomotion,iql,37000,11,37000,5a8e8a547fb5abc7,-1005.808166504,76763,39227,14.4163,6.6703,7.746,35.7702,0.21655,0.9575,1.0305,1.0763
20260804_052213-g1_29dof_wbt_iql_manager---fix-locomotion,iql,37000,12,37000,5a8e8a547fb5abc7,-1005.808166504,33583,82841,14.4956,6.4933,8.0023,35.7702,0.22371,0.9282,1.0208,1.0997
20260804_052213-g1_29dof_wbt_iql_manager---fix-locomotion,iql,37000,13,37000,5a8e8a547fb5abc7,-1005.808166504,29838,52509,16.3456,3.2364,13.1093,35.7702,0.36649,0.8766,1.0361,1.1819
20260804_052213-g1_29dof_wbt_iql_manager---fix-locomotion,iql,37000,14,37000,5a8e8a547fb5abc7,-1005.808166504,36307,14110,20.2328,4.2379,15.9949,35.7702,0.44716,0.9218,1.1538,1.2517
20260804_052213-g1_29dof_wbt_iql_manager---fix-locomotion,iql,38000,0,38000,60ae31bb095660c8,-1019.940917969,237311,68413,29.7488,8.0413,21.7075,37.1749,0.58393,0.8329,1.1185,1.3428
20260804_052213-g1_29dof_wbt_iql_manager---fix-locomotion,iql,38000,2,38000,60ae31bb095660c8,-1019.940917969,168808,33814,19.6546,7.4864,12.1682,37.1749,0.32732,0.8878,1.0044,1.1315
20260804_052213-g1_29dof_wbt_iql_manager---fix-locomotion,iql,38000,4,38000,60ae31bb095660c8,-1019.940917969,35214,133999,17.6356,4.036,13.5995,37.1749,0.36583,0.8656,0.9804,1.1326
20260804_052213-g1_29dof_wbt_iql_manager---fix-locomotion,iql,38000,5,38000,60ae31bb095660c8,-1019.940917969,40938,30344,20.8761,2.6793,18.1968,37.1749,0.48949,0.9016,1.0745,1.1918
20260804_052213-g1_29dof_wbt_iql_manager---fix-locomotion,iql,38000,6,38000,60ae31bb095660c8,-1019.940917969,51996,11915,23.9843,6.4377,17.5466,37.1749,0.472,0.9273,1.082,1.1668
20260804_052213-g1_29dof_wbt_iql_manager---fix-locomotion,iql,38000,7,38000,60ae31bb095660c8,-1019.940917969,64933,19513,23.4435,9.395,14.0485,37.1749,0.3779,0.8968,1.0495,1.1702
20260804_052213-g1_29dof_wbt_iql_manager---fix-locomotion,iql,38000,11,38000,60ae31bb095660c8,-1019.940917969,76763,39227,16.0523,7.4706,8.5816,37.1749,0.23085,0.9534,1.0273,1.0774
20260804_052213-g1_29dof_wbt_iql_manager---fix-locomotion,iql,38000,12,38000,60ae31bb095660c8,-1019.940917969,33583,82841,15.4204,6.7438,8.6767,37.1749,0.2334,0.9303,1.0179,1.0941
20260804_052213-g1_29dof_wbt_iql_manager---fix-locomotion,iql,38000,13,38000,60ae31bb095660c8,-1019.940917969,29838,52509,17.1316,2.984,14.1475,37.1749,0.38057,0.8759,1.0383,1.1854
20260804_052213-g1_29dof_wbt_iql_manager---fix-locomotion,iql,38000,14,38000,60ae31bb095660c8,-1019.940917969,36307,14110,21.0278,3.7239,17.3039,37.1749,0.46547,0.922,1.1556,1.2534
20260804_052213-g1_29dof_wbt_iql_manager---fix-locomotion,iql,39000,0,39000,8611950a09fe6662,-1031.42565918,237311,68413,29.252,9.0475,20.2045,35.9693,0.56172,0.8316,1.1177,1.344
20260804_052213-g1_29dof_wbt_iql_manager---fix-locomotion,iql,39000,2,39000,8611950a09fe6662,-1031.42565918,168808,33814,19.59,8.4119,11.1781,35.9693,0.31077,0.8887,1.0084,1.1346
20260804_052213-g1_29dof_wbt_iql_manager---fix-locomotion,iql,39000,4,39000,8611950a09fe6662,-1031.42565918,35214,133999,16.9403,4.4929,12.4474,35.9693,0.34606,0.8592,0.9759,1.1358
20260804_052213-g1_29dof_wbt_iql_manager---fix-locomotion,iql,39000,5,39000,8611950a09fe6662,-1031.42565918,40938,30344,19.7495,3.283,16.4665,35.9693,0.45779,0.8933,1.0679,1.1955
20260804_052213-g1_29dof_wbt_iql_manager---fix-locomotion,iql,39000,6,39000,8611950a09fe6662,-1031.42565918,51996,11915,23.2451,7.0729,16.1722,35.9693,0.44961,0.9247,1.0845,1.1728
20260804_052213-g1_29dof_wbt_iql_manager---fix-locomotion,iql,39000,7,39000,8611950a09fe6662,-1031.42565918,64933,19513,22.3972,9.4919,12.9053,35.9693,0.35879,0.8936,1.0507,1.1757
20260804_052213-g1_29dof_wbt_iql_manager---fix-locomotion,iql,39000,11,39000,8611950a09fe6662,-1031.42565918,76763,39227,15.482,7.4133,8.0687,35.9693,0.22432,0.9505,1.0251,1.0784
20260804_052213-g1_29dof_wbt_iql_manager---fix-locomotion,iql,39000,12,39000,8611950a09fe6662,-1031.42565918,33583,82841,15.1748,6.9407,8.2341,35.9693,0.22892,0.9253,1.0158,1.0978
20260804_052213-g1_29dof_wbt_iql_manager---fix-locomotion,iql,39000,13,39000,8611950a09fe6662,-1031.42565918,29838,52509,15.7728,3.3984,12.3744,35.9693,0.34403,0.8708,1.0318,1.1849
20260804_052213-g1_29dof_wbt_iql_manager---fix-locomotion,iql,39000,14,39000,8611950a09fe6662,-1031.42565918,36307,14110,19.9749,4.6318,15.3431,35.9693,0.42656,0.9147,1.1494,1.2565
20260804_052213-g1_29dof_wbt_iql_manager---fix-locomotion,iql,40000,0,40000,0615272cbad7d6e1,-1052.153442383,237311,68413,28.3251,7.7607,20.5644,35.0186,0.58724,0.8328,1.1202,1.3451
20260804_052213-g1_29dof_wbt_iql_manager---fix-locomotion,iql,40000,2,40000,0615272cbad7d6e1,-1052.153442383,168808,33814,16.1216,5.7472,10.3744,35.0186,0.29625,0.8934,1.0098,1.1303
20260804_052213-g1_29dof_wbt_iql_manager---fix-locomotion,iql,40000,4,40000,0615272cbad7d6e1,-1052.153442383,35214,133999,16.5803,3.7894,12.7909,35.0186,0.36526,0.8602,0.9769,1.1357
20260804_052213-g1_29dof_wbt_iql_manager---fix-locomotion,iql,40000,5,40000,0615272cbad7d6e1,-1052.153442383,40938,30344,19.5501,2.6901,16.86,35.0186,0.48146,0.8944,1.0656,1.1915
20260804_052213-g1_29dof_wbt_iql_manager---fix-locomotion,iql,40000,6,40000,0615272cbad7d6e1,-1052.153442383,51996,11915,23.126,6.5206,16.6055,35.0186,0.47419,0.927,1.0778,1.1626
20260804_052213-g1_29dof_wbt_iql_manager---fix-locomotion,iql,40000,7,40000,0615272cbad7d6e1,-1052.153442383,64933,19513,21.5381,8.5027,13.0354,35.0186,0.37224,0.8963,1.0425,1.1631
20260804_052213-g1_29dof_wbt_iql_manager---fix-locomotion,iql,40000,11,40000,0615272cbad7d6e1,-1052.153442383,76763,39227,13.783,5.9683,7.8147,35.0186,0.22316,0.9567,1.0303,1.077
20260804_052213-g1_29dof_wbt_iql_manager---fix-locomotion,iql,40000,12,40000,0615272cbad7d6e1,-1052.153442383,33583,82841,13.8335,5.8838,7.9497,35.0186,0.22701,0.9303,1.0198,1.0961
20260804_052213-g1_29dof_wbt_iql_manager---fix-locomotion,iql,40000,13,40000,0615272cbad7d6e1,-1052.153442383,29838,52509,15.9818,2.9727,13.0091,35.0186,0.37149,0.8721,1.0324,1.1839
20260804_052213-g1_29dof_wbt_iql_manager---fix-locomotion,iql,40000,14,40000,0615272cbad7d6e1,-1052.153442383,36307,14110,20.2843,3.8657,16.4186,35.0186,0.46886,0.9168,1.1481,1.2523
20260804_052213-g1_29dof_wbt_iql_manager---fix-locomotion,iql,41000,0,41000,548d5488ac1a5d6e,-1069.535400391,237311,68413,28.212,8.0388,20.1731,34.9222,0.57766,0.8323,1.1167,1.3417
20260804_052213-g1_29dof_wbt_iql_manager---fix-locomotion,iql,41000,2,41000,548d5488ac1a5d6e,-1069.535400391,168808,33814,18.8046,7.5932,11.2114,34.9222,0.32104,0.8868,1.0052,1.1335
20260804_052213-g1_29dof_wbt_iql_manager---fix-locomotion,iql,41000,4,41000,548d5488ac1a5d6e,-1069.535400391,35214,133999,16.0461,4.1289,11.9173,34.9222,0.34125,0.8626,0.9777,1.1334
20260804_052213-g1_29dof_wbt_iql_manager---fix-locomotion,iql,41000,5,41000,548d5488ac1a5d6e,-1069.535400391,40938,30344,19.6072,3.0363,16.5708,34.9222,0.47451,0.8973,1.0684,1.1907
20260804_052213-g1_29dof_wbt_iql_manager---fix-locomotion,iql,41000,6,41000,548d5488ac1a5d6e,-1069.535400391,51996,11915,23.1431,7.2295,15.9135,34.9222,0.45569,0.9265,1.0836,1.1695
20260804_052213-g1_29dof_wbt_iql_manager---fix-locomotion,iql,41000,7,41000,548d5488ac1a5d6e,-1069.535400391,64933,19513,21.9443,9.2703,12.6741,34.9222,0.36292,0.8962,1.0401,1.1606
20260804_052213-g1_29dof_wbt_iql_manager---fix-locomotion,iql,41000,11,41000,548d5488ac1a5d6e,-1069.535400391,76763,39227,14.4475,6.5605,7.8871,34.9222,0.22585,0.9526,1.0279,1.0791
20260804_052213-g1_29dof_wbt_iql_manager---fix-locomotion,iql,41000,12,41000,548d5488ac1a5d6e,-1069.535400391,33583,82841,14.2428,6.6676,7.5752,34.9222,0.21692,0.9289,1.0215,1.0998
20260804_052213-g1_29dof_wbt_iql_manager---fix-locomotion,iql,41000,13,41000,548d5488ac1a5d6e,-1069.535400391,29838,52509,15.1845,3.088,12.0965,34.9222,0.34638,0.8754,1.0356,1.183
20260804_052213-g1_29dof_wbt_iql_manager---fix-locomotion,iql,41000,14,41000,548d5488ac1a5d6e,-1069.535400391,36307,14110,20.015,4.2749,15.7401,34.9222,0.45072,0.9164,1.1494,1.2542
20260804_052213-g1_29dof_wbt_iql_manager---fix-locomotion,iql,42000,0,42000,f1093bdd1e720b94,-1092.381347656,237311,68413,29.2482,8.8551,20.3931,35.9708,0.56694,0.8331,1.1161,1.3397
20260804_052213-g1_29dof_wbt_iql_manager---fix-locomotion,iql,42000,2,42000,f1093bdd1e720b94,-1092.381347656,168808,33814,19.2591,8.1163,11.1428,35.9708,0.30977,0.8885,1.0107,1.1375
20260804_052213-g1_29dof_wbt_iql_manager---fix-locomotion,iql,42000,4,42000,f1093bdd1e720b94,-1092.381347656,35214,133999,17.5692,4.5052,13.064,35.9708,0.36318,0.8603,0.9789,1.1378
20260804_052213-g1_29dof_wbt_iql_manager---fix-locomotion,iql,42000,5,42000,f1093bdd1e720b94,-1092.381347656,40938,30344,20.8269,3.2545,17.5724,35.9708,0.48852,0.894,1.0696,1.1963
20260804_052213-g1_29dof_wbt_iql_manager---fix-locomotion,iql,42000,6,42000,f1093bdd1e720b94,-1092.381347656,51996,11915,23.4865,6.8893,16.5972,35.9708,0.46141,0.9259,1.087,1.1739
20260804_052213-g1_29dof_wbt_iql_manager---fix-locomotion,iql,42000,7,42000,f1093bdd1e720b94,-1092.381347656,64933,19513,22.5907,9.4902,13.1005,35.9708,0.3642,0.895,1.0447,1.1672
20260804_052213-g1_29dof_wbt_iql_manager---fix-locomotion,iql,42000,11,42000,f1093bdd1e720b94,-1092.381347656,76763,39227,16.1354,8.0049,8.1305,35.9708,0.22603,0.9547,1.0282,1.077
20260804_052213-g1_29dof_wbt_iql_manager---fix-locomotion,iql,42000,12,42000,f1093bdd1e720b94,-1092.381347656,33583,82841,15.4289,7.1479,8.2811,35.9708,0.23022,0.9288,1.0202,1.0984
20260804_052213-g1_29dof_wbt_iql_manager---fix-locomotion,iql,42000,13,42000,f1093bdd1e720b94,-1092.381347656,29838,52509,17.0868,3.4424,13.6443,35.9708,0.37932,0.8701,1.0331,1.1873
20260804_052213-g1_29dof_wbt_iql_manager---fix-locomotion,iql,42000,14,42000,f1093bdd1e720b94,-1092.381347656,36307,14110,21.0692,4.7062,16.363,35.9708,0.4549,0.9156,1.1465,1.2521
20260804_052213-g1_29dof_wbt_iql_manager---fix-locomotion,iql,43000,0,43000,7b8fbb8cc3a35d35,-1103.948974609,237311,68413,29.3974,8.1957,21.2017,36.7717,0.57658,0.8321,1.1154,1.3406
20260804_052213-g1_29dof_wbt_iql_manager---fix-locomotion,iql,43000,2,43000,7b8fbb8cc3a35d35,-1103.948974609,168808,33814,19.2409,7.4995,11.7414,36.7717,0.3193,0.8901,1.0082,1.1327
20260804_052213-g1_29dof_wbt_iql_manager---fix-locomotion,iql,43000,4,43000,7b8fbb8cc3a35d35,-1103.948974609,35214,133999,16.7766,3.9237,12.8528,36.7717,0.34953,0.8662,0.9806,1.1321
20260804_052213-g1_29dof_wbt_iql_manager---fix-locomotion,iql,43000,5,43000,7b8fbb8cc3a35d35,-1103.948974609,40938,30344,20.0742,2.5426,17.5316,36.7717,0.47677,0.9017,1.0704,1.1871
20260804_052213-g1_29dof_wbt_iql_manager---fix-locomotion,iql,43000,6,43000,7b8fbb8cc3a35d35,-1103.948974609,51996,11915,22.9641,5.778,17.1862,36.7717,0.46738,0.9287,1.0793,1.1621
20260804_052213-g1_29dof_wbt_iql_manager---fix-locomotion,iql,43000,7,43000,7b8fbb8cc3a35d35,-1103.948974609,64933,19513,22.3365,8.9684,13.3681,36.7717,0.36354,0.8935,1.0386,1.1624
20260804_052213-g1_29dof_wbt_iql_manager---fix-locomotion,iql,43000,11,43000,7b8fbb8cc3a35d35,-1103.948974609,76763,39227,15.2632,7.1359,8.1273,36.7717,0.22102,0.9545,1.0276,1.0765
20260804_052213-g1_29dof_wbt_iql_manager---fix-locomotion,iql,43000,12,43000,7b8fbb8cc3a35d35,-1103.948974609,33583,82841,14.6515,6.3441,8.3074,36.7717,0.22592,0.9322,1.0263,1.101
20260804_052213-g1_29dof_wbt_iql_manager---fix-locomotion,iql,43000,13,43000,7b8fbb8cc3a35d35,-1103.948974609,29838,52509,16.89,3.0734,13.8166,36.7717,0.37574,0.8777,1.0388,1.1835
20260804_052213-g1_29dof_wbt_iql_manager---fix-locomotion,iql,43000,14,43000,7b8fbb8cc3a35d35,-1103.948974609,36307,14110,21.0559,4.1033,16.9526,36.7717,0.46102,0.9239,1.1505,1.2452
20260804_052213-g1_29dof_wbt_iql_manager---fix-locomotion,iql,44000,0,44000,2dbe62b4f367f79e,-1121.229980469,237311,68413,29.3661,8.0673,21.2988,36.8029,0.57873,0.8344,1.1163,1.3379
20260804_052213-g1_29dof_wbt_iql_manager---fix-locomotion,iql,44000,2,44000,2dbe62b4f367f79e,-1121.229980469,168808,33814,19.6654,7.8547,11.8107,36.8029,0.32092,0.8881,1.0006,1.1266
20260804_052213-g1_29dof_wbt_iql_manager---fix-locomotion,iql,44000,4,44000,2dbe62b4f367f79e,-1121.229980469,35214,133999,17.1651,3.9874,13.1777,36.8029,0.35806,0.8631,0.9761,1.131
20260804_052213-g1_29dof_wbt_iql_manager---fix-locomotion,iql,44000,5,44000,2dbe62b4f367f79e,-1121.229980469,40938,30344,19.7778,2.3319,17.4458,36.8029,0.47403,0.8974,1.0726,1.1952
20260804_052213-g1_29dof_wbt_iql_manager---fix-locomotion,iql,44000,6,44000,2dbe62b4f367f79e,-1121.229980469,51996,11915,22.9588,5.3567,17.6021,36.8029,0.47828,0.9281,1.0848,1.1689
20260804_052213-g1_29dof_wbt_iql_manager---fix-locomotion,iql,44000,7,44000,2dbe62b4f367f79e,-1121.229980469,64933,19513,22.4435,9.0547,13.3887,36.8029,0.3638,0.8942,1.0421,1.1653
20260804_052213-g1_29dof_wbt_iql_manager---fix-locomotion,iql,44000,11,44000,2dbe62b4f367f79e,-1121.229980469,76763,39227,14.6261,6.6752,7.9509,36.8029,0.21604,0.9529,1.0291,1.08
20260804_052213-g1_29dof_wbt_iql_manager---fix-locomotion,iql,44000,12,44000,2dbe62b4f367f79e,-1121.229980469,33583,82841,14.331,6.2913,8.0398,36.8029,0.21845,0.9278,1.0201,1.0995
20260804_052213-g1_29dof_wbt_iql_manager---fix-locomotion,iql,44000,13,44000,2dbe62b4f367f79e,-1121.229980469,29838,52509,15.5404,2.8344,12.706,36.8029,0.34524,0.8753,1.0365,1.1842
20260804_052213-g1_29dof_wbt_iql_manager---fix-locomotion,iql,44000,14,44000,2dbe62b4f367f79e,-1121.229980469,36307,14110,20.0024,3.2859,16.7165,36.8029,0.45422,0.9197,1.1546,1.2554
20260804_052213-g1_29dof_wbt_iql_manager---fix-locomotion,iql,45000,0,45000,b122184cff3a6f31,-1136.292480469,237311,68413,29.3661,8.5542,20.8119,36.7827,0.56581,0.8329,1.1164,1.3403
20260804_052213-g1_29dof_wbt_iql_manager---fix-locomotion,iql,45000,2,45000,b122184cff3a6f31,-1136.292480469,168808,33814,19.17,7.7331,11.4369,36.7827,0.31093,0.888,1.0044,1.1312
20260804_052213-g1_29dof_wbt_iql_manager---fix-locomotion,iql,45000,4,45000,b122184cff3a6f31,-1136.292480469,35214,133999,16.9435,4.1972,12.7462,36.7827,0.34653,0.8632,0.9767,1.1316
20260804_052213-g1_29dof_wbt_iql_manager---fix-locomotion,iql,45000,5,45000,b122184cff3a6f31,-1136.292480469,40938,30344,20.131,2.9489,17.1821,36.7827,0.46712,0.8986,1.0679,1.1884
20260804_052213-g1_29dof_wbt_iql_manager---fix-locomotion,iql,45000,6,45000,b122184cff3a6f31,-1136.292480469,51996,11915,22.8209,5.9072,16.9136,36.7827,0.45983,0.9259,1.0793,1.1657
20260804_052213-g1_29dof_wbt_iql_manager---fix-locomotion,iql,45000,7,45000,b122184cff3a6f31,-1136.292480469,64933,19513,22.1141,8.843,13.2711,36.7827,0.3608,0.8951,1.0446,1.167
20260804_052213-g1_29dof_wbt_iql_manager---fix-locomotion,iql,45000,11,45000,b122184cff3a6f31,-1136.292480469,76763,39227,14.8962,6.5566,8.3396,36.7827,0.22673,0.9565,1.0301,1.0769
20260804_052213-g1_29dof_wbt_iql_manager---fix-locomotion,iql,45000,12,45000,b122184cff3a6f31,-1136.292480469,33583,82841,15.1826,6.9619,8.2207,36.7827,0.22349,0.9275,1.0176,1.0971
20260804_052213-g1_29dof_wbt_iql_manager---fix-locomotion,iql,45000,13,45000,b122184cff3a6f31,-1136.292480469,29838,52509,16.4531,3.3528,13.1003,36.7827,0.35615,0.8741,1.0341,1.183
20260804_052213-g1_29dof_wbt_iql_manager---fix-locomotion,iql,45000,14,45000,b122184cff3a6f31,-1136.292480469,36307,14110,20.1103,4.119,15.9913,36.7827,0.43475,0.9205,1.1519,1.2514
20260804_052213-g1_29dof_wbt_iql_manager---fix-locomotion,iql,46000,0,46000,fcbc9ddf8660feac,-1153.070678711,237311,68413,28.3482,7.7452,20.6029,35.4649,0.58094,0.8332,1.1156,1.3389
20260804_052213-g1_29dof_wbt_iql_manager---fix-locomotion,iql,46000,2,46000,fcbc9ddf8660feac,-1153.070678711,168808,33814,17.484,6.1634,11.3206,35.4649,0.3192,0.8896,1.0062,1.131
20260804_052213-g1_29dof_wbt_iql_manager---fix-locomotion,iql,46000,4,46000,fcbc9ddf8660feac,-1153.070678711,35214,133999,16.2855,3.6797,12.6058,35.4649,0.35545,0.8661,0.9762,1.1272
20260804_052213-g1_29dof_wbt_iql_manager---fix-locomotion,iql,46000,5,46000,fcbc9ddf8660feac,-1153.070678711,40938,30344,19.7145,2.6453,17.0692,35.4649,0.4813,0.8985,1.0727,1.1938
20260804_052213-g1_29dof_wbt_iql_manager---fix-locomotion,iql,46000,6,46000,fcbc9ddf8660feac,-1153.070678711,51996,11915,22.6686,5.9643,16.7043,35.4649,0.47101,0.9252,1.0778,1.1649
20260804_052213-g1_29dof_wbt_iql_manager---fix-locomotion,iql,46000,7,46000,fcbc9ddf8660feac,-1153.070678711,64933,19513,21.4852,8.3084,13.1768,35.4649,0.37155,0.8924,1.0395,1.1648
20260804_052213-g1_29dof_wbt_iql_manager---fix-locomotion,iql,46000,11,46000,fcbc9ddf8660feac,-1153.070678711,76763,39227,14.2392,6.0433,8.1959,35.4649,0.2311,0.9555,1.0279,1.0758
20260804_052213-g1_29dof_wbt_iql_manager---fix-locomotion,iql,46000,12,46000,fcbc9ddf8660feac,-1153.070678711,33583,82841,13.8731,6.0116,7.8615,35.4649,0.22167,0.9275,1.0189,1.0985
20260804_052213-g1_29dof_wbt_iql_manager---fix-locomotion,iql,46000,13,46000,fcbc9ddf8660feac,-1153.070678711,29838,52509,15.7533,2.7398,13.0136,35.4649,0.36694,0.8799,1.037,1.1786
20260804_052213-g1_29dof_wbt_iql_manager---fix-locomotion,iql,46000,14,46000,fcbc9ddf8660feac,-1153.070678711,36307,14110,19.9156,3.7295,16.1861,35.4649,0.4564,0.9221,1.1543,1.2517
20260804_052213-g1_29dof_wbt_iql_manager---fix-locomotion,iql,47000,0,47000,8402fc810de55872,-1160.284423828,237311,68413,28.4082,8.0231,20.3851,35.3296,0.577,0.8335,1.1164,1.3393
20260804_052213-g1_29dof_wbt_iql_manager---fix-locomotion,iql,47000,2,47000,8402fc810de55872,-1160.284423828,168808,33814,19.8548,8.1186,11.7361,35.3296,0.33219,0.8886,1.0086,1.135
20260804_052213-g1_29dof_wbt_iql_manager---fix-locomotion,iql,47000,4,47000,8402fc810de55872,-1160.284423828,35214,133999,17.4193,3.9931,13.4262,35.3296,0.38003,0.8627,0.9741,1.1292
20260804_052213-g1_29dof_wbt_iql_manager---fix-locomotion,iql,47000,5,47000,8402fc810de55872,-1160.284423828,40938,30344,20.637,2.4724,18.1646,35.3296,0.51415,0.898,1.0657,1.1868
20260804_052213-g1_29dof_wbt_iql_manager---fix-locomotion,iql,47000,6,47000,8402fc810de55872,-1160.284423828,51996,11915,23.6763,6.106,17.5703,35.3296,0.49733,0.9263,1.0776,1.1634
20260804_052213-g1_29dof_wbt_iql_manager---fix-locomotion,iql,47000,7,47000,8402fc810de55872,-1160.284423828,64933,19513,22.766,9.0424,13.7237,35.3296,0.38845,0.8941,1.0399,1.163
20260804_052213-g1_29dof_wbt_iql_manager---fix-locomotion,iql,47000,11,47000,8402fc810de55872,-1160.284423828,76763,39227,15.6012,6.9876,8.6136,35.3296,0.24381,0.9547,1.0278,1.0766
20260804_052213-g1_29dof_wbt_iql_manager---fix-locomotion,iql,47000,12,47000,8402fc810de55872,-1160.284423828,33583,82841,15.1684,6.5784,8.59,35.3296,0.24314,0.9279,1.016,1.095
20260804_052213-g1_29dof_wbt_iql_manager---fix-locomotion,iql,47000,13,47000,8402fc810de55872,-1160.284423828,29838,52509,17.1671,3.0239,14.1432,35.3296,0.40032,0.8786,1.0332,1.176
20260804_052213-g1_29dof_wbt_iql_manager---fix-locomotion,iql,47000,14,47000,8402fc810de55872,-1160.284423828,36307,14110,21.0502,3.8431,17.2071,35.3296,0.48705,0.9201,1.1454,1.2449
20260804_052213-g1_29dof_wbt_iql_manager---fix-locomotion,iql,48000,0,48000,66c7aa7c75b83d8e,-1177.201904297,237311,68413,28.8621,8.1997,20.6623,36.2484,0.57002,0.8326,1.116,1.3404
20260804_052213-g1_29dof_wbt_iql_manager---fix-locomotion,iql,48000,2,48000,66c7aa7c75b83d8e,-1177.201904297,168808,33814,18.4159,7.2613,11.1546,36.2484,0.30773,0.8901,1.0071,1.1313
20260804_052213-g1_29dof_wbt_iql_manager---fix-locomotion,iql,48000,4,48000,66c7aa7c75b83d8e,-1177.201904297,35214,133999,16.9003,4.0403,12.86,36.2484,0.35478,0.8608,0.9812,1.1399
20260804_052213-g1_29dof_wbt_iql_manager---fix-locomotion,iql,48000,5,48000,66c7aa7c75b83d8e,-1177.201904297,40938,30344,19.893,2.8864,17.0066,36.2484,0.46917,0.8946,1.0661,1.1918
20260804_052213-g1_29dof_wbt_iql_manager---fix-locomotion,iql,48000,6,48000,66c7aa7c75b83d8e,-1177.201904297,51996,11915,22.4417,6.1482,16.2935,36.2484,0.4495,0.9264,1.0775,1.163
20260804_052213-g1_29dof_wbt_iql_manager---fix-locomotion,iql,48000,7,48000,66c7aa7c75b83d8e,-1177.201904297,64933,19513,21.9367,8.7996,13.137,36.2484,0.36242,0.8937,1.0434,1.1674
20260804_052213-g1_29dof_wbt_iql_manager---fix-locomotion,iql,48000,11,48000,66c7aa7c75b83d8e,-1177.201904297,76763,39227,14.6104,6.4889,8.1215,36.2484,0.22405,0.9527,1.0264,1.0773
20260804_052213-g1_29dof_wbt_iql_manager---fix-locomotion,iql,48000,12,48000,66c7aa7c75b83d8e,-1177.201904297,33583,82841,14.4115,6.3785,8.033,36.2484,0.22161,0.9289,1.0213,1.0995
20260804_052213-g1_29dof_wbt_iql_manager---fix-locomotion,iql,48000,13,48000,66c7aa7c75b83d8e,-1177.201904297,29838,52509,16.5089,3.2649,13.244,36.2484,0.36537,0.8725,1.0342,1.1853
20260804_052213-g1_29dof_wbt_iql_manager---fix-locomotion,iql,48000,14,48000,66c7aa7c75b83d8e,-1177.201904297,36307,14110,20.0694,3.9405,16.129,36.2484,0.44496,0.9182,1.1472,1.2495
20260804_052213-g1_29dof_wbt_iql_manager---fix-locomotion,iql,49000,0,49000,70182c925486deb5,-1188.82019043,237311,68413,29.0448,8.3011,20.7436,36.2271,0.5726,0.8352,1.1175,1.3381
20260804_052213-g1_29dof_wbt_iql_manager---fix-locomotion,iql,49000,2,49000,70182c925486deb5,-1188.82019043,168808,33814,17.99,6.9812,11.0088,36.2271,0.30388,0.8937,1.0138,1.1344
20260804_052213-g1_29dof_wbt_iql_manager---fix-locomotion,iql,49000,4,49000,70182c925486deb5,-1188.82019043,35214,133999,15.436,3.5655,11.8705,36.2271,0.32767,0.861,0.9773,1.1351
20260804_052213-g1_29dof_wbt_iql_manager---fix-locomotion,iql,49000,5,49000,70182c925486deb5,-1188.82019043,40938,30344,19.0208,2.3016,16.7192,36.2271,0.46151,0.8916,1.0632,1.1926
20260804_052213-g1_29dof_wbt_iql_manager---fix-locomotion,iql,49000,6,49000,70182c925486deb5,-1188.82019043,51996,11915,22.7596,5.8359,16.9237,36.2271,0.46716,0.9267,1.0758,1.1609
20260804_052213-g1_29dof_wbt_iql_manager---fix-locomotion,iql,49000,7,49000,70182c925486deb5,-1188.82019043,64933,19513,21.9635,8.8989,13.0647,36.2271,0.36063,0.8925,1.0438,1.1695
20260804_052213-g1_29dof_wbt_iql_manager---fix-locomotion,iql,49000,11,49000,70182c925486deb5,-1188.82019043,76763,39227,14.6569,6.7403,7.9166,36.2271,0.21853,0.9534,1.0306,1.081
20260804_052213-g1_29dof_wbt_iql_manager---fix-locomotion,iql,49000,12,49000,70182c925486deb5,-1188.82019043,33583,82841,13.6407,6.0498,7.5909,36.2271,0.20954,0.9249,1.016,1.0985
20260804_052213-g1_29dof_wbt_iql_manager---fix-locomotion,iql,49000,13,49000,70182c925486deb5,-1188.82019043,29838,52509,14.642,2.5279,12.114,36.2271,0.33439,0.8691,1.0304,1.1857
20260804_052213-g1_29dof_wbt_iql_manager---fix-locomotion,iql,49000,14,49000,70182c925486deb5,-1188.82019043,36307,14110,19.2499,3.0832,16.1667,36.2271,0.44626,0.9179,1.1473,1.2499
20260804_052213-g1_29dof_wbt_iql_manager---fix-locomotion,iql,50000,0,50000,85308d600241d658,-1203.76965332,237311,68413,29.264,9.0952,20.1688,35.8722,0.56224,0.8322,1.1147,1.3395
20260804_052213-g1_29dof_wbt_iql_manager---fix-locomotion,iql,50000,2,50000,85308d600241d658,-1203.76965332,168808,33814,19.5178,8.2985,11.2193,35.8722,0.31276,0.8887,1.0022,1.1278
20260804_052213-g1_29dof_wbt_iql_manager---fix-locomotion,iql,50000,4,50000,85308d600241d658,-1203.76965332,35214,133999,16.9699,4.4583,12.5115,35.8722,0.34878,0.8601,0.9729,1.1311
20260804_052213-g1_29dof_wbt_iql_manager---fix-locomotion,iql,50000,5,50000,85308d600241d658,-1203.76965332,40938,30344,20.0948,3.2699,16.8249,35.8722,0.46902,0.8968,1.0638,1.1863
20260804_052213-g1_29dof_wbt_iql_manager---fix-locomotion,iql,50000,6,50000,85308d600241d658,-1203.76965332,51996,11915,23.1363,7.034,16.1023,35.8722,0.44888,0.9258,1.0771,1.1634
20260804_052213-g1_29dof_wbt_iql_manager---fix-locomotion,iql,50000,7,50000,85308d600241d658,-1203.76965332,64933,19513,22.5837,9.6524,12.9313,35.8722,0.36048,0.8934,1.0433,1.1677
20260804_052213-g1_29dof_wbt_iql_manager---fix-locomotion,iql,50000,11,50000,85308d600241d658,-1203.76965332,76763,39227,14.8225,7.0671,7.7554,35.8722,0.2162,0.9545,1.0297,1.0788
20260804_052213-g1_29dof_wbt_iql_manager---fix-locomotion,iql,50000,12,50000,85308d600241d658,-1203.76965332,33583,82841,14.6484,6.8029,7.8455,35.8722,0.21871,0.9256,1.0158,1.0974
20260804_052213-g1_29dof_wbt_iql_manager---fix-locomotion,iql,50000,13,50000,85308d600241d658,-1203.76965332,29838,52509,16.5945,3.4883,13.1062,35.8722,0.36536,0.8707,1.0331,1.1865
20260804_052213-g1_29dof_wbt_iql_manager---fix-locomotion,iql,50000,14,50000,85308d600241d658,-1203.76965332,36307,14110,20.6063,4.7436,15.8628,35.8722,0.4422,0.9181,1.1474,1.2497
20260804_052213-g1_29dof_wbt_iql_manager---fix-locomotion,iql,51000,0,51000,fea4f6d9ebccd978,-1212.202148438,237311,68413,28.1009,7.5248,20.5762,35.8154,0.57451,0.8319,1.1114,1.3359
20260804_052213-g1_29dof_wbt_iql_manager---fix-locomotion,iql,51000,2,51000,fea4f6d9ebccd978,-1212.202148438,168808,33814,17.4139,6.1923,11.2216,35.8154,0.31332,0.8873,1.0037,1.1311
20260804_052213-g1_29dof_wbt_iql_manager---fix-locomotion,iql,51000,4,51000,fea4f6d9ebccd978,-1212.202148438,35214,133999,16.3637,3.7347,12.6291,35.8154,0.35262,0.8585,0.9771,1.1382
20260804_052213-g1_29dof_wbt_iql_manager---fix-locomotion,iql,51000,5,51000,fea4f6d9ebccd978,-1212.202148438,40938,30344,19.9754,2.6359,17.3395,35.8154,0.48414,0.8953,1.0677,1.1925
20260804_052213-g1_29dof_wbt_iql_manager---fix-locomotion,iql,51000,6,51000,fea4f6d9ebccd978,-1212.202148438,51996,11915,22.2675,5.5373,16.7302,35.8154,0.46712,0.9257,1.0777,1.1642
20260804_052213-g1_29dof_wbt_iql_manager---fix-locomotion,iql,51000,7,51000,fea4f6d9ebccd978,-1212.202148438,64933,19513,21.0334,7.7779,13.2555,35.8154,0.37011,0.8958,1.0411,1.1622
20260804_052213-g1_29dof_wbt_iql_manager---fix-locomotion,iql,51000,11,51000,fea4f6d9ebccd978,-1212.202148438,76763,39227,14.3645,6.3329,8.0316,35.8154,0.22425,0.9494,1.022,1.0765
20260804_052213-g1_29dof_wbt_iql_manager---fix-locomotion,iql,51000,12,51000,fea4f6d9ebccd978,-1212.202148438,33583,82841,14.107,6.1658,7.9411,35.8154,0.22172,0.9245,1.0136,1.0964
20260804_052213-g1_29dof_wbt_iql_manager---fix-locomotion,iql,51000,13,51000,fea4f6d9ebccd978,-1212.202148438,29838,52509,16.3514,2.9291,13.4223,35.8154,0.37476,0.8708,1.0328,1.186
20260804_052213-g1_29dof_wbt_iql_manager---fix-locomotion,iql,51000,14,51000,fea4f6d9ebccd978,-1212.202148438,36307,14110,19.8158,3.5209,16.2948,35.8154,0.45497,0.9188,1.1526,1.2545
20260804_052213-g1_29dof_wbt_iql_manager---fix-locomotion,iql,52000,0,52000,613c0989e82789c2,-1219.224975586,237311,68413,28.8296,8.4491,20.3805,35.4478,0.57494,0.8319,1.1148,1.3401
20260804_052213-g1_29dof_wbt_iql_manager---fix-locomotion,iql,52000,2,52000,613c0989e82789c2,-1219.224975586,168808,33814,19.0252,7.7776,11.2476,35.4478,0.3173,0.8882,1.0043,1.1308
20260804_052213-g1_29dof_wbt_iql_manager---fix-locomotion,iql,52000,4,52000,613c0989e82789c2,-1219.224975586,35214,133999,16.2832,3.915,12.3683,35.4478,0.34891,0.8639,0.9755,1.1291
20260804_052213-g1_29dof_wbt_iql_manager---fix-locomotion,iql,52000,5,52000,613c0989e82789c2,-1219.224975586,40938,30344,19.3454,2.4281,16.9173,35.4478,0.47725,0.8974,1.0689,1.191
20260804_052213-g1_29dof_wbt_iql_manager---fix-locomotion,iql,52000,6,52000,613c0989e82789c2,-1219.224975586,51996,11915,22.5259,5.3633,17.1626,35.4478,0.48417,0.9235,1.0761,1.1652
20260804_052213-g1_29dof_wbt_iql_manager---fix-locomotion,iql,52000,7,52000,613c0989e82789c2,-1219.224975586,64933,19513,22.2567,8.7304,13.5263,35.4478,0.38158,0.8927,1.0364,1.161
20260804_052213-g1_29dof_wbt_iql_manager---fix-locomotion,iql,52000,11,52000,613c0989e82789c2,-1219.224975586,76763,39227,14.4862,6.4505,8.0357,35.4478,0.22669,0.9543,1.0253,1.0744
20260804_052213-g1_29dof_wbt_iql_manager---fix-locomotion,iql,52000,12,52000,613c0989e82789c2,-1219.224975586,33583,82841,14.1683,6.1019,8.0664,35.4478,0.22756,0.9276,1.0131,1.0921
20260804_052213-g1_29dof_wbt_iql_manager---fix-locomotion,iql,52000,13,52000,613c0989e82789c2,-1219.224975586,29838,52509,15.716,2.9232,12.7928,35.4478,0.36089,0.8759,1.0342,1.1808
20260804_052213-g1_29dof_wbt_iql_manager---fix-locomotion,iql,52000,14,52000,613c0989e82789c2,-1219.224975586,36307,14110,19.9992,3.8239,16.1753,35.4478,0.45631,0.9164,1.1462,1.2509
20260804_052213-g1_29dof_wbt_iql_manager---fix-locomotion,iql,53000,0,53000,2e52175a02da9045,-1240.251708984,237311,68413,28.6901,7.4178,21.2723,36.2727,0.58645,0.8323,1.1136,1.3379
20260804_052213-g1_29dof_wbt_iql_manager---fix-locomotion,iql,53000,2,53000,2e52175a02da9045,-1240.251708984,168808,33814,17.736,5.8912,11.8449,36.2727,0.32655,0.89,1.0065,1.1309
20260804_052213-g1_29dof_wbt_iql_manager---fix-locomotion,iql,53000,4,53000,2e52175a02da9045,-1240.251708984,35214,133999,16.1716,3.4027,12.7689,36.2727,0.35202,0.8612,0.9745,1.1315
20260804_052213-g1_29dof_wbt_iql_manager---fix-locomotion,iql,53000,5,53000,2e52175a02da9045,-1240.251708984,40938,30344,19.4345,2.1697,17.2648,36.2727,0.47597,0.893,1.0631,1.1905
20260804_052213-g1_29dof_wbt_iql_manager---fix-locomotion,iql,53000,6,53000,2e52175a02da9045,-1240.251708984,51996,11915,22.3964,5.0543,17.3422,36.2727,0.47811,0.93,1.0788,1.1601
20260804_052213-g1_29dof_wbt_iql_manager---fix-locomotion,iql,53000,7,53000,2e52175a02da9045,-1240.251708984,64933,19513,22.0835,8.2897,13.7938,36.2727,0.38028,0.8967,1.0404,1.1602
20260804_052213-g1_29dof_wbt_iql_manager---fix-locomotion,iql,53000,11,53000,2e52175a02da9045,-1240.251708984,76763,39227,14.5556,6.3948,8.1608,36.2727,0.22499,0.9509,1.0256,1.0785
20260804_052213-g1_29dof_wbt_iql_manager---fix-locomotion,iql,53000,12,53000,2e52175a02da9045,-1240.251708984,33583,82841,14.2384,6.1933,8.045,36.2727,0.22179,0.9294,1.018,1.0954
20260804_052213-g1_29dof_wbt_iql_manager---fix-locomotion,iql,53000,13,53000,2e52175a02da9045,-1240.251708984,29838,52509,15.6616,2.5502,13.1114,36.2727,0.36147,0.8668,1.0297,1.1879
20260804_052213-g1_29dof_wbt_iql_manager---fix-locomotion,iql,53000,14,53000,2e52175a02da9045,-1240.251708984,36307,14110,19.472,3.2113,16.2607,36.2727,0.44829,0.9157,1.1419,1.247
20260804_052213-g1_29dof_wbt_iql_manager---fix-locomotion,iql,54000,0,54000,1e0d12880ad2df60,-1245.379394531,237311,68413,28.4762,7.8656,20.6106,35.8209,0.57538,0.8334,1.116,1.3391
20260804_052213-g1_29dof_wbt_iql_manager---fix-locomotion,iql,54000,2,54000,1e0d12880ad2df60,-1245.379394531,168808,33814,18.0125,7.0377,10.9748,35.8209,0.30638,0.8895,1.0046,1.1294
20260804_052213-g1_29dof_wbt_iql_manager---fix-locomotion,iql,54000,4,54000,1e0d12880ad2df60,-1245.379394531,35214,133999,16.5346,4.0213,12.5133,35.8209,0.34933,0.8635,0.9742,1.1282
20260804_052213-g1_29dof_wbt_iql_manager---fix-locomotion,iql,54000,5,54000,1e0d12880ad2df60,-1245.379394531,40938,30344,19.2534,2.5916,16.6618,35.8209,0.46514,0.8971,1.0692,1.1918
20260804_052213-g1_29dof_wbt_iql_manager---fix-locomotion,iql,54000,6,54000,1e0d12880ad2df60,-1245.379394531,51996,11915,22.8272,5.785,17.0421,35.8209,0.47576,0.9234,1.0752,1.1643
20260804_052213-g1_29dof_wbt_iql_manager---fix-locomotion,iql,54000,7,54000,1e0d12880ad2df60,-1245.379394531,64933,19513,22.1971,8.5506,13.6465,35.8209,0.38097,0.8945,1.0412,1.164
20260804_052213-g1_29dof_wbt_iql_manager---fix-locomotion,iql,54000,11,54000,1e0d12880ad2df60,-1245.379394531,76763,39227,14.4892,6.4848,8.0044,35.8209,0.22346,0.9574,1.0304,1.0763
20260804_052213-g1_29dof_wbt_iql_manager---fix-locomotion,iql,54000,12,54000,1e0d12880ad2df60,-1245.379394531,33583,82841,14.4096,6.4231,7.9865,35.8209,0.22296,0.93,1.0167,1.0933
20260804_052213-g1_29dof_wbt_iql_manager---fix-locomotion,iql,54000,13,54000,1e0d12880ad2df60,-1245.379394531,29838,52509,15.7166,2.9808,12.7358,35.8209,0.35554,0.88,1.0361,1.1774
20260804_052213-g1_29dof_wbt_iql_manager---fix-locomotion,iql,54000,14,54000,1e0d12880ad2df60,-1245.379394531,36307,14110,19.6734,3.4066,16.2668,35.8209,0.45411,0.9219,1.1521,1.2497
20260804_052213-g1_29dof_wbt_iql_manager---fix-locomotion,iql,55000,0,55000,fdd8a25666245be8,-1256.666625977,237311,68413,29.0344,7.6906,21.3439,36.7744,0.5804,0.8313,1.113,1.3388
20260804_052213-g1_29dof_wbt_iql_manager---fix-locomotion,iql,55000,2,55000,fdd8a25666245be8,-1256.666625977,168808,33814,18.3644,6.8384,11.5259,36.7744,0.31342,0.8882,1.0036,1.1299
20260804_052213-g1_29dof_wbt_iql_manager---fix-locomotion,iql,55000,4,55000,fdd8a25666245be8,-1256.666625977,35214,133999,16.8455,3.7337,13.1118,36.7744,0.35655,0.8572,0.972,1.1339
20260804_052213-g1_29dof_wbt_iql_manager---fix-locomotion,iql,55000,5,55000,fdd8a25666245be8,-1256.666625977,40938,30344,20.3955,2.5618,17.8337,36.7744,0.48495,0.8926,1.0631,1.191
20260804_052213-g1_29dof_wbt_iql_manager---fix-locomotion,iql,55000,6,55000,fdd8a25666245be8,-1256.666625977,51996,11915,23.1408,5.5916,17.5492,36.7744,0.47721,0.9267,1.0765,1.1617
20260804_052213-g1_29dof_wbt_iql_manager---fix-locomotion,iql,55000,7,55000,fdd8a25666245be8,-1256.666625977,64933,19513,22.3208,8.6379,13.6829,36.7744,0.37208,0.8957,1.0401,1.1613
20260804_052213-g1_29dof_wbt_iql_manager---fix-locomotion,iql,55000,11,55000,fdd8a25666245be8,-1256.666625977,76763,39227,14.8716,6.5723,8.2993,36.7744,0.22568,0.9532,1.0265,1.0769
20260804_052213-g1_29dof_wbt_iql_manager---fix-locomotion,iql,55000,12,55000,fdd8a25666245be8,-1256.666625977,33583,82841,13.9763,5.8723,8.104,36.7744,0.22037,0.9228,1.013,1.0978
20260804_052213-g1_29dof_wbt_iql_manager---fix-locomotion,iql,55000,13,55000,fdd8a25666245be8,-1256.666625977,29838,52509,16.6444,2.8413,13.803,36.7744,0.37534,0.8698,1.0304,1.1846
20260804_052213-g1_29dof_wbt_iql_manager---fix-locomotion,iql,55000,14,55000,fdd8a25666245be8,-1256.666625977,36307,14110,20.6055,3.5716,17.034,36.7744,0.4632,0.9161,1.1463,1.2513
20260804_052213-g1_29dof_wbt_iql_manager---fix-locomotion,iql,56000,0,56000,19456b38cfeaee42,-1268.029418945,237311,68413,29.6991,8.7575,20.9416,36.8909,0.56766,0.833,1.1134,1.3366
20260804_052213-g1_29dof_wbt_iql_manager---fix-locomotion,iql,56000,2,56000,19456b38cfeaee42,-1268.029418945,168808,33814,18.8476,7.2726,11.575,36.8909,0.31376,0.888,1.002,1.1283
20260804_052213-g1_29dof_wbt_iql_manager---fix-locomotion,iql,56000,4,56000,19456b38cfeaee42,-1268.029418945,35214,133999,16.7451,3.626,13.1191,36.8909,0.35562,0.8561,0.9725,1.1359
20260804_052213-g1_29dof_wbt_iql_manager---fix-locomotion,iql,56000,5,56000,19456b38cfeaee42,-1268.029418945,40938,30344,20.6031,2.446,18.1571,36.8909,0.49218,0.8947,1.064,1.1892
20260804_052213-g1_29dof_wbt_iql_manager---fix-locomotion,iql,56000,6,56000,19456b38cfeaee42,-1268.029418945,51996,11915,23.5672,5.5072,18.06,36.8909,0.48955,0.9244,1.0752,1.1631
20260804_052213-g1_29dof_wbt_iql_manager---fix-locomotion,iql,56000,7,56000,19456b38cfeaee42,-1268.029418945,64933,19513,23.1396,9.0858,14.0539,36.8909,0.38096,0.893,1.0365,1.1607
20260804_052213-g1_29dof_wbt_iql_manager---fix-locomotion,iql,56000,11,56000,19456b38cfeaee42,-1268.029418945,76763,39227,15.021,6.7153,8.3056,36.8909,0.22514,0.952,1.0246,1.0763
20260804_052213-g1_29dof_wbt_iql_manager---fix-locomotion,iql,56000,12,56000,19456b38cfeaee42,-1268.029418945,33583,82841,14.4012,6.0676,8.3336,36.8909,0.2259,0.925,1.0124,1.0945
20260804_052213-g1_29dof_wbt_iql_manager---fix-locomotion,iql,56000,13,56000,19456b38cfeaee42,-1268.029418945,29838,52509,17.0973,2.8576,14.2397,36.8909,0.386,0.8675,1.0296,1.187
20260804_052213-g1_29dof_wbt_iql_manager---fix-locomotion,iql,56000,14,56000,19456b38cfeaee42,-1268.029418945,36307,14110,21.3268,3.7079,17.6189,36.8909,0.4776,0.9139,1.1431,1.2508
20260804_052213-g1_29dof_wbt_iql_manager---fix-locomotion,iql,57000,0,57000,cf156e963434dc49,-1273.549804688,237311,68413,28.6571,8.2153,20.4418,36.0933,0.56636,0.8352,1.1113,1.3306
20260804_052213-g1_29dof_wbt_iql_manager---fix-locomotion,iql,57000,2,57000,cf156e963434dc49,-1273.549804688,168808,33814,17.3135,6.6247,10.6887,36.0933,0.29614,0.8891,1.0068,1.1324
20260804_052213-g1_29dof_wbt_iql_manager---fix-locomotion,iql,57000,4,57000,cf156e963434dc49,-1273.549804688,35214,133999,16.0414,3.7784,12.2631,36.0933,0.33976,0.8637,0.9767,1.1309
20260804_052213-g1_29dof_wbt_iql_manager---fix-locomotion,iql,57000,5,57000,cf156e963434dc49,-1273.549804688,40938,30344,20.2264,2.9026,17.3237,36.0933,0.47997,0.8977,1.0652,1.1867
20260804_052213-g1_29dof_wbt_iql_manager---fix-locomotion,iql,57000,6,57000,cf156e963434dc49,-1273.549804688,51996,11915,23.4001,6.8364,16.5638,36.0933,0.45892,0.9266,1.0785,1.1639
20260804_052213-g1_29dof_wbt_iql_manager---fix-locomotion,iql,57000,7,57000,cf156e963434dc49,-1273.549804688,64933,19513,22.2462,9.0381,13.2081,36.0933,0.36594,0.8914,1.0385,1.165
20260804_052213-g1_29dof_wbt_iql_manager---fix-locomotion,iql,57000,11,57000,cf156e963434dc49,-1273.549804688,76763,39227,14.1444,6.673,7.4713,36.0933,0.207,0.9495,1.02,1.0743
20260804_052213-g1_29dof_wbt_iql_manager---fix-locomotion,iql,57000,12,57000,cf156e963434dc49,-1273.549804688,33583,82841,13.5822,6.0109,7.5713,36.0933,0.20977,0.9251,1.0127,1.0946
20260804_052213-g1_29dof_wbt_iql_manager---fix-locomotion,iql,57000,13,57000,cf156e963434dc49,-1273.549804688,29838,52509,16.2019,3.0919,13.11,36.0933,0.36322,0.8778,1.0334,1.1772
20260804_052213-g1_29dof_wbt_iql_manager---fix-locomotion,iql,57000,14,57000,cf156e963434dc49,-1273.549804688,36307,14110,20.7151,4.5442,16.1709,36.0933,0.44803,0.921,1.1456,1.2438
20260804_052213-g1_29dof_wbt_iql_manager---fix-locomotion,iql,58000,0,58000,15b072e61783c36c,-1279.135375977,237311,68413,28.8405,8.1093,20.7312,36.1845,0.57293,0.8328,1.1128,1.3363
20260804_052213-g1_29dof_wbt_iql_manager---fix-locomotion,iql,58000,2,58000,15b072e61783c36c,-1279.135375977,168808,33814,18.4655,7.3259,11.1396,36.1845,0.30786,0.8876,1.0031,1.1301
20260804_052213-g1_29dof_wbt_iql_manager---fix-locomotion,iql,58000,4,58000,15b072e61783c36c,-1279.135375977,35214,133999,16.2333,3.6851,12.5481,36.1845,0.34678,0.8581,0.9739,1.1349
20260804_052213-g1_29dof_wbt_iql_manager---fix-locomotion,iql,58000,5,58000,15b072e61783c36c,-1279.135375977,40938,30344,19.6836,2.4811,17.2024,36.1845,0.47541,0.895,1.0622,1.1869
20260804_052213-g1_29dof_wbt_iql_manager---fix-locomotion,iql,58000,6,58000,15b072e61783c36c,-1279.135375977,51996,11915,22.4032,5.2082,17.195,36.1845,0.4752,0.9237,1.0735,1.1622
20260804_052213-g1_29dof_wbt_iql_manager---fix-locomotion,iql,58000,7,58000,15b072e61783c36c,-1279.135375977,64933,19513,21.8225,8.5791,13.2435,36.1845,0.366,0.8933,1.0409,1.1653
20260804_052213-g1_29dof_wbt_iql_manager---fix-locomotion,iql,58000,11,58000,15b072e61783c36c,-1279.135375977,76763,39227,14.5504,6.4102,8.1402,36.1845,0.22496,0.9541,1.0249,1.0742
20260804_052213-g1_29dof_wbt_iql_manager---fix-locomotion,iql,58000,12,58000,15b072e61783c36c,-1279.135375977,33583,82841,14.5845,6.2047,8.3798,36.1845,0.23159,0.9264,1.0159,1.0966
20260804_052213-g1_29dof_wbt_iql_manager---fix-locomotion,iql,58000,13,58000,15b072e61783c36c,-1279.135375977,29838,52509,16.1712,2.9426,13.2287,36.1845,0.36559,0.8718,1.0291,1.1805
20260804_052213-g1_29dof_wbt_iql_manager---fix-locomotion,iql,58000,14,58000,15b072e61783c36c,-1279.135375977,36307,14110,20.1369,3.6905,16.4465,36.1845,0.45452,0.9174,1.1431,1.246
20260804_052213-g1_29dof_wbt_iql_manager---fix-locomotion,iql,59000,0,59000,edd544d18c4da31a,-1287.844116211,237311,68413,28.5626,7.9267,20.6359,35.6574,0.57873,0.8322,1.1117,1.3359
20260804_052213-g1_29dof_wbt_iql_manager---fix-locomotion,iql,59000,2,59000,edd544d18c4da31a,-1287.844116211,168808,33814,17.5275,6.1146,11.4129,35.6574,0.32007,0.8901,1.006,1.1302
20260804_052213-g1_29dof_wbt_iql_manager---fix-locomotion,iql,59000,4,59000,edd544d18c4da31a,-1287.844116211,35214,133999,15.9959,3.5748,12.4211,35.6574,0.34834,0.8635,0.9755,1.1297
20260804_052213-g1_29dof_wbt_iql_manager---fix-locomotion,iql,59000,5,59000,edd544d18c4da31a,-1287.844116211,40938,30344,19.3959,2.2973,17.0986,35.6574,0.47952,0.8995,1.0638,1.1826
20260804_052213-g1_29dof_wbt_iql_manager---fix-locomotion,iql,59000,6,59000,edd544d18c4da31a,-1287.844116211,51996,11915,22.6878,5.5456,17.1422,35.6574,0.48075,0.9246,1.0754,1.163
20260804_052213-g1_29dof_wbt_iql_manager---fix-locomotion,iql,59000,7,59000,edd544d18c4da31a,-1287.844116211,64933,19513,21.9,8.4258,13.4743,35.6574,0.37788,0.8943,1.0374,1.16
20260804_052213-g1_29dof_wbt_iql_manager---fix-locomotion,iql,59000,11,59000,edd544d18c4da31a,-1287.844116211,76763,39227,14.5237,6.2915,8.2322,35.6574,0.23087,0.9483,1.0209,1.0766
20260804_052213-g1_29dof_wbt_iql_manager---fix-locomotion,iql,59000,12,59000,edd544d18c4da31a,-1287.844116211,33583,82841,13.798,5.8293,7.9687,35.6574,0.22348,0.9254,1.0139,1.0957
20260804_052213-g1_29dof_wbt_iql_manager---fix-locomotion,iql,59000,13,59000,edd544d18c4da31a,-1287.844116211,29838,52509,15.6257,2.6478,12.9779,35.6574,0.36396,0.8713,1.0312,1.1836
20260804_052213-g1_29dof_wbt_iql_manager---fix-locomotion,iql,59000,14,59000,edd544d18c4da31a,-1287.844116211,36307,14110,19.7225,3.4093,16.3132,35.6574,0.4575,0.9174,1.1437,1.2466
20260804_052213-g1_29dof_wbt_iql_manager---fix-locomotion,iql,60000,0,60000,0ca3cdb1a443307b,-1299.498657227,237311,68413,28.5108,7.6784,20.8324,35.9861,0.5789,0.831,1.1107,1.3365
20260804_052213-g1_29dof_wbt_iql_manager---fix-locomotion,iql,60000,2,60000,0ca3cdb1a443307b,-1299.498657227,168808,33814,18.5594,7.7939,10.7654,35.9861,0.29916,0.8867,0.9977,1.1252
20260804_052213-g1_29dof_wbt_iql_manager---fix-locomotion,iql,60000,4,60000,0ca3cdb1a443307b,-1299.498657227,35214,133999,16.1402,3.669,12.4712,35.9861,0.34656,0.8587,0.9704,1.1301
20260804_052213-g1_29dof_wbt_iql_manager---fix-locomotion,iql,60000,5,60000,0ca3cdb1a443307b,-1299.498657227,40938,30344,19.7026,2.243,17.4596,35.9861,0.48518,0.8952,1.0637,1.1882
20260804_052213-g1_29dof_wbt_iql_manager---fix-locomotion,iql,60000,6,60000,0ca3cdb1a443307b,-1299.498657227,51996,11915,22.779,5.3515,17.4274,35.9861,0.48428,0.9243,1.0741,1.1621
20260804_052213-g1_29dof_wbt_iql_manager---fix-locomotion,iql,60000,7,60000,0ca3cdb1a443307b,-1299.498657227,64933,19513,21.797,8.2979,13.4991,35.9861,0.37512,0.8932,1.0403,1.1648
20260804_052213-g1_29dof_wbt_iql_manager---fix-locomotion,iql,60000,11,60000,0ca3cdb1a443307b,-1299.498657227,76763,39227,14.5625,6.6644,7.8981,35.9861,0.21948,0.9527,1.025,1.0759
20260804_052213-g1_29dof_wbt_iql_manager---fix-locomotion,iql,60000,12,60000,0ca3cdb1a443307b,-1299.498657227,33583,82841,13.8534,6.0233,7.8301,35.9861,0.21759,0.9275,1.0161,1.0955
20260804_052213-g1_29dof_wbt_iql_manager---fix-locomotion,iql,60000,13,60000,0ca3cdb1a443307b,-1299.498657227,29838,52509,15.568,2.6301,12.9379,35.9861,0.35953,0.8725,1.0308,1.1813
20260804_052213-g1_29dof_wbt_iql_manager---fix-locomotion,iql,60000,14,60000,0ca3cdb1a443307b,-1299.498657227,36307,14110,20.1197,3.293,16.8267,35.9861,0.46759,0.9144,1.1442,1.2513
20260804_052213-g1_29dof_wbt_iql_manager---fix-locomotion,iql,61000,0,61000,5b2396f319ab729a,-1306.091674805,237311,68413,28.8519,8.5187,20.3332,35.7694,0.56845,0.8316,1.1106,1.3356
20260804_052213-g1_29dof_wbt_iql_manager---fix-locomotion,iql,61000,2,61000,5b2396f319ab729a,-1306.091674805,168808,33814,18.2695,7.5539,10.7156,35.7694,0.29958,0.889,1.0001,1.1249
20260804_052213-g1_29dof_wbt_iql_manager---fix-locomotion,iql,61000,4,61000,5b2396f319ab729a,-1306.091674805,35214,133999,16.8359,4.6908,12.145,35.7694,0.33954,0.8601,0.9737,1.1321
20260804_052213-g1_29dof_wbt_iql_manager---fix-locomotion,iql,61000,5,61000,5b2396f319ab729a,-1306.091674805,40938,30344,19.9423,3.229,16.7133,35.7694,0.46725,0.8929,1.0673,1.1954
20260804_052213-g1_29dof_wbt_iql_manager---fix-locomotion,iql,61000,6,61000,5b2396f319ab729a,-1306.091674805,51996,11915,23.01,6.5465,16.4635,35.7694,0.46027,0.9244,1.083,1.1715
20260804_052213-g1_29dof_wbt_iql_manager---fix-locomotion,iql,61000,7,61000,5b2396f319ab729a,-1306.091674805,64933,19513,21.9038,8.6925,13.2114,35.7694,0.36935,0.8922,1.0347,1.1598
20260804_052213-g1_29dof_wbt_iql_manager---fix-locomotion,iql,61000,11,61000,5b2396f319ab729a,-1306.091674805,76763,39227,15.1334,7.2296,7.9038,35.7694,0.22097,0.9488,1.0224,1.0775
20260804_052213-g1_29dof_wbt_iql_manager---fix-locomotion,iql,61000,12,61000,5b2396f319ab729a,-1306.091674805,33583,82841,14.6108,7.0619,7.5489,35.7694,0.21104,0.9266,1.0149,1.0953
20260804_052213-g1_29dof_wbt_iql_manager---fix-locomotion,iql,61000,13,61000,5b2396f319ab729a,-1306.091674805,29838,52509,16.2198,3.6558,12.5641,35.7694,0.35125,0.8694,1.0314,1.1864
20260804_052213-g1_29dof_wbt_iql_manager---fix-locomotion,iql,61000,14,61000,5b2396f319ab729a,-1306.091674805,36307,14110,20.6584,4.7252,15.9331,35.7694,0.44544,0.9155,1.1482,1.2541
20260804_052213-g1_29dof_wbt_iql_manager---fix-locomotion,iql,62000,0,62000,dbda8b859c9b96d2,-1320.501220703,237311,68413,29.1821,8.137,21.0451,36.8064,0.57178,0.8321,1.1103,1.3343
20260804_052213-g1_29dof_wbt_iql_manager---fix-locomotion,iql,62000,2,62000,dbda8b859c9b96d2,-1320.501220703,168808,33814,17.9706,6.7057,11.2649,36.8064,0.30606,0.8902,1.003,1.1267
20260804_052213-g1_29dof_wbt_iql_manager---fix-locomotion,iql,62000,4,62000,dbda8b859c9b96d2,-1320.501220703,35214,133999,16.3062,3.9981,12.3081,36.8064,0.3344,0.8618,0.9767,1.1333
20260804_052213-g1_29dof_wbt_iql_manager---fix-locomotion,iql,62000,5,62000,dbda8b859c9b96d2,-1320.501220703,40938,30344,19.8208,2.5875,17.2333,36.8064,0.46821,0.8954,1.063,1.1872
20260804_052213-g1_29dof_wbt_iql_manager---fix-locomotion,iql,62000,6,62000,dbda8b859c9b96d2,-1320.501220703,51996,11915,22.7609,5.6098,17.1511,36.8064,0.46598,0.9234,1.0727,1.1618
20260804_052213-g1_29dof_wbt_iql_manager---fix-locomotion,iql,62000,7,62000,dbda8b859c9b96d2,-1320.501220703,64933,19513,22.3857,8.7082,13.6774,36.8064,0.3716,0.8906,1.0319,1.1587
20260804_052213-g1_29dof_wbt_iql_manager---fix-locomotion,iql,62000,11,62000,dbda8b859c9b96d2,-1320.501220703,76763,39227,14.2271,6.4294,7.7976,36.8064,0.21186,0.9541,1.026,1.0754
20260804_052213-g1_29dof_wbt_iql_manager---fix-locomotion,iql,62000,12,62000,dbda8b859c9b96d2,-1320.501220703,33583,82841,14.1567,6.2428,7.9139,36.8064,0.21501,0.9267,1.0168,1.0972
20260804_052213-g1_29dof_wbt_iql_manager---fix-locomotion,iql,62000,13,62000,dbda8b859c9b96d2,-1320.501220703,29838,52509,15.9241,3.0797,12.8444,36.8064,0.34897,0.8746,1.0333,1.1814
20260804_052213-g1_29dof_wbt_iql_manager---fix-locomotion,iql,62000,14,62000,dbda8b859c9b96d2,-1320.501220703,36307,14110,20.4868,3.7954,16.6914,36.8064,0.45349,0.9164,1.1427,1.2469
20260804_052213-g1_29dof_wbt_iql_manager---fix-locomotion,iql,63000,0,63000,40338fb57466f32b,-1322.21862793,237311,68413,28.5675,7.4909,21.0766,36.4302,0.57855,0.8319,1.1113,1.3359
20260804_052213-g1_29dof_wbt_iql_manager---fix-locomotion,iql,63000,2,63000,40338fb57466f32b,-1322.21862793,168808,33814,17.9265,6.9095,11.0171,36.4302,0.30242,0.8876,1.0019,1.1287
20260804_052213-g1_29dof_wbt_iql_manager---fix-locomotion,iql,63000,4,63000,40338fb57466f32b,-1322.21862793,35214,133999,15.9272,3.8772,12.05,36.4302,0.33077,0.8551,0.9697,1.1341
20260804_052213-g1_29dof_wbt_iql_manager---fix-locomotion,iql,63000,5,63000,40338fb57466f32b,-1322.21862793,40938,30344,19.31,2.4643,16.8458,36.4302,0.46241,0.8894,1.0568,1.1881
20260804_052213-g1_29dof_wbt_iql_manager---fix-locomotion,iql,63000,6,63000,40338fb57466f32b,-1322.21862793,51996,11915,22.2524,5.7854,16.467,36.4302,0.45202,0.9228,1.0721,1.1618
20260804_052213-g1_29dof_wbt_iql_manager---fix-locomotion,iql,63000,7,63000,40338fb57466f32b,-1322.21862793,64933,19513,21.5678,8.2085,13.3593,36.4302,0.36671,0.8929,1.0378,1.1623
20260804_052213-g1_29dof_wbt_iql_manager---fix-locomotion,iql,63000,11,63000,40338fb57466f32b,-1322.21862793,76763,39227,14.5303,6.6273,7.903,36.4302,0.21694,0.949,1.0212,1.0761
20260804_052213-g1_29dof_wbt_iql_manager---fix-locomotion,iql,63000,12,63000,40338fb57466f32b,-1322.21862793,33583,82841,14.2691,6.53,7.739,36.4302,0.21244,0.9242,1.0115,1.0944
20260804_052213-g1_29dof_wbt_iql_manager---fix-locomotion,iql,63000,13,63000,40338fb57466f32b,-1322.21862793,29838,52509,15.9447,3.017,12.9277,36.4302,0.35486,0.865,1.0268,1.187
20260804_052213-g1_29dof_wbt_iql_manager---fix-locomotion,iql,63000,14,63000,40338fb57466f32b,-1322.21862793,36307,14110,20.2098,3.8446,16.3652,36.4302,0.44922,0.9125,1.1398,1.2491
20260804_052213-g1_29dof_wbt_iql_manager---fix-locomotion,iql,64000,0,64000,37e3bbb634a41de3,-1329.976318359,237311,68413,28.5941,7.5108,21.0833,36.2098,0.58225,0.8325,1.1095,1.3327
20260804_052213-g1_29dof_wbt_iql_manager---fix-locomotion,iql,64000,2,64000,37e3bbb634a41de3,-1329.976318359,168808,33814,18.5946,6.8588,11.7359,36.2098,0.32411,0.8886,1.0031,1.1288
20260804_052213-g1_29dof_wbt_iql_manager---fix-locomotion,iql,64000,4,64000,37e3bbb634a41de3,-1329.976318359,35214,133999,16.6377,3.4979,13.1398,36.2098,0.36288,0.8602,0.9755,1.134
20260804_052213-g1_29dof_wbt_iql_manager---fix-locomotion,iql,64000,5,64000,37e3bbb634a41de3,-1329.976318359,40938,30344,19.7888,1.9873,17.8015,36.2098,0.49162,0.8957,1.0642,1.1881
20260804_052213-g1_29dof_wbt_iql_manager---fix-locomotion,iql,64000,6,64000,37e3bbb634a41de3,-1329.976318359,51996,11915,22.8338,5.1581,17.6756,36.2098,0.48814,0.9264,1.0815,1.1675
20260804_052213-g1_29dof_wbt_iql_manager---fix-locomotion,iql,64000,7,64000,37e3bbb634a41de3,-1329.976318359,64933,19513,22.2544,8.2371,14.0173,36.2098,0.38711,0.894,1.0407,1.164
20260804_052213-g1_29dof_wbt_iql_manager---fix-locomotion,iql,64000,11,64000,37e3bbb634a41de3,-1329.976318359,76763,39227,14.1404,5.8344,8.306,36.2098,0.22938,0.9517,1.0236,1.0756
20260804_052213-g1_29dof_wbt_iql_manager---fix-locomotion,iql,64000,12,64000,37e3bbb634a41de3,-1329.976318359,33583,82841,13.768,5.6241,8.1439,36.2098,0.22491,0.9251,1.0129,1.095
20260804_052213-g1_29dof_wbt_iql_manager---fix-locomotion,iql,64000,13,64000,37e3bbb634a41de3,-1329.976318359,29838,52509,15.9158,2.4596,13.4562,36.2098,0.37162,0.8707,1.0311,1.1842
20260804_052213-g1_29dof_wbt_iql_manager---fix-locomotion,iql,64000,14,64000,37e3bbb634a41de3,-1329.976318359,36307,14110,20.3704,3.1284,17.2419,36.2098,0.47617,0.9155,1.1461,1.2519
20260804_052213-g1_29dof_wbt_iql_manager---fix-locomotion,iql,65000,0,65000,00e92a1439e424e6,-1333.909667969,237311,68413,28.7831,8.2931,20.49,35.9618,0.56977,0.8317,1.109,1.3335
20260804_052213-g1_29dof_wbt_iql_manager---fix-locomotion,iql,65000,2,65000,00e92a1439e424e6,-1333.909667969,168808,33814,17.2071,6.5958,10.6112,35.9618,0.29507,0.8898,1.0054,1.1299
20260804_052213-g1_29dof_wbt_iql_manager---fix-locomotion,iql,65000,4,65000,00e92a1439e424e6,-1333.909667969,35214,133999,15.6997,3.8418,11.8579,35.9618,0.32974,0.8613,0.9727,1.1294
20260804_052213-g1_29dof_wbt_iql_manager---fix-locomotion,iql,65000,5,65000,00e92a1439e424e6,-1333.909667969,40938,30344,19.2702,2.5375,16.7327,35.9618,0.46529,0.8934,1.0608,1.1874
20260804_052213-g1_29dof_wbt_iql_manager---fix-locomotion,iql,65000,6,65000,00e92a1439e424e6,-1333.909667969,51996,11915,22.6384,6.1836,16.4548,35.9618,0.45756,0.9253,1.074,1.1608
20260804_052213-g1_29dof_wbt_iql_manager---fix-locomotion,iql,65000,7,65000,00e92a1439e424e6,-1333.909667969,64933,19513,21.367,8.2437,13.1233,35.9618,0.36492,0.8947,1.0353,1.1571
20260804_052213-g1_29dof_wbt_iql_manager---fix-locomotion,iql,65000,11,65000,00e92a1439e424e6,-1333.909667969,76763,39227,14.3891,6.6176,7.7714,35.9618,0.2161,0.9507,1.0222,1.0752
20260804_052213-g1_29dof_wbt_iql_manager---fix-locomotion,iql,65000,12,65000,00e92a1439e424e6,-1333.909667969,33583,82841,13.6717,6.0011,7.6707,35.9618,0.2133,0.9302,1.0144,1.0905
20260804_052213-g1_29dof_wbt_iql_manager---fix-locomotion,iql,65000,13,65000,00e92a1439e424e6,-1333.909667969,29838,52509,15.7419,3.0115,12.7303,35.9618,0.354,0.8723,1.0283,1.1788
20260804_052213-g1_29dof_wbt_iql_manager---fix-locomotion,iql,65000,14,65000,00e92a1439e424e6,-1333.909667969,36307,14110,20.2305,3.7981,16.4324,35.9618,0.45694,0.917,1.1435,1.247
20260804_052213-g1_29dof_wbt_iql_manager---fix-locomotion,iql,66000,0,66000,7b98a465e8df3626,-1343.019897461,237311,68413,28.3235,7.8637,20.4598,35.3148,0.57936,0.8329,1.1097,1.3324
20260804_052213-g1_29dof_wbt_iql_manager---fix-locomotion,iql,66000,2,66000,7b98a465e8df3626,-1343.019897461,168808,33814,18.3855,7.8272,10.5583,35.3148,0.29898,0.8897,1.0024,1.1266
20260804_052213-g1_29dof_wbt_iql_manager---fix-locomotion,iql,66000,4,66000,7b98a465e8df3626,-1343.019897461,35214,133999,16.1287,4.5421,11.5867,35.3148,0.3281,0.8563,0.9728,1.136
20260804_052213-g1_29dof_wbt_iql_manager---fix-locomotion,iql,66000,5,66000,7b98a465e8df3626,-1343.019897461,40938,30344,19.1783,3.1501,16.0281,35.3148,0.45386,0.8925,1.0654,1.1938
20260804_052213-g1_29dof_wbt_iql_manager---fix-locomotion,iql,66000,6,66000,7b98a465e8df3626,-1343.019897461,51996,11915,22.4253,6.5727,15.8526,35.3148,0.44889,0.9246,1.0736,1.1612
20260804_052213-g1_29dof_wbt_iql_manager---fix-locomotion,iql,66000,7,66000,7b98a465e8df3626,-1343.019897461,64933,19513,21.8506,9.3469,12.5037,35.3148,0.35406,0.8928,1.0362,1.1606
20260804_052213-g1_29dof_wbt_iql_manager---fix-locomotion,iql,66000,11,66000,7b98a465e8df3626,-1343.019897461,76763,39227,14.4603,7.0178,7.4426,35.3148,0.21075,0.9513,1.0245,1.077
20260804_052213-g1_29dof_wbt_iql_manager---fix-locomotion,iql,66000,12,66000,7b98a465e8df3626,-1343.019897461,33583,82841,13.9391,6.6151,7.324,35.3148,0.20739,0.9253,1.0147,1.0966
20260804_052213-g1_29dof_wbt_iql_manager---fix-locomotion,iql,66000,13,66000,7b98a465e8df3626,-1343.019897461,29838,52509,15.5875,3.447,12.1405,35.3148,0.34378,0.8683,1.0325,1.189
20260804_052213-g1_29dof_wbt_iql_manager---fix-locomotion,iql,66000,14,66000,7b98a465e8df3626,-1343.019897461,36307,14110,19.8772,4.2391,15.6381,35.3148,0.44282,0.9171,1.1456,1.2492
20260804_052213-g1_29dof_wbt_iql_manager---fix-locomotion,iql,67000,0,67000,4e77a06e432afc7d,-1346.486816406,237311,68413,29.0237,7.908,21.1157,36.3342,0.58115,0.8303,1.1083,1.3348
20260804_052213-g1_29dof_wbt_iql_manager---fix-locomotion,iql,67000,2,67000,4e77a06e432afc7d,-1346.486816406,168808,33814,18.729,7.2095,11.5196,36.3342,0.31704,0.8855,0.9995,1.1287
20260804_052213-g1_29dof_wbt_iql_manager---fix-locomotion,iql,67000,4,67000,4e77a06e432afc7d,-1346.486816406,35214,133999,16.439,3.6776,12.7613,36.3342,0.35122,0.8556,0.9713,1.1352
20260804_052213-g1_29dof_wbt_iql_manager---fix-locomotion,iql,67000,5,67000,4e77a06e432afc7d,-1346.486816406,40938,30344,20.0154,2.4317,17.5838,36.3342,0.48395,0.8929,1.0621,1.1895
20260804_052213-g1_29dof_wbt_iql_manager---fix-locomotion,iql,67000,6,67000,4e77a06e432afc7d,-1346.486816406,51996,11915,23.1902,6.2002,16.99,36.3342,0.4676,0.9271,1.0833,1.1685
20260804_052213-g1_29dof_wbt_iql_manager---fix-locomotion,iql,67000,7,67000,4e77a06e432afc7d,-1346.486816406,64933,19513,22.2196,8.6187,13.6008,36.3342,0.37433,0.8917,1.038,1.1641
20260804_052213-g1_29dof_wbt_iql_manager---fix-locomotion,iql,67000,11,67000,4e77a06e432afc7d,-1346.486816406,76763,39227,14.891,6.6732,8.2178,36.3342,0.22617,0.951,1.0239,1.0767
20260804_052213-g1_29dof_wbt_iql_manager---fix-locomotion,iql,67000,12,67000,4e77a06e432afc7d,-1346.486816406,33583,82841,14.3564,6.146,8.2104,36.3342,0.22597,0.9235,1.014,1.098
20260804_052213-g1_29dof_wbt_iql_manager---fix-locomotion,iql,67000,13,67000,4e77a06e432afc7d,-1346.486816406,29838,52509,16.3186,2.8113,13.5074,36.3342,0.37175,0.8651,1.0293,1.1898
20260804_052213-g1_29dof_wbt_iql_manager---fix-locomotion,iql,67000,14,67000,4e77a06e432afc7d,-1346.486816406,36307,14110,21.003,4.1616,16.8414,36.3342,0.46351,0.9129,1.1442,1.2534
20260804_052213-g1_29dof_wbt_iql_manager---fix-locomotion,iql,68000,0,68000,130c5505ef3c613d,-1350.290161133,237311,68413,28.8006,7.9545,20.846,36.2838,0.57453,0.8314,1.1081,1.3329
20260804_052213-g1_29dof_wbt_iql_manager---fix-locomotion,iql,68000,2,68000,130c5505ef3c613d,-1350.290161133,168808,33814,18.5319,7.3718,11.1601,36.2838,0.30758,0.8874,1.0026,1.1299
20260804_052213-g1_29dof_wbt_iql_manager---fix-locomotion,iql,68000,4,68000,130c5505ef3c613d,-1350.290161133,35214,133999,16.4775,3.8989,12.5787,36.2838,0.34667,0.8589,0.9729,1.1327
20260804_052213-g1_29dof_wbt_iql_manager---fix-locomotion,iql,68000,5,68000,130c5505ef3c613d,-1350.290161133,40938,30344,19.8447,2.4613,17.3833,36.2838,0.47909,0.8929,1.062,1.1895
20260804_052213-g1_29dof_wbt_iql_manager---fix-locomotion,iql,68000,6,68000,130c5505ef3c613d,-1350.290161133,51996,11915,22.9254,6.2011,16.7244,36.2838,0.46093,0.9236,1.0733,1.162
20260804_052213-g1_29dof_wbt_iql_manager---fix-locomotion,iql,68000,7,68000,130c5505ef3c613d,-1350.290161133,64933,19513,21.936,8.617,13.319,36.2838,0.36708,0.8911,1.0335,1.1598
20260804_052213-g1_29dof_wbt_iql_manager---fix-locomotion,iql,68000,11,68000,130c5505ef3c613d,-1350.290161133,76763,39227,14.615,6.7018,7.9132,36.2838,0.21809,0.9517,1.0231,1.0751
20260804_052213-g1_29dof_wbt_iql_manager---fix-locomotion,iql,68000,12,68000,130c5505ef3c613d,-1350.290161133,33583,82841,14.1403,6.4056,7.7346,36.2838,0.21317,0.9238,1.0118,1.0952
20260804_052213-g1_29dof_wbt_iql_manager---fix-locomotion,iql,68000,13,68000,130c5505ef3c613d,-1350.290161133,29838,52509,15.7991,2.8728,12.9264,36.2838,0.35626,0.8682,1.0294,1.1857
20260804_052213-g1_29dof_wbt_iql_manager---fix-locomotion,iql,68000,14,68000,130c5505ef3c613d,-1350.290161133,36307,14110,20.5643,4.0889,16.4754,36.2838,0.45407,0.9129,1.1413,1.2502
20260804_052213-g1_29dof_wbt_iql_manager---fix-locomotion,iql,69000,0,69000,cf62b049184f46cd,-1360.1484375,237311,68413,28.8846,7.5155,21.3691,36.1595,0.59097,0.8327,1.1096,1.3326
20260804_052213-g1_29dof_wbt_iql_manager---fix-locomotion,iql,69000,2,69000,cf62b049184f46cd,-1360.1484375,168808,33814,19.0502,7.6027,11.4475,36.1595,0.31658,0.8885,1.0013,1.127
20260804_052213-g1_29dof_wbt_iql_manager---fix-locomotion,iql,69000,4,69000,cf62b049184f46cd,-1360.1484375,35214,133999,15.6039,3.2743,12.3296,36.1595,0.34098,0.8606,0.9738,1.1315
20260804_052213-g1_29dof_wbt_iql_manager---fix-locomotion,iql,69000,5,69000,cf62b049184f46cd,-1360.1484375,40938,30344,19.2448,1.9198,17.325,36.1595,0.47913,0.8975,1.0625,1.1838
20260804_052213-g1_29dof_wbt_iql_manager---fix-locomotion,iql,69000,6,69000,cf62b049184f46cd,-1360.1484375,51996,11915,22.6848,5.0133,17.6715,36.1595,0.48871,0.9273,1.0768,1.1612
20260804_052213-g1_29dof_wbt_iql_manager---fix-locomotion,iql,69000,7,69000,cf62b049184f46cd,-1360.1484375,64933,19513,22.3158,8.5156,13.8002,36.1595,0.38165,0.8944,1.0373,1.1598
20260804_052213-g1_29dof_wbt_iql_manager---fix-locomotion,iql,69000,11,69000,cf62b049184f46cd,-1360.1484375,76763,39227,14.5693,6.5667,8.0026,36.1595,0.22131,0.9504,1.0216,1.0749
20260804_052213-g1_29dof_wbt_iql_manager---fix-locomotion,iql,69000,12,69000,cf62b049184f46cd,-1360.1484375,33583,82841,13.5745,5.8165,7.758,36.1595,0.21455,0.9289,1.0179,1.0958
20260804_052213-g1_29dof_wbt_iql_manager---fix-locomotion,iql,69000,13,69000,cf62b049184f46cd,-1360.1484375,29838,52509,14.9495,2.3355,12.614,36.1595,0.34884,0.8742,1.0313,1.1797
20260804_052213-g1_29dof_wbt_iql_manager---fix-locomotion,iql,69000,14,69000,cf62b049184f46cd,-1360.1484375,36307,14110,19.9697,2.8588,17.1108,36.1595,0.4732,0.921,1.1495,1.2481
20260804_052213-g1_29dof_wbt_iql_manager---fix-locomotion,iql,70000,0,70000,2373b03b99696545,-1363.1171875,237311,68413,29.5021,7.807,21.6952,37.4115,0.57991,0.8317,1.1087,1.3331
20260804_052213-g1_29dof_wbt_iql_manager---fix-locomotion,iql,70000,2,70000,2373b03b99696545,-1363.1171875,168808,33814,18.7126,6.8754,11.8372,37.4115,0.3164,0.8906,1.0061,1.1297
20260804_052213-g1_29dof_wbt_iql_manager---fix-locomotion,iql,70000,4,70000,2373b03b99696545,-1363.1171875,35214,133999,16.3767,3.3296,13.0471,37.4115,0.34874,0.8556,0.9729,1.137
20260804_052213-g1_29dof_wbt_iql_manager---fix-locomotion,iql,70000,5,70000,2373b03b99696545,-1363.1171875,40938,30344,19.7241,1.8275,17.8966,37.4115,0.47837,0.8919,1.0603,1.1888
20260804_052213-g1_29dof_wbt_iql_manager---fix-locomotion,iql,70000,6,70000,2373b03b99696545,-1363.1171875,51996,11915,23.3019,5.0219,18.28,37.4115,0.48862,0.9237,1.074,1.1626
20260804_052213-g1_29dof_wbt_iql_manager---fix-locomotion,iql,70000,7,70000,2373b03b99696545,-1363.1171875,64933,19513,22.6584,8.3325,14.3259,37.4115,0.38293,0.8916,1.0329,1.1585
20260804_052213-g1_29dof_wbt_iql_manager---fix-locomotion,iql,70000,11,70000,2373b03b99696545,-1363.1171875,76763,39227,14.9894,6.578,8.4114,37.4115,0.22483,0.9502,1.0231,1.0767
20260804_052213-g1_29dof_wbt_iql_manager---fix-locomotion,iql,70000,12,70000,2373b03b99696545,-1363.1171875,33583,82841,14.173,5.8688,8.3041,37.4115,0.22197,0.9238,1.0117,1.0952
20260804_052213-g1_29dof_wbt_iql_manager---fix-locomotion,iql,70000,13,70000,2373b03b99696545,-1363.1171875,29838,52509,15.8882,2.3465,13.5417,37.4115,0.36197,0.8669,1.0285,1.1864
20260804_052213-g1_29dof_wbt_iql_manager---fix-locomotion,iql,70000,14,70000,2373b03b99696545,-1363.1171875,36307,14110,20.5822,3.0678,17.5144,37.4115,0.46816,0.9153,1.1443,1.2501
20260804_052213-g1_29dof_wbt_iql_manager---fix-locomotion,iql,71000,0,71000,32afd2cfc58e9ece,-1371.357177734,237311,68413,28.9369,7.8978,21.0391,36.7351,0.57272,0.8319,1.1085,1.3325
20260804_052213-g1_29dof_wbt_iql_manager---fix-locomotion,iql,71000,2,71000,32afd2cfc58e9ece,-1371.357177734,168808,33814,18.2647,6.7795,11.4852,36.7351,0.31265,0.889,0.999,1.1237
20260804_052213-g1_29dof_wbt_iql_manager---fix-locomotion,iql,71000,4,71000,32afd2cfc58e9ece,-1371.357177734,35214,133999,15.824,3.4476,12.3764,36.7351,0.33691,0.8571,0.9717,1.1337
20260804_052213-g1_29dof_wbt_iql_manager---fix-locomotion,iql,71000,5,71000,32afd2cfc58e9ece,-1371.357177734,40938,30344,19.5067,2.0984,17.4083,36.7351,0.47389,0.893,1.0605,1.1877
20260804_052213-g1_29dof_wbt_iql_manager---fix-locomotion,iql,71000,6,71000,32afd2cfc58e9ece,-1371.357177734,51996,11915,22.7767,5.1648,17.6118,36.7351,0.47943,0.9226,1.0699,1.1597
20260804_052213-g1_29dof_wbt_iql_manager---fix-locomotion,iql,71000,7,71000,32afd2cfc58e9ece,-1371.357177734,64933,19513,21.7706,8.2729,13.4977,36.7351,0.36743,0.8938,1.0353,1.1583
20260804_052213-g1_29dof_wbt_iql_manager---fix-locomotion,iql,71000,11,71000,32afd2cfc58e9ece,-1371.357177734,76763,39227,14.6861,6.7206,7.9655,36.7351,0.21684,0.9496,1.0203,1.0745
20260804_052213-g1_29dof_wbt_iql_manager---fix-locomotion,iql,71000,12,71000,32afd2cfc58e9ece,-1371.357177734,33583,82841,14.116,6.1273,7.9887,36.7351,0.21747,0.9256,1.0136,1.095
20260804_052213-g1_29dof_wbt_iql_manager---fix-locomotion,iql,71000,13,71000,32afd2cfc58e9ece,-1371.357177734,29838,52509,15.3597,2.5467,12.813,36.7351,0.34879,0.8701,1.0314,1.1853
20260804_052213-g1_29dof_wbt_iql_manager---fix-locomotion,iql,71000,14,71000,32afd2cfc58e9ece,-1371.357177734,36307,14110,20.0323,3.0723,16.96,36.7351,0.46168,0.9112,1.1396,1.2506
20260804_052213-g1_29dof_wbt_iql_manager---fix-locomotion,iql,72000,0,72000,04b8deee1d2e13b3,-1378.562866211,237311,68413,27.7787,7.2997,20.479,35.2141,0.58156,0.8325,1.1092,1.3323
20260804_052213-g1_29dof_wbt_iql_manager---fix-locomotion,iql,72000,2,72000,04b8deee1d2e13b3,-1378.562866211,168808,33814,17.0945,6.1022,10.9923,35.2141,0.31216,0.8881,1.0019,1.1282
20260804_052213-g1_29dof_wbt_iql_manager---fix-locomotion,iql,72000,4,72000,04b8deee1d2e13b3,-1378.562866211,35214,133999,15.467,3.1824,12.2846,35.2141,0.34885,0.8557,0.9713,1.1351
20260804_052213-g1_29dof_wbt_iql_manager---fix-locomotion,iql,72000,5,72000,04b8deee1d2e13b3,-1378.562866211,40938,30344,18.6647,1.891,16.7736,35.2141,0.47633,0.8945,1.0621,1.1874
20260804_052213-g1_29dof_wbt_iql_manager---fix-locomotion,iql,72000,6,72000,04b8deee1d2e13b3,-1378.562866211,51996,11915,21.8779,4.7949,17.083,35.2141,0.48512,0.9267,1.0762,1.1613
20260804_052213-g1_29dof_wbt_iql_manager---fix-locomotion,iql,72000,7,72000,04b8deee1d2e13b3,-1378.562866211,64933,19513,21.0226,7.7262,13.2964,35.2141,0.37759,0.8929,1.0331,1.157
20260804_052213-g1_29dof_wbt_iql_manager---fix-locomotion,iql,72000,11,72000,04b8deee1d2e13b3,-1378.562866211,76763,39227,13.6761,5.8917,7.7844,35.2141,0.22106,0.9502,1.0219,1.0754
20260804_052213-g1_29dof_wbt_iql_manager---fix-locomotion,iql,72000,12,72000,04b8deee1d2e13b3,-1378.562866211,33583,82841,13.255,5.4821,7.7729,35.2141,0.22073,0.9274,1.0158,1.0953
20260804_052213-g1_29dof_wbt_iql_manager---fix-locomotion,iql,72000,13,72000,04b8deee1d2e13b3,-1378.562866211,29838,52509,15.0505,2.3356,12.7149,35.2141,0.36107,0.8672,1.0286,1.1861
20260804_052213-g1_29dof_wbt_iql_manager---fix-locomotion,iql,72000,14,72000,04b8deee1d2e13b3,-1378.562866211,36307,14110,19.5986,3.0826,16.516,35.2141,0.46902,0.9149,1.1451,1.2516
20260804_052213-g1_29dof_wbt_iql_manager---fix-locomotion,iql,73000,0,73000,f4de7f27f314bb99,-1388.244384766,237311,68413,28.5211,7.2972,21.2239,36.4318,0.58256,0.8313,1.1076,1.3324
20260804_052213-g1_29dof_wbt_iql_manager---fix-locomotion,iql,73000,2,73000,f4de7f27f314bb99,-1388.244384766,168808,33814,16.8074,5.9912,10.8162,36.4318,0.29689,0.8907,1.0025,1.1255
20260804_052213-g1_29dof_wbt_iql_manager---fix-locomotion,iql,73000,4,73000,f4de7f27f314bb99,-1388.244384766,35214,133999,16.1682,3.662,12.5062,36.4318,0.34328,0.8545,0.9692,1.1343
20260804_052213-g1_29dof_wbt_iql_manager---fix-locomotion,iql,73000,5,73000,f4de7f27f314bb99,-1388.244384766,40938,30344,20.0378,2.4795,17.5583,36.4318,0.48195,0.8918,1.0614,1.1902
20260804_052213-g1_29dof_wbt_iql_manager---fix-locomotion,iql,73000,6,73000,f4de7f27f314bb99,-1388.244384766,51996,11915,23.1347,5.8931,17.2416,36.4318,0.47326,0.9226,1.0754,1.1656
20260804_052213-g1_29dof_wbt_iql_manager---fix-locomotion,iql,73000,7,73000,f4de7f27f314bb99,-1388.244384766,64933,19513,21.7243,8.0102,13.7141,36.4318,0.37643,0.8916,1.0351,1.161
20260804_052213-g1_29dof_wbt_iql_manager---fix-locomotion,iql,73000,11,73000,f4de7f27f314bb99,-1388.244384766,76763,39227,13.6987,5.7677,7.931,36.4318,0.2177,0.9524,1.0238,1.0749
20260804_052213-g1_29dof_wbt_iql_manager---fix-locomotion,iql,73000,12,73000,f4de7f27f314bb99,-1388.244384766,33583,82841,13.6221,5.7077,7.9144,36.4318,0.21724,0.9253,1.0125,1.0942
20260804_052213-g1_29dof_wbt_iql_manager---fix-locomotion,iql,73000,13,73000,f4de7f27f314bb99,-1388.244384766,29838,52509,16.059,2.7402,13.3188,36.4318,0.36558,0.8682,1.0307,1.1873
20260804_052213-g1_29dof_wbt_iql_manager---fix-locomotion,iql,73000,14,73000,f4de7f27f314bb99,-1388.244384766,36307,14110,20.7267,3.8514,16.8753,36.4318,0.4632,0.9132,1.1447,1.2535
20260804_052213-g1_29dof_wbt_iql_manager---fix-locomotion,iql,74000,0,74000,19f2de70718bd900,-1398.442016602,237311,68413,28.5888,7.5424,21.0464,36.2249,0.58099,0.8315,1.1084,1.3329
20260804_052213-g1_29dof_wbt_iql_manager---fix-locomotion,iql,74000,2,74000,19f2de70718bd900,-1398.442016602,168808,33814,17.6672,6.2156,11.4516,36.2249,0.31612,0.8881,1.0004,1.1264
20260804_052213-g1_29dof_wbt_iql_manager---fix-locomotion,iql,74000,4,74000,19f2de70718bd900,-1398.442016602,35214,133999,15.6414,3.4127,12.2287,36.2249,0.33758,0.8577,0.9721,1.1333
20260804_052213-g1_29dof_wbt_iql_manager---fix-locomotion,iql,74000,5,74000,19f2de70718bd900,-1398.442016602,40938,30344,19.1568,2.0699,17.0869,36.2249,0.47169,0.8898,1.0591,1.1902
20260804_052213-g1_29dof_wbt_iql_manager---fix-locomotion,iql,74000,6,74000,19f2de70718bd900,-1398.442016602,51996,11915,22.5267,5.0412,17.4855,36.2249,0.48269,0.9226,1.0721,1.1621
20260804_052213-g1_29dof_wbt_iql_manager---fix-locomotion,iql,74000,7,74000,19f2de70718bd900,-1398.442016602,64933,19513,21.6324,7.9258,13.7066,36.2249,0.37837,0.8911,1.0327,1.1588
20260804_052213-g1_29dof_wbt_iql_manager---fix-locomotion,iql,74000,11,74000,19f2de70718bd900,-1398.442016602,76763,39227,13.601,5.7468,7.8542,36.2249,0.21682,0.9538,1.0261,1.0757
20260804_052213-g1_29dof_wbt_iql_manager---fix-locomotion,iql,74000,12,74000,19f2de70718bd900,-1398.442016602,33583,82841,13.0829,5.4101,7.6727,36.2249,0.21181,0.9242,1.0121,1.0952
20260804_052213-g1_29dof_wbt_iql_manager---fix-locomotion,iql,74000,13,74000,19f2de70718bd900,-1398.442016602,29838,52509,15.4628,2.5875,12.8753,36.2249,0.35543,0.8678,1.0304,1.1874
20260804_052213-g1_29dof_wbt_iql_manager---fix-locomotion,iql,74000,14,74000,19f2de70718bd900,-1398.442016602,36307,14110,20.0483,3.1727,16.8757,36.2249,0.46586,0.9139,1.1436,1.2513
20260804_052213-g1_29dof_wbt_iql_manager---fix-locomotion,iql,75000,0,75000,5db5004d5d48e741,-1408.468017578,237311,68413,28.3074,7.5325,20.7749,35.8948,0.57877,0.8307,1.1049,1.3301
20260804_052213-g1_29dof_wbt_iql_manager---fix-locomotion,iql,75000,2,75000,5db5004d5d48e741,-1408.468017578,168808,33814,17.5484,6.8955,10.6529,35.8948,0.29678,0.8861,0.9975,1.1257
20260804_052213-g1_29dof_wbt_iql_manager---fix-locomotion,iql,75000,4,75000,5db5004d5d48e741,-1408.468017578,35214,133999,15.5091,3.7343,11.7748,35.8948,0.32804,0.8553,0.971,1.1353
20260804_052213-g1_29dof_wbt_iql_manager---fix-locomotion,iql,75000,5,75000,5db5004d5d48e741,-1408.468017578,40938,30344,19.0863,2.3959,16.6904,35.8948,0.46498,0.8889,1.0606,1.1931
20260804_052213-g1_29dof_wbt_iql_manager---fix-locomotion,iql,75000,6,75000,5db5004d5d48e741,-1408.468017578,51996,11915,22.1177,5.5866,16.5312,35.8948,0.46055,0.9213,1.0687,1.16
20260804_052213-g1_29dof_wbt_iql_manager---fix-locomotion,iql,75000,7,75000,5db5004d5d48e741,-1408.468017578,64933,19513,21.1251,7.8794,13.2457,35.8948,0.36901,0.8899,1.0301,1.1575
20260804_052213-g1_29dof_wbt_iql_manager---fix-locomotion,iql,75000,11,75000,5db5004d5d48e741,-1408.468017578,76763,39227,14.0401,6.2939,7.7462,35.8948,0.2158,0.9486,1.0209,1.0762
20260804_052213-g1_29dof_wbt_iql_manager---fix-locomotion,iql,75000,12,75000,5db5004d5d48e741,-1408.468017578,33583,82841,13.2316,5.8501,7.3816,35.8948,0.20564,0.9249,1.0132,1.0955
20260804_052213-g1_29dof_wbt_iql_manager---fix-locomotion,iql,75000,13,75000,5db5004d5d48e741,-1408.468017578,29838,52509,15.7339,2.943,12.7909,35.8948,0.35634,0.8663,1.0289,1.1877
20260804_052213-g1_29dof_wbt_iql_manager---fix-locomotion,iql,75000,14,75000,5db5004d5d48e741,-1408.468017578,36307,14110,20.0226,3.7173,16.3053,35.8948,0.45425,0.9112,1.1388,1.2498
20260804_052213-g1_29dof_wbt_iql_manager---fix-locomotion,iql,76000,0,76000,11b2154e7948f294,-1419.948486328,237311,68413,28.1292,7.7898,20.3394,35.4097,0.5744,0.8318,1.1048,1.3281
20260804_052213-g1_29dof_wbt_iql_manager---fix-locomotion,iql,76000,2,76000,11b2154e7948f294,-1419.948486328,168808,33814,17.7155,7.3214,10.3941,35.4097,0.29354,0.8871,0.9982,1.1252
20260804_052213-g1_29dof_wbt_iql_manager---fix-locomotion,iql,76000,4,76000,11b2154e7948f294,-1419.948486328,35214,133999,15.8999,4.5086,11.3914,35.4097,0.3217,0.8606,0.9746,1.1324
20260804_052213-g1_29dof_wbt_iql_manager---fix-locomotion,iql,76000,5,76000,11b2154e7948f294,-1419.948486328,40938,30344,19.2519,3.2269,16.0249,35.4097,0.45256,0.8929,1.0614,1.1888
20260804_052213-g1_29dof_wbt_iql_manager---fix-locomotion,iql,76000,6,76000,11b2154e7948f294,-1419.948486328,51996,11915,22.28,7.2176,15.0624,35.4097,0.42537,0.9229,1.0773,1.1673
20260804_052213-g1_29dof_wbt_iql_manager---fix-locomotion,iql,76000,7,76000,11b2154e7948f294,-1419.948486328,64933,19513,21.1708,8.6618,12.509,35.4097,0.35327,0.8911,1.0341,1.1604
20260804_052213-g1_29dof_wbt_iql_manager---fix-locomotion,iql,76000,11,76000,11b2154e7948f294,-1419.948486328,76763,39227,14.6014,7.0719,7.5295,35.4097,0.21264,0.9518,1.025,1.0769
20260804_052213-g1_29dof_wbt_iql_manager---fix-locomotion,iql,76000,12,76000,11b2154e7948f294,-1419.948486328,33583,82841,13.8283,6.7122,7.1161,35.4097,0.20097,0.9233,1.015,1.0994
20260804_052213-g1_29dof_wbt_iql_manager---fix-locomotion,iql,76000,13,76000,11b2154e7948f294,-1419.948486328,29838,52509,15.7253,3.5805,12.1449,35.4097,0.34298,0.8659,1.0309,1.1907
20260804_052213-g1_29dof_wbt_iql_manager---fix-locomotion,iql,76000,14,76000,11b2154e7948f294,-1419.948486328,36307,14110,20.1592,5.1282,15.031,35.4097,0.42449,0.9128,1.1423,1.2513
20260804_052213-g1_29dof_wbt_iql_manager---fix-locomotion,iql,77000,0,77000,3a7a738fa92c96bf,-1421.491210938,237311,68413,29.3113,7.8108,21.5006,36.7573,0.58493,0.8316,1.1047,1.3283
20260804_052213-g1_29dof_wbt_iql_manager---fix-locomotion,iql,77000,2,77000,3a7a738fa92c96bf,-1421.491210938,168808,33814,17.8838,6.296,11.5878,36.7573,0.31525,0.8901,1.001,1.1246
20260804_052213-g1_29dof_wbt_iql_manager---fix-locomotion,iql,77000,4,77000,3a7a738fa92c96bf,-1421.491210938,35214,133999,15.8842,3.0368,12.8474,36.7573,0.34952,0.8538,0.9706,1.1368
20260804_052213-g1_29dof_wbt_iql_manager---fix-locomotion,iql,77000,5,77000,3a7a738fa92c96bf,-1421.491210938,40938,30344,19.9962,1.8496,18.1466,36.7573,0.49369,0.8895,1.0599,1.1916
20260804_052213-g1_29dof_wbt_iql_manager---fix-locomotion,iql,77000,6,77000,3a7a738fa92c96bf,-1421.491210938,51996,11915,23.2322,5.3659,17.8663,36.7573,0.48606,0.9242,1.0744,1.1625
20260804_052213-g1_29dof_wbt_iql_manager---fix-locomotion,iql,77000,7,77000,3a7a738fa92c96bf,-1421.491210938,64933,19513,22.1134,7.9763,14.1372,36.7573,0.38461,0.8951,1.0368,1.1583
20260804_052213-g1_29dof_wbt_iql_manager---fix-locomotion,iql,77000,11,77000,3a7a738fa92c96bf,-1421.491210938,76763,39227,13.6447,5.5707,8.074,36.7573,0.21966,0.9521,1.0256,1.0772
20260804_052213-g1_29dof_wbt_iql_manager---fix-locomotion,iql,77000,12,77000,3a7a738fa92c96bf,-1421.491210938,33583,82841,13.1993,5.1596,8.0396,36.7573,0.21872,0.9286,1.015,1.093
20260804_052213-g1_29dof_wbt_iql_manager---fix-locomotion,iql,77000,13,77000,3a7a738fa92c96bf,-1421.491210938,29838,52509,15.9741,2.2905,13.6836,36.7573,0.37227,0.8674,1.0299,1.1873
20260804_052213-g1_29dof_wbt_iql_manager---fix-locomotion,iql,77000,14,77000,3a7a738fa92c96bf,-1421.491210938,36307,14110,21.2042,3.3649,17.8393,36.7573,0.48533,0.9109,1.1411,1.2527
20260804_052213-g1_29dof_wbt_iql_manager---fix-locomotion,iql,78000,0,78000,f3936d58faae4d10,-1428.812255859,237311,68413,27.8672,7.6598,20.2074,35.0559,0.57644,0.8321,1.1055,1.3285
20260804_052213-g1_29dof_wbt_iql_manager---fix-locomotion,iql,78000,2,78000,f3936d58faae4d10,-1428.812255859,168808,33814,17.5819,6.7957,10.7862,35.0559,0.30769,0.8897,1.0026,1.1269
20260804_052213-g1_29dof_wbt_iql_manager---fix-locomotion,iql,78000,4,78000,f3936d58faae4d10,-1428.812255859,35214,133999,15.8502,3.7368,12.1134,35.0559,0.34555,0.8584,0.9781,1.1394
20260804_052213-g1_29dof_wbt_iql_manager---fix-locomotion,iql,78000,5,78000,f3936d58faae4d10,-1428.812255859,40938,30344,19.2764,2.3309,16.9455,35.0559,0.48338,0.8904,1.0636,1.1945
20260804_052213-g1_29dof_wbt_iql_manager---fix-locomotion,iql,78000,6,78000,f3936d58faae4d10,-1428.812255859,51996,11915,22.2597,5.2944,16.9653,35.0559,0.48395,0.9227,1.0726,1.1625
20260804_052213-g1_29dof_wbt_iql_manager---fix-locomotion,iql,78000,7,78000,f3936d58faae4d10,-1428.812255859,64933,19513,21.4503,7.8854,13.5649,35.0559,0.38695,0.8912,1.0333,1.1595
20260804_052213-g1_29dof_wbt_iql_manager---fix-locomotion,iql,78000,11,78000,f3936d58faae4d10,-1428.812255859,76763,39227,13.8628,6.1644,7.6983,35.0559,0.2196,0.949,1.0188,1.0736
20260804_052213-g1_29dof_wbt_iql_manager---fix-locomotion,iql,78000,12,78000,f3936d58faae4d10,-1428.812255859,33583,82841,13.3415,5.8334,7.5082,35.0559,0.21418,0.9249,1.0152,1.0976
20260804_052213-g1_29dof_wbt_iql_manager---fix-locomotion,iql,78000,13,78000,f3936d58faae4d10,-1428.812255859,29838,52509,15.5572,2.8645,12.6927,35.0559,0.36207,0.8669,1.0337,1.1924
20260804_052213-g1_29dof_wbt_iql_manager---fix-locomotion,iql,78000,14,78000,f3936d58faae4d10,-1428.812255859,36307,14110,19.9927,3.4089,16.5837,35.0559,0.47307,0.9131,1.1456,1.2546
20260804_052213-g1_29dof_wbt_iql_manager---fix-locomotion,iql,79000,0,79000,a487b93ead1f82c2,-1432.005371094,237311,68413,28.4757,7.3229,21.1527,36.2474,0.58357,0.8314,1.1054,1.3296
20260804_052213-g1_29dof_wbt_iql_manager---fix-locomotion,iql,79000,2,79000,a487b93ead1f82c2,-1432.005371094,168808,33814,16.8493,6.1561,10.6932,36.2474,0.29501,0.8866,0.9965,1.1239
20260804_052213-g1_29dof_wbt_iql_manager---fix-locomotion,iql,79000,4,79000,a487b93ead1f82c2,-1432.005371094,35214,133999,15.8939,4.0627,11.8312,36.2474,0.3264,0.8557,0.971,1.1348
20260804_052213-g1_29dof_wbt_iql_manager---fix-locomotion,iql,79000,5,79000,a487b93ead1f82c2,-1432.005371094,40938,30344,19.1967,2.742,16.4547,36.2474,0.45395,0.8912,1.0596,1.189
20260804_052213-g1_29dof_wbt_iql_manager---fix-locomotion,iql,79000,6,79000,a487b93ead1f82c2,-1432.005371094,51996,11915,22.3646,5.7412,16.6235,36.2474,0.45861,0.9244,1.0766,1.1646
20260804_052213-g1_29dof_wbt_iql_manager---fix-locomotion,iql,79000,7,79000,a487b93ead1f82c2,-1432.005371094,64933,19513,21.4962,8.2119,13.2842,36.2474,0.36649,0.8934,1.0368,1.1605
20260804_052213-g1_29dof_wbt_iql_manager---fix-locomotion,iql,79000,11,79000,a487b93ead1f82c2,-1432.005371094,76763,39227,13.7057,6.2324,7.4733,36.2474,0.20618,0.9512,1.0214,1.0739
20260804_052213-g1_29dof_wbt_iql_manager---fix-locomotion,iql,79000,12,79000,a487b93ead1f82c2,-1432.005371094,33583,82841,13.3189,5.9015,7.4174,36.2474,0.20463,0.9243,1.0153,1.0984
20260804_052213-g1_29dof_wbt_iql_manager---fix-locomotion,iql,79000,13,79000,a487b93ead1f82c2,-1432.005371094,29838,52509,15.6244,3.0837,12.5407,36.2474,0.34598,0.8677,1.0288,1.1856
20260804_052213-g1_29dof_wbt_iql_manager---fix-locomotion,iql,79000,14,79000,a487b93ead1f82c2,-1432.005371094,36307,14110,20.0521,3.8792,16.173,36.2474,0.44618,0.9141,1.1433,1.2507
20260804_052213-g1_29dof_wbt_iql_manager---fix-locomotion,iql,80000,0,80000,ca91a75f29a4f6dd,-1432.86340332,237311,68413,28.8526,7.78,21.0727,36.5337,0.5768,0.832,1.1093,1.3334
20260804_052213-g1_29dof_wbt_iql_manager---fix-locomotion,iql,80000,2,80000,ca91a75f29a4f6dd,-1432.86340332,168808,33814,17.8084,6.7115,11.097,36.5337,0.30375,0.8871,0.9985,1.1256
20260804_052213-g1_29dof_wbt_iql_manager---fix-locomotion,iql,80000,4,80000,ca91a75f29a4f6dd,-1432.86340332,35214,133999,16.0364,3.4922,12.5442,36.5337,0.34336,0.8577,0.9724,1.1338
20260804_052213-g1_29dof_wbt_iql_manager---fix-locomotion,iql,80000,5,80000,ca91a75f29a4f6dd,-1432.86340332,40938,30344,19.9204,2.1086,17.8118,36.5337,0.48754,0.8909,1.06,1.1899
20260804_052213-g1_29dof_wbt_iql_manager---fix-locomotion,iql,80000,6,80000,ca91a75f29a4f6dd,-1432.86340332,51996,11915,22.8667,5.6487,17.218,36.5337,0.47129,0.9257,1.0761,1.1625
20260804_052213-g1_29dof_wbt_iql_manager---fix-locomotion,iql,80000,7,80000,ca91a75f29a4f6dd,-1432.86340332,64933,19513,21.8953,8.2098,13.6855,36.5337,0.3746,0.8937,1.0371,1.1604
20260804_052213-g1_29dof_wbt_iql_manager---fix-locomotion,iql,80000,11,80000,ca91a75f29a4f6dd,-1432.86340332,76763,39227,13.7274,5.969,7.7584,36.5337,0.21236,0.9486,1.02,1.0752
20260804_052213-g1_29dof_wbt_iql_manager---fix-locomotion,iql,80000,12,80000,ca91a75f29a4f6dd,-1432.86340332,33583,82841,13.5689,5.7608,7.8081,36.5337,0.21372,0.9257,1.0141,1.0955
20260804_052213-g1_29dof_wbt_iql_manager---fix-locomotion,iql,80000,13,80000,ca91a75f29a4f6dd,-1432.86340332,29838,52509,15.62,2.5205,13.0996,36.5337,0.35856,0.8653,1.0284,1.1884
20260804_052213-g1_29dof_wbt_iql_manager---fix-locomotion,iql,80000,14,80000,ca91a75f29a4f6dd,-1432.86340332,36307,14110,20.7853,3.2927,17.4926,36.5337,0.47881,0.9115,1.1394,1.2499
20260804_052213-g1_29dof_wbt_iql_manager---fix-locomotion,iql,81000,0,81000,21d01a1c92f0dcb6,-1428.537597656,237311,68413,28.7497,7.5924,21.1573,36.6375,0.57748,0.8322,1.1057,1.3287
20260804_052213-g1_29dof_wbt_iql_manager---fix-locomotion,iql,81000,2,81000,21d01a1c92f0dcb6,-1428.537597656,168808,33814,17.4867,6.6326,10.854,36.6375,0.29625,0.8881,0.9988,1.1247
20260804_052213-g1_29dof_wbt_iql_manager---fix-locomotion,iql,81000,4,81000,21d01a1c92f0dcb6,-1428.537597656,35214,133999,16.2989,3.7959,12.5031,36.6375,0.34127,0.8575,0.9741,1.136
20260804_052213-g1_29dof_wbt_iql_manager---fix-locomotion,iql,81000,5,81000,21d01a1c92f0dcb6,-1428.537597656,40938,30344,19.8814,2.3382,17.5433,36.6375,0.47883,0.8911,1.0602,1.1897
20260804_052213-g1_29dof_wbt_iql_manager---fix-locomotion,iql,81000,6,81000,21d01a1c92f0dcb6,-1428.537597656,51996,11915,22.9495,5.4584,17.4911,36.6375,0.47741,0.9239,1.0728,1.1612
20260804_052213-g1_29dof_wbt_iql_manager---fix-locomotion,iql,81000,7,81000,21d01a1c92f0dcb6,-1428.537597656,64933,19513,21.5062,8.0438,13.4624,36.6375,0.36745,0.8929,1.0344,1.1584
20260804_052213-g1_29dof_wbt_iql_manager---fix-locomotion,iql,81000,11,81000,21d01a1c92f0dcb6,-1428.537597656,76763,39227,13.9039,6.2,7.7039,36.6375,0.21027,0.9517,1.0232,1.0751
20260804_052213-g1_29dof_wbt_iql_manager---fix-locomotion,iql,81000,12,81000,21d01a1c92f0dcb6,-1428.537597656,33583,82841,13.163,5.5866,7.5764,36.6375,0.20679,0.9282,1.017,1.0957
20260804_052213-g1_29dof_wbt_iql_manager---fix-locomotion,iql,81000,13,81000,21d01a1c92f0dcb6,-1428.537597656,29838,52509,15.9706,2.8101,13.1605,36.6375,0.35921,0.869,1.0314,1.1868
20260804_052213-g1_29dof_wbt_iql_manager---fix-locomotion,iql,81000,14,81000,21d01a1c92f0dcb6,-1428.537597656,36307,14110,20.6454,3.3477,17.2977,36.6375,0.47213,0.9148,1.1395,1.2457
20260804_052213-g1_29dof_wbt_iql_manager---fix-locomotion,iql,82000,0,82000,eee0b052461b2391,-1437.467041016,237311,68413,28.9666,7.5895,21.3772,36.5264,0.58525,0.8304,1.1044,1.33
20260804_052213-g1_29dof_wbt_iql_manager---fix-locomotion,iql,82000,2,82000,eee0b052461b2391,-1437.467041016,168808,33814,17.6659,6.4049,11.261,36.5264,0.3083,0.8868,0.9965,1.1238
20260804_052213-g1_29dof_wbt_iql_manager---fix-locomotion,iql,82000,4,82000,eee0b052461b2391,-1437.467041016,35214,133999,15.7927,3.4598,12.3329,36.5264,0.33764,0.8597,0.9721,1.1308
20260804_052213-g1_29dof_wbt_iql_manager---fix-locomotion,iql,82000,5,82000,eee0b052461b2391,-1437.467041016,40938,30344,19.4888,2.149,17.3398,36.5264,0.47472,0.8921,1.057,1.1849
20260804_052213-g1_29dof_wbt_iql_manager---fix-locomotion,iql,82000,6,82000,eee0b052461b2391,-1437.467041016,51996,11915,22.6214,5.3932,17.2282,36.5264,0.47167,0.9212,1.0669,1.1582
20260804_052213-g1_29dof_wbt_iql_manager---fix-locomotion,iql,82000,7,82000,eee0b052461b2391,-1437.467041016,64933,19513,21.4862,7.8047,13.6815,36.5264,0.37457,0.8909,1.0299,1.156
20260804_052213-g1_29dof_wbt_iql_manager---fix-locomotion,iql,82000,11,82000,eee0b052461b2391,-1437.467041016,76763,39227,13.8406,5.959,7.8816,36.5264,0.21578,0.9527,1.023,1.0738
20260804_052213-g1_29dof_wbt_iql_manager---fix-locomotion,iql,82000,12,82000,eee0b052461b2391,-1437.467041016,33583,82841,13.0977,5.3049,7.7928,36.5264,0.21335,0.9261,1.0148,1.0958
20260804_052213-g1_29dof_wbt_iql_manager---fix-locomotion,iql,82000,13,82000,eee0b052461b2391,-1437.467041016,29838,52509,15.6894,2.499,13.1904,36.5264,0.36112,0.8705,1.0277,1.1805
20260804_052213-g1_29dof_wbt_iql_manager---fix-locomotion,iql,82000,14,82000,eee0b052461b2391,-1437.467041016,36307,14110,20.6676,3.4813,17.1862,36.5264,0.47052,0.9118,1.137,1.247
20260804_052213-g1_29dof_wbt_iql_manager---fix-locomotion,iql,83000,0,83000,403604cd41754059,-1435.061645508,237311,68413,27.5544,7.5026,20.0518,34.987,0.57312,0.8316,1.106,1.3299
20260804_052213-g1_29dof_wbt_iql_manager---fix-locomotion,iql,83000,2,83000,403604cd41754059,-1435.061645508,168808,33814,17.5149,7.2013,10.3136,34.987,0.29479,0.8886,1.0007,1.1262
20260804_052213-g1_29dof_wbt_iql_manager---fix-locomotion,iql,83000,4,83000,403604cd41754059,-1435.061645508,35214,133999,15.3426,4.0694,11.2732,34.987,0.32221,0.8554,0.9701,1.1341
20260804_052213-g1_29dof_wbt_iql_manager---fix-locomotion,iql,83000,5,83000,403604cd41754059,-1435.061645508,40938,30344,18.3978,2.204,16.1937,34.987,0.46285,0.8911,1.0653,1.1955
20260804_052213-g1_29dof_wbt_iql_manager---fix-locomotion,iql,83000,6,83000,403604cd41754059,-1435.061645508,51996,11915,21.7487,4.925,16.8237,34.987,0.48086,0.9244,1.0741,1.162
20260804_052213-g1_29dof_wbt_iql_manager---fix-locomotion,iql,83000,7,83000,403604cd41754059,-1435.061645508,64933,19513,21.3604,8.2234,13.1371,34.987,0.37548,0.8922,1.0331,1.158
20260804_052213-g1_29dof_wbt_iql_manager---fix-locomotion,iql,83000,11,83000,403604cd41754059,-1435.061645508,76763,39227,14.1684,6.6714,7.497,34.987,0.21428,0.9487,1.0225,1.0778
20260804_052213-g1_29dof_wbt_iql_manager---fix-locomotion,iql,83000,12,83000,403604cd41754059,-1435.061645508,33583,82841,13.4941,6.2802,7.2139,34.987,0.20619,0.9227,1.0119,1.0966
20260804_052213-g1_29dof_wbt_iql_manager---fix-locomotion,iql,83000,13,83000,403604cd41754059,-1435.061645508,29838,52509,14.6866,2.7975,11.8891,34.987,0.33981,0.8664,1.0318,1.1909
20260804_052213-g1_29dof_wbt_iql_manager---fix-locomotion,iql,83000,14,83000,403604cd41754059,-1435.061645508,36307,14110,19.443,3.2645,16.1785,34.987,0.46241,0.9131,1.1419,1.2505
20260804_052213-g1_29dof_wbt_iql_manager---fix-locomotion,iql,84000,0,84000,35bfb575405e4e82,-1451.358032227,237311,68413,28.3193,7.3627,20.9566,36.0703,0.58099,0.8309,1.1034,1.3279
20260804_052213-g1_29dof_wbt_iql_manager---fix-locomotion,iql,84000,2,84000,35bfb575405e4e82,-1451.358032227,168808,33814,18.1447,7.0223,11.1224,36.0703,0.30835,0.8873,0.9975,1.1242
20260804_052213-g1_29dof_wbt_iql_manager---fix-locomotion,iql,84000,4,84000,35bfb575405e4e82,-1451.358032227,35214,133999,16.2735,3.6321,12.6414,36.0703,0.35047,0.8594,0.9723,1.1314
20260804_052213-g1_29dof_wbt_iql_manager---fix-locomotion,iql,84000,5,84000,35bfb575405e4e82,-1451.358032227,40938,30344,19.2956,2.0906,17.205,36.0703,0.47698,0.8903,1.0562,1.1863
20260804_052213-g1_29dof_wbt_iql_manager---fix-locomotion,iql,84000,6,84000,35bfb575405e4e82,-1451.358032227,51996,11915,22.3734,5.0969,17.2764,36.0703,0.47897,0.9221,1.0702,1.1606
20260804_052213-g1_29dof_wbt_iql_manager---fix-locomotion,iql,84000,7,84000,35bfb575405e4e82,-1451.358032227,64933,19513,21.6238,7.9019,13.722,36.0703,0.38042,0.8903,1.0324,1.1596
20260804_052213-g1_29dof_wbt_iql_manager---fix-locomotion,iql,84000,11,84000,35bfb575405e4e82,-1451.358032227,76763,39227,14.1397,6.1403,7.9994,36.0703,0.22177,0.9515,1.0208,1.0728
20260804_052213-g1_29dof_wbt_iql_manager---fix-locomotion,iql,84000,12,84000,35bfb575405e4e82,-1451.358032227,33583,82841,13.9602,5.8824,8.0778,36.0703,0.22395,0.9249,1.0143,1.0966
20260804_052213-g1_29dof_wbt_iql_manager---fix-locomotion,iql,84000,13,84000,35bfb575405e4e82,-1451.358032227,29838,52509,15.722,2.6461,13.076,36.0703,0.36251,0.8676,1.0289,1.1859
20260804_052213-g1_29dof_wbt_iql_manager---fix-locomotion,iql,84000,14,84000,35bfb575405e4e82,-1451.358032227,36307,14110,19.9206,3.0949,16.8257,36.0703,0.46647,0.9117,1.1373,1.2476
20260804_052213-g1_29dof_wbt_iql_manager---fix-locomotion,iql,85000,0,85000,6a0fbed73854857e,-1454.665771484,237311,68413,28.2211,7.5098,20.7113,35.6942,0.58024,0.832,1.1048,1.3278
20260804_052213-g1_29dof_wbt_iql_manager---fix-locomotion,iql,85000,2,85000,6a0fbed73854857e,-1454.665771484,168808,33814,16.4185,5.8695,10.549,35.6942,0.29554,0.8897,0.9973,1.1209
20260804_052213-g1_29dof_wbt_iql_manager---fix-locomotion,iql,85000,4,85000,6a0fbed73854857e,-1454.665771484,35214,133999,15.7292,3.5513,12.1779,35.6942,0.34117,0.8542,0.9722,1.1381
20260804_052213-g1_29dof_wbt_iql_manager---fix-locomotion,iql,85000,5,85000,6a0fbed73854857e,-1454.665771484,40938,30344,19.6051,2.2919,17.3132,35.6942,0.48504,0.8874,1.0578,1.1921
20260804_052213-g1_29dof_wbt_iql_manager---fix-locomotion,iql,85000,6,85000,6a0fbed73854857e,-1454.665771484,51996,11915,22.6332,5.3785,17.2547,35.6942,0.4834,0.9205,1.0673,1.1595
20260804_052213-g1_29dof_wbt_iql_manager---fix-locomotion,iql,85000,7,85000,6a0fbed73854857e,-1454.665771484,64933,19513,21.5278,8.0781,13.4497,35.6942,0.3768,0.8905,1.0291,1.1556
20260804_052213-g1_29dof_wbt_iql_manager---fix-locomotion,iql,85000,11,85000,6a0fbed73854857e,-1454.665771484,76763,39227,13.4308,5.9112,7.5196,35.6942,0.21067,0.953,1.0241,1.0746
20260804_052213-g1_29dof_wbt_iql_manager---fix-locomotion,iql,85000,12,85000,6a0fbed73854857e,-1454.665771484,33583,82841,13.2428,5.7001,7.5427,35.6942,0.21131,0.9269,1.0143,1.0943
20260804_052213-g1_29dof_wbt_iql_manager---fix-locomotion,iql,85000,13,85000,6a0fbed73854857e,-1454.665771484,29838,52509,16.0339,2.7157,13.3183,35.6942,0.37312,0.8662,1.0295,1.1885
20260804_052213-g1_29dof_wbt_iql_manager---fix-locomotion,iql,85000,14,85000,6a0fbed73854857e,-1454.665771484,36307,14110,20.6617,3.7679,16.8938,35.6942,0.47329,0.9095,1.1367,1.2499
20260804_052213-g1_29dof_wbt_iql_manager---fix-locomotion,iql,86000,0,86000,a125d8a6d3906f8f,-1449.184448242,237311,68413,28.8346,7.7174,21.1172,36.7861,0.57405,0.8304,1.1038,1.3292
20260804_052213-g1_29dof_wbt_iql_manager---fix-locomotion,iql,86000,2,86000,a125d8a6d3906f8f,-1449.184448242,168808,33814,17.3439,6.5986,10.7453,36.7861,0.2921,0.8885,0.9984,1.1238
20260804_052213-g1_29dof_wbt_iql_manager---fix-locomotion,iql,86000,4,86000,a125d8a6d3906f8f,-1449.184448242,35214,133999,16.2382,3.9749,12.2633,36.7861,0.33337,0.8564,0.972,1.135
20260804_052213-g1_29dof_wbt_iql_manager---fix-locomotion,iql,86000,5,86000,a125d8a6d3906f8f,-1449.184448242,40938,30344,19.5916,2.2778,17.3138,36.7861,0.47066,0.8908,1.0602,1.1901
20260804_052213-g1_29dof_wbt_iql_manager---fix-locomotion,iql,86000,6,86000,a125d8a6d3906f8f,-1449.184448242,51996,11915,22.1954,5.1683,17.027,36.7861,0.46287,0.9226,1.0698,1.1595
20260804_052213-g1_29dof_wbt_iql_manager---fix-locomotion,iql,86000,7,86000,a125d8a6d3906f8f,-1449.184448242,64933,19513,21.1146,7.773,13.3416,36.7861,0.36268,0.8897,1.0321,1.1601
20260804_052213-g1_29dof_wbt_iql_manager---fix-locomotion,iql,86000,11,86000,a125d8a6d3906f8f,-1449.184448242,76763,39227,13.6408,6.1911,7.4497,36.7861,0.20251,0.9501,1.0227,1.0764
20260804_052213-g1_29dof_wbt_iql_manager---fix-locomotion,iql,86000,12,86000,a125d8a6d3906f8f,-1449.184448242,33583,82841,13.4416,6.0627,7.3789,36.7861,0.20059,0.9244,1.0153,1.0984
20260804_052213-g1_29dof_wbt_iql_manager---fix-locomotion,iql,86000,13,86000,a125d8a6d3906f8f,-1449.184448242,29838,52509,15.7003,2.8146,12.8857,36.7861,0.35029,0.8665,1.0292,1.1878
20260804_052213-g1_29dof_wbt_iql_manager---fix-locomotion,iql,86000,14,86000,a125d8a6d3906f8f,-1449.184448242,36307,14110,20.2239,3.5606,16.6633,36.7861,0.45298,0.9129,1.1392,1.2479
20260804_052213-g1_29dof_wbt_iql_manager---fix-locomotion,iql,87000,0,87000,d79a11d994cc5e07,-1451.852539062,237311,68413,28.2759,7.6025,20.6735,35.806,0.57737,0.8319,1.1053,1.3286
20260804_052213-g1_29dof_wbt_iql_manager---fix-locomotion,iql,87000,2,87000,d79a11d994cc5e07,-1451.852539062,168808,33814,16.7786,6.147,10.6316,35.806,0.29692,0.8906,1.0041,1.1274
20260804_052213-g1_29dof_wbt_iql_manager---fix-locomotion,iql,87000,4,87000,d79a11d994cc5e07,-1451.852539062,35214,133999,15.3321,3.6715,11.6606,35.806,0.32566,0.8546,0.9671,1.1317
20260804_052213-g1_29dof_wbt_iql_manager---fix-locomotion,iql,87000,5,87000,d79a11d994cc5e07,-1451.852539062,40938,30344,19.2084,2.2691,16.9393,35.806,0.47308,0.8873,1.0532,1.187
20260804_052213-g1_29dof_wbt_iql_manager---fix-locomotion,iql,87000,6,87000,d79a11d994cc5e07,-1451.852539062,51996,11915,22.2044,5.3674,16.837,35.806,0.47023,0.9242,1.0697,1.1574
20260804_052213-g1_29dof_wbt_iql_manager---fix-locomotion,iql,87000,7,87000,d79a11d994cc5e07,-1451.852539062,64933,19513,20.9965,7.6715,13.325,35.806,0.37214,0.8918,1.0329,1.1582
20260804_052213-g1_29dof_wbt_iql_manager---fix-locomotion,iql,87000,11,87000,d79a11d994cc5e07,-1451.852539062,76763,39227,13.1714,5.7809,7.3905,35.806,0.2064,0.951,1.0226,1.0753
20260804_052213-g1_29dof_wbt_iql_manager---fix-locomotion,iql,87000,12,87000,d79a11d994cc5e07,-1451.852539062,33583,82841,12.8293,5.5906,7.2387,35.806,0.20216,0.9269,1.0159,1.096
20260804_052213-g1_29dof_wbt_iql_manager---fix-locomotion,iql,87000,13,87000,d79a11d994cc5e07,-1451.852539062,29838,52509,15.084,2.5823,12.5017,35.806,0.34915,0.8639,1.0273,1.1891
20260804_052213-g1_29dof_wbt_iql_manager---fix-locomotion,iql,87000,14,87000,d79a11d994cc5e07,-1451.852539062,36307,14110,20.0778,3.3895,16.6883,35.806,0.46607,0.9118,1.144,1.2547
20260804_052213-g1_29dof_wbt_iql_manager---fix-locomotion,iql,88000,0,88000,ff44e70a7dd8d4a3,-1456.126098633,237311,68413,28.7404,7.5366,21.2039,36.2984,0.58415,0.8313,1.1019,1.3255
20260804_052213-g1_29dof_wbt_iql_manager---fix-locomotion,iql,88000,2,88000,ff44e70a7dd8d4a3,-1456.126098633,168808,33814,17.5012,6.307,11.1942,36.2984,0.30839,0.89,0.9982,1.1217
20260804_052213-g1_29dof_wbt_iql_manager---fix-locomotion,iql,88000,4,88000,ff44e70a7dd8d4a3,-1456.126098633,35214,133999,15.5287,3.085,12.4437,36.2984,0.34282,0.8565,0.9722,1.1351
20260804_052213-g1_29dof_wbt_iql_manager---fix-locomotion,iql,88000,5,88000,ff44e70a7dd8d4a3,-1456.126098633,40938,30344,19.5295,1.8376,17.6919,36.2984,0.4874,0.8919,1.0597,1.1881
20260804_052213-g1_29dof_wbt_iql_manager---fix-locomotion,iql,88000,6,88000,ff44e70a7dd8d4a3,-1456.126098633,51996,11915,22.8351,5.4033,17.4318,36.2984,0.48024,0.9254,1.0759,1.1627
20260804_052213-g1_29dof_wbt_iql_manager---fix-locomotion,iql,88000,7,88000,ff44e70a7dd8d4a3,-1456.126098633,64933,19513,21.9137,8.0133,13.9004,36.2984,0.38295,0.8895,1.0335,1.1619
20260804_052213-g1_29dof_wbt_iql_manager---fix-locomotion,iql,88000,11,88000,ff44e70a7dd8d4a3,-1456.126098633,76763,39227,14.0641,6.0352,8.0289,36.2984,0.22119,0.9528,1.0219,1.0725
20260804_052213-g1_29dof_wbt_iql_manager---fix-locomotion,iql,88000,12,88000,ff44e70a7dd8d4a3,-1456.126098633,33583,82841,13.7358,5.5207,8.2151,36.2984,0.22632,0.925,1.0144,1.0966
20260804_052213-g1_29dof_wbt_iql_manager---fix-locomotion,iql,88000,13,88000,ff44e70a7dd8d4a3,-1456.126098633,29838,52509,15.7041,2.301,13.403,36.2984,0.36925,0.8675,1.0296,1.1869
20260804_052213-g1_29dof_wbt_iql_manager---fix-locomotion,iql,88000,14,88000,ff44e70a7dd8d4a3,-1456.126098633,36307,14110,20.3028,3.0304,17.2724,36.2984,0.47584,0.9156,1.1465,1.2522
20260804_052213-g1_29dof_wbt_iql_manager---fix-locomotion,iql,89000,0,89000,790943218b45d373,-1453.168823242,237311,68413,27.8919,7.4252,20.4667,35.2011,0.58142,0.8308,1.1029,1.3275
20260804_052213-g1_29dof_wbt_iql_manager---fix-locomotion,iql,89000,2,89000,790943218b45d373,-1453.168823242,168808,33814,17.3175,6.8592,10.4583,35.2011,0.2971,0.888,0.9987,1.1246
20260804_052213-g1_29dof_wbt_iql_manager---fix-locomotion,iql,89000,4,89000,790943218b45d373,-1453.168823242,35214,133999,15.5336,3.5701,11.9635,35.2011,0.33986,0.8558,0.9713,1.1349
20260804_052213-g1_29dof_wbt_iql_manager---fix-locomotion,iql,89000,5,89000,790943218b45d373,-1453.168823242,40938,30344,18.8527,2.2251,16.6275,35.2011,0.47236,0.892,1.0604,1.1888
20260804_052213-g1_29dof_wbt_iql_manager---fix-locomotion,iql,89000,6,89000,790943218b45d373,-1453.168823242,51996,11915,21.5272,5.1649,16.3623,35.2011,0.46482,0.923,1.0729,1.1624
20260804_052213-g1_29dof_wbt_iql_manager---fix-locomotion,iql,89000,7,89000,790943218b45d373,-1453.168823242,64933,19513,20.7323,7.9541,12.7782,35.2011,0.36301,0.893,1.0333,1.1571
20260804_052213-g1_29dof_wbt_iql_manager---fix-locomotion,iql,89000,11,89000,790943218b45d373,-1453.168823242,76763,39227,13.6031,6.24,7.3631,35.2011,0.20917,0.9476,1.021,1.0774
20260804_052213-g1_29dof_wbt_iql_manager---fix-locomotion,iql,89000,12,89000,790943218b45d373,-1453.168823242,33583,82841,12.9019,5.6708,7.2311,35.2011,0.20542,0.9218,1.0111,1.0969
20260804_052213-g1_29dof_wbt_iql_manager---fix-locomotion,iql,89000,13,89000,790943218b45d373,-1453.168823242,29838,52509,15.2127,2.6837,12.5289,35.2011,0.35592,0.866,1.0312,1.1908
20260804_052213-g1_29dof_wbt_iql_manager---fix-locomotion,iql,89000,14,89000,790943218b45d373,-1453.168823242,36307,14110,19.5159,3.3069,16.209,35.2011,0.46047,0.9147,1.1431,1.2497
20260804_052213-g1_29dof_wbt_iql_manager---fix-locomotion,iql,90000,0,90000,7f90d7cbffba46a5,-1454.779663086,237311,68413,28.0141,7.573,20.441,35.311,0.57889,0.8317,1.1041,1.3275
20260804_052213-g1_29dof_wbt_iql_manager---fix-locomotion,iql,90000,2,90000,7f90d7cbffba46a5,-1454.779663086,168808,33814,17.0731,6.749,10.3241,35.311,0.29238,0.8892,1.0016,1.1264
20260804_052213-g1_29dof_wbt_iql_manager---fix-locomotion,iql,90000,4,90000,7f90d7cbffba46a5,-1454.779663086,35214,133999,15.489,3.8559,11.6331,35.311,0.32945,0.8558,0.9679,1.131
20260804_052213-g1_29dof_wbt_iql_manager---fix-locomotion,iql,90000,5,90000,7f90d7cbffba46a5,-1454.779663086,40938,30344,18.796,2.4455,16.3505,35.311,0.46304,0.8926,1.0611,1.1888
20260804_052213-g1_29dof_wbt_iql_manager---fix-locomotion,iql,90000,6,90000,7f90d7cbffba46a5,-1454.779663086,51996,11915,22.2365,5.7292,16.5073,35.311,0.46748,0.9228,1.0736,1.1635
20260804_052213-g1_29dof_wbt_iql_manager---fix-locomotion,iql,90000,7,90000,7f90d7cbffba46a5,-1454.779663086,64933,19513,21.2382,8.3565,12.8817,35.311,0.36481,0.8918,1.033,1.1583
20260804_052213-g1_29dof_wbt_iql_manager---fix-locomotion,iql,90000,11,90000,7f90d7cbffba46a5,-1454.779663086,76763,39227,13.7745,6.3663,7.4082,35.311,0.2098,0.9496,1.0206,1.0748
20260804_052213-g1_29dof_wbt_iql_manager---fix-locomotion,iql,90000,12,90000,7f90d7cbffba46a5,-1454.779663086,33583,82841,13.5552,6.1008,7.4543,35.311,0.21111,0.9241,1.0108,1.0938
20260804_052213-g1_29dof_wbt_iql_manager---fix-locomotion,iql,90000,13,90000,7f90d7cbffba46a5,-1454.779663086,29838,52509,15.8311,3.0497,12.7814,35.311,0.36197,0.8673,1.0281,1.1854
20260804_052213-g1_29dof_wbt_iql_manager---fix-locomotion,iql,90000,14,90000,7f90d7cbffba46a5,-1454.779663086,36307,14110,20.1842,3.8741,16.3101,35.311,0.4619,0.9132,1.1442,1.2529
20260804_052213-g1_29dof_wbt_iql_manager---fix-locomotion,iql,91000,0,91000,081b6ae6775efcfc,-1452.269775391,237311,68413,29.2498,7.7238,21.526,36.7588,0.5856,0.8316,1.1024,1.3257
20260804_052213-g1_29dof_wbt_iql_manager---fix-locomotion,iql,91000,2,91000,081b6ae6775efcfc,-1452.269775391,168808,33814,18.2069,6.7394,11.4675,36.7588,0.31197,0.8881,0.9972,1.1228
20260804_052213-g1_29dof_wbt_iql_manager---fix-locomotion,iql,91000,4,91000,081b6ae6775efcfc,-1452.269775391,35214,133999,15.785,3.2923,12.4927,36.7588,0.33986,0.8568,0.9732,1.1359
20260804_052213-g1_29dof_wbt_iql_manager---fix-locomotion,iql,91000,5,91000,081b6ae6775efcfc,-1452.269775391,40938,30344,19.519,1.9657,17.5534,36.7588,0.47753,0.8895,1.0559,1.1871
20260804_052213-g1_29dof_wbt_iql_manager---fix-locomotion,iql,91000,6,91000,081b6ae6775efcfc,-1452.269775391,51996,11915,22.7147,5.0093,17.7054,36.7588,0.48166,0.9224,1.071,1.1612
20260804_052213-g1_29dof_wbt_iql_manager---fix-locomotion,iql,91000,7,91000,081b6ae6775efcfc,-1452.269775391,64933,19513,21.7715,7.6939,14.0776,36.7588,0.38297,0.8915,1.034,1.1599
20260804_052213-g1_29dof_wbt_iql_manager---fix-locomotion,iql,91000,11,91000,081b6ae6775efcfc,-1452.269775391,76763,39227,13.7965,5.7706,8.0259,36.7588,0.21834,0.9503,1.0206,1.074
20260804_052213-g1_29dof_wbt_iql_manager---fix-locomotion,iql,91000,12,91000,081b6ae6775efcfc,-1452.269775391,33583,82841,13.2098,5.4226,7.7872,36.7588,0.21185,0.9253,1.0124,1.0941
20260804_052213-g1_29dof_wbt_iql_manager---fix-locomotion,iql,91000,13,91000,081b6ae6775efcfc,-1452.269775391,29838,52509,15.8278,2.4336,13.3942,36.7588,0.36438,0.8666,1.0286,1.187
20260804_052213-g1_29dof_wbt_iql_manager---fix-locomotion,iql,91000,14,91000,081b6ae6775efcfc,-1452.269775391,36307,14110,20.575,3.1057,17.4693,36.7588,0.47524,0.9118,1.1404,1.2507
20260804_052213-g1_29dof_wbt_iql_manager---fix-locomotion,iql,92000,0,92000,6081bb6b3d563653,-1450.327270508,237311,68413,27.431,6.9047,20.5263,35.1705,0.58362,0.8329,1.1026,1.3238
20260804_052213-g1_29dof_wbt_iql_manager---fix-locomotion,iql,92000,2,92000,6081bb6b3d563653,-1450.327270508,168808,33814,16.5097,5.5506,10.9591,35.1705,0.3116,0.8882,0.9984,1.1241
20260804_052213-g1_29dof_wbt_iql_manager---fix-locomotion,iql,92000,4,92000,6081bb6b3d563653,-1450.327270508,35214,133999,14.6037,2.8872,11.7165,35.1705,0.33313,0.8568,0.9714,1.1338
20260804_052213-g1_29dof_wbt_iql_manager---fix-locomotion,iql,92000,5,92000,6081bb6b3d563653,-1450.327270508,40938,30344,18.6747,1.5763,17.0984,35.1705,0.48616,0.892,1.0582,1.1863
20260804_052213-g1_29dof_wbt_iql_manager---fix-locomotion,iql,92000,6,92000,6081bb6b3d563653,-1450.327270508,51996,11915,21.929,4.5161,17.4129,35.1705,0.4951,0.9222,1.0689,1.1592
20260804_052213-g1_29dof_wbt_iql_manager---fix-locomotion,iql,92000,7,92000,6081bb6b3d563653,-1450.327270508,64933,19513,20.9264,7.3991,13.5273,35.1705,0.38462,0.8901,1.0324,1.1599
20260804_052213-g1_29dof_wbt_iql_manager---fix-locomotion,iql,92000,11,92000,6081bb6b3d563653,-1450.327270508,76763,39227,12.4757,4.8872,7.5885,35.1705,0.21576,0.9491,1.0219,1.0766
20260804_052213-g1_29dof_wbt_iql_manager---fix-locomotion,iql,92000,12,92000,6081bb6b3d563653,-1450.327270508,33583,82841,12.3937,4.7185,7.6751,35.1705,0.21823,0.924,1.0125,1.0958
20260804_052213-g1_29dof_wbt_iql_manager---fix-locomotion,iql,92000,13,92000,6081bb6b3d563653,-1450.327270508,29838,52509,15.1566,2.1134,13.0432,35.1705,0.37086,0.8699,1.0292,1.1831
20260804_052213-g1_29dof_wbt_iql_manager---fix-locomotion,iql,92000,14,92000,6081bb6b3d563653,-1450.327270508,36307,14110,19.5551,2.5563,16.9988,35.1705,0.48332,0.9137,1.1406,1.2483
20260804_052213-g1_29dof_wbt_iql_manager---fix-locomotion,iql,93000,0,93000,52e7ee4b91feccc6,-1457.271606445,237311,68413,28.7609,7.1132,21.6477,36.5898,0.59163,0.8304,1.1027,1.3279
20260804_052213-g1_29dof_wbt_iql_manager---fix-locomotion,iql,93000,2,93000,52e7ee4b91feccc6,-1457.271606445,168808,33814,17.5796,6.3272,11.2525,36.5898,0.30753,0.8881,1.0,1.1261
20260804_052213-g1_29dof_wbt_iql_manager---fix-locomotion,iql,93000,4,93000,52e7ee4b91feccc6,-1457.271606445,35214,133999,16.3913,3.4946,12.8967,36.5898,0.35247,0.8585,0.9706,1.1306
20260804_052213-g1_29dof_wbt_iql_manager---fix-locomotion,iql,93000,5,93000,52e7ee4b91feccc6,-1457.271606445,40938,30344,19.9399,1.9534,17.9865,36.5898,0.49157,0.8923,1.0571,1.1847
20260804_052213-g1_29dof_wbt_iql_manager---fix-locomotion,iql,93000,6,93000,52e7ee4b91feccc6,-1457.271606445,51996,11915,23.0153,5.1333,17.8819,36.5898,0.48871,0.9282,1.0724,1.1553
20260804_052213-g1_29dof_wbt_iql_manager---fix-locomotion,iql,93000,7,93000,52e7ee4b91feccc6,-1457.271606445,64933,19513,22.2016,8.3573,13.8443,36.5898,0.37836,0.8932,1.0308,1.154
20260804_052213-g1_29dof_wbt_iql_manager---fix-locomotion,iql,93000,11,93000,52e7ee4b91feccc6,-1457.271606445,76763,39227,14.4571,6.2998,8.1573,36.5898,0.22294,0.9519,1.0231,1.0748
20260804_052213-g1_29dof_wbt_iql_manager---fix-locomotion,iql,93000,12,93000,52e7ee4b91feccc6,-1457.271606445,33583,82841,14.1748,5.9543,8.2205,36.5898,0.22467,0.9273,1.014,1.0935
20260804_052213-g1_29dof_wbt_iql_manager---fix-locomotion,iql,93000,13,93000,52e7ee4b91feccc6,-1457.271606445,29838,52509,16.1436,2.4784,13.6651,36.5898,0.37347,0.868,1.0283,1.1847
20260804_052213-g1_29dof_wbt_iql_manager---fix-locomotion,iql,93000,14,93000,52e7ee4b91feccc6,-1457.271606445,36307,14110,20.5877,3.0319,17.5558,36.5898,0.4798,0.9118,1.1362,1.2462
20260804_052213-g1_29dof_wbt_iql_manager---fix-locomotion,iql,94000,0,94000,8ce9b36aa24f03ae,-1455.288085938,237311,68413,28.0337,7.3923,20.6414,35.3653,0.58366,0.831,1.1032,1.3275
20260804_052213-g1_29dof_wbt_iql_manager---fix-locomotion,iql,94000,2,94000,8ce9b36aa24f03ae,-1455.288085938,168808,33814,17.4237,6.9216,10.5021,35.3653,0.29696,0.8858,0.9964,1.1248
20260804_052213-g1_29dof_wbt_iql_manager---fix-locomotion,iql,94000,4,94000,8ce9b36aa24f03ae,-1455.288085938,35214,133999,15.2687,3.5039,11.7648,35.3653,0.33267,0.8517,0.9697,1.1385
20260804_052213-g1_29dof_wbt_iql_manager---fix-locomotion,iql,94000,5,94000,8ce9b36aa24f03ae,-1455.288085938,40938,30344,18.6487,2.0469,16.6019,35.3653,0.46944,0.888,1.0579,1.1914
20260804_052213-g1_29dof_wbt_iql_manager---fix-locomotion,iql,94000,6,94000,8ce9b36aa24f03ae,-1455.288085938,51996,11915,21.67,4.8179,16.852,35.3653,0.47651,0.9214,1.0703,1.1616
20260804_052213-g1_29dof_wbt_iql_manager---fix-locomotion,iql,94000,7,94000,8ce9b36aa24f03ae,-1455.288085938,64933,19513,20.8514,7.4906,13.3607,35.3653,0.37779,0.8919,1.0323,1.1575
20260804_052213-g1_29dof_wbt_iql_manager---fix-locomotion,iql,94000,11,94000,8ce9b36aa24f03ae,-1455.288085938,76763,39227,13.8907,6.2443,7.6465,35.3653,0.21621,0.9505,1.0218,1.0749
20260804_052213-g1_29dof_wbt_iql_manager---fix-locomotion,iql,94000,12,94000,8ce9b36aa24f03ae,-1455.288085938,33583,82841,13.2446,5.7586,7.486,35.3653,0.21168,0.9225,1.012,1.0971
20260804_052213-g1_29dof_wbt_iql_manager---fix-locomotion,iql,94000,13,94000,8ce9b36aa24f03ae,-1455.288085938,29838,52509,15.1313,2.6258,12.5055,35.3653,0.35361,0.8648,1.0283,1.189
20260804_052213-g1_29dof_wbt_iql_manager---fix-locomotion,iql,94000,14,94000,8ce9b36aa24f03ae,-1455.288085938,36307,14110,19.6589,3.2968,16.3621,35.3653,0.46266,0.91,1.1385,1.2512
20260804_052213-g1_29dof_wbt_iql_manager---fix-locomotion,iql,95000,0,95000,1767f5e6726e04ed,-1458.786499023,237311,68413,28.525,7.3003,21.2247,36.1622,0.58693,0.8329,1.1043,1.3258
20260804_052213-g1_29dof_wbt_iql_manager---fix-locomotion,iql,95000,2,95000,1767f5e6726e04ed,-1458.786499023,168808,33814,18.0024,6.9319,11.0705,36.1622,0.30613,0.8903,1.0023,1.1258
20260804_052213-g1_29dof_wbt_iql_manager---fix-locomotion,iql,95000,4,95000,1767f5e6726e04ed,-1458.786499023,35214,133999,15.725,3.3009,12.424,36.1622,0.34356,0.8573,0.9724,1.1342
20260804_052213-g1_29dof_wbt_iql_manager---fix-locomotion,iql,95000,5,95000,1767f5e6726e04ed,-1458.786499023,40938,30344,19.4746,2.2033,17.2713,36.1622,0.47761,0.8874,1.057,1.1911
20260804_052213-g1_29dof_wbt_iql_manager---fix-locomotion,iql,95000,6,95000,1767f5e6726e04ed,-1458.786499023,51996,11915,22.5632,5.8345,16.7287,36.1622,0.4626,0.9227,1.0698,1.1593
20260804_052213-g1_29dof_wbt_iql_manager---fix-locomotion,iql,95000,7,95000,1767f5e6726e04ed,-1458.786499023,64933,19513,21.8443,8.53,13.3143,36.1622,0.36818,0.8936,1.0337,1.1568
20260804_052213-g1_29dof_wbt_iql_manager---fix-locomotion,iql,95000,11,95000,1767f5e6726e04ed,-1458.786499023,76763,39227,14.4746,6.4828,7.9917,36.1622,0.221,0.9527,1.0253,1.0762
20260804_052213-g1_29dof_wbt_iql_manager---fix-locomotion,iql,95000,12,95000,1767f5e6726e04ed,-1458.786499023,33583,82841,13.7996,5.7713,8.0283,36.1622,0.22201,0.9288,1.0177,1.0957
20260804_052213-g1_29dof_wbt_iql_manager---fix-locomotion,iql,95000,13,95000,1767f5e6726e04ed,-1458.786499023,29838,52509,15.9259,2.5812,13.3447,36.1622,0.36902,0.8643,1.0296,1.1913
20260804_052213-g1_29dof_wbt_iql_manager---fix-locomotion,iql,95000,14,95000,1767f5e6726e04ed,-1458.786499023,36307,14110,20.3828,3.3894,16.9934,36.1622,0.46992,0.9095,1.1366,1.2497
20260804_052213-g1_29dof_wbt_iql_manager---fix-locomotion,iql,96000,0,96000,aecd975e94268833,-1467.860229492,237311,68413,28.1147,6.9212,21.1935,35.7451,0.59291,0.8311,1.1027,1.3267
20260804_052213-g1_29dof_wbt_iql_manager---fix-locomotion,iql,96000,2,96000,aecd975e94268833,-1467.860229492,168808,33814,17.3356,6.0258,11.3099,35.7451,0.3164,0.8873,1.0009,1.1279
20260804_052213-g1_29dof_wbt_iql_manager---fix-locomotion,iql,96000,4,96000,aecd975e94268833,-1467.860229492,35214,133999,15.3237,3.3291,11.9947,35.7451,0.33556,0.8554,0.9723,1.1366
20260804_052213-g1_29dof_wbt_iql_manager---fix-locomotion,iql,96000,5,96000,aecd975e94268833,-1467.860229492,40938,30344,18.744,1.7956,16.9484,35.7451,0.47415,0.89,1.0591,1.1901
20260804_052213-g1_29dof_wbt_iql_manager---fix-locomotion,iql,96000,6,96000,aecd975e94268833,-1467.860229492,51996,11915,21.992,4.6453,17.3467,35.7451,0.48529,0.9211,1.0721,1.1639
20260804_052213-g1_29dof_wbt_iql_manager---fix-locomotion,iql,96000,7,96000,aecd975e94268833,-1467.860229492,64933,19513,21.1572,7.4879,13.6693,35.7451,0.38241,0.8908,1.0305,1.1568
20260804_052213-g1_29dof_wbt_iql_manager---fix-locomotion,iql,96000,11,96000,aecd975e94268833,-1467.860229492,76763,39227,13.4036,5.5143,7.8894,35.7451,0.22071,0.9516,1.0245,1.0767
20260804_052213-g1_29dof_wbt_iql_manager---fix-locomotion,iql,96000,12,96000,aecd975e94268833,-1467.860229492,33583,82841,13.0479,5.1951,7.8528,35.7451,0.21969,0.9241,1.0137,1.0969
20260804_052213-g1_29dof_wbt_iql_manager---fix-locomotion,iql,96000,13,96000,aecd975e94268833,-1467.860229492,29838,52509,15.0162,2.3466,12.6695,35.7451,0.35444,0.8654,1.0301,1.1903
20260804_052213-g1_29dof_wbt_iql_manager---fix-locomotion,iql,96000,14,96000,aecd975e94268833,-1467.860229492,36307,14110,19.9869,2.9114,17.0755,35.7451,0.4777,0.911,1.1424,1.254
20260804_052213-g1_29dof_wbt_iql_manager---fix-locomotion,iql,97000,0,97000,0dbdb76504d6ec58,-1474.88659668,237311,68413,28.6247,7.612,21.0127,36.141,0.58141,0.8304,1.102,1.327
20260804_052213-g1_29dof_wbt_iql_manager---fix-locomotion,iql,97000,2,97000,0dbdb76504d6ec58,-1474.88659668,168808,33814,16.891,6.0744,10.8166,36.141,0.29929,0.8877,0.9971,1.1233
20260804_052213-g1_29dof_wbt_iql_manager---fix-locomotion,iql,97000,4,97000,0dbdb76504d6ec58,-1474.88659668,35214,133999,15.8339,3.4397,12.3942,36.141,0.34294,0.8505,0.9681,1.1383
20260804_052213-g1_29dof_wbt_iql_manager---fix-locomotion,iql,97000,5,97000,0dbdb76504d6ec58,-1474.88659668,40938,30344,19.5172,1.9918,17.5253,36.141,0.48492,0.8869,1.0591,1.1942
20260804_052213-g1_29dof_wbt_iql_manager---fix-locomotion,iql,97000,6,97000,0dbdb76504d6ec58,-1474.88659668,51996,11915,22.4335,5.0881,17.3454,36.141,0.47994,0.9212,1.0683,1.1597
20260804_052213-g1_29dof_wbt_iql_manager---fix-locomotion,iql,97000,7,97000,0dbdb76504d6ec58,-1474.88659668,64933,19513,21.4213,7.7019,13.7194,36.141,0.37961,0.8923,1.0279,1.1519
20260804_052213-g1_29dof_wbt_iql_manager---fix-locomotion,iql,97000,11,97000,0dbdb76504d6ec58,-1474.88659668,76763,39227,13.5402,6.0304,7.5098,36.141,0.20779,0.9513,1.0213,1.0736
20260804_052213-g1_29dof_wbt_iql_manager---fix-locomotion,iql,97000,12,97000,0dbdb76504d6ec58,-1474.88659668,33583,82841,13.0176,5.5486,7.4689,36.141,0.20666,0.9232,1.0091,1.0931
20260804_052213-g1_29dof_wbt_iql_manager---fix-locomotion,iql,97000,13,97000,0dbdb76504d6ec58,-1474.88659668,29838,52509,15.8069,2.5774,13.2296,36.141,0.36605,0.8616,1.0291,1.1944
20260804_052213-g1_29dof_wbt_iql_manager---fix-locomotion,iql,97000,14,97000,0dbdb76504d6ec58,-1474.88659668,36307,14110,20.6801,3.223,17.4571,36.141,0.48303,0.9092,1.1425,1.2567
20260804_052213-g1_29dof_wbt_iql_manager---fix-locomotion,iql,98000,0,98000,df5fdbf2529481b9,-1486.575927734,237311,68413,27.7384,7.4657,20.2727,34.9281,0.58041,0.8328,1.1031,1.3246
20260804_052213-g1_29dof_wbt_iql_manager---fix-locomotion,iql,98000,2,98000,df5fdbf2529481b9,-1486.575927734,168808,33814,17.0876,6.8879,10.1997,34.9281,0.29202,0.8888,0.9993,1.1243
20260804_052213-g1_29dof_wbt_iql_manager---fix-locomotion,iql,98000,4,98000,df5fdbf2529481b9,-1486.575927734,35214,133999,15.0698,3.79,11.2798,34.9281,0.32294,0.8546,0.9693,1.1343
20260804_052213-g1_29dof_wbt_iql_manager---fix-locomotion,iql,98000,5,98000,df5fdbf2529481b9,-1486.575927734,40938,30344,18.4223,2.3133,16.109,34.9281,0.46121,0.8889,1.0582,1.1904
20260804_052213-g1_29dof_wbt_iql_manager---fix-locomotion,iql,98000,6,98000,df5fdbf2529481b9,-1486.575927734,51996,11915,21.4557,5.1978,16.2579,34.9281,0.46547,0.9192,1.0684,1.1622
20260804_052213-g1_29dof_wbt_iql_manager---fix-locomotion,iql,98000,7,98000,df5fdbf2529481b9,-1486.575927734,64933,19513,20.7484,8.0407,12.7077,34.9281,0.36382,0.8894,1.0278,1.1556
20260804_052213-g1_29dof_wbt_iql_manager---fix-locomotion,iql,98000,11,98000,df5fdbf2529481b9,-1486.575927734,76763,39227,13.7318,6.3376,7.3942,34.9281,0.2117,0.9488,1.0206,1.0757
20260804_052213-g1_29dof_wbt_iql_manager---fix-locomotion,iql,98000,12,98000,df5fdbf2529481b9,-1486.575927734,33583,82841,13.0988,5.877,7.2218,34.9281,0.20676,0.9226,1.011,1.0958
20260804_052213-g1_29dof_wbt_iql_manager---fix-locomotion,iql,98000,13,98000,df5fdbf2529481b9,-1486.575927734,29838,52509,15.3283,2.9107,12.4176,34.9281,0.35552,0.8669,1.028,1.1857
20260804_052213-g1_29dof_wbt_iql_manager---fix-locomotion,iql,98000,14,98000,df5fdbf2529481b9,-1486.575927734,36307,14110,19.631,3.4177,16.2132,34.9281,0.46419,0.9108,1.1442,1.2562
20260804_052213-g1_29dof_wbt_iql_manager---fix-locomotion,iql,99000,0,99000,44b9f9a1ff28a683,-1496.302124023,237311,68413,28.3729,7.016,21.3569,36.2048,0.58989,0.8318,1.1025,1.3255
20260804_052213-g1_29dof_wbt_iql_manager---fix-locomotion,iql,99000,2,99000,44b9f9a1ff28a683,-1496.302124023,168808,33814,17.5852,6.5347,11.0505,36.2048,0.30522,0.8874,0.9983,1.125
20260804_052213-g1_29dof_wbt_iql_manager---fix-locomotion,iql,99000,4,99000,44b9f9a1ff28a683,-1496.302124023,35214,133999,15.1894,3.3773,11.8121,36.2048,0.32626,0.8522,0.9688,1.1369
20260804_052213-g1_29dof_wbt_iql_manager---fix-locomotion,iql,99000,5,99000,44b9f9a1ff28a683,-1496.302124023,40938,30344,18.9756,1.9308,17.0448,36.2048,0.47079,0.8878,1.0587,1.1925
20260804_052213-g1_29dof_wbt_iql_manager---fix-locomotion,iql,99000,6,99000,44b9f9a1ff28a683,-1496.302124023,51996,11915,21.8994,4.8154,17.084,36.2048,0.47187,0.9215,1.068,1.1589
20260804_052213-g1_29dof_wbt_iql_manager---fix-locomotion,iql,99000,7,99000,44b9f9a1ff28a683,-1496.302124023,64933,19513,21.0315,7.7129,13.3187,36.2048,0.36787,0.8901,1.0306,1.1578
20260804_052213-g1_29dof_wbt_iql_manager---fix-locomotion,iql,99000,11,99000,44b9f9a1ff28a683,-1496.302124023,76763,39227,13.3404,5.7997,7.5407,36.2048,0.20828,0.9496,1.0185,1.0726
20260804_052213-g1_29dof_wbt_iql_manager---fix-locomotion,iql,99000,12,99000,44b9f9a1ff28a683,-1496.302124023,33583,82841,12.9203,5.5091,7.4112,36.2048,0.2047,0.923,1.011,1.0954
20260804_052213-g1_29dof_wbt_iql_manager---fix-locomotion,iql,99000,13,99000,44b9f9a1ff28a683,-1496.302124023,29838,52509,15.1831,2.4865,12.6966,36.2048,0.35069,0.8651,1.0309,1.1916
20260804_052213-g1_29dof_wbt_iql_manager---fix-locomotion,iql,99000,14,99000,44b9f9a1ff28a683,-1496.302124023,36307,14110,20.2081,3.178,17.0301,36.2048,0.47038,0.9093,1.1407,1.2545
20260804_052213-g1_29dof_wbt_iql_manager---fix-locomotion,iql,100000,0,100000,700f04bbbecaddab,-1498.512451172,237311,68413,27.9684,7.2422,20.7262,35.4883,0.58403,0.8313,1.0999,1.3231
20260804_052213-g1_29dof_wbt_iql_manager---fix-locomotion,iql,100000,2,100000,700f04bbbecaddab,-1498.512451172,168808,33814,16.9727,6.5777,10.395,35.4883,0.29291,0.8885,0.9975,1.1226
20260804_052213-g1_29dof_wbt_iql_manager---fix-locomotion,iql,100000,4,100000,700f04bbbecaddab,-1498.512451172,35214,133999,15.2812,3.5792,11.7021,35.4883,0.32974,0.8539,0.9686,1.1343
20260804_052213-g1_29dof_wbt_iql_manager---fix-locomotion,iql,100000,5,100000,700f04bbbecaddab,-1498.512451172,40938,30344,18.8428,2.0327,16.8101,35.4883,0.47368,0.889,1.055,1.1868
20260804_052213-g1_29dof_wbt_iql_manager---fix-locomotion,iql,100000,6,100000,700f04bbbecaddab,-1498.512451172,51996,11915,22.0802,5.068,17.0122,35.4883,0.47938,0.9234,1.0676,1.1562
20260804_052213-g1_29dof_wbt_iql_manager---fix-locomotion,iql,100000,7,100000,700f04bbbecaddab,-1498.512451172,64933,19513,21.0852,7.7626,13.3226,35.4883,0.37541,0.8901,1.0285,1.1554
20260804_052213-g1_29dof_wbt_iql_manager---fix-locomotion,iql,100000,11,100000,700f04bbbecaddab,-1498.512451172,76763,39227,13.4192,5.9439,7.4753,35.4883,0.21064,0.9484,1.0194,1.0748
20260804_052213-g1_29dof_wbt_iql_manager---fix-locomotion,iql,100000,12,100000,700f04bbbecaddab,-1498.512451172,33583,82841,13.3996,5.7913,7.6083,35.4883,0.21439,0.922,1.012,1.0975
20260804_052213-g1_29dof_wbt_iql_manager---fix-locomotion,iql,100000,13,100000,700f04bbbecaddab,-1498.512451172,29838,52509,15.8881,2.7753,13.1128,35.4883,0.3695,0.8645,1.0281,1.1892
20260804_052213-g1_29dof_wbt_iql_manager---fix-locomotion,iql,100000,14,100000,700f04bbbecaddab,-1498.512451172,36307,14110,20.0208,3.1056,16.9151,35.4883,0.47664,0.9102,1.1379,1.2502
